sku,image_index,filename,category,manufacturer,cdn_url,size_bytes,format
"IMAGE",0,"image.png","acessorios","unknown","https://cdn.yellosolarhub.com/products/acessorios/image.png",297640,"png"
"IMAGEPRODUCT450083",0,"IMAGE_PRODUCT_450083.png","acessorios","unknown","https://cdn.yellosolarhub.com/products/acessorios/IMAGE_PRODUCT_450083.png",80478,"png"
"IMAGEPRODUCT450094",0,"IMAGE_PRODUCT_450094.png","acessorios","unknown","https://cdn.yellosolarhub.com/products/acessorios/IMAGE_PRODUCT_450094.png",215063,"png"
"IMAGEPRODUCT450114",0,"IMAGE_PRODUCT_450114.png","acessorios","unknown","https://cdn.yellosolarhub.com/products/acessorios/IMAGE_PRODUCT_450114.png",74909,"png"
"IMAGEPRODUCT450118",0,"IMAGE_PRODUCT_450118.jpg","acessorios","unknown","https://cdn.yellosolarhub.com/products/acessorios/IMAGE_PRODUCT_450118.jpg",247989,"jpg"
"IMAGEPRODUCT450123",0,"IMAGE_PRODUCT_450123.png","acessorios","unknown","https://cdn.yellosolarhub.com/products/acessorios/IMAGE_PRODUCT_450123.png",172814,"png"
"IMAGEPRODUCT000607",0,"IMAGE_PRODUCT_000607.jpg","baterias","unknown","https://cdn.yellosolarhub.com/products/baterias/IMAGE_PRODUCT_000607.jpg",34166,"jpg"
"IMAGEPRODUCT000612",0,"IMAGE_PRODUCT_000612.jpg","baterias","unknown","https://cdn.yellosolarhub.com/products/baterias/IMAGE_PRODUCT_000612.jpg",51309,"jpg"
"IMAGEPRODUCT850004",0,"IMAGE_PRODUCT_850004.png","baterias","unknown","https://cdn.yellosolarhub.com/products/baterias/IMAGE_PRODUCT_850004.png",25097,"png"
"PAINELBYDBYD530WMLK36530W",0,"PAINEL-BYD-BYD-530W-MLK-36---530W.png","BYD","BYD","https://cdn.yellosolarhub.com/products/BYD/PAINEL-BYD-BYD-530W-MLK-36---530W.png",457086,"png"
"IMAGE",1,"image.png","cabos","unknown","https://cdn.yellosolarhub.com/products/cabos/image.png",281715,"png"
"IMAGE",2,"image.webp","cabos","unknown","https://cdn.yellosolarhub.com/products/cabos/image.webp",32672,"webp"
"IMAGEPRODUCT052113",0,"IMAGE_PRODUCT_052113.png","cabos","unknown","https://cdn.yellosolarhub.com/products/cabos/IMAGE_PRODUCT_052113.png",78860,"png"
"IMAGEPRODUCT052115",0,"IMAGE_PRODUCT_052115.jpg","cabos","unknown","https://cdn.yellosolarhub.com/products/cabos/IMAGE_PRODUCT_052115.jpg",7930,"jpg"
"IMAGEPRODUCT052117",0,"IMAGE_PRODUCT_052117.jpg","cabos","unknown","https://cdn.yellosolarhub.com/products/cabos/IMAGE_PRODUCT_052117.jpg",7930,"jpg"
"IMAGEPRODUCT052118",0,"IMAGE_PRODUCT_052118.png","cabos","unknown","https://cdn.yellosolarhub.com/products/cabos/IMAGE_PRODUCT_052118.png",55345,"png"
"IMAGEPRODUCT052119",0,"IMAGE_PRODUCT_052119.jpg","cabos","unknown","https://cdn.yellosolarhub.com/products/cabos/IMAGE_PRODUCT_052119.jpg",7930,"jpg"
"IMAGEPRODUCT052121",0,"IMAGE_PRODUCT_052121.jpg","cabos","unknown","https://cdn.yellosolarhub.com/products/cabos/IMAGE_PRODUCT_052121.jpg",7930,"jpg"
"IMAGEPRODUCT052122",0,"IMAGE_PRODUCT_052122.png","cabos","unknown","https://cdn.yellosolarhub.com/products/cabos/IMAGE_PRODUCT_052122.png",55345,"png"
"IMAGEPRODUCT052123",0,"IMAGE_PRODUCT_052123.jpg","cabos","unknown","https://cdn.yellosolarhub.com/products/cabos/IMAGE_PRODUCT_052123.jpg",7930,"jpg"
"IMAGEPRODUCT052124",0,"IMAGE_PRODUCT_052124.png","cabos","unknown","https://cdn.yellosolarhub.com/products/cabos/IMAGE_PRODUCT_052124.png",55345,"png"
"IMAGEPRODUCT052125",0,"IMAGE_PRODUCT_052125.jpg","cabos","unknown","https://cdn.yellosolarhub.com/products/cabos/IMAGE_PRODUCT_052125.jpg",7930,"jpg"
"IMAGEPRODUCT052126",0,"IMAGE_PRODUCT_052126.png","cabos","unknown","https://cdn.yellosolarhub.com/products/cabos/IMAGE_PRODUCT_052126.png",55345,"png"
"IMAGEPRODUCT052127",0,"IMAGE_PRODUCT_052127.png","cabos","unknown","https://cdn.yellosolarhub.com/products/cabos/IMAGE_PRODUCT_052127.png",63328,"png"
"IMAGEPRODUCT052128",0,"IMAGE_PRODUCT_052128.png","cabos","unknown","https://cdn.yellosolarhub.com/products/cabos/IMAGE_PRODUCT_052128.png",63328,"png"
"IMAGEPRODUCT052129",0,"IMAGE_PRODUCT_052129.png","cabos","unknown","https://cdn.yellosolarhub.com/products/cabos/IMAGE_PRODUCT_052129.png",75150,"png"
"IMAGEPRODUCT052130",0,"IMAGE_PRODUCT_052130.png","cabos","unknown","https://cdn.yellosolarhub.com/products/cabos/IMAGE_PRODUCT_052130.png",78860,"png"
"NEOSOLARCABLES20077",0,"neosolar_cables_20077.jpg","cabos","NEOSOLAR","https://cdn.yellosolarhub.com/products/cabos/neosolar_cables_20077.jpg",53084,"jpg"
"NEOSOLARCABLES20078",0,"neosolar_cables_20078.jpg","cabos","NEOSOLAR","https://cdn.yellosolarhub.com/products/cabos/neosolar_cables_20078.jpg",56395,"jpg"
"NEOSOLARCABLES20121",0,"neosolar_cables_20121.jpg","cabos","NEOSOLAR","https://cdn.yellosolarhub.com/products/cabos/neosolar_cables_20121.jpg",15706,"jpg"
"NEOSOLARCABLES20122",0,"neosolar_cables_20122.jpg","cabos","NEOSOLAR","https://cdn.yellosolarhub.com/products/cabos/neosolar_cables_20122.jpg",33359,"jpg"
"NEOSOLARCABLES20126",0,"NEOSOLAR_CABLES_20126.jpg","cabos","NEOSOLAR","https://cdn.yellosolarhub.com/products/cabos/NEOSOLAR_CABLES_20126.jpg",35530,"jpg"
"NEOSOLARCABLES20127",0,"NEOSOLAR_CABLES_20127.jpg","cabos","NEOSOLAR","https://cdn.yellosolarhub.com/products/cabos/NEOSOLAR_CABLES_20127.jpg",33512,"jpg"
"NEOSOLARCABLES20128",0,"NEOSOLAR_CABLES_20128.jpg","cabos","NEOSOLAR","https://cdn.yellosolarhub.com/products/cabos/NEOSOLAR_CABLES_20128.jpg",33751,"jpg"
"NEOSOLARCABLES20131",0,"NEOSOLAR_CABLES_20131.jpg","cabos","NEOSOLAR","https://cdn.yellosolarhub.com/products/cabos/NEOSOLAR_CABLES_20131.jpg",34691,"jpg"
"NEOSOLARCABLES20132",0,"NEOSOLAR_CABLES_20132.jpg","cabos","NEOSOLAR","https://cdn.yellosolarhub.com/products/cabos/NEOSOLAR_CABLES_20132.jpg",36846,"jpg"
"NEOSOLARCABLES20134",0,"NEOSOLAR_CABLES_20134.jpg","cabos","NEOSOLAR","https://cdn.yellosolarhub.com/products/cabos/NEOSOLAR_CABLES_20134.jpg",39384,"jpg"
"NEOSOLARCABLES20135",0,"NEOSOLAR_CABLES_20135.jpg","cabos","NEOSOLAR","https://cdn.yellosolarhub.com/products/cabos/NEOSOLAR_CABLES_20135.jpg",40699,"jpg"
"NEOSOLARCABLES20137",0,"NEOSOLAR_CABLES_20137.jpg","cabos","NEOSOLAR","https://cdn.yellosolarhub.com/products/cabos/NEOSOLAR_CABLES_20137.jpg",39611,"jpg"
"NEOSOLARCABLES20139",0,"NEOSOLAR_CABLES_20139.jpg","cabos","NEOSOLAR","https://cdn.yellosolarhub.com/products/cabos/NEOSOLAR_CABLES_20139.jpg",34403,"jpg"
"NEOSOLARCABLES20142",0,"NEOSOLAR_CABLES_20142.jpg","cabos","NEOSOLAR","https://cdn.yellosolarhub.com/products/cabos/NEOSOLAR_CABLES_20142.jpg",34403,"jpg"
"NEOSOLARCABLES20286",0,"neosolar_cables_20286.jpg","cabos","NEOSOLAR","https://cdn.yellosolarhub.com/products/cabos/neosolar_cables_20286.jpg",37040,"jpg"
"NEOSOLARCABLES20369",0,"neosolar_cables_20369.jpg","cabos","NEOSOLAR","https://cdn.yellosolarhub.com/products/cabos/neosolar_cables_20369.jpg",25746,"jpg"
"NEOSOLARCABLES20371",0,"neosolar_cables_20371.jpg","cabos","NEOSOLAR","https://cdn.yellosolarhub.com/products/cabos/neosolar_cables_20371.jpg",30739,"jpg"
"NEOSOLARCABLES20789",0,"neosolar_cables_20789.jpg","cabos","NEOSOLAR","https://cdn.yellosolarhub.com/products/cabos/neosolar_cables_20789.jpg",16243,"jpg"
"NEOSOLARCABLES20925",0,"neosolar_cables_20925.jpg","cabos","NEOSOLAR","https://cdn.yellosolarhub.com/products/cabos/neosolar_cables_20925.jpg",16995,"jpg"
"NEOSOLARCABLES21769",0,"neosolar_cables_21769.jpg","cabos","NEOSOLAR","https://cdn.yellosolarhub.com/products/cabos/neosolar_cables_21769.jpg",42352,"jpg"
"NEOSOLARCABLES21770",0,"neosolar_cables_21770.jpg","cabos","NEOSOLAR","https://cdn.yellosolarhub.com/products/cabos/neosolar_cables_21770.jpg",47496,"jpg"
"NEOSOLARCABLES21771",0,"neosolar_cables_21771.jpg","cabos","NEOSOLAR","https://cdn.yellosolarhub.com/products/cabos/neosolar_cables_21771.jpg",47505,"jpg"
"NEOSOLARCABLES21772",0,"neosolar_cables_21772.jpg","cabos","NEOSOLAR","https://cdn.yellosolarhub.com/products/cabos/neosolar_cables_21772.jpg",36169,"jpg"
"NEOSOLARCABLES21998",0,"NEOSOLAR_CABLES_21998.jpg","cabos","NEOSOLAR","https://cdn.yellosolarhub.com/products/cabos/NEOSOLAR_CABLES_21998.jpg",28758,"jpg"
"NEOSOLARCABLES23052",0,"NEOSOLAR_CABLES_23052.jpg","cabos","NEOSOLAR","https://cdn.yellosolarhub.com/products/cabos/NEOSOLAR_CABLES_23052.jpg",28758,"jpg"
"NEOSOLARCABLES23053",0,"NEOSOLAR_CABLES_23053.jpg","cabos","NEOSOLAR","https://cdn.yellosolarhub.com/products/cabos/NEOSOLAR_CABLES_23053.jpg",28758,"jpg"
"NEOSOLARCABLES23054",0,"NEOSOLAR_CABLES_23054.jpg","cabos","NEOSOLAR","https://cdn.yellosolarhub.com/products/cabos/NEOSOLAR_CABLES_23054.jpg",28758,"jpg"
"NEOSOLARCABLES23055",0,"NEOSOLAR_CABLES_23055.jpg","cabos","NEOSOLAR","https://cdn.yellosolarhub.com/products/cabos/NEOSOLAR_CABLES_23055.jpg",28758,"jpg"
"NEOSOLARCABLES23503",0,"neosolar_cables_23503.jpg","cabos","NEOSOLAR","https://cdn.yellosolarhub.com/products/cabos/neosolar_cables_23503.jpg",228040,"jpg"
"NEOSOLARCABLES23504",0,"neosolar_cables_23504.jpg","cabos","NEOSOLAR","https://cdn.yellosolarhub.com/products/cabos/neosolar_cables_23504.jpg",243935,"jpg"
"NEOSOLARCABLES23505",0,"neosolar_cables_23505.jpg","cabos","NEOSOLAR","https://cdn.yellosolarhub.com/products/cabos/neosolar_cables_23505.jpg",243935,"jpg"
"NEOSOLARCABLES23780",0,"neosolar_cables_23780.jpg","cabos","NEOSOLAR","https://cdn.yellosolarhub.com/products/cabos/neosolar_cables_23780.jpg",43645,"jpg"
"NEOSOLARCABLES25205",0,"neosolar_cables_25205.jpg","cabos","NEOSOLAR","https://cdn.yellosolarhub.com/products/cabos/neosolar_cables_25205.jpg",36220,"jpg"
"NEOSOLARCABLES27352",0,"neosolar_cables_27352.jpg","cabos","NEOSOLAR","https://cdn.yellosolarhub.com/products/cabos/neosolar_cables_27352.jpg",43636,"jpg"
"NEOSOLARCHARGERS20031",0,"NEOSOLAR_CHARGERS_20031.jpg","carregadores","NEOSOLAR","https://cdn.yellosolarhub.com/products/carregadores/NEOSOLAR_CHARGERS_20031.jpg",31205,"jpg"
"NEOSOLARCHARGERS20034",0,"NEOSOLAR_CHARGERS_20034.jpg","carregadores","NEOSOLAR","https://cdn.yellosolarhub.com/products/carregadores/NEOSOLAR_CHARGERS_20034.jpg",26263,"jpg"
"NEOSOLARCHARGERS20035",0,"NEOSOLAR_CHARGERS_20035.jpg","carregadores","NEOSOLAR","https://cdn.yellosolarhub.com/products/carregadores/NEOSOLAR_CHARGERS_20035.jpg",47249,"jpg"
"NEOSOLARCHARGERS20043",0,"NEOSOLAR_CHARGERS_20043.jpg","carregadores","NEOSOLAR","https://cdn.yellosolarhub.com/products/carregadores/NEOSOLAR_CHARGERS_20043.jpg",43774,"jpg"
"NEOSOLARCHARGERS20044",0,"NEOSOLAR_CHARGERS_20044.jpg","carregadores","NEOSOLAR","https://cdn.yellosolarhub.com/products/carregadores/NEOSOLAR_CHARGERS_20044.jpg",55990,"jpg"
"NEOSOLARCHARGERS20045",0,"NEOSOLAR_CHARGERS_20045.jpg","carregadores","NEOSOLAR","https://cdn.yellosolarhub.com/products/carregadores/NEOSOLAR_CHARGERS_20045.jpg",40543,"jpg"
"NEOSOLARCHARGERS20858",0,"neosolar_chargers_20858.jpg","carregadores","NEOSOLAR","https://cdn.yellosolarhub.com/products/carregadores/neosolar_chargers_20858.jpg",24432,"jpg"
"NEOSOLARCHARGERS20859",0,"NEOSOLAR_CHARGERS_20859.jpg","carregadores","NEOSOLAR","https://cdn.yellosolarhub.com/products/carregadores/NEOSOLAR_CHARGERS_20859.jpg",24432,"jpg"
"NEOSOLARCHARGERS20860",0,"NEOSOLAR_CHARGERS_20860.jpg","carregadores","NEOSOLAR","https://cdn.yellosolarhub.com/products/carregadores/NEOSOLAR_CHARGERS_20860.jpg",29159,"jpg"
"NEOSOLARCHARGERS20861",0,"NEOSOLAR_CHARGERS_20861.jpg","carregadores","NEOSOLAR","https://cdn.yellosolarhub.com/products/carregadores/NEOSOLAR_CHARGERS_20861.jpg",24432,"jpg"
"NEOSOLARCHARGERS20862",0,"NEOSOLAR_CHARGERS_20862.jpg","carregadores","NEOSOLAR","https://cdn.yellosolarhub.com/products/carregadores/NEOSOLAR_CHARGERS_20862.jpg",25571,"jpg"
"NEOSOLARCHARGERS20863",0,"NEOSOLAR_CHARGERS_20863.jpg","carregadores","NEOSOLAR","https://cdn.yellosolarhub.com/products/carregadores/NEOSOLAR_CHARGERS_20863.jpg",23563,"jpg"
"NEOSOLARCHARGERS20864",0,"NEOSOLAR_CHARGERS_20864.jpg","carregadores","NEOSOLAR","https://cdn.yellosolarhub.com/products/carregadores/NEOSOLAR_CHARGERS_20864.jpg",17405,"jpg"
"NEOSOLARCHARGERS20865",0,"neosolar_chargers_20865.jpg","carregadores","NEOSOLAR","https://cdn.yellosolarhub.com/products/carregadores/neosolar_chargers_20865.jpg",40239,"jpg"
"NEOSOLARCHARGERS20866",0,"neosolar_chargers_20866.jpg","carregadores","NEOSOLAR","https://cdn.yellosolarhub.com/products/carregadores/neosolar_chargers_20866.jpg",45598,"jpg"
"NEOSOLARCHARGERS20868",0,"NEOSOLAR_CHARGERS_20868.jpg","carregadores","NEOSOLAR","https://cdn.yellosolarhub.com/products/carregadores/NEOSOLAR_CHARGERS_20868.jpg",24141,"jpg"
"NEOSOLARCHARGERS20870",0,"NEOSOLAR_CHARGERS_20870.jpg","carregadores","NEOSOLAR","https://cdn.yellosolarhub.com/products/carregadores/NEOSOLAR_CHARGERS_20870.jpg",24688,"jpg"
"NEOSOLARCHARGERS20871",0,"NEOSOLAR_CHARGERS_20871.jpg","carregadores","NEOSOLAR","https://cdn.yellosolarhub.com/products/carregadores/NEOSOLAR_CHARGERS_20871.jpg",32627,"jpg"
"NEOSOLARCHARGERS20872",0,"NEOSOLAR_CHARGERS_20872.jpg","carregadores","NEOSOLAR","https://cdn.yellosolarhub.com/products/carregadores/NEOSOLAR_CHARGERS_20872.jpg",54446,"jpg"
"NEOSOLARCHARGERS20873",0,"neosolar_chargers_20873.jpg","carregadores","NEOSOLAR","https://cdn.yellosolarhub.com/products/carregadores/neosolar_chargers_20873.jpg",54446,"jpg"
"NEOSOLARCHARGERS21294",0,"NEOSOLAR_CHARGERS_21294.jpg","carregadores","NEOSOLAR","https://cdn.yellosolarhub.com/products/carregadores/NEOSOLAR_CHARGERS_21294.jpg",36297,"jpg"
"NEOSOLARCHARGERS21295",0,"NEOSOLAR_CHARGERS_21295.jpg","carregadores","NEOSOLAR","https://cdn.yellosolarhub.com/products/carregadores/NEOSOLAR_CHARGERS_21295.jpg",18279,"jpg"
"NEOSOLARCHARGERS21741",0,"neosolar_chargers_21741.jpg","carregadores","NEOSOLAR","https://cdn.yellosolarhub.com/products/carregadores/neosolar_chargers_21741.jpg",57262,"jpg"
"NEOSOLARCHARGERS21742",0,"neosolar_chargers_21742.jpg","carregadores","NEOSOLAR","https://cdn.yellosolarhub.com/products/carregadores/neosolar_chargers_21742.jpg",34519,"jpg"
"NEOSOLARCHARGERS21743",0,"neosolar_chargers_21743.jpg","carregadores","NEOSOLAR","https://cdn.yellosolarhub.com/products/carregadores/neosolar_chargers_21743.jpg",50633,"jpg"
"NEOSOLARCHARGERS21751",0,"neosolar_chargers_21751.jpg","carregadores","NEOSOLAR","https://cdn.yellosolarhub.com/products/carregadores/neosolar_chargers_21751.jpg",66241,"jpg"
"NEOSOLARCHARGERS21755",0,"neosolar_chargers_21755.jpg","carregadores","NEOSOLAR","https://cdn.yellosolarhub.com/products/carregadores/neosolar_chargers_21755.jpg",66241,"jpg"
"NEOSOLARCHARGERS21756",0,"neosolar_chargers_21756.jpg","carregadores","NEOSOLAR","https://cdn.yellosolarhub.com/products/carregadores/neosolar_chargers_21756.jpg",61952,"jpg"
"NEOSOLARCHARGERS21757",0,"NEOSOLAR_CHARGERS_21757.jpg","carregadores","NEOSOLAR","https://cdn.yellosolarhub.com/products/carregadores/NEOSOLAR_CHARGERS_21757.jpg",66241,"jpg"
"NEOSOLARCHARGERS22154",0,"NEOSOLAR_CHARGERS_22154.jpg","carregadores","NEOSOLAR","https://cdn.yellosolarhub.com/products/carregadores/NEOSOLAR_CHARGERS_22154.jpg",57536,"jpg"
"NEOSOLARCHARGERS23757",0,"NEOSOLAR_CHARGERS_23757.jpg","carregadores","NEOSOLAR","https://cdn.yellosolarhub.com/products/carregadores/NEOSOLAR_CHARGERS_23757.jpg",65387,"jpg"
"NEOSOLARCHARGERS23758",0,"NEOSOLAR_CHARGERS_23758.jpg","carregadores","NEOSOLAR","https://cdn.yellosolarhub.com/products/carregadores/NEOSOLAR_CHARGERS_23758.jpg",65087,"jpg"
"NEOSOLARCHARGERS23759",0,"NEOSOLAR_CHARGERS_23759.jpg","carregadores","NEOSOLAR","https://cdn.yellosolarhub.com/products/carregadores/NEOSOLAR_CHARGERS_23759.jpg",407304,"jpg"
"NEOSOLARCHARGERS23760",0,"NEOSOLAR_CHARGERS_23760.jpg","carregadores","NEOSOLAR","https://cdn.yellosolarhub.com/products/carregadores/NEOSOLAR_CHARGERS_23760.jpg",45631,"jpg"
"NEOSOLARCHARGERS23761",0,"NEOSOLAR_CHARGERS_23761.jpg","carregadores","NEOSOLAR","https://cdn.yellosolarhub.com/products/carregadores/NEOSOLAR_CHARGERS_23761.jpg",86385,"jpg"
"NEOSOLARCHARGERS23762",0,"neosolar_chargers_23762.jpg","carregadores","NEOSOLAR","https://cdn.yellosolarhub.com/products/carregadores/neosolar_chargers_23762.jpg",48758,"jpg"
"NEOSOLARCHARGERS24019",0,"NEOSOLAR_CHARGERS_24019.jpg","carregadores","NEOSOLAR","https://cdn.yellosolarhub.com/products/carregadores/NEOSOLAR_CHARGERS_24019.jpg",70687,"jpg"
"NEOSOLARCHARGERS24021",0,"NEOSOLAR_CHARGERS_24021.jpg","carregadores","NEOSOLAR","https://cdn.yellosolarhub.com/products/carregadores/NEOSOLAR_CHARGERS_24021.jpg",86452,"jpg"
"NEOSOLARCHARGERS24072",0,"NEOSOLAR_CHARGERS_24072.jpg","carregadores","NEOSOLAR","https://cdn.yellosolarhub.com/products/carregadores/NEOSOLAR_CHARGERS_24072.jpg",430111,"jpg"
"NEOSOLARCHARGERS24249",0,"NEOSOLAR_CHARGERS_24249.jpg","carregadores","NEOSOLAR","https://cdn.yellosolarhub.com/products/carregadores/NEOSOLAR_CHARGERS_24249.jpg",73253,"jpg"
"NEOSOLARCHARGERS24467",0,"NEOSOLAR_CHARGERS_24467.jpg","carregadores","NEOSOLAR","https://cdn.yellosolarhub.com/products/carregadores/NEOSOLAR_CHARGERS_24467.jpg",23052,"jpg"
"NEOSOLARCHARGERS24468",0,"neosolar_chargers_24468.jpg","carregadores","NEOSOLAR","https://cdn.yellosolarhub.com/products/carregadores/neosolar_chargers_24468.jpg",23750,"jpg"
"NEOSOLARCHARGERS24473",0,"NEOSOLAR_CHARGERS_24473.jpg","carregadores","NEOSOLAR","https://cdn.yellosolarhub.com/products/carregadores/NEOSOLAR_CHARGERS_24473.jpg",33417,"jpg"
"NEOSOLARCHARGERS24474",0,"NEOSOLAR_CHARGERS_24474.jpg","carregadores","NEOSOLAR","https://cdn.yellosolarhub.com/products/carregadores/NEOSOLAR_CHARGERS_24474.jpg",39269,"jpg"
"NEOSOLARCHARGERS24475",0,"NEOSOLAR_CHARGERS_24475.jpg","carregadores","NEOSOLAR","https://cdn.yellosolarhub.com/products/carregadores/NEOSOLAR_CHARGERS_24475.jpg",33417,"jpg"
"NEOSOLARCHARGERS24593",0,"neosolar_chargers_24593.jpg","carregadores","NEOSOLAR","https://cdn.yellosolarhub.com/products/carregadores/neosolar_chargers_24593.jpg",301078,"jpg"
"NEOSOLARCHARGERS24594",0,"neosolar_chargers_24594.jpg","carregadores","NEOSOLAR","https://cdn.yellosolarhub.com/products/carregadores/neosolar_chargers_24594.jpg",42203,"jpg"
"NEOSOLARCHARGERS24606",0,"NEOSOLAR_CHARGERS_24606.jpg","carregadores","NEOSOLAR","https://cdn.yellosolarhub.com/products/carregadores/NEOSOLAR_CHARGERS_24606.jpg",49615,"jpg"
"NEOSOLARCHARGERS24607",0,"NEOSOLAR_CHARGERS_24607.jpg","carregadores","NEOSOLAR","https://cdn.yellosolarhub.com/products/carregadores/NEOSOLAR_CHARGERS_24607.jpg",44842,"jpg"
"NEOSOLARCHARGERS24608",0,"NEOSOLAR_CHARGERS_24608.jpg","carregadores","NEOSOLAR","https://cdn.yellosolarhub.com/products/carregadores/NEOSOLAR_CHARGERS_24608.jpg",54380,"jpg"
"NEOSOLARCHARGERS24609",0,"neosolar_chargers_24609.jpg","carregadores","NEOSOLAR","https://cdn.yellosolarhub.com/products/carregadores/neosolar_chargers_24609.jpg",47495,"jpg"
"NEOSOLARCHARGERS24713",0,"neosolar_chargers_24713.jpg","carregadores","NEOSOLAR","https://cdn.yellosolarhub.com/products/carregadores/neosolar_chargers_24713.jpg",69863,"jpg"
"NEOSOLARCHARGERS24714",0,"neosolar_chargers_24714.jpg","carregadores","NEOSOLAR","https://cdn.yellosolarhub.com/products/carregadores/neosolar_chargers_24714.jpg",91056,"jpg"
"NEOSOLARCHARGERS24715",0,"NEOSOLAR_CHARGERS_24715.jpg","carregadores","NEOSOLAR","https://cdn.yellosolarhub.com/products/carregadores/NEOSOLAR_CHARGERS_24715.jpg",58987,"jpg"
"NEOSOLARCHARGERS24716",0,"NEOSOLAR_CHARGERS_24716.jpg","carregadores","NEOSOLAR","https://cdn.yellosolarhub.com/products/carregadores/NEOSOLAR_CHARGERS_24716.jpg",58987,"jpg"
"NEOSOLARCHARGERS24717",0,"NEOSOLAR_CHARGERS_24717.jpg","carregadores","NEOSOLAR","https://cdn.yellosolarhub.com/products/carregadores/NEOSOLAR_CHARGERS_24717.jpg",92805,"jpg"
"NEOSOLARCHARGERS24718",0,"NEOSOLAR_CHARGERS_24718.jpg","carregadores","NEOSOLAR","https://cdn.yellosolarhub.com/products/carregadores/NEOSOLAR_CHARGERS_24718.jpg",90185,"jpg"
"NEOSOLARCHARGERS24795",0,"NEOSOLAR_CHARGERS_24795.jpg","carregadores","NEOSOLAR","https://cdn.yellosolarhub.com/products/carregadores/NEOSOLAR_CHARGERS_24795.jpg",56868,"jpg"
"NEOSOLARCHARGERS24801",0,"NEOSOLAR_CHARGERS_24801.jpg","carregadores","NEOSOLAR","https://cdn.yellosolarhub.com/products/carregadores/NEOSOLAR_CHARGERS_24801.jpg",66575,"jpg"
"NEOSOLARCHARGERS24802",0,"NEOSOLAR_CHARGERS_24802.jpg","carregadores","NEOSOLAR","https://cdn.yellosolarhub.com/products/carregadores/NEOSOLAR_CHARGERS_24802.jpg",66575,"jpg"
"NEOSOLARCHARGERS25012",0,"NEOSOLAR_CHARGERS_25012.jpg","carregadores","NEOSOLAR","https://cdn.yellosolarhub.com/products/carregadores/NEOSOLAR_CHARGERS_25012.jpg",65688,"jpg"
"NEOSOLARCHARGERS25023",0,"NEOSOLAR_CHARGERS_25023.jpg","carregadores","NEOSOLAR","https://cdn.yellosolarhub.com/products/carregadores/NEOSOLAR_CHARGERS_25023.jpg",58987,"jpg"
"NEOSOLARCHARGERS25024",0,"NEOSOLAR_CHARGERS_25024.jpg","carregadores","NEOSOLAR","https://cdn.yellosolarhub.com/products/carregadores/NEOSOLAR_CHARGERS_25024.jpg",90185,"jpg"
"NEOSOLARCHARGERS25025",0,"NEOSOLAR_CHARGERS_25025.jpg","carregadores","NEOSOLAR","https://cdn.yellosolarhub.com/products/carregadores/NEOSOLAR_CHARGERS_25025.jpg",92805,"jpg"
"NEOSOLARCHARGERS25128",0,"NEOSOLAR_CHARGERS_25128.jpg","carregadores","NEOSOLAR","https://cdn.yellosolarhub.com/products/carregadores/NEOSOLAR_CHARGERS_25128.jpg",56846,"jpg"
"NEOSOLARCHARGERS25220",0,"NEOSOLAR_CHARGERS_25220.jpg","carregadores","NEOSOLAR","https://cdn.yellosolarhub.com/products/carregadores/NEOSOLAR_CHARGERS_25220.jpg",76809,"jpg"
"NEOSOLARCHARGERS26359",0,"neosolar_chargers_26359.jpg","carregadores","NEOSOLAR","https://cdn.yellosolarhub.com/products/carregadores/neosolar_chargers_26359.jpg",59891,"jpg"
"NEOSOLARCHARGERS26360",0,"NEOSOLAR_CHARGERS_26360.jpg","carregadores","NEOSOLAR","https://cdn.yellosolarhub.com/products/carregadores/NEOSOLAR_CHARGERS_26360.jpg",64297,"jpg"
"NEOSOLARCHARGERS26361",0,"neosolar_chargers_26361.jpg","carregadores","NEOSOLAR","https://cdn.yellosolarhub.com/products/carregadores/neosolar_chargers_26361.jpg",1486,"jpg"
"NEOSOLARCHARGERS26525",0,"neosolar_chargers_26525.jpg","carregadores","NEOSOLAR","https://cdn.yellosolarhub.com/products/carregadores/neosolar_chargers_26525.jpg",1486,"jpg"
"NEOSOLARCHARGERS26526",0,"neosolar_chargers_26526.jpg","carregadores","NEOSOLAR","https://cdn.yellosolarhub.com/products/carregadores/neosolar_chargers_26526.jpg",1486,"jpg"
"NEOSOLARCHARGERS26900",0,"NEOSOLAR_CHARGERS_26900.jpg","carregadores","NEOSOLAR","https://cdn.yellosolarhub.com/products/carregadores/NEOSOLAR_CHARGERS_26900.jpg",1486,"jpg"
"NEOSOLARCHARGERS26901",0,"NEOSOLAR_CHARGERS_26901.jpg","carregadores","NEOSOLAR","https://cdn.yellosolarhub.com/products/carregadores/NEOSOLAR_CHARGERS_26901.jpg",1486,"jpg"
"NEOSOLARCHARGERS26902",0,"NEOSOLAR_CHARGERS_26902.jpg","carregadores","NEOSOLAR","https://cdn.yellosolarhub.com/products/carregadores/NEOSOLAR_CHARGERS_26902.jpg",66318,"jpg"
"NEOSOLARCHARGERS26903",0,"NEOSOLAR_CHARGERS_26903.jpg","carregadores","NEOSOLAR","https://cdn.yellosolarhub.com/products/carregadores/NEOSOLAR_CHARGERS_26903.jpg",418278,"jpg"
"NEOSOLARCHARGERS26904",0,"NEOSOLAR_CHARGERS_26904.jpg","carregadores","NEOSOLAR","https://cdn.yellosolarhub.com/products/carregadores/NEOSOLAR_CHARGERS_26904.jpg",414261,"jpg"
"NEOSOLARCHARGERS27327",0,"NEOSOLAR_CHARGERS_27327.jpg","carregadores","NEOSOLAR","https://cdn.yellosolarhub.com/products/carregadores/NEOSOLAR_CHARGERS_27327.jpg",1486,"jpg"
"NEOSOLARCHARGERS27328",0,"NEOSOLAR_CHARGERS_27328.jpg","carregadores","NEOSOLAR","https://cdn.yellosolarhub.com/products/carregadores/NEOSOLAR_CHARGERS_27328.jpg",1486,"jpg"
"NEOSOLARCHARGERS27329",0,"NEOSOLAR_CHARGERS_27329.jpg","carregadores","NEOSOLAR","https://cdn.yellosolarhub.com/products/carregadores/NEOSOLAR_CHARGERS_27329.jpg",1486,"jpg"
"NEOSOLARCHARGERS27330",0,"NEOSOLAR_CHARGERS_27330.jpg","carregadores","NEOSOLAR","https://cdn.yellosolarhub.com/products/carregadores/NEOSOLAR_CHARGERS_27330.jpg",1486,"jpg"
"NEOSOLARCHARGERS27386",0,"NEOSOLAR_CHARGERS_27386.jpg","carregadores","NEOSOLAR","https://cdn.yellosolarhub.com/products/carregadores/NEOSOLAR_CHARGERS_27386.jpg",1486,"jpg"
"NEOSOLARCONTROLLERS20055",0,"NEOSOLAR_CONTROLLERS_20055.jpg","controladores","NEOSOLAR","https://cdn.yellosolarhub.com/products/controladores/NEOSOLAR_CONTROLLERS_20055.jpg",29916,"jpg"
"NEOSOLARCONTROLLERS20056",0,"NEOSOLAR_CONTROLLERS_20056.jpg","controladores","NEOSOLAR","https://cdn.yellosolarhub.com/products/controladores/NEOSOLAR_CONTROLLERS_20056.jpg",20844,"jpg"
"NEOSOLARCONTROLLERS20057",0,"NEOSOLAR_CONTROLLERS_20057.jpg","controladores","NEOSOLAR","https://cdn.yellosolarhub.com/products/controladores/NEOSOLAR_CONTROLLERS_20057.jpg",27170,"jpg"
"NEOSOLARCONTROLLERS20079",0,"NEOSOLAR_CONTROLLERS_20079.jpg","controladores","NEOSOLAR","https://cdn.yellosolarhub.com/products/controladores/NEOSOLAR_CONTROLLERS_20079.jpg",48827,"jpg"
"NEOSOLARCONTROLLERS20080",0,"NEOSOLAR_CONTROLLERS_20080.jpg","controladores","NEOSOLAR","https://cdn.yellosolarhub.com/products/controladores/NEOSOLAR_CONTROLLERS_20080.jpg",42392,"jpg"
"NEOSOLARCONTROLLERS20082",0,"NEOSOLAR_CONTROLLERS_20082.jpg","controladores","NEOSOLAR","https://cdn.yellosolarhub.com/products/controladores/NEOSOLAR_CONTROLLERS_20082.jpg",1534,"jpg"
"NEOSOLARCONTROLLERS20084",0,"NEOSOLAR_CONTROLLERS_20084.jpg","controladores","NEOSOLAR","https://cdn.yellosolarhub.com/products/controladores/NEOSOLAR_CONTROLLERS_20084.jpg",34336,"jpg"
"NEOSOLARCONTROLLERS20085",0,"NEOSOLAR_CONTROLLERS_20085.jpg","controladores","NEOSOLAR","https://cdn.yellosolarhub.com/products/controladores/NEOSOLAR_CONTROLLERS_20085.jpg",33100,"jpg"
"NEOSOLARCONTROLLERS20105",0,"NEOSOLAR_CONTROLLERS_20105.jpg","controladores","NEOSOLAR","https://cdn.yellosolarhub.com/products/controladores/NEOSOLAR_CONTROLLERS_20105.jpg",48689,"jpg"
"NEOSOLARCONTROLLERS20106",0,"NEOSOLAR_CONTROLLERS_20106.jpg","controladores","NEOSOLAR","https://cdn.yellosolarhub.com/products/controladores/NEOSOLAR_CONTROLLERS_20106.jpg",52506,"jpg"
"NEOSOLARCONTROLLERS20107",0,"NEOSOLAR_CONTROLLERS_20107.jpg","controladores","NEOSOLAR","https://cdn.yellosolarhub.com/products/controladores/NEOSOLAR_CONTROLLERS_20107.jpg",49723,"jpg"
"NEOSOLARCONTROLLERS20109",0,"NEOSOLAR_CONTROLLERS_20109.jpg","controladores","NEOSOLAR","https://cdn.yellosolarhub.com/products/controladores/NEOSOLAR_CONTROLLERS_20109.jpg",42916,"jpg"
"NEOSOLARCONTROLLERS20110",0,"NEOSOLAR_CONTROLLERS_20110.jpg","controladores","NEOSOLAR","https://cdn.yellosolarhub.com/products/controladores/NEOSOLAR_CONTROLLERS_20110.jpg",45047,"jpg"
"NEOSOLARCONTROLLERS20112",0,"NEOSOLAR_CONTROLLERS_20112.jpg","controladores","NEOSOLAR","https://cdn.yellosolarhub.com/products/controladores/NEOSOLAR_CONTROLLERS_20112.jpg",69870,"jpg"
"NEOSOLARCONTROLLERS20114",0,"NEOSOLAR_CONTROLLERS_20114.jpg","controladores","NEOSOLAR","https://cdn.yellosolarhub.com/products/controladores/NEOSOLAR_CONTROLLERS_20114.jpg",37342,"jpg"
"NEOSOLARCONTROLLERS20126",0,"neosolar_controllers_20126.jpg","controladores","NEOSOLAR","https://cdn.yellosolarhub.com/products/controladores/neosolar_controllers_20126.jpg",35530,"jpg"
"NEOSOLARCONTROLLERS20127",0,"neosolar_controllers_20127.jpg","controladores","NEOSOLAR","https://cdn.yellosolarhub.com/products/controladores/neosolar_controllers_20127.jpg",33512,"jpg"
"NEOSOLARCONTROLLERS20128",0,"neosolar_controllers_20128.jpg","controladores","NEOSOLAR","https://cdn.yellosolarhub.com/products/controladores/neosolar_controllers_20128.jpg",33751,"jpg"
"NEOSOLARCONTROLLERS20131",0,"neosolar_controllers_20131.jpg","controladores","NEOSOLAR","https://cdn.yellosolarhub.com/products/controladores/neosolar_controllers_20131.jpg",34691,"jpg"
"NEOSOLARCONTROLLERS20132",0,"neosolar_controllers_20132.jpg","controladores","NEOSOLAR","https://cdn.yellosolarhub.com/products/controladores/neosolar_controllers_20132.jpg",36846,"jpg"
"NEOSOLARCONTROLLERS20134",0,"neosolar_controllers_20134.jpg","controladores","NEOSOLAR","https://cdn.yellosolarhub.com/products/controladores/neosolar_controllers_20134.jpg",39384,"jpg"
"NEOSOLARCONTROLLERS20135",0,"neosolar_controllers_20135.jpg","controladores","NEOSOLAR","https://cdn.yellosolarhub.com/products/controladores/neosolar_controllers_20135.jpg",40699,"jpg"
"NEOSOLARCONTROLLERS20137",0,"neosolar_controllers_20137.jpg","controladores","NEOSOLAR","https://cdn.yellosolarhub.com/products/controladores/neosolar_controllers_20137.jpg",39611,"jpg"
"NEOSOLARCONTROLLERS20139",0,"neosolar_controllers_20139.jpg","controladores","NEOSOLAR","https://cdn.yellosolarhub.com/products/controladores/neosolar_controllers_20139.jpg",34403,"jpg"
"NEOSOLARCONTROLLERS20142",0,"neosolar_controllers_20142.jpg","controladores","NEOSOLAR","https://cdn.yellosolarhub.com/products/controladores/neosolar_controllers_20142.jpg",34403,"jpg"
"NEOSOLARCONTROLLERS20356",0,"NEOSOLAR_CONTROLLERS_20356.jpg","controladores","NEOSOLAR","https://cdn.yellosolarhub.com/products/controladores/NEOSOLAR_CONTROLLERS_20356.jpg",55613,"jpg"
"NEOSOLARCONTROLLERS20357",0,"NEOSOLAR_CONTROLLERS_20357.jpg","controladores","NEOSOLAR","https://cdn.yellosolarhub.com/products/controladores/NEOSOLAR_CONTROLLERS_20357.jpg",55582,"jpg"
"NEOSOLARCONTROLLERS20358",0,"NEOSOLAR_CONTROLLERS_20358.jpg","controladores","NEOSOLAR","https://cdn.yellosolarhub.com/products/controladores/NEOSOLAR_CONTROLLERS_20358.jpg",48371,"jpg"
"NEOSOLARCONTROLLERS20359",0,"NEOSOLAR_CONTROLLERS_20359.jpg","controladores","NEOSOLAR","https://cdn.yellosolarhub.com/products/controladores/NEOSOLAR_CONTROLLERS_20359.jpg",46537,"jpg"
"NEOSOLARCONTROLLERS20392",0,"NEOSOLAR_CONTROLLERS_20392.jpg","controladores","NEOSOLAR","https://cdn.yellosolarhub.com/products/controladores/NEOSOLAR_CONTROLLERS_20392.jpg",12703,"jpg"
"NEOSOLARCONTROLLERS20781",0,"NEOSOLAR_CONTROLLERS_20781.jpg","controladores","NEOSOLAR","https://cdn.yellosolarhub.com/products/controladores/NEOSOLAR_CONTROLLERS_20781.jpg",33100,"jpg"
"NEOSOLARCONTROLLERS21564",0,"NEOSOLAR_CONTROLLERS_21564.jpg","controladores","NEOSOLAR","https://cdn.yellosolarhub.com/products/controladores/NEOSOLAR_CONTROLLERS_21564.jpg",41468,"jpg"
"NEOSOLARCONTROLLERS21565",0,"NEOSOLAR_CONTROLLERS_21565.jpg","controladores","NEOSOLAR","https://cdn.yellosolarhub.com/products/controladores/NEOSOLAR_CONTROLLERS_21565.jpg",41468,"jpg"
"NEOSOLARCONTROLLERS21708",0,"NEOSOLAR_CONTROLLERS_21708.jpg","controladores","NEOSOLAR","https://cdn.yellosolarhub.com/products/controladores/NEOSOLAR_CONTROLLERS_21708.jpg",54056,"jpg"
"NEOSOLARCONTROLLERS21709",0,"NEOSOLAR_CONTROLLERS_21709.jpg","controladores","NEOSOLAR","https://cdn.yellosolarhub.com/products/controladores/NEOSOLAR_CONTROLLERS_21709.jpg",46587,"jpg"
"NEOSOLARCONTROLLERS21998",0,"neosolar_controllers_21998.jpg","controladores","NEOSOLAR","https://cdn.yellosolarhub.com/products/controladores/neosolar_controllers_21998.jpg",28758,"jpg"
"NEOSOLARCONTROLLERS22397",0,"NEOSOLAR_CONTROLLERS_22397.jpg","controladores","NEOSOLAR","https://cdn.yellosolarhub.com/products/controladores/NEOSOLAR_CONTROLLERS_22397.jpg",41858,"jpg"
"NEOSOLARCONTROLLERS22724",0,"NEOSOLAR_CONTROLLERS_22724.jpg","controladores","NEOSOLAR","https://cdn.yellosolarhub.com/products/controladores/NEOSOLAR_CONTROLLERS_22724.jpg",12531,"jpg"
"NEOSOLARCONTROLLERS22725",0,"NEOSOLAR_CONTROLLERS_22725.jpg","controladores","NEOSOLAR","https://cdn.yellosolarhub.com/products/controladores/NEOSOLAR_CONTROLLERS_22725.jpg",13113,"jpg"
"NEOSOLARCONTROLLERS23052",0,"neosolar_controllers_23052.jpg","controladores","NEOSOLAR","https://cdn.yellosolarhub.com/products/controladores/neosolar_controllers_23052.jpg",28758,"jpg"
"NEOSOLARCONTROLLERS23053",0,"neosolar_controllers_23053.jpg","controladores","NEOSOLAR","https://cdn.yellosolarhub.com/products/controladores/neosolar_controllers_23053.jpg",28758,"jpg"
"NEOSOLARCONTROLLERS23054",0,"neosolar_controllers_23054.jpg","controladores","NEOSOLAR","https://cdn.yellosolarhub.com/products/controladores/neosolar_controllers_23054.jpg",28758,"jpg"
"NEOSOLARCONTROLLERS23055",0,"neosolar_controllers_23055.jpg","controladores","NEOSOLAR","https://cdn.yellosolarhub.com/products/controladores/neosolar_controllers_23055.jpg",28758,"jpg"
"NEOSOLARCONTROLLERS23071",0,"NEOSOLAR_CONTROLLERS_23071.jpg","controladores","NEOSOLAR","https://cdn.yellosolarhub.com/products/controladores/NEOSOLAR_CONTROLLERS_23071.jpg",47681,"jpg"
"NEOSOLARCONTROLLERS23072",0,"NEOSOLAR_CONTROLLERS_23072.jpg","controladores","NEOSOLAR","https://cdn.yellosolarhub.com/products/controladores/NEOSOLAR_CONTROLLERS_23072.jpg",24395,"jpg"
"NEOSOLARCONTROLLERS23354",0,"NEOSOLAR_CONTROLLERS_23354.jpg","controladores","NEOSOLAR","https://cdn.yellosolarhub.com/products/controladores/NEOSOLAR_CONTROLLERS_23354.jpg",18761,"jpg"
"NEOSOLARCONTROLLERS23355",0,"NEOSOLAR_CONTROLLERS_23355.jpg","controladores","NEOSOLAR","https://cdn.yellosolarhub.com/products/controladores/NEOSOLAR_CONTROLLERS_23355.jpg",32543,"jpg"
"NEOSOLARCONTROLLERS23500",0,"NEOSOLAR_CONTROLLERS_23500.jpg","controladores","NEOSOLAR","https://cdn.yellosolarhub.com/products/controladores/NEOSOLAR_CONTROLLERS_23500.jpg",13478,"jpg"
"NEOSOLARCONTROLLERS24166",0,"NEOSOLAR_CONTROLLERS_24166.jpg","controladores","NEOSOLAR","https://cdn.yellosolarhub.com/products/controladores/NEOSOLAR_CONTROLLERS_24166.jpg",57597,"jpg"
"NEOSOLARCONTROLLERS24241",0,"NEOSOLAR_CONTROLLERS_24241.jpg","controladores","NEOSOLAR","https://cdn.yellosolarhub.com/products/controladores/NEOSOLAR_CONTROLLERS_24241.jpg",2149,"jpg"
"NEOSOLARCONTROLLERS24245",0,"NEOSOLAR_CONTROLLERS_24245.jpg","controladores","NEOSOLAR","https://cdn.yellosolarhub.com/products/controladores/NEOSOLAR_CONTROLLERS_24245.jpg",18731,"jpg"
"NEOSOLARCONTROLLERS24349",0,"NEOSOLAR_CONTROLLERS_24349.jpg","controladores","NEOSOLAR","https://cdn.yellosolarhub.com/products/controladores/NEOSOLAR_CONTROLLERS_24349.jpg",36201,"jpg"
"NEOSOLARCONTROLLERS24798",0,"NEOSOLAR_CONTROLLERS_24798.jpg","controladores","NEOSOLAR","https://cdn.yellosolarhub.com/products/controladores/NEOSOLAR_CONTROLLERS_24798.jpg",16040,"jpg"
"ENPHASEIQB",0,"Enphase-IQB.png","ENPHASE","ENPHASE","https://cdn.yellosolarhub.com/products/ENPHASE/Enphase-IQB.png",215248,"png"
"ENPHASEIQRELAYLLBR",0,"ENPHASE-IQ-RELAY-LL-BR.png","ENPHASE","ENPHASE","https://cdn.yellosolarhub.com/products/ENPHASE/ENPHASE-IQ-RELAY-LL-BR.png",63588,"png"
"NEOSOLARSTATIONS20077",0,"NEOSOLAR_STATIONS_20077.jpg","estacoes","NEOSOLAR","https://cdn.yellosolarhub.com/products/estacoes/NEOSOLAR_STATIONS_20077.jpg",53084,"jpg"
"NEOSOLARSTATIONS20078",0,"NEOSOLAR_STATIONS_20078.jpg","estacoes","NEOSOLAR","https://cdn.yellosolarhub.com/products/estacoes/NEOSOLAR_STATIONS_20078.jpg",56395,"jpg"
"NEOSOLARSTATIONS20121",0,"NEOSOLAR_STATIONS_20121.jpg","estacoes","NEOSOLAR","https://cdn.yellosolarhub.com/products/estacoes/NEOSOLAR_STATIONS_20121.jpg",15706,"jpg"
"NEOSOLARSTATIONS20122",0,"NEOSOLAR_STATIONS_20122.jpg","estacoes","NEOSOLAR","https://cdn.yellosolarhub.com/products/estacoes/NEOSOLAR_STATIONS_20122.jpg",33359,"jpg"
"NEOSOLARSTATIONS20286",0,"NEOSOLAR_STATIONS_20286.jpg","estacoes","NEOSOLAR","https://cdn.yellosolarhub.com/products/estacoes/NEOSOLAR_STATIONS_20286.jpg",37040,"jpg"
"NEOSOLARSTATIONS20369",0,"NEOSOLAR_STATIONS_20369.jpg","estacoes","NEOSOLAR","https://cdn.yellosolarhub.com/products/estacoes/NEOSOLAR_STATIONS_20369.jpg",25746,"jpg"
"NEOSOLARSTATIONS20371",0,"NEOSOLAR_STATIONS_20371.jpg","estacoes","NEOSOLAR","https://cdn.yellosolarhub.com/products/estacoes/NEOSOLAR_STATIONS_20371.jpg",30739,"jpg"
"NEOSOLARSTATIONS20789",0,"NEOSOLAR_STATIONS_20789.jpg","estacoes","NEOSOLAR","https://cdn.yellosolarhub.com/products/estacoes/NEOSOLAR_STATIONS_20789.jpg",16243,"jpg"
"NEOSOLARSTATIONS20925",0,"NEOSOLAR_STATIONS_20925.jpg","estacoes","NEOSOLAR","https://cdn.yellosolarhub.com/products/estacoes/NEOSOLAR_STATIONS_20925.jpg",16995,"jpg"
"NEOSOLARSTATIONS21769",0,"NEOSOLAR_STATIONS_21769.jpg","estacoes","NEOSOLAR","https://cdn.yellosolarhub.com/products/estacoes/NEOSOLAR_STATIONS_21769.jpg",42352,"jpg"
"NEOSOLARSTATIONS21770",0,"NEOSOLAR_STATIONS_21770.jpg","estacoes","NEOSOLAR","https://cdn.yellosolarhub.com/products/estacoes/NEOSOLAR_STATIONS_21770.jpg",47496,"jpg"
"NEOSOLARSTATIONS21771",0,"NEOSOLAR_STATIONS_21771.jpg","estacoes","NEOSOLAR","https://cdn.yellosolarhub.com/products/estacoes/NEOSOLAR_STATIONS_21771.jpg",47505,"jpg"
"NEOSOLARSTATIONS21772",0,"NEOSOLAR_STATIONS_21772.jpg","estacoes","NEOSOLAR","https://cdn.yellosolarhub.com/products/estacoes/NEOSOLAR_STATIONS_21772.jpg",36169,"jpg"
"NEOSOLARSTATIONS23503",0,"NEOSOLAR_STATIONS_23503.jpg","estacoes","NEOSOLAR","https://cdn.yellosolarhub.com/products/estacoes/NEOSOLAR_STATIONS_23503.jpg",228040,"jpg"
"NEOSOLARSTATIONS23504",0,"NEOSOLAR_STATIONS_23504.jpg","estacoes","NEOSOLAR","https://cdn.yellosolarhub.com/products/estacoes/NEOSOLAR_STATIONS_23504.jpg",243935,"jpg"
"NEOSOLARSTATIONS23505",0,"NEOSOLAR_STATIONS_23505.jpg","estacoes","NEOSOLAR","https://cdn.yellosolarhub.com/products/estacoes/NEOSOLAR_STATIONS_23505.jpg",243935,"jpg"
"NEOSOLARSTATIONS23780",0,"NEOSOLAR_STATIONS_23780.jpg","estacoes","NEOSOLAR","https://cdn.yellosolarhub.com/products/estacoes/NEOSOLAR_STATIONS_23780.jpg",43645,"jpg"
"NEOSOLARSTATIONS25205",0,"NEOSOLAR_STATIONS_25205.jpg","estacoes","NEOSOLAR","https://cdn.yellosolarhub.com/products/estacoes/NEOSOLAR_STATIONS_25205.jpg",36220,"jpg"
"NEOSOLARSTATIONS27352",0,"NEOSOLAR_STATIONS_27352.jpg","estacoes","NEOSOLAR","https://cdn.yellosolarhub.com/products/estacoes/NEOSOLAR_STATIONS_27352.jpg",43636,"jpg"
"124358",0,"124358.jpg","estruturas","unknown","https://cdn.yellosolarhub.com/products/estruturas/124358.jpg",224554,"jpg"
"313801",0,"313801.jpg","estruturas","unknown","https://cdn.yellosolarhub.com/products/estruturas/313801.jpg",189556,"jpg"
"313834",0,"313834.jpg","estruturas","unknown","https://cdn.yellosolarhub.com/products/estruturas/313834.jpg",230315,"jpg"
"IMAGEPRODUCT400187",0,"IMAGE_PRODUCT_400187.png","estruturas","unknown","https://cdn.yellosolarhub.com/products/estruturas/IMAGE_PRODUCT_400187.png",318321,"png"
"IMAGEPRODUCT400188",0,"IMAGE_PRODUCT_400188.png","estruturas","unknown","https://cdn.yellosolarhub.com/products/estruturas/IMAGE_PRODUCT_400188.png",62673,"png"
"IMAGEPRODUCT400190",0,"IMAGE_PRODUCT_400190.png","estruturas","unknown","https://cdn.yellosolarhub.com/products/estruturas/IMAGE_PRODUCT_400190.png",183618,"png"
"IMAGEPRODUCT401949",0,"IMAGE_PRODUCT_401949.png","estruturas","unknown","https://cdn.yellosolarhub.com/products/estruturas/IMAGE_PRODUCT_401949.png",183618,"png"
"SKU10678310678317545443332146339",0,"sku_106783_106783-17545443332146339.jpeg","estruturas","unknown","https://cdn.yellosolarhub.com/products/estruturas/sku_106783_106783-17545443332146339.jpeg",117906,"jpeg"
"SKU12033612033617544835341752786",0,"sku_120336_120336-17544835341752786.jpeg","estruturas","unknown","https://cdn.yellosolarhub.com/products/estruturas/sku_120336_120336-17544835341752786.jpeg",128127,"jpeg"
"SKU12435812435817544827976815683",0,"sku_124358_124358-17544827976815683.jpeg","estruturas","unknown","https://cdn.yellosolarhub.com/products/estruturas/sku_124358_124358-17544827976815683.jpeg",224554,"jpeg"
"SKU133930133930717458510676818108",0,"sku_133930_133930_7-17458510676818108.jpeg","estruturas","unknown","https://cdn.yellosolarhub.com/products/estruturas/sku_133930_133930_7-17458510676818108.jpeg",142306,"jpeg"
"SKU192098192098617459006542584963",0,"sku_192098_192098_6-17459006542584963.jpeg","estruturas","unknown","https://cdn.yellosolarhub.com/products/estruturas/sku_192098_192098_6-17459006542584963.jpeg",353023,"jpeg"
"SKU19240619240617458660592386008",0,"sku_192406_192406-17458660592386008.jpeg","estruturas","unknown","https://cdn.yellosolarhub.com/products/estruturas/sku_192406_192406-17458660592386008.jpeg",205721,"jpeg"
"SKU19269719269717459129405742263",0,"sku_192697_192697-17459129405742263.jpeg","estruturas","unknown","https://cdn.yellosolarhub.com/products/estruturas/sku_192697_192697-17459129405742263.jpeg",119958,"jpeg"
"SKU19388319388317459249580491925",0,"sku_193883_193883-17459249580491925.jpeg","estruturas","unknown","https://cdn.yellosolarhub.com/products/estruturas/sku_193883_193883-17459249580491925.jpeg",78263,"jpeg"
"SKU19508919508917460393803631309",0,"sku_195089_195089-17460393803631309.jpeg","estruturas","unknown","https://cdn.yellosolarhub.com/products/estruturas/sku_195089_195089-17460393803631309.jpeg",147840,"jpeg"
"SKU195201195201417458881777253997",0,"sku_195201_195201_4-17458881777253997.jpeg","estruturas","unknown","https://cdn.yellosolarhub.com/products/estruturas/sku_195201_195201_4-17458881777253997.jpeg",360075,"jpeg"
"SKU211022211022117476865605809426",0,"sku_211022_211022_1-17476865605809426.jpeg","estruturas","unknown","https://cdn.yellosolarhub.com/products/estruturas/sku_211022_211022_1-17476865605809426.jpeg",224554,"jpeg"
"SKU215006215006317458331023668129",0,"sku_215006_215006_3-17458331023668129.jpeg","estruturas","unknown","https://cdn.yellosolarhub.com/products/estruturas/sku_215006_215006_3-17458331023668129.jpeg",117570,"jpeg"
"SKU215008215008317458709303606537",0,"sku_215008_215008_3-17458709303606537.jpeg","estruturas","unknown","https://cdn.yellosolarhub.com/products/estruturas/sku_215008_215008_3-17458709303606537.jpeg",84910,"jpeg"
"SKU309203309203417460398486954422",0,"sku_309203_309203_4-17460398486954422.jpeg","estruturas","unknown","https://cdn.yellosolarhub.com/products/estruturas/sku_309203_309203_4-17460398486954422.jpeg",94889,"jpeg"
"SKU31380131380117466238930555038",0,"sku_313801_313801-17466238930555038.jpeg","estruturas","unknown","https://cdn.yellosolarhub.com/products/estruturas/sku_313801_313801-17466238930555038.jpeg",315461,"jpeg"
"SKU313817313817117466373123721087",0,"sku_313817_313817_1-17466373123721087.jpeg","estruturas","unknown","https://cdn.yellosolarhub.com/products/estruturas/sku_313817_313817_1-17466373123721087.jpeg",230315,"jpeg"
"SKU313827313827217466255076298648",0,"sku_313827_313827_2-17466255076298648.jpeg","estruturas","unknown","https://cdn.yellosolarhub.com/products/estruturas/sku_313827_313827_2-17466255076298648.jpeg",125116,"jpeg"
"SKU31383231383217466237808078788",0,"sku_313832_313832-17466237808078788.jpeg","estruturas","unknown","https://cdn.yellosolarhub.com/products/estruturas/sku_313832_313832-17466237808078788.jpeg",189556,"jpeg"
"SKU313834313834117466239027672907",0,"sku_313834_313834_1-17466239027672907.jpeg","estruturas","unknown","https://cdn.yellosolarhub.com/products/estruturas/sku_313834_313834_1-17466239027672907.jpeg",230315,"jpeg"
"SKU320786320786517496510879977488",0,"sku_320786_320786_5-17496510879977488.jpeg","estruturas","unknown","https://cdn.yellosolarhub.com/products/estruturas/sku_320786_320786_5-17496510879977488.jpeg",46590,"jpeg"
"SKU342425342425217591697083547384",0,"sku_342425_342425_2-17591697083547384.jpeg","estruturas","unknown","https://cdn.yellosolarhub.com/products/estruturas/sku_342425_342425_2-17591697083547384.jpeg",100502,"jpeg"
"IIN00021",0,"IIN00021.png","FORTLEV","unknown","https://cdn.yellosolarhub.com/products/FORTLEV/IIN00021.png",294505,"png"
"IIN00033",0,"IIN00033.png","FORTLEV","unknown","https://cdn.yellosolarhub.com/products/FORTLEV/IIN00033.png",268458,"png"
"IIN00034",0,"IIN00034.png","FORTLEV","unknown","https://cdn.yellosolarhub.com/products/FORTLEV/IIN00034.png",268136,"png"
"IIN00040",0,"IIN00040.png","FORTLEV","unknown","https://cdn.yellosolarhub.com/products/FORTLEV/IIN00040.png",38494,"png"
"IIN00071",0,"IIN00071.png","FORTLEV","unknown","https://cdn.yellosolarhub.com/products/FORTLEV/IIN00071.png",36744,"png"
"IIN00079",0,"IIN00079.png","FORTLEV","unknown","https://cdn.yellosolarhub.com/products/FORTLEV/IIN00079.png",224757,"png"
"IIN00081",0,"IIN00081.png","FORTLEV","unknown","https://cdn.yellosolarhub.com/products/FORTLEV/IIN00081.png",150789,"png"
"IIN00082",0,"IIN00082.png","FORTLEV","unknown","https://cdn.yellosolarhub.com/products/FORTLEV/IIN00082.png",203198,"png"
"IIN00083",0,"IIN00083.png","FORTLEV","unknown","https://cdn.yellosolarhub.com/products/FORTLEV/IIN00083.png",225237,"png"
"IIN00110",0,"IIN00110.png","FORTLEV","unknown","https://cdn.yellosolarhub.com/products/FORTLEV/IIN00110.png",211103,"png"
"IIN00126",0,"IIN00126.png","FORTLEV","unknown","https://cdn.yellosolarhub.com/products/FORTLEV/IIN00126.png",125999,"png"
"IIN00144",0,"IIN00144.png","FORTLEV","unknown","https://cdn.yellosolarhub.com/products/FORTLEV/IIN00144.png",91359,"png"
"IIN00148",0,"IIN00148.png","FORTLEV","unknown","https://cdn.yellosolarhub.com/products/FORTLEV/IIN00148.png",124815,"png"
"IIN00158",0,"IIN00158.png","FORTLEV","unknown","https://cdn.yellosolarhub.com/products/FORTLEV/IIN00158.png",130220,"png"
"IIN00162",0,"IIN00162.png","FORTLEV","unknown","https://cdn.yellosolarhub.com/products/FORTLEV/IIN00162.png",27453,"png"
"IIN00168",0,"IIN00168.png","FORTLEV","unknown","https://cdn.yellosolarhub.com/products/FORTLEV/IIN00168.png",29042,"png"
"IIN00169",0,"IIN00169.png","FORTLEV","unknown","https://cdn.yellosolarhub.com/products/FORTLEV/IIN00169.png",117999,"png"
"IIN00170",0,"IIN00170.png","FORTLEV","unknown","https://cdn.yellosolarhub.com/products/FORTLEV/IIN00170.png",72958,"png"
"IIN00174",0,"IIN00174.png","FORTLEV","unknown","https://cdn.yellosolarhub.com/products/FORTLEV/IIN00174.png",29042,"png"
"IIN00180",0,"IIN00180.png","FORTLEV","unknown","https://cdn.yellosolarhub.com/products/FORTLEV/IIN00180.png",112328,"png"
"IIN00182",0,"IIN00182.png","FORTLEV","unknown","https://cdn.yellosolarhub.com/products/FORTLEV/IIN00182.png",36257,"png"
"IIN00184",0,"IIN00184.png","FORTLEV","unknown","https://cdn.yellosolarhub.com/products/FORTLEV/IIN00184.png",91294,"png"
"IIN00185",0,"IIN00185.png","FORTLEV","unknown","https://cdn.yellosolarhub.com/products/FORTLEV/IIN00185.png",105868,"png"
"IIN00188",0,"IIN00188.png","FORTLEV","unknown","https://cdn.yellosolarhub.com/products/FORTLEV/IIN00188.png",91391,"png"
"IIN00189",0,"IIN00189.png","FORTLEV","unknown","https://cdn.yellosolarhub.com/products/FORTLEV/IIN00189.png",96571,"png"
"IIN00190",0,"IIN00190.png","FORTLEV","unknown","https://cdn.yellosolarhub.com/products/FORTLEV/IIN00190.png",96652,"png"
"IIN00193",0,"IIN00193.png","FORTLEV","unknown","https://cdn.yellosolarhub.com/products/FORTLEV/IIN00193.png",174992,"png"
"IIN00194",0,"IIN00194.png","FORTLEV","unknown","https://cdn.yellosolarhub.com/products/FORTLEV/IIN00194.png",112229,"png"
"IIN00195",0,"IIN00195.png","FORTLEV","unknown","https://cdn.yellosolarhub.com/products/FORTLEV/IIN00195.png",284769,"png"
"IIN00196",0,"IIN00196.png","FORTLEV","unknown","https://cdn.yellosolarhub.com/products/FORTLEV/IIN00196.png",138164,"png"
"IIN00210",0,"IIN00210.png","FORTLEV","unknown","https://cdn.yellosolarhub.com/products/FORTLEV/IIN00210.png",137753,"png"
"IIN00211",0,"IIN00211.png","FORTLEV","unknown","https://cdn.yellosolarhub.com/products/FORTLEV/IIN00211.png",138005,"png"
"IIN00212",0,"IIN00212.png","FORTLEV","unknown","https://cdn.yellosolarhub.com/products/FORTLEV/IIN00212.png",104989,"png"
"IIN00214",0,"IIN00214.png","FORTLEV","unknown","https://cdn.yellosolarhub.com/products/FORTLEV/IIN00214.png",38329,"png"
"IIN00215",0,"IIN00215.png","FORTLEV","unknown","https://cdn.yellosolarhub.com/products/FORTLEV/IIN00215.png",79588,"png"
"IIN00216",0,"IIN00216.png","FORTLEV","unknown","https://cdn.yellosolarhub.com/products/FORTLEV/IIN00216.png",65840,"png"
"IIN00217",0,"IIN00217.png","FORTLEV","unknown","https://cdn.yellosolarhub.com/products/FORTLEV/IIN00217.png",85183,"png"
"IIN00218",0,"IIN00218.png","FORTLEV","unknown","https://cdn.yellosolarhub.com/products/FORTLEV/IIN00218.png",85154,"png"
"IIN00221",0,"IIN00221.png","FORTLEV","unknown","https://cdn.yellosolarhub.com/products/FORTLEV/IIN00221.png",107688,"png"
"IIN00224",0,"IIN00224.png","FORTLEV","unknown","https://cdn.yellosolarhub.com/products/FORTLEV/IIN00224.png",29758,"png"
"IIN00225",0,"IIN00225.png","FORTLEV","unknown","https://cdn.yellosolarhub.com/products/FORTLEV/IIN00225.png",46436,"png"
"IIN00230",0,"IIN00230.png","FORTLEV","unknown","https://cdn.yellosolarhub.com/products/FORTLEV/IIN00230.png",91238,"png"
"IIN00231",0,"IIN00231.png","FORTLEV","unknown","https://cdn.yellosolarhub.com/products/FORTLEV/IIN00231.png",91328,"png"
"IIN00235",0,"IIN00235.png","FORTLEV","unknown","https://cdn.yellosolarhub.com/products/FORTLEV/IIN00235.png",118849,"png"
"IIN00236",0,"IIN00236.png","FORTLEV","unknown","https://cdn.yellosolarhub.com/products/FORTLEV/IIN00236.png",118561,"png"
"IIN00237",0,"IIN00237.png","FORTLEV","unknown","https://cdn.yellosolarhub.com/products/FORTLEV/IIN00237.png",87105,"png"
"IIN00238",0,"IIN00238.png","FORTLEV","unknown","https://cdn.yellosolarhub.com/products/FORTLEV/IIN00238.png",87169,"png"
"IIN00239",0,"IIN00239.png","FORTLEV","unknown","https://cdn.yellosolarhub.com/products/FORTLEV/IIN00239.png",86963,"png"
"IIN00241",0,"IIN00241.png","FORTLEV","unknown","https://cdn.yellosolarhub.com/products/FORTLEV/IIN00241.png",79148,"png"
"IIN00242",0,"IIN00242.png","FORTLEV","unknown","https://cdn.yellosolarhub.com/products/FORTLEV/IIN00242.png",74501,"png"
"IIN00250",0,"IIN00250.png","FORTLEV","unknown","https://cdn.yellosolarhub.com/products/FORTLEV/IIN00250.png",79071,"png"
"IIN00251",0,"IIN00251.png","FORTLEV","unknown","https://cdn.yellosolarhub.com/products/FORTLEV/IIN00251.png",78961,"png"
"IIN00256",0,"IIN00256.png","FORTLEV","unknown","https://cdn.yellosolarhub.com/products/FORTLEV/IIN00256.png",77956,"png"
"IIN00257",0,"IIN00257.png","FORTLEV","unknown","https://cdn.yellosolarhub.com/products/FORTLEV/IIN00257.png",78027,"png"
"IIN00258",0,"IIN00258.png","FORTLEV","unknown","https://cdn.yellosolarhub.com/products/FORTLEV/IIN00258.png",77942,"png"
"IIN00259",0,"IIN00259.png","FORTLEV","unknown","https://cdn.yellosolarhub.com/products/FORTLEV/IIN00259.png",85275,"png"
"IIN00260",0,"IIN00260.png","FORTLEV","unknown","https://cdn.yellosolarhub.com/products/FORTLEV/IIN00260.png",85291,"png"
"IIN00261",0,"IIN00261.png","FORTLEV","unknown","https://cdn.yellosolarhub.com/products/FORTLEV/IIN00261.png",52934,"png"
"IIN00262",0,"IIN00262.png","FORTLEV","unknown","https://cdn.yellosolarhub.com/products/FORTLEV/IIN00262.png",52993,"png"
"IIN00263",0,"IIN00263.png","FORTLEV","unknown","https://cdn.yellosolarhub.com/products/FORTLEV/IIN00263.png",52842,"png"
"IIN00264",0,"IIN00264.png","FORTLEV","unknown","https://cdn.yellosolarhub.com/products/FORTLEV/IIN00264.png",52944,"png"
"IIN00265",0,"IIN00265.png","FORTLEV","unknown","https://cdn.yellosolarhub.com/products/FORTLEV/IIN00265.png",52686,"png"
"IIN00271",0,"IIN00271.png","FORTLEV","unknown","https://cdn.yellosolarhub.com/products/FORTLEV/IIN00271.png",59584,"png"
"IIN0028220NEP20RAPID20SHUTDOWN2020A20MC4V2",0,"IIN00282%20NEP%20RAPID%20SHUTDOWN%2020A%20(MC4)_v2.png","FORTLEV","unknown","https://cdn.yellosolarhub.com/products/FORTLEV/IIN00282%20NEP%20RAPID%20SHUTDOWN%2020A%20(MC4)_v2.png",50274,"png"
"IIN00288",0,"IIN00288.png","FORTLEV","unknown","https://cdn.yellosolarhub.com/products/FORTLEV/IIN00288.png",50936,"png"
"IIN00289",0,"IIN00289.png","FORTLEV","unknown","https://cdn.yellosolarhub.com/products/FORTLEV/IIN00289.png",55406,"png"
"IIN00290",0,"IIN00290.png","FORTLEV","unknown","https://cdn.yellosolarhub.com/products/FORTLEV/IIN00290.png",57626,"png"
"IIN00291",0,"IIN00291.png","FORTLEV","unknown","https://cdn.yellosolarhub.com/products/FORTLEV/IIN00291.png",55570,"png"
"IIN00292",0,"IIN00292.png","FORTLEV","unknown","https://cdn.yellosolarhub.com/products/FORTLEV/IIN00292.png",70684,"png"
"IIN00296",0,"IIN00296.png","FORTLEV","unknown","https://cdn.yellosolarhub.com/products/FORTLEV/IIN00296.png",57487,"png"
"IIN00301V2",0,"IIN00301_v2.png","FORTLEV","unknown","https://cdn.yellosolarhub.com/products/FORTLEV/IIN00301_v2.png",59142,"png"
"IIN00302",0,"IIN00302.png","FORTLEV","unknown","https://cdn.yellosolarhub.com/products/FORTLEV/IIN00302.png",59171,"png"
"IIN00303",0,"IIN00303.png","FORTLEV","unknown","https://cdn.yellosolarhub.com/products/FORTLEV/IIN00303.png",59204,"png"
"IIN00304",0,"IIN00304.png","FORTLEV","unknown","https://cdn.yellosolarhub.com/products/FORTLEV/IIN00304.png",59338,"png"
"IIN00305",0,"IIN00305.png","FORTLEV","unknown","https://cdn.yellosolarhub.com/products/FORTLEV/IIN00305.png",51204,"png"
"IIN00307",0,"IIN00307.png","FORTLEV","unknown","https://cdn.yellosolarhub.com/products/FORTLEV/IIN00307.png",64308,"png"
"IIN00308",0,"IIN00308.png","FORTLEV","unknown","https://cdn.yellosolarhub.com/products/FORTLEV/IIN00308.png",64343,"png"
"IIN00309",0,"IIN00309.png","FORTLEV","unknown","https://cdn.yellosolarhub.com/products/FORTLEV/IIN00309.png",42304,"png"
"IIN00310",0,"IIN00310.png","FORTLEV","unknown","https://cdn.yellosolarhub.com/products/FORTLEV/IIN00310.png",47017,"png"
"IIN00311",0,"IIN00311.png","FORTLEV","unknown","https://cdn.yellosolarhub.com/products/FORTLEV/IIN00311.png",57269,"png"
"IIN00312",0,"IIN00312.png","FORTLEV","unknown","https://cdn.yellosolarhub.com/products/FORTLEV/IIN00312.png",57387,"png"
"IIN00313",0,"IIN00313.png","FORTLEV","unknown","https://cdn.yellosolarhub.com/products/FORTLEV/IIN00313.png",64160,"png"
"IIN00318",0,"IIN00318.png","FORTLEV","unknown","https://cdn.yellosolarhub.com/products/FORTLEV/IIN00318.png",50849,"png"
"IIN00319",0,"IIN00319.png","FORTLEV","unknown","https://cdn.yellosolarhub.com/products/FORTLEV/IIN00319.png",71000,"png"
"IIN00325",0,"IIN00325.png","FORTLEV","unknown","https://cdn.yellosolarhub.com/products/FORTLEV/IIN00325.png",24773,"png"
"IIN00326",0,"IIN00326.png","FORTLEV","unknown","https://cdn.yellosolarhub.com/products/FORTLEV/IIN00326.png",24989,"png"
"IIN00335",0,"IIN00335.png","FORTLEV","unknown","https://cdn.yellosolarhub.com/products/FORTLEV/IIN00335.png",47917,"png"
"IIN00336",0,"IIN00336.png","FORTLEV","unknown","https://cdn.yellosolarhub.com/products/FORTLEV/IIN00336.png",48136,"png"
"IIN00337",0,"IIN00337.png","FORTLEV","unknown","https://cdn.yellosolarhub.com/products/FORTLEV/IIN00337.png",47946,"png"
"IIN00338",0,"IIN00338.png","FORTLEV","unknown","https://cdn.yellosolarhub.com/products/FORTLEV/IIN00338.png",57230,"png"
"IIN00339",0,"IIN00339.png","FORTLEV","unknown","https://cdn.yellosolarhub.com/products/FORTLEV/IIN00339.png",57440,"png"
"IIN00340",0,"IIN00340.png","FORTLEV","unknown","https://cdn.yellosolarhub.com/products/FORTLEV/IIN00340.png",49502,"png"
"IIN00341",0,"IIN00341.png","FORTLEV","unknown","https://cdn.yellosolarhub.com/products/FORTLEV/IIN00341.png",49759,"png"
"IIN00342201",0,"IIN00342%20(1).png","FORTLEV","unknown","https://cdn.yellosolarhub.com/products/FORTLEV/IIN00342%20(1).png",52186,"png"
"IIN00343",0,"IIN00343.png","FORTLEV","unknown","https://cdn.yellosolarhub.com/products/FORTLEV/IIN00343.png",46100,"png"
"IIN00344",0,"IIN00344.png","FORTLEV","unknown","https://cdn.yellosolarhub.com/products/FORTLEV/IIN00344.png",47950,"png"
"IIN00345",0,"IIN00345.png","FORTLEV","unknown","https://cdn.yellosolarhub.com/products/FORTLEV/IIN00345.png",48001,"png"
"IIN00347",0,"IIN00347.png","FORTLEV","unknown","https://cdn.yellosolarhub.com/products/FORTLEV/IIN00347.png",52696,"png"
"IIN00348",0,"IIN00348.png","FORTLEV","unknown","https://cdn.yellosolarhub.com/products/FORTLEV/IIN00348.png",107869,"png"
"IIN00349",0,"IIN00349.png","FORTLEV","unknown","https://cdn.yellosolarhub.com/products/FORTLEV/IIN00349.png",45933,"png"
"IIN00350",0,"IIN00350.png","FORTLEV","unknown","https://cdn.yellosolarhub.com/products/FORTLEV/IIN00350.png",49365,"png"
"IIN00352",0,"IIN00352.png","FORTLEV","unknown","https://cdn.yellosolarhub.com/products/FORTLEV/IIN00352.png",66235,"png"
"IIN00357",0,"IIN00357.png","FORTLEV","unknown","https://cdn.yellosolarhub.com/products/FORTLEV/IIN00357.png",54880,"png"
"IIN00358",0,"IIN00358.png","FORTLEV","unknown","https://cdn.yellosolarhub.com/products/FORTLEV/IIN00358.png",54906,"png"
"IIN00364",0,"IIN00364.png","FORTLEV","unknown","https://cdn.yellosolarhub.com/products/FORTLEV/IIN00364.png",46565,"png"
"IIN00365",0,"IIN00365.png","FORTLEV","unknown","https://cdn.yellosolarhub.com/products/FORTLEV/IIN00365.png",46487,"png"
"IIN00366",0,"IIN00366.png","FORTLEV","unknown","https://cdn.yellosolarhub.com/products/FORTLEV/IIN00366.png",46605,"png"
"IIN00367",0,"IIN00367.png","FORTLEV","unknown","https://cdn.yellosolarhub.com/products/FORTLEV/IIN00367.png",41865,"png"
"IIN00368",0,"IIN00368.png","FORTLEV","unknown","https://cdn.yellosolarhub.com/products/FORTLEV/IIN00368.png",41925,"png"
"IIN00369",0,"IIN00369.png","FORTLEV","unknown","https://cdn.yellosolarhub.com/products/FORTLEV/IIN00369.png",128191,"png"
"IIN00370",0,"IIN00370.png","FORTLEV","unknown","https://cdn.yellosolarhub.com/products/FORTLEV/IIN00370.png",41921,"png"
"IIN00371",0,"IIN00371.png","FORTLEV","unknown","https://cdn.yellosolarhub.com/products/FORTLEV/IIN00371.png",111830,"png"
"IIN00376V2",0,"IIN00376_v2.png","FORTLEV","unknown","https://cdn.yellosolarhub.com/products/FORTLEV/IIN00376_v2.png",34701,"png"
"IIN00377",0,"IIN00377.png","FORTLEV","unknown","https://cdn.yellosolarhub.com/products/FORTLEV/IIN00377.png",37409,"png"
"IIN00378",0,"IIN00378.png","FORTLEV","unknown","https://cdn.yellosolarhub.com/products/FORTLEV/IIN00378.png",40507,"png"
"IIN00379",0,"IIN00379.png","FORTLEV","unknown","https://cdn.yellosolarhub.com/products/FORTLEV/IIN00379.png",37334,"png"
"IIN00380",0,"IIN00380.png","FORTLEV","unknown","https://cdn.yellosolarhub.com/products/FORTLEV/IIN00380.png",40824,"png"
"IIN00381",0,"IIN00381.png","FORTLEV","unknown","https://cdn.yellosolarhub.com/products/FORTLEV/IIN00381.png",40650,"png"
"IIN00382",0,"IIN00382.png","FORTLEV","unknown","https://cdn.yellosolarhub.com/products/FORTLEV/IIN00382.png",40443,"png"
"IIN00383",0,"IIN00383.png","FORTLEV","unknown","https://cdn.yellosolarhub.com/products/FORTLEV/IIN00383.png",40762,"png"
"IIN00384",0,"IIN00384.png","FORTLEV","unknown","https://cdn.yellosolarhub.com/products/FORTLEV/IIN00384.png",44751,"png"
"IIN00386",0,"IIN00386.png","FORTLEV","unknown","https://cdn.yellosolarhub.com/products/FORTLEV/IIN00386.png",46767,"png"
"IMO00093",0,"IMO00093.png","FORTLEV","unknown","https://cdn.yellosolarhub.com/products/FORTLEV/IMO00093.png",275731,"png"
"IMO00135",0,"IMO00135.png","FORTLEV","unknown","https://cdn.yellosolarhub.com/products/FORTLEV/IMO00135.png",159237,"png"
"CORRUGADO",0,"corrugado.png","GENERIC-COMPONENTS","unknown","https://cdn.yellosolarhub.com/products/GENERIC-COMPONENTS/corrugado.png",290326,"png"
"DUTOCORRUGADO",0,"duto_corrugado.png","GENERIC-COMPONENTS","unknown","https://cdn.yellosolarhub.com/products/GENERIC-COMPONENTS/duto_corrugado.png",394286,"png"
"IMAGEM",0,"imagem.png","GENERIC-COMPONENTS","unknown","https://cdn.yellosolarhub.com/products/GENERIC-COMPONENTS/imagem.png",394286,"png"
"GROWATT20MIC3000TLX20220V20201MPPT",0,"GROWATT%20MIC3000TL-X%20-220V%20-%201MPPT.png","GROWATT","GROWATT","https://cdn.yellosolarhub.com/products/GROWATT/GROWATT%20MIC3000TL-X%20-220V%20-%201MPPT.png",184923,"png"
"GROWATTMIC3000TLX2220V1MPPT",0,"GROWATT-MIC-3000TL-X2-220V-1MPPT.png","GROWATT","GROWATT","https://cdn.yellosolarhub.com/products/GROWATT/GROWATT-MIC-3000TL-X2-220V-1MPPT.png",79065,"png"
"GROWATTMID40KTL3X2380V4MPPTV2",0,"GROWATT-MID40KTL3-X2---380V---4MPPT_v2.png","GROWATT","GROWATT","https://cdn.yellosolarhub.com/products/GROWATT/GROWATT-MID40KTL3-X2---380V---4MPPT_v2.png",159641,"png"
"GROWATTMIN7500TLX2220V2MPPT",0,"GROWATT-MIN7500TL-X2-220V-2MPPT.png","GROWATT","GROWATT","https://cdn.yellosolarhub.com/products/GROWATT/GROWATT-MIN7500TL-X2-220V-2MPPT.png",74480,"png"
"GROWATTMOD15KTL3X2380V2MPPT",0,"GROWATT-MOD15KTL3-X2-380V-2-MPPT.png","GROWATT","GROWATT","https://cdn.yellosolarhub.com/products/GROWATT/GROWATT-MOD15KTL3-X2-380V-2-MPPT.png",74335,"png"
"GROWATTNEO2000MX2000W220V",0,"GROWATT-NEO-2000M-X-2000W-220V.png","GROWATT","GROWATT","https://cdn.yellosolarhub.com/products/GROWATT/GROWATT-NEO-2000M-X-2000W-220V.png",70901,"png"
"GROWATTNEO225",0,"GROWATT-NEO-2,25.png","GROWATT","GROWATT","https://cdn.yellosolarhub.com/products/GROWATT/GROWATT-NEO-2,25.png",59002,"png"
"ICV0000220CARREGADOR20VEICULAR20WALLBOX20GROWATT20THOR07ASP20THO",0,"ICV00002%20CARREGADOR%20VEICULAR%20WALLBOX%20GROWATT%20THOR07AS-P%20THO.png","GROWATT","GROWATT","https://cdn.yellosolarhub.com/products/GROWATT/ICV00002%20CARREGADOR%20VEICULAR%20WALLBOX%20GROWATT%20THOR07AS-P%20THO.png",146081,"png"
"IIN00232GROWATTMAX75KTL3XL2220V8MPPT",0,"IIN00232-GROWATT-MAX-75KTL3-XL2-220V-8MPPT.png","GROWATT","GROWATT","https://cdn.yellosolarhub.com/products/GROWATT/IIN00232-GROWATT-MAX-75KTL3-XL2-220V-8MPPT.png",72722,"png"
"IIN00316HUAWEISUN2000100KTLM2380V10MPPT",0,"IIN00316-HUAWEI-SUN2000-100KTL-M2-380V-10MPPT.png","HUAWEI","HUAWEI","https://cdn.yellosolarhub.com/products/HUAWEI/IIN00316-HUAWEI-SUN2000-100KTL-M2-380V-10MPPT.png",45676,"png"
"112369",0,"112369.jpg","inversores","unknown","https://cdn.yellosolarhub.com/products/inversores/112369.jpg",42129,"jpg"
"135720",0,"135720.jpg","inversores","unknown","https://cdn.yellosolarhub.com/products/inversores/135720.jpg",64780,"jpg"
"145763",0,"145763.jpg","inversores","unknown","https://cdn.yellosolarhub.com/products/inversores/145763.jpg",71099,"jpg"
"152147",0,"152147.jpg","inversores","unknown","https://cdn.yellosolarhub.com/products/inversores/152147.jpg",30617,"jpg"
"192575",0,"192575.jpg","inversores","unknown","https://cdn.yellosolarhub.com/products/inversores/192575.jpg",46560,"jpg"
"192576",0,"192576.jpg","inversores","unknown","https://cdn.yellosolarhub.com/products/inversores/192576.jpg",47271,"jpg"
"222132",0,"222132.png","inversores","unknown","https://cdn.yellosolarhub.com/products/inversores/222132.png",23156,"png"
"222133",0,"222133.png","inversores","unknown","https://cdn.yellosolarhub.com/products/inversores/222133.png",23156,"png"
"246761",0,"246761.jpg","inversores","unknown","https://cdn.yellosolarhub.com/products/inversores/246761.jpg",36080,"jpg"
"246763",0,"246763.jpg","inversores","unknown","https://cdn.yellosolarhub.com/products/inversores/246763.jpg",28801,"jpg"
"246764",0,"246764.jpg","inversores","unknown","https://cdn.yellosolarhub.com/products/inversores/246764.jpg",28691,"jpg"
"267277",0,"267277.jpg","inversores","unknown","https://cdn.yellosolarhub.com/products/inversores/267277.jpg",24496,"jpg"
"276954",0,"276954.jpg","inversores","unknown","https://cdn.yellosolarhub.com/products/inversores/276954.jpg",54303,"jpg"
"286844",0,"286844.png","inversores","unknown","https://cdn.yellosolarhub.com/products/inversores/286844.png",23156,"png"
"289241",0,"289241.jpg","inversores","unknown","https://cdn.yellosolarhub.com/products/inversores/289241.jpg",28042,"jpg"
"292421",0,"292421.jpg","inversores","unknown","https://cdn.yellosolarhub.com/products/inversores/292421.jpg",49563,"jpg"
"299591",0,"299591.jpg","inversores","unknown","https://cdn.yellosolarhub.com/products/inversores/299591.jpg",12696,"jpg"
"315148",0,"315148.jpg","inversores","unknown","https://cdn.yellosolarhub.com/products/inversores/315148.jpg",91568,"jpg"
"DEYESUN25KG02LVIMAGE",0,"DEYE-SUN-25K-G02-LV_image.png","inversores","DEYE","https://cdn.yellosolarhub.com/products/inversores/DEYE-SUN-25K-G02-LV_image.png",122484,"png"
"DEYESUN35KG02LVIMAGE",0,"DEYE-SUN-35K-G02-LV_image.jpeg","inversores","DEYE","https://cdn.yellosolarhub.com/products/inversores/DEYE-SUN-35K-G02-LV_image.jpeg",3424,"jpeg"
"DEYESUN5KGIMAGE",0,"DEYE-SUN-5K-G_image.webp","inversores","DEYE","https://cdn.yellosolarhub.com/products/inversores/DEYE-SUN-5K-G_image.webp",4986,"webp"
"DEYESUN75KG01P3LVIMAGE",0,"DEYE-SUN-75K-G01P3-LV_image.png","inversores","DEYE","https://cdn.yellosolarhub.com/products/inversores/DEYE-SUN-75K-G01P3-LV_image.png",94628,"png"
"DEYESUN8KGIMAGE",0,"DEYE-SUN-8K-G_image.jpg","inversores","DEYE","https://cdn.yellosolarhub.com/products/inversores/DEYE-SUN-8K-G_image.jpg",19531,"jpg"
"ENPHASEIQ8P722BRIMAGEPRODUCT600340",0,"ENPHASE-IQ8P-72-2-BR_IMAGE_PRODUCT_600340.jpeg","inversores","ENPHASE","https://cdn.yellosolarhub.com/products/inversores/ENPHASE-IQ8P-72-2-BR_IMAGE_PRODUCT_600340.jpeg",4911,"jpeg"
"GOODWEEZLOGGERPROIMAGE",0,"GOODWE-EZLOGGER PRO_image.png","inversores","GOODWE","https://cdn.yellosolarhub.com/products/inversores/GOODWE-EZLOGGER PRO_image.png",91721,"png"
"GOODWEGW100KGTAFCIIMAGEPRODUCT600342",0,"GOODWE-GW100K-GT - AFCI_IMAGE_PRODUCT_600342.jpg","inversores","GOODWE","https://cdn.yellosolarhub.com/products/inversores/GOODWE-GW100K-GT - AFCI_IMAGE_PRODUCT_600342.jpg",824484,"jpg"
"GOODWEGW100KHTIMAGEPRODUCT600066",0,"GOODWE-GW 100K-HT_IMAGE_PRODUCT_600066.png","inversores","GOODWE","https://cdn.yellosolarhub.com/products/inversores/GOODWE-GW 100K-HT_IMAGE_PRODUCT_600066.png",109547,"png"
"GOODWEGW100KHTIMAGEPRODUCT600126",0,"GOODWE-GW100K-HT_IMAGE_PRODUCT_600126.png","inversores","GOODWE","https://cdn.yellosolarhub.com/products/inversores/GOODWE-GW100K-HT_IMAGE_PRODUCT_600126.png",109547,"png"
"GOODWEGW10KBTIMAGE",0,"GOODWE-GW10K-BT_image.webp","inversores","GOODWE","https://cdn.yellosolarhub.com/products/inversores/GOODWE-GW10K-BT_image.webp",5692,"webp"
"GOODWEGW10KMS3020AAFCIIMAGE",0,"GOODWE-GW 10K-MS-30 (20A) - AFCI_image.png","inversores","GOODWE","https://cdn.yellosolarhub.com/products/inversores/GOODWE-GW 10K-MS-30 (20A) - AFCI_image.png",9596,"png"
"GOODWEGW10KMSG40AFCICRSDIMAGEPRODUCT600398",0,"GOODWE-GW10K-MS-G40 - AFCI C- RSD_IMAGE_PRODUCT_600398.png","inversores","GOODWE","https://cdn.yellosolarhub.com/products/inversores/GOODWE-GW10K-MS-G40 - AFCI C- RSD_IMAGE_PRODUCT_600398.png",47823,"png"
"GOODWEGW10KMSG40AFCIIMAGEPRODUCT600463",0,"GOODWE-GW10K-MS-G40 - AFCI_IMAGE_PRODUCT_600463.png","inversores","GOODWE","https://cdn.yellosolarhub.com/products/inversores/GOODWE-GW10K-MS-G40 - AFCI_IMAGE_PRODUCT_600463.png",47823,"png"
"GOODWEGW110KHTIMAGEPRODUCT600023",0,"GOODWE-GW 110K-HT_IMAGE_PRODUCT_600023.png","inversores","GOODWE","https://cdn.yellosolarhub.com/products/inversores/GOODWE-GW 110K-HT_IMAGE_PRODUCT_600023.png",109547,"png"
"GOODWEGW12KLETAFCIIMAGEPRODUCT600363",0,"GOODWE-GW12KL-ET - AFCI_IMAGE_PRODUCT_600363.png","inversores","GOODWE","https://cdn.yellosolarhub.com/products/inversores/GOODWE-GW12KL-ET - AFCI_IMAGE_PRODUCT_600363.png",31833,"png"
"GOODWEGW12KLVMTIMAGE",0,"GOODWE-GW 12KLV-MT_image.jpg","inversores","GOODWE","https://cdn.yellosolarhub.com/products/inversores/GOODWE-GW 12KLV-MT_image.jpg",14174,"jpg"
"GOODWEGW12KLVSDTC30AFCIIMAGE",0,"GOODWE-GW 12KLV-SDT-C30 - AFCI_image.png","inversores","GOODWE","https://cdn.yellosolarhub.com/products/inversores/GOODWE-GW 12KLV-SDT-C30 - AFCI_image.png",79781,"png"
"GOODWEGW12KLVSDTC31AFCIIMAGEPRODUCT600400",0,"GOODWE-GW12KLV-SDT-C31 - AFCI_IMAGE_PRODUCT_600400.png","inversores","GOODWE","https://cdn.yellosolarhub.com/products/inversores/GOODWE-GW12KLV-SDT-C31 - AFCI_IMAGE_PRODUCT_600400.png",31794,"png"
"GOODWEGW15KETAFCIIMAGEPRODUCT600348",0,"GOODWE-GW15K-ET - AFCI_IMAGE_PRODUCT_600348.png","inversores","GOODWE","https://cdn.yellosolarhub.com/products/inversores/GOODWE-GW15K-ET - AFCI_IMAGE_PRODUCT_600348.png",90797,"png"
"GOODWEGW15KLVMTIMAGE",0,"GOODWE-GW 15KLV-MT_image.jpeg","inversores","GOODWE","https://cdn.yellosolarhub.com/products/inversores/GOODWE-GW 15KLV-MT_image.jpeg",14174,"jpeg"
"GOODWEGW17KLVSDTC30AFCIIMAGEPRODUCT600275",0,"GOODWE-GW17KLV-SDT-C30 - AFCI_IMAGE_PRODUCT_600275.png","inversores","GOODWE","https://cdn.yellosolarhub.com/products/inversores/GOODWE-GW17KLV-SDT-C30 - AFCI_IMAGE_PRODUCT_600275.png",12442,"png"
"GOODWEGW2000MISIMAGEPRODUCT600329",0,"GOODWE-GW2000-MIS_IMAGE_PRODUCT_600329.jpg","inversores","GOODWE","https://cdn.yellosolarhub.com/products/inversores/GOODWE-GW2000-MIS_IMAGE_PRODUCT_600329.jpg",64696,"jpg"
"GOODWEGW20KETAFCIIMAGEPRODUCT600149",0,"GOODWE-GW20K-ET - AFCI_IMAGE_PRODUCT_600149.png","inversores","GOODWE","https://cdn.yellosolarhub.com/products/inversores/GOODWE-GW20K-ET - AFCI_IMAGE_PRODUCT_600149.png",90797,"png"
"GOODWEGW20KLVMTAFCIIMAGE",0,"GOODWE-GW 20KLV-MT - AFCI_image.png","inversores","GOODWE","https://cdn.yellosolarhub.com/products/inversores/GOODWE-GW 20KLV-MT - AFCI_image.png",936634,"png"
"GOODWEGW20KSDT31AFCICRSDIMAGEPRODUCT600453",0,"GOODWE-GW20K-SDT-31 - AFCI C- RSD_IMAGE_PRODUCT_600453.png","inversores","GOODWE","https://cdn.yellosolarhub.com/products/inversores/GOODWE-GW20K-SDT-31 - AFCI C- RSD_IMAGE_PRODUCT_600453.png",44030,"png"
"GOODWEGW23KLVSDTBR30AFCIIMAGEPRODUCT600352",0,"GOODWE-GW23KLV-SDT-BR30 - AFCI_IMAGE_PRODUCT_600352.jpg","inversores","GOODWE","https://cdn.yellosolarhub.com/products/inversores/GOODWE-GW23KLV-SDT-BR30 - AFCI_IMAGE_PRODUCT_600352.jpg",57669,"jpg"
"GOODWEGW250KHTIMAGEPRODUCT600142",0,"GOODWE-GW250K-HT_IMAGE_PRODUCT_600142.png","inversores","GOODWE","https://cdn.yellosolarhub.com/products/inversores/GOODWE-GW250K-HT_IMAGE_PRODUCT_600142.png",109547,"png"
"GOODWEGW250KHUTIMAGEPRODUCT600344",0,"GOODWE-GW250KH-UT_IMAGE_PRODUCT_600344.png","inversores","GOODWE","https://cdn.yellosolarhub.com/products/inversores/GOODWE-GW250KH-UT_IMAGE_PRODUCT_600344.png",10366,"png"
"GOODWEGW250KNHTIMAGE",0,"GOODWE-GW250KN-HT_image.png","inversores","GOODWE","https://cdn.yellosolarhub.com/products/inversores/GOODWE-GW250KN-HT_image.png",417046,"png"
"GOODWEGW25KSDTP31AFCICRSDIMAGEPRODUCT600452",0,"GOODWE-GW25K-SDT-P31 - AFCI C- RSD_IMAGE_PRODUCT_600452.png","inversores","GOODWE","https://cdn.yellosolarhub.com/products/inversores/GOODWE-GW25K-SDT-P31 - AFCI C- RSD_IMAGE_PRODUCT_600452.png",29084,"png"
"GOODWEGW25KSDTP31AFCIIMAGEPRODUCT600404",0,"GOODWE-GW25K-SDT-P31 - AFCI_IMAGE_PRODUCT_600404.png","inversores","GOODWE","https://cdn.yellosolarhub.com/products/inversores/GOODWE-GW25K-SDT-P31 - AFCI_IMAGE_PRODUCT_600404.png",29084,"png"
"GOODWEGW30KETAFCIIMAGEPRODUCT600150",0,"GOODWE-GW30K-ET - AFCI_IMAGE_PRODUCT_600150.png","inversores","GOODWE","https://cdn.yellosolarhub.com/products/inversores/GOODWE-GW30K-ET - AFCI_IMAGE_PRODUCT_600150.png",90797,"png"
"GOODWEGW30KLSMTAFCIIMAGEPRODUCT600268",0,"GOODWE-GW 30KLS-MT - AFCI_IMAGE_PRODUCT_600268.png","inversores","GOODWE","https://cdn.yellosolarhub.com/products/inversores/GOODWE-GW 30KLS-MT - AFCI_IMAGE_PRODUCT_600268.png",174786,"png"
"GOODWEGW30KLSMTAFCIREDIMAGEPRODUCT600483",0,"GOODWE-GW 30KLS-MT - AFCI RED_IMAGE_PRODUCT_600483.png","inversores","GOODWE","https://cdn.yellosolarhub.com/products/inversores/GOODWE-GW 30KLS-MT - AFCI RED_IMAGE_PRODUCT_600483.png",47388,"png"
"GOODWEGW30KSDTC30AFCIIMAGE",0,"GOODWE-GW 30K-SDT-C30 - AFCI_image.png","inversores","GOODWE","https://cdn.yellosolarhub.com/products/inversores/GOODWE-GW 30K-SDT-C30 - AFCI_image.png",266445,"png"
"GOODWEGW3300XS30AFCIIMAGE",0,"GOODWE-GW 3300-XS-30 - AFCI_image.png","inversores","GOODWE","https://cdn.yellosolarhub.com/products/inversores/GOODWE-GW 3300-XS-30 - AFCI_image.png",142230,"png"
"GOODWEGW3500LESBR20IMAGEPRODUCT600361",0,"GOODWE-GW3500L-ES-BR20_IMAGE_PRODUCT_600361.png","inversores","GOODWE","https://cdn.yellosolarhub.com/products/inversores/GOODWE-GW3500L-ES-BR20_IMAGE_PRODUCT_600361.png",22533,"png"
"GOODWEGW35KLSMTAFCIIMAGE",0,"GOODWE-GW 35KLS-MT - AFCI_image.png","inversores","GOODWE","https://cdn.yellosolarhub.com/products/inversores/GOODWE-GW 35KLS-MT - AFCI_image.png",174786,"png"
"GOODWEGW35KLSMTIMAGEPRODUCT600109",0,"GOODWE-GW 35KLS-MT_IMAGE_PRODUCT_600109.png","inversores","GOODWE","https://cdn.yellosolarhub.com/products/inversores/GOODWE-GW 35KLS-MT_IMAGE_PRODUCT_600109.png",174786,"png"
"GOODWEGW3600ESBR20AFCIIMAGE",0,"GOODWE-GW3600-ES-BR20 - AFCI_image.png","inversores","GOODWE","https://cdn.yellosolarhub.com/products/inversores/GOODWE-GW3600-ES-BR20 - AFCI_image.png",193561,"png"
"GOODWEGW36KMTAFCIIMAGE",0,"GOODWE-GW 36K-MT - AFCI_image.jpeg","inversores","GOODWE","https://cdn.yellosolarhub.com/products/inversores/GOODWE-GW 36K-MT - AFCI_image.jpeg",14174,"jpeg"
"GOODWEGW37K5SDTBR30AFCIIMAGEPRODUCT600350",0,"GOODWE-GW37K5-SDT-BR30 - AFCI_IMAGE_PRODUCT_600350.jpg","inversores","GOODWE","https://cdn.yellosolarhub.com/products/inversores/GOODWE-GW37K5-SDT-BR30 - AFCI_IMAGE_PRODUCT_600350.jpg",57669,"jpg"
"GOODWEGW5000DNS3016AAFCIIMAGE",0,"GOODWE-GW 5000-DNS-30 (16A) - AFCI_image.png","inversores","GOODWE","https://cdn.yellosolarhub.com/products/inversores/GOODWE-GW 5000-DNS-30 (16A) - AFCI_image.png",31568,"png"
"GOODWEGW50KSMTAFCIIMAGE",0,"GOODWE-GW 50KS-MT - AFCI_image.png","inversores","GOODWE","https://cdn.yellosolarhub.com/products/inversores/GOODWE-GW 50KS-MT - AFCI_image.png",334398,"png"
"GOODWEGW6000ESBR20AFCIIMAGE",0,"GOODWE-GW6000-ES-BR20 - AFCI_image.png","inversores","GOODWE","https://cdn.yellosolarhub.com/products/inversores/GOODWE-GW6000-ES-BR20 - AFCI_image.png",126855,"png"
"GOODWEGW6000SBP20IMAGE",0,"GOODWE-GW6000-SBP-20_image.webp","inversores","GOODWE","https://cdn.yellosolarhub.com/products/inversores/GOODWE-GW6000-SBP-20_image.webp",2824,"webp"
"GOODWEGW60KSMTAFCIIMAGE",0,"GOODWE-GW 60KS-MT - AFCI_image.png","inversores","GOODWE","https://cdn.yellosolarhub.com/products/inversores/GOODWE-GW 60KS-MT - AFCI_image.png",334398,"png"
"GOODWEGW60KSMTIMAGE",0,"GOODWE-GW 60KS-MT_image.png","inversores","GOODWE","https://cdn.yellosolarhub.com/products/inversores/GOODWE-GW 60KS-MT_image.png",334398,"png"
"GOODWEGW73KLVHTAFCIIMAGE",0,"GOODWE-GW 73KLV-HT - AFCI_image.png","inversores","GOODWE","https://cdn.yellosolarhub.com/products/inversores/GOODWE-GW 73KLV-HT - AFCI_image.png",226751,"png"
"GOODWEGW75KSMTAFCIIMAGEPRODUCT600328",0,"GOODWE-GW75K-SMT - AFCI_IMAGE_PRODUCT_600328.png","inversores","GOODWE","https://cdn.yellosolarhub.com/products/inversores/GOODWE-GW75K-SMT - AFCI_IMAGE_PRODUCT_600328.png",119053,"png"
"GROWATTMAC36KTL3XLAFCIIMAGEPRODUCT600303",0,"GROWATT-MAC 36KTL3-XL - AFCI_IMAGE_PRODUCT_600303.png","inversores","GROWATT","https://cdn.yellosolarhub.com/products/inversores/GROWATT-MAC 36KTL3-XL - AFCI_IMAGE_PRODUCT_600303.png",73056,"png"
"GROWATTMAX50KTL3XL2AFCIIMAGEPRODUCT600305",0,"GROWATT-MAX 50KTL3-XL2 - AFCI_IMAGE_PRODUCT_600305.png","inversores","GROWATT","https://cdn.yellosolarhub.com/products/inversores/GROWATT-MAX 50KTL3-XL2 - AFCI_IMAGE_PRODUCT_600305.png",88176,"png"
"GROWATTMAX50KTL3XL2IMAGE",0,"GROWATT-MAX 50KTL3-XL2_image.webp","inversores","GROWATT","https://cdn.yellosolarhub.com/products/inversores/GROWATT-MAX 50KTL3-XL2_image.webp",2850,"webp"
"GROWATTMAX60KTL3XL2IMAGE",0,"GROWATT-MAX60KTL3-XL 2_image.webp","inversores","GROWATT","https://cdn.yellosolarhub.com/products/inversores/GROWATT-MAX60KTL3-XL 2_image.webp",35222,"webp"
"GROWATTMID20KTL3XL2AFCIIMAGEPRODUCT600308",0,"GROWATT-MID 20KTL3 XL2 - AFCI_IMAGE_PRODUCT_600308.png","inversores","GROWATT","https://cdn.yellosolarhub.com/products/inversores/GROWATT-MID 20KTL3 XL2 - AFCI_IMAGE_PRODUCT_600308.png",82370,"png"
"GROWATTMID50KTL3X2AFCIIMAGEPRODUCT600314",0,"GROWATT-MID 50KTL3-X2 - AFCI_IMAGE_PRODUCT_600314.png","inversores","GROWATT","https://cdn.yellosolarhub.com/products/inversores/GROWATT-MID 50KTL3-X2 - AFCI_IMAGE_PRODUCT_600314.png",82370,"png"
"HUAWEISUN200010KLC0AFCIIMAGEPRODUCT600386",0,"HUAWEI-SUN2000-10K-LC0 - AFCI_IMAGE_PRODUCT_600386.png","inversores","HUAWEI","https://cdn.yellosolarhub.com/products/inversores/HUAWEI-SUN2000-10K-LC0 - AFCI_IMAGE_PRODUCT_600386.png",45571,"png"
"HUAWEISUN200012KMB0AFCIIMAGEPRODUCT600387",0,"HUAWEI-SUN2000-12K-MB0 - AFCI_IMAGE_PRODUCT_600387.png","inversores","HUAWEI","https://cdn.yellosolarhub.com/products/inversores/HUAWEI-SUN2000-12K-MB0 - AFCI_IMAGE_PRODUCT_600387.png",39986,"png"
"HUAWEISUN200015KMB0AFCIIMAGEPRODUCT600388",0,"HUAWEI-SUN2000-15K-MB0 - AFCI_IMAGE_PRODUCT_600388.png","inversores","HUAWEI","https://cdn.yellosolarhub.com/products/inversores/HUAWEI-SUN2000-15K-MB0 - AFCI_IMAGE_PRODUCT_600388.png",39986,"png"
"HUAWEISUN20003KTLL1AFCIIMAGEPRODUCT600382",0,"HUAWEI-SUN2000-3KTL-L1 - AFCI_IMAGE_PRODUCT_600382.png","inversores","HUAWEI","https://cdn.yellosolarhub.com/products/inversores/HUAWEI-SUN2000-3KTL-L1 - AFCI_IMAGE_PRODUCT_600382.png",67314,"png"
"HUAWEISUN20004KTLL1AFCIIMAGEPRODUCT600423",0,"HUAWEI-SUN2000-4KTL-L1 - AFCI_IMAGE_PRODUCT_600423.png","inversores","HUAWEI","https://cdn.yellosolarhub.com/products/inversores/HUAWEI-SUN2000-4KTL-L1 - AFCI_IMAGE_PRODUCT_600423.png",44305,"png"
"IMAGE",3,"image.jpeg","inversores","unknown","https://cdn.yellosolarhub.com/products/inversores/image.jpeg",14174,"jpeg"
"IMAGE",4,"image.jpg","inversores","unknown","https://cdn.yellosolarhub.com/products/inversores/image.jpg",19531,"jpg"
"IMAGE",5,"image.png","inversores","unknown","https://cdn.yellosolarhub.com/products/inversores/image.png",91721,"png"
"IMAGE",6,"image.webp","inversores","unknown","https://cdn.yellosolarhub.com/products/inversores/image.webp",4986,"webp"
"IMAGEPRODUCT600023",0,"IMAGE_PRODUCT_600023.png","inversores","unknown","https://cdn.yellosolarhub.com/products/inversores/IMAGE_PRODUCT_600023.png",109547,"png"
"IMAGEPRODUCT600066",0,"IMAGE_PRODUCT_600066.png","inversores","unknown","https://cdn.yellosolarhub.com/products/inversores/IMAGE_PRODUCT_600066.png",109547,"png"
"IMAGEPRODUCT600109",0,"IMAGE_PRODUCT_600109.png","inversores","unknown","https://cdn.yellosolarhub.com/products/inversores/IMAGE_PRODUCT_600109.png",174786,"png"
"IMAGEPRODUCT600126",0,"IMAGE_PRODUCT_600126.png","inversores","unknown","https://cdn.yellosolarhub.com/products/inversores/IMAGE_PRODUCT_600126.png",109547,"png"
"IMAGEPRODUCT600142",0,"IMAGE_PRODUCT_600142.png","inversores","unknown","https://cdn.yellosolarhub.com/products/inversores/IMAGE_PRODUCT_600142.png",109547,"png"
"IMAGEPRODUCT600149",0,"IMAGE_PRODUCT_600149.png","inversores","unknown","https://cdn.yellosolarhub.com/products/inversores/IMAGE_PRODUCT_600149.png",90797,"png"
"IMAGEPRODUCT600150",0,"IMAGE_PRODUCT_600150.png","inversores","unknown","https://cdn.yellosolarhub.com/products/inversores/IMAGE_PRODUCT_600150.png",90797,"png"
"IMAGEPRODUCT600243",0,"IMAGE_PRODUCT_600243.png","inversores","unknown","https://cdn.yellosolarhub.com/products/inversores/IMAGE_PRODUCT_600243.png",174786,"png"
"IMAGEPRODUCT600268",0,"IMAGE_PRODUCT_600268.png","inversores","unknown","https://cdn.yellosolarhub.com/products/inversores/IMAGE_PRODUCT_600268.png",174786,"png"
"IMAGEPRODUCT600275",0,"IMAGE_PRODUCT_600275.png","inversores","unknown","https://cdn.yellosolarhub.com/products/inversores/IMAGE_PRODUCT_600275.png",12442,"png"
"IMAGEPRODUCT600303",0,"IMAGE_PRODUCT_600303.png","inversores","unknown","https://cdn.yellosolarhub.com/products/inversores/IMAGE_PRODUCT_600303.png",73056,"png"
"IMAGEPRODUCT600304",0,"IMAGE_PRODUCT_600304.png","inversores","unknown","https://cdn.yellosolarhub.com/products/inversores/IMAGE_PRODUCT_600304.png",88176,"png"
"IMAGEPRODUCT600305",0,"IMAGE_PRODUCT_600305.png","inversores","unknown","https://cdn.yellosolarhub.com/products/inversores/IMAGE_PRODUCT_600305.png",88176,"png"
"IMAGEPRODUCT600307",0,"IMAGE_PRODUCT_600307.png","inversores","unknown","https://cdn.yellosolarhub.com/products/inversores/IMAGE_PRODUCT_600307.png",82794,"png"
"IMAGEPRODUCT600308",0,"IMAGE_PRODUCT_600308.png","inversores","unknown","https://cdn.yellosolarhub.com/products/inversores/IMAGE_PRODUCT_600308.png",82370,"png"
"IMAGEPRODUCT600311",0,"IMAGE_PRODUCT_600311.png","inversores","unknown","https://cdn.yellosolarhub.com/products/inversores/IMAGE_PRODUCT_600311.png",73056,"png"
"IMAGEPRODUCT600314",0,"IMAGE_PRODUCT_600314.png","inversores","unknown","https://cdn.yellosolarhub.com/products/inversores/IMAGE_PRODUCT_600314.png",82370,"png"
"IMAGEPRODUCT600328",0,"IMAGE_PRODUCT_600328.png","inversores","unknown","https://cdn.yellosolarhub.com/products/inversores/IMAGE_PRODUCT_600328.png",119053,"png"
"IMAGEPRODUCT600329",0,"IMAGE_PRODUCT_600329.jpg","inversores","unknown","https://cdn.yellosolarhub.com/products/inversores/IMAGE_PRODUCT_600329.jpg",64696,"jpg"
"IMAGEPRODUCT600340",0,"IMAGE_PRODUCT_600340.jpeg","inversores","unknown","https://cdn.yellosolarhub.com/products/inversores/IMAGE_PRODUCT_600340.jpeg",4911,"jpeg"
"IMAGEPRODUCT600342",0,"IMAGE_PRODUCT_600342.jpg","inversores","unknown","https://cdn.yellosolarhub.com/products/inversores/IMAGE_PRODUCT_600342.jpg",824484,"jpg"
"IMAGEPRODUCT600344",0,"IMAGE_PRODUCT_600344.png","inversores","unknown","https://cdn.yellosolarhub.com/products/inversores/IMAGE_PRODUCT_600344.png",10366,"png"
"IMAGEPRODUCT600348",0,"IMAGE_PRODUCT_600348.png","inversores","unknown","https://cdn.yellosolarhub.com/products/inversores/IMAGE_PRODUCT_600348.png",90797,"png"
"IMAGEPRODUCT600350",0,"IMAGE_PRODUCT_600350.jpg","inversores","unknown","https://cdn.yellosolarhub.com/products/inversores/IMAGE_PRODUCT_600350.jpg",57669,"jpg"
"IMAGEPRODUCT600352",0,"IMAGE_PRODUCT_600352.jpg","inversores","unknown","https://cdn.yellosolarhub.com/products/inversores/IMAGE_PRODUCT_600352.jpg",57669,"jpg"
"IMAGEPRODUCT600358",0,"IMAGE_PRODUCT_600358.png","inversores","unknown","https://cdn.yellosolarhub.com/products/inversores/IMAGE_PRODUCT_600358.png",126855,"png"
"IMAGEPRODUCT600361",0,"IMAGE_PRODUCT_600361.png","inversores","unknown","https://cdn.yellosolarhub.com/products/inversores/IMAGE_PRODUCT_600361.png",22533,"png"
"IMAGEPRODUCT600363",0,"IMAGE_PRODUCT_600363.png","inversores","unknown","https://cdn.yellosolarhub.com/products/inversores/IMAGE_PRODUCT_600363.png",31833,"png"
"IMAGEPRODUCT600369",0,"IMAGE_PRODUCT_600369.png","inversores","unknown","https://cdn.yellosolarhub.com/products/inversores/IMAGE_PRODUCT_600369.png",85685,"png"
"IMAGEPRODUCT600381",0,"IMAGE_PRODUCT_600381.png","inversores","unknown","https://cdn.yellosolarhub.com/products/inversores/IMAGE_PRODUCT_600381.png",54131,"png"
"IMAGEPRODUCT600382",0,"IMAGE_PRODUCT_600382.png","inversores","unknown","https://cdn.yellosolarhub.com/products/inversores/IMAGE_PRODUCT_600382.png",67314,"png"
"IMAGEPRODUCT600386",0,"IMAGE_PRODUCT_600386.png","inversores","unknown","https://cdn.yellosolarhub.com/products/inversores/IMAGE_PRODUCT_600386.png",45571,"png"
"IMAGEPRODUCT600387",0,"IMAGE_PRODUCT_600387.png","inversores","unknown","https://cdn.yellosolarhub.com/products/inversores/IMAGE_PRODUCT_600387.png",39986,"png"
"IMAGEPRODUCT600388",0,"IMAGE_PRODUCT_600388.png","inversores","unknown","https://cdn.yellosolarhub.com/products/inversores/IMAGE_PRODUCT_600388.png",39986,"png"
"IMAGEPRODUCT600398",0,"IMAGE_PRODUCT_600398.png","inversores","unknown","https://cdn.yellosolarhub.com/products/inversores/IMAGE_PRODUCT_600398.png",47823,"png"
"IMAGEPRODUCT600400",0,"IMAGE_PRODUCT_600400.png","inversores","unknown","https://cdn.yellosolarhub.com/products/inversores/IMAGE_PRODUCT_600400.png",31794,"png"
"IMAGEPRODUCT600404",0,"IMAGE_PRODUCT_600404.png","inversores","unknown","https://cdn.yellosolarhub.com/products/inversores/IMAGE_PRODUCT_600404.png",29084,"png"
"IMAGEPRODUCT600423",0,"IMAGE_PRODUCT_600423.png","inversores","unknown","https://cdn.yellosolarhub.com/products/inversores/IMAGE_PRODUCT_600423.png",44305,"png"
"IMAGEPRODUCT600452",0,"IMAGE_PRODUCT_600452.png","inversores","unknown","https://cdn.yellosolarhub.com/products/inversores/IMAGE_PRODUCT_600452.png",29084,"png"
"IMAGEPRODUCT600453",0,"IMAGE_PRODUCT_600453.png","inversores","unknown","https://cdn.yellosolarhub.com/products/inversores/IMAGE_PRODUCT_600453.png",44030,"png"
"IMAGEPRODUCT600463",0,"IMAGE_PRODUCT_600463.png","inversores","unknown","https://cdn.yellosolarhub.com/products/inversores/IMAGE_PRODUCT_600463.png",47823,"png"
"IMAGEPRODUCT600483",0,"IMAGE_PRODUCT_600483.png","inversores","unknown","https://cdn.yellosolarhub.com/products/inversores/IMAGE_PRODUCT_600483.png",47388,"png"
"NEOSOLARINVERTERS20217",0,"neosolar_inverters_20217.jpg","inversores","NEOSOLAR","https://cdn.yellosolarhub.com/products/inversores/neosolar_inverters_20217.jpg",19766,"jpg"
"NEOSOLARINVERTERS20247",0,"neosolar_inverters_20247.jpg","inversores","NEOSOLAR","https://cdn.yellosolarhub.com/products/inversores/neosolar_inverters_20247.jpg",30967,"jpg"
"NEOSOLARINVERTERS20249",0,"neosolar_inverters_20249.jpg","inversores","NEOSOLAR","https://cdn.yellosolarhub.com/products/inversores/neosolar_inverters_20249.jpg",30606,"jpg"
"NEOSOLARINVERTERS20250",0,"neosolar_inverters_20250.jpg","inversores","NEOSOLAR","https://cdn.yellosolarhub.com/products/inversores/neosolar_inverters_20250.jpg",30967,"jpg"
"NEOSOLARINVERTERS20252",0,"neosolar_inverters_20252.jpg","inversores","NEOSOLAR","https://cdn.yellosolarhub.com/products/inversores/neosolar_inverters_20252.jpg",26951,"jpg"
"NEOSOLARINVERTERS20253",0,"neosolar_inverters_20253.jpg","inversores","NEOSOLAR","https://cdn.yellosolarhub.com/products/inversores/neosolar_inverters_20253.jpg",26951,"jpg"
"NEOSOLARINVERTERS20255",0,"neosolar_inverters_20255.jpg","inversores","NEOSOLAR","https://cdn.yellosolarhub.com/products/inversores/neosolar_inverters_20255.jpg",26951,"jpg"
"NEOSOLARINVERTERS20256",0,"neosolar_inverters_20256.jpg","inversores","NEOSOLAR","https://cdn.yellosolarhub.com/products/inversores/neosolar_inverters_20256.jpg",30967,"jpg"
"NEOSOLARINVERTERS20258",0,"neosolar_inverters_20258.jpg","inversores","NEOSOLAR","https://cdn.yellosolarhub.com/products/inversores/neosolar_inverters_20258.jpg",24343,"jpg"
"NEOSOLARINVERTERS20259",0,"neosolar_inverters_20259.jpg","inversores","NEOSOLAR","https://cdn.yellosolarhub.com/products/inversores/neosolar_inverters_20259.jpg",30967,"jpg"
"NEOSOLARINVERTERS20260",0,"neosolar_inverters_20260.jpg","inversores","NEOSOLAR","https://cdn.yellosolarhub.com/products/inversores/neosolar_inverters_20260.jpg",26951,"jpg"
"NEOSOLARINVERTERS20261",0,"neosolar_inverters_20261.jpg","inversores","NEOSOLAR","https://cdn.yellosolarhub.com/products/inversores/neosolar_inverters_20261.jpg",26951,"jpg"
"NEOSOLARINVERTERS20262",0,"neosolar_inverters_20262.jpg","inversores","NEOSOLAR","https://cdn.yellosolarhub.com/products/inversores/neosolar_inverters_20262.jpg",26951,"jpg"
"NEOSOLARINVERTERS20264",0,"neosolar_inverters_20264.jpg","inversores","NEOSOLAR","https://cdn.yellosolarhub.com/products/inversores/neosolar_inverters_20264.jpg",26951,"jpg"
"NEOSOLARINVERTERS20265",0,"neosolar_inverters_20265.jpg","inversores","NEOSOLAR","https://cdn.yellosolarhub.com/products/inversores/neosolar_inverters_20265.jpg",26414,"jpg"
"NEOSOLARINVERTERS20266",0,"neosolar_inverters_20266.jpg","inversores","NEOSOLAR","https://cdn.yellosolarhub.com/products/inversores/neosolar_inverters_20266.jpg",20280,"jpg"
"NEOSOLARINVERTERS20267",0,"neosolar_inverters_20267.jpg","inversores","NEOSOLAR","https://cdn.yellosolarhub.com/products/inversores/neosolar_inverters_20267.jpg",26414,"jpg"
"NEOSOLARINVERTERS20268",0,"neosolar_inverters_20268.jpg","inversores","NEOSOLAR","https://cdn.yellosolarhub.com/products/inversores/neosolar_inverters_20268.jpg",20280,"jpg"
"NEOSOLARINVERTERS20269",0,"neosolar_inverters_20269.jpg","inversores","NEOSOLAR","https://cdn.yellosolarhub.com/products/inversores/neosolar_inverters_20269.jpg",20280,"jpg"
"NEOSOLARINVERTERS20287",0,"neosolar_inverters_20287.jpg","inversores","NEOSOLAR","https://cdn.yellosolarhub.com/products/inversores/neosolar_inverters_20287.jpg",42166,"jpg"
"NEOSOLARINVERTERS20525",0,"neosolar_inverters_20525.jpg","inversores","NEOSOLAR","https://cdn.yellosolarhub.com/products/inversores/neosolar_inverters_20525.jpg",24758,"jpg"
"NEOSOLARINVERTERS20563",0,"neosolar_inverters_20563.jpg","inversores","NEOSOLAR","https://cdn.yellosolarhub.com/products/inversores/neosolar_inverters_20563.jpg",68121,"jpg"
"NEOSOLARINVERTERS20564",0,"neosolar_inverters_20564.jpg","inversores","NEOSOLAR","https://cdn.yellosolarhub.com/products/inversores/neosolar_inverters_20564.jpg",67957,"jpg"
"NEOSOLARINVERTERS20565",0,"neosolar_inverters_20565.jpg","inversores","NEOSOLAR","https://cdn.yellosolarhub.com/products/inversores/neosolar_inverters_20565.jpg",67033,"jpg"
"NEOSOLARINVERTERS20566",0,"neosolar_inverters_20566.jpg","inversores","NEOSOLAR","https://cdn.yellosolarhub.com/products/inversores/neosolar_inverters_20566.jpg",66651,"jpg"
"NEOSOLARINVERTERS20666",0,"neosolar_inverters_20666.jpg","inversores","NEOSOLAR","https://cdn.yellosolarhub.com/products/inversores/neosolar_inverters_20666.jpg",26951,"jpg"
"NEOSOLARINVERTERS20778",0,"neosolar_inverters_20778.jpg","inversores","NEOSOLAR","https://cdn.yellosolarhub.com/products/inversores/neosolar_inverters_20778.jpg",24758,"jpg"
"NEOSOLARINVERTERS20922",0,"neosolar_inverters_20922.jpg","inversores","NEOSOLAR","https://cdn.yellosolarhub.com/products/inversores/neosolar_inverters_20922.jpg",30606,"jpg"
"NEOSOLARINVERTERS20924",0,"neosolar_inverters_20924.jpg","inversores","NEOSOLAR","https://cdn.yellosolarhub.com/products/inversores/neosolar_inverters_20924.jpg",24758,"jpg"
"NEOSOLARINVERTERS21306",0,"neosolar_inverters_21306.jpg","inversores","NEOSOLAR","https://cdn.yellosolarhub.com/products/inversores/neosolar_inverters_21306.jpg",27833,"jpg"
"NEOSOLARINVERTERS21442",0,"neosolar_inverters_21442.jpg","inversores","NEOSOLAR","https://cdn.yellosolarhub.com/products/inversores/neosolar_inverters_21442.jpg",24758,"jpg"
"NEOSOLARINVERTERS21630",0,"neosolar_inverters_21630.jpg","inversores","NEOSOLAR","https://cdn.yellosolarhub.com/products/inversores/neosolar_inverters_21630.jpg",31016,"jpg"
"NEOSOLARINVERTERS21631",0,"neosolar_inverters_21631.jpg","inversores","NEOSOLAR","https://cdn.yellosolarhub.com/products/inversores/neosolar_inverters_21631.jpg",29677,"jpg"
"NEOSOLARINVERTERS21633",0,"neosolar_inverters_21633.jpg","inversores","NEOSOLAR","https://cdn.yellosolarhub.com/products/inversores/neosolar_inverters_21633.jpg",31016,"jpg"
"NEOSOLARINVERTERS21634",0,"neosolar_inverters_21634.jpg","inversores","NEOSOLAR","https://cdn.yellosolarhub.com/products/inversores/neosolar_inverters_21634.jpg",31016,"jpg"
"NEOSOLARINVERTERS21639",0,"neosolar_inverters_21639.jpg","inversores","NEOSOLAR","https://cdn.yellosolarhub.com/products/inversores/neosolar_inverters_21639.jpg",31016,"jpg"
"NEOSOLARINVERTERS21640",0,"neosolar_inverters_21640.jpg","inversores","NEOSOLAR","https://cdn.yellosolarhub.com/products/inversores/neosolar_inverters_21640.jpg",31016,"jpg"
"NEOSOLARINVERTERS21641",0,"neosolar_inverters_21641.jpg","inversores","NEOSOLAR","https://cdn.yellosolarhub.com/products/inversores/neosolar_inverters_21641.jpg",31016,"jpg"
"NEOSOLARINVERTERS21642",0,"neosolar_inverters_21642.jpg","inversores","NEOSOLAR","https://cdn.yellosolarhub.com/products/inversores/neosolar_inverters_21642.jpg",67897,"jpg"
"NEOSOLARINVERTERS21824",0,"neosolar_inverters_21824.jpg","inversores","NEOSOLAR","https://cdn.yellosolarhub.com/products/inversores/neosolar_inverters_21824.jpg",19686,"jpg"
"NEOSOLARINVERTERS22021",0,"neosolar_inverters_22021.jpg","inversores","NEOSOLAR","https://cdn.yellosolarhub.com/products/inversores/neosolar_inverters_22021.jpg",73783,"jpg"
"NEOSOLARINVERTERS22022",0,"neosolar_inverters_22022.jpg","inversores","NEOSOLAR","https://cdn.yellosolarhub.com/products/inversores/neosolar_inverters_22022.jpg",49278,"jpg"
"NEOSOLARINVERTERS22023",0,"neosolar_inverters_22023.jpg","inversores","NEOSOLAR","https://cdn.yellosolarhub.com/products/inversores/neosolar_inverters_22023.jpg",48787,"jpg"
"NEOSOLARINVERTERS22024",0,"neosolar_inverters_22024.jpg","inversores","NEOSOLAR","https://cdn.yellosolarhub.com/products/inversores/neosolar_inverters_22024.jpg",44633,"jpg"
"NEOSOLARINVERTERS22025",0,"neosolar_inverters_22025.jpg","inversores","NEOSOLAR","https://cdn.yellosolarhub.com/products/inversores/neosolar_inverters_22025.jpg",48275,"jpg"
"NEOSOLARINVERTERS22095",0,"neosolar_inverters_22095.jpg","inversores","NEOSOLAR","https://cdn.yellosolarhub.com/products/inversores/neosolar_inverters_22095.jpg",30606,"jpg"
"NEOSOLARINVERTERS22099",0,"neosolar_inverters_22099.jpg","inversores","NEOSOLAR","https://cdn.yellosolarhub.com/products/inversores/neosolar_inverters_22099.jpg",19686,"jpg"
"NEOSOLARINVERTERS22144",0,"neosolar_inverters_22144.jpg","inversores","NEOSOLAR","https://cdn.yellosolarhub.com/products/inversores/neosolar_inverters_22144.jpg",19690,"jpg"
"NEOSOLARINVERTERS22159",0,"neosolar_inverters_22159.jpg","inversores","NEOSOLAR","https://cdn.yellosolarhub.com/products/inversores/neosolar_inverters_22159.jpg",21629,"jpg"
"NEOSOLARINVERTERS22663",0,"NEOSOLAR_INVERTERS_22663.jpg","inversores","NEOSOLAR","https://cdn.yellosolarhub.com/products/inversores/NEOSOLAR_INVERTERS_22663.jpg",42636,"jpg"
"NEOSOLARINVERTERS22671",0,"NEOSOLAR_INVERTERS_22671.jpg","inversores","NEOSOLAR","https://cdn.yellosolarhub.com/products/inversores/NEOSOLAR_INVERTERS_22671.jpg",51482,"jpg"
"NEOSOLARINVERTERS22675",0,"NEOSOLAR_INVERTERS_22675.jpg","inversores","NEOSOLAR","https://cdn.yellosolarhub.com/products/inversores/NEOSOLAR_INVERTERS_22675.jpg",76459,"jpg"
"NEOSOLARINVERTERS22676",0,"NEOSOLAR_INVERTERS_22676.jpg","inversores","NEOSOLAR","https://cdn.yellosolarhub.com/products/inversores/NEOSOLAR_INVERTERS_22676.jpg",55099,"jpg"
"NEOSOLARINVERTERS22677",0,"NEOSOLAR_INVERTERS_22677.jpg","inversores","NEOSOLAR","https://cdn.yellosolarhub.com/products/inversores/NEOSOLAR_INVERTERS_22677.jpg",62083,"jpg"
"NEOSOLARINVERTERS22679",0,"NEOSOLAR_INVERTERS_22679.jpg","inversores","NEOSOLAR","https://cdn.yellosolarhub.com/products/inversores/NEOSOLAR_INVERTERS_22679.jpg",44649,"jpg"
"NEOSOLARINVERTERS22684",0,"NEOSOLAR_INVERTERS_22684.jpg","inversores","NEOSOLAR","https://cdn.yellosolarhub.com/products/inversores/NEOSOLAR_INVERTERS_22684.jpg",61899,"jpg"
"NEOSOLARINVERTERS22685",0,"NEOSOLAR_INVERTERS_22685.jpg","inversores","NEOSOLAR","https://cdn.yellosolarhub.com/products/inversores/NEOSOLAR_INVERTERS_22685.jpg",62709,"jpg"
"NEOSOLARINVERTERS22689",0,"NEOSOLAR_INVERTERS_22689.jpg","inversores","NEOSOLAR","https://cdn.yellosolarhub.com/products/inversores/NEOSOLAR_INVERTERS_22689.jpg",53482,"jpg"
"NEOSOLARINVERTERS22690",0,"NEOSOLAR_INVERTERS_22690.jpg","inversores","NEOSOLAR","https://cdn.yellosolarhub.com/products/inversores/NEOSOLAR_INVERTERS_22690.jpg",64224,"jpg"
"NEOSOLARINVERTERS22691",0,"NEOSOLAR_INVERTERS_22691.jpg","inversores","NEOSOLAR","https://cdn.yellosolarhub.com/products/inversores/NEOSOLAR_INVERTERS_22691.jpg",65933,"jpg"
"NEOSOLARINVERTERS22692",0,"NEOSOLAR_INVERTERS_22692.jpg","inversores","NEOSOLAR","https://cdn.yellosolarhub.com/products/inversores/NEOSOLAR_INVERTERS_22692.jpg",49891,"jpg"
"NEOSOLARINVERTERS22714",0,"neosolar_inverters_22714.jpg","inversores","NEOSOLAR","https://cdn.yellosolarhub.com/products/inversores/neosolar_inverters_22714.jpg",33903,"jpg"
"NEOSOLARINVERTERS22734",0,"neosolar_inverters_22734.jpg","inversores","NEOSOLAR","https://cdn.yellosolarhub.com/products/inversores/neosolar_inverters_22734.jpg",30606,"jpg"
"NEOSOLARINVERTERS22921",0,"neosolar_inverters_22921.jpg","inversores","NEOSOLAR","https://cdn.yellosolarhub.com/products/inversores/neosolar_inverters_22921.jpg",37935,"jpg"
"NEOSOLARINVERTERS23309",0,"neosolar_inverters_23309.jpg","inversores","NEOSOLAR","https://cdn.yellosolarhub.com/products/inversores/neosolar_inverters_23309.jpg",15747,"jpg"
"NEOSOLARINVERTERS23782",0,"neosolar_inverters_23782.jpg","inversores","NEOSOLAR","https://cdn.yellosolarhub.com/products/inversores/neosolar_inverters_23782.jpg",22245,"jpg"
"NEOSOLARINVERTERS23783",0,"neosolar_inverters_23783.jpg","inversores","NEOSOLAR","https://cdn.yellosolarhub.com/products/inversores/neosolar_inverters_23783.jpg",25941,"jpg"
"NEOSOLARINVERTERS24825",0,"neosolar_inverters_24825.jpg","inversores","NEOSOLAR","https://cdn.yellosolarhub.com/products/inversores/neosolar_inverters_24825.jpg",21626,"jpg"
"NEOSOLARINVERTERS24870",0,"neosolar_inverters_24870.jpg","inversores","NEOSOLAR","https://cdn.yellosolarhub.com/products/inversores/neosolar_inverters_24870.jpg",132423,"jpg"
"NEOSOLARINVERTERS24872",0,"neosolar_inverters_24872.jpg","inversores","NEOSOLAR","https://cdn.yellosolarhub.com/products/inversores/neosolar_inverters_24872.jpg",294629,"jpg"
"NEOSOLARINVERTERS24874",0,"neosolar_inverters_24874.jpg","inversores","NEOSOLAR","https://cdn.yellosolarhub.com/products/inversores/neosolar_inverters_24874.jpg",132423,"jpg"
"NEOSOLARINVERTERS24876",0,"neosolar_inverters_24876.jpg","inversores","NEOSOLAR","https://cdn.yellosolarhub.com/products/inversores/neosolar_inverters_24876.jpg",132423,"jpg"
"NEOSOLARINVERTERS24877",0,"neosolar_inverters_24877.jpg","inversores","NEOSOLAR","https://cdn.yellosolarhub.com/products/inversores/neosolar_inverters_24877.jpg",132423,"jpg"
"NEOSOLARINVERTERS24878",0,"neosolar_inverters_24878.jpg","inversores","NEOSOLAR","https://cdn.yellosolarhub.com/products/inversores/neosolar_inverters_24878.jpg",35495,"jpg"
"NEOSOLARINVERTERS24972",0,"neosolar_inverters_24972.jpg","inversores","NEOSOLAR","https://cdn.yellosolarhub.com/products/inversores/neosolar_inverters_24972.jpg",25451,"jpg"
"NEOSOLARINVERTERS24973",0,"neosolar_inverters_24973.jpg","inversores","NEOSOLAR","https://cdn.yellosolarhub.com/products/inversores/neosolar_inverters_24973.jpg",25451,"jpg"
"NEOSOLARINVERTERS25046",0,"NEOSOLAR_INVERTERS_25046.jpg","inversores","NEOSOLAR","https://cdn.yellosolarhub.com/products/inversores/NEOSOLAR_INVERTERS_25046.jpg",33581,"jpg"
"NEOSOLARINVERTERS25050",0,"NEOSOLAR_INVERTERS_25050.jpg","inversores","NEOSOLAR","https://cdn.yellosolarhub.com/products/inversores/NEOSOLAR_INVERTERS_25050.jpg",57348,"jpg"
"NEOSOLARINVERTERS25055",0,"NEOSOLAR_INVERTERS_25055.jpg","inversores","NEOSOLAR","https://cdn.yellosolarhub.com/products/inversores/NEOSOLAR_INVERTERS_25055.jpg",67984,"jpg"
"NEOSOLARINVERTERS26628",0,"NEOSOLAR_INVERTERS_26628.jpg","inversores","NEOSOLAR","https://cdn.yellosolarhub.com/products/inversores/NEOSOLAR_INVERTERS_26628.jpg",59464,"jpg"
"NEOSOLARINVERTERS26630",0,"NEOSOLAR_INVERTERS_26630.jpg","inversores","NEOSOLAR","https://cdn.yellosolarhub.com/products/inversores/NEOSOLAR_INVERTERS_26630.jpg",38903,"jpg"
"NEOSOLARINVERTERS26657",0,"NEOSOLAR_INVERTERS_26657.jpg","inversores","NEOSOLAR","https://cdn.yellosolarhub.com/products/inversores/NEOSOLAR_INVERTERS_26657.jpg",39265,"jpg"
"NEOSOLARINVERTERS26669",0,"NEOSOLAR_INVERTERS_26669.jpg","inversores","NEOSOLAR","https://cdn.yellosolarhub.com/products/inversores/NEOSOLAR_INVERTERS_26669.jpg",39265,"jpg"
"NEOSOLARINVERTERS26673",0,"NEOSOLAR_INVERTERS_26673.jpg","inversores","NEOSOLAR","https://cdn.yellosolarhub.com/products/inversores/NEOSOLAR_INVERTERS_26673.jpg",37322,"jpg"
"NEOSOLARINVERTERS26674",0,"NEOSOLAR_INVERTERS_26674.jpg","inversores","NEOSOLAR","https://cdn.yellosolarhub.com/products/inversores/NEOSOLAR_INVERTERS_26674.jpg",35719,"jpg"
"NEOSOLARINVERTERS26675",0,"NEOSOLAR_INVERTERS_26675.jpg","inversores","NEOSOLAR","https://cdn.yellosolarhub.com/products/inversores/NEOSOLAR_INVERTERS_26675.jpg",40531,"jpg"
"NEOSOLARINVERTERS26689",0,"NEOSOLAR_INVERTERS_26689.jpg","inversores","NEOSOLAR","https://cdn.yellosolarhub.com/products/inversores/NEOSOLAR_INVERTERS_26689.jpg",46024,"jpg"
"NEOSOLARINVERTERS26690",0,"NEOSOLAR_INVERTERS_26690.jpg","inversores","NEOSOLAR","https://cdn.yellosolarhub.com/products/inversores/NEOSOLAR_INVERTERS_26690.jpg",70067,"jpg"
"NEOSOLARINVERTERS26691",0,"NEOSOLAR_INVERTERS_26691.jpg","inversores","NEOSOLAR","https://cdn.yellosolarhub.com/products/inversores/NEOSOLAR_INVERTERS_26691.jpg",66988,"jpg"
"NEOSOLARINVERTERS26692",0,"NEOSOLAR_INVERTERS_26692.jpg","inversores","NEOSOLAR","https://cdn.yellosolarhub.com/products/inversores/NEOSOLAR_INVERTERS_26692.jpg",68891,"jpg"
"NEOSOLARINVERTERS26693",0,"NEOSOLAR_INVERTERS_26693.jpg","inversores","NEOSOLAR","https://cdn.yellosolarhub.com/products/inversores/NEOSOLAR_INVERTERS_26693.jpg",70545,"jpg"
"NEOSOLARINVERTERS26753",0,"NEOSOLAR_INVERTERS_26753.jpg","inversores","NEOSOLAR","https://cdn.yellosolarhub.com/products/inversores/NEOSOLAR_INVERTERS_26753.jpg",40261,"jpg"
"NEOSOLARINVERTERS26754",0,"NEOSOLAR_INVERTERS_26754.jpg","inversores","NEOSOLAR","https://cdn.yellosolarhub.com/products/inversores/NEOSOLAR_INVERTERS_26754.jpg",41145,"jpg"
"NEOSOLARINVERTERS26755",0,"NEOSOLAR_INVERTERS_26755.jpg","inversores","NEOSOLAR","https://cdn.yellosolarhub.com/products/inversores/NEOSOLAR_INVERTERS_26755.jpg",37403,"jpg"
"NEOSOLARINVERTERS26765",0,"NEOSOLAR_INVERTERS_26765.jpg","inversores","NEOSOLAR","https://cdn.yellosolarhub.com/products/inversores/NEOSOLAR_INVERTERS_26765.jpg",37322,"jpg"
"NEOSOLARINVERTERS26766",0,"NEOSOLAR_INVERTERS_26766.jpg","inversores","NEOSOLAR","https://cdn.yellosolarhub.com/products/inversores/NEOSOLAR_INVERTERS_26766.jpg",43050,"jpg"
"NEOSOLARINVERTERS26767",0,"NEOSOLAR_INVERTERS_26767.jpg","inversores","NEOSOLAR","https://cdn.yellosolarhub.com/products/inversores/NEOSOLAR_INVERTERS_26767.jpg",38903,"jpg"
"NEOSOLARINVERTERS26768",0,"NEOSOLAR_INVERTERS_26768.jpg","inversores","NEOSOLAR","https://cdn.yellosolarhub.com/products/inversores/NEOSOLAR_INVERTERS_26768.jpg",37403,"jpg"
"NEOSOLARINVERTERS26783",0,"NEOSOLAR_INVERTERS_26783.jpg","inversores","NEOSOLAR","https://cdn.yellosolarhub.com/products/inversores/NEOSOLAR_INVERTERS_26783.jpg",59464,"jpg"
"NEOSOLARINVERTERS26785",0,"NEOSOLAR_INVERTERS_26785.jpg","inversores","NEOSOLAR","https://cdn.yellosolarhub.com/products/inversores/NEOSOLAR_INVERTERS_26785.jpg",48092,"jpg"
"NEOSOLARINVERTERS26795",0,"NEOSOLAR_INVERTERS_26795.jpg","inversores","NEOSOLAR","https://cdn.yellosolarhub.com/products/inversores/NEOSOLAR_INVERTERS_26795.jpg",38671,"jpg"
"NEOSOLARINVERTERS26799",0,"NEOSOLAR_INVERTERS_26799.jpg","inversores","NEOSOLAR","https://cdn.yellosolarhub.com/products/inversores/NEOSOLAR_INVERTERS_26799.jpg",37322,"jpg"
"NEOSOLARINVERTERS26815",0,"NEOSOLAR_INVERTERS_26815.jpg","inversores","NEOSOLAR","https://cdn.yellosolarhub.com/products/inversores/NEOSOLAR_INVERTERS_26815.jpg",57348,"jpg"
"NEOSOLARINVERTERS26816",0,"NEOSOLAR_INVERTERS_26816.jpg","inversores","NEOSOLAR","https://cdn.yellosolarhub.com/products/inversores/NEOSOLAR_INVERTERS_26816.jpg",59445,"jpg"
"NEOSOLARINVERTERS26817",0,"NEOSOLAR_INVERTERS_26817.jpg","inversores","NEOSOLAR","https://cdn.yellosolarhub.com/products/inversores/NEOSOLAR_INVERTERS_26817.jpg",35719,"jpg"
"NEOSOLARINVERTERS26845",0,"NEOSOLAR_INVERTERS_26845.jpg","inversores","NEOSOLAR","https://cdn.yellosolarhub.com/products/inversores/NEOSOLAR_INVERTERS_26845.jpg",59445,"jpg"
"NEOSOLARINVERTERS26846",0,"NEOSOLAR_INVERTERS_26846.jpg","inversores","NEOSOLAR","https://cdn.yellosolarhub.com/products/inversores/NEOSOLAR_INVERTERS_26846.jpg",42437,"jpg"
"NEOSOLARINVERTERS26847",0,"NEOSOLAR_INVERTERS_26847.jpg","inversores","NEOSOLAR","https://cdn.yellosolarhub.com/products/inversores/NEOSOLAR_INVERTERS_26847.jpg",46216,"jpg"
"NEOSOLARINVERTERS26848",0,"NEOSOLAR_INVERTERS_26848.jpg","inversores","NEOSOLAR","https://cdn.yellosolarhub.com/products/inversores/NEOSOLAR_INVERTERS_26848.jpg",42462,"jpg"
"NEOSOLARINVERTERS26849",0,"NEOSOLAR_INVERTERS_26849.jpg","inversores","NEOSOLAR","https://cdn.yellosolarhub.com/products/inversores/NEOSOLAR_INVERTERS_26849.jpg",46166,"jpg"
"NEOSOLARINVERTERS26857",0,"NEOSOLAR_INVERTERS_26857.jpg","inversores","NEOSOLAR","https://cdn.yellosolarhub.com/products/inversores/NEOSOLAR_INVERTERS_26857.jpg",59445,"jpg"
"NEOSOLARINVERTERS26858",0,"NEOSOLAR_INVERTERS_26858.jpg","inversores","NEOSOLAR","https://cdn.yellosolarhub.com/products/inversores/NEOSOLAR_INVERTERS_26858.jpg",67984,"jpg"
"NEOSOLARINVERTERS26859",0,"NEOSOLAR_INVERTERS_26859.jpg","inversores","NEOSOLAR","https://cdn.yellosolarhub.com/products/inversores/NEOSOLAR_INVERTERS_26859.jpg",44310,"jpg"
"NEOSOLARINVERTERS26860",0,"NEOSOLAR_INVERTERS_26860.jpg","inversores","NEOSOLAR","https://cdn.yellosolarhub.com/products/inversores/NEOSOLAR_INVERTERS_26860.jpg",38903,"jpg"
"NEOSOLARINVERTERS26861",0,"NEOSOLAR_INVERTERS_26861.jpg","inversores","NEOSOLAR","https://cdn.yellosolarhub.com/products/inversores/NEOSOLAR_INVERTERS_26861.jpg",35719,"jpg"
"NEOSOLARINVERTERS26922",0,"NEOSOLAR_INVERTERS_26922.jpg","inversores","NEOSOLAR","https://cdn.yellosolarhub.com/products/inversores/NEOSOLAR_INVERTERS_26922.jpg",43549,"jpg"
"NEOSOLARINVERTERS26923",0,"NEOSOLAR_INVERTERS_26923.jpg","inversores","NEOSOLAR","https://cdn.yellosolarhub.com/products/inversores/NEOSOLAR_INVERTERS_26923.jpg",39799,"jpg"
"NEOSOLARINVERTERS26924",0,"NEOSOLAR_INVERTERS_26924.jpg","inversores","NEOSOLAR","https://cdn.yellosolarhub.com/products/inversores/NEOSOLAR_INVERTERS_26924.jpg",42779,"jpg"
"NEOSOLARINVERTERS26927",0,"NEOSOLAR_INVERTERS_26927.jpg","inversores","NEOSOLAR","https://cdn.yellosolarhub.com/products/inversores/NEOSOLAR_INVERTERS_26927.jpg",43549,"jpg"
"NEOSOLARINVERTERS26929",0,"NEOSOLAR_INVERTERS_26929.jpg","inversores","NEOSOLAR","https://cdn.yellosolarhub.com/products/inversores/NEOSOLAR_INVERTERS_26929.jpg",57348,"jpg"
"NEOSOLARINVERTERS26930",0,"NEOSOLAR_INVERTERS_26930.jpg","inversores","NEOSOLAR","https://cdn.yellosolarhub.com/products/inversores/NEOSOLAR_INVERTERS_26930.jpg",43549,"jpg"
"NEOSOLARINVERTERS26931",0,"NEOSOLAR_INVERTERS_26931.jpg","inversores","NEOSOLAR","https://cdn.yellosolarhub.com/products/inversores/NEOSOLAR_INVERTERS_26931.jpg",57348,"jpg"
"NEOSOLARINVERTERS26934",0,"NEOSOLAR_INVERTERS_26934.jpg","inversores","NEOSOLAR","https://cdn.yellosolarhub.com/products/inversores/NEOSOLAR_INVERTERS_26934.jpg",42779,"jpg"
"NEOSOLARINVERTERS26936",0,"NEOSOLAR_INVERTERS_26936.jpg","inversores","NEOSOLAR","https://cdn.yellosolarhub.com/products/inversores/NEOSOLAR_INVERTERS_26936.jpg",39799,"jpg"
"NEOSOLARINVERTERS26937",0,"NEOSOLAR_INVERTERS_26937.jpg","inversores","NEOSOLAR","https://cdn.yellosolarhub.com/products/inversores/NEOSOLAR_INVERTERS_26937.jpg",40531,"jpg"
"NEOSOLARINVERTERS26938",0,"NEOSOLAR_INVERTERS_26938.jpg","inversores","NEOSOLAR","https://cdn.yellosolarhub.com/products/inversores/NEOSOLAR_INVERTERS_26938.jpg",57348,"jpg"
"NEOSOLARINVERTERS26941",0,"NEOSOLAR_INVERTERS_26941.jpg","inversores","NEOSOLAR","https://cdn.yellosolarhub.com/products/inversores/NEOSOLAR_INVERTERS_26941.jpg",43549,"jpg"
"NEOSOLARINVERTERS26943",0,"NEOSOLAR_INVERTERS_26943.jpg","inversores","NEOSOLAR","https://cdn.yellosolarhub.com/products/inversores/NEOSOLAR_INVERTERS_26943.jpg",57348,"jpg"
"NEOSOLARINVERTERS26944",0,"NEOSOLAR_INVERTERS_26944.jpg","inversores","NEOSOLAR","https://cdn.yellosolarhub.com/products/inversores/NEOSOLAR_INVERTERS_26944.jpg",39799,"jpg"
"NEOSOLARINVERTERS26945",0,"NEOSOLAR_INVERTERS_26945.jpg","inversores","NEOSOLAR","https://cdn.yellosolarhub.com/products/inversores/NEOSOLAR_INVERTERS_26945.jpg",42779,"jpg"
"NEOSOLARINVERTERS26948",0,"NEOSOLAR_INVERTERS_26948.jpg","inversores","NEOSOLAR","https://cdn.yellosolarhub.com/products/inversores/NEOSOLAR_INVERTERS_26948.jpg",57348,"jpg"
"NEOSOLARINVERTERS27091",0,"NEOSOLAR_INVERTERS_27091.jpg","inversores","NEOSOLAR","https://cdn.yellosolarhub.com/products/inversores/NEOSOLAR_INVERTERS_27091.jpg",38608,"jpg"
"NEOSOLARINVERTERS27093",0,"NEOSOLAR_INVERTERS_27093.jpg","inversores","NEOSOLAR","https://cdn.yellosolarhub.com/products/inversores/NEOSOLAR_INVERTERS_27093.jpg",44333,"jpg"
"NEOSOLARINVERTERS27128",0,"NEOSOLAR_INVERTERS_27128.jpg","inversores","NEOSOLAR","https://cdn.yellosolarhub.com/products/inversores/NEOSOLAR_INVERTERS_27128.jpg",35683,"jpg"
"NEOSOLARINVERTERS27130",0,"NEOSOLAR_INVERTERS_27130.jpg","inversores","NEOSOLAR","https://cdn.yellosolarhub.com/products/inversores/NEOSOLAR_INVERTERS_27130.jpg",59445,"jpg"
"NEOSOLARINVERTERS27131",0,"NEOSOLAR_INVERTERS_27131.jpg","inversores","NEOSOLAR","https://cdn.yellosolarhub.com/products/inversores/NEOSOLAR_INVERTERS_27131.jpg",38608,"jpg"
"NEOSOLARINVERTERS27134",0,"NEOSOLAR_INVERTERS_27134.jpg","inversores","NEOSOLAR","https://cdn.yellosolarhub.com/products/inversores/NEOSOLAR_INVERTERS_27134.jpg",45803,"jpg"
"NEOSOLARINVERTERS27136",0,"NEOSOLAR_INVERTERS_27136.jpg","inversores","NEOSOLAR","https://cdn.yellosolarhub.com/products/inversores/NEOSOLAR_INVERTERS_27136.jpg",59464,"jpg"
"NEOSOLARINVERTERS27137",0,"NEOSOLAR_INVERTERS_27137.jpg","inversores","NEOSOLAR","https://cdn.yellosolarhub.com/products/inversores/NEOSOLAR_INVERTERS_27137.jpg",41145,"jpg"
"NEOSOLARINVERTERS27141",0,"NEOSOLAR_INVERTERS_27141.jpg","inversores","NEOSOLAR","https://cdn.yellosolarhub.com/products/inversores/NEOSOLAR_INVERTERS_27141.jpg",48096,"jpg"
"NEOSOLARINVERTERS27146",0,"NEOSOLAR_INVERTERS_27146.jpg","inversores","NEOSOLAR","https://cdn.yellosolarhub.com/products/inversores/NEOSOLAR_INVERTERS_27146.jpg",39799,"jpg"
"NEOSOLARINVERTERS27149",0,"NEOSOLAR_INVERTERS_27149.jpg","inversores","NEOSOLAR","https://cdn.yellosolarhub.com/products/inversores/NEOSOLAR_INVERTERS_27149.jpg",42779,"jpg"
"NEOSOLARINVERTERS27150",0,"NEOSOLAR_INVERTERS_27150.jpg","inversores","NEOSOLAR","https://cdn.yellosolarhub.com/products/inversores/NEOSOLAR_INVERTERS_27150.jpg",43549,"jpg"
"NEOSOLARINVERTERS27152",0,"NEOSOLAR_INVERTERS_27152.jpg","inversores","NEOSOLAR","https://cdn.yellosolarhub.com/products/inversores/NEOSOLAR_INVERTERS_27152.jpg",42779,"jpg"
"NEOSOLARINVERTERS27153",0,"NEOSOLAR_INVERTERS_27153.jpg","inversores","NEOSOLAR","https://cdn.yellosolarhub.com/products/inversores/NEOSOLAR_INVERTERS_27153.jpg",32002,"jpg"
"NEOSOLARINVERTERS27156",0,"NEOSOLAR_INVERTERS_27156.jpg","inversores","NEOSOLAR","https://cdn.yellosolarhub.com/products/inversores/NEOSOLAR_INVERTERS_27156.jpg",57348,"jpg"
"NEOSOLARINVERTERS27157",0,"NEOSOLAR_INVERTERS_27157.jpg","inversores","NEOSOLAR","https://cdn.yellosolarhub.com/products/inversores/NEOSOLAR_INVERTERS_27157.jpg",39799,"jpg"
"NEOSOLARINVERTERS27160",0,"NEOSOLAR_INVERTERS_27160.jpg","inversores","NEOSOLAR","https://cdn.yellosolarhub.com/products/inversores/NEOSOLAR_INVERTERS_27160.jpg",42779,"jpg"
"NEOSOLARINVERTERS27161",0,"NEOSOLAR_INVERTERS_27161.jpg","inversores","NEOSOLAR","https://cdn.yellosolarhub.com/products/inversores/NEOSOLAR_INVERTERS_27161.jpg",57348,"jpg"
"NEOSOLARINVERTERS27162",0,"NEOSOLAR_INVERTERS_27162.jpg","inversores","NEOSOLAR","https://cdn.yellosolarhub.com/products/inversores/NEOSOLAR_INVERTERS_27162.jpg",43549,"jpg"
"NEOSOLARINVERTERS27163",0,"NEOSOLAR_INVERTERS_27163.jpg","inversores","NEOSOLAR","https://cdn.yellosolarhub.com/products/inversores/NEOSOLAR_INVERTERS_27163.jpg",43549,"jpg"
"NEOSOLARINVERTERS27166",0,"NEOSOLAR_INVERTERS_27166.jpg","inversores","NEOSOLAR","https://cdn.yellosolarhub.com/products/inversores/NEOSOLAR_INVERTERS_27166.jpg",31237,"jpg"
"NEOSOLARINVERTERS27167",0,"NEOSOLAR_INVERTERS_27167.jpg","inversores","NEOSOLAR","https://cdn.yellosolarhub.com/products/inversores/NEOSOLAR_INVERTERS_27167.jpg",32002,"jpg"
"NEOSOLARINVERTERS27171",0,"NEOSOLAR_INVERTERS_27171.jpg","inversores","NEOSOLAR","https://cdn.yellosolarhub.com/products/inversores/NEOSOLAR_INVERTERS_27171.jpg",42779,"jpg"
"NEOSOLARINVERTERS27401",0,"NEOSOLAR_INVERTERS_27401.jpg","inversores","NEOSOLAR","https://cdn.yellosolarhub.com/products/inversores/NEOSOLAR_INVERTERS_27401.jpg",42788,"jpg"
"NEOSOLARINVERTERS27406",0,"NEOSOLAR_INVERTERS_27406.jpg","inversores","NEOSOLAR","https://cdn.yellosolarhub.com/products/inversores/NEOSOLAR_INVERTERS_27406.jpg",39799,"jpg"
"ODEXODEXESTRUTURASOLARGROUPCOLONIAL",0,"ODEX-ODEX-ESTRUTURA-SOLARGROUP-COLONIAL.jpg","inversores","unknown","https://cdn.yellosolarhub.com/products/inversores/ODEX-ODEX-ESTRUTURA-SOLARGROUP-COLONIAL.jpg",37349,"jpg"
"ODEXODEXESTRUTURASOLARGROUPFIBROCIMENTO",0,"ODEX-ODEX-ESTRUTURA-SOLARGROUP-FIBROCIMENTO.jpg","inversores","unknown","https://cdn.yellosolarhub.com/products/inversores/ODEX-ODEX-ESTRUTURA-SOLARGROUP-FIBROCIMENTO.jpg",37349,"jpg"
"ODEXODEXESTRUTURASOLARGROUPFIBROCIMENTO1",0,"ODEX-ODEX-ESTRUTURA-SOLARGROUP-FIBROCIMENTO-1.jpg","inversores","unknown","https://cdn.yellosolarhub.com/products/inversores/ODEX-ODEX-ESTRUTURA-SOLARGROUP-FIBROCIMENTO-1.jpg",37349,"jpg"
"ODEXODEXESTRUTURASOLARGROUPMETALICO",0,"ODEX-ODEX-ESTRUTURA-SOLARGROUP-METALICO.jpg","inversores","unknown","https://cdn.yellosolarhub.com/products/inversores/ODEX-ODEX-ESTRUTURA-SOLARGROUP-METALICO.jpg",37349,"jpg"
"ODEXODEXESTRUTURASOLARGROUPSOLO",0,"ODEX-ODEX-ESTRUTURA-SOLARGROUP-SOLO.jpg","inversores","unknown","https://cdn.yellosolarhub.com/products/inversores/ODEX-ODEX-ESTRUTURA-SOLARGROUP-SOLO.jpg",37349,"jpg"
"ODEXODEXESTRUTURASOLARGROUPSOLO1",0,"ODEX-ODEX-ESTRUTURA-SOLARGROUP-SOLO-1.jpg","inversores","unknown","https://cdn.yellosolarhub.com/products/inversores/ODEX-ODEX-ESTRUTURA-SOLARGROUP-SOLO-1.jpg",37349,"jpg"
"ODEXODEXINVCHINT10000W",0,"ODEX-ODEX-INV-CHINT-10000W.jpg","inversores","unknown","https://cdn.yellosolarhub.com/products/inversores/ODEX-ODEX-INV-CHINT-10000W.jpg",37349,"jpg"
"ODEXODEXINVCHINT3000W",0,"ODEX-ODEX-INV-CHINT-3000W.jpg","inversores","unknown","https://cdn.yellosolarhub.com/products/inversores/ODEX-ODEX-INV-CHINT-3000W.jpg",37349,"jpg"
"ODEXODEXINVCHINT5000W",0,"ODEX-ODEX-INV-CHINT-5000W.jpg","inversores","unknown","https://cdn.yellosolarhub.com/products/inversores/ODEX-ODEX-INV-CHINT-5000W.jpg",37349,"jpg"
"ODEXODEXINVCHINT8000W",0,"ODEX-ODEX-INV-CHINT-8000W.jpg","inversores","unknown","https://cdn.yellosolarhub.com/products/inversores/ODEX-ODEX-INV-CHINT-8000W.jpg",37349,"jpg"
"ODEXODEXINVDEYE1200W",0,"ODEX-ODEX-INV-DEYE-1200W.jpg","inversores","DEYE","https://cdn.yellosolarhub.com/products/inversores/ODEX-ODEX-INV-DEYE-1200W.jpg",37349,"jpg"
"ODEXODEXINVDEYE2400W",0,"ODEX-ODEX-INV-DEYE-2400W.jpg","inversores","DEYE","https://cdn.yellosolarhub.com/products/inversores/ODEX-ODEX-INV-DEYE-2400W.jpg",37349,"jpg"
"ODEXODEXINVDEYE5000W",0,"ODEX-ODEX-INV-DEYE-5000W.jpg","inversores","DEYE","https://cdn.yellosolarhub.com/products/inversores/ODEX-ODEX-INV-DEYE-5000W.jpg",37349,"jpg"
"ODEXODEXINVDEYE6000W",0,"ODEX-ODEX-INV-DEYE-6000W.jpg","inversores","DEYE","https://cdn.yellosolarhub.com/products/inversores/ODEX-ODEX-INV-DEYE-6000W.jpg",37349,"jpg"
"ODEXODEXINVDEYE8000W",0,"ODEX-ODEX-INV-DEYE-8000W.jpg","inversores","DEYE","https://cdn.yellosolarhub.com/products/inversores/ODEX-ODEX-INV-DEYE-8000W.jpg",37349,"jpg"
"ODEXODEXINVDEYE800W",0,"ODEX-ODEX-INV-DEYE-800W.jpg","inversores","DEYE","https://cdn.yellosolarhub.com/products/inversores/ODEX-ODEX-INV-DEYE-800W.jpg",37349,"jpg"
"ODEXODEXINVGROWATT100000W",0,"ODEX-ODEX-INV-GROWATT-100000W.jpg","inversores","GROWATT","https://cdn.yellosolarhub.com/products/inversores/ODEX-ODEX-INV-GROWATT-100000W.jpg",37349,"jpg"
"ODEXODEXINVGROWATT10000W",0,"ODEX-ODEX-INV-GROWATT-10000W.jpg","inversores","GROWATT","https://cdn.yellosolarhub.com/products/inversores/ODEX-ODEX-INV-GROWATT-10000W.jpg",37349,"jpg"
"ODEXODEXINVGROWATT10000W1",0,"ODEX-ODEX-INV-GROWATT-10000W-1.jpg","inversores","GROWATT","https://cdn.yellosolarhub.com/products/inversores/ODEX-ODEX-INV-GROWATT-10000W-1.jpg",37349,"jpg"
"ODEXODEXINVGROWATT125000W",0,"ODEX-ODEX-INV-GROWATT-125000W.jpg","inversores","GROWATT","https://cdn.yellosolarhub.com/products/inversores/ODEX-ODEX-INV-GROWATT-125000W.jpg",37349,"jpg"
"ODEXODEXINVGROWATT15000W",0,"ODEX-ODEX-INV-GROWATT-15000W.jpg","inversores","GROWATT","https://cdn.yellosolarhub.com/products/inversores/ODEX-ODEX-INV-GROWATT-15000W.jpg",37349,"jpg"
"ODEXODEXINVGROWATT20000W",0,"ODEX-ODEX-INV-GROWATT-20000W.jpg","inversores","GROWATT","https://cdn.yellosolarhub.com/products/inversores/ODEX-ODEX-INV-GROWATT-20000W.jpg",37349,"jpg"
"ODEXODEXINVGROWATT25000W",0,"ODEX-ODEX-INV-GROWATT-25000W.jpg","inversores","GROWATT","https://cdn.yellosolarhub.com/products/inversores/ODEX-ODEX-INV-GROWATT-25000W.jpg",37349,"jpg"
"ODEXODEXINVGROWATT3000W",0,"ODEX-ODEX-INV-GROWATT-3000W.jpg","inversores","GROWATT","https://cdn.yellosolarhub.com/products/inversores/ODEX-ODEX-INV-GROWATT-3000W.jpg",37349,"jpg"
"ODEXODEXINVGROWATT3000W1",0,"ODEX-ODEX-INV-GROWATT-3000W-1.jpg","inversores","GROWATT","https://cdn.yellosolarhub.com/products/inversores/ODEX-ODEX-INV-GROWATT-3000W-1.jpg",37349,"jpg"
"ODEXODEXINVGROWATT3300W",0,"ODEX-ODEX-INV-GROWATT-3300W.jpg","inversores","GROWATT","https://cdn.yellosolarhub.com/products/inversores/ODEX-ODEX-INV-GROWATT-3300W.jpg",37349,"jpg"
"ODEXODEXINVGROWATT4000W",0,"ODEX-ODEX-INV-GROWATT-4000W.jpg","inversores","GROWATT","https://cdn.yellosolarhub.com/products/inversores/ODEX-ODEX-INV-GROWATT-4000W.jpg",37349,"jpg"
"ODEXODEXINVGROWATT50000W",0,"ODEX-ODEX-INV-GROWATT-50000W.jpg","inversores","GROWATT","https://cdn.yellosolarhub.com/products/inversores/ODEX-ODEX-INV-GROWATT-50000W.jpg",37349,"jpg"
"ODEXODEXINVGROWATT5000W",0,"ODEX-ODEX-INV-GROWATT-5000W.jpg","inversores","GROWATT","https://cdn.yellosolarhub.com/products/inversores/ODEX-ODEX-INV-GROWATT-5000W.jpg",37349,"jpg"
"ODEXODEXINVGROWATT6000W",0,"ODEX-ODEX-INV-GROWATT-6000W.jpg","inversores","GROWATT","https://cdn.yellosolarhub.com/products/inversores/ODEX-ODEX-INV-GROWATT-6000W.jpg",37349,"jpg"
"ODEXODEXINVGROWATT6000W1",0,"ODEX-ODEX-INV-GROWATT-6000W-1.jpg","inversores","GROWATT","https://cdn.yellosolarhub.com/products/inversores/ODEX-ODEX-INV-GROWATT-6000W-1.jpg",37349,"jpg"
"ODEXODEXINVGROWATT75000W",0,"ODEX-ODEX-INV-GROWATT-75000W.jpg","inversores","GROWATT","https://cdn.yellosolarhub.com/products/inversores/ODEX-ODEX-INV-GROWATT-75000W.jpg",37349,"jpg"
"ODEXODEXINVGROWATT8000W",0,"ODEX-ODEX-INV-GROWATT-8000W.jpg","inversores","GROWATT","https://cdn.yellosolarhub.com/products/inversores/ODEX-ODEX-INV-GROWATT-8000W.jpg",37349,"jpg"
"ODEXODEXINVGROWATT8000W1",0,"ODEX-ODEX-INV-GROWATT-8000W-1.jpg","inversores","GROWATT","https://cdn.yellosolarhub.com/products/inversores/ODEX-ODEX-INV-GROWATT-8000W-1.jpg",37349,"jpg"
"ODEXODEXINVSAJ10000W",0,"ODEX-ODEX-INV-SAJ-10000W.jpg","inversores","unknown","https://cdn.yellosolarhub.com/products/inversores/ODEX-ODEX-INV-SAJ-10000W.jpg",37349,"jpg"
"ODEXODEXINVSAJ12000W",0,"ODEX-ODEX-INV-SAJ-12000W.jpg","inversores","unknown","https://cdn.yellosolarhub.com/products/inversores/ODEX-ODEX-INV-SAJ-12000W.jpg",37349,"jpg"
"ODEXODEXINVSAJ15000W",0,"ODEX-ODEX-INV-SAJ-15000W.jpg","inversores","unknown","https://cdn.yellosolarhub.com/products/inversores/ODEX-ODEX-INV-SAJ-15000W.jpg",37349,"jpg"
"ODEXODEXINVSAJ17000W",0,"ODEX-ODEX-INV-SAJ-17000W.jpg","inversores","unknown","https://cdn.yellosolarhub.com/products/inversores/ODEX-ODEX-INV-SAJ-17000W.jpg",37349,"jpg"
"ODEXODEXINVSAJ20000W",0,"ODEX-ODEX-INV-SAJ-20000W.jpg","inversores","unknown","https://cdn.yellosolarhub.com/products/inversores/ODEX-ODEX-INV-SAJ-20000W.jpg",37349,"jpg"
"ODEXODEXINVSAJ25000W",0,"ODEX-ODEX-INV-SAJ-25000W.jpg","inversores","unknown","https://cdn.yellosolarhub.com/products/inversores/ODEX-ODEX-INV-SAJ-25000W.jpg",37349,"jpg"
"ODEXODEXINVSAJ3000W",0,"ODEX-ODEX-INV-SAJ-3000W.jpg","inversores","unknown","https://cdn.yellosolarhub.com/products/inversores/ODEX-ODEX-INV-SAJ-3000W.jpg",37349,"jpg"
"ODEXODEXINVSAJ4200W",0,"ODEX-ODEX-INV-SAJ-4200W.jpg","inversores","unknown","https://cdn.yellosolarhub.com/products/inversores/ODEX-ODEX-INV-SAJ-4200W.jpg",37349,"jpg"
"ODEXODEXINVSAJ5000W",0,"ODEX-ODEX-INV-SAJ-5000W.jpg","inversores","unknown","https://cdn.yellosolarhub.com/products/inversores/ODEX-ODEX-INV-SAJ-5000W.jpg",37349,"jpg"
"ODEXODEXINVSAJ6000W",0,"ODEX-ODEX-INV-SAJ-6000W.jpg","inversores","unknown","https://cdn.yellosolarhub.com/products/inversores/ODEX-ODEX-INV-SAJ-6000W.jpg",37349,"jpg"
"ODEXODEXINVSAJ8000W",0,"ODEX-ODEX-INV-SAJ-8000W.jpg","inversores","unknown","https://cdn.yellosolarhub.com/products/inversores/ODEX-ODEX-INV-SAJ-8000W.jpg",37349,"jpg"
"ODEXODEXINVSOFAR3300W",0,"ODEX-ODEX-INV-SOFAR-3300W.jpg","inversores","unknown","https://cdn.yellosolarhub.com/products/inversores/ODEX-ODEX-INV-SOFAR-3300W.jpg",37349,"jpg"
"ODEXODEXINVSOFAR5000W",0,"ODEX-ODEX-INV-SOFAR-5000W.jpg","inversores","unknown","https://cdn.yellosolarhub.com/products/inversores/ODEX-ODEX-INV-SOFAR-5000W.jpg",37349,"jpg"
"ODEXODEXINVSOFAR6000W",0,"ODEX-ODEX-INV-SOFAR-6000W.jpg","inversores","unknown","https://cdn.yellosolarhub.com/products/inversores/ODEX-ODEX-INV-SOFAR-6000W.jpg",37349,"jpg"
"ODEXODEXINVSOLAX10000W",0,"ODEX-ODEX-INV-SOLAX-10000W.jpg","inversores","unknown","https://cdn.yellosolarhub.com/products/inversores/ODEX-ODEX-INV-SOLAX-10000W.jpg",37349,"jpg"
"ODEXODEXINVSOLAX5000W",0,"ODEX-ODEX-INV-SOLAX-5000W.jpg","inversores","unknown","https://cdn.yellosolarhub.com/products/inversores/ODEX-ODEX-INV-SOLAX-5000W.jpg",37349,"jpg"
"ODEXODEXINVSOLAX8000W",0,"ODEX-ODEX-INV-SOLAX-8000W.jpg","inversores","unknown","https://cdn.yellosolarhub.com/products/inversores/ODEX-ODEX-INV-SOLAX-8000W.jpg",37349,"jpg"
"ODEXODEXPAINELASTRONERGY600W",0,"ODEX-ODEX-PAINEL-ASTRONERGY-600W.jpg","inversores","unknown","https://cdn.yellosolarhub.com/products/inversores/ODEX-ODEX-PAINEL-ASTRONERGY-600W.jpg",37349,"jpg"
"ODEXODEXPAINELJINKO610W",0,"ODEX-ODEX-PAINEL-JINKO-610W.jpg","inversores","JINKO","https://cdn.yellosolarhub.com/products/inversores/ODEX-ODEX-PAINEL-JINKO-610W.jpg",37349,"jpg"
"ODEXODEXPAINELJINKO615W",0,"ODEX-ODEX-PAINEL-JINKO-615W.jpg","inversores","JINKO","https://cdn.yellosolarhub.com/products/inversores/ODEX-ODEX-PAINEL-JINKO-615W.jpg",37349,"jpg"
"ODEXODEXPAINELODEX585W",0,"ODEX-ODEX-PAINEL-ODEX-585W.jpg","inversores","unknown","https://cdn.yellosolarhub.com/products/inversores/ODEX-ODEX-PAINEL-ODEX-585W.jpg",37349,"jpg"
"ODEXODEXPAINELODEX600W",0,"ODEX-ODEX-PAINEL-ODEX-600W.jpg","inversores","unknown","https://cdn.yellosolarhub.com/products/inversores/ODEX-ODEX-PAINEL-ODEX-600W.jpg",37349,"jpg"
"ODEXODEXPAINELODEX610W",0,"ODEX-ODEX-PAINEL-ODEX-610W.jpg","inversores","unknown","https://cdn.yellosolarhub.com/products/inversores/ODEX-ODEX-PAINEL-ODEX-610W.jpg",37349,"jpg"
"ODEXODEXPAINELODEX660W",0,"ODEX-ODEX-PAINEL-ODEX-660W.jpg","inversores","unknown","https://cdn.yellosolarhub.com/products/inversores/ODEX-ODEX-PAINEL-ODEX-660W.jpg",37349,"jpg"
"ODEXODEXPAINELODEX700W",0,"ODEX-ODEX-PAINEL-ODEX-700W.jpg","inversores","unknown","https://cdn.yellosolarhub.com/products/inversores/ODEX-ODEX-PAINEL-ODEX-700W.jpg",37349,"jpg"
"ODEXODEXPAINELTSUN560W",0,"ODEX-ODEX-PAINEL-TSUN-560W.jpg","inversores","unknown","https://cdn.yellosolarhub.com/products/inversores/ODEX-ODEX-PAINEL-TSUN-560W.jpg",37349,"jpg"
"SKU112369117457314169194004",0,"sku_112369_1-17457314169194004.jpeg","inversores","unknown","https://cdn.yellosolarhub.com/products/inversores/sku_112369_1-17457314169194004.jpeg",42129,"jpeg"
"SKU13572013572017458937387875142",0,"sku_135720_135720-17458937387875142.jpeg","inversores","unknown","https://cdn.yellosolarhub.com/products/inversores/sku_135720_135720-17458937387875142.jpeg",64780,"jpeg"
"SKU14576314576317456925994814488",0,"sku_145763_145763-17456925994814488.jpeg","inversores","unknown","https://cdn.yellosolarhub.com/products/inversores/sku_145763_145763-17456925994814488.jpeg",71099,"jpeg"
"SKU152147152147117507708324918071",0,"sku_152147_152147-1-17507708324918071.jpeg","inversores","unknown","https://cdn.yellosolarhub.com/products/inversores/sku_152147_152147-1-17507708324918071.jpeg",30617,"jpeg"
"SKU165471165471117460424443329247",0,"sku_165471_165471-1-17460424443329247.jpeg","inversores","unknown","https://cdn.yellosolarhub.com/products/inversores/sku_165471_165471-1-17460424443329247.jpeg",30617,"jpeg"
"SKU19257519257517460421976229660",0,"sku_192575_192575-17460421976229660.jpeg","inversores","unknown","https://cdn.yellosolarhub.com/products/inversores/sku_192575_192575-17460421976229660.jpeg",46560,"jpeg"
"SKU19257619257617458855660881319",0,"sku_192576_192576-17458855660881319.jpeg","inversores","unknown","https://cdn.yellosolarhub.com/products/inversores/sku_192576_192576-17458855660881319.jpeg",47271,"jpeg"
"SKU19402319402317460422066042496",0,"sku_194023_194023-17460422066042496.jpeg","inversores","unknown","https://cdn.yellosolarhub.com/products/inversores/sku_194023_194023-17460422066042496.jpeg",53589,"jpeg"
"SKU24676124676117460392268529534",0,"sku_246761_246761-17460392268529534.jpeg","inversores","unknown","https://cdn.yellosolarhub.com/products/inversores/sku_246761_246761-17460392268529534.jpeg",36080,"jpeg"
"SKU24676224676217460422357569937",0,"sku_246762_246762-17460422357569937.jpeg","inversores","unknown","https://cdn.yellosolarhub.com/products/inversores/sku_246762_246762-17460422357569937.jpeg",36080,"jpeg"
"SKU24676324676317460422564036824",0,"sku_246763_246763-17460422564036824.jpeg","inversores","unknown","https://cdn.yellosolarhub.com/products/inversores/sku_246763_246763-17460422564036824.jpeg",28801,"jpeg"
"SKU24676424676417458511580915488",0,"sku_246764_246764-17458511580915488.jpeg","inversores","unknown","https://cdn.yellosolarhub.com/products/inversores/sku_246764_246764-17458511580915488.jpeg",28691,"jpeg"
"SKU24676524676517457436108364088",0,"sku_246765_246765-17457436108364088.jpeg","inversores","unknown","https://cdn.yellosolarhub.com/products/inversores/sku_246765_246765-17457436108364088.jpeg",34715,"jpeg"
"SKU24676824676817459237636241276",0,"sku_246768_246768-17459237636241276.jpeg","inversores","unknown","https://cdn.yellosolarhub.com/products/inversores/sku_246768_246768-17459237636241276.jpeg",34715,"jpeg"
"SKU24677624677617460419822698100",0,"sku_246776_246776-17460419822698100.jpeg","inversores","unknown","https://cdn.yellosolarhub.com/products/inversores/sku_246776_246776-17460419822698100.jpeg",35131,"jpeg"
"SKU25851625851617459085227243203",0,"sku_258516_258516-17459085227243203.jpeg","inversores","unknown","https://cdn.yellosolarhub.com/products/inversores/sku_258516_258516-17459085227243203.jpeg",38714,"jpeg"
"SKU26727726727717458727569694572",0,"sku_267277_267277-17458727569694572.jpeg","inversores","unknown","https://cdn.yellosolarhub.com/products/inversores/sku_267277_267277-17458727569694572.jpeg",24496,"jpeg"
"SKU27695427695417460390182534484",0,"sku_276954_276954-17460390182534484.jpeg","inversores","unknown","https://cdn.yellosolarhub.com/products/inversores/sku_276954_276954-17460390182534484.jpeg",54303,"jpeg"
"SKU28924100117457929059638740",0,"sku_289241_001-17457929059638740.jpeg","inversores","unknown","https://cdn.yellosolarhub.com/products/inversores/sku_289241_001-17457929059638740.jpeg",28042,"jpeg"
"SKU29242129242117460422200014247",0,"sku_292421_292421-17460422200014247.jpeg","inversores","unknown","https://cdn.yellosolarhub.com/products/inversores/sku_292421_292421-17460422200014247.jpeg",49563,"jpeg"
"SKU29242329242317459265882555020",0,"sku_292423_292423-17459265882555020.jpeg","inversores","unknown","https://cdn.yellosolarhub.com/products/inversores/sku_292423_292423-17459265882555020.jpeg",88107,"jpeg"
"SKU29242429242417457928091181215",0,"sku_292424_292424-17457928091181215.jpeg","inversores","unknown","https://cdn.yellosolarhub.com/products/inversores/sku_292424_292424-17457928091181215.jpeg",42552,"jpeg"
"SKU29243129243117458504394775074",0,"sku_292431_292431-17458504394775074.jpeg","inversores","unknown","https://cdn.yellosolarhub.com/products/inversores/sku_292431_292431-17458504394775074.jpeg",42552,"jpeg"
"SKU29243329243317459162631168039",0,"sku_292433_292433-17459162631168039.jpeg","inversores","unknown","https://cdn.yellosolarhub.com/products/inversores/sku_292433_292433-17459162631168039.jpeg",34771,"jpeg"
"SKU29243529243517460420086945208",0,"sku_292435_292435-17460420086945208.jpeg","inversores","unknown","https://cdn.yellosolarhub.com/products/inversores/sku_292435_292435-17460420086945208.jpeg",34771,"jpeg"
"SKU29243729243717458999759611785",0,"sku_292437_292437-17458999759611785.jpeg","inversores","unknown","https://cdn.yellosolarhub.com/products/inversores/sku_292437_292437-17458999759611785.jpeg",37349,"jpeg"
"SKU29243829243817459034566372442",0,"sku_292438_292438-17459034566372442.jpeg","inversores","unknown","https://cdn.yellosolarhub.com/products/inversores/sku_292438_292438-17459034566372442.jpeg",34771,"jpeg"
"SKU29244229244217457818261091625",0,"sku_292442_292442-17457818261091625.jpeg","inversores","unknown","https://cdn.yellosolarhub.com/products/inversores/sku_292442_292442-17457818261091625.jpeg",59185,"jpeg"
"SKU29959129959117467236965391281",0,"sku_299591_299591-17467236965391281.jpeg","inversores","unknown","https://cdn.yellosolarhub.com/products/inversores/sku_299591_299591-17467236965391281.jpeg",12696,"jpeg"
"SKU29959529959517467957208646910",0,"sku_299595_299595-17467957208646910.jpeg","inversores","unknown","https://cdn.yellosolarhub.com/products/inversores/sku_299595_299595-17467957208646910.jpeg",36536,"jpeg"
"SKU30615530615517479477829824229",0,"sku_306155_306155-17479477829824229.jpeg","inversores","unknown","https://cdn.yellosolarhub.com/products/inversores/sku_306155_306155-17479477829824229.jpeg",28801,"jpeg"
"SKU31514831514817551159943964186",0,"sku_315148_315148-17551159943964186.jpeg","inversores","unknown","https://cdn.yellosolarhub.com/products/inversores/sku_315148_315148-17551159943964186.jpeg",91568,"jpeg"
"SOFAR25KTLXG3LVAFCIIMAGEPRODUCT600381",0,"SOFAR-25KTLX-G3-LV - AFCI_IMAGE_PRODUCT_600381.png","inversores","unknown","https://cdn.yellosolarhub.com/products/inversores/SOFAR-25KTLX-G3-LV - AFCI_IMAGE_PRODUCT_600381.png",54131,"png"
"SOFAR5KTLMG3AFCIIMAGEPRODUCT600369",0,"SOFAR-5KTLM-G3 - AFCI_IMAGE_PRODUCT_600369.png","inversores","unknown","https://cdn.yellosolarhub.com/products/inversores/SOFAR-5KTLM-G3 - AFCI_IMAGE_PRODUCT_600369.png",85685,"png"
"FOTUSKP021065KWPCERAMICOKITS",0,"FOTUS-KP02-1065kWp-Ceramico-kits.jpg","kits","FOTUS","https://cdn.yellosolarhub.com/products/kits/FOTUS-KP02-1065kWp-Ceramico-kits.jpg",43960,"jpg"
"FOTUSKP021065KWPFIBROCIMENTOKITS",0,"FOTUS-KP02-1065kWp-Fibrocimento-kits.jpg","kits","FOTUS","https://cdn.yellosolarhub.com/products/kits/FOTUS-KP02-1065kWp-Fibrocimento-kits.jpg",43960,"jpg"
"FOTUSKP021065KWPMINITRILHOKITS",0,"FOTUS-KP02-1065kWp-MiniTrilho-kits.jpg","kits","FOTUS","https://cdn.yellosolarhub.com/products/kits/FOTUS-KP02-1065kWp-MiniTrilho-kits.jpg",43960,"jpg"
"FOTUSKP021136KWPCERAMICOKITS",0,"FOTUS-KP02-1136kWp-Ceramico-kits.jpg","kits","FOTUS","https://cdn.yellosolarhub.com/products/kits/FOTUS-KP02-1136kWp-Ceramico-kits.jpg",45424,"jpg"
"FOTUSKP021136KWPFIBROCIMENTOKITS",0,"FOTUS-KP02-1136kWp-Fibrocimento-kits.jpg","kits","FOTUS","https://cdn.yellosolarhub.com/products/kits/FOTUS-KP02-1136kWp-Fibrocimento-kits.jpg",45424,"jpg"
"FOTUSKP021136KWPMINITRILHOKITS",0,"FOTUS-KP02-1136kWp-MiniTrilho-kits.jpg","kits","FOTUS","https://cdn.yellosolarhub.com/products/kits/FOTUS-KP02-1136kWp-MiniTrilho-kits.jpg",45424,"jpg"
"FOTUSKP02120KWPCERAMICOKITS",0,"FOTUS-KP02-120kWp-Ceramico-kits.jpg","kits","FOTUS","https://cdn.yellosolarhub.com/products/kits/FOTUS-KP02-120kWp-Ceramico-kits.jpg",45424,"jpg"
"FOTUSKP02120KWPFIBROCIMENTOKITS",0,"FOTUS-KP02-120kWp-Fibrocimento-kits.jpg","kits","FOTUS","https://cdn.yellosolarhub.com/products/kits/FOTUS-KP02-120kWp-Fibrocimento-kits.jpg",45424,"jpg"
"FOTUSKP021278KWPCERAMICOKITS",0,"FOTUS-KP02-1278kWp-Ceramico-kits.jpg","kits","FOTUS","https://cdn.yellosolarhub.com/products/kits/FOTUS-KP02-1278kWp-Ceramico-kits.jpg",43960,"jpg"
"FOTUSKP021278KWPFIBROCIMENTOKITS",0,"FOTUS-KP02-1278kWp-Fibrocimento-kits.jpg","kits","FOTUS","https://cdn.yellosolarhub.com/products/kits/FOTUS-KP02-1278kWp-Fibrocimento-kits.jpg",43960,"jpg"
"FOTUSKP021278KWPMINITRILHOKITS",0,"FOTUS-KP02-1278kWp-MiniTrilho-kits.jpg","kits","FOTUS","https://cdn.yellosolarhub.com/products/kits/FOTUS-KP02-1278kWp-MiniTrilho-kits.jpg",43960,"jpg"
"FOTUSKP02142KWPCERAMICOKITS",0,"FOTUS-KP02-142kWp-Ceramico-kits.jpg","kits","FOTUS","https://cdn.yellosolarhub.com/products/kits/FOTUS-KP02-142kWp-Ceramico-kits.jpg",45424,"jpg"
"FOTUSKP02142KWPFIBROCIMENTOKITS",0,"FOTUS-KP02-142kWp-Fibrocimento-kits.jpg","kits","FOTUS","https://cdn.yellosolarhub.com/products/kits/FOTUS-KP02-142kWp-Fibrocimento-kits.jpg",45424,"jpg"
"FOTUSKP02142KWPMINITRILHOKITS",0,"FOTUS-KP02-142kWp-MiniTrilho-kits.jpg","kits","FOTUS","https://cdn.yellosolarhub.com/products/kits/FOTUS-KP02-142kWp-MiniTrilho-kits.jpg",45424,"jpg"
"FOTUSKP021704KWPCERAMICOKITS",0,"FOTUS-KP02-1704kWp-Ceramico-kits.jpg","kits","FOTUS","https://cdn.yellosolarhub.com/products/kits/FOTUS-KP02-1704kWp-Ceramico-kits.jpg",43960,"jpg"
"FOTUSKP021704KWPFIBROCIMENTOKITS",0,"FOTUS-KP02-1704kWp-Fibrocimento-kits.jpg","kits","FOTUS","https://cdn.yellosolarhub.com/products/kits/FOTUS-KP02-1704kWp-Fibrocimento-kits.jpg",43960,"jpg"
"FOTUSKP021704KWPMINITRILHOKITS",0,"FOTUS-KP02-1704kWp-MiniTrilho-kits.jpg","kits","FOTUS","https://cdn.yellosolarhub.com/products/kits/FOTUS-KP02-1704kWp-MiniTrilho-kits.jpg",43960,"jpg"
"FOTUSKP02240KWPCERAMICOKITS",0,"FOTUS-KP02-240kWp-Ceramico-kits.jpg","kits","FOTUS","https://cdn.yellosolarhub.com/products/kits/FOTUS-KP02-240kWp-Ceramico-kits.jpg",45424,"jpg"
"FOTUSKP02284KWPCERAMICOKITS",0,"FOTUS-KP02-284kWp-Ceramico-kits.jpg","kits","FOTUS","https://cdn.yellosolarhub.com/products/kits/FOTUS-KP02-284kWp-Ceramico-kits.jpg",45424,"jpg"
"FOTUSKP02284KWPFIBROCIMENTOKITS",0,"FOTUS-KP02-284kWp-Fibrocimento-kits.jpg","kits","FOTUS","https://cdn.yellosolarhub.com/products/kits/FOTUS-KP02-284kWp-Fibrocimento-kits.jpg",45424,"jpg"
"FOTUSKP02284KWPMINITRILHOKITS",0,"FOTUS-KP02-284kWp-MiniTrilho-kits.jpg","kits","FOTUS","https://cdn.yellosolarhub.com/products/kits/FOTUS-KP02-284kWp-MiniTrilho-kits.jpg",45424,"jpg"
"FOTUSKP02360KWPFIBROCIMENTOKITS",0,"FOTUS-KP02-360kWp-Fibrocimento-kits.jpg","kits","FOTUS","https://cdn.yellosolarhub.com/products/kits/FOTUS-KP02-360kWp-Fibrocimento-kits.jpg",45424,"jpg"
"FOTUSKP02360KWPMINITRILHOKITS",0,"FOTUS-KP02-360kWp-MiniTrilho-kits.jpg","kits","FOTUS","https://cdn.yellosolarhub.com/products/kits/FOTUS-KP02-360kWp-MiniTrilho-kits.jpg",45424,"jpg"
"FOTUSKP02426KWPCERAMICOKITS",0,"FOTUS-KP02-426kWp-Ceramico-kits.jpg","kits","FOTUS","https://cdn.yellosolarhub.com/products/kits/FOTUS-KP02-426kWp-Ceramico-kits.jpg",45424,"jpg"
"FOTUSKP02426KWPFIBROCIMENTOKITS",0,"FOTUS-KP02-426kWp-Fibrocimento-kits.jpg","kits","FOTUS","https://cdn.yellosolarhub.com/products/kits/FOTUS-KP02-426kWp-Fibrocimento-kits.jpg",45424,"jpg"
"FOTUSKP02426KWPMINITRILHOKITS",0,"FOTUS-KP02-426kWp-MiniTrilho-kits.jpg","kits","FOTUS","https://cdn.yellosolarhub.com/products/kits/FOTUS-KP02-426kWp-MiniTrilho-kits.jpg",45424,"jpg"
"FOTUSKP02480KWPCERAMICOKITS",0,"FOTUS-KP02-480kWp-Ceramico-kits.jpg","kits","FOTUS","https://cdn.yellosolarhub.com/products/kits/FOTUS-KP02-480kWp-Ceramico-kits.jpg",45424,"jpg"
"FOTUSKP02480KWPFIBROCIMENTOKITS",0,"FOTUS-KP02-480kWp-Fibrocimento-kits.jpg","kits","FOTUS","https://cdn.yellosolarhub.com/products/kits/FOTUS-KP02-480kWp-Fibrocimento-kits.jpg",45424,"jpg"
"FOTUSKP02480KWPMINITRILHOKITS",0,"FOTUS-KP02-480kWp-MiniTrilho-kits.jpg","kits","FOTUS","https://cdn.yellosolarhub.com/products/kits/FOTUS-KP02-480kWp-MiniTrilho-kits.jpg",45424,"jpg"
"FOTUSKP02568KWPCERAMICOKITS",0,"FOTUS-KP02-568kWp-Ceramico-kits.jpg","kits","FOTUS","https://cdn.yellosolarhub.com/products/kits/FOTUS-KP02-568kWp-Ceramico-kits.jpg",45424,"jpg"
"FOTUSKP02568KWPFIBROCIMENTOKITS",0,"FOTUS-KP02-568kWp-Fibrocimento-kits.jpg","kits","FOTUS","https://cdn.yellosolarhub.com/products/kits/FOTUS-KP02-568kWp-Fibrocimento-kits.jpg",45424,"jpg"
"FOTUSKP02568KWPMINITRILHOKITS",0,"FOTUS-KP02-568kWp-MiniTrilho-kits.jpg","kits","FOTUS","https://cdn.yellosolarhub.com/products/kits/FOTUS-KP02-568kWp-MiniTrilho-kits.jpg",45424,"jpg"
"FOTUSKP02600KWPCERAMICOKITS",0,"FOTUS-KP02-600kWp-Ceramico-kits.jpg","kits","FOTUS","https://cdn.yellosolarhub.com/products/kits/FOTUS-KP02-600kWp-Ceramico-kits.jpg",45424,"jpg"
"FOTUSKP02600KWPFIBROCIMENTOKITS",0,"FOTUS-KP02-600kWp-Fibrocimento-kits.jpg","kits","FOTUS","https://cdn.yellosolarhub.com/products/kits/FOTUS-KP02-600kWp-Fibrocimento-kits.jpg",45424,"jpg"
"FOTUSKP02600KWPMINITRILHOKITS",0,"FOTUS-KP02-600kWp-MiniTrilho-kits.jpg","kits","FOTUS","https://cdn.yellosolarhub.com/products/kits/FOTUS-KP02-600kWp-MiniTrilho-kits.jpg",45424,"jpg"
"FOTUSKP02710KWPCERAMICOKITS",0,"FOTUS-KP02-710kWp-Ceramico-kits.jpg","kits","FOTUS","https://cdn.yellosolarhub.com/products/kits/FOTUS-KP02-710kWp-Ceramico-kits.jpg",45424,"jpg"
"FOTUSKP02710KWPFIBROCIMENTOKITS",0,"FOTUS-KP02-710kWp-Fibrocimento-kits.jpg","kits","FOTUS","https://cdn.yellosolarhub.com/products/kits/FOTUS-KP02-710kWp-Fibrocimento-kits.jpg",45424,"jpg"
"FOTUSKP02710KWPMINITRILHOKITS",0,"FOTUS-KP02-710kWp-MiniTrilho-kits.jpg","kits","FOTUS","https://cdn.yellosolarhub.com/products/kits/FOTUS-KP02-710kWp-MiniTrilho-kits.jpg",45424,"jpg"
"FOTUSKP02720KWPCERAMICOKITS",0,"FOTUS-KP02-720kWp-Ceramico-kits.jpg","kits","FOTUS","https://cdn.yellosolarhub.com/products/kits/FOTUS-KP02-720kWp-Ceramico-kits.jpg",45424,"jpg"
"FOTUSKP02720KWPFIBROCIMENTOKITS",0,"FOTUS-KP02-720kWp-Fibrocimento-kits.jpg","kits","FOTUS","https://cdn.yellosolarhub.com/products/kits/FOTUS-KP02-720kWp-Fibrocimento-kits.jpg",45424,"jpg"
"FOTUSKP02720KWPMINITRILHOKITS",0,"FOTUS-KP02-720kWp-MiniTrilho-kits.jpg","kits","FOTUS","https://cdn.yellosolarhub.com/products/kits/FOTUS-KP02-720kWp-MiniTrilho-kits.jpg",45424,"jpg"
"FOTUSKP02840KWPCERAMICOKITS",0,"FOTUS-KP02-840kWp-Ceramico-kits.jpg","kits","FOTUS","https://cdn.yellosolarhub.com/products/kits/FOTUS-KP02-840kWp-Ceramico-kits.jpg",45424,"jpg"
"FOTUSKP02840KWPFIBROCIMENTOKITS",0,"FOTUS-KP02-840kWp-Fibrocimento-kits.jpg","kits","FOTUS","https://cdn.yellosolarhub.com/products/kits/FOTUS-KP02-840kWp-Fibrocimento-kits.jpg",45424,"jpg"
"FOTUSKP02840KWPMINITRILHOKITS",0,"FOTUS-KP02-840kWp-MiniTrilho-kits.jpg","kits","FOTUS","https://cdn.yellosolarhub.com/products/kits/FOTUS-KP02-840kWp-MiniTrilho-kits.jpg",45424,"jpg"
"FOTUSKP02852KWPCERAMICOKITS",0,"FOTUS-KP02-852kWp-Ceramico-kits.jpg","kits","FOTUS","https://cdn.yellosolarhub.com/products/kits/FOTUS-KP02-852kWp-Ceramico-kits.jpg",43960,"jpg"
"FOTUSKP02852KWPFIBROCIMENTOKITS",0,"FOTUS-KP02-852kWp-Fibrocimento-kits.jpg","kits","FOTUS","https://cdn.yellosolarhub.com/products/kits/FOTUS-KP02-852kWp-Fibrocimento-kits.jpg",43960,"jpg"
"FOTUSKP02852KWPMINITRILHOKITS",0,"FOTUS-KP02-852kWp-MiniTrilho-kits.jpg","kits","FOTUS","https://cdn.yellosolarhub.com/products/kits/FOTUS-KP02-852kWp-MiniTrilho-kits.jpg",43960,"jpg"
"FOTUSKP02960KWPCERAMICOKITS",0,"FOTUS-KP02-960kWp-Ceramico-kits.jpg","kits","FOTUS","https://cdn.yellosolarhub.com/products/kits/FOTUS-KP02-960kWp-Ceramico-kits.jpg",45424,"jpg"
"FOTUSKP02960KWPFIBROCIMENTOKITS",0,"FOTUS-KP02-960kWp-Fibrocimento-kits.jpg","kits","FOTUS","https://cdn.yellosolarhub.com/products/kits/FOTUS-KP02-960kWp-Fibrocimento-kits.jpg",45424,"jpg"
"FOTUSKP02960KWPMINITRILHOKITS",0,"FOTUS-KP02-960kWp-MiniTrilho-kits.jpg","kits","FOTUS","https://cdn.yellosolarhub.com/products/kits/FOTUS-KP02-960kWp-MiniTrilho-kits.jpg",45424,"jpg"
"FOTUSKP02994KWPCERAMICOKITS",0,"FOTUS-KP02-994kWp-Ceramico-kits.jpg","kits","FOTUS","https://cdn.yellosolarhub.com/products/kits/FOTUS-KP02-994kWp-Ceramico-kits.jpg",45424,"jpg"
"FOTUSKP02994KWPFIBROCIMENTOKITS",0,"FOTUS-KP02-994kWp-Fibrocimento-kits.jpg","kits","FOTUS","https://cdn.yellosolarhub.com/products/kits/FOTUS-KP02-994kWp-Fibrocimento-kits.jpg",45424,"jpg"
"FOTUSKP02994KWPMINITRILHOKITS",0,"FOTUS-KP02-994kWp-MiniTrilho-kits.jpg","kits","FOTUS","https://cdn.yellosolarhub.com/products/kits/FOTUS-KP02-994kWp-MiniTrilho-kits.jpg",45424,"jpg"
"FOTUSKP02KITS",0,"FOTUS-KP02-kits.jpg","kits","FOTUS","https://cdn.yellosolarhub.com/products/kits/FOTUS-KP02-kits.jpg",45424,"jpg"
"FOTUSKP031136KWPCERAMICOKITS",0,"FOTUS-KP03-1136kWp-Ceramico-kits.jpg","kits","FOTUS","https://cdn.yellosolarhub.com/products/kits/FOTUS-KP03-1136kWp-Ceramico-kits.jpg",17604,"jpg"
"FOTUSKP031136KWPFIBROCIMENTOKITS",0,"FOTUS-KP03-1136kWp-Fibrocimento-kits.jpg","kits","FOTUS","https://cdn.yellosolarhub.com/products/kits/FOTUS-KP03-1136kWp-Fibrocimento-kits.jpg",17604,"jpg"
"FOTUSKP031136KWPMINITRILHOKITS",0,"FOTUS-KP03-1136kWp-MiniTrilho-kits.jpg","kits","FOTUS","https://cdn.yellosolarhub.com/products/kits/FOTUS-KP03-1136kWp-MiniTrilho-kits.jpg",17604,"jpg"
"FOTUSKP03142KWPCERAMICOKITS",0,"FOTUS-KP03-142kWp-Ceramico-kits.jpg","kits","FOTUS","https://cdn.yellosolarhub.com/products/kits/FOTUS-KP03-142kWp-Ceramico-kits.jpg",17604,"jpg"
"FOTUSKP03142KWPFIBROCIMENTOKITS",0,"FOTUS-KP03-142kWp-Fibrocimento-kits.jpg","kits","FOTUS","https://cdn.yellosolarhub.com/products/kits/FOTUS-KP03-142kWp-Fibrocimento-kits.jpg",17604,"jpg"
"FOTUSKP03142KWPMINITRILHOKITS",0,"FOTUS-KP03-142kWp-MiniTrilho-kits.jpg","kits","FOTUS","https://cdn.yellosolarhub.com/products/kits/FOTUS-KP03-142kWp-MiniTrilho-kits.jpg",17604,"jpg"
"FOTUSKP03284KWPCERAMICOKITS",0,"FOTUS-KP03-284kWp-Ceramico-kits.jpg","kits","FOTUS","https://cdn.yellosolarhub.com/products/kits/FOTUS-KP03-284kWp-Ceramico-kits.jpg",17604,"jpg"
"FOTUSKP03284KWPFIBROCIMENTOKITS",0,"FOTUS-KP03-284kWp-Fibrocimento-kits.jpg","kits","FOTUS","https://cdn.yellosolarhub.com/products/kits/FOTUS-KP03-284kWp-Fibrocimento-kits.jpg",17604,"jpg"
"FOTUSKP03284KWPMINITRILHOKITS",0,"FOTUS-KP03-284kWp-MiniTrilho-kits.jpg","kits","FOTUS","https://cdn.yellosolarhub.com/products/kits/FOTUS-KP03-284kWp-MiniTrilho-kits.jpg",17604,"jpg"
"FOTUSKP03426KWPCERAMICOKITS",0,"FOTUS-KP03-426kWp-Ceramico-kits.jpg","kits","FOTUS","https://cdn.yellosolarhub.com/products/kits/FOTUS-KP03-426kWp-Ceramico-kits.jpg",17604,"jpg"
"FOTUSKP03426KWPFIBROCIMENTOKITS",0,"FOTUS-KP03-426kWp-Fibrocimento-kits.jpg","kits","FOTUS","https://cdn.yellosolarhub.com/products/kits/FOTUS-KP03-426kWp-Fibrocimento-kits.jpg",17604,"jpg"
"FOTUSKP03426KWPMINITRILHOKITS",0,"FOTUS-KP03-426kWp-MiniTrilho-kits.jpg","kits","FOTUS","https://cdn.yellosolarhub.com/products/kits/FOTUS-KP03-426kWp-MiniTrilho-kits.jpg",17604,"jpg"
"FOTUSKP03568KWPCERAMICOKITS",0,"FOTUS-KP03-568kWp-Ceramico-kits.jpg","kits","FOTUS","https://cdn.yellosolarhub.com/products/kits/FOTUS-KP03-568kWp-Ceramico-kits.jpg",17604,"jpg"
"FOTUSKP03568KWPFIBROCIMENTOKITS",0,"FOTUS-KP03-568kWp-Fibrocimento-kits.jpg","kits","FOTUS","https://cdn.yellosolarhub.com/products/kits/FOTUS-KP03-568kWp-Fibrocimento-kits.jpg",17604,"jpg"
"FOTUSKP03568KWPMINITRILHOKITS",0,"FOTUS-KP03-568kWp-MiniTrilho-kits.jpg","kits","FOTUS","https://cdn.yellosolarhub.com/products/kits/FOTUS-KP03-568kWp-MiniTrilho-kits.jpg",17604,"jpg"
"FOTUSKP03710KWPCERAMICOKITS",0,"FOTUS-KP03-710kWp-Ceramico-kits.jpg","kits","FOTUS","https://cdn.yellosolarhub.com/products/kits/FOTUS-KP03-710kWp-Ceramico-kits.jpg",17604,"jpg"
"FOTUSKP03710KWPFIBROCIMENTOKITS",0,"FOTUS-KP03-710kWp-Fibrocimento-kits.jpg","kits","FOTUS","https://cdn.yellosolarhub.com/products/kits/FOTUS-KP03-710kWp-Fibrocimento-kits.jpg",17604,"jpg"
"FOTUSKP03710KWPMINITRILHOKITS",0,"FOTUS-KP03-710kWp-MiniTrilho-kits.jpg","kits","FOTUS","https://cdn.yellosolarhub.com/products/kits/FOTUS-KP03-710kWp-MiniTrilho-kits.jpg",17604,"jpg"
"FOTUSKP03852KWPCERAMICOKITS",0,"FOTUS-KP03-852kWp-Ceramico-kits.jpg","kits","FOTUS","https://cdn.yellosolarhub.com/products/kits/FOTUS-KP03-852kWp-Ceramico-kits.jpg",17604,"jpg"
"FOTUSKP03852KWPFIBROCIMENTOKITS",0,"FOTUS-KP03-852kWp-Fibrocimento-kits.jpg","kits","FOTUS","https://cdn.yellosolarhub.com/products/kits/FOTUS-KP03-852kWp-Fibrocimento-kits.jpg",17604,"jpg"
"FOTUSKP03852KWPMINITRILHOKITS",0,"FOTUS-KP03-852kWp-MiniTrilho-kits.jpg","kits","FOTUS","https://cdn.yellosolarhub.com/products/kits/FOTUS-KP03-852kWp-MiniTrilho-kits.jpg",17604,"jpg"
"FOTUSKP03994KWPCERAMICOKITS",0,"FOTUS-KP03-994kWp-Ceramico-kits.jpg","kits","FOTUS","https://cdn.yellosolarhub.com/products/kits/FOTUS-KP03-994kWp-Ceramico-kits.jpg",17604,"jpg"
"FOTUSKP03994KWPFIBROCIMENTOKITS",0,"FOTUS-KP03-994kWp-Fibrocimento-kits.jpg","kits","FOTUS","https://cdn.yellosolarhub.com/products/kits/FOTUS-KP03-994kWp-Fibrocimento-kits.jpg",17604,"jpg"
"FOTUSKP03994KWPMINITRILHOKITS",0,"FOTUS-KP03-994kWp-MiniTrilho-kits.jpg","kits","FOTUS","https://cdn.yellosolarhub.com/products/kits/FOTUS-KP03-994kWp-MiniTrilho-kits.jpg",17604,"jpg"
"FOTUSKP03KITS",0,"FOTUS-KP03-kits.jpg","kits","FOTUS","https://cdn.yellosolarhub.com/products/kits/FOTUS-KP03-kits.jpg",17604,"jpg"
"FOTUSKP041026KWPCERAMICOKITS",0,"FOTUS-KP04-1026kWp-Ceramico-kits.jpg","kits","FOTUS","https://cdn.yellosolarhub.com/products/kits/FOTUS-KP04-1026kWp-Ceramico-kits.jpg",43960,"jpg"
"FOTUSKP041026KWPFIBROCIMENTOKITS",0,"FOTUS-KP04-1026kWp-Fibrocimento-kits.jpg","kits","FOTUS","https://cdn.yellosolarhub.com/products/kits/FOTUS-KP04-1026kWp-Fibrocimento-kits.jpg",43960,"jpg"
"FOTUSKP041026KWPMINITRILHOKITS",0,"FOTUS-KP04-1026kWp-MiniTrilho-kits.jpg","kits","FOTUS","https://cdn.yellosolarhub.com/products/kits/FOTUS-KP04-1026kWp-MiniTrilho-kits.jpg",43960,"jpg"
"FOTUSKP04114KWPCERAMICOKITS",0,"FOTUS-KP04-114kWp-Ceramico-kits.jpg","kits","FOTUS","https://cdn.yellosolarhub.com/products/kits/FOTUS-KP04-114kWp-Ceramico-kits.jpg",45424,"jpg"
"FOTUSKP04114KWPFIBROCIMENTOKITS",0,"FOTUS-KP04-114kWp-Fibrocimento-kits.jpg","kits","FOTUS","https://cdn.yellosolarhub.com/products/kits/FOTUS-KP04-114kWp-Fibrocimento-kits.jpg",45424,"jpg"
"FOTUSKP04114KWPMINITRILHOKITS",0,"FOTUS-KP04-114kWp-MiniTrilho-kits.jpg","kits","FOTUS","https://cdn.yellosolarhub.com/products/kits/FOTUS-KP04-114kWp-MiniTrilho-kits.jpg",45424,"jpg"
"FOTUSKP04120KWPCERAMICOKITS",0,"FOTUS-KP04-120kWp-Ceramico-kits.jpg","kits","FOTUS","https://cdn.yellosolarhub.com/products/kits/FOTUS-KP04-120kWp-Ceramico-kits.jpg",17604,"jpg"
"FOTUSKP04120KWPCERAMICOKITSHIBRIDOS",0,"FOTUS-KP04-120kWp-Ceramico-kits-hibridos.jpg","kits","FOTUS","https://cdn.yellosolarhub.com/products/kits/FOTUS-KP04-120kWp-Ceramico-kits-hibridos.jpg",45424,"jpg"
"FOTUSKP04120KWPFIBROCIMENTOKITS",0,"FOTUS-KP04-120kWp-Fibrocimento-kits.jpg","kits","FOTUS","https://cdn.yellosolarhub.com/products/kits/FOTUS-KP04-120kWp-Fibrocimento-kits.jpg",17604,"jpg"
"FOTUSKP04120KWPFIBROCIMENTOKITSHIBRIDOS",0,"FOTUS-KP04-120kWp-Fibrocimento-kits-hibridos.jpg","kits","FOTUS","https://cdn.yellosolarhub.com/products/kits/FOTUS-KP04-120kWp-Fibrocimento-kits-hibridos.jpg",45424,"jpg"
"FOTUSKP04120KWPMINITRILHOKITS",0,"FOTUS-KP04-120kWp-MiniTrilho-kits.jpg","kits","FOTUS","https://cdn.yellosolarhub.com/products/kits/FOTUS-KP04-120kWp-MiniTrilho-kits.jpg",17604,"jpg"
"FOTUSKP04120KWPMINITRILHOKITSHIBRIDOS",0,"FOTUS-KP04-120kWp-MiniTrilho-kits-hibridos.jpg","kits","FOTUS","https://cdn.yellosolarhub.com/products/kits/FOTUS-KP04-120kWp-MiniTrilho-kits-hibridos.jpg",45424,"jpg"
"FOTUSKP041254KWPCERAMICOKITS",0,"FOTUS-KP04-1254kWp-Ceramico-kits.jpg","kits","FOTUS","https://cdn.yellosolarhub.com/products/kits/FOTUS-KP04-1254kWp-Ceramico-kits.jpg",38952,"jpg"
"FOTUSKP041254KWPFIBROCIMENTOKITS",0,"FOTUS-KP04-1254kWp-Fibrocimento-kits.jpg","kits","FOTUS","https://cdn.yellosolarhub.com/products/kits/FOTUS-KP04-1254kWp-Fibrocimento-kits.jpg",38952,"jpg"
"FOTUSKP041254KWPMINITRILHOKITS",0,"FOTUS-KP04-1254kWp-MiniTrilho-kits.jpg","kits","FOTUS","https://cdn.yellosolarhub.com/products/kits/FOTUS-KP04-1254kWp-MiniTrilho-kits.jpg",38952,"jpg"
"FOTUSKP041311KWPCERAMICOKITS",0,"FOTUS-KP04-1311kWp-Ceramico-kits.jpg","kits","FOTUS","https://cdn.yellosolarhub.com/products/kits/FOTUS-KP04-1311kWp-Ceramico-kits.jpg",39064,"jpg"
"FOTUSKP041311KWPFIBROCIMENTOKITS",0,"FOTUS-KP04-1311kWp-Fibrocimento-kits.jpg","kits","FOTUS","https://cdn.yellosolarhub.com/products/kits/FOTUS-KP04-1311kWp-Fibrocimento-kits.jpg",39064,"jpg"
"FOTUSKP041311KWPMINITRILHOKITS",0,"FOTUS-KP04-1311kWp-MiniTrilho-kits.jpg","kits","FOTUS","https://cdn.yellosolarhub.com/products/kits/FOTUS-KP04-1311kWp-MiniTrilho-kits.jpg",39064,"jpg"
"FOTUSKP041368KWPCERAMICOKITS",0,"FOTUS-KP04-1368kWp-Ceramico-kits.jpg","kits","FOTUS","https://cdn.yellosolarhub.com/products/kits/FOTUS-KP04-1368kWp-Ceramico-kits.jpg",43960,"jpg"
"FOTUSKP041368KWPFIBROCIMENTOKITS",0,"FOTUS-KP04-1368kWp-Fibrocimento-kits.jpg","kits","FOTUS","https://cdn.yellosolarhub.com/products/kits/FOTUS-KP04-1368kWp-Fibrocimento-kits.jpg",43960,"jpg"
"FOTUSKP041368KWPMINITRILHOKITS",0,"FOTUS-KP04-1368kWp-MiniTrilho-kits.jpg","kits","FOTUS","https://cdn.yellosolarhub.com/products/kits/FOTUS-KP04-1368kWp-MiniTrilho-kits.jpg",43960,"jpg"
"FOTUSKP041482KWPCERAMICOKITS",0,"FOTUS-KP04-1482kWp-Ceramico-kits.jpg","kits","FOTUS","https://cdn.yellosolarhub.com/products/kits/FOTUS-KP04-1482kWp-Ceramico-kits.jpg",39594,"jpg"
"FOTUSKP041482KWPFIBROCIMENTOKITS",0,"FOTUS-KP04-1482kWp-Fibrocimento-kits.jpg","kits","FOTUS","https://cdn.yellosolarhub.com/products/kits/FOTUS-KP04-1482kWp-Fibrocimento-kits.jpg",39594,"jpg"
"FOTUSKP041482KWPMINITRILHOKITS",0,"FOTUS-KP04-1482kWp-MiniTrilho-kits.jpg","kits","FOTUS","https://cdn.yellosolarhub.com/products/kits/FOTUS-KP04-1482kWp-MiniTrilho-kits.jpg",39594,"jpg"
"FOTUSKP041596KWPCERAMICOKITS",0,"FOTUS-KP04-1596kWp-Ceramico-kits.jpg","kits","FOTUS","https://cdn.yellosolarhub.com/products/kits/FOTUS-KP04-1596kWp-Ceramico-kits.jpg",12950,"jpg"
"FOTUSKP041596KWPFIBROCIMENTOKITS",0,"FOTUS-KP04-1596kWp-Fibrocimento-kits.jpg","kits","FOTUS","https://cdn.yellosolarhub.com/products/kits/FOTUS-KP04-1596kWp-Fibrocimento-kits.jpg",12950,"jpg"
"FOTUSKP041596KWPMINITRILHOKITS",0,"FOTUS-KP04-1596kWp-MiniTrilho-kits.jpg","kits","FOTUS","https://cdn.yellosolarhub.com/products/kits/FOTUS-KP04-1596kWp-MiniTrilho-kits.jpg",12950,"jpg"
"FOTUSKP04228KWPCERAMICOKITS",0,"FOTUS-KP04-228kWp-Ceramico-kits.jpg","kits","FOTUS","https://cdn.yellosolarhub.com/products/kits/FOTUS-KP04-228kWp-Ceramico-kits.jpg",45424,"jpg"
"FOTUSKP04228KWPFIBROCIMENTOKITS",0,"FOTUS-KP04-228kWp-Fibrocimento-kits.jpg","kits","FOTUS","https://cdn.yellosolarhub.com/products/kits/FOTUS-KP04-228kWp-Fibrocimento-kits.jpg",45424,"jpg"
"FOTUSKP04228KWPMINITRILHOKITS",0,"FOTUS-KP04-228kWp-MiniTrilho-kits.jpg","kits","FOTUS","https://cdn.yellosolarhub.com/products/kits/FOTUS-KP04-228kWp-MiniTrilho-kits.jpg",45424,"jpg"
"FOTUSKP04240KWPCERAMICOKITS",0,"FOTUS-KP04-240kWp-Ceramico-kits.jpg","kits","FOTUS","https://cdn.yellosolarhub.com/products/kits/FOTUS-KP04-240kWp-Ceramico-kits.jpg",17604,"jpg"
"FOTUSKP04240KWPCERAMICOKITSHIBRIDOS",0,"FOTUS-KP04-240kWp-Ceramico-kits-hibridos.jpg","kits","FOTUS","https://cdn.yellosolarhub.com/products/kits/FOTUS-KP04-240kWp-Ceramico-kits-hibridos.jpg",45424,"jpg"
"FOTUSKP04240KWPFIBROCIMENTOKITS",0,"FOTUS-KP04-240kWp-Fibrocimento-kits.jpg","kits","FOTUS","https://cdn.yellosolarhub.com/products/kits/FOTUS-KP04-240kWp-Fibrocimento-kits.jpg",17604,"jpg"
"FOTUSKP04240KWPFIBROCIMENTOKITSHIBRIDOS",0,"FOTUS-KP04-240kWp-Fibrocimento-kits-hibridos.jpg","kits","FOTUS","https://cdn.yellosolarhub.com/products/kits/FOTUS-KP04-240kWp-Fibrocimento-kits-hibridos.jpg",45424,"jpg"
"FOTUSKP04240KWPMINITRILHOKITS",0,"FOTUS-KP04-240kWp-MiniTrilho-kits.jpg","kits","FOTUS","https://cdn.yellosolarhub.com/products/kits/FOTUS-KP04-240kWp-MiniTrilho-kits.jpg",17604,"jpg"
"FOTUSKP04240KWPMINITRILHOKITSHIBRIDOS",0,"FOTUS-KP04-240kWp-MiniTrilho-kits-hibridos.jpg","kits","FOTUS","https://cdn.yellosolarhub.com/products/kits/FOTUS-KP04-240kWp-MiniTrilho-kits-hibridos.jpg",45424,"jpg"
"FOTUSKP04342KWPCERAMICOKITS",0,"FOTUS-KP04-342kWp-Ceramico-kits.jpg","kits","FOTUS","https://cdn.yellosolarhub.com/products/kits/FOTUS-KP04-342kWp-Ceramico-kits.jpg",45424,"jpg"
"FOTUSKP04342KWPFIBROCIMENTOKITS",0,"FOTUS-KP04-342kWp-Fibrocimento-kits.jpg","kits","FOTUS","https://cdn.yellosolarhub.com/products/kits/FOTUS-KP04-342kWp-Fibrocimento-kits.jpg",45424,"jpg"
"FOTUSKP04342KWPMINITRILHOKITS",0,"FOTUS-KP04-342kWp-MiniTrilho-kits.jpg","kits","FOTUS","https://cdn.yellosolarhub.com/products/kits/FOTUS-KP04-342kWp-MiniTrilho-kits.jpg",45424,"jpg"
"FOTUSKP04360KWPCERAMICOKITS",0,"FOTUS-KP04-360kWp-Ceramico-kits.jpg","kits","FOTUS","https://cdn.yellosolarhub.com/products/kits/FOTUS-KP04-360kWp-Ceramico-kits.jpg",17604,"jpg"
"FOTUSKP04360KWPCERAMICOKITSHIBRIDOS",0,"FOTUS-KP04-360kWp-Ceramico-kits-hibridos.jpg","kits","FOTUS","https://cdn.yellosolarhub.com/products/kits/FOTUS-KP04-360kWp-Ceramico-kits-hibridos.jpg",45424,"jpg"
"FOTUSKP04360KWPFIBROCIMENTOKITS",0,"FOTUS-KP04-360kWp-Fibrocimento-kits.jpg","kits","FOTUS","https://cdn.yellosolarhub.com/products/kits/FOTUS-KP04-360kWp-Fibrocimento-kits.jpg",17604,"jpg"
"FOTUSKP04360KWPFIBROCIMENTOKITSHIBRIDOS",0,"FOTUS-KP04-360kWp-Fibrocimento-kits-hibridos.jpg","kits","FOTUS","https://cdn.yellosolarhub.com/products/kits/FOTUS-KP04-360kWp-Fibrocimento-kits-hibridos.jpg",45424,"jpg"
"FOTUSKP04360KWPMINITRILHOKITS",0,"FOTUS-KP04-360kWp-MiniTrilho-kits.jpg","kits","FOTUS","https://cdn.yellosolarhub.com/products/kits/FOTUS-KP04-360kWp-MiniTrilho-kits.jpg",17604,"jpg"
"FOTUSKP04360KWPMINITRILHOKITSHIBRIDOS",0,"FOTUS-KP04-360kWp-MiniTrilho-kits-hibridos.jpg","kits","FOTUS","https://cdn.yellosolarhub.com/products/kits/FOTUS-KP04-360kWp-MiniTrilho-kits-hibridos.jpg",45424,"jpg"
"FOTUSKP04399KWPCERAMICOKITS",0,"FOTUS-KP04-399kWp-Ceramico-kits.jpg","kits","FOTUS","https://cdn.yellosolarhub.com/products/kits/FOTUS-KP04-399kWp-Ceramico-kits.jpg",39064,"jpg"
"FOTUSKP04399KWPFIBROCIMENTOKITS",0,"FOTUS-KP04-399kWp-Fibrocimento-kits.jpg","kits","FOTUS","https://cdn.yellosolarhub.com/products/kits/FOTUS-KP04-399kWp-Fibrocimento-kits.jpg",39064,"jpg"
"FOTUSKP04399KWPMINITRILHOKITS",0,"FOTUS-KP04-399kWp-MiniTrilho-kits.jpg","kits","FOTUS","https://cdn.yellosolarhub.com/products/kits/FOTUS-KP04-399kWp-MiniTrilho-kits.jpg",39064,"jpg"
"FOTUSKP04456KWPCERAMICOKITS",0,"FOTUS-KP04-456kWp-Ceramico-kits.jpg","kits","FOTUS","https://cdn.yellosolarhub.com/products/kits/FOTUS-KP04-456kWp-Ceramico-kits.jpg",45424,"jpg"
"FOTUSKP04456KWPFIBROCIMENTOKITS",0,"FOTUS-KP04-456kWp-Fibrocimento-kits.jpg","kits","FOTUS","https://cdn.yellosolarhub.com/products/kits/FOTUS-KP04-456kWp-Fibrocimento-kits.jpg",45424,"jpg"
"FOTUSKP04456KWPMINITRILHOKITS",0,"FOTUS-KP04-456kWp-MiniTrilho-kits.jpg","kits","FOTUS","https://cdn.yellosolarhub.com/products/kits/FOTUS-KP04-456kWp-MiniTrilho-kits.jpg",45424,"jpg"
"FOTUSKP04480KWPCERAMICOKITSHIBRIDOS",0,"FOTUS-KP04-480kWp-Ceramico-kits-hibridos.jpg","kits","FOTUS","https://cdn.yellosolarhub.com/products/kits/FOTUS-KP04-480kWp-Ceramico-kits-hibridos.jpg",45424,"jpg"
"FOTUSKP04480KWPFIBROCIMENTOKITS",0,"FOTUS-KP04-480kWp-Fibrocimento-kits.jpg","kits","FOTUS","https://cdn.yellosolarhub.com/products/kits/FOTUS-KP04-480kWp-Fibrocimento-kits.jpg",17604,"jpg"
"FOTUSKP04480KWPFIBROCIMENTOKITSHIBRIDOS",0,"FOTUS-KP04-480kWp-Fibrocimento-kits-hibridos.jpg","kits","FOTUS","https://cdn.yellosolarhub.com/products/kits/FOTUS-KP04-480kWp-Fibrocimento-kits-hibridos.jpg",45424,"jpg"
"FOTUSKP04480KWPMINITRILHOKITS",0,"FOTUS-KP04-480kWp-MiniTrilho-kits.jpg","kits","FOTUS","https://cdn.yellosolarhub.com/products/kits/FOTUS-KP04-480kWp-MiniTrilho-kits.jpg",17604,"jpg"
"FOTUSKP04480KWPMINITRILHOKITSHIBRIDOS",0,"FOTUS-KP04-480kWp-MiniTrilho-kits-hibridos.jpg","kits","FOTUS","https://cdn.yellosolarhub.com/products/kits/FOTUS-KP04-480kWp-MiniTrilho-kits-hibridos.jpg",45424,"jpg"
"FOTUSKP04513KWPCERAMICOKITS",0,"FOTUS-KP04-513kWp-Ceramico-kits.jpg","kits","FOTUS","https://cdn.yellosolarhub.com/products/kits/FOTUS-KP04-513kWp-Ceramico-kits.jpg",12820,"jpg"
"FOTUSKP04513KWPFIBROCIMENTOKITS",0,"FOTUS-KP04-513kWp-Fibrocimento-kits.jpg","kits","FOTUS","https://cdn.yellosolarhub.com/products/kits/FOTUS-KP04-513kWp-Fibrocimento-kits.jpg",12820,"jpg"
"FOTUSKP04513KWPMINITRILHOKITS",0,"FOTUS-KP04-513kWp-MiniTrilho-kits.jpg","kits","FOTUS","https://cdn.yellosolarhub.com/products/kits/FOTUS-KP04-513kWp-MiniTrilho-kits.jpg",12820,"jpg"
"FOTUSKP04570KWPCERAMICOKITS",0,"FOTUS-KP04-570kWp-Ceramico-kits.jpg","kits","FOTUS","https://cdn.yellosolarhub.com/products/kits/FOTUS-KP04-570kWp-Ceramico-kits.jpg",45424,"jpg"
"FOTUSKP04570KWPFIBROCIMENTOKITS",0,"FOTUS-KP04-570kWp-Fibrocimento-kits.jpg","kits","FOTUS","https://cdn.yellosolarhub.com/products/kits/FOTUS-KP04-570kWp-Fibrocimento-kits.jpg",45424,"jpg"
"FOTUSKP04570KWPMINITRILHOKITS",0,"FOTUS-KP04-570kWp-MiniTrilho-kits.jpg","kits","FOTUS","https://cdn.yellosolarhub.com/products/kits/FOTUS-KP04-570kWp-MiniTrilho-kits.jpg",45424,"jpg"
"FOTUSKP04600KWPCERAMICOKITS",0,"FOTUS-KP04-600kWp-Ceramico-kits.jpg","kits","FOTUS","https://cdn.yellosolarhub.com/products/kits/FOTUS-KP04-600kWp-Ceramico-kits.jpg",17604,"jpg"
"FOTUSKP04600KWPCERAMICOKITSHIBRIDOS",0,"FOTUS-KP04-600kWp-Ceramico-kits-hibridos.jpg","kits","FOTUS","https://cdn.yellosolarhub.com/products/kits/FOTUS-KP04-600kWp-Ceramico-kits-hibridos.jpg",45424,"jpg"
"FOTUSKP04600KWPFIBROCIMENTOKITS",0,"FOTUS-KP04-600kWp-Fibrocimento-kits.jpg","kits","FOTUS","https://cdn.yellosolarhub.com/products/kits/FOTUS-KP04-600kWp-Fibrocimento-kits.jpg",17604,"jpg"
"FOTUSKP04600KWPFIBROCIMENTOKITSHIBRIDOS",0,"FOTUS-KP04-600kWp-Fibrocimento-kits-hibridos.jpg","kits","FOTUS","https://cdn.yellosolarhub.com/products/kits/FOTUS-KP04-600kWp-Fibrocimento-kits-hibridos.jpg",45424,"jpg"
"FOTUSKP04600KWPMINITRILHOKITS",0,"FOTUS-KP04-600kWp-MiniTrilho-kits.jpg","kits","FOTUS","https://cdn.yellosolarhub.com/products/kits/FOTUS-KP04-600kWp-MiniTrilho-kits.jpg",17604,"jpg"
"FOTUSKP04600KWPMINITRILHOKITSHIBRIDOS",0,"FOTUS-KP04-600kWp-MiniTrilho-kits-hibridos.jpg","kits","FOTUS","https://cdn.yellosolarhub.com/products/kits/FOTUS-KP04-600kWp-MiniTrilho-kits-hibridos.jpg",45424,"jpg"
"FOTUSKP04684KWPCERAMICOKITS",0,"FOTUS-KP04-684kWp-Ceramico-kits.jpg","kits","FOTUS","https://cdn.yellosolarhub.com/products/kits/FOTUS-KP04-684kWp-Ceramico-kits.jpg",43960,"jpg"
"FOTUSKP04684KWPFIBROCIMENTOKITS",0,"FOTUS-KP04-684kWp-Fibrocimento-kits.jpg","kits","FOTUS","https://cdn.yellosolarhub.com/products/kits/FOTUS-KP04-684kWp-Fibrocimento-kits.jpg",43960,"jpg"
"FOTUSKP04684KWPMINITRILHOKITS",0,"FOTUS-KP04-684kWp-MiniTrilho-kits.jpg","kits","FOTUS","https://cdn.yellosolarhub.com/products/kits/FOTUS-KP04-684kWp-MiniTrilho-kits.jpg",43960,"jpg"
"FOTUSKP04720KWPCERAMICOKITS",0,"FOTUS-KP04-720kWp-Ceramico-kits.jpg","kits","FOTUS","https://cdn.yellosolarhub.com/products/kits/FOTUS-KP04-720kWp-Ceramico-kits.jpg",17604,"jpg"
"FOTUSKP04720KWPCERAMICOKITSHIBRIDOS",0,"FOTUS-KP04-720kWp-Ceramico-kits-hibridos.jpg","kits","FOTUS","https://cdn.yellosolarhub.com/products/kits/FOTUS-KP04-720kWp-Ceramico-kits-hibridos.jpg",45424,"jpg"
"FOTUSKP04720KWPFIBROCIMENTOKITS",0,"FOTUS-KP04-720kWp-Fibrocimento-kits.jpg","kits","FOTUS","https://cdn.yellosolarhub.com/products/kits/FOTUS-KP04-720kWp-Fibrocimento-kits.jpg",17604,"jpg"
"FOTUSKP04720KWPFIBROCIMENTOKITSHIBRIDOS",0,"FOTUS-KP04-720kWp-Fibrocimento-kits-hibridos.jpg","kits","FOTUS","https://cdn.yellosolarhub.com/products/kits/FOTUS-KP04-720kWp-Fibrocimento-kits-hibridos.jpg",45424,"jpg"
"FOTUSKP04720KWPMINITRILHOKITS",0,"FOTUS-KP04-720kWp-MiniTrilho-kits.jpg","kits","FOTUS","https://cdn.yellosolarhub.com/products/kits/FOTUS-KP04-720kWp-MiniTrilho-kits.jpg",17604,"jpg"
"FOTUSKP04720KWPMINITRILHOKITSHIBRIDOS",0,"FOTUS-KP04-720kWp-MiniTrilho-kits-hibridos.jpg","kits","FOTUS","https://cdn.yellosolarhub.com/products/kits/FOTUS-KP04-720kWp-MiniTrilho-kits-hibridos.jpg",45424,"jpg"
"FOTUSKP04798KWPCERAMICOKITS",0,"FOTUS-KP04-798kWp-Ceramico-kits.jpg","kits","FOTUS","https://cdn.yellosolarhub.com/products/kits/FOTUS-KP04-798kWp-Ceramico-kits.jpg",45424,"jpg"
"FOTUSKP04798KWPFIBROCIMENTOKITS",0,"FOTUS-KP04-798kWp-Fibrocimento-kits.jpg","kits","FOTUS","https://cdn.yellosolarhub.com/products/kits/FOTUS-KP04-798kWp-Fibrocimento-kits.jpg",45424,"jpg"
"FOTUSKP04798KWPMINITRILHOKITS",0,"FOTUS-KP04-798kWp-MiniTrilho-kits.jpg","kits","FOTUS","https://cdn.yellosolarhub.com/products/kits/FOTUS-KP04-798kWp-MiniTrilho-kits.jpg",45424,"jpg"
"FOTUSKP04840KWPCERAMICOKITS",0,"FOTUS-KP04-840kWp-Ceramico-kits.jpg","kits","FOTUS","https://cdn.yellosolarhub.com/products/kits/FOTUS-KP04-840kWp-Ceramico-kits.jpg",17604,"jpg"
"FOTUSKP04840KWPCERAMICOKITSHIBRIDOS",0,"FOTUS-KP04-840kWp-Ceramico-kits-hibridos.jpg","kits","FOTUS","https://cdn.yellosolarhub.com/products/kits/FOTUS-KP04-840kWp-Ceramico-kits-hibridos.jpg",45424,"jpg"
"FOTUSKP04840KWPFIBROCIMENTOKITS",0,"FOTUS-KP04-840kWp-Fibrocimento-kits.jpg","kits","FOTUS","https://cdn.yellosolarhub.com/products/kits/FOTUS-KP04-840kWp-Fibrocimento-kits.jpg",17604,"jpg"
"FOTUSKP04840KWPFIBROCIMENTOKITSHIBRIDOS",0,"FOTUS-KP04-840kWp-Fibrocimento-kits-hibridos.jpg","kits","FOTUS","https://cdn.yellosolarhub.com/products/kits/FOTUS-KP04-840kWp-Fibrocimento-kits-hibridos.jpg",45424,"jpg"
"FOTUSKP04840KWPMINITRILHOKITS",0,"FOTUS-KP04-840kWp-MiniTrilho-kits.jpg","kits","FOTUS","https://cdn.yellosolarhub.com/products/kits/FOTUS-KP04-840kWp-MiniTrilho-kits.jpg",17604,"jpg"
"FOTUSKP04840KWPMINITRILHOKITSHIBRIDOS",0,"FOTUS-KP04-840kWp-MiniTrilho-kits-hibridos.jpg","kits","FOTUS","https://cdn.yellosolarhub.com/products/kits/FOTUS-KP04-840kWp-MiniTrilho-kits-hibridos.jpg",45424,"jpg"
"FOTUSKP04855KWPCERAMICOKITS",0,"FOTUS-KP04-855kWp-Ceramico-kits.jpg","kits","FOTUS","https://cdn.yellosolarhub.com/products/kits/FOTUS-KP04-855kWp-Ceramico-kits.jpg",39594,"jpg"
"FOTUSKP04855KWPFIBROCIMENTOKITS",0,"FOTUS-KP04-855kWp-Fibrocimento-kits.jpg","kits","FOTUS","https://cdn.yellosolarhub.com/products/kits/FOTUS-KP04-855kWp-Fibrocimento-kits.jpg",39594,"jpg"
"FOTUSKP04855KWPMINITRILHOKITS",0,"FOTUS-KP04-855kWp-MiniTrilho-kits.jpg","kits","FOTUS","https://cdn.yellosolarhub.com/products/kits/FOTUS-KP04-855kWp-MiniTrilho-kits.jpg",39594,"jpg"
"FOTUSKP04912KWPCERAMICOKITS",0,"FOTUS-KP04-912kWp-Ceramico-kits.jpg","kits","FOTUS","https://cdn.yellosolarhub.com/products/kits/FOTUS-KP04-912kWp-Ceramico-kits.jpg",45424,"jpg"
"FOTUSKP04912KWPFIBROCIMENTOKITS",0,"FOTUS-KP04-912kWp-Fibrocimento-kits.jpg","kits","FOTUS","https://cdn.yellosolarhub.com/products/kits/FOTUS-KP04-912kWp-Fibrocimento-kits.jpg",45424,"jpg"
"FOTUSKP04912KWPMINITRILHOKITS",0,"FOTUS-KP04-912kWp-MiniTrilho-kits.jpg","kits","FOTUS","https://cdn.yellosolarhub.com/products/kits/FOTUS-KP04-912kWp-MiniTrilho-kits.jpg",45424,"jpg"
"FOTUSKP04960KWPCERAMICOKITS",0,"FOTUS-KP04-960kWp-Ceramico-kits.jpg","kits","FOTUS","https://cdn.yellosolarhub.com/products/kits/FOTUS-KP04-960kWp-Ceramico-kits.jpg",17604,"jpg"
"FOTUSKP04960KWPCERAMICOKITSHIBRIDOS",0,"FOTUS-KP04-960kWp-Ceramico-kits-hibridos.jpg","kits","FOTUS","https://cdn.yellosolarhub.com/products/kits/FOTUS-KP04-960kWp-Ceramico-kits-hibridos.jpg",45424,"jpg"
"FOTUSKP04960KWPFIBROCIMENTOKITS",0,"FOTUS-KP04-960kWp-Fibrocimento-kits.jpg","kits","FOTUS","https://cdn.yellosolarhub.com/products/kits/FOTUS-KP04-960kWp-Fibrocimento-kits.jpg",17604,"jpg"
"FOTUSKP04960KWPFIBROCIMENTOKITSHIBRIDOS",0,"FOTUS-KP04-960kWp-Fibrocimento-kits-hibridos.jpg","kits","FOTUS","https://cdn.yellosolarhub.com/products/kits/FOTUS-KP04-960kWp-Fibrocimento-kits-hibridos.jpg",45424,"jpg"
"FOTUSKP04960KWPMINITRILHOKITS",0,"FOTUS-KP04-960kWp-MiniTrilho-kits.jpg","kits","FOTUS","https://cdn.yellosolarhub.com/products/kits/FOTUS-KP04-960kWp-MiniTrilho-kits.jpg",17604,"jpg"
"FOTUSKP04960KWPMINITRILHOKITSHIBRIDOS",0,"FOTUS-KP04-960kWp-MiniTrilho-kits-hibridos.jpg","kits","FOTUS","https://cdn.yellosolarhub.com/products/kits/FOTUS-KP04-960kWp-MiniTrilho-kits-hibridos.jpg",45424,"jpg"
"FOTUSKP04969KWPCERAMICOKITS",0,"FOTUS-KP04-969kWp-Ceramico-kits.jpg","kits","FOTUS","https://cdn.yellosolarhub.com/products/kits/FOTUS-KP04-969kWp-Ceramico-kits.jpg",12950,"jpg"
"FOTUSKP04969KWPFIBROCIMENTOKITS",0,"FOTUS-KP04-969kWp-Fibrocimento-kits.jpg","kits","FOTUS","https://cdn.yellosolarhub.com/products/kits/FOTUS-KP04-969kWp-Fibrocimento-kits.jpg",12950,"jpg"
"FOTUSKP04969KWPMINITRILHOKITS",0,"FOTUS-KP04-969kWp-MiniTrilho-kits.jpg","kits","FOTUS","https://cdn.yellosolarhub.com/products/kits/FOTUS-KP04-969kWp-MiniTrilho-kits.jpg",12950,"jpg"
"FOTUSKP04KITS",0,"FOTUS-KP04-kits.jpg","kits","FOTUS","https://cdn.yellosolarhub.com/products/kits/FOTUS-KP04-kits.jpg",12820,"jpg"
"FOTUSKP04KITSHIBRIDOS",0,"FOTUS-KP04-kits-hibridos.jpg","kits","FOTUS","https://cdn.yellosolarhub.com/products/kits/FOTUS-KP04-kits-hibridos.jpg",45424,"jpg"
"NEOSOLARKITS22690",0,"neosolar_kits_22690.jpg","kits","NEOSOLAR","https://cdn.yellosolarhub.com/products/kits/neosolar_kits_22690.jpg",64224,"jpg"
"NEOSOLARKITS22691",0,"neosolar_kits_22691.jpg","kits","NEOSOLAR","https://cdn.yellosolarhub.com/products/kits/neosolar_kits_22691.jpg",65933,"jpg"
"NEOSOLARKITS23586",0,"neosolar_kits_23586.jpg","kits","NEOSOLAR","https://cdn.yellosolarhub.com/products/kits/neosolar_kits_23586.jpg",31665,"jpg"
"NEOSOLARKITS23699",0,"neosolar_kits_23699.jpg","kits","NEOSOLAR","https://cdn.yellosolarhub.com/products/kits/neosolar_kits_23699.jpg",312125,"jpg"
"NEOSOLARKITS23703",0,"neosolar_kits_23703.jpg","kits","NEOSOLAR","https://cdn.yellosolarhub.com/products/kits/neosolar_kits_23703.jpg",331087,"jpg"
"NEOSOLARKITS23927",0,"neosolar_kits_23927.jpg","kits","NEOSOLAR","https://cdn.yellosolarhub.com/products/kits/neosolar_kits_23927.jpg",52964,"jpg"
"NEOSOLARKITS23928",0,"neosolar_kits_23928.jpg","kits","NEOSOLAR","https://cdn.yellosolarhub.com/products/kits/neosolar_kits_23928.jpg",68101,"jpg"
"NEOSOLARKITS23929",0,"neosolar_kits_23929.jpg","kits","NEOSOLAR","https://cdn.yellosolarhub.com/products/kits/neosolar_kits_23929.jpg",66063,"jpg"
"NEOSOLARKITS24170",0,"NEOSOLAR_KITS_24170.jpg","kits","NEOSOLAR","https://cdn.yellosolarhub.com/products/kits/NEOSOLAR_KITS_24170.jpg",28000,"jpg"
"NEOSOLARKITS24171",0,"NEOSOLAR_KITS_24171.jpg","kits","NEOSOLAR","https://cdn.yellosolarhub.com/products/kits/NEOSOLAR_KITS_24171.jpg",28000,"jpg"
"NEOSOLARKITS24172",0,"NEOSOLAR_KITS_24172.jpg","kits","NEOSOLAR","https://cdn.yellosolarhub.com/products/kits/NEOSOLAR_KITS_24172.jpg",28000,"jpg"
"NEOSOLARKITS24173",0,"NEOSOLAR_KITS_24173.jpg","kits","NEOSOLAR","https://cdn.yellosolarhub.com/products/kits/NEOSOLAR_KITS_24173.jpg",28000,"jpg"
"NEOSOLARKITS24174",0,"NEOSOLAR_KITS_24174.jpg","kits","NEOSOLAR","https://cdn.yellosolarhub.com/products/kits/NEOSOLAR_KITS_24174.jpg",28000,"jpg"
"NEOSOLARKITS24175",0,"NEOSOLAR_KITS_24175.jpg","kits","NEOSOLAR","https://cdn.yellosolarhub.com/products/kits/NEOSOLAR_KITS_24175.jpg",28000,"jpg"
"NEOSOLARKITS25043",0,"neosolar_kits_25043.jpg","kits","NEOSOLAR","https://cdn.yellosolarhub.com/products/kits/neosolar_kits_25043.jpg",33581,"jpg"
"NEOSOLARKITS25044",0,"neosolar_kits_25044.jpg","kits","NEOSOLAR","https://cdn.yellosolarhub.com/products/kits/neosolar_kits_25044.jpg",33581,"jpg"
"NEOSOLARKITS25045",0,"neosolar_kits_25045.jpg","kits","NEOSOLAR","https://cdn.yellosolarhub.com/products/kits/neosolar_kits_25045.jpg",33581,"jpg"
"NEOSOLARKITS25046",0,"neosolar_kits_25046.jpg","kits","NEOSOLAR","https://cdn.yellosolarhub.com/products/kits/neosolar_kits_25046.jpg",33581,"jpg"
"NEOSOLARKITS25047",0,"neosolar_kits_25047.jpg","kits","NEOSOLAR","https://cdn.yellosolarhub.com/products/kits/neosolar_kits_25047.jpg",33581,"jpg"
"NEOSOLARKITS25048",0,"neosolar_kits_25048.jpg","kits","NEOSOLAR","https://cdn.yellosolarhub.com/products/kits/neosolar_kits_25048.jpg",33581,"jpg"
"NEOSOLARKITS25049",0,"neosolar_kits_25049.jpg","kits","NEOSOLAR","https://cdn.yellosolarhub.com/products/kits/neosolar_kits_25049.jpg",31237,"jpg"
"NEOSOLARKITS25053",0,"neosolar_kits_25053.jpg","kits","NEOSOLAR","https://cdn.yellosolarhub.com/products/kits/neosolar_kits_25053.jpg",34644,"jpg"
"NEOSOLARKITS25129",0,"neosolar_kits_25129.jpg","kits","NEOSOLAR","https://cdn.yellosolarhub.com/products/kits/neosolar_kits_25129.jpg",61033,"jpg"
"NEOSOLARKITS25130",0,"neosolar_kits_25130.jpg","kits","NEOSOLAR","https://cdn.yellosolarhub.com/products/kits/neosolar_kits_25130.jpg",61290,"jpg"
"NEOSOLARKITS25131",0,"neosolar_kits_25131.jpg","kits","NEOSOLAR","https://cdn.yellosolarhub.com/products/kits/neosolar_kits_25131.jpg",65875,"jpg"
"NEOSOLARKITS25132",0,"neosolar_kits_25132.jpg","kits","NEOSOLAR","https://cdn.yellosolarhub.com/products/kits/neosolar_kits_25132.jpg",64989,"jpg"
"NEOSOLARKITS25154",0,"neosolar_kits_25154.jpg","kits","NEOSOLAR","https://cdn.yellosolarhub.com/products/kits/neosolar_kits_25154.jpg",1486,"jpg"
"NEOSOLARKITS25156",0,"neosolar_kits_25156.jpg","kits","NEOSOLAR","https://cdn.yellosolarhub.com/products/kits/neosolar_kits_25156.jpg",1486,"jpg"
"NEOSOLARKITS25158",0,"neosolar_kits_25158.jpg","kits","NEOSOLAR","https://cdn.yellosolarhub.com/products/kits/neosolar_kits_25158.jpg",1486,"jpg"
"NEOSOLARKITS25160",0,"neosolar_kits_25160.jpg","kits","NEOSOLAR","https://cdn.yellosolarhub.com/products/kits/neosolar_kits_25160.jpg",1486,"jpg"
"NEOSOLARKITS25162",0,"neosolar_kits_25162.jpg","kits","NEOSOLAR","https://cdn.yellosolarhub.com/products/kits/neosolar_kits_25162.jpg",1486,"jpg"
"NEOSOLARKITS25163",0,"neosolar_kits_25163.jpg","kits","NEOSOLAR","https://cdn.yellosolarhub.com/products/kits/neosolar_kits_25163.jpg",1486,"jpg"
"NEOSOLARKITS25164",0,"neosolar_kits_25164.jpg","kits","NEOSOLAR","https://cdn.yellosolarhub.com/products/kits/neosolar_kits_25164.jpg",1486,"jpg"
"NEOSOLARKITS26694",0,"neosolar_kits_26694.jpg","kits","NEOSOLAR","https://cdn.yellosolarhub.com/products/kits/neosolar_kits_26694.jpg",39981,"jpg"
"NEOSOLARKITS26695",0,"neosolar_kits_26695.jpg","kits","NEOSOLAR","https://cdn.yellosolarhub.com/products/kits/neosolar_kits_26695.jpg",44396,"jpg"
"NEOSOLARKITS26696",0,"neosolar_kits_26696.jpg","kits","NEOSOLAR","https://cdn.yellosolarhub.com/products/kits/neosolar_kits_26696.jpg",41864,"jpg"
"NEOSOLARKITS26697",0,"neosolar_kits_26697.jpg","kits","NEOSOLAR","https://cdn.yellosolarhub.com/products/kits/neosolar_kits_26697.jpg",46167,"jpg"
"NEOSOLARKITS26698",0,"neosolar_kits_26698.jpg","kits","NEOSOLAR","https://cdn.yellosolarhub.com/products/kits/neosolar_kits_26698.jpg",49894,"jpg"
"NEOSOLARKITS26699",0,"neosolar_kits_26699.jpg","kits","NEOSOLAR","https://cdn.yellosolarhub.com/products/kits/neosolar_kits_26699.jpg",56221,"jpg"
"NEOSOLARKITS26700",0,"neosolar_kits_26700.jpg","kits","NEOSOLAR","https://cdn.yellosolarhub.com/products/kits/neosolar_kits_26700.jpg",59098,"jpg"
"NEOSOLARKITS26701",0,"neosolar_kits_26701.jpg","kits","NEOSOLAR","https://cdn.yellosolarhub.com/products/kits/neosolar_kits_26701.jpg",61326,"jpg"
"NEOSOLARKITS26720",0,"neosolar_kits_26720.jpg","kits","NEOSOLAR","https://cdn.yellosolarhub.com/products/kits/neosolar_kits_26720.jpg",47993,"jpg"
"NEOSOLARKITS26721",0,"neosolar_kits_26721.jpg","kits","NEOSOLAR","https://cdn.yellosolarhub.com/products/kits/neosolar_kits_26721.jpg",50908,"jpg"
"NEOSOLARKITS26722",0,"neosolar_kits_26722.jpg","kits","NEOSOLAR","https://cdn.yellosolarhub.com/products/kits/neosolar_kits_26722.jpg",47547,"jpg"
"NEOSOLARKITS26723",0,"neosolar_kits_26723.jpg","kits","NEOSOLAR","https://cdn.yellosolarhub.com/products/kits/neosolar_kits_26723.jpg",38954,"jpg"
"NEOSOLARKITS26968",0,"neosolar_kits_26968.jpg","kits","NEOSOLAR","https://cdn.yellosolarhub.com/products/kits/neosolar_kits_26968.jpg",39955,"jpg"
"NEOSOLARKITS26969",0,"neosolar_kits_26969.jpg","kits","NEOSOLAR","https://cdn.yellosolarhub.com/products/kits/neosolar_kits_26969.jpg",43483,"jpg"
"NEOSOLARKITS26970",0,"neosolar_kits_26970.jpg","kits","NEOSOLAR","https://cdn.yellosolarhub.com/products/kits/neosolar_kits_26970.jpg",40925,"jpg"
"NEOSOLARKITS26971",0,"neosolar_kits_26971.jpg","kits","NEOSOLAR","https://cdn.yellosolarhub.com/products/kits/neosolar_kits_26971.jpg",44473,"jpg"
"NEOSOLARKITS26972",0,"neosolar_kits_26972.jpg","kits","NEOSOLAR","https://cdn.yellosolarhub.com/products/kits/neosolar_kits_26972.jpg",47316,"jpg"
"NEOSOLARKITS26975",0,"neosolar_kits_26975.jpg","kits","NEOSOLAR","https://cdn.yellosolarhub.com/products/kits/neosolar_kits_26975.jpg",56642,"jpg"
"NEOSOLARKITS26984",0,"neosolar_kits_26984.jpg","kits","NEOSOLAR","https://cdn.yellosolarhub.com/products/kits/neosolar_kits_26984.jpg",33363,"jpg"
"NEOSOLARKITS26985",0,"neosolar_kits_26985.jpg","kits","NEOSOLAR","https://cdn.yellosolarhub.com/products/kits/neosolar_kits_26985.jpg",36662,"jpg"
"NEOSOLARKITS26986",0,"neosolar_kits_26986.jpg","kits","NEOSOLAR","https://cdn.yellosolarhub.com/products/kits/neosolar_kits_26986.jpg",34120,"jpg"
"NEOSOLARKITS26987",0,"neosolar_kits_26987.jpg","kits","NEOSOLAR","https://cdn.yellosolarhub.com/products/kits/neosolar_kits_26987.jpg",37285,"jpg"
"NEOSOLARKITS26988",0,"neosolar_kits_26988.jpg","kits","NEOSOLAR","https://cdn.yellosolarhub.com/products/kits/neosolar_kits_26988.jpg",39806,"jpg"
"NEOSOLARKITS26991",0,"neosolar_kits_26991.jpg","kits","NEOSOLAR","https://cdn.yellosolarhub.com/products/kits/neosolar_kits_26991.jpg",48198,"jpg"
"NEOSOLARKITS27259",0,"neosolar_kits_27259.jpg","kits","NEOSOLAR","https://cdn.yellosolarhub.com/products/kits/neosolar_kits_27259.jpg",35461,"jpg"
"NEOSOLARKITS27260",0,"neosolar_kits_27260.jpg","kits","NEOSOLAR","https://cdn.yellosolarhub.com/products/kits/neosolar_kits_27260.jpg",43972,"jpg"
"NEOSOLARKITS27261",0,"neosolar_kits_27261.jpg","kits","NEOSOLAR","https://cdn.yellosolarhub.com/products/kits/neosolar_kits_27261.jpg",45742,"jpg"
"NEOSOLARKITS27262",0,"neosolar_kits_27262.jpg","kits","NEOSOLAR","https://cdn.yellosolarhub.com/products/kits/neosolar_kits_27262.jpg",45466,"jpg"
"NEOSOLARKITS27263",0,"neosolar_kits_27263.jpg","kits","NEOSOLAR","https://cdn.yellosolarhub.com/products/kits/neosolar_kits_27263.jpg",35350,"jpg"
"NEOSOLARKITS27264",0,"neosolar_kits_27264.jpg","kits","NEOSOLAR","https://cdn.yellosolarhub.com/products/kits/neosolar_kits_27264.jpg",39185,"jpg"
"NEOSOLARKITS27265",0,"neosolar_kits_27265.jpg","kits","NEOSOLAR","https://cdn.yellosolarhub.com/products/kits/neosolar_kits_27265.jpg",43925,"jpg"
"NEOSOLARKITS27266",0,"neosolar_kits_27266.jpg","kits","NEOSOLAR","https://cdn.yellosolarhub.com/products/kits/neosolar_kits_27266.jpg",48933,"jpg"
"NEOSOLARKITS27267",0,"neosolar_kits_27267.jpg","kits","NEOSOLAR","https://cdn.yellosolarhub.com/products/kits/neosolar_kits_27267.jpg",33990,"jpg"
"NEOSOLARKITS27268",0,"neosolar_kits_27268.jpg","kits","NEOSOLAR","https://cdn.yellosolarhub.com/products/kits/neosolar_kits_27268.jpg",37140,"jpg"
"NEOSOLARKITS27269",0,"neosolar_kits_27269.jpg","kits","NEOSOLAR","https://cdn.yellosolarhub.com/products/kits/neosolar_kits_27269.jpg",41135,"jpg"
"NEOSOLARKITS27270",0,"neosolar_kits_27270.jpg","kits","NEOSOLAR","https://cdn.yellosolarhub.com/products/kits/neosolar_kits_27270.jpg",45466,"jpg"
"NEOSOLARKITS27296",0,"neosolar_kits_27296.jpg","kits","NEOSOLAR","https://cdn.yellosolarhub.com/products/kits/neosolar_kits_27296.jpg",43972,"jpg"
"NEOSOLARKITS27297",0,"neosolar_kits_27297.jpg","kits","NEOSOLAR","https://cdn.yellosolarhub.com/products/kits/neosolar_kits_27297.jpg",45742,"jpg"
"NEOSOLARKITS27298",0,"neosolar_kits_27298.jpg","kits","NEOSOLAR","https://cdn.yellosolarhub.com/products/kits/neosolar_kits_27298.jpg",51727,"jpg"
"NEOSOLARKITS27299",0,"neosolar_kits_27299.jpg","kits","NEOSOLAR","https://cdn.yellosolarhub.com/products/kits/neosolar_kits_27299.jpg",35350,"jpg"
"NEOSOLARKITS27300",0,"neosolar_kits_27300.jpg","kits","NEOSOLAR","https://cdn.yellosolarhub.com/products/kits/neosolar_kits_27300.jpg",39185,"jpg"
"NEOSOLARKITS27301",0,"neosolar_kits_27301.jpg","kits","NEOSOLAR","https://cdn.yellosolarhub.com/products/kits/neosolar_kits_27301.jpg",43925,"jpg"
"NEOSOLARKITS27302",0,"neosolar_kits_27302.jpg","kits","NEOSOLAR","https://cdn.yellosolarhub.com/products/kits/neosolar_kits_27302.jpg",48933,"jpg"
"NEOSOLARKITS27303",0,"neosolar_kits_27303.jpg","kits","NEOSOLAR","https://cdn.yellosolarhub.com/products/kits/neosolar_kits_27303.jpg",33990,"jpg"
"NEOSOLARKITS27304",0,"neosolar_kits_27304.jpg","kits","NEOSOLAR","https://cdn.yellosolarhub.com/products/kits/neosolar_kits_27304.jpg",37140,"jpg"
"NEOSOLARKITS27305",0,"neosolar_kits_27305.jpg","kits","NEOSOLAR","https://cdn.yellosolarhub.com/products/kits/neosolar_kits_27305.jpg",41135,"jpg"
"NEOSOLARKITS27306",0,"neosolar_kits_27306.jpg","kits","NEOSOLAR","https://cdn.yellosolarhub.com/products/kits/neosolar_kits_27306.jpg",45466,"jpg"
"NEOSOLARKITS27313",0,"neosolar_kits_27313.jpg","kits","NEOSOLAR","https://cdn.yellosolarhub.com/products/kits/neosolar_kits_27313.jpg",64844,"jpg"
"NEOSOLARKITS27314",0,"neosolar_kits_27314.jpg","kits","NEOSOLAR","https://cdn.yellosolarhub.com/products/kits/neosolar_kits_27314.jpg",36092,"jpg"
"NEOSOLARKITS27315",0,"neosolar_kits_27315.jpg","kits","NEOSOLAR","https://cdn.yellosolarhub.com/products/kits/neosolar_kits_27315.jpg",36644,"jpg"
"NEOSOLARKITS27339",0,"neosolar_kits_27339.jpg","kits","NEOSOLAR","https://cdn.yellosolarhub.com/products/kits/neosolar_kits_27339.jpg",68101,"jpg"
"NEOSOLARKITS27347",0,"neosolar_kits_27347.jpg","kits","NEOSOLAR","https://cdn.yellosolarhub.com/products/kits/neosolar_kits_27347.jpg",36198,"jpg"
"NEOSOLARKITS27348",0,"neosolar_kits_27348.jpg","kits","NEOSOLAR","https://cdn.yellosolarhub.com/products/kits/neosolar_kits_27348.jpg",36198,"jpg"
"NEOSOLARKITS27349",0,"neosolar_kits_27349.jpg","kits","NEOSOLAR","https://cdn.yellosolarhub.com/products/kits/neosolar_kits_27349.jpg",36198,"jpg"
"NEOSOLARKITS27378",0,"neosolar_kits_27378.jpg","kits","NEOSOLAR","https://cdn.yellosolarhub.com/products/kits/neosolar_kits_27378.jpg",36198,"jpg"
"NEOSOLARKITS27475",0,"neosolar_kits_27475.jpg","kits","NEOSOLAR","https://cdn.yellosolarhub.com/products/kits/neosolar_kits_27475.jpg",23580,"jpg"
"NEOSOLARKITS27476",0,"neosolar_kits_27476.jpg","kits","NEOSOLAR","https://cdn.yellosolarhub.com/products/kits/neosolar_kits_27476.jpg",34624,"jpg"
"LONGI585W",0,"LONGI-585W.png","LONGI","LONGI","https://cdn.yellosolarhub.com/products/LONGI/LONGI-585W.png",156354,"png"
"LONGI630WPV2",0,"LONGI-630Wp_v2.png","LONGI","LONGI","https://cdn.yellosolarhub.com/products/LONGI/LONGI-630Wp_v2.png",198838,"png"
"CONTENTINGRESSPORTALB2BNEOSOLARCOMBR",0,"content_ingress=portalb2b.neosolar.com.br.png","outros","NEOSOLAR","https://cdn.yellosolarhub.com/products/outros/content_ingress=portalb2b.neosolar.com.br.png",66651,"png"
"215563",0,"215563.jpg","paineis","unknown","https://cdn.yellosolarhub.com/products/paineis/215563.jpg",154824,"jpg"
"289244",0,"289244.jpg","paineis","unknown","https://cdn.yellosolarhub.com/products/paineis/289244.jpg",154064,"jpg"
"291808",0,"291808.jpg","paineis","unknown","https://cdn.yellosolarhub.com/products/paineis/291808.jpg",153945,"jpg"
"299586",0,"299586.jpg","paineis","unknown","https://cdn.yellosolarhub.com/products/paineis/299586.jpg",153969,"jpg"
"299589",0,"299589.jpg","paineis","unknown","https://cdn.yellosolarhub.com/products/paineis/299589.jpg",154547,"jpg"
"300585",0,"300585.jpg","paineis","unknown","https://cdn.yellosolarhub.com/products/paineis/300585.jpg",154023,"jpg"
"304574",0,"304574.jpg","paineis","unknown","https://cdn.yellosolarhub.com/products/paineis/304574.jpg",153506,"jpg"
"DAHDHN72X16DGIMAGEPRODUCT559376",0,"DAH-DHN-72X16-DG_IMAGE_PRODUCT_559376.jpeg","paineis","unknown","https://cdn.yellosolarhub.com/products/paineis/DAH-DHN-72X16-DG_IMAGE_PRODUCT_559376.jpeg",177628,"jpeg"
"HANERSUNHJTHN21H66HTIMAGEPRODUCT573429",0,"HANERSUN-HJT HN21H-66HT_IMAGE_PRODUCT_573429.png","paineis","unknown","https://cdn.yellosolarhub.com/products/paineis/HANERSUN-HJT HN21H-66HT_IMAGE_PRODUCT_573429.png",191153,"png"
"HANERSUNHN18N72HIMAGEPRODUCT559375",0,"HANERSUN-HN18N-72H_IMAGE_PRODUCT_559375.jpeg","paineis","unknown","https://cdn.yellosolarhub.com/products/paineis/HANERSUN-HN18N-72H_IMAGE_PRODUCT_559375.jpeg",177319,"jpeg"
"IMAGE",7,"image.png","paineis","unknown","https://cdn.yellosolarhub.com/products/paineis/image.png",41289,"png"
"IMAGEPRODUCT559375",0,"IMAGE_PRODUCT_559375.jpeg","paineis","unknown","https://cdn.yellosolarhub.com/products/paineis/IMAGE_PRODUCT_559375.jpeg",177319,"jpeg"
"IMAGEPRODUCT559376",0,"IMAGE_PRODUCT_559376.jpeg","paineis","unknown","https://cdn.yellosolarhub.com/products/paineis/IMAGE_PRODUCT_559376.jpeg",177628,"jpeg"
"IMAGEPRODUCT559380",0,"IMAGE_PRODUCT_559380.jpeg","paineis","unknown","https://cdn.yellosolarhub.com/products/paineis/IMAGE_PRODUCT_559380.jpeg",177319,"jpeg"
"IMAGEPRODUCT559381",0,"IMAGE_PRODUCT_559381.png","paineis","unknown","https://cdn.yellosolarhub.com/products/paineis/IMAGE_PRODUCT_559381.png",130502,"png"
"IMAGEPRODUCT573429",0,"IMAGE_PRODUCT_573429.png","paineis","unknown","https://cdn.yellosolarhub.com/products/paineis/IMAGE_PRODUCT_573429.png",191153,"png"
"MINASOLMS545IMAGE",0,"MINASOL-MS-545_image.png","paineis","unknown","https://cdn.yellosolarhub.com/products/paineis/MINASOL-MS-545_image.png",41289,"png"
"OSDA33VMHDRZIMAGEPRODUCT559381",0,"OSDA-33V-MHDRZ_IMAGE_PRODUCT_559381.png","paineis","unknown","https://cdn.yellosolarhub.com/products/paineis/OSDA-33V-MHDRZ_IMAGE_PRODUCT_559381.png",130502,"png"
"SKU21556321556317587472203114354",0,"sku_215563_215563-17587472203114354.jpeg","paineis","unknown","https://cdn.yellosolarhub.com/products/paineis/sku_215563_215563-17587472203114354.jpeg",154824,"jpeg"
"SKU280440280440117460389183888406",0,"sku_280440_280440_1-17460389183888406.jpeg","paineis","unknown","https://cdn.yellosolarhub.com/products/paineis/sku_280440_280440_1-17460389183888406.jpeg",107629,"jpeg"
"SKU28798928798917459120523305528",0,"sku_287989_287989-17459120523305528.jpeg","paineis","unknown","https://cdn.yellosolarhub.com/products/paineis/sku_287989_287989-17459120523305528.jpeg",154471,"jpeg"
"SKU289244289244117460389447419270",0,"sku_289244_289244_1-17460389447419270.jpeg","paineis","unknown","https://cdn.yellosolarhub.com/products/paineis/sku_289244_289244_1-17460389447419270.jpeg",258247,"jpeg"
"SKU29180829180817458456460969248",0,"sku_291808_291808-17458456460969248.jpeg","paineis","unknown","https://cdn.yellosolarhub.com/products/paineis/sku_291808_291808-17458456460969248.jpeg",153945,"jpeg"
"SKU29958629958617471562636241354",0,"sku_299586_299586-17471562636241354.jpeg","paineis","unknown","https://cdn.yellosolarhub.com/products/paineis/sku_299586_299586-17471562636241354.jpeg",153969,"jpeg"
"SKU29958929958917471414377421707",0,"sku_299589_299589-17471414377421707.jpeg","paineis","unknown","https://cdn.yellosolarhub.com/products/paineis/sku_299589_299589-17471414377421707.jpeg",154547,"jpeg"
"SKU30058530058517476745737964615",0,"sku_300585_300585-17476745737964615.jpeg","paineis","unknown","https://cdn.yellosolarhub.com/products/paineis/sku_300585_300585-17476745737964615.jpeg",154023,"jpeg"
"SKU30457430457417516416575985705",0,"sku_304574_304574-17516416575985705.jpeg","paineis","unknown","https://cdn.yellosolarhub.com/products/paineis/sku_304574_304574-17516416575985705.jpeg",153506,"jpeg"
"NEOSOLARPOSTS23327",0,"NEOSOLAR_POSTS_23327.jpg","postes","NEOSOLAR","https://cdn.yellosolarhub.com/products/postes/NEOSOLAR_POSTS_23327.jpg",33065,"jpg"
"NEOSOLARPOSTS23586",0,"NEOSOLAR_POSTS_23586.jpg","postes","NEOSOLAR","https://cdn.yellosolarhub.com/products/postes/NEOSOLAR_POSTS_23586.jpg",31665,"jpg"
"NEOSOLARPOSTS23587",0,"NEOSOLAR_POSTS_23587.jpg","postes","NEOSOLAR","https://cdn.yellosolarhub.com/products/postes/NEOSOLAR_POSTS_23587.jpg",30948,"jpg"
"NEOSOLARPOSTS24170",0,"neosolar_posts_24170.jpg","postes","NEOSOLAR","https://cdn.yellosolarhub.com/products/postes/neosolar_posts_24170.jpg",28000,"jpg"
"NEOSOLARPOSTS24171",0,"neosolar_posts_24171.jpg","postes","NEOSOLAR","https://cdn.yellosolarhub.com/products/postes/neosolar_posts_24171.jpg",28000,"jpg"
"NEOSOLARPOSTS24172",0,"neosolar_posts_24172.jpg","postes","NEOSOLAR","https://cdn.yellosolarhub.com/products/postes/neosolar_posts_24172.jpg",28000,"jpg"
"NEOSOLARPOSTS24173",0,"neosolar_posts_24173.jpg","postes","NEOSOLAR","https://cdn.yellosolarhub.com/products/postes/neosolar_posts_24173.jpg",28000,"jpg"
"NEOSOLARPOSTS24174",0,"neosolar_posts_24174.jpg","postes","NEOSOLAR","https://cdn.yellosolarhub.com/products/postes/neosolar_posts_24174.jpg",28000,"jpg"
"NEOSOLARPOSTS24175",0,"neosolar_posts_24175.jpg","postes","NEOSOLAR","https://cdn.yellosolarhub.com/products/postes/neosolar_posts_24175.jpg",28000,"jpg"
"RISEN700W",0,"RISEN-700W.png","RISEN","unknown","https://cdn.yellosolarhub.com/products/RISEN/RISEN-700W.png",260696,"png"
"192068",0,"192068.jpg","stringboxes","unknown","https://cdn.yellosolarhub.com/products/stringboxes/192068.jpg",65217,"jpg"
"SKU12298012298017544826815777105",0,"sku_122980_122980-17544826815777105.jpeg","stringboxes","unknown","https://cdn.yellosolarhub.com/products/stringboxes/sku_122980_122980-17544826815777105.jpeg",112031,"jpeg"
"SKU13598513598517544833546238906",0,"sku_135985_135985-17544833546238906.jpeg","stringboxes","unknown","https://cdn.yellosolarhub.com/products/stringboxes/sku_135985_135985-17544833546238906.jpeg",99195,"jpeg"
"SKU19176819176817460425002977694",0,"sku_191768_191768-17460425002977694.jpeg","stringboxes","unknown","https://cdn.yellosolarhub.com/products/stringboxes/sku_191768_191768-17460425002977694.jpeg",156313,"jpeg"
"SKU19176919176917485312150104210",0,"sku_191769_191769-17485312150104210.jpeg","stringboxes","unknown","https://cdn.yellosolarhub.com/products/stringboxes/sku_191769_191769-17485312150104210.jpeg",161141,"jpeg"
"SKU19206819206817459124742242879",0,"sku_192068_192068-17459124742242879.jpeg","stringboxes","unknown","https://cdn.yellosolarhub.com/products/stringboxes/sku_192068_192068-17459124742242879.jpeg",65217,"jpeg"
"SKU19934719934717460425385827504",0,"sku_199347_199347-17460425385827504.jpeg","stringboxes","unknown","https://cdn.yellosolarhub.com/products/stringboxes/sku_199347_199347-17460425385827504.jpeg",99193,"jpeg"
"SKU19934819934817458717534237239",0,"sku_199348_199348-17458717534237239.jpeg","stringboxes","unknown","https://cdn.yellosolarhub.com/products/stringboxes/sku_199348_199348-17458717534237239.jpeg",79835,"jpeg"
"SKU19935119935117459269345762408",0,"sku_199351_199351-17459269345762408.jpeg","stringboxes","unknown","https://cdn.yellosolarhub.com/products/stringboxes/sku_199351_199351-17459269345762408.jpeg",123246,"jpeg"
"SKU210836210836117458977870704374",0,"sku_210836_210836_1-17458977870704374.jpeg","stringboxes","unknown","https://cdn.yellosolarhub.com/products/stringboxes/sku_210836_210836_1-17458977870704374.jpeg",113314,"jpeg"
"SKU31166831166817458944783606561",0,"sku_311668_311668-17458944783606561.jpeg","stringboxes","unknown","https://cdn.yellosolarhub.com/products/stringboxes/sku_311668_311668-17458944783606561.jpeg",74004,"jpeg"
"SKU327540327540117514830300259600",0,"sku_327540_327540_1-17514830300259600.jpeg","stringboxes","unknown","https://cdn.yellosolarhub.com/products/stringboxes/sku_327540_327540_1-17514830300259600.jpeg",140785,"jpeg"
"SKU327541327541117514904188633219",0,"sku_327541_327541_1-17514904188633219.jpeg","stringboxes","unknown","https://cdn.yellosolarhub.com/products/stringboxes/sku_327541_327541_1-17514904188633219.jpeg",71612,"jpeg"
"SKU375553755517545438599901052",0,"sku_37555_37555-17545438599901052.jpeg","stringboxes","unknown","https://cdn.yellosolarhub.com/products/stringboxes/sku_37555_37555-17545438599901052.jpeg",79191,"jpeg"
"SUNGROW20SG12RT2020380V20202MPPT",0,"SUNGROW%20SG12RT%20-%20380V%20-%202MPPT.png","SUNGROW","unknown","https://cdn.yellosolarhub.com/products/SUNGROW/SUNGROW%20SG12RT%20-%20380V%20-%202MPPT.png",343952,"png"
"SUNGROWSG15RTP2AFCI380V2MPPT201",0,"SUNGROW-SG15RT-P2-(AFCI)---380V---2MPPT%201.png","SUNGROW","unknown","https://cdn.yellosolarhub.com/products/SUNGROW/SUNGROW-SG15RT-P2-(AFCI)---380V---2MPPT%201.png",95174,"png"
"SUNGROWSG20RTP2AFCI380V2MPPT",0,"SUNGROW-SG20RT-P2-(AFCI)-380V-2MPPT.png","SUNGROW","unknown","https://cdn.yellosolarhub.com/products/SUNGROW/SUNGROW-SG20RT-P2-(AFCI)-380V-2MPPT.png",95321,"png"
"SUNGROWSG30RS220V1MPPT",0,"SUNGROW-SG3.0RS-220V-1MPPT.png","SUNGROW","unknown","https://cdn.yellosolarhub.com/products/SUNGROW/SUNGROW-SG3.0RS-220V-1MPPT.png",84422,"png"
"SUNGROWSG40RS220V2MPPT",0,"SUNGROW-SG4.0RS-220V-2MPPT.png","SUNGROW","unknown","https://cdn.yellosolarhub.com/products/SUNGROW/SUNGROW-SG4.0RS-220V-2MPPT.png",84384,"png"
"SUNGROWSG50RS220V2MPPT",0,"SUNGROW-SG5.0RS-220V-2MPPT.png","SUNGROW","unknown","https://cdn.yellosolarhub.com/products/SUNGROW/SUNGROW-SG5.0RS-220V-2MPPT.png",84464,"png"
"SUNGROWSG75CXLV",0,"SUNGROW-SG75CX-LV.png","SUNGROW","unknown","https://cdn.yellosolarhub.com/products/SUNGROW/SUNGROW-SG75CX-LV.png",65302,"png"
"SUNGROWSG90RS220V3MPPT",0,"SUNGROW-SG9.0RS-220V-3MPPT.png","SUNGROW","unknown","https://cdn.yellosolarhub.com/products/SUNGROW/SUNGROW-SG9.0RS-220V-3MPPT.png",84681,"png"
"CAIXA20DE20PASSAGEM",0,"caixa%20de%20passagem.png","UNKNOWN-MANUFACTURER","unknown","https://cdn.yellosolarhub.com/products/UNKNOWN-MANUFACTURER/caixa%20de%20passagem.png",92495,"png"
"DISPOSITIVODEDESCONEXAOIQRELAYLNBR",0,"DISPOSITIVO-DE-DESCONEXAO-IQ-RELAY-LN-BR.png","UNKNOWN-MANUFACTURER","unknown","https://cdn.yellosolarhub.com/products/UNKNOWN-MANUFACTURER/DISPOSITIVO-DE-DESCONEXAO-IQ-RELAY-LN-BR.png",63588,"png"
"IBT00001",0,"IBT00001.png","UNKNOWN-MANUFACTURER","unknown","https://cdn.yellosolarhub.com/products/UNKNOWN-MANUFACTURER/IBT00001.png",72972,"png"
"IBT00002",0,"IBT00002.png","UNKNOWN-MANUFACTURER","unknown","https://cdn.yellosolarhub.com/products/UNKNOWN-MANUFACTURER/IBT00002.png",85575,"png"
"IBT00003",0,"IBT00003.png","UNKNOWN-MANUFACTURER","unknown","https://cdn.yellosolarhub.com/products/UNKNOWN-MANUFACTURER/IBT00003.png",16772,"png"
"IBT00004",0,"IBT00004.png","UNKNOWN-MANUFACTURER","unknown","https://cdn.yellosolarhub.com/products/UNKNOWN-MANUFACTURER/IBT00004.png",97106,"png"
"ICA00008",0,"ICA00008.png","UNKNOWN-MANUFACTURER","unknown","https://cdn.yellosolarhub.com/products/UNKNOWN-MANUFACTURER/ICA00008.png",75501,"png"
"ICA00009",0,"ICA00009.png","UNKNOWN-MANUFACTURER","unknown","https://cdn.yellosolarhub.com/products/UNKNOWN-MANUFACTURER/ICA00009.png",127844,"png"
"ICA00010",0,"ICA00010.png","UNKNOWN-MANUFACTURER","unknown","https://cdn.yellosolarhub.com/products/UNKNOWN-MANUFACTURER/ICA00010.png",75501,"png"
"ICA00011",0,"ICA00011.png","UNKNOWN-MANUFACTURER","unknown","https://cdn.yellosolarhub.com/products/UNKNOWN-MANUFACTURER/ICA00011.png",127844,"png"
"ICO00001",0,"ICO00001.png","UNKNOWN-MANUFACTURER","unknown","https://cdn.yellosolarhub.com/products/UNKNOWN-MANUFACTURER/ICO00001.png",107476,"png"
"ICON318X647",0,"icon-318x647.png","UNKNOWN-MANUFACTURER","unknown","https://cdn.yellosolarhub.com/products/UNKNOWN-MANUFACTURER/icon-318x647.png",8982,"png"
"ICV0000320CARREGADOR20VEICULAR20FOXESS20A7300P1E220207320KW",0,"ICV00003%20CARREGADOR%20VEICULAR%20FOXESS%20A7300P1-E-2%20-%207,3%20KW.png","UNKNOWN-MANUFACTURER","unknown","https://cdn.yellosolarhub.com/products/UNKNOWN-MANUFACTURER/ICV00003%20CARREGADOR%20VEICULAR%20FOXESS%20A7300P1-E-2%20-%207,3%20KW.png",88941,"png"
"ICV0000420CARREGADOR20VEICULAR20FOXESS20A022KP1E222KW",0,"ICV00004%20CARREGADOR%20VEICULAR%20FOXESS%20A022KP1-E-2-22KW.png","UNKNOWN-MANUFACTURER","unknown","https://cdn.yellosolarhub.com/products/UNKNOWN-MANUFACTURER/ICV00004%20CARREGADOR%20VEICULAR%20FOXESS%20A022KP1-E-2-22KW.png",88941,"png"
"IEF00009",0,"IEF00009.png","UNKNOWN-MANUFACTURER","unknown","https://cdn.yellosolarhub.com/products/UNKNOWN-MANUFACTURER/IEF00009.png",75945,"png"
"IEF00016",0,"IEF00016.png","UNKNOWN-MANUFACTURER","unknown","https://cdn.yellosolarhub.com/products/UNKNOWN-MANUFACTURER/IEF00016.png",37750,"png"
"IEF00023",0,"IEF00023.png","UNKNOWN-MANUFACTURER","unknown","https://cdn.yellosolarhub.com/products/UNKNOWN-MANUFACTURER/IEF00023.png",85377,"png"
"IEF00040",0,"IEF00040.png","UNKNOWN-MANUFACTURER","unknown","https://cdn.yellosolarhub.com/products/UNKNOWN-MANUFACTURER/IEF00040.png",17422,"png"
"IEF00044",0,"IEF00044.png","UNKNOWN-MANUFACTURER","unknown","https://cdn.yellosolarhub.com/products/UNKNOWN-MANUFACTURER/IEF00044.png",83821,"png"
"IEF00045",0,"IEF00045.png","UNKNOWN-MANUFACTURER","unknown","https://cdn.yellosolarhub.com/products/UNKNOWN-MANUFACTURER/IEF00045.png",52043,"png"
"IEF00073",0,"IEF00073.png","UNKNOWN-MANUFACTURER","unknown","https://cdn.yellosolarhub.com/products/UNKNOWN-MANUFACTURER/IEF00073.png",22975,"png"
"IEF00090",0,"IEF00090.png","UNKNOWN-MANUFACTURER","unknown","https://cdn.yellosolarhub.com/products/UNKNOWN-MANUFACTURER/IEF00090.png",25380,"png"
"IEF00096",0,"IEF00096.png","UNKNOWN-MANUFACTURER","unknown","https://cdn.yellosolarhub.com/products/UNKNOWN-MANUFACTURER/IEF00096.png",105192,"png"
"IEF00098",0,"IEF00098.png","UNKNOWN-MANUFACTURER","unknown","https://cdn.yellosolarhub.com/products/UNKNOWN-MANUFACTURER/IEF00098.png",129136,"png"
"IEF00100",0,"IEF00100.png","UNKNOWN-MANUFACTURER","unknown","https://cdn.yellosolarhub.com/products/UNKNOWN-MANUFACTURER/IEF00100.png",77547,"png"
"IEF00127",0,"IEF00127.png","UNKNOWN-MANUFACTURER","unknown","https://cdn.yellosolarhub.com/products/UNKNOWN-MANUFACTURER/IEF00127.png",89344,"png"
"IEF00127",1,"IEF00127.webp","UNKNOWN-MANUFACTURER","unknown","https://cdn.yellosolarhub.com/products/UNKNOWN-MANUFACTURER/IEF00127.webp",7528,"webp"
"IEF00129",0,"IEF00129.png","UNKNOWN-MANUFACTURER","unknown","https://cdn.yellosolarhub.com/products/UNKNOWN-MANUFACTURER/IEF00129.png",116296,"png"
"IEF00131",0,"IEF00131.png","UNKNOWN-MANUFACTURER","unknown","https://cdn.yellosolarhub.com/products/UNKNOWN-MANUFACTURER/IEF00131.png",126687,"png"
"IEF00132",0,"IEF00132.png","UNKNOWN-MANUFACTURER","unknown","https://cdn.yellosolarhub.com/products/UNKNOWN-MANUFACTURER/IEF00132.png",120318,"png"
"IEF00133",0,"IEF00133.png","UNKNOWN-MANUFACTURER","unknown","https://cdn.yellosolarhub.com/products/UNKNOWN-MANUFACTURER/IEF00133.png",60961,"png"
"IEF00144",0,"IEF00144.png","UNKNOWN-MANUFACTURER","unknown","https://cdn.yellosolarhub.com/products/UNKNOWN-MANUFACTURER/IEF00144.png",103527,"png"
"IEF00154",0,"IEF00154.png","UNKNOWN-MANUFACTURER","unknown","https://cdn.yellosolarhub.com/products/UNKNOWN-MANUFACTURER/IEF00154.png",72480,"png"
"IEF00163",0,"IEF00163.png","UNKNOWN-MANUFACTURER","unknown","https://cdn.yellosolarhub.com/products/UNKNOWN-MANUFACTURER/IEF00163.png",61394,"png"
"IEF00166",0,"IEF00166.png","UNKNOWN-MANUFACTURER","unknown","https://cdn.yellosolarhub.com/products/UNKNOWN-MANUFACTURER/IEF00166.png",42773,"png"
"IEF00168",0,"IEF00168.png","UNKNOWN-MANUFACTURER","unknown","https://cdn.yellosolarhub.com/products/UNKNOWN-MANUFACTURER/IEF00168.png",90228,"png"
"IEF00173",0,"IEF00173.png","UNKNOWN-MANUFACTURER","unknown","https://cdn.yellosolarhub.com/products/UNKNOWN-MANUFACTURER/IEF00173.png",96284,"png"
"IEF00203",0,"IEF00203.png","UNKNOWN-MANUFACTURER","unknown","https://cdn.yellosolarhub.com/products/UNKNOWN-MANUFACTURER/IEF00203.png",89344,"png"
"ILS00003",0,"ILS00003.png","UNKNOWN-MANUFACTURER","unknown","https://cdn.yellosolarhub.com/products/UNKNOWN-MANUFACTURER/ILS00003.png",37258,"png"
"ILS00004",0,"ILS00004.png","UNKNOWN-MANUFACTURER","unknown","https://cdn.yellosolarhub.com/products/UNKNOWN-MANUFACTURER/ILS00004.png",55900,"png"
"ILS00008",0,"ILS00008.png","UNKNOWN-MANUFACTURER","unknown","https://cdn.yellosolarhub.com/products/UNKNOWN-MANUFACTURER/ILS00008.png",13026,"png"
"ILS00009",0,"ILS00009.png","UNKNOWN-MANUFACTURER","unknown","https://cdn.yellosolarhub.com/products/UNKNOWN-MANUFACTURER/ILS00009.png",83621,"png"
"ILS00010",0,"ILS00010.png","UNKNOWN-MANUFACTURER","unknown","https://cdn.yellosolarhub.com/products/UNKNOWN-MANUFACTURER/ILS00010.png",111680,"png"
"ILS00012",0,"ILS00012.png","UNKNOWN-MANUFACTURER","unknown","https://cdn.yellosolarhub.com/products/UNKNOWN-MANUFACTURER/ILS00012.png",28333,"png"
"ILS00019",0,"ILS00019.png","UNKNOWN-MANUFACTURER","unknown","https://cdn.yellosolarhub.com/products/UNKNOWN-MANUFACTURER/ILS00019.png",68654,"png"
"IMS00003",0,"IMS00003.png","UNKNOWN-MANUFACTURER","unknown","https://cdn.yellosolarhub.com/products/UNKNOWN-MANUFACTURER/IMS00003.png",373263,"png"
"IMS00004",0,"IMS00004.png","UNKNOWN-MANUFACTURER","unknown","https://cdn.yellosolarhub.com/products/UNKNOWN-MANUFACTURER/IMS00004.png",162435,"png"
"ISB00004",0,"ISB00004.png","UNKNOWN-MANUFACTURER","unknown","https://cdn.yellosolarhub.com/products/UNKNOWN-MANUFACTURER/ISB00004.png",101799,"png"
"ISB00004",1,"ISB00004.webp","UNKNOWN-MANUFACTURER","unknown","https://cdn.yellosolarhub.com/products/UNKNOWN-MANUFACTURER/ISB00004.webp",7720,"webp"
"ISB00006",0,"ISB00006.png","UNKNOWN-MANUFACTURER","unknown","https://cdn.yellosolarhub.com/products/UNKNOWN-MANUFACTURER/ISB00006.png",101799,"png"
"ISB00007",0,"ISB00007.png","UNKNOWN-MANUFACTURER","unknown","https://cdn.yellosolarhub.com/products/UNKNOWN-MANUFACTURER/ISB00007.png",25014,"png"
"ITF00002",0,"ITF00002.png","UNKNOWN-MANUFACTURER","unknown","https://cdn.yellosolarhub.com/products/UNKNOWN-MANUFACTURER/ITF00002.png",103742,"png"
"ITF00005",0,"ITF00005.png","UNKNOWN-MANUFACTURER","unknown","https://cdn.yellosolarhub.com/products/UNKNOWN-MANUFACTURER/ITF00005.png",103742,"png"
"ITR00056",0,"ITR00056.png","UNKNOWN-MANUFACTURER","unknown","https://cdn.yellosolarhub.com/products/UNKNOWN-MANUFACTURER/ITR00056.png",53345,"png"
"ITR00085",0,"ITR00085.png","UNKNOWN-MANUFACTURER","unknown","https://cdn.yellosolarhub.com/products/UNKNOWN-MANUFACTURER/ITR00085.png",109884,"png"
"PERFILREFORC3A7ADOSMART240",0,"Perfil-refor%C3%A7ado-smart-2,40.png","UNKNOWN-MANUFACTURER","unknown","https://cdn.yellosolarhub.com/products/UNKNOWN-MANUFACTURER/Perfil-refor%C3%A7ado-smart-2,40.png",77883,"png"