sku,category,manufacturer,power_w,capacity_kwh,price_brl,list_price_brl,cost_price_brl,supplier,source,confidence,image_url
"FOTUSKP021704KWPCERAMICOKITS","kits","",1704000,,7670500,,,"Estimated","estimated",0.4,"https://cdn.yellosolarhub.com/products/kits/FOTUS-KP02-1704kWp-Ceramico-kits.jpg"
"FOTUSKP021704KWPFIBROCIMENTOKITS","kits","",1704000,,7670500,,,"Estimated","estimated",0.4,"https://cdn.yellosolarhub.com/products/kits/FOTUS-KP02-1704kWp-Fibrocimento-kits.jpg"
"FOTUSKP021704KWPMINITRILHOKITS","kits","",1704000,,7670500,,,"Estimated","estimated",0.4,"https://cdn.yellosolarhub.com/products/kits/FOTUS-KP02-1704kWp-MiniTrilho-kits.jpg"
"FOTUSKP041596KWPCERAMICOKITS","kits","",1596000,,7184500,,,"Estimated","estimated",0.4,"https://cdn.yellosolarhub.com/products/kits/FOTUS-KP04-1596kWp-Ceramico-kits.jpg"
"FOTUSKP041596KWPFIBROCIMENTOKITS","kits","",1596000,,7184500,,,"Estimated","estimated",0.4,"https://cdn.yellosolarhub.com/products/kits/FOTUS-KP04-1596kWp-Fibrocimento-kits.jpg"
"FOTUSKP041596KWPMINITRILHOKITS","kits","",1596000,,7184500,,,"Estimated","estimated",0.4,"https://cdn.yellosolarhub.com/products/kits/FOTUS-KP04-1596kWp-MiniTrilho-kits.jpg"
"FOTUSKP041482KWPCERAMICOKITS","kits","",1482000,,6671500,,,"Estimated","estimated",0.4,"https://cdn.yellosolarhub.com/products/kits/FOTUS-KP04-1482kWp-Ceramico-kits.jpg"
"FOTUSKP041482KWPFIBROCIMENTOKITS","kits","",1482000,,6671500,,,"Estimated","estimated",0.4,"https://cdn.yellosolarhub.com/products/kits/FOTUS-KP04-1482kWp-Fibrocimento-kits.jpg"
"FOTUSKP041482KWPMINITRILHOKITS","kits","",1482000,,6671500,,,"Estimated","estimated",0.4,"https://cdn.yellosolarhub.com/products/kits/FOTUS-KP04-1482kWp-MiniTrilho-kits.jpg"
"FOTUSKP041368KWPCERAMICOKITS","kits","",1368000,,6158500,,,"Estimated","estimated",0.4,"https://cdn.yellosolarhub.com/products/kits/FOTUS-KP04-1368kWp-Ceramico-kits.jpg"
"FOTUSKP041368KWPFIBROCIMENTOKITS","kits","",1368000,,6158500,,,"Estimated","estimated",0.4,"https://cdn.yellosolarhub.com/products/kits/FOTUS-KP04-1368kWp-Fibrocimento-kits.jpg"
"FOTUSKP041368KWPMINITRILHOKITS","kits","",1368000,,6158500,,,"Estimated","estimated",0.4,"https://cdn.yellosolarhub.com/products/kits/FOTUS-KP04-1368kWp-MiniTrilho-kits.jpg"
"FOTUSKP041311KWPCERAMICOKITS","kits","",1311000,,5902000,,,"Estimated","estimated",0.4,"https://cdn.yellosolarhub.com/products/kits/FOTUS-KP04-1311kWp-Ceramico-kits.jpg"
"FOTUSKP041311KWPFIBROCIMENTOKITS","kits","",1311000,,5902000,,,"Estimated","estimated",0.4,"https://cdn.yellosolarhub.com/products/kits/FOTUS-KP04-1311kWp-Fibrocimento-kits.jpg"
"FOTUSKP041311KWPMINITRILHOKITS","kits","",1311000,,5902000,,,"Estimated","estimated",0.4,"https://cdn.yellosolarhub.com/products/kits/FOTUS-KP04-1311kWp-MiniTrilho-kits.jpg"
"FOTUSKP021278KWPCERAMICOKITS","kits","",1278000,,5753500,,,"Estimated","estimated",0.4,"https://cdn.yellosolarhub.com/products/kits/FOTUS-KP02-1278kWp-Ceramico-kits.jpg"
"FOTUSKP021278KWPFIBROCIMENTOKITS","kits","",1278000,,5753500,,,"Estimated","estimated",0.4,"https://cdn.yellosolarhub.com/products/kits/FOTUS-KP02-1278kWp-Fibrocimento-kits.jpg"
"FOTUSKP021278KWPMINITRILHOKITS","kits","",1278000,,5753500,,,"Estimated","estimated",0.4,"https://cdn.yellosolarhub.com/products/kits/FOTUS-KP02-1278kWp-MiniTrilho-kits.jpg"
"FOTUSKP041254KWPCERAMICOKITS","kits","",1254000,,5645500,,,"Estimated","estimated",0.4,"https://cdn.yellosolarhub.com/products/kits/FOTUS-KP04-1254kWp-Ceramico-kits.jpg"
"FOTUSKP041254KWPFIBROCIMENTOKITS","kits","",1254000,,5645500,,,"Estimated","estimated",0.4,"https://cdn.yellosolarhub.com/products/kits/FOTUS-KP04-1254kWp-Fibrocimento-kits.jpg"
"FOTUSKP041254KWPMINITRILHOKITS","kits","",1254000,,5645500,,,"Estimated","estimated",0.4,"https://cdn.yellosolarhub.com/products/kits/FOTUS-KP04-1254kWp-MiniTrilho-kits.jpg"
"FOTUSKP04960KWPCERAMICOKITSHIBRIDOS","kits","",960000,,5187000,,,"Estimated","estimated",0.4,"https://cdn.yellosolarhub.com/products/kits/FOTUS-KP04-960kWp-Ceramico-kits-hibridos.jpg"
"FOTUSKP04960KWPFIBROCIMENTOKITSHIBRIDOS","kits","",960000,,5187000,,,"Estimated","estimated",0.4,"https://cdn.yellosolarhub.com/products/kits/FOTUS-KP04-960kWp-Fibrocimento-kits-hibridos.jpg"
"FOTUSKP04960KWPMINITRILHOKITSHIBRIDOS","kits","",960000,,5187000,,,"Estimated","estimated",0.4,"https://cdn.yellosolarhub.com/products/kits/FOTUS-KP04-960kWp-MiniTrilho-kits-hibridos.jpg"
"FOTUSKP021136KWPCERAMICOKITS","kits","",1136000,,5114500,,,"Estimated","estimated",0.4,"https://cdn.yellosolarhub.com/products/kits/FOTUS-KP02-1136kWp-Ceramico-kits.jpg"
"FOTUSKP021136KWPFIBROCIMENTOKITS","kits","",1136000,,5114500,,,"Estimated","estimated",0.4,"https://cdn.yellosolarhub.com/products/kits/FOTUS-KP02-1136kWp-Fibrocimento-kits.jpg"
"FOTUSKP021136KWPMINITRILHOKITS","kits","",1136000,,5114500,,,"Estimated","estimated",0.4,"https://cdn.yellosolarhub.com/products/kits/FOTUS-KP02-1136kWp-MiniTrilho-kits.jpg"
"FOTUSKP031136KWPCERAMICOKITS","kits","",1136000,,5114500,,,"Estimated","estimated",0.4,"https://cdn.yellosolarhub.com/products/kits/FOTUS-KP03-1136kWp-Ceramico-kits.jpg"
"FOTUSKP031136KWPFIBROCIMENTOKITS","kits","",1136000,,5114500,,,"Estimated","estimated",0.4,"https://cdn.yellosolarhub.com/products/kits/FOTUS-KP03-1136kWp-Fibrocimento-kits.jpg"
"FOTUSKP031136KWPMINITRILHOKITS","kits","",1136000,,5114500,,,"Estimated","estimated",0.4,"https://cdn.yellosolarhub.com/products/kits/FOTUS-KP03-1136kWp-MiniTrilho-kits.jpg"
"FOTUSKP021065KWPCERAMICOKITS","kits","",1065000,,4795000,,,"Estimated","estimated",0.4,"https://cdn.yellosolarhub.com/products/kits/FOTUS-KP02-1065kWp-Ceramico-kits.jpg"
"FOTUSKP021065KWPFIBROCIMENTOKITS","kits","",1065000,,4795000,,,"Estimated","estimated",0.4,"https://cdn.yellosolarhub.com/products/kits/FOTUS-KP02-1065kWp-Fibrocimento-kits.jpg"
"FOTUSKP021065KWPMINITRILHOKITS","kits","",1065000,,4795000,,,"Estimated","estimated",0.4,"https://cdn.yellosolarhub.com/products/kits/FOTUS-KP02-1065kWp-MiniTrilho-kits.jpg"
"FOTUSKP041026KWPCERAMICOKITS","kits","",1026000,,4619500,,,"Estimated","estimated",0.4,"https://cdn.yellosolarhub.com/products/kits/FOTUS-KP04-1026kWp-Ceramico-kits.jpg"
"FOTUSKP041026KWPFIBROCIMENTOKITS","kits","",1026000,,4619500,,,"Estimated","estimated",0.4,"https://cdn.yellosolarhub.com/products/kits/FOTUS-KP04-1026kWp-Fibrocimento-kits.jpg"
"FOTUSKP041026KWPMINITRILHOKITS","kits","",1026000,,4619500,,,"Estimated","estimated",0.4,"https://cdn.yellosolarhub.com/products/kits/FOTUS-KP04-1026kWp-MiniTrilho-kits.jpg"
"FOTUSKP04840KWPCERAMICOKITSHIBRIDOS","kits","",840000,,4539000,,,"Estimated","estimated",0.4,"https://cdn.yellosolarhub.com/products/kits/FOTUS-KP04-840kWp-Ceramico-kits-hibridos.jpg"
"FOTUSKP04840KWPFIBROCIMENTOKITSHIBRIDOS","kits","",840000,,4539000,,,"Estimated","estimated",0.4,"https://cdn.yellosolarhub.com/products/kits/FOTUS-KP04-840kWp-Fibrocimento-kits-hibridos.jpg"
"FOTUSKP04840KWPMINITRILHOKITSHIBRIDOS","kits","",840000,,4539000,,,"Estimated","estimated",0.4,"https://cdn.yellosolarhub.com/products/kits/FOTUS-KP04-840kWp-MiniTrilho-kits-hibridos.jpg"
"FOTUSKP02994KWPCERAMICOKITS","kits","",994000,,4475500,,,"Estimated","estimated",0.4,"https://cdn.yellosolarhub.com/products/kits/FOTUS-KP02-994kWp-Ceramico-kits.jpg"
"FOTUSKP02994KWPFIBROCIMENTOKITS","kits","",994000,,4475500,,,"Estimated","estimated",0.4,"https://cdn.yellosolarhub.com/products/kits/FOTUS-KP02-994kWp-Fibrocimento-kits.jpg"
"FOTUSKP02994KWPMINITRILHOKITS","kits","",994000,,4475500,,,"Estimated","estimated",0.4,"https://cdn.yellosolarhub.com/products/kits/FOTUS-KP02-994kWp-MiniTrilho-kits.jpg"
"FOTUSKP03994KWPCERAMICOKITS","kits","",994000,,4475500,,,"Estimated","estimated",0.4,"https://cdn.yellosolarhub.com/products/kits/FOTUS-KP03-994kWp-Ceramico-kits.jpg"
"FOTUSKP03994KWPFIBROCIMENTOKITS","kits","",994000,,4475500,,,"Estimated","estimated",0.4,"https://cdn.yellosolarhub.com/products/kits/FOTUS-KP03-994kWp-Fibrocimento-kits.jpg"
"FOTUSKP03994KWPMINITRILHOKITS","kits","",994000,,4475500,,,"Estimated","estimated",0.4,"https://cdn.yellosolarhub.com/products/kits/FOTUS-KP03-994kWp-MiniTrilho-kits.jpg"
"FOTUSKP04969KWPCERAMICOKITS","kits","",969000,,4363000,,,"Estimated","estimated",0.4,"https://cdn.yellosolarhub.com/products/kits/FOTUS-KP04-969kWp-Ceramico-kits.jpg"
"FOTUSKP04969KWPFIBROCIMENTOKITS","kits","",969000,,4363000,,,"Estimated","estimated",0.4,"https://cdn.yellosolarhub.com/products/kits/FOTUS-KP04-969kWp-Fibrocimento-kits.jpg"
"FOTUSKP04969KWPMINITRILHOKITS","kits","",969000,,4363000,,,"Estimated","estimated",0.4,"https://cdn.yellosolarhub.com/products/kits/FOTUS-KP04-969kWp-MiniTrilho-kits.jpg"
"FOTUSKP02960KWPCERAMICOKITS","kits","",960000,,4322500,,,"Estimated","estimated",0.4,"https://cdn.yellosolarhub.com/products/kits/FOTUS-KP02-960kWp-Ceramico-kits.jpg"
"FOTUSKP02960KWPFIBROCIMENTOKITS","kits","",960000,,4322500,,,"Estimated","estimated",0.4,"https://cdn.yellosolarhub.com/products/kits/FOTUS-KP02-960kWp-Fibrocimento-kits.jpg"
"FOTUSKP02960KWPMINITRILHOKITS","kits","",960000,,4322500,,,"Estimated","estimated",0.4,"https://cdn.yellosolarhub.com/products/kits/FOTUS-KP02-960kWp-MiniTrilho-kits.jpg"
"FOTUSKP04960KWPCERAMICOKITS","kits","",960000,,4322500,,,"Estimated","estimated",0.4,"https://cdn.yellosolarhub.com/products/kits/FOTUS-KP04-960kWp-Ceramico-kits.jpg"
"FOTUSKP04960KWPFIBROCIMENTOKITS","kits","",960000,,4322500,,,"Estimated","estimated",0.4,"https://cdn.yellosolarhub.com/products/kits/FOTUS-KP04-960kWp-Fibrocimento-kits.jpg"
"FOTUSKP04960KWPMINITRILHOKITS","kits","",960000,,4322500,,,"Estimated","estimated",0.4,"https://cdn.yellosolarhub.com/products/kits/FOTUS-KP04-960kWp-MiniTrilho-kits.jpg"
"FOTUSKP04912KWPCERAMICOKITS","kits","",912000,,4106500,,,"Estimated","estimated",0.4,"https://cdn.yellosolarhub.com/products/kits/FOTUS-KP04-912kWp-Ceramico-kits.jpg"
"FOTUSKP04912KWPFIBROCIMENTOKITS","kits","",912000,,4106500,,,"Estimated","estimated",0.4,"https://cdn.yellosolarhub.com/products/kits/FOTUS-KP04-912kWp-Fibrocimento-kits.jpg"
"FOTUSKP04912KWPMINITRILHOKITS","kits","",912000,,4106500,,,"Estimated","estimated",0.4,"https://cdn.yellosolarhub.com/products/kits/FOTUS-KP04-912kWp-MiniTrilho-kits.jpg"
"FOTUSKP04720KWPCERAMICOKITSHIBRIDOS","kits","",720000,,3891000,,,"Estimated","estimated",0.4,"https://cdn.yellosolarhub.com/products/kits/FOTUS-KP04-720kWp-Ceramico-kits-hibridos.jpg"
"FOTUSKP04720KWPFIBROCIMENTOKITSHIBRIDOS","kits","",720000,,3891000,,,"Estimated","estimated",0.4,"https://cdn.yellosolarhub.com/products/kits/FOTUS-KP04-720kWp-Fibrocimento-kits-hibridos.jpg"
"FOTUSKP04720KWPMINITRILHOKITSHIBRIDOS","kits","",720000,,3891000,,,"Estimated","estimated",0.4,"https://cdn.yellosolarhub.com/products/kits/FOTUS-KP04-720kWp-MiniTrilho-kits-hibridos.jpg"
"FOTUSKP04855KWPCERAMICOKITS","kits","",855000,,3850000,,,"Estimated","estimated",0.4,"https://cdn.yellosolarhub.com/products/kits/FOTUS-KP04-855kWp-Ceramico-kits.jpg"
"FOTUSKP04855KWPFIBROCIMENTOKITS","kits","",855000,,3850000,,,"Estimated","estimated",0.4,"https://cdn.yellosolarhub.com/products/kits/FOTUS-KP04-855kWp-Fibrocimento-kits.jpg"
"FOTUSKP04855KWPMINITRILHOKITS","kits","",855000,,3850000,,,"Estimated","estimated",0.4,"https://cdn.yellosolarhub.com/products/kits/FOTUS-KP04-855kWp-MiniTrilho-kits.jpg"
"FOTUSKP02852KWPCERAMICOKITS","kits","",852000,,3836500,,,"Estimated","estimated",0.4,"https://cdn.yellosolarhub.com/products/kits/FOTUS-KP02-852kWp-Ceramico-kits.jpg"
"FOTUSKP02852KWPFIBROCIMENTOKITS","kits","",852000,,3836500,,,"Estimated","estimated",0.4,"https://cdn.yellosolarhub.com/products/kits/FOTUS-KP02-852kWp-Fibrocimento-kits.jpg"
"FOTUSKP02852KWPMINITRILHOKITS","kits","",852000,,3836500,,,"Estimated","estimated",0.4,"https://cdn.yellosolarhub.com/products/kits/FOTUS-KP02-852kWp-MiniTrilho-kits.jpg"
"FOTUSKP03852KWPCERAMICOKITS","kits","",852000,,3836500,,,"Estimated","estimated",0.4,"https://cdn.yellosolarhub.com/products/kits/FOTUS-KP03-852kWp-Ceramico-kits.jpg"
"FOTUSKP03852KWPFIBROCIMENTOKITS","kits","",852000,,3836500,,,"Estimated","estimated",0.4,"https://cdn.yellosolarhub.com/products/kits/FOTUS-KP03-852kWp-Fibrocimento-kits.jpg"
"FOTUSKP03852KWPMINITRILHOKITS","kits","",852000,,3836500,,,"Estimated","estimated",0.4,"https://cdn.yellosolarhub.com/products/kits/FOTUS-KP03-852kWp-MiniTrilho-kits.jpg"
"FOTUSKP02840KWPCERAMICOKITS","kits","",840000,,3782500,,,"Estimated","estimated",0.4,"https://cdn.yellosolarhub.com/products/kits/FOTUS-KP02-840kWp-Ceramico-kits.jpg"
"FOTUSKP02840KWPFIBROCIMENTOKITS","kits","",840000,,3782500,,,"Estimated","estimated",0.4,"https://cdn.yellosolarhub.com/products/kits/FOTUS-KP02-840kWp-Fibrocimento-kits.jpg"
"FOTUSKP02840KWPMINITRILHOKITS","kits","",840000,,3782500,,,"Estimated","estimated",0.4,"https://cdn.yellosolarhub.com/products/kits/FOTUS-KP02-840kWp-MiniTrilho-kits.jpg"
"FOTUSKP04840KWPCERAMICOKITS","kits","",840000,,3782500,,,"Estimated","estimated",0.4,"https://cdn.yellosolarhub.com/products/kits/FOTUS-KP04-840kWp-Ceramico-kits.jpg"
"FOTUSKP04840KWPFIBROCIMENTOKITS","kits","",840000,,3782500,,,"Estimated","estimated",0.4,"https://cdn.yellosolarhub.com/products/kits/FOTUS-KP04-840kWp-Fibrocimento-kits.jpg"
"FOTUSKP04840KWPMINITRILHOKITS","kits","",840000,,3782500,,,"Estimated","estimated",0.4,"https://cdn.yellosolarhub.com/products/kits/FOTUS-KP04-840kWp-MiniTrilho-kits.jpg"
"FOTUSKP04798KWPCERAMICOKITS","kits","",798000,,3593500,,,"Estimated","estimated",0.4,"https://cdn.yellosolarhub.com/products/kits/FOTUS-KP04-798kWp-Ceramico-kits.jpg"
"FOTUSKP04798KWPFIBROCIMENTOKITS","kits","",798000,,3593500,,,"Estimated","estimated",0.4,"https://cdn.yellosolarhub.com/products/kits/FOTUS-KP04-798kWp-Fibrocimento-kits.jpg"
"FOTUSKP04798KWPMINITRILHOKITS","kits","",798000,,3593500,,,"Estimated","estimated",0.4,"https://cdn.yellosolarhub.com/products/kits/FOTUS-KP04-798kWp-MiniTrilho-kits.jpg"
"FOTUSKP04600KWPCERAMICOKITSHIBRIDOS","kits","",600000,,3243000,,,"Estimated","estimated",0.4,"https://cdn.yellosolarhub.com/products/kits/FOTUS-KP04-600kWp-Ceramico-kits-hibridos.jpg"
"FOTUSKP04600KWPFIBROCIMENTOKITSHIBRIDOS","kits","",600000,,3243000,,,"Estimated","estimated",0.4,"https://cdn.yellosolarhub.com/products/kits/FOTUS-KP04-600kWp-Fibrocimento-kits-hibridos.jpg"
"FOTUSKP04600KWPMINITRILHOKITSHIBRIDOS","kits","",600000,,3243000,,,"Estimated","estimated",0.4,"https://cdn.yellosolarhub.com/products/kits/FOTUS-KP04-600kWp-MiniTrilho-kits-hibridos.jpg"
"FOTUSKP02720KWPCERAMICOKITS","kits","",720000,,3242500,,,"Estimated","estimated",0.4,"https://cdn.yellosolarhub.com/products/kits/FOTUS-KP02-720kWp-Ceramico-kits.jpg"
"FOTUSKP02720KWPFIBROCIMENTOKITS","kits","",720000,,3242500,,,"Estimated","estimated",0.4,"https://cdn.yellosolarhub.com/products/kits/FOTUS-KP02-720kWp-Fibrocimento-kits.jpg"
"FOTUSKP02720KWPMINITRILHOKITS","kits","",720000,,3242500,,,"Estimated","estimated",0.4,"https://cdn.yellosolarhub.com/products/kits/FOTUS-KP02-720kWp-MiniTrilho-kits.jpg"
"FOTUSKP04720KWPCERAMICOKITS","kits","",720000,,3242500,,,"Estimated","estimated",0.4,"https://cdn.yellosolarhub.com/products/kits/FOTUS-KP04-720kWp-Ceramico-kits.jpg"
"FOTUSKP04720KWPFIBROCIMENTOKITS","kits","",720000,,3242500,,,"Estimated","estimated",0.4,"https://cdn.yellosolarhub.com/products/kits/FOTUS-KP04-720kWp-Fibrocimento-kits.jpg"
"FOTUSKP04720KWPMINITRILHOKITS","kits","",720000,,3242500,,,"Estimated","estimated",0.4,"https://cdn.yellosolarhub.com/products/kits/FOTUS-KP04-720kWp-MiniTrilho-kits.jpg"
"FOTUSKP02710KWPCERAMICOKITS","kits","",710000,,3197500,,,"Estimated","estimated",0.4,"https://cdn.yellosolarhub.com/products/kits/FOTUS-KP02-710kWp-Ceramico-kits.jpg"
"FOTUSKP02710KWPFIBROCIMENTOKITS","kits","",710000,,3197500,,,"Estimated","estimated",0.4,"https://cdn.yellosolarhub.com/products/kits/FOTUS-KP02-710kWp-Fibrocimento-kits.jpg"
"FOTUSKP02710KWPMINITRILHOKITS","kits","",710000,,3197500,,,"Estimated","estimated",0.4,"https://cdn.yellosolarhub.com/products/kits/FOTUS-KP02-710kWp-MiniTrilho-kits.jpg"
"FOTUSKP03710KWPCERAMICOKITS","kits","",710000,,3197500,,,"Estimated","estimated",0.4,"https://cdn.yellosolarhub.com/products/kits/FOTUS-KP03-710kWp-Ceramico-kits.jpg"
"FOTUSKP03710KWPFIBROCIMENTOKITS","kits","",710000,,3197500,,,"Estimated","estimated",0.4,"https://cdn.yellosolarhub.com/products/kits/FOTUS-KP03-710kWp-Fibrocimento-kits.jpg"
"FOTUSKP03710KWPMINITRILHOKITS","kits","",710000,,3197500,,,"Estimated","estimated",0.4,"https://cdn.yellosolarhub.com/products/kits/FOTUS-KP03-710kWp-MiniTrilho-kits.jpg"
"FOTUSKP04684KWPCERAMICOKITS","kits","",684000,,3080500,,,"Estimated","estimated",0.4,"https://cdn.yellosolarhub.com/products/kits/FOTUS-KP04-684kWp-Ceramico-kits.jpg"
"FOTUSKP04684KWPFIBROCIMENTOKITS","kits","",684000,,3080500,,,"Estimated","estimated",0.4,"https://cdn.yellosolarhub.com/products/kits/FOTUS-KP04-684kWp-Fibrocimento-kits.jpg"
"FOTUSKP04684KWPMINITRILHOKITS","kits","",684000,,3080500,,,"Estimated","estimated",0.4,"https://cdn.yellosolarhub.com/products/kits/FOTUS-KP04-684kWp-MiniTrilho-kits.jpg"
"FOTUSKP02600KWPCERAMICOKITS","kits","",600000,,2702500,,,"Estimated","estimated",0.4,"https://cdn.yellosolarhub.com/products/kits/FOTUS-KP02-600kWp-Ceramico-kits.jpg"
"FOTUSKP02600KWPFIBROCIMENTOKITS","kits","",600000,,2702500,,,"Estimated","estimated",0.4,"https://cdn.yellosolarhub.com/products/kits/FOTUS-KP02-600kWp-Fibrocimento-kits.jpg"
"FOTUSKP02600KWPMINITRILHOKITS","kits","",600000,,2702500,,,"Estimated","estimated",0.4,"https://cdn.yellosolarhub.com/products/kits/FOTUS-KP02-600kWp-MiniTrilho-kits.jpg"
"FOTUSKP04600KWPCERAMICOKITS","kits","",600000,,2702500,,,"Estimated","estimated",0.4,"https://cdn.yellosolarhub.com/products/kits/FOTUS-KP04-600kWp-Ceramico-kits.jpg"
"FOTUSKP04600KWPFIBROCIMENTOKITS","kits","",600000,,2702500,,,"Estimated","estimated",0.4,"https://cdn.yellosolarhub.com/products/kits/FOTUS-KP04-600kWp-Fibrocimento-kits.jpg"
"FOTUSKP04600KWPMINITRILHOKITS","kits","",600000,,2702500,,,"Estimated","estimated",0.4,"https://cdn.yellosolarhub.com/products/kits/FOTUS-KP04-600kWp-MiniTrilho-kits.jpg"
"FOTUSKP04480KWPCERAMICOKITSHIBRIDOS","kits","",480000,,2595000,,,"Estimated","estimated",0.4,"https://cdn.yellosolarhub.com/products/kits/FOTUS-KP04-480kWp-Ceramico-kits-hibridos.jpg"
"FOTUSKP04480KWPFIBROCIMENTOKITSHIBRIDOS","kits","",480000,,2595000,,,"Estimated","estimated",0.4,"https://cdn.yellosolarhub.com/products/kits/FOTUS-KP04-480kWp-Fibrocimento-kits-hibridos.jpg"
"FOTUSKP04480KWPMINITRILHOKITSHIBRIDOS","kits","",480000,,2595000,,,"Estimated","estimated",0.4,"https://cdn.yellosolarhub.com/products/kits/FOTUS-KP04-480kWp-MiniTrilho-kits-hibridos.jpg"
"FOTUSKP04570KWPCERAMICOKITS","kits","",570000,,2567500,,,"Estimated","estimated",0.4,"https://cdn.yellosolarhub.com/products/kits/FOTUS-KP04-570kWp-Ceramico-kits.jpg"
"FOTUSKP04570KWPFIBROCIMENTOKITS","kits","",570000,,2567500,,,"Estimated","estimated",0.4,"https://cdn.yellosolarhub.com/products/kits/FOTUS-KP04-570kWp-Fibrocimento-kits.jpg"
"FOTUSKP04570KWPMINITRILHOKITS","kits","",570000,,2567500,,,"Estimated","estimated",0.4,"https://cdn.yellosolarhub.com/products/kits/FOTUS-KP04-570kWp-MiniTrilho-kits.jpg"
"FOTUSKP02568KWPCERAMICOKITS","kits","",568000,,2558500,,,"Estimated","estimated",0.4,"https://cdn.yellosolarhub.com/products/kits/FOTUS-KP02-568kWp-Ceramico-kits.jpg"
"FOTUSKP02568KWPFIBROCIMENTOKITS","kits","",568000,,2558500,,,"Estimated","estimated",0.4,"https://cdn.yellosolarhub.com/products/kits/FOTUS-KP02-568kWp-Fibrocimento-kits.jpg"
"FOTUSKP02568KWPMINITRILHOKITS","kits","",568000,,2558500,,,"Estimated","estimated",0.4,"https://cdn.yellosolarhub.com/products/kits/FOTUS-KP02-568kWp-MiniTrilho-kits.jpg"
"FOTUSKP03568KWPCERAMICOKITS","kits","",568000,,2558500,,,"Estimated","estimated",0.4,"https://cdn.yellosolarhub.com/products/kits/FOTUS-KP03-568kWp-Ceramico-kits.jpg"
"FOTUSKP03568KWPFIBROCIMENTOKITS","kits","",568000,,2558500,,,"Estimated","estimated",0.4,"https://cdn.yellosolarhub.com/products/kits/FOTUS-KP03-568kWp-Fibrocimento-kits.jpg"
"FOTUSKP03568KWPMINITRILHOKITS","kits","",568000,,2558500,,,"Estimated","estimated",0.4,"https://cdn.yellosolarhub.com/products/kits/FOTUS-KP03-568kWp-MiniTrilho-kits.jpg"
"FOTUSKP04513KWPCERAMICOKITS","kits","",513000,,2311000,,,"Estimated","estimated",0.4,"https://cdn.yellosolarhub.com/products/kits/FOTUS-KP04-513kWp-Ceramico-kits.jpg"
"FOTUSKP04513KWPFIBROCIMENTOKITS","kits","",513000,,2311000,,,"Estimated","estimated",0.4,"https://cdn.yellosolarhub.com/products/kits/FOTUS-KP04-513kWp-Fibrocimento-kits.jpg"
"FOTUSKP04513KWPMINITRILHOKITS","kits","",513000,,2311000,,,"Estimated","estimated",0.4,"https://cdn.yellosolarhub.com/products/kits/FOTUS-KP04-513kWp-MiniTrilho-kits.jpg"
"FOTUSKP02480KWPCERAMICOKITS","kits","",480000,,2162500,,,"Estimated","estimated",0.4,"https://cdn.yellosolarhub.com/products/kits/FOTUS-KP02-480kWp-Ceramico-kits.jpg"
"FOTUSKP02480KWPFIBROCIMENTOKITS","kits","",480000,,2162500,,,"Estimated","estimated",0.4,"https://cdn.yellosolarhub.com/products/kits/FOTUS-KP02-480kWp-Fibrocimento-kits.jpg"
"FOTUSKP02480KWPMINITRILHOKITS","kits","",480000,,2162500,,,"Estimated","estimated",0.4,"https://cdn.yellosolarhub.com/products/kits/FOTUS-KP02-480kWp-MiniTrilho-kits.jpg"
"FOTUSKP04480KWPFIBROCIMENTOKITS","kits","",480000,,2162500,,,"Estimated","estimated",0.4,"https://cdn.yellosolarhub.com/products/kits/FOTUS-KP04-480kWp-Fibrocimento-kits.jpg"
"FOTUSKP04480KWPMINITRILHOKITS","kits","",480000,,2162500,,,"Estimated","estimated",0.4,"https://cdn.yellosolarhub.com/products/kits/FOTUS-KP04-480kWp-MiniTrilho-kits.jpg"
"FOTUSKP04456KWPCERAMICOKITS","kits","",456000,,2054500,,,"Estimated","estimated",0.4,"https://cdn.yellosolarhub.com/products/kits/FOTUS-KP04-456kWp-Ceramico-kits.jpg"
"FOTUSKP04456KWPFIBROCIMENTOKITS","kits","",456000,,2054500,,,"Estimated","estimated",0.4,"https://cdn.yellosolarhub.com/products/kits/FOTUS-KP04-456kWp-Fibrocimento-kits.jpg"
"FOTUSKP04456KWPMINITRILHOKITS","kits","",456000,,2054500,,,"Estimated","estimated",0.4,"https://cdn.yellosolarhub.com/products/kits/FOTUS-KP04-456kWp-MiniTrilho-kits.jpg"
"FOTUSKP04360KWPCERAMICOKITSHIBRIDOS","kits","",360000,,1947000,,,"Estimated","estimated",0.4,"https://cdn.yellosolarhub.com/products/kits/FOTUS-KP04-360kWp-Ceramico-kits-hibridos.jpg"
"FOTUSKP04360KWPFIBROCIMENTOKITSHIBRIDOS","kits","",360000,,1947000,,,"Estimated","estimated",0.4,"https://cdn.yellosolarhub.com/products/kits/FOTUS-KP04-360kWp-Fibrocimento-kits-hibridos.jpg"
"FOTUSKP04360KWPMINITRILHOKITSHIBRIDOS","kits","",360000,,1947000,,,"Estimated","estimated",0.4,"https://cdn.yellosolarhub.com/products/kits/FOTUS-KP04-360kWp-MiniTrilho-kits-hibridos.jpg"
"FOTUSKP02426KWPCERAMICOKITS","kits","",426000,,1919500,,,"Estimated","estimated",0.4,"https://cdn.yellosolarhub.com/products/kits/FOTUS-KP02-426kWp-Ceramico-kits.jpg"
"FOTUSKP02426KWPFIBROCIMENTOKITS","kits","",426000,,1919500,,,"Estimated","estimated",0.4,"https://cdn.yellosolarhub.com/products/kits/FOTUS-KP02-426kWp-Fibrocimento-kits.jpg"
"FOTUSKP02426KWPMINITRILHOKITS","kits","",426000,,1919500,,,"Estimated","estimated",0.4,"https://cdn.yellosolarhub.com/products/kits/FOTUS-KP02-426kWp-MiniTrilho-kits.jpg"
"FOTUSKP03426KWPCERAMICOKITS","kits","",426000,,1919500,,,"Estimated","estimated",0.4,"https://cdn.yellosolarhub.com/products/kits/FOTUS-KP03-426kWp-Ceramico-kits.jpg"
"FOTUSKP03426KWPFIBROCIMENTOKITS","kits","",426000,,1919500,,,"Estimated","estimated",0.4,"https://cdn.yellosolarhub.com/products/kits/FOTUS-KP03-426kWp-Fibrocimento-kits.jpg"
"FOTUSKP03426KWPMINITRILHOKITS","kits","",426000,,1919500,,,"Estimated","estimated",0.4,"https://cdn.yellosolarhub.com/products/kits/FOTUS-KP03-426kWp-MiniTrilho-kits.jpg"
"FOTUSKP04399KWPCERAMICOKITS","kits","",399000,,1798000,,,"Estimated","estimated",0.4,"https://cdn.yellosolarhub.com/products/kits/FOTUS-KP04-399kWp-Ceramico-kits.jpg"
"FOTUSKP04399KWPFIBROCIMENTOKITS","kits","",399000,,1798000,,,"Estimated","estimated",0.4,"https://cdn.yellosolarhub.com/products/kits/FOTUS-KP04-399kWp-Fibrocimento-kits.jpg"
"FOTUSKP04399KWPMINITRILHOKITS","kits","",399000,,1798000,,,"Estimated","estimated",0.4,"https://cdn.yellosolarhub.com/products/kits/FOTUS-KP04-399kWp-MiniTrilho-kits.jpg"
"FOTUSKP02360KWPFIBROCIMENTOKITS","kits","",360000,,1622500,,,"Estimated","estimated",0.4,"https://cdn.yellosolarhub.com/products/kits/FOTUS-KP02-360kWp-Fibrocimento-kits.jpg"
"FOTUSKP02360KWPMINITRILHOKITS","kits","",360000,,1622500,,,"Estimated","estimated",0.4,"https://cdn.yellosolarhub.com/products/kits/FOTUS-KP02-360kWp-MiniTrilho-kits.jpg"
"FOTUSKP04360KWPCERAMICOKITS","kits","",360000,,1622500,,,"Estimated","estimated",0.4,"https://cdn.yellosolarhub.com/products/kits/FOTUS-KP04-360kWp-Ceramico-kits.jpg"
"FOTUSKP04360KWPFIBROCIMENTOKITS","kits","",360000,,1622500,,,"Estimated","estimated",0.4,"https://cdn.yellosolarhub.com/products/kits/FOTUS-KP04-360kWp-Fibrocimento-kits.jpg"
"FOTUSKP04360KWPMINITRILHOKITS","kits","",360000,,1622500,,,"Estimated","estimated",0.4,"https://cdn.yellosolarhub.com/products/kits/FOTUS-KP04-360kWp-MiniTrilho-kits.jpg"
"FOTUSKP04342KWPCERAMICOKITS","kits","",342000,,1541500,,,"Estimated","estimated",0.4,"https://cdn.yellosolarhub.com/products/kits/FOTUS-KP04-342kWp-Ceramico-kits.jpg"
"FOTUSKP04342KWPFIBROCIMENTOKITS","kits","",342000,,1541500,,,"Estimated","estimated",0.4,"https://cdn.yellosolarhub.com/products/kits/FOTUS-KP04-342kWp-Fibrocimento-kits.jpg"
"FOTUSKP04342KWPMINITRILHOKITS","kits","",342000,,1541500,,,"Estimated","estimated",0.4,"https://cdn.yellosolarhub.com/products/kits/FOTUS-KP04-342kWp-MiniTrilho-kits.jpg"
"FOTUSKP04240KWPCERAMICOKITSHIBRIDOS","kits","",240000,,1299000,,,"Estimated","estimated",0.4,"https://cdn.yellosolarhub.com/products/kits/FOTUS-KP04-240kWp-Ceramico-kits-hibridos.jpg"
"FOTUSKP04240KWPFIBROCIMENTOKITSHIBRIDOS","kits","",240000,,1299000,,,"Estimated","estimated",0.4,"https://cdn.yellosolarhub.com/products/kits/FOTUS-KP04-240kWp-Fibrocimento-kits-hibridos.jpg"
"FOTUSKP04240KWPMINITRILHOKITSHIBRIDOS","kits","",240000,,1299000,,,"Estimated","estimated",0.4,"https://cdn.yellosolarhub.com/products/kits/FOTUS-KP04-240kWp-MiniTrilho-kits-hibridos.jpg"
"FOTUSKP02284KWPCERAMICOKITS","kits","",284000,,1280500,,,"Estimated","estimated",0.4,"https://cdn.yellosolarhub.com/products/kits/FOTUS-KP02-284kWp-Ceramico-kits.jpg"
"FOTUSKP02284KWPFIBROCIMENTOKITS","kits","",284000,,1280500,,,"Estimated","estimated",0.4,"https://cdn.yellosolarhub.com/products/kits/FOTUS-KP02-284kWp-Fibrocimento-kits.jpg"
"FOTUSKP02284KWPMINITRILHOKITS","kits","",284000,,1280500,,,"Estimated","estimated",0.4,"https://cdn.yellosolarhub.com/products/kits/FOTUS-KP02-284kWp-MiniTrilho-kits.jpg"
"FOTUSKP03284KWPCERAMICOKITS","kits","",284000,,1280500,,,"Estimated","estimated",0.4,"https://cdn.yellosolarhub.com/products/kits/FOTUS-KP03-284kWp-Ceramico-kits.jpg"
"FOTUSKP03284KWPFIBROCIMENTOKITS","kits","",284000,,1280500,,,"Estimated","estimated",0.4,"https://cdn.yellosolarhub.com/products/kits/FOTUS-KP03-284kWp-Fibrocimento-kits.jpg"
"FOTUSKP03284KWPMINITRILHOKITS","kits","",284000,,1280500,,,"Estimated","estimated",0.4,"https://cdn.yellosolarhub.com/products/kits/FOTUS-KP03-284kWp-MiniTrilho-kits.jpg"
"FOTUSKP02240KWPCERAMICOKITS","kits","",240000,,1082500,,,"Estimated","estimated",0.4,"https://cdn.yellosolarhub.com/products/kits/FOTUS-KP02-240kWp-Ceramico-kits.jpg"
"FOTUSKP04240KWPCERAMICOKITS","kits","",240000,,1082500,,,"Estimated","estimated",0.4,"https://cdn.yellosolarhub.com/products/kits/FOTUS-KP04-240kWp-Ceramico-kits.jpg"
"FOTUSKP04240KWPFIBROCIMENTOKITS","kits","",240000,,1082500,,,"Estimated","estimated",0.4,"https://cdn.yellosolarhub.com/products/kits/FOTUS-KP04-240kWp-Fibrocimento-kits.jpg"
"FOTUSKP04240KWPMINITRILHOKITS","kits","",240000,,1082500,,,"Estimated","estimated",0.4,"https://cdn.yellosolarhub.com/products/kits/FOTUS-KP04-240kWp-MiniTrilho-kits.jpg"
"FOTUSKP04228KWPCERAMICOKITS","kits","",228000,,1028500,,,"Estimated","estimated",0.4,"https://cdn.yellosolarhub.com/products/kits/FOTUS-KP04-228kWp-Ceramico-kits.jpg"
"FOTUSKP04228KWPFIBROCIMENTOKITS","kits","",228000,,1028500,,,"Estimated","estimated",0.4,"https://cdn.yellosolarhub.com/products/kits/FOTUS-KP04-228kWp-Fibrocimento-kits.jpg"
"FOTUSKP04228KWPMINITRILHOKITS","kits","",228000,,1028500,,,"Estimated","estimated",0.4,"https://cdn.yellosolarhub.com/products/kits/FOTUS-KP04-228kWp-MiniTrilho-kits.jpg"
"FOTUSKP04120KWPCERAMICOKITSHIBRIDOS","kits","",120000,,651000,,,"Estimated","estimated",0.4,"https://cdn.yellosolarhub.com/products/kits/FOTUS-KP04-120kWp-Ceramico-kits-hibridos.jpg"
"FOTUSKP04120KWPFIBROCIMENTOKITSHIBRIDOS","kits","",120000,,651000,,,"Estimated","estimated",0.4,"https://cdn.yellosolarhub.com/products/kits/FOTUS-KP04-120kWp-Fibrocimento-kits-hibridos.jpg"
"FOTUSKP04120KWPMINITRILHOKITSHIBRIDOS","kits","",120000,,651000,,,"Estimated","estimated",0.4,"https://cdn.yellosolarhub.com/products/kits/FOTUS-KP04-120kWp-MiniTrilho-kits-hibridos.jpg"
"FOTUSKP02142KWPCERAMICOKITS","kits","",142000,,641500,,,"Estimated","estimated",0.4,"https://cdn.yellosolarhub.com/products/kits/FOTUS-KP02-142kWp-Ceramico-kits.jpg"
"FOTUSKP02142KWPFIBROCIMENTOKITS","kits","",142000,,641500,,,"Estimated","estimated",0.4,"https://cdn.yellosolarhub.com/products/kits/FOTUS-KP02-142kWp-Fibrocimento-kits.jpg"
"FOTUSKP02142KWPMINITRILHOKITS","kits","",142000,,641500,,,"Estimated","estimated",0.4,"https://cdn.yellosolarhub.com/products/kits/FOTUS-KP02-142kWp-MiniTrilho-kits.jpg"
"FOTUSKP03142KWPCERAMICOKITS","kits","",142000,,641500,,,"Estimated","estimated",0.4,"https://cdn.yellosolarhub.com/products/kits/FOTUS-KP03-142kWp-Ceramico-kits.jpg"
"FOTUSKP03142KWPFIBROCIMENTOKITS","kits","",142000,,641500,,,"Estimated","estimated",0.4,"https://cdn.yellosolarhub.com/products/kits/FOTUS-KP03-142kWp-Fibrocimento-kits.jpg"
"FOTUSKP03142KWPMINITRILHOKITS","kits","",142000,,641500,,,"Estimated","estimated",0.4,"https://cdn.yellosolarhub.com/products/kits/FOTUS-KP03-142kWp-MiniTrilho-kits.jpg"
"FOTUSKP02120KWPCERAMICOKITS","kits","",120000,,542500,,,"Estimated","estimated",0.4,"https://cdn.yellosolarhub.com/products/kits/FOTUS-KP02-120kWp-Ceramico-kits.jpg"
"FOTUSKP02120KWPFIBROCIMENTOKITS","kits","",120000,,542500,,,"Estimated","estimated",0.4,"https://cdn.yellosolarhub.com/products/kits/FOTUS-KP02-120kWp-Fibrocimento-kits.jpg"
"FOTUSKP04120KWPCERAMICOKITS","kits","",120000,,542500,,,"Estimated","estimated",0.4,"https://cdn.yellosolarhub.com/products/kits/FOTUS-KP04-120kWp-Ceramico-kits.jpg"
"FOTUSKP04120KWPFIBROCIMENTOKITS","kits","",120000,,542500,,,"Estimated","estimated",0.4,"https://cdn.yellosolarhub.com/products/kits/FOTUS-KP04-120kWp-Fibrocimento-kits.jpg"
"FOTUSKP04120KWPMINITRILHOKITS","kits","",120000,,542500,,,"Estimated","estimated",0.4,"https://cdn.yellosolarhub.com/products/kits/FOTUS-KP04-120kWp-MiniTrilho-kits.jpg"
"FOTUSKP04114KWPCERAMICOKITS","kits","",114000,,515500,,,"Estimated","estimated",0.4,"https://cdn.yellosolarhub.com/products/kits/FOTUS-KP04-114kWp-Ceramico-kits.jpg"
"FOTUSKP04114KWPFIBROCIMENTOKITS","kits","",114000,,515500,,,"Estimated","estimated",0.4,"https://cdn.yellosolarhub.com/products/kits/FOTUS-KP04-114kWp-Fibrocimento-kits.jpg"
"FOTUSKP04114KWPMINITRILHOKITS","kits","",114000,,515500,,,"Estimated","estimated",0.4,"https://cdn.yellosolarhub.com/products/kits/FOTUS-KP04-114kWp-MiniTrilho-kits.jpg"
"GOODWEGW250KHTIMAGEPRODUCT600142","inversores","GOODWE",250000,,182250,,,"Estimated","estimated",0.4,"https://cdn.yellosolarhub.com/products/inversores/GOODWE-GW250K-HT_IMAGE_PRODUCT_600142.png"
"GOODWEGW250KHUTIMAGEPRODUCT600344","inversores","GOODWE",250000,,182250,,,"Estimated","estimated",0.4,"https://cdn.yellosolarhub.com/products/inversores/GOODWE-GW250KH-UT_IMAGE_PRODUCT_600344.png"
"GOODWEGW250KNHTIMAGE","inversores","GOODWE",250000,,182250,,,"Estimated","estimated",0.4,"https://cdn.yellosolarhub.com/products/inversores/GOODWE-GW250KN-HT_image.png"
"GOODWEGW110KHTIMAGEPRODUCT600023","inversores","GOODWE",110000,,81450,,,"Estimated","estimated",0.4,"https://cdn.yellosolarhub.com/products/inversores/GOODWE-GW 110K-HT_IMAGE_PRODUCT_600023.png"
"GOODWEGW100KHTIMAGEPRODUCT600066","inversores","GOODWE",100000,,74250,,,"Estimated","estimated",0.4,"https://cdn.yellosolarhub.com/products/inversores/GOODWE-GW 100K-HT_IMAGE_PRODUCT_600066.png"
"GOODWEGW100KGTAFCIIMAGEPRODUCT600342","inversores","GOODWE",100000,,74250,,,"Estimated","estimated",0.4,"https://cdn.yellosolarhub.com/products/inversores/GOODWE-GW100K-GT - AFCI_IMAGE_PRODUCT_600342.jpg"
"GOODWEGW100KHTIMAGEPRODUCT600126","inversores","GOODWE",100000,,74250,,,"Estimated","estimated",0.4,"https://cdn.yellosolarhub.com/products/inversores/GOODWE-GW100K-HT_IMAGE_PRODUCT_600126.png"
"GOODWEGW75KSMTAFCIIMAGEPRODUCT600328","inversores","GOODWE",75000,,56250,,,"Estimated","estimated",0.4,"https://cdn.yellosolarhub.com/products/inversores/GOODWE-GW75K-SMT - AFCI_IMAGE_PRODUCT_600328.png"
"GOODWEGW73KLVHTAFCIIMAGE","inversores","GOODWE",73000,,54810,,,"Estimated","estimated",0.4,"https://cdn.yellosolarhub.com/products/inversores/GOODWE-GW 73KLV-HT - AFCI_image.png"
"DEYESUN75KG01P3LVIMAGE","inversores","DEYE",75000,,53125,,,"Estimated","estimated",0.4,"https://cdn.yellosolarhub.com/products/inversores/DEYE-SUN-75K-G01P3-LV_image.png"
"GOODWEGW60KSMTAFCIIMAGE","inversores","GOODWE",60000,,45450,,,"Estimated","estimated",0.4,"https://cdn.yellosolarhub.com/products/inversores/GOODWE-GW 60KS-MT - AFCI_image.png"
"GOODWEGW60KSMTIMAGE","inversores","GOODWE",60000,,45450,,,"Estimated","estimated",0.4,"https://cdn.yellosolarhub.com/products/inversores/GOODWE-GW 60KS-MT_image.png"
"GOODWEGW50KSMTAFCIIMAGE","inversores","GOODWE",50000,,38250,,,"Estimated","estimated",0.4,"https://cdn.yellosolarhub.com/products/inversores/GOODWE-GW 50KS-MT - AFCI_image.png"
"GOODWEGW37K5SDTBR30AFCIIMAGEPRODUCT600350","inversores","GOODWE",37000,,28890,,,"Estimated","estimated",0.4,"https://cdn.yellosolarhub.com/products/inversores/GOODWE-GW37K5-SDT-BR30 - AFCI_IMAGE_PRODUCT_600350.jpg"
"GOODWEGW36KMTAFCIIMAGE","inversores","GOODWE",36000,,28170,,,"Estimated","estimated",0.4,"https://cdn.yellosolarhub.com/products/inversores/GOODWE-GW 36K-MT - AFCI_image.jpeg"
"GOODWEGW35KLSMTAFCIIMAGE","inversores","GOODWE",35000,,27450,,,"Estimated","estimated",0.4,"https://cdn.yellosolarhub.com/products/inversores/GOODWE-GW 35KLS-MT - AFCI_image.png"
"GOODWEGW35KLSMTIMAGEPRODUCT600109","inversores","GOODWE",35000,,27450,,,"Estimated","estimated",0.4,"https://cdn.yellosolarhub.com/products/inversores/GOODWE-GW 35KLS-MT_IMAGE_PRODUCT_600109.png"
"DEYESUN35KG02LVIMAGE","inversores","DEYE",35000,,25925,,,"Estimated","estimated",0.4,"https://cdn.yellosolarhub.com/products/inversores/DEYE-SUN-35K-G02-LV_image.jpeg"
"GOODWEGW30KSDTC30AFCIIMAGE","inversores","GOODWE",30000,,23850,,,"Estimated","estimated",0.4,"https://cdn.yellosolarhub.com/products/inversores/GOODWE-GW 30K-SDT-C30 - AFCI_image.png"
"GOODWEGW30KLSMTAFCIREDIMAGEPRODUCT600483","inversores","GOODWE",30000,,23850,,,"Estimated","estimated",0.4,"https://cdn.yellosolarhub.com/products/inversores/GOODWE-GW 30KLS-MT - AFCI RED_IMAGE_PRODUCT_600483.png"
"GOODWEGW30KLSMTAFCIIMAGEPRODUCT600268","inversores","GOODWE",30000,,23850,,,"Estimated","estimated",0.4,"https://cdn.yellosolarhub.com/products/inversores/GOODWE-GW 30KLS-MT - AFCI_IMAGE_PRODUCT_600268.png"
"GOODWEGW30KETAFCIIMAGEPRODUCT600150","inversores","GOODWE",30000,,23850,,,"Estimated","estimated",0.4,"https://cdn.yellosolarhub.com/products/inversores/GOODWE-GW30K-ET - AFCI_IMAGE_PRODUCT_600150.png"
"HUAWEISUN200010KLC0AFCIIMAGEPRODUCT600386","inversores","HUAWEI",10000,,20833.33,,,"N/A","similar_match",0.7,"https://cdn.yellosolarhub.com/products/inversores/HUAWEI-SUN2000-10K-LC0 - AFCI_IMAGE_PRODUCT_600386.png"
"HUAWEISUN200012KMB0AFCIIMAGEPRODUCT600387","inversores","HUAWEI",12000,,20833.33,,,"N/A","similar_match",0.7,"https://cdn.yellosolarhub.com/products/inversores/HUAWEI-SUN2000-12K-MB0 - AFCI_IMAGE_PRODUCT_600387.png"
"HUAWEISUN200015KMB0AFCIIMAGEPRODUCT600388","inversores","HUAWEI",15000,,20833.33,,,"N/A","similar_match",0.7,"https://cdn.yellosolarhub.com/products/inversores/HUAWEI-SUN2000-15K-MB0 - AFCI_IMAGE_PRODUCT_600388.png"
"HUAWEISUN20003KTLL1AFCIIMAGEPRODUCT600382","inversores","HUAWEI",3000,,20833.33,,,"N/A","similar_match",0.7,"https://cdn.yellosolarhub.com/products/inversores/HUAWEI-SUN2000-3KTL-L1 - AFCI_IMAGE_PRODUCT_600382.png"
"HUAWEISUN20004KTLL1AFCIIMAGEPRODUCT600423","inversores","HUAWEI",4000,,20833.33,,,"N/A","similar_match",0.7,"https://cdn.yellosolarhub.com/products/inversores/HUAWEI-SUN2000-4KTL-L1 - AFCI_IMAGE_PRODUCT_600423.png"
"GOODWEGW25KSDTP31AFCICRSDIMAGEPRODUCT600452","inversores","GOODWE",25000,,20250,,,"Estimated","estimated",0.4,"https://cdn.yellosolarhub.com/products/inversores/GOODWE-GW25K-SDT-P31 - AFCI C- RSD_IMAGE_PRODUCT_600452.png"
"GOODWEGW25KSDTP31AFCIIMAGEPRODUCT600404","inversores","GOODWE",25000,,20250,,,"Estimated","estimated",0.4,"https://cdn.yellosolarhub.com/products/inversores/GOODWE-GW25K-SDT-P31 - AFCI_IMAGE_PRODUCT_600404.png"
"SOFAR25KTLXG3LVAFCIIMAGEPRODUCT600381","inversores","SOFAR",25000,,19575,,,"Estimated","estimated",0.4,"https://cdn.yellosolarhub.com/products/inversores/SOFAR-25KTLX-G3-LV - AFCI_IMAGE_PRODUCT_600381.png"
"DEYESUN25KG02LVIMAGE","inversores","DEYE",25000,,19125,,,"Estimated","estimated",0.4,"https://cdn.yellosolarhub.com/products/inversores/DEYE-SUN-25K-G02-LV_image.png"
"GOODWEGW23KLVSDTBR30AFCIIMAGEPRODUCT600352","inversores","GOODWE",23000,,18810,,,"Estimated","estimated",0.4,"https://cdn.yellosolarhub.com/products/inversores/GOODWE-GW23KLV-SDT-BR30 - AFCI_IMAGE_PRODUCT_600352.jpg"
"ODEXODEXINVSAJ25000W","inversores","SAJ",25000,,18450,,,"Estimated","estimated",0.4,"https://cdn.yellosolarhub.com/products/inversores/ODEX-ODEX-INV-SAJ-25000W.jpg"
"GOODWEGW20KLVMTAFCIIMAGE","inversores","GOODWE",20000,,16650,,,"Estimated","estimated",0.4,"https://cdn.yellosolarhub.com/products/inversores/GOODWE-GW 20KLV-MT - AFCI_image.png"
"GOODWEGW20KETAFCIIMAGEPRODUCT600149","inversores","GOODWE",20000,,16650,,,"Estimated","estimated",0.4,"https://cdn.yellosolarhub.com/products/inversores/GOODWE-GW20K-ET - AFCI_IMAGE_PRODUCT_600149.png"
"GOODWEGW20KSDT31AFCICRSDIMAGEPRODUCT600453","inversores","GOODWE",20000,,16650,,,"Estimated","estimated",0.4,"https://cdn.yellosolarhub.com/products/inversores/GOODWE-GW20K-SDT-31 - AFCI C- RSD_IMAGE_PRODUCT_600453.png"
"ODEXODEXINVSAJ20000W","inversores","SAJ",20000,,15170,,,"Estimated","estimated",0.4,"https://cdn.yellosolarhub.com/products/inversores/ODEX-ODEX-INV-SAJ-20000W.jpg"
"GOODWEGW17KLVSDTC30AFCIIMAGEPRODUCT600275","inversores","GOODWE",17000,,14490,,,"Estimated","estimated",0.4,"https://cdn.yellosolarhub.com/products/inversores/GOODWE-GW17KLV-SDT-C30 - AFCI_IMAGE_PRODUCT_600275.png"
"GROWATTMAC36KTL3XLAFCIIMAGEPRODUCT600303","inversores","GROWATT",36000,,14016.63,,,"N/A","similar_match",0.7,"https://cdn.yellosolarhub.com/products/inversores/GROWATT-MAC 36KTL3-XL - AFCI_IMAGE_PRODUCT_600303.png"
"GROWATTMAX50KTL3XL2AFCIIMAGEPRODUCT600305","inversores","GROWATT",50000,,14016.63,,,"N/A","similar_match",0.7,"https://cdn.yellosolarhub.com/products/inversores/GROWATT-MAX 50KTL3-XL2 - AFCI_IMAGE_PRODUCT_600305.png"
"GROWATTMAX50KTL3XL2IMAGE","inversores","GROWATT",50000,,14016.63,,,"N/A","similar_match",0.7,"https://cdn.yellosolarhub.com/products/inversores/GROWATT-MAX 50KTL3-XL2_image.webp"
"GROWATTMAX60KTL3XL2IMAGE","inversores","GROWATT",60000,,14016.63,,,"N/A","similar_match",0.7,"https://cdn.yellosolarhub.com/products/inversores/GROWATT-MAX60KTL3-XL 2_image.webp"
"GROWATTMID20KTL3XL2AFCIIMAGEPRODUCT600308","inversores","GROWATT",20000,,14016.63,,,"N/A","similar_match",0.7,"https://cdn.yellosolarhub.com/products/inversores/GROWATT-MID 20KTL3 XL2 - AFCI_IMAGE_PRODUCT_600308.png"
"GROWATTMID50KTL3X2AFCIIMAGEPRODUCT600314","inversores","GROWATT",50000,,14016.63,,,"N/A","similar_match",0.7,"https://cdn.yellosolarhub.com/products/inversores/GROWATT-MID 50KTL3-X2 - AFCI_IMAGE_PRODUCT_600314.png"
"ODEXODEXINVGROWATT100000W","inversores","GROWATT",100000,,14016.63,,,"N/A","similar_match",0.7,"https://cdn.yellosolarhub.com/products/inversores/ODEX-ODEX-INV-GROWATT-100000W.jpg"
"ODEXODEXINVGROWATT10000W1","inversores","GROWATT",10000,,14016.63,,,"N/A","similar_match",0.7,"https://cdn.yellosolarhub.com/products/inversores/ODEX-ODEX-INV-GROWATT-10000W-1.jpg"
"ODEXODEXINVGROWATT10000W","inversores","GROWATT",10000,,14016.63,,,"N/A","similar_match",0.7,"https://cdn.yellosolarhub.com/products/inversores/ODEX-ODEX-INV-GROWATT-10000W.jpg"
"ODEXODEXINVGROWATT125000W","inversores","GROWATT",125000,,14016.63,,,"N/A","similar_match",0.7,"https://cdn.yellosolarhub.com/products/inversores/ODEX-ODEX-INV-GROWATT-125000W.jpg"
"ODEXODEXINVGROWATT15000W","inversores","GROWATT",15000,,14016.63,,,"N/A","similar_match",0.7,"https://cdn.yellosolarhub.com/products/inversores/ODEX-ODEX-INV-GROWATT-15000W.jpg"
"ODEXODEXINVGROWATT20000W","inversores","GROWATT",20000,,14016.63,,,"N/A","similar_match",0.7,"https://cdn.yellosolarhub.com/products/inversores/ODEX-ODEX-INV-GROWATT-20000W.jpg"
"ODEXODEXINVGROWATT25000W","inversores","GROWATT",25000,,14016.63,,,"N/A","similar_match",0.7,"https://cdn.yellosolarhub.com/products/inversores/ODEX-ODEX-INV-GROWATT-25000W.jpg"
"ODEXODEXINVGROWATT3000W1","inversores","GROWATT",3000,,14016.63,,,"N/A","similar_match",0.7,"https://cdn.yellosolarhub.com/products/inversores/ODEX-ODEX-INV-GROWATT-3000W-1.jpg"
"ODEXODEXINVGROWATT3000W","inversores","GROWATT",3000,,14016.63,,,"N/A","similar_match",0.7,"https://cdn.yellosolarhub.com/products/inversores/ODEX-ODEX-INV-GROWATT-3000W.jpg"
"ODEXODEXINVGROWATT3300W","inversores","GROWATT",3300,,14016.63,,,"N/A","similar_match",0.7,"https://cdn.yellosolarhub.com/products/inversores/ODEX-ODEX-INV-GROWATT-3300W.jpg"
"ODEXODEXINVGROWATT4000W","inversores","GROWATT",4000,,14016.63,,,"N/A","similar_match",0.7,"https://cdn.yellosolarhub.com/products/inversores/ODEX-ODEX-INV-GROWATT-4000W.jpg"
"ODEXODEXINVGROWATT50000W","inversores","GROWATT",50000,,14016.63,,,"N/A","similar_match",0.7,"https://cdn.yellosolarhub.com/products/inversores/ODEX-ODEX-INV-GROWATT-50000W.jpg"
"ODEXODEXINVGROWATT5000W","inversores","GROWATT",5000,,14016.63,,,"N/A","similar_match",0.7,"https://cdn.yellosolarhub.com/products/inversores/ODEX-ODEX-INV-GROWATT-5000W.jpg"
"ODEXODEXINVGROWATT6000W1","inversores","GROWATT",6000,,14016.63,,,"N/A","similar_match",0.7,"https://cdn.yellosolarhub.com/products/inversores/ODEX-ODEX-INV-GROWATT-6000W-1.jpg"
"ODEXODEXINVGROWATT6000W","inversores","GROWATT",6000,,14016.63,,,"N/A","similar_match",0.7,"https://cdn.yellosolarhub.com/products/inversores/ODEX-ODEX-INV-GROWATT-6000W.jpg"
"ODEXODEXINVGROWATT75000W","inversores","GROWATT",75000,,14016.63,,,"N/A","similar_match",0.7,"https://cdn.yellosolarhub.com/products/inversores/ODEX-ODEX-INV-GROWATT-75000W.jpg"
"ODEXODEXINVGROWATT8000W1","inversores","GROWATT",8000,,14016.63,,,"N/A","similar_match",0.7,"https://cdn.yellosolarhub.com/products/inversores/ODEX-ODEX-INV-GROWATT-8000W-1.jpg"
"ODEXODEXINVGROWATT8000W","inversores","GROWATT",8000,,14016.63,,,"N/A","similar_match",0.7,"https://cdn.yellosolarhub.com/products/inversores/ODEX-ODEX-INV-GROWATT-8000W.jpg"
"ODEXODEXINVSAJ17000W","inversores","SAJ",17000,,13202,,,"Estimated","estimated",0.4,"https://cdn.yellosolarhub.com/products/inversores/ODEX-ODEX-INV-SAJ-17000W.jpg"
"GOODWEGW15KLVMTIMAGE","inversores","GOODWE",15000,,13050,,,"Estimated","estimated",0.4,"https://cdn.yellosolarhub.com/products/inversores/GOODWE-GW 15KLV-MT_image.jpeg"
"GOODWEGW15KETAFCIIMAGEPRODUCT600348","inversores","GOODWE",15000,,13050,,,"Estimated","estimated",0.4,"https://cdn.yellosolarhub.com/products/inversores/GOODWE-GW15K-ET - AFCI_IMAGE_PRODUCT_600348.png"
"ODEXODEXINVSAJ15000W","inversores","SAJ",15000,,11890,,,"Estimated","estimated",0.4,"https://cdn.yellosolarhub.com/products/inversores/ODEX-ODEX-INV-SAJ-15000W.jpg"
"GOODWEGW12KLVMTIMAGE","inversores","GOODWE",12000,,10890,,,"Estimated","estimated",0.4,"https://cdn.yellosolarhub.com/products/inversores/GOODWE-GW 12KLV-MT_image.jpg"
"GOODWEGW12KLVSDTC30AFCIIMAGE","inversores","GOODWE",12000,,10890,,,"Estimated","estimated",0.4,"https://cdn.yellosolarhub.com/products/inversores/GOODWE-GW 12KLV-SDT-C30 - AFCI_image.png"
"GOODWEGW12KLETAFCIIMAGEPRODUCT600363","inversores","GOODWE",12000,,10890,,,"Estimated","estimated",0.4,"https://cdn.yellosolarhub.com/products/inversores/GOODWE-GW12KL-ET - AFCI_IMAGE_PRODUCT_600363.png"
"GOODWEGW12KLVSDTC31AFCIIMAGEPRODUCT600400","inversores","GOODWE",12000,,10890,,,"Estimated","estimated",0.4,"https://cdn.yellosolarhub.com/products/inversores/GOODWE-GW12KLV-SDT-C31 - AFCI_IMAGE_PRODUCT_600400.png"
"ODEXODEXINVCHINT10000W","inversores","",10000,,10500,,,"Estimated","estimated",0.4,"https://cdn.yellosolarhub.com/products/inversores/ODEX-ODEX-INV-CHINT-10000W.jpg"
"ODEXODEXINVSOLAX10000W","inversores","",10000,,10500,,,"Estimated","estimated",0.4,"https://cdn.yellosolarhub.com/products/inversores/ODEX-ODEX-INV-SOLAX-10000W.jpg"
"ODEXODEXINVSAJ12000W","inversores","SAJ",12000,,9922,,,"Estimated","estimated",0.4,"https://cdn.yellosolarhub.com/products/inversores/ODEX-ODEX-INV-SAJ-12000W.jpg"
"GOODWEGW10KMS3020AAFCIIMAGE","inversores","GOODWE",10000,,9450,,,"Estimated","estimated",0.4,"https://cdn.yellosolarhub.com/products/inversores/GOODWE-GW 10K-MS-30 (20A) - AFCI_image.png"
"GOODWEGW10KBTIMAGE","inversores","GOODWE",10000,,9450,,,"Estimated","estimated",0.4,"https://cdn.yellosolarhub.com/products/inversores/GOODWE-GW10K-BT_image.webp"
"GOODWEGW10KMSG40AFCICRSDIMAGEPRODUCT600398","inversores","GOODWE",10000,,9450,,,"Estimated","estimated",0.4,"https://cdn.yellosolarhub.com/products/inversores/GOODWE-GW10K-MS-G40 - AFCI C- RSD_IMAGE_PRODUCT_600398.png"
"GOODWEGW10KMSG40AFCIIMAGEPRODUCT600463","inversores","GOODWE",10000,,9450,,,"Estimated","estimated",0.4,"https://cdn.yellosolarhub.com/products/inversores/GOODWE-GW10K-MS-G40 - AFCI_IMAGE_PRODUCT_600463.png"
"ODEXODEXINVCHINT8000W","inversores","",8000,,8900,,,"Estimated","estimated",0.4,"https://cdn.yellosolarhub.com/products/inversores/ODEX-ODEX-INV-CHINT-8000W.jpg"
"ODEXODEXINVSOLAX8000W","inversores","",8000,,8900,,,"Estimated","estimated",0.4,"https://cdn.yellosolarhub.com/products/inversores/ODEX-ODEX-INV-SOLAX-8000W.jpg"
"ODEXODEXINVSAJ10000W","inversores","SAJ",10000,,8610,,,"Estimated","estimated",0.4,"https://cdn.yellosolarhub.com/products/inversores/ODEX-ODEX-INV-SAJ-10000W.jpg"
"DEYESUN8KGIMAGE","inversores","DEYE",8000,,7565,,,"Estimated","estimated",0.4,"https://cdn.yellosolarhub.com/products/inversores/DEYE-SUN-8K-G_image.jpg"
"ODEXODEXINVDEYE8000W","inversores","DEYE",8000,,7565,,,"Estimated","estimated",0.4,"https://cdn.yellosolarhub.com/products/inversores/ODEX-ODEX-INV-DEYE-8000W.jpg"
"ODEXODEXINVSAJ8000W","inversores","SAJ",8000,,7298,,,"Estimated","estimated",0.4,"https://cdn.yellosolarhub.com/products/inversores/ODEX-ODEX-INV-SAJ-8000W.jpg"
"ODEXODEXINVCHINT5000W","inversores","",5000,,6500,,,"Estimated","estimated",0.4,"https://cdn.yellosolarhub.com/products/inversores/ODEX-ODEX-INV-CHINT-5000W.jpg"
"ODEXODEXINVSOLAX5000W","inversores","",5000,,6500,,,"Estimated","estimated",0.4,"https://cdn.yellosolarhub.com/products/inversores/ODEX-ODEX-INV-SOLAX-5000W.jpg"
"ODEXODEXINVSOFAR6000W","inversores","SOFAR",6000,,6351,,,"Estimated","estimated",0.4,"https://cdn.yellosolarhub.com/products/inversores/ODEX-ODEX-INV-SOFAR-6000W.jpg"
"ODEXODEXINVDEYE6000W","inversores","DEYE",6000,,6205,,,"Estimated","estimated",0.4,"https://cdn.yellosolarhub.com/products/inversores/ODEX-ODEX-INV-DEYE-6000W.jpg"
"ODEXODEXINVSAJ6000W","inversores","SAJ",6000,,5986,,,"Estimated","estimated",0.4,"https://cdn.yellosolarhub.com/products/inversores/ODEX-ODEX-INV-SAJ-6000W.jpg"
"ODEXODEXINVSOFAR5000W","inversores","SOFAR",5000,,5655,,,"Estimated","estimated",0.4,"https://cdn.yellosolarhub.com/products/inversores/ODEX-ODEX-INV-SOFAR-5000W.jpg"
"SOFAR5KTLMG3AFCIIMAGEPRODUCT600369","inversores","SOFAR",5000,,5655,,,"Estimated","estimated",0.4,"https://cdn.yellosolarhub.com/products/inversores/SOFAR-5KTLM-G3 - AFCI_IMAGE_PRODUCT_600369.png"
"DEYESUN5KGIMAGE","inversores","DEYE",5000,,5525,,,"Estimated","estimated",0.4,"https://cdn.yellosolarhub.com/products/inversores/DEYE-SUN-5K-G_image.webp"
"ODEXODEXINVDEYE5000W","inversores","DEYE",5000,,5525,,,"Estimated","estimated",0.4,"https://cdn.yellosolarhub.com/products/inversores/ODEX-ODEX-INV-DEYE-5000W.jpg"
"ODEXODEXINVSAJ5000W","inversores","SAJ",5000,,5330,,,"Estimated","estimated",0.4,"https://cdn.yellosolarhub.com/products/inversores/ODEX-ODEX-INV-SAJ-5000W.jpg"
"ODEXODEXINVCHINT3000W","inversores","",3000,,4900,,,"Estimated","estimated",0.4,"https://cdn.yellosolarhub.com/products/inversores/ODEX-ODEX-INV-CHINT-3000W.jpg"
"ODEXODEXINVSAJ4200W","inversores","SAJ",4200,,4805.2,,,"Estimated","estimated",0.4,"https://cdn.yellosolarhub.com/products/inversores/ODEX-ODEX-INV-SAJ-4200W.jpg"
"IMAGEPRODUCT000607","baterias","",,,4500,,,"Estimated","estimated",0.4,"https://cdn.yellosolarhub.com/products/baterias/IMAGE_PRODUCT_000607.jpg"
"IMAGEPRODUCT000612","baterias","",,,4500,,,"Estimated","estimated",0.4,"https://cdn.yellosolarhub.com/products/baterias/IMAGE_PRODUCT_000612.jpg"
"IMAGEPRODUCT850004","baterias","",,,4500,,,"Estimated","estimated",0.4,"https://cdn.yellosolarhub.com/products/baterias/IMAGE_PRODUCT_850004.png"
"ODEXODEXINVSOFAR3300W","inversores","SOFAR",3300,,4471.8,,,"Estimated","estimated",0.4,"https://cdn.yellosolarhub.com/products/inversores/ODEX-ODEX-INV-SOFAR-3300W.jpg"
"ODEXODEXINVSAJ3000W","inversores","SAJ",3000,,4018,,,"Estimated","estimated",0.4,"https://cdn.yellosolarhub.com/products/inversores/ODEX-ODEX-INV-SAJ-3000W.jpg"
"ODEXODEXINVDEYE2400W","inversores","DEYE",2400,,3757,,,"Estimated","estimated",0.4,"https://cdn.yellosolarhub.com/products/inversores/ODEX-ODEX-INV-DEYE-2400W.jpg"
"ODEXODEXPAINELODEX700W","inversores","",700,,3060,,,"Estimated","estimated",0.4,"https://cdn.yellosolarhub.com/products/inversores/ODEX-ODEX-PAINEL-ODEX-700W.jpg"
"ODEXODEXPAINELODEX660W","inversores","",660,,3028,,,"Estimated","estimated",0.4,"https://cdn.yellosolarhub.com/products/inversores/ODEX-ODEX-PAINEL-ODEX-660W.jpg"
"ODEXODEXPAINELJINKO615W","inversores","JINKO",615,,2992,,,"Estimated","estimated",0.4,"https://cdn.yellosolarhub.com/products/inversores/ODEX-ODEX-PAINEL-JINKO-615W.jpg"
"ODEXODEXPAINELJINKO610W","inversores","JINKO",610,,2988,,,"Estimated","estimated",0.4,"https://cdn.yellosolarhub.com/products/inversores/ODEX-ODEX-PAINEL-JINKO-610W.jpg"
"ODEXODEXPAINELODEX610W","inversores","",610,,2988,,,"Estimated","estimated",0.4,"https://cdn.yellosolarhub.com/products/inversores/ODEX-ODEX-PAINEL-ODEX-610W.jpg"
"ODEXODEXPAINELASTRONERGY600W","inversores","",600,,2980,,,"Estimated","estimated",0.4,"https://cdn.yellosolarhub.com/products/inversores/ODEX-ODEX-PAINEL-ASTRONERGY-600W.jpg"
"ODEXODEXPAINELODEX600W","inversores","",600,,2980,,,"Estimated","estimated",0.4,"https://cdn.yellosolarhub.com/products/inversores/ODEX-ODEX-PAINEL-ODEX-600W.jpg"
"ODEXODEXPAINELODEX585W","inversores","",585,,2968,,,"Estimated","estimated",0.4,"https://cdn.yellosolarhub.com/products/inversores/ODEX-ODEX-PAINEL-ODEX-585W.jpg"
"ODEXODEXPAINELTSUN560W","inversores","",560,,2948,,,"Estimated","estimated",0.4,"https://cdn.yellosolarhub.com/products/inversores/ODEX-ODEX-PAINEL-TSUN-560W.jpg"
"ODEXODEXINVDEYE1200W","inversores","DEYE",1200,,2941,,,"Estimated","estimated",0.4,"https://cdn.yellosolarhub.com/products/inversores/ODEX-ODEX-INV-DEYE-1200W.jpg"
"ODEXODEXINVDEYE800W","inversores","DEYE",800,,2669,,,"Estimated","estimated",0.4,"https://cdn.yellosolarhub.com/products/inversores/ODEX-ODEX-INV-DEYE-800W.jpg"
"112369","inversores","",,,2500,,,"Estimated","estimated",0.4,"https://cdn.yellosolarhub.com/products/inversores/112369.jpg"
"135720","inversores","",,,2500,,,"Estimated","estimated",0.4,"https://cdn.yellosolarhub.com/products/inversores/135720.jpg"
"145763","inversores","",,,2500,,,"Estimated","estimated",0.4,"https://cdn.yellosolarhub.com/products/inversores/145763.jpg"
"152147","inversores","",,,2500,,,"Estimated","estimated",0.4,"https://cdn.yellosolarhub.com/products/inversores/152147.jpg"
"192575","inversores","",,,2500,,,"Estimated","estimated",0.4,"https://cdn.yellosolarhub.com/products/inversores/192575.jpg"
"192576","inversores","",,,2500,,,"Estimated","estimated",0.4,"https://cdn.yellosolarhub.com/products/inversores/192576.jpg"
"222132","inversores","",,,2500,,,"Estimated","estimated",0.4,"https://cdn.yellosolarhub.com/products/inversores/222132.png"
"222133","inversores","",,,2500,,,"Estimated","estimated",0.4,"https://cdn.yellosolarhub.com/products/inversores/222133.png"
"246761","inversores","",,,2500,,,"Estimated","estimated",0.4,"https://cdn.yellosolarhub.com/products/inversores/246761.jpg"
"246763","inversores","",,,2500,,,"Estimated","estimated",0.4,"https://cdn.yellosolarhub.com/products/inversores/246763.jpg"
"246764","inversores","",,,2500,,,"Estimated","estimated",0.4,"https://cdn.yellosolarhub.com/products/inversores/246764.jpg"
"267277","inversores","",,,2500,,,"Estimated","estimated",0.4,"https://cdn.yellosolarhub.com/products/inversores/267277.jpg"
"276954","inversores","",,,2500,,,"Estimated","estimated",0.4,"https://cdn.yellosolarhub.com/products/inversores/276954.jpg"
"286844","inversores","",,,2500,,,"Estimated","estimated",0.4,"https://cdn.yellosolarhub.com/products/inversores/286844.png"
"289241","inversores","",,,2500,,,"Estimated","estimated",0.4,"https://cdn.yellosolarhub.com/products/inversores/289241.jpg"
"292421","inversores","",,,2500,,,"Estimated","estimated",0.4,"https://cdn.yellosolarhub.com/products/inversores/292421.jpg"
"299591","inversores","",,,2500,,,"Estimated","estimated",0.4,"https://cdn.yellosolarhub.com/products/inversores/299591.jpg"
"315148","inversores","",,,2500,,,"Estimated","estimated",0.4,"https://cdn.yellosolarhub.com/products/inversores/315148.jpg"
"IMAGEPRODUCT600023","inversores","",,,2500,,,"Estimated","estimated",0.4,"https://cdn.yellosolarhub.com/products/inversores/IMAGE_PRODUCT_600023.png"
"IMAGEPRODUCT600066","inversores","",,,2500,,,"Estimated","estimated",0.4,"https://cdn.yellosolarhub.com/products/inversores/IMAGE_PRODUCT_600066.png"
"IMAGEPRODUCT600109","inversores","",,,2500,,,"Estimated","estimated",0.4,"https://cdn.yellosolarhub.com/products/inversores/IMAGE_PRODUCT_600109.png"
"IMAGEPRODUCT600126","inversores","",,,2500,,,"Estimated","estimated",0.4,"https://cdn.yellosolarhub.com/products/inversores/IMAGE_PRODUCT_600126.png"
"IMAGEPRODUCT600142","inversores","",,,2500,,,"Estimated","estimated",0.4,"https://cdn.yellosolarhub.com/products/inversores/IMAGE_PRODUCT_600142.png"
"IMAGEPRODUCT600149","inversores","",,,2500,,,"Estimated","estimated",0.4,"https://cdn.yellosolarhub.com/products/inversores/IMAGE_PRODUCT_600149.png"
"IMAGEPRODUCT600150","inversores","",,,2500,,,"Estimated","estimated",0.4,"https://cdn.yellosolarhub.com/products/inversores/IMAGE_PRODUCT_600150.png"
"IMAGEPRODUCT600243","inversores","",,,2500,,,"Estimated","estimated",0.4,"https://cdn.yellosolarhub.com/products/inversores/IMAGE_PRODUCT_600243.png"
"IMAGEPRODUCT600268","inversores","",,,2500,,,"Estimated","estimated",0.4,"https://cdn.yellosolarhub.com/products/inversores/IMAGE_PRODUCT_600268.png"
"IMAGEPRODUCT600275","inversores","",,,2500,,,"Estimated","estimated",0.4,"https://cdn.yellosolarhub.com/products/inversores/IMAGE_PRODUCT_600275.png"
"IMAGEPRODUCT600303","inversores","",,,2500,,,"Estimated","estimated",0.4,"https://cdn.yellosolarhub.com/products/inversores/IMAGE_PRODUCT_600303.png"
"IMAGEPRODUCT600304","inversores","",,,2500,,,"Estimated","estimated",0.4,"https://cdn.yellosolarhub.com/products/inversores/IMAGE_PRODUCT_600304.png"
"IMAGEPRODUCT600305","inversores","",,,2500,,,"Estimated","estimated",0.4,"https://cdn.yellosolarhub.com/products/inversores/IMAGE_PRODUCT_600305.png"
"IMAGEPRODUCT600307","inversores","",,,2500,,,"Estimated","estimated",0.4,"https://cdn.yellosolarhub.com/products/inversores/IMAGE_PRODUCT_600307.png"
"IMAGEPRODUCT600308","inversores","",,,2500,,,"Estimated","estimated",0.4,"https://cdn.yellosolarhub.com/products/inversores/IMAGE_PRODUCT_600308.png"
"IMAGEPRODUCT600311","inversores","",,,2500,,,"Estimated","estimated",0.4,"https://cdn.yellosolarhub.com/products/inversores/IMAGE_PRODUCT_600311.png"
"IMAGEPRODUCT600314","inversores","",,,2500,,,"Estimated","estimated",0.4,"https://cdn.yellosolarhub.com/products/inversores/IMAGE_PRODUCT_600314.png"
"IMAGEPRODUCT600328","inversores","",,,2500,,,"Estimated","estimated",0.4,"https://cdn.yellosolarhub.com/products/inversores/IMAGE_PRODUCT_600328.png"
"IMAGEPRODUCT600329","inversores","",,,2500,,,"Estimated","estimated",0.4,"https://cdn.yellosolarhub.com/products/inversores/IMAGE_PRODUCT_600329.jpg"
"IMAGEPRODUCT600340","inversores","",,,2500,,,"Estimated","estimated",0.4,"https://cdn.yellosolarhub.com/products/inversores/IMAGE_PRODUCT_600340.jpeg"
"IMAGEPRODUCT600342","inversores","",,,2500,,,"Estimated","estimated",0.4,"https://cdn.yellosolarhub.com/products/inversores/IMAGE_PRODUCT_600342.jpg"
"IMAGEPRODUCT600344","inversores","",,,2500,,,"Estimated","estimated",0.4,"https://cdn.yellosolarhub.com/products/inversores/IMAGE_PRODUCT_600344.png"
"IMAGEPRODUCT600348","inversores","",,,2500,,,"Estimated","estimated",0.4,"https://cdn.yellosolarhub.com/products/inversores/IMAGE_PRODUCT_600348.png"
"IMAGEPRODUCT600350","inversores","",,,2500,,,"Estimated","estimated",0.4,"https://cdn.yellosolarhub.com/products/inversores/IMAGE_PRODUCT_600350.jpg"
"IMAGEPRODUCT600352","inversores","",,,2500,,,"Estimated","estimated",0.4,"https://cdn.yellosolarhub.com/products/inversores/IMAGE_PRODUCT_600352.jpg"
"IMAGEPRODUCT600358","inversores","",,,2500,,,"Estimated","estimated",0.4,"https://cdn.yellosolarhub.com/products/inversores/IMAGE_PRODUCT_600358.png"
"IMAGEPRODUCT600361","inversores","",,,2500,,,"Estimated","estimated",0.4,"https://cdn.yellosolarhub.com/products/inversores/IMAGE_PRODUCT_600361.png"
"IMAGEPRODUCT600363","inversores","",,,2500,,,"Estimated","estimated",0.4,"https://cdn.yellosolarhub.com/products/inversores/IMAGE_PRODUCT_600363.png"
"IMAGEPRODUCT600369","inversores","",,,2500,,,"Estimated","estimated",0.4,"https://cdn.yellosolarhub.com/products/inversores/IMAGE_PRODUCT_600369.png"
"IMAGEPRODUCT600381","inversores","",,,2500,,,"Estimated","estimated",0.4,"https://cdn.yellosolarhub.com/products/inversores/IMAGE_PRODUCT_600381.png"
"IMAGEPRODUCT600382","inversores","",,,2500,,,"Estimated","estimated",0.4,"https://cdn.yellosolarhub.com/products/inversores/IMAGE_PRODUCT_600382.png"
"IMAGEPRODUCT600386","inversores","",,,2500,,,"Estimated","estimated",0.4,"https://cdn.yellosolarhub.com/products/inversores/IMAGE_PRODUCT_600386.png"
"IMAGEPRODUCT600387","inversores","",,,2500,,,"Estimated","estimated",0.4,"https://cdn.yellosolarhub.com/products/inversores/IMAGE_PRODUCT_600387.png"
"IMAGEPRODUCT600388","inversores","",,,2500,,,"Estimated","estimated",0.4,"https://cdn.yellosolarhub.com/products/inversores/IMAGE_PRODUCT_600388.png"
"IMAGEPRODUCT600398","inversores","",,,2500,,,"Estimated","estimated",0.4,"https://cdn.yellosolarhub.com/products/inversores/IMAGE_PRODUCT_600398.png"
"IMAGEPRODUCT600400","inversores","",,,2500,,,"Estimated","estimated",0.4,"https://cdn.yellosolarhub.com/products/inversores/IMAGE_PRODUCT_600400.png"
"IMAGEPRODUCT600404","inversores","",,,2500,,,"Estimated","estimated",0.4,"https://cdn.yellosolarhub.com/products/inversores/IMAGE_PRODUCT_600404.png"
"IMAGEPRODUCT600423","inversores","",,,2500,,,"Estimated","estimated",0.4,"https://cdn.yellosolarhub.com/products/inversores/IMAGE_PRODUCT_600423.png"
"IMAGEPRODUCT600452","inversores","",,,2500,,,"Estimated","estimated",0.4,"https://cdn.yellosolarhub.com/products/inversores/IMAGE_PRODUCT_600452.png"
"IMAGEPRODUCT600453","inversores","",,,2500,,,"Estimated","estimated",0.4,"https://cdn.yellosolarhub.com/products/inversores/IMAGE_PRODUCT_600453.png"
"IMAGEPRODUCT600463","inversores","",,,2500,,,"Estimated","estimated",0.4,"https://cdn.yellosolarhub.com/products/inversores/IMAGE_PRODUCT_600463.png"
"IMAGEPRODUCT600483","inversores","",,,2500,,,"Estimated","estimated",0.4,"https://cdn.yellosolarhub.com/products/inversores/IMAGE_PRODUCT_600483.png"
"NEOSOLARINVERTERS20217","inversores","",,,2500,,,"Estimated","estimated",0.4,"https://cdn.yellosolarhub.com/products/inversores/neosolar_inverters_20217.jpg"
"NEOSOLARINVERTERS20247","inversores","",,,2500,,,"Estimated","estimated",0.4,"https://cdn.yellosolarhub.com/products/inversores/neosolar_inverters_20247.jpg"
"NEOSOLARINVERTERS20249","inversores","",,,2500,,,"Estimated","estimated",0.4,"https://cdn.yellosolarhub.com/products/inversores/neosolar_inverters_20249.jpg"
"NEOSOLARINVERTERS20250","inversores","",,,2500,,,"Estimated","estimated",0.4,"https://cdn.yellosolarhub.com/products/inversores/neosolar_inverters_20250.jpg"
"NEOSOLARINVERTERS20252","inversores","",,,2500,,,"Estimated","estimated",0.4,"https://cdn.yellosolarhub.com/products/inversores/neosolar_inverters_20252.jpg"
"NEOSOLARINVERTERS20253","inversores","",,,2500,,,"Estimated","estimated",0.4,"https://cdn.yellosolarhub.com/products/inversores/neosolar_inverters_20253.jpg"
"NEOSOLARINVERTERS20255","inversores","",,,2500,,,"Estimated","estimated",0.4,"https://cdn.yellosolarhub.com/products/inversores/neosolar_inverters_20255.jpg"
"NEOSOLARINVERTERS20256","inversores","",,,2500,,,"Estimated","estimated",0.4,"https://cdn.yellosolarhub.com/products/inversores/neosolar_inverters_20256.jpg"
"NEOSOLARINVERTERS20258","inversores","",,,2500,,,"Estimated","estimated",0.4,"https://cdn.yellosolarhub.com/products/inversores/neosolar_inverters_20258.jpg"
"NEOSOLARINVERTERS20259","inversores","",,,2500,,,"Estimated","estimated",0.4,"https://cdn.yellosolarhub.com/products/inversores/neosolar_inverters_20259.jpg"
"NEOSOLARINVERTERS20260","inversores","",,,2500,,,"Estimated","estimated",0.4,"https://cdn.yellosolarhub.com/products/inversores/neosolar_inverters_20260.jpg"
"NEOSOLARINVERTERS20261","inversores","",,,2500,,,"Estimated","estimated",0.4,"https://cdn.yellosolarhub.com/products/inversores/neosolar_inverters_20261.jpg"
"NEOSOLARINVERTERS20262","inversores","",,,2500,,,"Estimated","estimated",0.4,"https://cdn.yellosolarhub.com/products/inversores/neosolar_inverters_20262.jpg"
"NEOSOLARINVERTERS20264","inversores","",,,2500,,,"Estimated","estimated",0.4,"https://cdn.yellosolarhub.com/products/inversores/neosolar_inverters_20264.jpg"
"NEOSOLARINVERTERS20265","inversores","",,,2500,,,"Estimated","estimated",0.4,"https://cdn.yellosolarhub.com/products/inversores/neosolar_inverters_20265.jpg"
"NEOSOLARINVERTERS20266","inversores","",,,2500,,,"Estimated","estimated",0.4,"https://cdn.yellosolarhub.com/products/inversores/neosolar_inverters_20266.jpg"
"NEOSOLARINVERTERS20267","inversores","",,,2500,,,"Estimated","estimated",0.4,"https://cdn.yellosolarhub.com/products/inversores/neosolar_inverters_20267.jpg"
"NEOSOLARINVERTERS20268","inversores","",,,2500,,,"Estimated","estimated",0.4,"https://cdn.yellosolarhub.com/products/inversores/neosolar_inverters_20268.jpg"
"NEOSOLARINVERTERS20269","inversores","",,,2500,,,"Estimated","estimated",0.4,"https://cdn.yellosolarhub.com/products/inversores/neosolar_inverters_20269.jpg"
"NEOSOLARINVERTERS20287","inversores","",,,2500,,,"Estimated","estimated",0.4,"https://cdn.yellosolarhub.com/products/inversores/neosolar_inverters_20287.jpg"
"NEOSOLARINVERTERS20525","inversores","",,,2500,,,"Estimated","estimated",0.4,"https://cdn.yellosolarhub.com/products/inversores/neosolar_inverters_20525.jpg"
"NEOSOLARINVERTERS20563","inversores","",,,2500,,,"Estimated","estimated",0.4,"https://cdn.yellosolarhub.com/products/inversores/neosolar_inverters_20563.jpg"
"NEOSOLARINVERTERS20564","inversores","",,,2500,,,"Estimated","estimated",0.4,"https://cdn.yellosolarhub.com/products/inversores/neosolar_inverters_20564.jpg"
"NEOSOLARINVERTERS20565","inversores","",,,2500,,,"Estimated","estimated",0.4,"https://cdn.yellosolarhub.com/products/inversores/neosolar_inverters_20565.jpg"
"NEOSOLARINVERTERS20566","inversores","",,,2500,,,"Estimated","estimated",0.4,"https://cdn.yellosolarhub.com/products/inversores/neosolar_inverters_20566.jpg"
"NEOSOLARINVERTERS20666","inversores","",,,2500,,,"Estimated","estimated",0.4,"https://cdn.yellosolarhub.com/products/inversores/neosolar_inverters_20666.jpg"
"NEOSOLARINVERTERS20778","inversores","",,,2500,,,"Estimated","estimated",0.4,"https://cdn.yellosolarhub.com/products/inversores/neosolar_inverters_20778.jpg"
"NEOSOLARINVERTERS20922","inversores","",,,2500,,,"Estimated","estimated",0.4,"https://cdn.yellosolarhub.com/products/inversores/neosolar_inverters_20922.jpg"
"NEOSOLARINVERTERS20924","inversores","",,,2500,,,"Estimated","estimated",0.4,"https://cdn.yellosolarhub.com/products/inversores/neosolar_inverters_20924.jpg"
"NEOSOLARINVERTERS21306","inversores","",,,2500,,,"Estimated","estimated",0.4,"https://cdn.yellosolarhub.com/products/inversores/neosolar_inverters_21306.jpg"
"NEOSOLARINVERTERS21442","inversores","",,,2500,,,"Estimated","estimated",0.4,"https://cdn.yellosolarhub.com/products/inversores/neosolar_inverters_21442.jpg"
"NEOSOLARINVERTERS21630","inversores","",,,2500,,,"Estimated","estimated",0.4,"https://cdn.yellosolarhub.com/products/inversores/neosolar_inverters_21630.jpg"
"NEOSOLARINVERTERS21631","inversores","",,,2500,,,"Estimated","estimated",0.4,"https://cdn.yellosolarhub.com/products/inversores/neosolar_inverters_21631.jpg"
"NEOSOLARINVERTERS21633","inversores","",,,2500,,,"Estimated","estimated",0.4,"https://cdn.yellosolarhub.com/products/inversores/neosolar_inverters_21633.jpg"
"NEOSOLARINVERTERS21634","inversores","",,,2500,,,"Estimated","estimated",0.4,"https://cdn.yellosolarhub.com/products/inversores/neosolar_inverters_21634.jpg"
"NEOSOLARINVERTERS21639","inversores","",,,2500,,,"Estimated","estimated",0.4,"https://cdn.yellosolarhub.com/products/inversores/neosolar_inverters_21639.jpg"
"NEOSOLARINVERTERS21640","inversores","",,,2500,,,"Estimated","estimated",0.4,"https://cdn.yellosolarhub.com/products/inversores/neosolar_inverters_21640.jpg"
"NEOSOLARINVERTERS21641","inversores","",,,2500,,,"Estimated","estimated",0.4,"https://cdn.yellosolarhub.com/products/inversores/neosolar_inverters_21641.jpg"
"NEOSOLARINVERTERS21642","inversores","",,,2500,,,"Estimated","estimated",0.4,"https://cdn.yellosolarhub.com/products/inversores/neosolar_inverters_21642.jpg"
"NEOSOLARINVERTERS21824","inversores","",,,2500,,,"Estimated","estimated",0.4,"https://cdn.yellosolarhub.com/products/inversores/neosolar_inverters_21824.jpg"
"NEOSOLARINVERTERS22021","inversores","",,,2500,,,"Estimated","estimated",0.4,"https://cdn.yellosolarhub.com/products/inversores/neosolar_inverters_22021.jpg"
"NEOSOLARINVERTERS22022","inversores","",,,2500,,,"Estimated","estimated",0.4,"https://cdn.yellosolarhub.com/products/inversores/neosolar_inverters_22022.jpg"
"NEOSOLARINVERTERS22023","inversores","",,,2500,,,"Estimated","estimated",0.4,"https://cdn.yellosolarhub.com/products/inversores/neosolar_inverters_22023.jpg"
"NEOSOLARINVERTERS22024","inversores","",,,2500,,,"Estimated","estimated",0.4,"https://cdn.yellosolarhub.com/products/inversores/neosolar_inverters_22024.jpg"
"NEOSOLARINVERTERS22025","inversores","",,,2500,,,"Estimated","estimated",0.4,"https://cdn.yellosolarhub.com/products/inversores/neosolar_inverters_22025.jpg"
"NEOSOLARINVERTERS22095","inversores","",,,2500,,,"Estimated","estimated",0.4,"https://cdn.yellosolarhub.com/products/inversores/neosolar_inverters_22095.jpg"
"NEOSOLARINVERTERS22099","inversores","",,,2500,,,"Estimated","estimated",0.4,"https://cdn.yellosolarhub.com/products/inversores/neosolar_inverters_22099.jpg"
"NEOSOLARINVERTERS22144","inversores","",,,2500,,,"Estimated","estimated",0.4,"https://cdn.yellosolarhub.com/products/inversores/neosolar_inverters_22144.jpg"
"NEOSOLARINVERTERS22159","inversores","",,,2500,,,"Estimated","estimated",0.4,"https://cdn.yellosolarhub.com/products/inversores/neosolar_inverters_22159.jpg"
"NEOSOLARINVERTERS22663","inversores","",,,2500,,,"Estimated","estimated",0.4,"https://cdn.yellosolarhub.com/products/inversores/NEOSOLAR_INVERTERS_22663.jpg"
"NEOSOLARINVERTERS22671","inversores","",,,2500,,,"Estimated","estimated",0.4,"https://cdn.yellosolarhub.com/products/inversores/NEOSOLAR_INVERTERS_22671.jpg"
"NEOSOLARINVERTERS22675","inversores","",,,2500,,,"Estimated","estimated",0.4,"https://cdn.yellosolarhub.com/products/inversores/NEOSOLAR_INVERTERS_22675.jpg"
"NEOSOLARINVERTERS22676","inversores","",,,2500,,,"Estimated","estimated",0.4,"https://cdn.yellosolarhub.com/products/inversores/NEOSOLAR_INVERTERS_22676.jpg"
"NEOSOLARINVERTERS22677","inversores","",,,2500,,,"Estimated","estimated",0.4,"https://cdn.yellosolarhub.com/products/inversores/NEOSOLAR_INVERTERS_22677.jpg"
"NEOSOLARINVERTERS22679","inversores","",,,2500,,,"Estimated","estimated",0.4,"https://cdn.yellosolarhub.com/products/inversores/NEOSOLAR_INVERTERS_22679.jpg"
"NEOSOLARINVERTERS22684","inversores","",,,2500,,,"Estimated","estimated",0.4,"https://cdn.yellosolarhub.com/products/inversores/NEOSOLAR_INVERTERS_22684.jpg"
"NEOSOLARINVERTERS22685","inversores","",,,2500,,,"Estimated","estimated",0.4,"https://cdn.yellosolarhub.com/products/inversores/NEOSOLAR_INVERTERS_22685.jpg"
"NEOSOLARINVERTERS22689","inversores","",,,2500,,,"Estimated","estimated",0.4,"https://cdn.yellosolarhub.com/products/inversores/NEOSOLAR_INVERTERS_22689.jpg"
"NEOSOLARINVERTERS22690","inversores","",,,2500,,,"Estimated","estimated",0.4,"https://cdn.yellosolarhub.com/products/inversores/NEOSOLAR_INVERTERS_22690.jpg"
"NEOSOLARINVERTERS22691","inversores","",,,2500,,,"Estimated","estimated",0.4,"https://cdn.yellosolarhub.com/products/inversores/NEOSOLAR_INVERTERS_22691.jpg"
"NEOSOLARINVERTERS22692","inversores","",,,2500,,,"Estimated","estimated",0.4,"https://cdn.yellosolarhub.com/products/inversores/NEOSOLAR_INVERTERS_22692.jpg"
"NEOSOLARINVERTERS22714","inversores","",,,2500,,,"Estimated","estimated",0.4,"https://cdn.yellosolarhub.com/products/inversores/neosolar_inverters_22714.jpg"
"NEOSOLARINVERTERS22734","inversores","",,,2500,,,"Estimated","estimated",0.4,"https://cdn.yellosolarhub.com/products/inversores/neosolar_inverters_22734.jpg"
"NEOSOLARINVERTERS22921","inversores","",,,2500,,,"Estimated","estimated",0.4,"https://cdn.yellosolarhub.com/products/inversores/neosolar_inverters_22921.jpg"
"NEOSOLARINVERTERS23309","inversores","",,,2500,,,"Estimated","estimated",0.4,"https://cdn.yellosolarhub.com/products/inversores/neosolar_inverters_23309.jpg"
"NEOSOLARINVERTERS23782","inversores","",,,2500,,,"Estimated","estimated",0.4,"https://cdn.yellosolarhub.com/products/inversores/neosolar_inverters_23782.jpg"
"NEOSOLARINVERTERS23783","inversores","",,,2500,,,"Estimated","estimated",0.4,"https://cdn.yellosolarhub.com/products/inversores/neosolar_inverters_23783.jpg"
"NEOSOLARINVERTERS24825","inversores","",,,2500,,,"Estimated","estimated",0.4,"https://cdn.yellosolarhub.com/products/inversores/neosolar_inverters_24825.jpg"
"NEOSOLARINVERTERS24870","inversores","",,,2500,,,"Estimated","estimated",0.4,"https://cdn.yellosolarhub.com/products/inversores/neosolar_inverters_24870.jpg"
"NEOSOLARINVERTERS24872","inversores","",,,2500,,,"Estimated","estimated",0.4,"https://cdn.yellosolarhub.com/products/inversores/neosolar_inverters_24872.jpg"
"NEOSOLARINVERTERS24874","inversores","",,,2500,,,"Estimated","estimated",0.4,"https://cdn.yellosolarhub.com/products/inversores/neosolar_inverters_24874.jpg"
"NEOSOLARINVERTERS24876","inversores","",,,2500,,,"Estimated","estimated",0.4,"https://cdn.yellosolarhub.com/products/inversores/neosolar_inverters_24876.jpg"
"NEOSOLARINVERTERS24877","inversores","",,,2500,,,"Estimated","estimated",0.4,"https://cdn.yellosolarhub.com/products/inversores/neosolar_inverters_24877.jpg"
"NEOSOLARINVERTERS24878","inversores","",,,2500,,,"Estimated","estimated",0.4,"https://cdn.yellosolarhub.com/products/inversores/neosolar_inverters_24878.jpg"
"NEOSOLARINVERTERS24972","inversores","",,,2500,,,"Estimated","estimated",0.4,"https://cdn.yellosolarhub.com/products/inversores/neosolar_inverters_24972.jpg"
"NEOSOLARINVERTERS24973","inversores","",,,2500,,,"Estimated","estimated",0.4,"https://cdn.yellosolarhub.com/products/inversores/neosolar_inverters_24973.jpg"
"NEOSOLARINVERTERS25046","inversores","",,,2500,,,"Estimated","estimated",0.4,"https://cdn.yellosolarhub.com/products/inversores/NEOSOLAR_INVERTERS_25046.jpg"
"NEOSOLARINVERTERS25050","inversores","",,,2500,,,"Estimated","estimated",0.4,"https://cdn.yellosolarhub.com/products/inversores/NEOSOLAR_INVERTERS_25050.jpg"
"NEOSOLARINVERTERS25055","inversores","",,,2500,,,"Estimated","estimated",0.4,"https://cdn.yellosolarhub.com/products/inversores/NEOSOLAR_INVERTERS_25055.jpg"
"NEOSOLARINVERTERS26628","inversores","",,,2500,,,"Estimated","estimated",0.4,"https://cdn.yellosolarhub.com/products/inversores/NEOSOLAR_INVERTERS_26628.jpg"
"NEOSOLARINVERTERS26630","inversores","",,,2500,,,"Estimated","estimated",0.4,"https://cdn.yellosolarhub.com/products/inversores/NEOSOLAR_INVERTERS_26630.jpg"
"NEOSOLARINVERTERS26657","inversores","",,,2500,,,"Estimated","estimated",0.4,"https://cdn.yellosolarhub.com/products/inversores/NEOSOLAR_INVERTERS_26657.jpg"
"NEOSOLARINVERTERS26669","inversores","",,,2500,,,"Estimated","estimated",0.4,"https://cdn.yellosolarhub.com/products/inversores/NEOSOLAR_INVERTERS_26669.jpg"
"NEOSOLARINVERTERS26673","inversores","",,,2500,,,"Estimated","estimated",0.4,"https://cdn.yellosolarhub.com/products/inversores/NEOSOLAR_INVERTERS_26673.jpg"
"NEOSOLARINVERTERS26674","inversores","",,,2500,,,"Estimated","estimated",0.4,"https://cdn.yellosolarhub.com/products/inversores/NEOSOLAR_INVERTERS_26674.jpg"
"NEOSOLARINVERTERS26675","inversores","",,,2500,,,"Estimated","estimated",0.4,"https://cdn.yellosolarhub.com/products/inversores/NEOSOLAR_INVERTERS_26675.jpg"
"NEOSOLARINVERTERS26689","inversores","",,,2500,,,"Estimated","estimated",0.4,"https://cdn.yellosolarhub.com/products/inversores/NEOSOLAR_INVERTERS_26689.jpg"
"NEOSOLARINVERTERS26690","inversores","",,,2500,,,"Estimated","estimated",0.4,"https://cdn.yellosolarhub.com/products/inversores/NEOSOLAR_INVERTERS_26690.jpg"
"NEOSOLARINVERTERS26691","inversores","",,,2500,,,"Estimated","estimated",0.4,"https://cdn.yellosolarhub.com/products/inversores/NEOSOLAR_INVERTERS_26691.jpg"
"NEOSOLARINVERTERS26692","inversores","",,,2500,,,"Estimated","estimated",0.4,"https://cdn.yellosolarhub.com/products/inversores/NEOSOLAR_INVERTERS_26692.jpg"
"NEOSOLARINVERTERS26693","inversores","",,,2500,,,"Estimated","estimated",0.4,"https://cdn.yellosolarhub.com/products/inversores/NEOSOLAR_INVERTERS_26693.jpg"
"NEOSOLARINVERTERS26753","inversores","",,,2500,,,"Estimated","estimated",0.4,"https://cdn.yellosolarhub.com/products/inversores/NEOSOLAR_INVERTERS_26753.jpg"
"NEOSOLARINVERTERS26754","inversores","",,,2500,,,"Estimated","estimated",0.4,"https://cdn.yellosolarhub.com/products/inversores/NEOSOLAR_INVERTERS_26754.jpg"
"NEOSOLARINVERTERS26755","inversores","",,,2500,,,"Estimated","estimated",0.4,"https://cdn.yellosolarhub.com/products/inversores/NEOSOLAR_INVERTERS_26755.jpg"
"NEOSOLARINVERTERS26765","inversores","",,,2500,,,"Estimated","estimated",0.4,"https://cdn.yellosolarhub.com/products/inversores/NEOSOLAR_INVERTERS_26765.jpg"
"NEOSOLARINVERTERS26766","inversores","",,,2500,,,"Estimated","estimated",0.4,"https://cdn.yellosolarhub.com/products/inversores/NEOSOLAR_INVERTERS_26766.jpg"
"NEOSOLARINVERTERS26767","inversores","",,,2500,,,"Estimated","estimated",0.4,"https://cdn.yellosolarhub.com/products/inversores/NEOSOLAR_INVERTERS_26767.jpg"
"NEOSOLARINVERTERS26768","inversores","",,,2500,,,"Estimated","estimated",0.4,"https://cdn.yellosolarhub.com/products/inversores/NEOSOLAR_INVERTERS_26768.jpg"
"NEOSOLARINVERTERS26783","inversores","",,,2500,,,"Estimated","estimated",0.4,"https://cdn.yellosolarhub.com/products/inversores/NEOSOLAR_INVERTERS_26783.jpg"
"NEOSOLARINVERTERS26785","inversores","",,,2500,,,"Estimated","estimated",0.4,"https://cdn.yellosolarhub.com/products/inversores/NEOSOLAR_INVERTERS_26785.jpg"
"NEOSOLARINVERTERS26795","inversores","",,,2500,,,"Estimated","estimated",0.4,"https://cdn.yellosolarhub.com/products/inversores/NEOSOLAR_INVERTERS_26795.jpg"
"NEOSOLARINVERTERS26799","inversores","",,,2500,,,"Estimated","estimated",0.4,"https://cdn.yellosolarhub.com/products/inversores/NEOSOLAR_INVERTERS_26799.jpg"
"NEOSOLARINVERTERS26815","inversores","",,,2500,,,"Estimated","estimated",0.4,"https://cdn.yellosolarhub.com/products/inversores/NEOSOLAR_INVERTERS_26815.jpg"
"NEOSOLARINVERTERS26816","inversores","",,,2500,,,"Estimated","estimated",0.4,"https://cdn.yellosolarhub.com/products/inversores/NEOSOLAR_INVERTERS_26816.jpg"
"NEOSOLARINVERTERS26817","inversores","",,,2500,,,"Estimated","estimated",0.4,"https://cdn.yellosolarhub.com/products/inversores/NEOSOLAR_INVERTERS_26817.jpg"
"NEOSOLARINVERTERS26845","inversores","",,,2500,,,"Estimated","estimated",0.4,"https://cdn.yellosolarhub.com/products/inversores/NEOSOLAR_INVERTERS_26845.jpg"
"NEOSOLARINVERTERS26846","inversores","",,,2500,,,"Estimated","estimated",0.4,"https://cdn.yellosolarhub.com/products/inversores/NEOSOLAR_INVERTERS_26846.jpg"
"NEOSOLARINVERTERS26847","inversores","",,,2500,,,"Estimated","estimated",0.4,"https://cdn.yellosolarhub.com/products/inversores/NEOSOLAR_INVERTERS_26847.jpg"
"NEOSOLARINVERTERS26848","inversores","",,,2500,,,"Estimated","estimated",0.4,"https://cdn.yellosolarhub.com/products/inversores/NEOSOLAR_INVERTERS_26848.jpg"
"NEOSOLARINVERTERS26849","inversores","",,,2500,,,"Estimated","estimated",0.4,"https://cdn.yellosolarhub.com/products/inversores/NEOSOLAR_INVERTERS_26849.jpg"
"NEOSOLARINVERTERS26857","inversores","",,,2500,,,"Estimated","estimated",0.4,"https://cdn.yellosolarhub.com/products/inversores/NEOSOLAR_INVERTERS_26857.jpg"
"NEOSOLARINVERTERS26858","inversores","",,,2500,,,"Estimated","estimated",0.4,"https://cdn.yellosolarhub.com/products/inversores/NEOSOLAR_INVERTERS_26858.jpg"
"NEOSOLARINVERTERS26859","inversores","",,,2500,,,"Estimated","estimated",0.4,"https://cdn.yellosolarhub.com/products/inversores/NEOSOLAR_INVERTERS_26859.jpg"
"NEOSOLARINVERTERS26860","inversores","",,,2500,,,"Estimated","estimated",0.4,"https://cdn.yellosolarhub.com/products/inversores/NEOSOLAR_INVERTERS_26860.jpg"
"NEOSOLARINVERTERS26861","inversores","",,,2500,,,"Estimated","estimated",0.4,"https://cdn.yellosolarhub.com/products/inversores/NEOSOLAR_INVERTERS_26861.jpg"
"NEOSOLARINVERTERS26922","inversores","",,,2500,,,"Estimated","estimated",0.4,"https://cdn.yellosolarhub.com/products/inversores/NEOSOLAR_INVERTERS_26922.jpg"
"NEOSOLARINVERTERS26923","inversores","",,,2500,,,"Estimated","estimated",0.4,"https://cdn.yellosolarhub.com/products/inversores/NEOSOLAR_INVERTERS_26923.jpg"
"NEOSOLARINVERTERS26924","inversores","",,,2500,,,"Estimated","estimated",0.4,"https://cdn.yellosolarhub.com/products/inversores/NEOSOLAR_INVERTERS_26924.jpg"
"NEOSOLARINVERTERS26927","inversores","",,,2500,,,"Estimated","estimated",0.4,"https://cdn.yellosolarhub.com/products/inversores/NEOSOLAR_INVERTERS_26927.jpg"
"NEOSOLARINVERTERS26929","inversores","",,,2500,,,"Estimated","estimated",0.4,"https://cdn.yellosolarhub.com/products/inversores/NEOSOLAR_INVERTERS_26929.jpg"
"NEOSOLARINVERTERS26930","inversores","",,,2500,,,"Estimated","estimated",0.4,"https://cdn.yellosolarhub.com/products/inversores/NEOSOLAR_INVERTERS_26930.jpg"
"NEOSOLARINVERTERS26931","inversores","",,,2500,,,"Estimated","estimated",0.4,"https://cdn.yellosolarhub.com/products/inversores/NEOSOLAR_INVERTERS_26931.jpg"
"NEOSOLARINVERTERS26934","inversores","",,,2500,,,"Estimated","estimated",0.4,"https://cdn.yellosolarhub.com/products/inversores/NEOSOLAR_INVERTERS_26934.jpg"
"NEOSOLARINVERTERS26936","inversores","",,,2500,,,"Estimated","estimated",0.4,"https://cdn.yellosolarhub.com/products/inversores/NEOSOLAR_INVERTERS_26936.jpg"
"NEOSOLARINVERTERS26937","inversores","",,,2500,,,"Estimated","estimated",0.4,"https://cdn.yellosolarhub.com/products/inversores/NEOSOLAR_INVERTERS_26937.jpg"
"NEOSOLARINVERTERS26938","inversores","",,,2500,,,"Estimated","estimated",0.4,"https://cdn.yellosolarhub.com/products/inversores/NEOSOLAR_INVERTERS_26938.jpg"
"NEOSOLARINVERTERS26941","inversores","",,,2500,,,"Estimated","estimated",0.4,"https://cdn.yellosolarhub.com/products/inversores/NEOSOLAR_INVERTERS_26941.jpg"
"NEOSOLARINVERTERS26943","inversores","",,,2500,,,"Estimated","estimated",0.4,"https://cdn.yellosolarhub.com/products/inversores/NEOSOLAR_INVERTERS_26943.jpg"
"NEOSOLARINVERTERS26944","inversores","",,,2500,,,"Estimated","estimated",0.4,"https://cdn.yellosolarhub.com/products/inversores/NEOSOLAR_INVERTERS_26944.jpg"
"NEOSOLARINVERTERS26945","inversores","",,,2500,,,"Estimated","estimated",0.4,"https://cdn.yellosolarhub.com/products/inversores/NEOSOLAR_INVERTERS_26945.jpg"
"NEOSOLARINVERTERS26948","inversores","",,,2500,,,"Estimated","estimated",0.4,"https://cdn.yellosolarhub.com/products/inversores/NEOSOLAR_INVERTERS_26948.jpg"
"NEOSOLARINVERTERS27091","inversores","",,,2500,,,"Estimated","estimated",0.4,"https://cdn.yellosolarhub.com/products/inversores/NEOSOLAR_INVERTERS_27091.jpg"
"NEOSOLARINVERTERS27093","inversores","",,,2500,,,"Estimated","estimated",0.4,"https://cdn.yellosolarhub.com/products/inversores/NEOSOLAR_INVERTERS_27093.jpg"
"NEOSOLARINVERTERS27128","inversores","",,,2500,,,"Estimated","estimated",0.4,"https://cdn.yellosolarhub.com/products/inversores/NEOSOLAR_INVERTERS_27128.jpg"
"NEOSOLARINVERTERS27130","inversores","",,,2500,,,"Estimated","estimated",0.4,"https://cdn.yellosolarhub.com/products/inversores/NEOSOLAR_INVERTERS_27130.jpg"
"NEOSOLARINVERTERS27131","inversores","",,,2500,,,"Estimated","estimated",0.4,"https://cdn.yellosolarhub.com/products/inversores/NEOSOLAR_INVERTERS_27131.jpg"
"NEOSOLARINVERTERS27134","inversores","",,,2500,,,"Estimated","estimated",0.4,"https://cdn.yellosolarhub.com/products/inversores/NEOSOLAR_INVERTERS_27134.jpg"
"NEOSOLARINVERTERS27136","inversores","",,,2500,,,"Estimated","estimated",0.4,"https://cdn.yellosolarhub.com/products/inversores/NEOSOLAR_INVERTERS_27136.jpg"
"NEOSOLARINVERTERS27137","inversores","",,,2500,,,"Estimated","estimated",0.4,"https://cdn.yellosolarhub.com/products/inversores/NEOSOLAR_INVERTERS_27137.jpg"
"NEOSOLARINVERTERS27141","inversores","",,,2500,,,"Estimated","estimated",0.4,"https://cdn.yellosolarhub.com/products/inversores/NEOSOLAR_INVERTERS_27141.jpg"
"NEOSOLARINVERTERS27146","inversores","",,,2500,,,"Estimated","estimated",0.4,"https://cdn.yellosolarhub.com/products/inversores/NEOSOLAR_INVERTERS_27146.jpg"
"NEOSOLARINVERTERS27149","inversores","",,,2500,,,"Estimated","estimated",0.4,"https://cdn.yellosolarhub.com/products/inversores/NEOSOLAR_INVERTERS_27149.jpg"
"NEOSOLARINVERTERS27150","inversores","",,,2500,,,"Estimated","estimated",0.4,"https://cdn.yellosolarhub.com/products/inversores/NEOSOLAR_INVERTERS_27150.jpg"
"NEOSOLARINVERTERS27152","inversores","",,,2500,,,"Estimated","estimated",0.4,"https://cdn.yellosolarhub.com/products/inversores/NEOSOLAR_INVERTERS_27152.jpg"
"NEOSOLARINVERTERS27153","inversores","",,,2500,,,"Estimated","estimated",0.4,"https://cdn.yellosolarhub.com/products/inversores/NEOSOLAR_INVERTERS_27153.jpg"
"NEOSOLARINVERTERS27156","inversores","",,,2500,,,"Estimated","estimated",0.4,"https://cdn.yellosolarhub.com/products/inversores/NEOSOLAR_INVERTERS_27156.jpg"
"NEOSOLARINVERTERS27157","inversores","",,,2500,,,"Estimated","estimated",0.4,"https://cdn.yellosolarhub.com/products/inversores/NEOSOLAR_INVERTERS_27157.jpg"
"NEOSOLARINVERTERS27160","inversores","",,,2500,,,"Estimated","estimated",0.4,"https://cdn.yellosolarhub.com/products/inversores/NEOSOLAR_INVERTERS_27160.jpg"
"NEOSOLARINVERTERS27161","inversores","",,,2500,,,"Estimated","estimated",0.4,"https://cdn.yellosolarhub.com/products/inversores/NEOSOLAR_INVERTERS_27161.jpg"
"NEOSOLARINVERTERS27162","inversores","",,,2500,,,"Estimated","estimated",0.4,"https://cdn.yellosolarhub.com/products/inversores/NEOSOLAR_INVERTERS_27162.jpg"
"NEOSOLARINVERTERS27163","inversores","",,,2500,,,"Estimated","estimated",0.4,"https://cdn.yellosolarhub.com/products/inversores/NEOSOLAR_INVERTERS_27163.jpg"
"NEOSOLARINVERTERS27166","inversores","",,,2500,,,"Estimated","estimated",0.4,"https://cdn.yellosolarhub.com/products/inversores/NEOSOLAR_INVERTERS_27166.jpg"
"NEOSOLARINVERTERS27167","inversores","",,,2500,,,"Estimated","estimated",0.4,"https://cdn.yellosolarhub.com/products/inversores/NEOSOLAR_INVERTERS_27167.jpg"
"NEOSOLARINVERTERS27171","inversores","",,,2500,,,"Estimated","estimated",0.4,"https://cdn.yellosolarhub.com/products/inversores/NEOSOLAR_INVERTERS_27171.jpg"
"NEOSOLARINVERTERS27401","inversores","",,,2500,,,"Estimated","estimated",0.4,"https://cdn.yellosolarhub.com/products/inversores/NEOSOLAR_INVERTERS_27401.jpg"
"NEOSOLARINVERTERS27406","inversores","",,,2500,,,"Estimated","estimated",0.4,"https://cdn.yellosolarhub.com/products/inversores/NEOSOLAR_INVERTERS_27406.jpg"
"ODEXODEXESTRUTURASOLARGROUPCOLONIAL","inversores","",,,2500,,,"Estimated","estimated",0.4,"https://cdn.yellosolarhub.com/products/inversores/ODEX-ODEX-ESTRUTURA-SOLARGROUP-COLONIAL.jpg"
"ODEXODEXESTRUTURASOLARGROUPFIBROCIMENTO1","inversores","",,,2500,,,"Estimated","estimated",0.4,"https://cdn.yellosolarhub.com/products/inversores/ODEX-ODEX-ESTRUTURA-SOLARGROUP-FIBROCIMENTO-1.jpg"
"ODEXODEXESTRUTURASOLARGROUPFIBROCIMENTO","inversores","",,,2500,,,"Estimated","estimated",0.4,"https://cdn.yellosolarhub.com/products/inversores/ODEX-ODEX-ESTRUTURA-SOLARGROUP-FIBROCIMENTO.jpg"
"ODEXODEXESTRUTURASOLARGROUPMETALICO","inversores","",,,2500,,,"Estimated","estimated",0.4,"https://cdn.yellosolarhub.com/products/inversores/ODEX-ODEX-ESTRUTURA-SOLARGROUP-METALICO.jpg"
"ODEXODEXESTRUTURASOLARGROUPSOLO1","inversores","",,,2500,,,"Estimated","estimated",0.4,"https://cdn.yellosolarhub.com/products/inversores/ODEX-ODEX-ESTRUTURA-SOLARGROUP-SOLO-1.jpg"
"ODEXODEXESTRUTURASOLARGROUPSOLO","inversores","",,,2500,,,"Estimated","estimated",0.4,"https://cdn.yellosolarhub.com/products/inversores/ODEX-ODEX-ESTRUTURA-SOLARGROUP-SOLO.jpg"
"SKU112369117457314169194004","inversores","",,,2500,,,"Estimated","estimated",0.4,"https://cdn.yellosolarhub.com/products/inversores/sku_112369_1-17457314169194004.jpeg"
"SKU13572013572017458937387875142","inversores","",,,2500,,,"Estimated","estimated",0.4,"https://cdn.yellosolarhub.com/products/inversores/sku_135720_135720-17458937387875142.jpeg"
"SKU14576314576317456925994814488","inversores","",,,2500,,,"Estimated","estimated",0.4,"https://cdn.yellosolarhub.com/products/inversores/sku_145763_145763-17456925994814488.jpeg"
"SKU152147152147117507708324918071","inversores","",,,2500,,,"Estimated","estimated",0.4,"https://cdn.yellosolarhub.com/products/inversores/sku_152147_152147-1-17507708324918071.jpeg"
"SKU165471165471117460424443329247","inversores","",,,2500,,,"Estimated","estimated",0.4,"https://cdn.yellosolarhub.com/products/inversores/sku_165471_165471-1-17460424443329247.jpeg"
"SKU19257519257517460421976229660","inversores","",,,2500,,,"Estimated","estimated",0.4,"https://cdn.yellosolarhub.com/products/inversores/sku_192575_192575-17460421976229660.jpeg"
"SKU19257619257617458855660881319","inversores","",,,2500,,,"Estimated","estimated",0.4,"https://cdn.yellosolarhub.com/products/inversores/sku_192576_192576-17458855660881319.jpeg"
"SKU19402319402317460422066042496","inversores","",,,2500,,,"Estimated","estimated",0.4,"https://cdn.yellosolarhub.com/products/inversores/sku_194023_194023-17460422066042496.jpeg"
"SKU24676124676117460392268529534","inversores","",,,2500,,,"Estimated","estimated",0.4,"https://cdn.yellosolarhub.com/products/inversores/sku_246761_246761-17460392268529534.jpeg"
"SKU24676224676217460422357569937","inversores","",,,2500,,,"Estimated","estimated",0.4,"https://cdn.yellosolarhub.com/products/inversores/sku_246762_246762-17460422357569937.jpeg"
"SKU24676324676317460422564036824","inversores","",,,2500,,,"Estimated","estimated",0.4,"https://cdn.yellosolarhub.com/products/inversores/sku_246763_246763-17460422564036824.jpeg"
"SKU24676424676417458511580915488","inversores","",,,2500,,,"Estimated","estimated",0.4,"https://cdn.yellosolarhub.com/products/inversores/sku_246764_246764-17458511580915488.jpeg"
"SKU24676524676517457436108364088","inversores","",,,2500,,,"Estimated","estimated",0.4,"https://cdn.yellosolarhub.com/products/inversores/sku_246765_246765-17457436108364088.jpeg"
"SKU24676824676817459237636241276","inversores","",,,2500,,,"Estimated","estimated",0.4,"https://cdn.yellosolarhub.com/products/inversores/sku_246768_246768-17459237636241276.jpeg"
"SKU24677624677617460419822698100","inversores","",,,2500,,,"Estimated","estimated",0.4,"https://cdn.yellosolarhub.com/products/inversores/sku_246776_246776-17460419822698100.jpeg"
"SKU25851625851617459085227243203","inversores","",,,2500,,,"Estimated","estimated",0.4,"https://cdn.yellosolarhub.com/products/inversores/sku_258516_258516-17459085227243203.jpeg"
"SKU26727726727717458727569694572","inversores","",,,2500,,,"Estimated","estimated",0.4,"https://cdn.yellosolarhub.com/products/inversores/sku_267277_267277-17458727569694572.jpeg"
"SKU27695427695417460390182534484","inversores","",,,2500,,,"Estimated","estimated",0.4,"https://cdn.yellosolarhub.com/products/inversores/sku_276954_276954-17460390182534484.jpeg"
"SKU28924100117457929059638740","inversores","",,,2500,,,"Estimated","estimated",0.4,"https://cdn.yellosolarhub.com/products/inversores/sku_289241_001-17457929059638740.jpeg"
"SKU29242129242117460422200014247","inversores","",,,2500,,,"Estimated","estimated",0.4,"https://cdn.yellosolarhub.com/products/inversores/sku_292421_292421-17460422200014247.jpeg"
"SKU29242329242317459265882555020","inversores","",,,2500,,,"Estimated","estimated",0.4,"https://cdn.yellosolarhub.com/products/inversores/sku_292423_292423-17459265882555020.jpeg"
"SKU29242429242417457928091181215","inversores","",,,2500,,,"Estimated","estimated",0.4,"https://cdn.yellosolarhub.com/products/inversores/sku_292424_292424-17457928091181215.jpeg"
"SKU29243129243117458504394775074","inversores","",,,2500,,,"Estimated","estimated",0.4,"https://cdn.yellosolarhub.com/products/inversores/sku_292431_292431-17458504394775074.jpeg"
"SKU29243329243317459162631168039","inversores","",,,2500,,,"Estimated","estimated",0.4,"https://cdn.yellosolarhub.com/products/inversores/sku_292433_292433-17459162631168039.jpeg"
"SKU29243529243517460420086945208","inversores","",,,2500,,,"Estimated","estimated",0.4,"https://cdn.yellosolarhub.com/products/inversores/sku_292435_292435-17460420086945208.jpeg"
"SKU29243729243717458999759611785","inversores","",,,2500,,,"Estimated","estimated",0.4,"https://cdn.yellosolarhub.com/products/inversores/sku_292437_292437-17458999759611785.jpeg"
"SKU29243829243817459034566372442","inversores","",,,2500,,,"Estimated","estimated",0.4,"https://cdn.yellosolarhub.com/products/inversores/sku_292438_292438-17459034566372442.jpeg"
"SKU29244229244217457818261091625","inversores","",,,2500,,,"Estimated","estimated",0.4,"https://cdn.yellosolarhub.com/products/inversores/sku_292442_292442-17457818261091625.jpeg"
"SKU29959129959117467236965391281","inversores","",,,2500,,,"Estimated","estimated",0.4,"https://cdn.yellosolarhub.com/products/inversores/sku_299591_299591-17467236965391281.jpeg"
"SKU29959529959517467957208646910","inversores","",,,2500,,,"Estimated","estimated",0.4,"https://cdn.yellosolarhub.com/products/inversores/sku_299595_299595-17467957208646910.jpeg"
"SKU30615530615517479477829824229","inversores","",,,2500,,,"Estimated","estimated",0.4,"https://cdn.yellosolarhub.com/products/inversores/sku_306155_306155-17479477829824229.jpeg"
"SKU31514831514817551159943964186","inversores","",,,2500,,,"Estimated","estimated",0.4,"https://cdn.yellosolarhub.com/products/inversores/sku_315148_315148-17551159943964186.jpeg"
"FOTUSKP02KITS","kits","",,,2500,,,"Estimated","estimated",0.4,"https://cdn.yellosolarhub.com/products/kits/FOTUS-KP02-kits.jpg"
"FOTUSKP03KITS","kits","",,,2500,,,"Estimated","estimated",0.4,"https://cdn.yellosolarhub.com/products/kits/FOTUS-KP03-kits.jpg"
"FOTUSKP04KITSHIBRIDOS","kits","",,,2500,,,"Estimated","estimated",0.4,"https://cdn.yellosolarhub.com/products/kits/FOTUS-KP04-kits-hibridos.jpg"
"FOTUSKP04KITS","kits","",,,2500,,,"Estimated","estimated",0.4,"https://cdn.yellosolarhub.com/products/kits/FOTUS-KP04-kits.jpg"
"NEOSOLARKITS22690","kits","",,,2500,,,"Estimated","estimated",0.4,"https://cdn.yellosolarhub.com/products/kits/neosolar_kits_22690.jpg"
"NEOSOLARKITS22691","kits","",,,2500,,,"Estimated","estimated",0.4,"https://cdn.yellosolarhub.com/products/kits/neosolar_kits_22691.jpg"
"NEOSOLARKITS23586","kits","",,,2500,,,"Estimated","estimated",0.4,"https://cdn.yellosolarhub.com/products/kits/neosolar_kits_23586.jpg"
"NEOSOLARKITS23699","kits","",,,2500,,,"Estimated","estimated",0.4,"https://cdn.yellosolarhub.com/products/kits/neosolar_kits_23699.jpg"
"NEOSOLARKITS23703","kits","",,,2500,,,"Estimated","estimated",0.4,"https://cdn.yellosolarhub.com/products/kits/neosolar_kits_23703.jpg"
"NEOSOLARKITS23927","kits","",,,2500,,,"Estimated","estimated",0.4,"https://cdn.yellosolarhub.com/products/kits/neosolar_kits_23927.jpg"
"NEOSOLARKITS23928","kits","",,,2500,,,"Estimated","estimated",0.4,"https://cdn.yellosolarhub.com/products/kits/neosolar_kits_23928.jpg"
"NEOSOLARKITS23929","kits","",,,2500,,,"Estimated","estimated",0.4,"https://cdn.yellosolarhub.com/products/kits/neosolar_kits_23929.jpg"
"NEOSOLARKITS24170","kits","",,,2500,,,"Estimated","estimated",0.4,"https://cdn.yellosolarhub.com/products/kits/NEOSOLAR_KITS_24170.jpg"
"NEOSOLARKITS24171","kits","",,,2500,,,"Estimated","estimated",0.4,"https://cdn.yellosolarhub.com/products/kits/NEOSOLAR_KITS_24171.jpg"
"NEOSOLARKITS24172","kits","",,,2500,,,"Estimated","estimated",0.4,"https://cdn.yellosolarhub.com/products/kits/NEOSOLAR_KITS_24172.jpg"
"NEOSOLARKITS24173","kits","",,,2500,,,"Estimated","estimated",0.4,"https://cdn.yellosolarhub.com/products/kits/NEOSOLAR_KITS_24173.jpg"
"NEOSOLARKITS24174","kits","",,,2500,,,"Estimated","estimated",0.4,"https://cdn.yellosolarhub.com/products/kits/NEOSOLAR_KITS_24174.jpg"
"NEOSOLARKITS24175","kits","",,,2500,,,"Estimated","estimated",0.4,"https://cdn.yellosolarhub.com/products/kits/NEOSOLAR_KITS_24175.jpg"
"NEOSOLARKITS25043","kits","",,,2500,,,"Estimated","estimated",0.4,"https://cdn.yellosolarhub.com/products/kits/neosolar_kits_25043.jpg"
"NEOSOLARKITS25044","kits","",,,2500,,,"Estimated","estimated",0.4,"https://cdn.yellosolarhub.com/products/kits/neosolar_kits_25044.jpg"
"NEOSOLARKITS25045","kits","",,,2500,,,"Estimated","estimated",0.4,"https://cdn.yellosolarhub.com/products/kits/neosolar_kits_25045.jpg"
"NEOSOLARKITS25046","kits","",,,2500,,,"Estimated","estimated",0.4,"https://cdn.yellosolarhub.com/products/kits/neosolar_kits_25046.jpg"
"NEOSOLARKITS25047","kits","",,,2500,,,"Estimated","estimated",0.4,"https://cdn.yellosolarhub.com/products/kits/neosolar_kits_25047.jpg"
"NEOSOLARKITS25048","kits","",,,2500,,,"Estimated","estimated",0.4,"https://cdn.yellosolarhub.com/products/kits/neosolar_kits_25048.jpg"
"NEOSOLARKITS25049","kits","",,,2500,,,"Estimated","estimated",0.4,"https://cdn.yellosolarhub.com/products/kits/neosolar_kits_25049.jpg"
"NEOSOLARKITS25053","kits","",,,2500,,,"Estimated","estimated",0.4,"https://cdn.yellosolarhub.com/products/kits/neosolar_kits_25053.jpg"
"NEOSOLARKITS25129","kits","",,,2500,,,"Estimated","estimated",0.4,"https://cdn.yellosolarhub.com/products/kits/neosolar_kits_25129.jpg"
"NEOSOLARKITS25130","kits","",,,2500,,,"Estimated","estimated",0.4,"https://cdn.yellosolarhub.com/products/kits/neosolar_kits_25130.jpg"
"NEOSOLARKITS25131","kits","",,,2500,,,"Estimated","estimated",0.4,"https://cdn.yellosolarhub.com/products/kits/neosolar_kits_25131.jpg"
"NEOSOLARKITS25132","kits","",,,2500,,,"Estimated","estimated",0.4,"https://cdn.yellosolarhub.com/products/kits/neosolar_kits_25132.jpg"
"NEOSOLARKITS25154","kits","",,,2500,,,"Estimated","estimated",0.4,"https://cdn.yellosolarhub.com/products/kits/neosolar_kits_25154.jpg"
"NEOSOLARKITS25156","kits","",,,2500,,,"Estimated","estimated",0.4,"https://cdn.yellosolarhub.com/products/kits/neosolar_kits_25156.jpg"
"NEOSOLARKITS25158","kits","",,,2500,,,"Estimated","estimated",0.4,"https://cdn.yellosolarhub.com/products/kits/neosolar_kits_25158.jpg"
"NEOSOLARKITS25160","kits","",,,2500,,,"Estimated","estimated",0.4,"https://cdn.yellosolarhub.com/products/kits/neosolar_kits_25160.jpg"
"NEOSOLARKITS25162","kits","",,,2500,,,"Estimated","estimated",0.4,"https://cdn.yellosolarhub.com/products/kits/neosolar_kits_25162.jpg"
"NEOSOLARKITS25163","kits","",,,2500,,,"Estimated","estimated",0.4,"https://cdn.yellosolarhub.com/products/kits/neosolar_kits_25163.jpg"
"NEOSOLARKITS25164","kits","",,,2500,,,"Estimated","estimated",0.4,"https://cdn.yellosolarhub.com/products/kits/neosolar_kits_25164.jpg"
"NEOSOLARKITS26694","kits","",,,2500,,,"Estimated","estimated",0.4,"https://cdn.yellosolarhub.com/products/kits/neosolar_kits_26694.jpg"
"NEOSOLARKITS26695","kits","",,,2500,,,"Estimated","estimated",0.4,"https://cdn.yellosolarhub.com/products/kits/neosolar_kits_26695.jpg"
"NEOSOLARKITS26696","kits","",,,2500,,,"Estimated","estimated",0.4,"https://cdn.yellosolarhub.com/products/kits/neosolar_kits_26696.jpg"
"NEOSOLARKITS26697","kits","",,,2500,,,"Estimated","estimated",0.4,"https://cdn.yellosolarhub.com/products/kits/neosolar_kits_26697.jpg"
"NEOSOLARKITS26698","kits","",,,2500,,,"Estimated","estimated",0.4,"https://cdn.yellosolarhub.com/products/kits/neosolar_kits_26698.jpg"
"NEOSOLARKITS26699","kits","",,,2500,,,"Estimated","estimated",0.4,"https://cdn.yellosolarhub.com/products/kits/neosolar_kits_26699.jpg"
"NEOSOLARKITS26700","kits","",,,2500,,,"Estimated","estimated",0.4,"https://cdn.yellosolarhub.com/products/kits/neosolar_kits_26700.jpg"
"NEOSOLARKITS26701","kits","",,,2500,,,"Estimated","estimated",0.4,"https://cdn.yellosolarhub.com/products/kits/neosolar_kits_26701.jpg"
"NEOSOLARKITS26720","kits","",,,2500,,,"Estimated","estimated",0.4,"https://cdn.yellosolarhub.com/products/kits/neosolar_kits_26720.jpg"
"NEOSOLARKITS26721","kits","",,,2500,,,"Estimated","estimated",0.4,"https://cdn.yellosolarhub.com/products/kits/neosolar_kits_26721.jpg"
"NEOSOLARKITS26722","kits","",,,2500,,,"Estimated","estimated",0.4,"https://cdn.yellosolarhub.com/products/kits/neosolar_kits_26722.jpg"
"NEOSOLARKITS26723","kits","",,,2500,,,"Estimated","estimated",0.4,"https://cdn.yellosolarhub.com/products/kits/neosolar_kits_26723.jpg"
"NEOSOLARKITS26968","kits","",,,2500,,,"Estimated","estimated",0.4,"https://cdn.yellosolarhub.com/products/kits/neosolar_kits_26968.jpg"
"NEOSOLARKITS26969","kits","",,,2500,,,"Estimated","estimated",0.4,"https://cdn.yellosolarhub.com/products/kits/neosolar_kits_26969.jpg"
"NEOSOLARKITS26970","kits","",,,2500,,,"Estimated","estimated",0.4,"https://cdn.yellosolarhub.com/products/kits/neosolar_kits_26970.jpg"
"NEOSOLARKITS26971","kits","",,,2500,,,"Estimated","estimated",0.4,"https://cdn.yellosolarhub.com/products/kits/neosolar_kits_26971.jpg"
"NEOSOLARKITS26972","kits","",,,2500,,,"Estimated","estimated",0.4,"https://cdn.yellosolarhub.com/products/kits/neosolar_kits_26972.jpg"
"NEOSOLARKITS26975","kits","",,,2500,,,"Estimated","estimated",0.4,"https://cdn.yellosolarhub.com/products/kits/neosolar_kits_26975.jpg"
"NEOSOLARKITS26984","kits","",,,2500,,,"Estimated","estimated",0.4,"https://cdn.yellosolarhub.com/products/kits/neosolar_kits_26984.jpg"
"NEOSOLARKITS26985","kits","",,,2500,,,"Estimated","estimated",0.4,"https://cdn.yellosolarhub.com/products/kits/neosolar_kits_26985.jpg"
"NEOSOLARKITS26986","kits","",,,2500,,,"Estimated","estimated",0.4,"https://cdn.yellosolarhub.com/products/kits/neosolar_kits_26986.jpg"
"NEOSOLARKITS26987","kits","",,,2500,,,"Estimated","estimated",0.4,"https://cdn.yellosolarhub.com/products/kits/neosolar_kits_26987.jpg"
"NEOSOLARKITS26988","kits","",,,2500,,,"Estimated","estimated",0.4,"https://cdn.yellosolarhub.com/products/kits/neosolar_kits_26988.jpg"
"NEOSOLARKITS26991","kits","",,,2500,,,"Estimated","estimated",0.4,"https://cdn.yellosolarhub.com/products/kits/neosolar_kits_26991.jpg"
"NEOSOLARKITS27259","kits","",,,2500,,,"Estimated","estimated",0.4,"https://cdn.yellosolarhub.com/products/kits/neosolar_kits_27259.jpg"
"NEOSOLARKITS27260","kits","",,,2500,,,"Estimated","estimated",0.4,"https://cdn.yellosolarhub.com/products/kits/neosolar_kits_27260.jpg"
"NEOSOLARKITS27261","kits","",,,2500,,,"Estimated","estimated",0.4,"https://cdn.yellosolarhub.com/products/kits/neosolar_kits_27261.jpg"
"NEOSOLARKITS27262","kits","",,,2500,,,"Estimated","estimated",0.4,"https://cdn.yellosolarhub.com/products/kits/neosolar_kits_27262.jpg"
"NEOSOLARKITS27263","kits","",,,2500,,,"Estimated","estimated",0.4,"https://cdn.yellosolarhub.com/products/kits/neosolar_kits_27263.jpg"
"NEOSOLARKITS27264","kits","",,,2500,,,"Estimated","estimated",0.4,"https://cdn.yellosolarhub.com/products/kits/neosolar_kits_27264.jpg"
"NEOSOLARKITS27265","kits","",,,2500,,,"Estimated","estimated",0.4,"https://cdn.yellosolarhub.com/products/kits/neosolar_kits_27265.jpg"
"NEOSOLARKITS27266","kits","",,,2500,,,"Estimated","estimated",0.4,"https://cdn.yellosolarhub.com/products/kits/neosolar_kits_27266.jpg"
"NEOSOLARKITS27267","kits","",,,2500,,,"Estimated","estimated",0.4,"https://cdn.yellosolarhub.com/products/kits/neosolar_kits_27267.jpg"
"NEOSOLARKITS27268","kits","",,,2500,,,"Estimated","estimated",0.4,"https://cdn.yellosolarhub.com/products/kits/neosolar_kits_27268.jpg"
"NEOSOLARKITS27269","kits","",,,2500,,,"Estimated","estimated",0.4,"https://cdn.yellosolarhub.com/products/kits/neosolar_kits_27269.jpg"
"NEOSOLARKITS27270","kits","",,,2500,,,"Estimated","estimated",0.4,"https://cdn.yellosolarhub.com/products/kits/neosolar_kits_27270.jpg"
"NEOSOLARKITS27296","kits","",,,2500,,,"Estimated","estimated",0.4,"https://cdn.yellosolarhub.com/products/kits/neosolar_kits_27296.jpg"
"NEOSOLARKITS27297","kits","",,,2500,,,"Estimated","estimated",0.4,"https://cdn.yellosolarhub.com/products/kits/neosolar_kits_27297.jpg"
"NEOSOLARKITS27298","kits","",,,2500,,,"Estimated","estimated",0.4,"https://cdn.yellosolarhub.com/products/kits/neosolar_kits_27298.jpg"
"NEOSOLARKITS27299","kits","",,,2500,,,"Estimated","estimated",0.4,"https://cdn.yellosolarhub.com/products/kits/neosolar_kits_27299.jpg"
"NEOSOLARKITS27300","kits","",,,2500,,,"Estimated","estimated",0.4,"https://cdn.yellosolarhub.com/products/kits/neosolar_kits_27300.jpg"
"NEOSOLARKITS27301","kits","",,,2500,,,"Estimated","estimated",0.4,"https://cdn.yellosolarhub.com/products/kits/neosolar_kits_27301.jpg"
"NEOSOLARKITS27302","kits","",,,2500,,,"Estimated","estimated",0.4,"https://cdn.yellosolarhub.com/products/kits/neosolar_kits_27302.jpg"
"NEOSOLARKITS27303","kits","",,,2500,,,"Estimated","estimated",0.4,"https://cdn.yellosolarhub.com/products/kits/neosolar_kits_27303.jpg"
"NEOSOLARKITS27304","kits","",,,2500,,,"Estimated","estimated",0.4,"https://cdn.yellosolarhub.com/products/kits/neosolar_kits_27304.jpg"
"NEOSOLARKITS27305","kits","",,,2500,,,"Estimated","estimated",0.4,"https://cdn.yellosolarhub.com/products/kits/neosolar_kits_27305.jpg"
"NEOSOLARKITS27306","kits","",,,2500,,,"Estimated","estimated",0.4,"https://cdn.yellosolarhub.com/products/kits/neosolar_kits_27306.jpg"
"NEOSOLARKITS27313","kits","",,,2500,,,"Estimated","estimated",0.4,"https://cdn.yellosolarhub.com/products/kits/neosolar_kits_27313.jpg"
"NEOSOLARKITS27314","kits","",,,2500,,,"Estimated","estimated",0.4,"https://cdn.yellosolarhub.com/products/kits/neosolar_kits_27314.jpg"
"NEOSOLARKITS27315","kits","",,,2500,,,"Estimated","estimated",0.4,"https://cdn.yellosolarhub.com/products/kits/neosolar_kits_27315.jpg"
"NEOSOLARKITS27339","kits","",,,2500,,,"Estimated","estimated",0.4,"https://cdn.yellosolarhub.com/products/kits/neosolar_kits_27339.jpg"
"NEOSOLARKITS27347","kits","",,,2500,,,"Estimated","estimated",0.4,"https://cdn.yellosolarhub.com/products/kits/neosolar_kits_27347.jpg"
"NEOSOLARKITS27348","kits","",,,2500,,,"Estimated","estimated",0.4,"https://cdn.yellosolarhub.com/products/kits/neosolar_kits_27348.jpg"
"NEOSOLARKITS27349","kits","",,,2500,,,"Estimated","estimated",0.4,"https://cdn.yellosolarhub.com/products/kits/neosolar_kits_27349.jpg"
"NEOSOLARKITS27378","kits","",,,2500,,,"Estimated","estimated",0.4,"https://cdn.yellosolarhub.com/products/kits/neosolar_kits_27378.jpg"
"NEOSOLARKITS27475","kits","",,,2500,,,"Estimated","estimated",0.4,"https://cdn.yellosolarhub.com/products/kits/neosolar_kits_27475.jpg"
"NEOSOLARKITS27476","kits","",,,2500,,,"Estimated","estimated",0.4,"https://cdn.yellosolarhub.com/products/kits/neosolar_kits_27476.jpg"
"ENPHASEIQ8P722BRIMAGEPRODUCT600340","inversores","ENPHASE",,,2466.33,,,"N/A","similar_match",0.7,"https://cdn.yellosolarhub.com/products/inversores/ENPHASE-IQ8P-72-2-BR_IMAGE_PRODUCT_600340.jpeg"
"GOODWEEZLOGGERPROIMAGE","inversores","GOODWE",,,2250,,,"Estimated","estimated",0.4,"https://cdn.yellosolarhub.com/products/inversores/GOODWE-EZLOGGER PRO_image.png"
"GOODWEGW3300XS30AFCIIMAGE","inversores","GOODWE",,,2250,,,"Estimated","estimated",0.4,"https://cdn.yellosolarhub.com/products/inversores/GOODWE-GW 3300-XS-30 - AFCI_image.png"
"GOODWEGW5000DNS3016AAFCIIMAGE","inversores","GOODWE",,,2250,,,"Estimated","estimated",0.4,"https://cdn.yellosolarhub.com/products/inversores/GOODWE-GW 5000-DNS-30 (16A) - AFCI_image.png"
"GOODWEGW2000MISIMAGEPRODUCT600329","inversores","GOODWE",,,2250,,,"Estimated","estimated",0.4,"https://cdn.yellosolarhub.com/products/inversores/GOODWE-GW2000-MIS_IMAGE_PRODUCT_600329.jpg"
"GOODWEGW3500LESBR20IMAGEPRODUCT600361","inversores","GOODWE",,,2250,,,"Estimated","estimated",0.4,"https://cdn.yellosolarhub.com/products/inversores/GOODWE-GW3500L-ES-BR20_IMAGE_PRODUCT_600361.png"
"GOODWEGW3600ESBR20AFCIIMAGE","inversores","GOODWE",,,2250,,,"Estimated","estimated",0.4,"https://cdn.yellosolarhub.com/products/inversores/GOODWE-GW3600-ES-BR20 - AFCI_image.png"
"GOODWEGW6000ESBR20AFCIIMAGE","inversores","GOODWE",,,2250,,,"Estimated","estimated",0.4,"https://cdn.yellosolarhub.com/products/inversores/GOODWE-GW6000-ES-BR20 - AFCI_image.png"
"GOODWEGW6000SBP20IMAGE","inversores","GOODWE",,,2250,,,"Estimated","estimated",0.4,"https://cdn.yellosolarhub.com/products/inversores/GOODWE-GW6000-SBP-20_image.webp"
"192068","stringboxes","",,,1200,,,"Estimated","estimated",0.4,"https://cdn.yellosolarhub.com/products/stringboxes/192068.jpg"
"215563","paineis","",,,1200,,,"Estimated","estimated",0.4,"https://cdn.yellosolarhub.com/products/paineis/215563.jpg"
"289244","paineis","",,,1200,,,"Estimated","estimated",0.4,"https://cdn.yellosolarhub.com/products/paineis/289244.jpg"
"291808","paineis","",,,1200,,,"Estimated","estimated",0.4,"https://cdn.yellosolarhub.com/products/paineis/291808.jpg"
"299586","paineis","",,,1200,,,"Estimated","estimated",0.4,"https://cdn.yellosolarhub.com/products/paineis/299586.jpg"
"299589","paineis","",,,1200,,,"Estimated","estimated",0.4,"https://cdn.yellosolarhub.com/products/paineis/299589.jpg"
"300585","paineis","",,,1200,,,"Estimated","estimated",0.4,"https://cdn.yellosolarhub.com/products/paineis/300585.jpg"
"304574","paineis","",,,1200,,,"Estimated","estimated",0.4,"https://cdn.yellosolarhub.com/products/paineis/304574.jpg"
"IMAGE","acessorios","",,,1200,,,"Estimated","estimated",0.4,"https://cdn.yellosolarhub.com/products/acessorios/image.png"
"IMAGEPRODUCT450083","acessorios","",,,1200,,,"Estimated","estimated",0.4,"https://cdn.yellosolarhub.com/products/acessorios/IMAGE_PRODUCT_450083.png"
"IMAGEPRODUCT450094","acessorios","",,,1200,,,"Estimated","estimated",0.4,"https://cdn.yellosolarhub.com/products/acessorios/IMAGE_PRODUCT_450094.png"
"IMAGEPRODUCT450114","acessorios","",,,1200,,,"Estimated","estimated",0.4,"https://cdn.yellosolarhub.com/products/acessorios/IMAGE_PRODUCT_450114.png"
"IMAGEPRODUCT450118","acessorios","",,,1200,,,"Estimated","estimated",0.4,"https://cdn.yellosolarhub.com/products/acessorios/IMAGE_PRODUCT_450118.jpg"
"IMAGEPRODUCT450123","acessorios","",,,1200,,,"Estimated","estimated",0.4,"https://cdn.yellosolarhub.com/products/acessorios/IMAGE_PRODUCT_450123.png"
"PAINELBYDBYD530WMLK36530W","BYD","BYD",530,,1200,,,"Estimated","estimated",0.4,"https://cdn.yellosolarhub.com/products/BYD/PAINEL-BYD-BYD-530W-MLK-36---530W.png"
"NEOSOLARCHARGERS20031","carregadores","",,,1200,,,"Estimated","estimated",0.4,"https://cdn.yellosolarhub.com/products/carregadores/NEOSOLAR_CHARGERS_20031.jpg"
"NEOSOLARCHARGERS20034","carregadores","",,,1200,,,"Estimated","estimated",0.4,"https://cdn.yellosolarhub.com/products/carregadores/NEOSOLAR_CHARGERS_20034.jpg"
"NEOSOLARCHARGERS20035","carregadores","",,,1200,,,"Estimated","estimated",0.4,"https://cdn.yellosolarhub.com/products/carregadores/NEOSOLAR_CHARGERS_20035.jpg"
"NEOSOLARCHARGERS20043","carregadores","",,,1200,,,"Estimated","estimated",0.4,"https://cdn.yellosolarhub.com/products/carregadores/NEOSOLAR_CHARGERS_20043.jpg"
"NEOSOLARCHARGERS20044","carregadores","",,,1200,,,"Estimated","estimated",0.4,"https://cdn.yellosolarhub.com/products/carregadores/NEOSOLAR_CHARGERS_20044.jpg"
"NEOSOLARCHARGERS20045","carregadores","",,,1200,,,"Estimated","estimated",0.4,"https://cdn.yellosolarhub.com/products/carregadores/NEOSOLAR_CHARGERS_20045.jpg"
"NEOSOLARCHARGERS20858","carregadores","",,,1200,,,"Estimated","estimated",0.4,"https://cdn.yellosolarhub.com/products/carregadores/neosolar_chargers_20858.jpg"
"NEOSOLARCHARGERS20859","carregadores","",,,1200,,,"Estimated","estimated",0.4,"https://cdn.yellosolarhub.com/products/carregadores/NEOSOLAR_CHARGERS_20859.jpg"
"NEOSOLARCHARGERS20860","carregadores","",,,1200,,,"Estimated","estimated",0.4,"https://cdn.yellosolarhub.com/products/carregadores/NEOSOLAR_CHARGERS_20860.jpg"
"NEOSOLARCHARGERS20861","carregadores","",,,1200,,,"Estimated","estimated",0.4,"https://cdn.yellosolarhub.com/products/carregadores/NEOSOLAR_CHARGERS_20861.jpg"
"NEOSOLARCHARGERS20862","carregadores","",,,1200,,,"Estimated","estimated",0.4,"https://cdn.yellosolarhub.com/products/carregadores/NEOSOLAR_CHARGERS_20862.jpg"
"NEOSOLARCHARGERS20863","carregadores","",,,1200,,,"Estimated","estimated",0.4,"https://cdn.yellosolarhub.com/products/carregadores/NEOSOLAR_CHARGERS_20863.jpg"
"NEOSOLARCHARGERS20864","carregadores","",,,1200,,,"Estimated","estimated",0.4,"https://cdn.yellosolarhub.com/products/carregadores/NEOSOLAR_CHARGERS_20864.jpg"
"NEOSOLARCHARGERS20865","carregadores","",,,1200,,,"Estimated","estimated",0.4,"https://cdn.yellosolarhub.com/products/carregadores/neosolar_chargers_20865.jpg"
"NEOSOLARCHARGERS20866","carregadores","",,,1200,,,"Estimated","estimated",0.4,"https://cdn.yellosolarhub.com/products/carregadores/neosolar_chargers_20866.jpg"
"NEOSOLARCHARGERS20868","carregadores","",,,1200,,,"Estimated","estimated",0.4,"https://cdn.yellosolarhub.com/products/carregadores/NEOSOLAR_CHARGERS_20868.jpg"
"NEOSOLARCHARGERS20870","carregadores","",,,1200,,,"Estimated","estimated",0.4,"https://cdn.yellosolarhub.com/products/carregadores/NEOSOLAR_CHARGERS_20870.jpg"
"NEOSOLARCHARGERS20871","carregadores","",,,1200,,,"Estimated","estimated",0.4,"https://cdn.yellosolarhub.com/products/carregadores/NEOSOLAR_CHARGERS_20871.jpg"
"NEOSOLARCHARGERS20872","carregadores","",,,1200,,,"Estimated","estimated",0.4,"https://cdn.yellosolarhub.com/products/carregadores/NEOSOLAR_CHARGERS_20872.jpg"
"NEOSOLARCHARGERS20873","carregadores","",,,1200,,,"Estimated","estimated",0.4,"https://cdn.yellosolarhub.com/products/carregadores/neosolar_chargers_20873.jpg"
"NEOSOLARCHARGERS21294","carregadores","",,,1200,,,"Estimated","estimated",0.4,"https://cdn.yellosolarhub.com/products/carregadores/NEOSOLAR_CHARGERS_21294.jpg"
"NEOSOLARCHARGERS21295","carregadores","",,,1200,,,"Estimated","estimated",0.4,"https://cdn.yellosolarhub.com/products/carregadores/NEOSOLAR_CHARGERS_21295.jpg"
"NEOSOLARCHARGERS21741","carregadores","",,,1200,,,"Estimated","estimated",0.4,"https://cdn.yellosolarhub.com/products/carregadores/neosolar_chargers_21741.jpg"
"NEOSOLARCHARGERS21742","carregadores","",,,1200,,,"Estimated","estimated",0.4,"https://cdn.yellosolarhub.com/products/carregadores/neosolar_chargers_21742.jpg"
"NEOSOLARCHARGERS21743","carregadores","",,,1200,,,"Estimated","estimated",0.4,"https://cdn.yellosolarhub.com/products/carregadores/neosolar_chargers_21743.jpg"
"NEOSOLARCHARGERS21751","carregadores","",,,1200,,,"Estimated","estimated",0.4,"https://cdn.yellosolarhub.com/products/carregadores/neosolar_chargers_21751.jpg"
"NEOSOLARCHARGERS21755","carregadores","",,,1200,,,"Estimated","estimated",0.4,"https://cdn.yellosolarhub.com/products/carregadores/neosolar_chargers_21755.jpg"
"NEOSOLARCHARGERS21756","carregadores","",,,1200,,,"Estimated","estimated",0.4,"https://cdn.yellosolarhub.com/products/carregadores/neosolar_chargers_21756.jpg"
"NEOSOLARCHARGERS21757","carregadores","",,,1200,,,"Estimated","estimated",0.4,"https://cdn.yellosolarhub.com/products/carregadores/NEOSOLAR_CHARGERS_21757.jpg"
"NEOSOLARCHARGERS22154","carregadores","",,,1200,,,"Estimated","estimated",0.4,"https://cdn.yellosolarhub.com/products/carregadores/NEOSOLAR_CHARGERS_22154.jpg"
"NEOSOLARCHARGERS23757","carregadores","",,,1200,,,"Estimated","estimated",0.4,"https://cdn.yellosolarhub.com/products/carregadores/NEOSOLAR_CHARGERS_23757.jpg"
"NEOSOLARCHARGERS23758","carregadores","",,,1200,,,"Estimated","estimated",0.4,"https://cdn.yellosolarhub.com/products/carregadores/NEOSOLAR_CHARGERS_23758.jpg"
"NEOSOLARCHARGERS23759","carregadores","",,,1200,,,"Estimated","estimated",0.4,"https://cdn.yellosolarhub.com/products/carregadores/NEOSOLAR_CHARGERS_23759.jpg"
"NEOSOLARCHARGERS23760","carregadores","",,,1200,,,"Estimated","estimated",0.4,"https://cdn.yellosolarhub.com/products/carregadores/NEOSOLAR_CHARGERS_23760.jpg"
"NEOSOLARCHARGERS23761","carregadores","",,,1200,,,"Estimated","estimated",0.4,"https://cdn.yellosolarhub.com/products/carregadores/NEOSOLAR_CHARGERS_23761.jpg"
"NEOSOLARCHARGERS23762","carregadores","",,,1200,,,"Estimated","estimated",0.4,"https://cdn.yellosolarhub.com/products/carregadores/neosolar_chargers_23762.jpg"
"NEOSOLARCHARGERS24019","carregadores","",,,1200,,,"Estimated","estimated",0.4,"https://cdn.yellosolarhub.com/products/carregadores/NEOSOLAR_CHARGERS_24019.jpg"
"NEOSOLARCHARGERS24021","carregadores","",,,1200,,,"Estimated","estimated",0.4,"https://cdn.yellosolarhub.com/products/carregadores/NEOSOLAR_CHARGERS_24021.jpg"
"NEOSOLARCHARGERS24072","carregadores","",,,1200,,,"Estimated","estimated",0.4,"https://cdn.yellosolarhub.com/products/carregadores/NEOSOLAR_CHARGERS_24072.jpg"
"NEOSOLARCHARGERS24249","carregadores","",,,1200,,,"Estimated","estimated",0.4,"https://cdn.yellosolarhub.com/products/carregadores/NEOSOLAR_CHARGERS_24249.jpg"
"NEOSOLARCHARGERS24467","carregadores","",,,1200,,,"Estimated","estimated",0.4,"https://cdn.yellosolarhub.com/products/carregadores/NEOSOLAR_CHARGERS_24467.jpg"
"NEOSOLARCHARGERS24468","carregadores","",,,1200,,,"Estimated","estimated",0.4,"https://cdn.yellosolarhub.com/products/carregadores/neosolar_chargers_24468.jpg"
"NEOSOLARCHARGERS24473","carregadores","",,,1200,,,"Estimated","estimated",0.4,"https://cdn.yellosolarhub.com/products/carregadores/NEOSOLAR_CHARGERS_24473.jpg"
"NEOSOLARCHARGERS24474","carregadores","",,,1200,,,"Estimated","estimated",0.4,"https://cdn.yellosolarhub.com/products/carregadores/NEOSOLAR_CHARGERS_24474.jpg"
"NEOSOLARCHARGERS24475","carregadores","",,,1200,,,"Estimated","estimated",0.4,"https://cdn.yellosolarhub.com/products/carregadores/NEOSOLAR_CHARGERS_24475.jpg"
"NEOSOLARCHARGERS24593","carregadores","",,,1200,,,"Estimated","estimated",0.4,"https://cdn.yellosolarhub.com/products/carregadores/neosolar_chargers_24593.jpg"
"NEOSOLARCHARGERS24594","carregadores","",,,1200,,,"Estimated","estimated",0.4,"https://cdn.yellosolarhub.com/products/carregadores/neosolar_chargers_24594.jpg"
"NEOSOLARCHARGERS24606","carregadores","",,,1200,,,"Estimated","estimated",0.4,"https://cdn.yellosolarhub.com/products/carregadores/NEOSOLAR_CHARGERS_24606.jpg"
"NEOSOLARCHARGERS24607","carregadores","",,,1200,,,"Estimated","estimated",0.4,"https://cdn.yellosolarhub.com/products/carregadores/NEOSOLAR_CHARGERS_24607.jpg"
"NEOSOLARCHARGERS24608","carregadores","",,,1200,,,"Estimated","estimated",0.4,"https://cdn.yellosolarhub.com/products/carregadores/NEOSOLAR_CHARGERS_24608.jpg"
"NEOSOLARCHARGERS24609","carregadores","",,,1200,,,"Estimated","estimated",0.4,"https://cdn.yellosolarhub.com/products/carregadores/neosolar_chargers_24609.jpg"
"NEOSOLARCHARGERS24713","carregadores","",,,1200,,,"Estimated","estimated",0.4,"https://cdn.yellosolarhub.com/products/carregadores/neosolar_chargers_24713.jpg"
"NEOSOLARCHARGERS24714","carregadores","",,,1200,,,"Estimated","estimated",0.4,"https://cdn.yellosolarhub.com/products/carregadores/neosolar_chargers_24714.jpg"
"NEOSOLARCHARGERS24715","carregadores","",,,1200,,,"Estimated","estimated",0.4,"https://cdn.yellosolarhub.com/products/carregadores/NEOSOLAR_CHARGERS_24715.jpg"
"NEOSOLARCHARGERS24716","carregadores","",,,1200,,,"Estimated","estimated",0.4,"https://cdn.yellosolarhub.com/products/carregadores/NEOSOLAR_CHARGERS_24716.jpg"
"NEOSOLARCHARGERS24717","carregadores","",,,1200,,,"Estimated","estimated",0.4,"https://cdn.yellosolarhub.com/products/carregadores/NEOSOLAR_CHARGERS_24717.jpg"
"NEOSOLARCHARGERS24718","carregadores","",,,1200,,,"Estimated","estimated",0.4,"https://cdn.yellosolarhub.com/products/carregadores/NEOSOLAR_CHARGERS_24718.jpg"
"NEOSOLARCHARGERS24795","carregadores","",,,1200,,,"Estimated","estimated",0.4,"https://cdn.yellosolarhub.com/products/carregadores/NEOSOLAR_CHARGERS_24795.jpg"
"NEOSOLARCHARGERS24801","carregadores","",,,1200,,,"Estimated","estimated",0.4,"https://cdn.yellosolarhub.com/products/carregadores/NEOSOLAR_CHARGERS_24801.jpg"
"NEOSOLARCHARGERS24802","carregadores","",,,1200,,,"Estimated","estimated",0.4,"https://cdn.yellosolarhub.com/products/carregadores/NEOSOLAR_CHARGERS_24802.jpg"
"NEOSOLARCHARGERS25012","carregadores","",,,1200,,,"Estimated","estimated",0.4,"https://cdn.yellosolarhub.com/products/carregadores/NEOSOLAR_CHARGERS_25012.jpg"
"NEOSOLARCHARGERS25023","carregadores","",,,1200,,,"Estimated","estimated",0.4,"https://cdn.yellosolarhub.com/products/carregadores/NEOSOLAR_CHARGERS_25023.jpg"
"NEOSOLARCHARGERS25024","carregadores","",,,1200,,,"Estimated","estimated",0.4,"https://cdn.yellosolarhub.com/products/carregadores/NEOSOLAR_CHARGERS_25024.jpg"
"NEOSOLARCHARGERS25025","carregadores","",,,1200,,,"Estimated","estimated",0.4,"https://cdn.yellosolarhub.com/products/carregadores/NEOSOLAR_CHARGERS_25025.jpg"
"NEOSOLARCHARGERS25128","carregadores","",,,1200,,,"Estimated","estimated",0.4,"https://cdn.yellosolarhub.com/products/carregadores/NEOSOLAR_CHARGERS_25128.jpg"
"NEOSOLARCHARGERS25220","carregadores","",,,1200,,,"Estimated","estimated",0.4,"https://cdn.yellosolarhub.com/products/carregadores/NEOSOLAR_CHARGERS_25220.jpg"
"NEOSOLARCHARGERS26359","carregadores","",,,1200,,,"Estimated","estimated",0.4,"https://cdn.yellosolarhub.com/products/carregadores/neosolar_chargers_26359.jpg"
"NEOSOLARCHARGERS26360","carregadores","",,,1200,,,"Estimated","estimated",0.4,"https://cdn.yellosolarhub.com/products/carregadores/NEOSOLAR_CHARGERS_26360.jpg"
"NEOSOLARCHARGERS26361","carregadores","",,,1200,,,"Estimated","estimated",0.4,"https://cdn.yellosolarhub.com/products/carregadores/neosolar_chargers_26361.jpg"
"NEOSOLARCHARGERS26525","carregadores","",,,1200,,,"Estimated","estimated",0.4,"https://cdn.yellosolarhub.com/products/carregadores/neosolar_chargers_26525.jpg"
"NEOSOLARCHARGERS26526","carregadores","",,,1200,,,"Estimated","estimated",0.4,"https://cdn.yellosolarhub.com/products/carregadores/neosolar_chargers_26526.jpg"
"NEOSOLARCHARGERS26900","carregadores","",,,1200,,,"Estimated","estimated",0.4,"https://cdn.yellosolarhub.com/products/carregadores/NEOSOLAR_CHARGERS_26900.jpg"
"NEOSOLARCHARGERS26901","carregadores","",,,1200,,,"Estimated","estimated",0.4,"https://cdn.yellosolarhub.com/products/carregadores/NEOSOLAR_CHARGERS_26901.jpg"
"NEOSOLARCHARGERS26902","carregadores","",,,1200,,,"Estimated","estimated",0.4,"https://cdn.yellosolarhub.com/products/carregadores/NEOSOLAR_CHARGERS_26902.jpg"
"NEOSOLARCHARGERS26903","carregadores","",,,1200,,,"Estimated","estimated",0.4,"https://cdn.yellosolarhub.com/products/carregadores/NEOSOLAR_CHARGERS_26903.jpg"
"NEOSOLARCHARGERS26904","carregadores","",,,1200,,,"Estimated","estimated",0.4,"https://cdn.yellosolarhub.com/products/carregadores/NEOSOLAR_CHARGERS_26904.jpg"
"NEOSOLARCHARGERS27327","carregadores","",,,1200,,,"Estimated","estimated",0.4,"https://cdn.yellosolarhub.com/products/carregadores/NEOSOLAR_CHARGERS_27327.jpg"
"NEOSOLARCHARGERS27328","carregadores","",,,1200,,,"Estimated","estimated",0.4,"https://cdn.yellosolarhub.com/products/carregadores/NEOSOLAR_CHARGERS_27328.jpg"
"NEOSOLARCHARGERS27329","carregadores","",,,1200,,,"Estimated","estimated",0.4,"https://cdn.yellosolarhub.com/products/carregadores/NEOSOLAR_CHARGERS_27329.jpg"
"NEOSOLARCHARGERS27330","carregadores","",,,1200,,,"Estimated","estimated",0.4,"https://cdn.yellosolarhub.com/products/carregadores/NEOSOLAR_CHARGERS_27330.jpg"
"NEOSOLARCHARGERS27386","carregadores","",,,1200,,,"Estimated","estimated",0.4,"https://cdn.yellosolarhub.com/products/carregadores/NEOSOLAR_CHARGERS_27386.jpg"
"NEOSOLARCONTROLLERS20055","controladores","",,,1200,,,"Estimated","estimated",0.4,"https://cdn.yellosolarhub.com/products/controladores/NEOSOLAR_CONTROLLERS_20055.jpg"
"NEOSOLARCONTROLLERS20056","controladores","",,,1200,,,"Estimated","estimated",0.4,"https://cdn.yellosolarhub.com/products/controladores/NEOSOLAR_CONTROLLERS_20056.jpg"
"NEOSOLARCONTROLLERS20057","controladores","",,,1200,,,"Estimated","estimated",0.4,"https://cdn.yellosolarhub.com/products/controladores/NEOSOLAR_CONTROLLERS_20057.jpg"
"NEOSOLARCONTROLLERS20079","controladores","",,,1200,,,"Estimated","estimated",0.4,"https://cdn.yellosolarhub.com/products/controladores/NEOSOLAR_CONTROLLERS_20079.jpg"
"NEOSOLARCONTROLLERS20080","controladores","",,,1200,,,"Estimated","estimated",0.4,"https://cdn.yellosolarhub.com/products/controladores/NEOSOLAR_CONTROLLERS_20080.jpg"
"NEOSOLARCONTROLLERS20082","controladores","",,,1200,,,"Estimated","estimated",0.4,"https://cdn.yellosolarhub.com/products/controladores/NEOSOLAR_CONTROLLERS_20082.jpg"
"NEOSOLARCONTROLLERS20084","controladores","",,,1200,,,"Estimated","estimated",0.4,"https://cdn.yellosolarhub.com/products/controladores/NEOSOLAR_CONTROLLERS_20084.jpg"
"NEOSOLARCONTROLLERS20085","controladores","",,,1200,,,"Estimated","estimated",0.4,"https://cdn.yellosolarhub.com/products/controladores/NEOSOLAR_CONTROLLERS_20085.jpg"
"NEOSOLARCONTROLLERS20105","controladores","",,,1200,,,"Estimated","estimated",0.4,"https://cdn.yellosolarhub.com/products/controladores/NEOSOLAR_CONTROLLERS_20105.jpg"
"NEOSOLARCONTROLLERS20106","controladores","",,,1200,,,"Estimated","estimated",0.4,"https://cdn.yellosolarhub.com/products/controladores/NEOSOLAR_CONTROLLERS_20106.jpg"
"NEOSOLARCONTROLLERS20107","controladores","",,,1200,,,"Estimated","estimated",0.4,"https://cdn.yellosolarhub.com/products/controladores/NEOSOLAR_CONTROLLERS_20107.jpg"
"NEOSOLARCONTROLLERS20109","controladores","",,,1200,,,"Estimated","estimated",0.4,"https://cdn.yellosolarhub.com/products/controladores/NEOSOLAR_CONTROLLERS_20109.jpg"
"NEOSOLARCONTROLLERS20110","controladores","",,,1200,,,"Estimated","estimated",0.4,"https://cdn.yellosolarhub.com/products/controladores/NEOSOLAR_CONTROLLERS_20110.jpg"
"NEOSOLARCONTROLLERS20112","controladores","",,,1200,,,"Estimated","estimated",0.4,"https://cdn.yellosolarhub.com/products/controladores/NEOSOLAR_CONTROLLERS_20112.jpg"
"NEOSOLARCONTROLLERS20114","controladores","",,,1200,,,"Estimated","estimated",0.4,"https://cdn.yellosolarhub.com/products/controladores/NEOSOLAR_CONTROLLERS_20114.jpg"
"NEOSOLARCONTROLLERS20126","controladores","",,,1200,,,"Estimated","estimated",0.4,"https://cdn.yellosolarhub.com/products/controladores/neosolar_controllers_20126.jpg"
"NEOSOLARCONTROLLERS20127","controladores","",,,1200,,,"Estimated","estimated",0.4,"https://cdn.yellosolarhub.com/products/controladores/neosolar_controllers_20127.jpg"
"NEOSOLARCONTROLLERS20128","controladores","",,,1200,,,"Estimated","estimated",0.4,"https://cdn.yellosolarhub.com/products/controladores/neosolar_controllers_20128.jpg"
"NEOSOLARCONTROLLERS20131","controladores","",,,1200,,,"Estimated","estimated",0.4,"https://cdn.yellosolarhub.com/products/controladores/neosolar_controllers_20131.jpg"
"NEOSOLARCONTROLLERS20132","controladores","",,,1200,,,"Estimated","estimated",0.4,"https://cdn.yellosolarhub.com/products/controladores/neosolar_controllers_20132.jpg"
"NEOSOLARCONTROLLERS20134","controladores","",,,1200,,,"Estimated","estimated",0.4,"https://cdn.yellosolarhub.com/products/controladores/neosolar_controllers_20134.jpg"
"NEOSOLARCONTROLLERS20135","controladores","",,,1200,,,"Estimated","estimated",0.4,"https://cdn.yellosolarhub.com/products/controladores/neosolar_controllers_20135.jpg"
"NEOSOLARCONTROLLERS20137","controladores","",,,1200,,,"Estimated","estimated",0.4,"https://cdn.yellosolarhub.com/products/controladores/neosolar_controllers_20137.jpg"
"NEOSOLARCONTROLLERS20139","controladores","",,,1200,,,"Estimated","estimated",0.4,"https://cdn.yellosolarhub.com/products/controladores/neosolar_controllers_20139.jpg"
"NEOSOLARCONTROLLERS20142","controladores","",,,1200,,,"Estimated","estimated",0.4,"https://cdn.yellosolarhub.com/products/controladores/neosolar_controllers_20142.jpg"
"NEOSOLARCONTROLLERS20356","controladores","",,,1200,,,"Estimated","estimated",0.4,"https://cdn.yellosolarhub.com/products/controladores/NEOSOLAR_CONTROLLERS_20356.jpg"
"NEOSOLARCONTROLLERS20357","controladores","",,,1200,,,"Estimated","estimated",0.4,"https://cdn.yellosolarhub.com/products/controladores/NEOSOLAR_CONTROLLERS_20357.jpg"
"NEOSOLARCONTROLLERS20358","controladores","",,,1200,,,"Estimated","estimated",0.4,"https://cdn.yellosolarhub.com/products/controladores/NEOSOLAR_CONTROLLERS_20358.jpg"
"NEOSOLARCONTROLLERS20359","controladores","",,,1200,,,"Estimated","estimated",0.4,"https://cdn.yellosolarhub.com/products/controladores/NEOSOLAR_CONTROLLERS_20359.jpg"
"NEOSOLARCONTROLLERS20392","controladores","",,,1200,,,"Estimated","estimated",0.4,"https://cdn.yellosolarhub.com/products/controladores/NEOSOLAR_CONTROLLERS_20392.jpg"
"NEOSOLARCONTROLLERS20781","controladores","",,,1200,,,"Estimated","estimated",0.4,"https://cdn.yellosolarhub.com/products/controladores/NEOSOLAR_CONTROLLERS_20781.jpg"
"NEOSOLARCONTROLLERS21564","controladores","",,,1200,,,"Estimated","estimated",0.4,"https://cdn.yellosolarhub.com/products/controladores/NEOSOLAR_CONTROLLERS_21564.jpg"
"NEOSOLARCONTROLLERS21565","controladores","",,,1200,,,"Estimated","estimated",0.4,"https://cdn.yellosolarhub.com/products/controladores/NEOSOLAR_CONTROLLERS_21565.jpg"
"NEOSOLARCONTROLLERS21708","controladores","",,,1200,,,"Estimated","estimated",0.4,"https://cdn.yellosolarhub.com/products/controladores/NEOSOLAR_CONTROLLERS_21708.jpg"
"NEOSOLARCONTROLLERS21709","controladores","",,,1200,,,"Estimated","estimated",0.4,"https://cdn.yellosolarhub.com/products/controladores/NEOSOLAR_CONTROLLERS_21709.jpg"
"NEOSOLARCONTROLLERS21998","controladores","",,,1200,,,"Estimated","estimated",0.4,"https://cdn.yellosolarhub.com/products/controladores/neosolar_controllers_21998.jpg"
"NEOSOLARCONTROLLERS22397","controladores","",,,1200,,,"Estimated","estimated",0.4,"https://cdn.yellosolarhub.com/products/controladores/NEOSOLAR_CONTROLLERS_22397.jpg"
"NEOSOLARCONTROLLERS22724","controladores","",,,1200,,,"Estimated","estimated",0.4,"https://cdn.yellosolarhub.com/products/controladores/NEOSOLAR_CONTROLLERS_22724.jpg"
"NEOSOLARCONTROLLERS22725","controladores","",,,1200,,,"Estimated","estimated",0.4,"https://cdn.yellosolarhub.com/products/controladores/NEOSOLAR_CONTROLLERS_22725.jpg"
"NEOSOLARCONTROLLERS23052","controladores","",,,1200,,,"Estimated","estimated",0.4,"https://cdn.yellosolarhub.com/products/controladores/neosolar_controllers_23052.jpg"
"NEOSOLARCONTROLLERS23053","controladores","",,,1200,,,"Estimated","estimated",0.4,"https://cdn.yellosolarhub.com/products/controladores/neosolar_controllers_23053.jpg"
"NEOSOLARCONTROLLERS23054","controladores","",,,1200,,,"Estimated","estimated",0.4,"https://cdn.yellosolarhub.com/products/controladores/neosolar_controllers_23054.jpg"
"NEOSOLARCONTROLLERS23055","controladores","",,,1200,,,"Estimated","estimated",0.4,"https://cdn.yellosolarhub.com/products/controladores/neosolar_controllers_23055.jpg"
"NEOSOLARCONTROLLERS23071","controladores","",,,1200,,,"Estimated","estimated",0.4,"https://cdn.yellosolarhub.com/products/controladores/NEOSOLAR_CONTROLLERS_23071.jpg"
"NEOSOLARCONTROLLERS23072","controladores","",,,1200,,,"Estimated","estimated",0.4,"https://cdn.yellosolarhub.com/products/controladores/NEOSOLAR_CONTROLLERS_23072.jpg"
"NEOSOLARCONTROLLERS23354","controladores","",,,1200,,,"Estimated","estimated",0.4,"https://cdn.yellosolarhub.com/products/controladores/NEOSOLAR_CONTROLLERS_23354.jpg"
"NEOSOLARCONTROLLERS23355","controladores","",,,1200,,,"Estimated","estimated",0.4,"https://cdn.yellosolarhub.com/products/controladores/NEOSOLAR_CONTROLLERS_23355.jpg"
"NEOSOLARCONTROLLERS23500","controladores","",,,1200,,,"Estimated","estimated",0.4,"https://cdn.yellosolarhub.com/products/controladores/NEOSOLAR_CONTROLLERS_23500.jpg"
"NEOSOLARCONTROLLERS24166","controladores","",,,1200,,,"Estimated","estimated",0.4,"https://cdn.yellosolarhub.com/products/controladores/NEOSOLAR_CONTROLLERS_24166.jpg"
"NEOSOLARCONTROLLERS24241","controladores","",,,1200,,,"Estimated","estimated",0.4,"https://cdn.yellosolarhub.com/products/controladores/NEOSOLAR_CONTROLLERS_24241.jpg"
"NEOSOLARCONTROLLERS24245","controladores","",,,1200,,,"Estimated","estimated",0.4,"https://cdn.yellosolarhub.com/products/controladores/NEOSOLAR_CONTROLLERS_24245.jpg"
"NEOSOLARCONTROLLERS24349","controladores","",,,1200,,,"Estimated","estimated",0.4,"https://cdn.yellosolarhub.com/products/controladores/NEOSOLAR_CONTROLLERS_24349.jpg"
"NEOSOLARCONTROLLERS24798","controladores","",,,1200,,,"Estimated","estimated",0.4,"https://cdn.yellosolarhub.com/products/controladores/NEOSOLAR_CONTROLLERS_24798.jpg"
"ENPHASEIQRELAYLLBR","ENPHASE","ENPHASE",,,1200,,,"Estimated","estimated",0.4,"https://cdn.yellosolarhub.com/products/ENPHASE/ENPHASE-IQ-RELAY-LL-BR.png"
"ENPHASEIQB","ENPHASE","ENPHASE",,,1200,,,"Estimated","estimated",0.4,"https://cdn.yellosolarhub.com/products/ENPHASE/Enphase-IQB.png"
"NEOSOLARSTATIONS20077","estacoes","",,,1200,,,"Estimated","estimated",0.4,"https://cdn.yellosolarhub.com/products/estacoes/NEOSOLAR_STATIONS_20077.jpg"
"NEOSOLARSTATIONS20078","estacoes","",,,1200,,,"Estimated","estimated",0.4,"https://cdn.yellosolarhub.com/products/estacoes/NEOSOLAR_STATIONS_20078.jpg"
"NEOSOLARSTATIONS20121","estacoes","",,,1200,,,"Estimated","estimated",0.4,"https://cdn.yellosolarhub.com/products/estacoes/NEOSOLAR_STATIONS_20121.jpg"
"NEOSOLARSTATIONS20122","estacoes","",,,1200,,,"Estimated","estimated",0.4,"https://cdn.yellosolarhub.com/products/estacoes/NEOSOLAR_STATIONS_20122.jpg"
"NEOSOLARSTATIONS20286","estacoes","",,,1200,,,"Estimated","estimated",0.4,"https://cdn.yellosolarhub.com/products/estacoes/NEOSOLAR_STATIONS_20286.jpg"
"NEOSOLARSTATIONS20369","estacoes","",,,1200,,,"Estimated","estimated",0.4,"https://cdn.yellosolarhub.com/products/estacoes/NEOSOLAR_STATIONS_20369.jpg"
"NEOSOLARSTATIONS20371","estacoes","",,,1200,,,"Estimated","estimated",0.4,"https://cdn.yellosolarhub.com/products/estacoes/NEOSOLAR_STATIONS_20371.jpg"
"NEOSOLARSTATIONS20789","estacoes","",,,1200,,,"Estimated","estimated",0.4,"https://cdn.yellosolarhub.com/products/estacoes/NEOSOLAR_STATIONS_20789.jpg"
"NEOSOLARSTATIONS20925","estacoes","",,,1200,,,"Estimated","estimated",0.4,"https://cdn.yellosolarhub.com/products/estacoes/NEOSOLAR_STATIONS_20925.jpg"
"NEOSOLARSTATIONS21769","estacoes","",,,1200,,,"Estimated","estimated",0.4,"https://cdn.yellosolarhub.com/products/estacoes/NEOSOLAR_STATIONS_21769.jpg"
"NEOSOLARSTATIONS21770","estacoes","",,,1200,,,"Estimated","estimated",0.4,"https://cdn.yellosolarhub.com/products/estacoes/NEOSOLAR_STATIONS_21770.jpg"
"NEOSOLARSTATIONS21771","estacoes","",,,1200,,,"Estimated","estimated",0.4,"https://cdn.yellosolarhub.com/products/estacoes/NEOSOLAR_STATIONS_21771.jpg"
"NEOSOLARSTATIONS21772","estacoes","",,,1200,,,"Estimated","estimated",0.4,"https://cdn.yellosolarhub.com/products/estacoes/NEOSOLAR_STATIONS_21772.jpg"
"NEOSOLARSTATIONS23503","estacoes","",,,1200,,,"Estimated","estimated",0.4,"https://cdn.yellosolarhub.com/products/estacoes/NEOSOLAR_STATIONS_23503.jpg"
"NEOSOLARSTATIONS23504","estacoes","",,,1200,,,"Estimated","estimated",0.4,"https://cdn.yellosolarhub.com/products/estacoes/NEOSOLAR_STATIONS_23504.jpg"
"NEOSOLARSTATIONS23505","estacoes","",,,1200,,,"Estimated","estimated",0.4,"https://cdn.yellosolarhub.com/products/estacoes/NEOSOLAR_STATIONS_23505.jpg"
"NEOSOLARSTATIONS23780","estacoes","",,,1200,,,"Estimated","estimated",0.4,"https://cdn.yellosolarhub.com/products/estacoes/NEOSOLAR_STATIONS_23780.jpg"
"NEOSOLARSTATIONS25205","estacoes","",,,1200,,,"Estimated","estimated",0.4,"https://cdn.yellosolarhub.com/products/estacoes/NEOSOLAR_STATIONS_25205.jpg"
"NEOSOLARSTATIONS27352","estacoes","",,,1200,,,"Estimated","estimated",0.4,"https://cdn.yellosolarhub.com/products/estacoes/NEOSOLAR_STATIONS_27352.jpg"
"IIN00021","FORTLEV","",,,1200,,,"Estimated","estimated",0.4,"https://cdn.yellosolarhub.com/products/FORTLEV/IIN00021.png"
"IIN00033","FORTLEV","",,,1200,,,"Estimated","estimated",0.4,"https://cdn.yellosolarhub.com/products/FORTLEV/IIN00033.png"
"IIN00034","FORTLEV","",,,1200,,,"Estimated","estimated",0.4,"https://cdn.yellosolarhub.com/products/FORTLEV/IIN00034.png"
"IIN00040","FORTLEV","",,,1200,,,"Estimated","estimated",0.4,"https://cdn.yellosolarhub.com/products/FORTLEV/IIN00040.png"
"IIN00071","FORTLEV","",,,1200,,,"Estimated","estimated",0.4,"https://cdn.yellosolarhub.com/products/FORTLEV/IIN00071.png"
"IIN00079","FORTLEV","",,,1200,,,"Estimated","estimated",0.4,"https://cdn.yellosolarhub.com/products/FORTLEV/IIN00079.png"
"IIN00081","FORTLEV","",,,1200,,,"Estimated","estimated",0.4,"https://cdn.yellosolarhub.com/products/FORTLEV/IIN00081.png"
"IIN00082","FORTLEV","",,,1200,,,"Estimated","estimated",0.4,"https://cdn.yellosolarhub.com/products/FORTLEV/IIN00082.png"
"IIN00083","FORTLEV","",,,1200,,,"Estimated","estimated",0.4,"https://cdn.yellosolarhub.com/products/FORTLEV/IIN00083.png"
"IIN00110","FORTLEV","",,,1200,,,"Estimated","estimated",0.4,"https://cdn.yellosolarhub.com/products/FORTLEV/IIN00110.png"
"IIN00126","FORTLEV","",,,1200,,,"Estimated","estimated",0.4,"https://cdn.yellosolarhub.com/products/FORTLEV/IIN00126.png"
"IIN00144","FORTLEV","",,,1200,,,"Estimated","estimated",0.4,"https://cdn.yellosolarhub.com/products/FORTLEV/IIN00144.png"
"IIN00148","FORTLEV","",,,1200,,,"Estimated","estimated",0.4,"https://cdn.yellosolarhub.com/products/FORTLEV/IIN00148.png"
"IIN00158","FORTLEV","",,,1200,,,"Estimated","estimated",0.4,"https://cdn.yellosolarhub.com/products/FORTLEV/IIN00158.png"
"IIN00162","FORTLEV","",,,1200,,,"Estimated","estimated",0.4,"https://cdn.yellosolarhub.com/products/FORTLEV/IIN00162.png"
"IIN00168","FORTLEV","",,,1200,,,"Estimated","estimated",0.4,"https://cdn.yellosolarhub.com/products/FORTLEV/IIN00168.png"
"IIN00169","FORTLEV","",,,1200,,,"Estimated","estimated",0.4,"https://cdn.yellosolarhub.com/products/FORTLEV/IIN00169.png"
"IIN00170","FORTLEV","",,,1200,,,"Estimated","estimated",0.4,"https://cdn.yellosolarhub.com/products/FORTLEV/IIN00170.png"
"IIN00174","FORTLEV","",,,1200,,,"Estimated","estimated",0.4,"https://cdn.yellosolarhub.com/products/FORTLEV/IIN00174.png"
"IIN00180","FORTLEV","",,,1200,,,"Estimated","estimated",0.4,"https://cdn.yellosolarhub.com/products/FORTLEV/IIN00180.png"
"IIN00182","FORTLEV","",,,1200,,,"Estimated","estimated",0.4,"https://cdn.yellosolarhub.com/products/FORTLEV/IIN00182.png"
"IIN00184","FORTLEV","",,,1200,,,"Estimated","estimated",0.4,"https://cdn.yellosolarhub.com/products/FORTLEV/IIN00184.png"
"IIN00185","FORTLEV","",,,1200,,,"Estimated","estimated",0.4,"https://cdn.yellosolarhub.com/products/FORTLEV/IIN00185.png"
"IIN00188","FORTLEV","",,,1200,,,"Estimated","estimated",0.4,"https://cdn.yellosolarhub.com/products/FORTLEV/IIN00188.png"
"IIN00189","FORTLEV","",,,1200,,,"Estimated","estimated",0.4,"https://cdn.yellosolarhub.com/products/FORTLEV/IIN00189.png"
"IIN00190","FORTLEV","",,,1200,,,"Estimated","estimated",0.4,"https://cdn.yellosolarhub.com/products/FORTLEV/IIN00190.png"
"IIN00193","FORTLEV","",,,1200,,,"Estimated","estimated",0.4,"https://cdn.yellosolarhub.com/products/FORTLEV/IIN00193.png"
"IIN00194","FORTLEV","",,,1200,,,"Estimated","estimated",0.4,"https://cdn.yellosolarhub.com/products/FORTLEV/IIN00194.png"
"IIN00195","FORTLEV","",,,1200,,,"Estimated","estimated",0.4,"https://cdn.yellosolarhub.com/products/FORTLEV/IIN00195.png"
"IIN00196","FORTLEV","",,,1200,,,"Estimated","estimated",0.4,"https://cdn.yellosolarhub.com/products/FORTLEV/IIN00196.png"
"IIN00210","FORTLEV","",,,1200,,,"Estimated","estimated",0.4,"https://cdn.yellosolarhub.com/products/FORTLEV/IIN00210.png"
"IIN00211","FORTLEV","",,,1200,,,"Estimated","estimated",0.4,"https://cdn.yellosolarhub.com/products/FORTLEV/IIN00211.png"
"IIN00212","FORTLEV","",,,1200,,,"Estimated","estimated",0.4,"https://cdn.yellosolarhub.com/products/FORTLEV/IIN00212.png"
"IIN00214","FORTLEV","",,,1200,,,"Estimated","estimated",0.4,"https://cdn.yellosolarhub.com/products/FORTLEV/IIN00214.png"
"IIN00215","FORTLEV","",,,1200,,,"Estimated","estimated",0.4,"https://cdn.yellosolarhub.com/products/FORTLEV/IIN00215.png"
"IIN00216","FORTLEV","",,,1200,,,"Estimated","estimated",0.4,"https://cdn.yellosolarhub.com/products/FORTLEV/IIN00216.png"
"IIN00217","FORTLEV","",,,1200,,,"Estimated","estimated",0.4,"https://cdn.yellosolarhub.com/products/FORTLEV/IIN00217.png"
"IIN00218","FORTLEV","",,,1200,,,"Estimated","estimated",0.4,"https://cdn.yellosolarhub.com/products/FORTLEV/IIN00218.png"
"IIN00221","FORTLEV","",,,1200,,,"Estimated","estimated",0.4,"https://cdn.yellosolarhub.com/products/FORTLEV/IIN00221.png"
"IIN00224","FORTLEV","",,,1200,,,"Estimated","estimated",0.4,"https://cdn.yellosolarhub.com/products/FORTLEV/IIN00224.png"
"IIN00225","FORTLEV","",,,1200,,,"Estimated","estimated",0.4,"https://cdn.yellosolarhub.com/products/FORTLEV/IIN00225.png"
"IIN00230","FORTLEV","",,,1200,,,"Estimated","estimated",0.4,"https://cdn.yellosolarhub.com/products/FORTLEV/IIN00230.png"
"IIN00231","FORTLEV","",,,1200,,,"Estimated","estimated",0.4,"https://cdn.yellosolarhub.com/products/FORTLEV/IIN00231.png"
"IIN00235","FORTLEV","",,,1200,,,"Estimated","estimated",0.4,"https://cdn.yellosolarhub.com/products/FORTLEV/IIN00235.png"
"IIN00236","FORTLEV","",,,1200,,,"Estimated","estimated",0.4,"https://cdn.yellosolarhub.com/products/FORTLEV/IIN00236.png"
"IIN00237","FORTLEV","",,,1200,,,"Estimated","estimated",0.4,"https://cdn.yellosolarhub.com/products/FORTLEV/IIN00237.png"
"IIN00238","FORTLEV","",,,1200,,,"Estimated","estimated",0.4,"https://cdn.yellosolarhub.com/products/FORTLEV/IIN00238.png"
"IIN00239","FORTLEV","",,,1200,,,"Estimated","estimated",0.4,"https://cdn.yellosolarhub.com/products/FORTLEV/IIN00239.png"
"IIN00241","FORTLEV","",,,1200,,,"Estimated","estimated",0.4,"https://cdn.yellosolarhub.com/products/FORTLEV/IIN00241.png"
"IIN00242","FORTLEV","",,,1200,,,"Estimated","estimated",0.4,"https://cdn.yellosolarhub.com/products/FORTLEV/IIN00242.png"
"IIN00250","FORTLEV","",,,1200,,,"Estimated","estimated",0.4,"https://cdn.yellosolarhub.com/products/FORTLEV/IIN00250.png"
"IIN00251","FORTLEV","",,,1200,,,"Estimated","estimated",0.4,"https://cdn.yellosolarhub.com/products/FORTLEV/IIN00251.png"
"IIN00256","FORTLEV","",,,1200,,,"Estimated","estimated",0.4,"https://cdn.yellosolarhub.com/products/FORTLEV/IIN00256.png"
"IIN00257","FORTLEV","",,,1200,,,"Estimated","estimated",0.4,"https://cdn.yellosolarhub.com/products/FORTLEV/IIN00257.png"
"IIN00258","FORTLEV","",,,1200,,,"Estimated","estimated",0.4,"https://cdn.yellosolarhub.com/products/FORTLEV/IIN00258.png"
"IIN00259","FORTLEV","",,,1200,,,"Estimated","estimated",0.4,"https://cdn.yellosolarhub.com/products/FORTLEV/IIN00259.png"
"IIN00260","FORTLEV","",,,1200,,,"Estimated","estimated",0.4,"https://cdn.yellosolarhub.com/products/FORTLEV/IIN00260.png"
"IIN00261","FORTLEV","",,,1200,,,"Estimated","estimated",0.4,"https://cdn.yellosolarhub.com/products/FORTLEV/IIN00261.png"
"IIN00262","FORTLEV","",,,1200,,,"Estimated","estimated",0.4,"https://cdn.yellosolarhub.com/products/FORTLEV/IIN00262.png"
"IIN00263","FORTLEV","",,,1200,,,"Estimated","estimated",0.4,"https://cdn.yellosolarhub.com/products/FORTLEV/IIN00263.png"
"IIN00264","FORTLEV","",,,1200,,,"Estimated","estimated",0.4,"https://cdn.yellosolarhub.com/products/FORTLEV/IIN00264.png"
"IIN00265","FORTLEV","",,,1200,,,"Estimated","estimated",0.4,"https://cdn.yellosolarhub.com/products/FORTLEV/IIN00265.png"
"IIN00271","FORTLEV","",,,1200,,,"Estimated","estimated",0.4,"https://cdn.yellosolarhub.com/products/FORTLEV/IIN00271.png"
"IIN0028220NEP20RAPID20SHUTDOWN2020A20MC4V2","FORTLEV","",,,1200,,,"Estimated","estimated",0.4,"https://cdn.yellosolarhub.com/products/FORTLEV/IIN00282%20NEP%20RAPID%20SHUTDOWN%2020A%20(MC4)_v2.png"
"IIN00288","FORTLEV","",,,1200,,,"Estimated","estimated",0.4,"https://cdn.yellosolarhub.com/products/FORTLEV/IIN00288.png"
"IIN00289","FORTLEV","",,,1200,,,"Estimated","estimated",0.4,"https://cdn.yellosolarhub.com/products/FORTLEV/IIN00289.png"
"IIN00290","FORTLEV","",,,1200,,,"Estimated","estimated",0.4,"https://cdn.yellosolarhub.com/products/FORTLEV/IIN00290.png"
"IIN00291","FORTLEV","",,,1200,,,"Estimated","estimated",0.4,"https://cdn.yellosolarhub.com/products/FORTLEV/IIN00291.png"
"IIN00292","FORTLEV","",,,1200,,,"Estimated","estimated",0.4,"https://cdn.yellosolarhub.com/products/FORTLEV/IIN00292.png"
"IIN00296","FORTLEV","",,,1200,,,"Estimated","estimated",0.4,"https://cdn.yellosolarhub.com/products/FORTLEV/IIN00296.png"
"IIN00301V2","FORTLEV","",,,1200,,,"Estimated","estimated",0.4,"https://cdn.yellosolarhub.com/products/FORTLEV/IIN00301_v2.png"
"IIN00302","FORTLEV","",,,1200,,,"Estimated","estimated",0.4,"https://cdn.yellosolarhub.com/products/FORTLEV/IIN00302.png"
"IIN00303","FORTLEV","",,,1200,,,"Estimated","estimated",0.4,"https://cdn.yellosolarhub.com/products/FORTLEV/IIN00303.png"
"IIN00304","FORTLEV","",,,1200,,,"Estimated","estimated",0.4,"https://cdn.yellosolarhub.com/products/FORTLEV/IIN00304.png"
"IIN00305","FORTLEV","",,,1200,,,"Estimated","estimated",0.4,"https://cdn.yellosolarhub.com/products/FORTLEV/IIN00305.png"
"IIN00307","FORTLEV","",,,1200,,,"Estimated","estimated",0.4,"https://cdn.yellosolarhub.com/products/FORTLEV/IIN00307.png"
"IIN00308","FORTLEV","",,,1200,,,"Estimated","estimated",0.4,"https://cdn.yellosolarhub.com/products/FORTLEV/IIN00308.png"
"IIN00309","FORTLEV","",,,1200,,,"Estimated","estimated",0.4,"https://cdn.yellosolarhub.com/products/FORTLEV/IIN00309.png"
"IIN00310","FORTLEV","",,,1200,,,"Estimated","estimated",0.4,"https://cdn.yellosolarhub.com/products/FORTLEV/IIN00310.png"
"IIN00311","FORTLEV","",,,1200,,,"Estimated","estimated",0.4,"https://cdn.yellosolarhub.com/products/FORTLEV/IIN00311.png"
"IIN00312","FORTLEV","",,,1200,,,"Estimated","estimated",0.4,"https://cdn.yellosolarhub.com/products/FORTLEV/IIN00312.png"
"IIN00313","FORTLEV","",,,1200,,,"Estimated","estimated",0.4,"https://cdn.yellosolarhub.com/products/FORTLEV/IIN00313.png"
"IIN00318","FORTLEV","",,,1200,,,"Estimated","estimated",0.4,"https://cdn.yellosolarhub.com/products/FORTLEV/IIN00318.png"
"IIN00319","FORTLEV","",,,1200,,,"Estimated","estimated",0.4,"https://cdn.yellosolarhub.com/products/FORTLEV/IIN00319.png"
"IIN00325","FORTLEV","",,,1200,,,"Estimated","estimated",0.4,"https://cdn.yellosolarhub.com/products/FORTLEV/IIN00325.png"
"IIN00326","FORTLEV","",,,1200,,,"Estimated","estimated",0.4,"https://cdn.yellosolarhub.com/products/FORTLEV/IIN00326.png"
"IIN00335","FORTLEV","",,,1200,,,"Estimated","estimated",0.4,"https://cdn.yellosolarhub.com/products/FORTLEV/IIN00335.png"
"IIN00336","FORTLEV","",,,1200,,,"Estimated","estimated",0.4,"https://cdn.yellosolarhub.com/products/FORTLEV/IIN00336.png"
"IIN00337","FORTLEV","",,,1200,,,"Estimated","estimated",0.4,"https://cdn.yellosolarhub.com/products/FORTLEV/IIN00337.png"
"IIN00338","FORTLEV","",,,1200,,,"Estimated","estimated",0.4,"https://cdn.yellosolarhub.com/products/FORTLEV/IIN00338.png"
"IIN00339","FORTLEV","",,,1200,,,"Estimated","estimated",0.4,"https://cdn.yellosolarhub.com/products/FORTLEV/IIN00339.png"
"IIN00340","FORTLEV","",,,1200,,,"Estimated","estimated",0.4,"https://cdn.yellosolarhub.com/products/FORTLEV/IIN00340.png"
"IIN00341","FORTLEV","",,,1200,,,"Estimated","estimated",0.4,"https://cdn.yellosolarhub.com/products/FORTLEV/IIN00341.png"
"IIN00342201","FORTLEV","",,,1200,,,"Estimated","estimated",0.4,"https://cdn.yellosolarhub.com/products/FORTLEV/IIN00342%20(1).png"
"IIN00343","FORTLEV","",,,1200,,,"Estimated","estimated",0.4,"https://cdn.yellosolarhub.com/products/FORTLEV/IIN00343.png"
"IIN00344","FORTLEV","",,,1200,,,"Estimated","estimated",0.4,"https://cdn.yellosolarhub.com/products/FORTLEV/IIN00344.png"
"IIN00345","FORTLEV","",,,1200,,,"Estimated","estimated",0.4,"https://cdn.yellosolarhub.com/products/FORTLEV/IIN00345.png"
"IIN00347","FORTLEV","",,,1200,,,"Estimated","estimated",0.4,"https://cdn.yellosolarhub.com/products/FORTLEV/IIN00347.png"
"IIN00348","FORTLEV","",,,1200,,,"Estimated","estimated",0.4,"https://cdn.yellosolarhub.com/products/FORTLEV/IIN00348.png"
"IIN00349","FORTLEV","",,,1200,,,"Estimated","estimated",0.4,"https://cdn.yellosolarhub.com/products/FORTLEV/IIN00349.png"
"IIN00350","FORTLEV","",,,1200,,,"Estimated","estimated",0.4,"https://cdn.yellosolarhub.com/products/FORTLEV/IIN00350.png"
"IIN00352","FORTLEV","",,,1200,,,"Estimated","estimated",0.4,"https://cdn.yellosolarhub.com/products/FORTLEV/IIN00352.png"
"IIN00357","FORTLEV","",,,1200,,,"Estimated","estimated",0.4,"https://cdn.yellosolarhub.com/products/FORTLEV/IIN00357.png"
"IIN00358","FORTLEV","",,,1200,,,"Estimated","estimated",0.4,"https://cdn.yellosolarhub.com/products/FORTLEV/IIN00358.png"
"IIN00364","FORTLEV","",,,1200,,,"Estimated","estimated",0.4,"https://cdn.yellosolarhub.com/products/FORTLEV/IIN00364.png"
"IIN00365","FORTLEV","",,,1200,,,"Estimated","estimated",0.4,"https://cdn.yellosolarhub.com/products/FORTLEV/IIN00365.png"
"IIN00366","FORTLEV","",,,1200,,,"Estimated","estimated",0.4,"https://cdn.yellosolarhub.com/products/FORTLEV/IIN00366.png"
"IIN00367","FORTLEV","",,,1200,,,"Estimated","estimated",0.4,"https://cdn.yellosolarhub.com/products/FORTLEV/IIN00367.png"
"IIN00368","FORTLEV","",,,1200,,,"Estimated","estimated",0.4,"https://cdn.yellosolarhub.com/products/FORTLEV/IIN00368.png"
"IIN00369","FORTLEV","",,,1200,,,"Estimated","estimated",0.4,"https://cdn.yellosolarhub.com/products/FORTLEV/IIN00369.png"
"IIN00370","FORTLEV","",,,1200,,,"Estimated","estimated",0.4,"https://cdn.yellosolarhub.com/products/FORTLEV/IIN00370.png"
"IIN00371","FORTLEV","",,,1200,,,"Estimated","estimated",0.4,"https://cdn.yellosolarhub.com/products/FORTLEV/IIN00371.png"
"IIN00376V2","FORTLEV","",,,1200,,,"Estimated","estimated",0.4,"https://cdn.yellosolarhub.com/products/FORTLEV/IIN00376_v2.png"
"IIN00377","FORTLEV","",,,1200,,,"Estimated","estimated",0.4,"https://cdn.yellosolarhub.com/products/FORTLEV/IIN00377.png"
"IIN00378","FORTLEV","",,,1200,,,"Estimated","estimated",0.4,"https://cdn.yellosolarhub.com/products/FORTLEV/IIN00378.png"
"IIN00379","FORTLEV","",,,1200,,,"Estimated","estimated",0.4,"https://cdn.yellosolarhub.com/products/FORTLEV/IIN00379.png"
"IIN00380","FORTLEV","",,,1200,,,"Estimated","estimated",0.4,"https://cdn.yellosolarhub.com/products/FORTLEV/IIN00380.png"
"IIN00381","FORTLEV","",,,1200,,,"Estimated","estimated",0.4,"https://cdn.yellosolarhub.com/products/FORTLEV/IIN00381.png"
"IIN00382","FORTLEV","",,,1200,,,"Estimated","estimated",0.4,"https://cdn.yellosolarhub.com/products/FORTLEV/IIN00382.png"
"IIN00383","FORTLEV","",,,1200,,,"Estimated","estimated",0.4,"https://cdn.yellosolarhub.com/products/FORTLEV/IIN00383.png"
"IIN00384","FORTLEV","",,,1200,,,"Estimated","estimated",0.4,"https://cdn.yellosolarhub.com/products/FORTLEV/IIN00384.png"
"IIN00386","FORTLEV","",,,1200,,,"Estimated","estimated",0.4,"https://cdn.yellosolarhub.com/products/FORTLEV/IIN00386.png"
"IMO00093","FORTLEV","",,,1200,,,"Estimated","estimated",0.4,"https://cdn.yellosolarhub.com/products/FORTLEV/IMO00093.png"
"IMO00135","FORTLEV","",,,1200,,,"Estimated","estimated",0.4,"https://cdn.yellosolarhub.com/products/FORTLEV/IMO00135.png"
"CORRUGADO","GENERIC-COMPONENTS","",,,1200,,,"Estimated","estimated",0.4,"https://cdn.yellosolarhub.com/products/GENERIC-COMPONENTS/corrugado.png"
"DUTOCORRUGADO","GENERIC-COMPONENTS","",,,1200,,,"Estimated","estimated",0.4,"https://cdn.yellosolarhub.com/products/GENERIC-COMPONENTS/duto_corrugado.png"
"IMAGEM","GENERIC-COMPONENTS","",,,1200,,,"Estimated","estimated",0.4,"https://cdn.yellosolarhub.com/products/GENERIC-COMPONENTS/imagem.png"
"GROWATT20MIC3000TLX20220V20201MPPT","GROWATT","GROWATT",,,1200,,,"Estimated","estimated",0.4,"https://cdn.yellosolarhub.com/products/GROWATT/GROWATT%20MIC3000TL-X%20-220V%20-%201MPPT.png"
"GROWATTMIC3000TLX2220V1MPPT","GROWATT","GROWATT",,,1200,,,"Estimated","estimated",0.4,"https://cdn.yellosolarhub.com/products/GROWATT/GROWATT-MIC-3000TL-X2-220V-1MPPT.png"
"GROWATTMID40KTL3X2380V4MPPTV2","GROWATT","GROWATT",40000,,1200,,,"Estimated","estimated",0.4,"https://cdn.yellosolarhub.com/products/GROWATT/GROWATT-MID40KTL3-X2---380V---4MPPT_v2.png"
"GROWATTMIN7500TLX2220V2MPPT","GROWATT","GROWATT",,,1200,,,"Estimated","estimated",0.4,"https://cdn.yellosolarhub.com/products/GROWATT/GROWATT-MIN7500TL-X2-220V-2MPPT.png"
"GROWATTMOD15KTL3X2380V2MPPT","GROWATT","GROWATT",15000,,1200,,,"Estimated","estimated",0.4,"https://cdn.yellosolarhub.com/products/GROWATT/GROWATT-MOD15KTL3-X2-380V-2-MPPT.png"
"GROWATTNEO225","GROWATT","GROWATT",,,1200,,,"Estimated","estimated",0.4,"https://cdn.yellosolarhub.com/products/GROWATT/GROWATT-NEO-2,25.png"
"GROWATTNEO2000MX2000W220V","GROWATT","GROWATT",2000,,1200,,,"Estimated","estimated",0.4,"https://cdn.yellosolarhub.com/products/GROWATT/GROWATT-NEO-2000M-X-2000W-220V.png"
"ICV0000220CARREGADOR20VEICULAR20WALLBOX20GROWATT20THOR07ASP20THO","GROWATT","GROWATT",20,,1200,,,"Estimated","estimated",0.4,"https://cdn.yellosolarhub.com/products/GROWATT/ICV00002%20CARREGADOR%20VEICULAR%20WALLBOX%20GROWATT%20THOR07AS-P%20THO.png"
"IIN00232GROWATTMAX75KTL3XL2220V8MPPT","GROWATT","GROWATT",75000,,1200,,,"Estimated","estimated",0.4,"https://cdn.yellosolarhub.com/products/GROWATT/IIN00232-GROWATT-MAX-75KTL3-XL2-220V-8MPPT.png"
"IIN00316HUAWEISUN2000100KTLM2380V10MPPT","HUAWEI","HUAWEI",100000,,1200,,,"Estimated","estimated",0.4,"https://cdn.yellosolarhub.com/products/HUAWEI/IIN00316-HUAWEI-SUN2000-100KTL-M2-380V-10MPPT.png"
"LONGI585W","LONGI","LONGI",585,,1200,,,"Estimated","estimated",0.4,"https://cdn.yellosolarhub.com/products/LONGI/LONGI-585W.png"
"LONGI630WPV2","LONGI","LONGI",630,,1200,,,"Estimated","estimated",0.4,"https://cdn.yellosolarhub.com/products/LONGI/LONGI-630Wp_v2.png"
"CONTENTINGRESSPORTALB2BNEOSOLARCOMBR","outros","",,,1200,,,"Estimated","estimated",0.4,"https://cdn.yellosolarhub.com/products/outros/content_ingress=portalb2b.neosolar.com.br.png"
"DAHDHN72X16DGIMAGEPRODUCT559376","paineis","DAH",,,1200,,,"Estimated","estimated",0.4,"https://cdn.yellosolarhub.com/products/paineis/DAH-DHN-72X16-DG_IMAGE_PRODUCT_559376.jpeg"
"HANERSUNHJTHN21H66HTIMAGEPRODUCT573429","paineis","",,,1200,,,"Estimated","estimated",0.4,"https://cdn.yellosolarhub.com/products/paineis/HANERSUN-HJT HN21H-66HT_IMAGE_PRODUCT_573429.png"
"HANERSUNHN18N72HIMAGEPRODUCT559375","paineis","",,,1200,,,"Estimated","estimated",0.4,"https://cdn.yellosolarhub.com/products/paineis/HANERSUN-HN18N-72H_IMAGE_PRODUCT_559375.jpeg"
"IMAGEPRODUCT559375","paineis","",,,1200,,,"Estimated","estimated",0.4,"https://cdn.yellosolarhub.com/products/paineis/IMAGE_PRODUCT_559375.jpeg"
"IMAGEPRODUCT559376","paineis","",,,1200,,,"Estimated","estimated",0.4,"https://cdn.yellosolarhub.com/products/paineis/IMAGE_PRODUCT_559376.jpeg"
"IMAGEPRODUCT559380","paineis","",,,1200,,,"Estimated","estimated",0.4,"https://cdn.yellosolarhub.com/products/paineis/IMAGE_PRODUCT_559380.jpeg"
"IMAGEPRODUCT559381","paineis","",,,1200,,,"Estimated","estimated",0.4,"https://cdn.yellosolarhub.com/products/paineis/IMAGE_PRODUCT_559381.png"
"IMAGEPRODUCT573429","paineis","",,,1200,,,"Estimated","estimated",0.4,"https://cdn.yellosolarhub.com/products/paineis/IMAGE_PRODUCT_573429.png"
"MINASOLMS545IMAGE","paineis","",,,1200,,,"Estimated","estimated",0.4,"https://cdn.yellosolarhub.com/products/paineis/MINASOL-MS-545_image.png"
"OSDA33VMHDRZIMAGEPRODUCT559381","paineis","",,,1200,,,"Estimated","estimated",0.4,"https://cdn.yellosolarhub.com/products/paineis/OSDA-33V-MHDRZ_IMAGE_PRODUCT_559381.png"
"SKU21556321556317587472203114354","paineis","",,,1200,,,"Estimated","estimated",0.4,"https://cdn.yellosolarhub.com/products/paineis/sku_215563_215563-17587472203114354.jpeg"
"SKU280440280440117460389183888406","paineis","",,,1200,,,"Estimated","estimated",0.4,"https://cdn.yellosolarhub.com/products/paineis/sku_280440_280440_1-17460389183888406.jpeg"
"SKU28798928798917459120523305528","paineis","",,,1200,,,"Estimated","estimated",0.4,"https://cdn.yellosolarhub.com/products/paineis/sku_287989_287989-17459120523305528.jpeg"
"SKU289244289244117460389447419270","paineis","",,,1200,,,"Estimated","estimated",0.4,"https://cdn.yellosolarhub.com/products/paineis/sku_289244_289244_1-17460389447419270.jpeg"
"SKU29180829180817458456460969248","paineis","",,,1200,,,"Estimated","estimated",0.4,"https://cdn.yellosolarhub.com/products/paineis/sku_291808_291808-17458456460969248.jpeg"
"SKU29958629958617471562636241354","paineis","",,,1200,,,"Estimated","estimated",0.4,"https://cdn.yellosolarhub.com/products/paineis/sku_299586_299586-17471562636241354.jpeg"
"SKU29958929958917471414377421707","paineis","",,,1200,,,"Estimated","estimated",0.4,"https://cdn.yellosolarhub.com/products/paineis/sku_299589_299589-17471414377421707.jpeg"
"SKU30058530058517476745737964615","paineis","",,,1200,,,"Estimated","estimated",0.4,"https://cdn.yellosolarhub.com/products/paineis/sku_300585_300585-17476745737964615.jpeg"
"SKU30457430457417516416575985705","paineis","",,,1200,,,"Estimated","estimated",0.4,"https://cdn.yellosolarhub.com/products/paineis/sku_304574_304574-17516416575985705.jpeg"
"NEOSOLARPOSTS23327","postes","",,,1200,,,"Estimated","estimated",0.4,"https://cdn.yellosolarhub.com/products/postes/NEOSOLAR_POSTS_23327.jpg"
"NEOSOLARPOSTS23586","postes","",,,1200,,,"Estimated","estimated",0.4,"https://cdn.yellosolarhub.com/products/postes/NEOSOLAR_POSTS_23586.jpg"
"NEOSOLARPOSTS23587","postes","",,,1200,,,"Estimated","estimated",0.4,"https://cdn.yellosolarhub.com/products/postes/NEOSOLAR_POSTS_23587.jpg"
"NEOSOLARPOSTS24170","postes","",,,1200,,,"Estimated","estimated",0.4,"https://cdn.yellosolarhub.com/products/postes/neosolar_posts_24170.jpg"
"NEOSOLARPOSTS24171","postes","",,,1200,,,"Estimated","estimated",0.4,"https://cdn.yellosolarhub.com/products/postes/neosolar_posts_24171.jpg"
"NEOSOLARPOSTS24172","postes","",,,1200,,,"Estimated","estimated",0.4,"https://cdn.yellosolarhub.com/products/postes/neosolar_posts_24172.jpg"
"NEOSOLARPOSTS24173","postes","",,,1200,,,"Estimated","estimated",0.4,"https://cdn.yellosolarhub.com/products/postes/neosolar_posts_24173.jpg"
"NEOSOLARPOSTS24174","postes","",,,1200,,,"Estimated","estimated",0.4,"https://cdn.yellosolarhub.com/products/postes/neosolar_posts_24174.jpg"
"NEOSOLARPOSTS24175","postes","",,,1200,,,"Estimated","estimated",0.4,"https://cdn.yellosolarhub.com/products/postes/neosolar_posts_24175.jpg"
"RISEN700W","RISEN","RISEN",700,,1200,,,"Estimated","estimated",0.4,"https://cdn.yellosolarhub.com/products/RISEN/RISEN-700W.png"
"SKU12298012298017544826815777105","stringboxes","",,,1200,,,"Estimated","estimated",0.4,"https://cdn.yellosolarhub.com/products/stringboxes/sku_122980_122980-17544826815777105.jpeg"
"SKU13598513598517544833546238906","stringboxes","",,,1200,,,"Estimated","estimated",0.4,"https://cdn.yellosolarhub.com/products/stringboxes/sku_135985_135985-17544833546238906.jpeg"
"SKU19176819176817460425002977694","stringboxes","",,,1200,,,"Estimated","estimated",0.4,"https://cdn.yellosolarhub.com/products/stringboxes/sku_191768_191768-17460425002977694.jpeg"
"SKU19176919176917485312150104210","stringboxes","",,,1200,,,"Estimated","estimated",0.4,"https://cdn.yellosolarhub.com/products/stringboxes/sku_191769_191769-17485312150104210.jpeg"
"SKU19206819206817459124742242879","stringboxes","",,,1200,,,"Estimated","estimated",0.4,"https://cdn.yellosolarhub.com/products/stringboxes/sku_192068_192068-17459124742242879.jpeg"
"SKU19934719934717460425385827504","stringboxes","",,,1200,,,"Estimated","estimated",0.4,"https://cdn.yellosolarhub.com/products/stringboxes/sku_199347_199347-17460425385827504.jpeg"
"SKU19934819934817458717534237239","stringboxes","",,,1200,,,"Estimated","estimated",0.4,"https://cdn.yellosolarhub.com/products/stringboxes/sku_199348_199348-17458717534237239.jpeg"
"SKU19935119935117459269345762408","stringboxes","",,,1200,,,"Estimated","estimated",0.4,"https://cdn.yellosolarhub.com/products/stringboxes/sku_199351_199351-17459269345762408.jpeg"
"SKU210836210836117458977870704374","stringboxes","",,,1200,,,"Estimated","estimated",0.4,"https://cdn.yellosolarhub.com/products/stringboxes/sku_210836_210836_1-17458977870704374.jpeg"
"SKU31166831166817458944783606561","stringboxes","",,,1200,,,"Estimated","estimated",0.4,"https://cdn.yellosolarhub.com/products/stringboxes/sku_311668_311668-17458944783606561.jpeg"
"SKU327540327540117514830300259600","stringboxes","",,,1200,,,"Estimated","estimated",0.4,"https://cdn.yellosolarhub.com/products/stringboxes/sku_327540_327540_1-17514830300259600.jpeg"
"SKU327541327541117514904188633219","stringboxes","",,,1200,,,"Estimated","estimated",0.4,"https://cdn.yellosolarhub.com/products/stringboxes/sku_327541_327541_1-17514904188633219.jpeg"
"SKU375553755517545438599901052","stringboxes","",,,1200,,,"Estimated","estimated",0.4,"https://cdn.yellosolarhub.com/products/stringboxes/sku_37555_37555-17545438599901052.jpeg"
"SUNGROW20SG12RT2020380V20202MPPT","SUNGROW","SUNGROW",,,1200,,,"Estimated","estimated",0.4,"https://cdn.yellosolarhub.com/products/SUNGROW/SUNGROW%20SG12RT%20-%20380V%20-%202MPPT.png"
"SUNGROWSG15RTP2AFCI380V2MPPT201","SUNGROW","SUNGROW",,,1200,,,"Estimated","estimated",0.4,"https://cdn.yellosolarhub.com/products/SUNGROW/SUNGROW-SG15RT-P2-(AFCI)---380V---2MPPT%201.png"
"SUNGROWSG20RTP2AFCI380V2MPPT","SUNGROW","SUNGROW",,,1200,,,"Estimated","estimated",0.4,"https://cdn.yellosolarhub.com/products/SUNGROW/SUNGROW-SG20RT-P2-(AFCI)-380V-2MPPT.png"
"SUNGROWSG30RS220V1MPPT","SUNGROW","SUNGROW",,,1200,,,"Estimated","estimated",0.4,"https://cdn.yellosolarhub.com/products/SUNGROW/SUNGROW-SG3.0RS-220V-1MPPT.png"
"SUNGROWSG40RS220V2MPPT","SUNGROW","SUNGROW",,,1200,,,"Estimated","estimated",0.4,"https://cdn.yellosolarhub.com/products/SUNGROW/SUNGROW-SG4.0RS-220V-2MPPT.png"
"SUNGROWSG50RS220V2MPPT","SUNGROW","SUNGROW",,,1200,,,"Estimated","estimated",0.4,"https://cdn.yellosolarhub.com/products/SUNGROW/SUNGROW-SG5.0RS-220V-2MPPT.png"
"SUNGROWSG75CXLV","SUNGROW","SUNGROW",,,1200,,,"Estimated","estimated",0.4,"https://cdn.yellosolarhub.com/products/SUNGROW/SUNGROW-SG75CX-LV.png"
"SUNGROWSG90RS220V3MPPT","SUNGROW","SUNGROW",,,1200,,,"Estimated","estimated",0.4,"https://cdn.yellosolarhub.com/products/SUNGROW/SUNGROW-SG9.0RS-220V-3MPPT.png"
"CAIXA20DE20PASSAGEM","UNKNOWN-MANUFACTURER","",,,1200,,,"Estimated","estimated",0.4,"https://cdn.yellosolarhub.com/products/UNKNOWN-MANUFACTURER/caixa%20de%20passagem.png"
"DISPOSITIVODEDESCONEXAOIQRELAYLNBR","UNKNOWN-MANUFACTURER","",,,1200,,,"Estimated","estimated",0.4,"https://cdn.yellosolarhub.com/products/UNKNOWN-MANUFACTURER/DISPOSITIVO-DE-DESCONEXAO-IQ-RELAY-LN-BR.png"
"IBT00001","UNKNOWN-MANUFACTURER","",,,1200,,,"Estimated","estimated",0.4,"https://cdn.yellosolarhub.com/products/UNKNOWN-MANUFACTURER/IBT00001.png"
"IBT00002","UNKNOWN-MANUFACTURER","",,,1200,,,"Estimated","estimated",0.4,"https://cdn.yellosolarhub.com/products/UNKNOWN-MANUFACTURER/IBT00002.png"
"IBT00003","UNKNOWN-MANUFACTURER","",,,1200,,,"Estimated","estimated",0.4,"https://cdn.yellosolarhub.com/products/UNKNOWN-MANUFACTURER/IBT00003.png"
"IBT00004","UNKNOWN-MANUFACTURER","",,,1200,,,"Estimated","estimated",0.4,"https://cdn.yellosolarhub.com/products/UNKNOWN-MANUFACTURER/IBT00004.png"
"ICA00008","UNKNOWN-MANUFACTURER","",,,1200,,,"Estimated","estimated",0.4,"https://cdn.yellosolarhub.com/products/UNKNOWN-MANUFACTURER/ICA00008.png"
"ICA00009","UNKNOWN-MANUFACTURER","",,,1200,,,"Estimated","estimated",0.4,"https://cdn.yellosolarhub.com/products/UNKNOWN-MANUFACTURER/ICA00009.png"
"ICA00010","UNKNOWN-MANUFACTURER","",,,1200,,,"Estimated","estimated",0.4,"https://cdn.yellosolarhub.com/products/UNKNOWN-MANUFACTURER/ICA00010.png"
"ICA00011","UNKNOWN-MANUFACTURER","",,,1200,,,"Estimated","estimated",0.4,"https://cdn.yellosolarhub.com/products/UNKNOWN-MANUFACTURER/ICA00011.png"
"ICO00001","UNKNOWN-MANUFACTURER","",,,1200,,,"Estimated","estimated",0.4,"https://cdn.yellosolarhub.com/products/UNKNOWN-MANUFACTURER/ICO00001.png"
"ICON318X647","UNKNOWN-MANUFACTURER","",,,1200,,,"Estimated","estimated",0.4,"https://cdn.yellosolarhub.com/products/UNKNOWN-MANUFACTURER/icon-318x647.png"
"ICV0000320CARREGADOR20VEICULAR20FOXESS20A7300P1E220207320KW","UNKNOWN-MANUFACTURER","FOXESS",20000,,1200,,,"Estimated","estimated",0.4,"https://cdn.yellosolarhub.com/products/UNKNOWN-MANUFACTURER/ICV00003%20CARREGADOR%20VEICULAR%20FOXESS%20A7300P1-E-2%20-%207,3%20KW.png"
"ICV0000420CARREGADOR20VEICULAR20FOXESS20A022KP1E222KW","UNKNOWN-MANUFACTURER","FOXESS",22000,,1200,,,"Estimated","estimated",0.4,"https://cdn.yellosolarhub.com/products/UNKNOWN-MANUFACTURER/ICV00004%20CARREGADOR%20VEICULAR%20FOXESS%20A022KP1-E-2-22KW.png"
"IEF00009","UNKNOWN-MANUFACTURER","",,,1200,,,"Estimated","estimated",0.4,"https://cdn.yellosolarhub.com/products/UNKNOWN-MANUFACTURER/IEF00009.png"
"IEF00016","UNKNOWN-MANUFACTURER","",,,1200,,,"Estimated","estimated",0.4,"https://cdn.yellosolarhub.com/products/UNKNOWN-MANUFACTURER/IEF00016.png"
"IEF00023","UNKNOWN-MANUFACTURER","",,,1200,,,"Estimated","estimated",0.4,"https://cdn.yellosolarhub.com/products/UNKNOWN-MANUFACTURER/IEF00023.png"
"IEF00040","UNKNOWN-MANUFACTURER","",,,1200,,,"Estimated","estimated",0.4,"https://cdn.yellosolarhub.com/products/UNKNOWN-MANUFACTURER/IEF00040.png"
"IEF00044","UNKNOWN-MANUFACTURER","",,,1200,,,"Estimated","estimated",0.4,"https://cdn.yellosolarhub.com/products/UNKNOWN-MANUFACTURER/IEF00044.png"
"IEF00045","UNKNOWN-MANUFACTURER","",,,1200,,,"Estimated","estimated",0.4,"https://cdn.yellosolarhub.com/products/UNKNOWN-MANUFACTURER/IEF00045.png"
"IEF00073","UNKNOWN-MANUFACTURER","",,,1200,,,"Estimated","estimated",0.4,"https://cdn.yellosolarhub.com/products/UNKNOWN-MANUFACTURER/IEF00073.png"
"IEF00090","UNKNOWN-MANUFACTURER","",,,1200,,,"Estimated","estimated",0.4,"https://cdn.yellosolarhub.com/products/UNKNOWN-MANUFACTURER/IEF00090.png"
"IEF00096","UNKNOWN-MANUFACTURER","",,,1200,,,"Estimated","estimated",0.4,"https://cdn.yellosolarhub.com/products/UNKNOWN-MANUFACTURER/IEF00096.png"
"IEF00098","UNKNOWN-MANUFACTURER","",,,1200,,,"Estimated","estimated",0.4,"https://cdn.yellosolarhub.com/products/UNKNOWN-MANUFACTURER/IEF00098.png"
"IEF00100","UNKNOWN-MANUFACTURER","",,,1200,,,"Estimated","estimated",0.4,"https://cdn.yellosolarhub.com/products/UNKNOWN-MANUFACTURER/IEF00100.png"
"IEF00127","UNKNOWN-MANUFACTURER","",,,1200,,,"Estimated","estimated",0.4,"https://cdn.yellosolarhub.com/products/UNKNOWN-MANUFACTURER/IEF00127.png"
"IEF00129","UNKNOWN-MANUFACTURER","",,,1200,,,"Estimated","estimated",0.4,"https://cdn.yellosolarhub.com/products/UNKNOWN-MANUFACTURER/IEF00129.png"
"IEF00131","UNKNOWN-MANUFACTURER","",,,1200,,,"Estimated","estimated",0.4,"https://cdn.yellosolarhub.com/products/UNKNOWN-MANUFACTURER/IEF00131.png"
"IEF00132","UNKNOWN-MANUFACTURER","",,,1200,,,"Estimated","estimated",0.4,"https://cdn.yellosolarhub.com/products/UNKNOWN-MANUFACTURER/IEF00132.png"
"IEF00133","UNKNOWN-MANUFACTURER","",,,1200,,,"Estimated","estimated",0.4,"https://cdn.yellosolarhub.com/products/UNKNOWN-MANUFACTURER/IEF00133.png"
"IEF00144","UNKNOWN-MANUFACTURER","",,,1200,,,"Estimated","estimated",0.4,"https://cdn.yellosolarhub.com/products/UNKNOWN-MANUFACTURER/IEF00144.png"
"IEF00154","UNKNOWN-MANUFACTURER","",,,1200,,,"Estimated","estimated",0.4,"https://cdn.yellosolarhub.com/products/UNKNOWN-MANUFACTURER/IEF00154.png"
"IEF00163","UNKNOWN-MANUFACTURER","",,,1200,,,"Estimated","estimated",0.4,"https://cdn.yellosolarhub.com/products/UNKNOWN-MANUFACTURER/IEF00163.png"
"IEF00166","UNKNOWN-MANUFACTURER","",,,1200,,,"Estimated","estimated",0.4,"https://cdn.yellosolarhub.com/products/UNKNOWN-MANUFACTURER/IEF00166.png"
"IEF00168","UNKNOWN-MANUFACTURER","",,,1200,,,"Estimated","estimated",0.4,"https://cdn.yellosolarhub.com/products/UNKNOWN-MANUFACTURER/IEF00168.png"
"IEF00173","UNKNOWN-MANUFACTURER","",,,1200,,,"Estimated","estimated",0.4,"https://cdn.yellosolarhub.com/products/UNKNOWN-MANUFACTURER/IEF00173.png"
"IEF00203","UNKNOWN-MANUFACTURER","",,,1200,,,"Estimated","estimated",0.4,"https://cdn.yellosolarhub.com/products/UNKNOWN-MANUFACTURER/IEF00203.png"
"ILS00003","UNKNOWN-MANUFACTURER","",,,1200,,,"Estimated","estimated",0.4,"https://cdn.yellosolarhub.com/products/UNKNOWN-MANUFACTURER/ILS00003.png"
"ILS00004","UNKNOWN-MANUFACTURER","",,,1200,,,"Estimated","estimated",0.4,"https://cdn.yellosolarhub.com/products/UNKNOWN-MANUFACTURER/ILS00004.png"
"ILS00008","UNKNOWN-MANUFACTURER","",,,1200,,,"Estimated","estimated",0.4,"https://cdn.yellosolarhub.com/products/UNKNOWN-MANUFACTURER/ILS00008.png"
"ILS00009","UNKNOWN-MANUFACTURER","",,,1200,,,"Estimated","estimated",0.4,"https://cdn.yellosolarhub.com/products/UNKNOWN-MANUFACTURER/ILS00009.png"
"ILS00010","UNKNOWN-MANUFACTURER","",,,1200,,,"Estimated","estimated",0.4,"https://cdn.yellosolarhub.com/products/UNKNOWN-MANUFACTURER/ILS00010.png"
"ILS00012","UNKNOWN-MANUFACTURER","",,,1200,,,"Estimated","estimated",0.4,"https://cdn.yellosolarhub.com/products/UNKNOWN-MANUFACTURER/ILS00012.png"
"ILS00019","UNKNOWN-MANUFACTURER","",,,1200,,,"Estimated","estimated",0.4,"https://cdn.yellosolarhub.com/products/UNKNOWN-MANUFACTURER/ILS00019.png"
"IMS00003","UNKNOWN-MANUFACTURER","",,,1200,,,"Estimated","estimated",0.4,"https://cdn.yellosolarhub.com/products/UNKNOWN-MANUFACTURER/IMS00003.png"
"IMS00004","UNKNOWN-MANUFACTURER","",,,1200,,,"Estimated","estimated",0.4,"https://cdn.yellosolarhub.com/products/UNKNOWN-MANUFACTURER/IMS00004.png"
"ISB00004","UNKNOWN-MANUFACTURER","",,,1200,,,"Estimated","estimated",0.4,"https://cdn.yellosolarhub.com/products/UNKNOWN-MANUFACTURER/ISB00004.png"
"ISB00006","UNKNOWN-MANUFACTURER","",,,1200,,,"Estimated","estimated",0.4,"https://cdn.yellosolarhub.com/products/UNKNOWN-MANUFACTURER/ISB00006.png"
"ISB00007","UNKNOWN-MANUFACTURER","",,,1200,,,"Estimated","estimated",0.4,"https://cdn.yellosolarhub.com/products/UNKNOWN-MANUFACTURER/ISB00007.png"
"ITF00002","UNKNOWN-MANUFACTURER","",,,1200,,,"Estimated","estimated",0.4,"https://cdn.yellosolarhub.com/products/UNKNOWN-MANUFACTURER/ITF00002.png"
"ITF00005","UNKNOWN-MANUFACTURER","",,,1200,,,"Estimated","estimated",0.4,"https://cdn.yellosolarhub.com/products/UNKNOWN-MANUFACTURER/ITF00005.png"
"ITR00056","UNKNOWN-MANUFACTURER","",,,1200,,,"Estimated","estimated",0.4,"https://cdn.yellosolarhub.com/products/UNKNOWN-MANUFACTURER/ITR00056.png"
"ITR00085","UNKNOWN-MANUFACTURER","",,,1200,,,"Estimated","estimated",0.4,"https://cdn.yellosolarhub.com/products/UNKNOWN-MANUFACTURER/ITR00085.png"
"PERFILREFORC3A7ADOSMART240","UNKNOWN-MANUFACTURER","",,,1200,,,"Estimated","estimated",0.4,"https://cdn.yellosolarhub.com/products/UNKNOWN-MANUFACTURER/Perfil-refor%C3%A7ado-smart-2,40.png"
"124358","estruturas","",,,850,,,"Estimated","estimated",0.4,"https://cdn.yellosolarhub.com/products/estruturas/124358.jpg"
"313801","estruturas","",,,850,,,"Estimated","estimated",0.4,"https://cdn.yellosolarhub.com/products/estruturas/313801.jpg"
"313834","estruturas","",,,850,,,"Estimated","estimated",0.4,"https://cdn.yellosolarhub.com/products/estruturas/313834.jpg"
"IMAGEPRODUCT400187","estruturas","",,,850,,,"Estimated","estimated",0.4,"https://cdn.yellosolarhub.com/products/estruturas/IMAGE_PRODUCT_400187.png"
"IMAGEPRODUCT400188","estruturas","",,,850,,,"Estimated","estimated",0.4,"https://cdn.yellosolarhub.com/products/estruturas/IMAGE_PRODUCT_400188.png"
"IMAGEPRODUCT400190","estruturas","",,,850,,,"Estimated","estimated",0.4,"https://cdn.yellosolarhub.com/products/estruturas/IMAGE_PRODUCT_400190.png"
"IMAGEPRODUCT401949","estruturas","",,,850,,,"Estimated","estimated",0.4,"https://cdn.yellosolarhub.com/products/estruturas/IMAGE_PRODUCT_401949.png"
"SKU10678310678317545443332146339","estruturas","",,,850,,,"Estimated","estimated",0.4,"https://cdn.yellosolarhub.com/products/estruturas/sku_106783_106783-17545443332146339.jpeg"
"SKU12033612033617544835341752786","estruturas","",,,850,,,"Estimated","estimated",0.4,"https://cdn.yellosolarhub.com/products/estruturas/sku_120336_120336-17544835341752786.jpeg"
"SKU12435812435817544827976815683","estruturas","",,,850,,,"Estimated","estimated",0.4,"https://cdn.yellosolarhub.com/products/estruturas/sku_124358_124358-17544827976815683.jpeg"
"SKU133930133930717458510676818108","estruturas","",,,850,,,"Estimated","estimated",0.4,"https://cdn.yellosolarhub.com/products/estruturas/sku_133930_133930_7-17458510676818108.jpeg"
"SKU192098192098617459006542584963","estruturas","",,,850,,,"Estimated","estimated",0.4,"https://cdn.yellosolarhub.com/products/estruturas/sku_192098_192098_6-17459006542584963.jpeg"
"SKU19240619240617458660592386008","estruturas","",,,850,,,"Estimated","estimated",0.4,"https://cdn.yellosolarhub.com/products/estruturas/sku_192406_192406-17458660592386008.jpeg"
"SKU19269719269717459129405742263","estruturas","",,,850,,,"Estimated","estimated",0.4,"https://cdn.yellosolarhub.com/products/estruturas/sku_192697_192697-17459129405742263.jpeg"
"SKU19388319388317459249580491925","estruturas","",,,850,,,"Estimated","estimated",0.4,"https://cdn.yellosolarhub.com/products/estruturas/sku_193883_193883-17459249580491925.jpeg"
"SKU19508919508917460393803631309","estruturas","",,,850,,,"Estimated","estimated",0.4,"https://cdn.yellosolarhub.com/products/estruturas/sku_195089_195089-17460393803631309.jpeg"
"SKU195201195201417458881777253997","estruturas","",,,850,,,"Estimated","estimated",0.4,"https://cdn.yellosolarhub.com/products/estruturas/sku_195201_195201_4-17458881777253997.jpeg"
"SKU211022211022117476865605809426","estruturas","",,,850,,,"Estimated","estimated",0.4,"https://cdn.yellosolarhub.com/products/estruturas/sku_211022_211022_1-17476865605809426.jpeg"
"SKU215006215006317458331023668129","estruturas","",,,850,,,"Estimated","estimated",0.4,"https://cdn.yellosolarhub.com/products/estruturas/sku_215006_215006_3-17458331023668129.jpeg"
"SKU215008215008317458709303606537","estruturas","",,,850,,,"Estimated","estimated",0.4,"https://cdn.yellosolarhub.com/products/estruturas/sku_215008_215008_3-17458709303606537.jpeg"
"SKU309203309203417460398486954422","estruturas","",,,850,,,"Estimated","estimated",0.4,"https://cdn.yellosolarhub.com/products/estruturas/sku_309203_309203_4-17460398486954422.jpeg"
"SKU31380131380117466238930555038","estruturas","",,,850,,,"Estimated","estimated",0.4,"https://cdn.yellosolarhub.com/products/estruturas/sku_313801_313801-17466238930555038.jpeg"
"SKU313817313817117466373123721087","estruturas","",,,850,,,"Estimated","estimated",0.4,"https://cdn.yellosolarhub.com/products/estruturas/sku_313817_313817_1-17466373123721087.jpeg"
"SKU313827313827217466255076298648","estruturas","",,,850,,,"Estimated","estimated",0.4,"https://cdn.yellosolarhub.com/products/estruturas/sku_313827_313827_2-17466255076298648.jpeg"
"SKU31383231383217466237808078788","estruturas","",,,850,,,"Estimated","estimated",0.4,"https://cdn.yellosolarhub.com/products/estruturas/sku_313832_313832-17466237808078788.jpeg"
"SKU313834313834117466239027672907","estruturas","",,,850,,,"Estimated","estimated",0.4,"https://cdn.yellosolarhub.com/products/estruturas/sku_313834_313834_1-17466239027672907.jpeg"
"SKU320786320786517496510879977488","estruturas","",,,850,,,"Estimated","estimated",0.4,"https://cdn.yellosolarhub.com/products/estruturas/sku_320786_320786_5-17496510879977488.jpeg"
"SKU342425342425217591697083547384","estruturas","",,,850,,,"Estimated","estimated",0.4,"https://cdn.yellosolarhub.com/products/estruturas/sku_342425_342425_2-17591697083547384.jpeg"
"IMAGEPRODUCT052113","cabos","",,,180,,,"Estimated","estimated",0.4,"https://cdn.yellosolarhub.com/products/cabos/IMAGE_PRODUCT_052113.png"
"IMAGEPRODUCT052115","cabos","",,,180,,,"Estimated","estimated",0.4,"https://cdn.yellosolarhub.com/products/cabos/IMAGE_PRODUCT_052115.jpg"
"IMAGEPRODUCT052117","cabos","",,,180,,,"Estimated","estimated",0.4,"https://cdn.yellosolarhub.com/products/cabos/IMAGE_PRODUCT_052117.jpg"
"IMAGEPRODUCT052118","cabos","",,,180,,,"Estimated","estimated",0.4,"https://cdn.yellosolarhub.com/products/cabos/IMAGE_PRODUCT_052118.png"
"IMAGEPRODUCT052119","cabos","",,,180,,,"Estimated","estimated",0.4,"https://cdn.yellosolarhub.com/products/cabos/IMAGE_PRODUCT_052119.jpg"
"IMAGEPRODUCT052121","cabos","",,,180,,,"Estimated","estimated",0.4,"https://cdn.yellosolarhub.com/products/cabos/IMAGE_PRODUCT_052121.jpg"
"IMAGEPRODUCT052122","cabos","",,,180,,,"Estimated","estimated",0.4,"https://cdn.yellosolarhub.com/products/cabos/IMAGE_PRODUCT_052122.png"
"IMAGEPRODUCT052123","cabos","",,,180,,,"Estimated","estimated",0.4,"https://cdn.yellosolarhub.com/products/cabos/IMAGE_PRODUCT_052123.jpg"
"IMAGEPRODUCT052124","cabos","",,,180,,,"Estimated","estimated",0.4,"https://cdn.yellosolarhub.com/products/cabos/IMAGE_PRODUCT_052124.png"
"IMAGEPRODUCT052125","cabos","",,,180,,,"Estimated","estimated",0.4,"https://cdn.yellosolarhub.com/products/cabos/IMAGE_PRODUCT_052125.jpg"
"IMAGEPRODUCT052126","cabos","",,,180,,,"Estimated","estimated",0.4,"https://cdn.yellosolarhub.com/products/cabos/IMAGE_PRODUCT_052126.png"
"IMAGEPRODUCT052127","cabos","",,,180,,,"Estimated","estimated",0.4,"https://cdn.yellosolarhub.com/products/cabos/IMAGE_PRODUCT_052127.png"
"IMAGEPRODUCT052128","cabos","",,,180,,,"Estimated","estimated",0.4,"https://cdn.yellosolarhub.com/products/cabos/IMAGE_PRODUCT_052128.png"
"IMAGEPRODUCT052129","cabos","",,,180,,,"Estimated","estimated",0.4,"https://cdn.yellosolarhub.com/products/cabos/IMAGE_PRODUCT_052129.png"
"IMAGEPRODUCT052130","cabos","",,,180,,,"Estimated","estimated",0.4,"https://cdn.yellosolarhub.com/products/cabos/IMAGE_PRODUCT_052130.png"
"NEOSOLARCABLES20077","cabos","",,,180,,,"Estimated","estimated",0.4,"https://cdn.yellosolarhub.com/products/cabos/neosolar_cables_20077.jpg"
"NEOSOLARCABLES20078","cabos","",,,180,,,"Estimated","estimated",0.4,"https://cdn.yellosolarhub.com/products/cabos/neosolar_cables_20078.jpg"
"NEOSOLARCABLES20121","cabos","",,,180,,,"Estimated","estimated",0.4,"https://cdn.yellosolarhub.com/products/cabos/neosolar_cables_20121.jpg"
"NEOSOLARCABLES20122","cabos","",,,180,,,"Estimated","estimated",0.4,"https://cdn.yellosolarhub.com/products/cabos/neosolar_cables_20122.jpg"
"NEOSOLARCABLES20126","cabos","",,,180,,,"Estimated","estimated",0.4,"https://cdn.yellosolarhub.com/products/cabos/NEOSOLAR_CABLES_20126.jpg"
"NEOSOLARCABLES20127","cabos","",,,180,,,"Estimated","estimated",0.4,"https://cdn.yellosolarhub.com/products/cabos/NEOSOLAR_CABLES_20127.jpg"
"NEOSOLARCABLES20128","cabos","",,,180,,,"Estimated","estimated",0.4,"https://cdn.yellosolarhub.com/products/cabos/NEOSOLAR_CABLES_20128.jpg"
"NEOSOLARCABLES20131","cabos","",,,180,,,"Estimated","estimated",0.4,"https://cdn.yellosolarhub.com/products/cabos/NEOSOLAR_CABLES_20131.jpg"
"NEOSOLARCABLES20132","cabos","",,,180,,,"Estimated","estimated",0.4,"https://cdn.yellosolarhub.com/products/cabos/NEOSOLAR_CABLES_20132.jpg"
"NEOSOLARCABLES20134","cabos","",,,180,,,"Estimated","estimated",0.4,"https://cdn.yellosolarhub.com/products/cabos/NEOSOLAR_CABLES_20134.jpg"
"NEOSOLARCABLES20135","cabos","",,,180,,,"Estimated","estimated",0.4,"https://cdn.yellosolarhub.com/products/cabos/NEOSOLAR_CABLES_20135.jpg"
"NEOSOLARCABLES20137","cabos","",,,180,,,"Estimated","estimated",0.4,"https://cdn.yellosolarhub.com/products/cabos/NEOSOLAR_CABLES_20137.jpg"
"NEOSOLARCABLES20139","cabos","",,,180,,,"Estimated","estimated",0.4,"https://cdn.yellosolarhub.com/products/cabos/NEOSOLAR_CABLES_20139.jpg"
"NEOSOLARCABLES20142","cabos","",,,180,,,"Estimated","estimated",0.4,"https://cdn.yellosolarhub.com/products/cabos/NEOSOLAR_CABLES_20142.jpg"
"NEOSOLARCABLES20286","cabos","",,,180,,,"Estimated","estimated",0.4,"https://cdn.yellosolarhub.com/products/cabos/neosolar_cables_20286.jpg"
"NEOSOLARCABLES20369","cabos","",,,180,,,"Estimated","estimated",0.4,"https://cdn.yellosolarhub.com/products/cabos/neosolar_cables_20369.jpg"
"NEOSOLARCABLES20371","cabos","",,,180,,,"Estimated","estimated",0.4,"https://cdn.yellosolarhub.com/products/cabos/neosolar_cables_20371.jpg"
"NEOSOLARCABLES20789","cabos","",,,180,,,"Estimated","estimated",0.4,"https://cdn.yellosolarhub.com/products/cabos/neosolar_cables_20789.jpg"
"NEOSOLARCABLES20925","cabos","",,,180,,,"Estimated","estimated",0.4,"https://cdn.yellosolarhub.com/products/cabos/neosolar_cables_20925.jpg"
"NEOSOLARCABLES21769","cabos","",,,180,,,"Estimated","estimated",0.4,"https://cdn.yellosolarhub.com/products/cabos/neosolar_cables_21769.jpg"
"NEOSOLARCABLES21770","cabos","",,,180,,,"Estimated","estimated",0.4,"https://cdn.yellosolarhub.com/products/cabos/neosolar_cables_21770.jpg"
"NEOSOLARCABLES21771","cabos","",,,180,,,"Estimated","estimated",0.4,"https://cdn.yellosolarhub.com/products/cabos/neosolar_cables_21771.jpg"
"NEOSOLARCABLES21772","cabos","",,,180,,,"Estimated","estimated",0.4,"https://cdn.yellosolarhub.com/products/cabos/neosolar_cables_21772.jpg"
"NEOSOLARCABLES21998","cabos","",,,180,,,"Estimated","estimated",0.4,"https://cdn.yellosolarhub.com/products/cabos/NEOSOLAR_CABLES_21998.jpg"
"NEOSOLARCABLES23052","cabos","",,,180,,,"Estimated","estimated",0.4,"https://cdn.yellosolarhub.com/products/cabos/NEOSOLAR_CABLES_23052.jpg"
"NEOSOLARCABLES23053","cabos","",,,180,,,"Estimated","estimated",0.4,"https://cdn.yellosolarhub.com/products/cabos/NEOSOLAR_CABLES_23053.jpg"
"NEOSOLARCABLES23054","cabos","",,,180,,,"Estimated","estimated",0.4,"https://cdn.yellosolarhub.com/products/cabos/NEOSOLAR_CABLES_23054.jpg"
"NEOSOLARCABLES23055","cabos","",,,180,,,"Estimated","estimated",0.4,"https://cdn.yellosolarhub.com/products/cabos/NEOSOLAR_CABLES_23055.jpg"
"NEOSOLARCABLES23503","cabos","",,,180,,,"Estimated","estimated",0.4,"https://cdn.yellosolarhub.com/products/cabos/neosolar_cables_23503.jpg"
"NEOSOLARCABLES23504","cabos","",,,180,,,"Estimated","estimated",0.4,"https://cdn.yellosolarhub.com/products/cabos/neosolar_cables_23504.jpg"
"NEOSOLARCABLES23505","cabos","",,,180,,,"Estimated","estimated",0.4,"https://cdn.yellosolarhub.com/products/cabos/neosolar_cables_23505.jpg"
"NEOSOLARCABLES23780","cabos","",,,180,,,"Estimated","estimated",0.4,"https://cdn.yellosolarhub.com/products/cabos/neosolar_cables_23780.jpg"
"NEOSOLARCABLES25205","cabos","",,,180,,,"Estimated","estimated",0.4,"https://cdn.yellosolarhub.com/products/cabos/neosolar_cables_25205.jpg"
"NEOSOLARCABLES27352","cabos","",,,180,,,"Estimated","estimated",0.4,"https://cdn.yellosolarhub.com/products/cabos/neosolar_cables_27352.jpg"