sku,manufacturer,model,title,category,image_url,price_brl,power_w,capacity_w,capacity_kwh,voltage_v,weight_kg,warranty_years,in_stock,has_complete_data,source_file
"IMAGE","unknown","","","acessorios","https://cdn.yellosolarhub.com/products/acessorios/image.png",,,,,,,,,false,""
"IMAGEPRODUCT450083","unknown","","","acessorios","https://cdn.yellosolarhub.com/products/acessorios/IMAGE_PRODUCT_450083.png",,,,,,,,,false,""
"IMAGEPRODUCT450094","unknown","","","acessorios","https://cdn.yellosolarhub.com/products/acessorios/IMAGE_PRODUCT_450094.png",,,,,,,,,false,""
"IMAGEPRODUCT450114","unknown","","","acessorios","https://cdn.yellosolarhub.com/products/acessorios/IMAGE_PRODUCT_450114.png",,,,,,,,,false,""
"IMAGEPRODUCT450118","unknown","","","acessorios","https://cdn.yellosolarhub.com/products/acessorios/IMAGE_PRODUCT_450118.jpg",,,,,,,,,false,""
"IMAGEPRODUCT450123","unknown","","","acessorios","https://cdn.yellosolarhub.com/products/acessorios/IMAGE_PRODUCT_450123.png",,,,,,,,,false,""
"IMAGEPRODUCT000607","unknown","","","baterias","https://cdn.yellosolarhub.com/products/baterias/IMAGE_PRODUCT_000607.jpg",,,,,,,,,false,""
"IMAGEPRODUCT000612","unknown","","","baterias","https://cdn.yellosolarhub.com/products/baterias/IMAGE_PRODUCT_000612.jpg",,,,,,,,,false,""
"IMAGEPRODUCT850004","unknown","","","baterias","https://cdn.yellosolarhub.com/products/baterias/IMAGE_PRODUCT_850004.png",,,,,,,,,false,""
"PAINELBYDBYD530WMLK36530W","unknown","","","BYD","https://cdn.yellosolarhub.com/products/BYD/PAINEL-BYD-BYD-530W-MLK-36---530W.png",,,,,,,,,false,""
"IMAGEPRODUCT052113","unknown","","","cabos","https://cdn.yellosolarhub.com/products/cabos/IMAGE_PRODUCT_052113.png",,,,,,,,,false,""
"IMAGEPRODUCT052115","unknown","","","cabos","https://cdn.yellosolarhub.com/products/cabos/IMAGE_PRODUCT_052115.jpg",,,,,,,,,false,""
"IMAGEPRODUCT052117","unknown","","","cabos","https://cdn.yellosolarhub.com/products/cabos/IMAGE_PRODUCT_052117.jpg",,,,,,,,,false,""
"IMAGEPRODUCT052118","unknown","","","cabos","https://cdn.yellosolarhub.com/products/cabos/IMAGE_PRODUCT_052118.png",,,,,,,,,false,""
"IMAGEPRODUCT052119","unknown","","","cabos","https://cdn.yellosolarhub.com/products/cabos/IMAGE_PRODUCT_052119.jpg",,,,,,,,,false,""
"IMAGEPRODUCT052121","unknown","","","cabos","https://cdn.yellosolarhub.com/products/cabos/IMAGE_PRODUCT_052121.jpg",,,,,,,,,false,""
"IMAGEPRODUCT052122","unknown","","","cabos","https://cdn.yellosolarhub.com/products/cabos/IMAGE_PRODUCT_052122.png",,,,,,,,,false,""
"IMAGEPRODUCT052123","unknown","","","cabos","https://cdn.yellosolarhub.com/products/cabos/IMAGE_PRODUCT_052123.jpg",,,,,,,,,false,""
"IMAGEPRODUCT052124","unknown","","","cabos","https://cdn.yellosolarhub.com/products/cabos/IMAGE_PRODUCT_052124.png",,,,,,,,,false,""
"IMAGEPRODUCT052125","unknown","","","cabos","https://cdn.yellosolarhub.com/products/cabos/IMAGE_PRODUCT_052125.jpg",,,,,,,,,false,""
"IMAGEPRODUCT052126","unknown","","","cabos","https://cdn.yellosolarhub.com/products/cabos/IMAGE_PRODUCT_052126.png",,,,,,,,,false,""
"IMAGEPRODUCT052127","unknown","","","cabos","https://cdn.yellosolarhub.com/products/cabos/IMAGE_PRODUCT_052127.png",,,,,,,,,false,""
"IMAGEPRODUCT052128","unknown","","","cabos","https://cdn.yellosolarhub.com/products/cabos/IMAGE_PRODUCT_052128.png",,,,,,,,,false,""
"IMAGEPRODUCT052129","unknown","","","cabos","https://cdn.yellosolarhub.com/products/cabos/IMAGE_PRODUCT_052129.png",,,,,,,,,false,""
"IMAGEPRODUCT052130","unknown","","","cabos","https://cdn.yellosolarhub.com/products/cabos/IMAGE_PRODUCT_052130.png",,,,,,,,,false,""
"NEOSOLARCABLES20077","NEOSOLAR","","","cabos","https://cdn.yellosolarhub.com/products/cabos/neosolar_cables_20077.jpg",,,,,,,,,false,""
"NEOSOLARCABLES20078","NEOSOLAR","","","cabos","https://cdn.yellosolarhub.com/products/cabos/neosolar_cables_20078.jpg",,,,,,,,,false,""
"NEOSOLARCABLES20121","NEOSOLAR","","","cabos","https://cdn.yellosolarhub.com/products/cabos/neosolar_cables_20121.jpg",,,,,,,,,false,""
"NEOSOLARCABLES20122","NEOSOLAR","","","cabos","https://cdn.yellosolarhub.com/products/cabos/neosolar_cables_20122.jpg",,,,,,,,,false,""
"NEOSOLARCABLES20126","NEOSOLAR","","","cabos","https://cdn.yellosolarhub.com/products/cabos/NEOSOLAR_CABLES_20126.jpg",,,,,,,,,false,""
"NEOSOLARCABLES20127","NEOSOLAR","","","cabos","https://cdn.yellosolarhub.com/products/cabos/NEOSOLAR_CABLES_20127.jpg",,,,,,,,,false,""
"NEOSOLARCABLES20128","NEOSOLAR","","","cabos","https://cdn.yellosolarhub.com/products/cabos/NEOSOLAR_CABLES_20128.jpg",,,,,,,,,false,""
"NEOSOLARCABLES20131","NEOSOLAR","","","cabos","https://cdn.yellosolarhub.com/products/cabos/NEOSOLAR_CABLES_20131.jpg",,,,,,,,,false,""
"NEOSOLARCABLES20132","NEOSOLAR","","","cabos","https://cdn.yellosolarhub.com/products/cabos/NEOSOLAR_CABLES_20132.jpg",,,,,,,,,false,""
"NEOSOLARCABLES20134","NEOSOLAR","","","cabos","https://cdn.yellosolarhub.com/products/cabos/NEOSOLAR_CABLES_20134.jpg",,,,,,,,,false,""
"NEOSOLARCABLES20135","NEOSOLAR","","","cabos","https://cdn.yellosolarhub.com/products/cabos/NEOSOLAR_CABLES_20135.jpg",,,,,,,,,false,""
"NEOSOLARCABLES20137","NEOSOLAR","","","cabos","https://cdn.yellosolarhub.com/products/cabos/NEOSOLAR_CABLES_20137.jpg",,,,,,,,,false,""
"NEOSOLARCABLES20139","NEOSOLAR","","","cabos","https://cdn.yellosolarhub.com/products/cabos/NEOSOLAR_CABLES_20139.jpg",,,,,,,,,false,""
"NEOSOLARCABLES20142","NEOSOLAR","","","cabos","https://cdn.yellosolarhub.com/products/cabos/NEOSOLAR_CABLES_20142.jpg",,,,,,,,,false,""
"NEOSOLARCABLES20286","NEOSOLAR","","","cabos","https://cdn.yellosolarhub.com/products/cabos/neosolar_cables_20286.jpg",,,,,,,,,false,""
"NEOSOLARCABLES20369","NEOSOLAR","","","cabos","https://cdn.yellosolarhub.com/products/cabos/neosolar_cables_20369.jpg",,,,,,,,,false,""
"NEOSOLARCABLES20371","NEOSOLAR","","","cabos","https://cdn.yellosolarhub.com/products/cabos/neosolar_cables_20371.jpg",,,,,,,,,false,""
"NEOSOLARCABLES20789","NEOSOLAR","","","cabos","https://cdn.yellosolarhub.com/products/cabos/neosolar_cables_20789.jpg",,,,,,,,,false,""
"NEOSOLARCABLES20925","NEOSOLAR","","","cabos","https://cdn.yellosolarhub.com/products/cabos/neosolar_cables_20925.jpg",,,,,,,,,false,""
"NEOSOLARCABLES21769","NEOSOLAR","","","cabos","https://cdn.yellosolarhub.com/products/cabos/neosolar_cables_21769.jpg",,,,,,,,,false,""
"NEOSOLARCABLES21770","NEOSOLAR","","","cabos","https://cdn.yellosolarhub.com/products/cabos/neosolar_cables_21770.jpg",,,,,,,,,false,""
"NEOSOLARCABLES21771","NEOSOLAR","","","cabos","https://cdn.yellosolarhub.com/products/cabos/neosolar_cables_21771.jpg",,,,,,,,,false,""
"NEOSOLARCABLES21772","NEOSOLAR","","","cabos","https://cdn.yellosolarhub.com/products/cabos/neosolar_cables_21772.jpg",,,,,,,,,false,""
"NEOSOLARCABLES21998","NEOSOLAR","","","cabos","https://cdn.yellosolarhub.com/products/cabos/NEOSOLAR_CABLES_21998.jpg",,,,,,,,,false,""
"NEOSOLARCABLES23052","NEOSOLAR","","","cabos","https://cdn.yellosolarhub.com/products/cabos/NEOSOLAR_CABLES_23052.jpg",,,,,,,,,false,""
"NEOSOLARCABLES23053","NEOSOLAR","","","cabos","https://cdn.yellosolarhub.com/products/cabos/NEOSOLAR_CABLES_23053.jpg",,,,,,,,,false,""
"NEOSOLARCABLES23054","NEOSOLAR","","","cabos","https://cdn.yellosolarhub.com/products/cabos/NEOSOLAR_CABLES_23054.jpg",,,,,,,,,false,""
"NEOSOLARCABLES23055","NEOSOLAR","","","cabos","https://cdn.yellosolarhub.com/products/cabos/NEOSOLAR_CABLES_23055.jpg",,,,,,,,,false,""
"NEOSOLARCABLES23503","NEOSOLAR","","","cabos","https://cdn.yellosolarhub.com/products/cabos/neosolar_cables_23503.jpg",,,,,,,,,false,""
"NEOSOLARCABLES23504","NEOSOLAR","","","cabos","https://cdn.yellosolarhub.com/products/cabos/neosolar_cables_23504.jpg",,,,,,,,,false,""
"NEOSOLARCABLES23505","NEOSOLAR","","","cabos","https://cdn.yellosolarhub.com/products/cabos/neosolar_cables_23505.jpg",,,,,,,,,false,""
"NEOSOLARCABLES23780","NEOSOLAR","","","cabos","https://cdn.yellosolarhub.com/products/cabos/neosolar_cables_23780.jpg",,,,,,,,,false,""
"NEOSOLARCABLES25205","NEOSOLAR","","","cabos","https://cdn.yellosolarhub.com/products/cabos/neosolar_cables_25205.jpg",,,,,,,,,false,""
"NEOSOLARCABLES27352","NEOSOLAR","","","cabos","https://cdn.yellosolarhub.com/products/cabos/neosolar_cables_27352.jpg",,,,,,,,,false,""
"NEOSOLARCHARGERS20031","NEOSOLAR","","","carregadores","https://cdn.yellosolarhub.com/products/carregadores/NEOSOLAR_CHARGERS_20031.jpg",,,,,,,,,false,""
"NEOSOLARCHARGERS20034","NEOSOLAR","","","carregadores","https://cdn.yellosolarhub.com/products/carregadores/NEOSOLAR_CHARGERS_20034.jpg",,,,,,,,,false,""
"NEOSOLARCHARGERS20035","NEOSOLAR","","","carregadores","https://cdn.yellosolarhub.com/products/carregadores/NEOSOLAR_CHARGERS_20035.jpg",,,,,,,,,false,""
"NEOSOLARCHARGERS20043","NEOSOLAR","","","carregadores","https://cdn.yellosolarhub.com/products/carregadores/NEOSOLAR_CHARGERS_20043.jpg",,,,,,,,,false,""
"NEOSOLARCHARGERS20044","NEOSOLAR","","","carregadores","https://cdn.yellosolarhub.com/products/carregadores/NEOSOLAR_CHARGERS_20044.jpg",,,,,,,,,false,""
"NEOSOLARCHARGERS20045","NEOSOLAR","","","carregadores","https://cdn.yellosolarhub.com/products/carregadores/NEOSOLAR_CHARGERS_20045.jpg",,,,,,,,,false,""
"NEOSOLARCHARGERS20858","NEOSOLAR","","","carregadores","https://cdn.yellosolarhub.com/products/carregadores/neosolar_chargers_20858.jpg",,,,,,,,,false,""
"NEOSOLARCHARGERS20859","NEOSOLAR","","","carregadores","https://cdn.yellosolarhub.com/products/carregadores/NEOSOLAR_CHARGERS_20859.jpg",,,,,,,,,false,""
"NEOSOLARCHARGERS20860","NEOSOLAR","","","carregadores","https://cdn.yellosolarhub.com/products/carregadores/NEOSOLAR_CHARGERS_20860.jpg",,,,,,,,,false,""
"NEOSOLARCHARGERS20861","NEOSOLAR","","","carregadores","https://cdn.yellosolarhub.com/products/carregadores/NEOSOLAR_CHARGERS_20861.jpg",,,,,,,,,false,""
"NEOSOLARCHARGERS20862","NEOSOLAR","","","carregadores","https://cdn.yellosolarhub.com/products/carregadores/NEOSOLAR_CHARGERS_20862.jpg",,,,,,,,,false,""
"NEOSOLARCHARGERS20863","NEOSOLAR","","","carregadores","https://cdn.yellosolarhub.com/products/carregadores/NEOSOLAR_CHARGERS_20863.jpg",,,,,,,,,false,""
"NEOSOLARCHARGERS20864","NEOSOLAR","","","carregadores","https://cdn.yellosolarhub.com/products/carregadores/NEOSOLAR_CHARGERS_20864.jpg",,,,,,,,,false,""
"NEOSOLARCHARGERS20865","NEOSOLAR","","","carregadores","https://cdn.yellosolarhub.com/products/carregadores/neosolar_chargers_20865.jpg",,,,,,,,,false,""
"NEOSOLARCHARGERS20866","NEOSOLAR","","","carregadores","https://cdn.yellosolarhub.com/products/carregadores/neosolar_chargers_20866.jpg",,,,,,,,,false,""
"NEOSOLARCHARGERS20868","NEOSOLAR","","","carregadores","https://cdn.yellosolarhub.com/products/carregadores/NEOSOLAR_CHARGERS_20868.jpg",,,,,,,,,false,""
"NEOSOLARCHARGERS20870","NEOSOLAR","","","carregadores","https://cdn.yellosolarhub.com/products/carregadores/NEOSOLAR_CHARGERS_20870.jpg",,,,,,,,,false,""
"NEOSOLARCHARGERS20871","NEOSOLAR","","","carregadores","https://cdn.yellosolarhub.com/products/carregadores/NEOSOLAR_CHARGERS_20871.jpg",,,,,,,,,false,""
"NEOSOLARCHARGERS20872","NEOSOLAR","","","carregadores","https://cdn.yellosolarhub.com/products/carregadores/NEOSOLAR_CHARGERS_20872.jpg",,,,,,,,,false,""
"NEOSOLARCHARGERS20873","NEOSOLAR","","","carregadores","https://cdn.yellosolarhub.com/products/carregadores/neosolar_chargers_20873.jpg",,,,,,,,,false,""
"NEOSOLARCHARGERS21294","NEOSOLAR","","","carregadores","https://cdn.yellosolarhub.com/products/carregadores/NEOSOLAR_CHARGERS_21294.jpg",,,,,,,,,false,""
"NEOSOLARCHARGERS21295","NEOSOLAR","","","carregadores","https://cdn.yellosolarhub.com/products/carregadores/NEOSOLAR_CHARGERS_21295.jpg",,,,,,,,,false,""
"NEOSOLARCHARGERS21741","NEOSOLAR","","","carregadores","https://cdn.yellosolarhub.com/products/carregadores/neosolar_chargers_21741.jpg",,,,,,,,,false,""
"NEOSOLARCHARGERS21742","NEOSOLAR","","","carregadores","https://cdn.yellosolarhub.com/products/carregadores/neosolar_chargers_21742.jpg",,,,,,,,,false,""
"NEOSOLARCHARGERS21743","NEOSOLAR","","","carregadores","https://cdn.yellosolarhub.com/products/carregadores/neosolar_chargers_21743.jpg",,,,,,,,,false,""
"NEOSOLARCHARGERS21751","NEOSOLAR","","","carregadores","https://cdn.yellosolarhub.com/products/carregadores/neosolar_chargers_21751.jpg",,,,,,,,,false,""
"NEOSOLARCHARGERS21755","NEOSOLAR","","","carregadores","https://cdn.yellosolarhub.com/products/carregadores/neosolar_chargers_21755.jpg",,,,,,,,,false,""
"NEOSOLARCHARGERS21756","NEOSOLAR","","","carregadores","https://cdn.yellosolarhub.com/products/carregadores/neosolar_chargers_21756.jpg",,,,,,,,,false,""
"NEOSOLARCHARGERS21757","NEOSOLAR","","","carregadores","https://cdn.yellosolarhub.com/products/carregadores/NEOSOLAR_CHARGERS_21757.jpg",,,,,,,,,false,""
"NEOSOLARCHARGERS22154","NEOSOLAR","","","carregadores","https://cdn.yellosolarhub.com/products/carregadores/NEOSOLAR_CHARGERS_22154.jpg",,,,,,,,,false,""
"NEOSOLARCHARGERS23757","NEOSOLAR","","","carregadores","https://cdn.yellosolarhub.com/products/carregadores/NEOSOLAR_CHARGERS_23757.jpg",,,,,,,,,false,""
"NEOSOLARCHARGERS23758","NEOSOLAR","","","carregadores","https://cdn.yellosolarhub.com/products/carregadores/NEOSOLAR_CHARGERS_23758.jpg",,,,,,,,,false,""
"NEOSOLARCHARGERS23759","NEOSOLAR","","","carregadores","https://cdn.yellosolarhub.com/products/carregadores/NEOSOLAR_CHARGERS_23759.jpg",,,,,,,,,false,""
"NEOSOLARCHARGERS23760","NEOSOLAR","","","carregadores","https://cdn.yellosolarhub.com/products/carregadores/NEOSOLAR_CHARGERS_23760.jpg",,,,,,,,,false,""
"NEOSOLARCHARGERS23761","NEOSOLAR","","","carregadores","https://cdn.yellosolarhub.com/products/carregadores/NEOSOLAR_CHARGERS_23761.jpg",,,,,,,,,false,""
"NEOSOLARCHARGERS23762","NEOSOLAR","","","carregadores","https://cdn.yellosolarhub.com/products/carregadores/neosolar_chargers_23762.jpg",,,,,,,,,false,""
"NEOSOLARCHARGERS24019","NEOSOLAR","","","carregadores","https://cdn.yellosolarhub.com/products/carregadores/NEOSOLAR_CHARGERS_24019.jpg",,,,,,,,,false,""
"NEOSOLARCHARGERS24021","NEOSOLAR","","","carregadores","https://cdn.yellosolarhub.com/products/carregadores/NEOSOLAR_CHARGERS_24021.jpg",,,,,,,,,false,""
"NEOSOLARCHARGERS24072","NEOSOLAR","","","carregadores","https://cdn.yellosolarhub.com/products/carregadores/NEOSOLAR_CHARGERS_24072.jpg",,,,,,,,,false,""
"NEOSOLARCHARGERS24249","NEOSOLAR","","","carregadores","https://cdn.yellosolarhub.com/products/carregadores/NEOSOLAR_CHARGERS_24249.jpg",,,,,,,,,false,""
"NEOSOLARCHARGERS24467","NEOSOLAR","","","carregadores","https://cdn.yellosolarhub.com/products/carregadores/NEOSOLAR_CHARGERS_24467.jpg",,,,,,,,,false,""
"NEOSOLARCHARGERS24468","NEOSOLAR","","","carregadores","https://cdn.yellosolarhub.com/products/carregadores/neosolar_chargers_24468.jpg",,,,,,,,,false,""
"NEOSOLARCHARGERS24473","NEOSOLAR","","","carregadores","https://cdn.yellosolarhub.com/products/carregadores/NEOSOLAR_CHARGERS_24473.jpg",,,,,,,,,false,""
"NEOSOLARCHARGERS24474","NEOSOLAR","","","carregadores","https://cdn.yellosolarhub.com/products/carregadores/NEOSOLAR_CHARGERS_24474.jpg",,,,,,,,,false,""
"NEOSOLARCHARGERS24475","NEOSOLAR","","","carregadores","https://cdn.yellosolarhub.com/products/carregadores/NEOSOLAR_CHARGERS_24475.jpg",,,,,,,,,false,""
"NEOSOLARCHARGERS24593","NEOSOLAR","","","carregadores","https://cdn.yellosolarhub.com/products/carregadores/neosolar_chargers_24593.jpg",,,,,,,,,false,""
"NEOSOLARCHARGERS24594","NEOSOLAR","","","carregadores","https://cdn.yellosolarhub.com/products/carregadores/neosolar_chargers_24594.jpg",,,,,,,,,false,""
"NEOSOLARCHARGERS24606","NEOSOLAR","","","carregadores","https://cdn.yellosolarhub.com/products/carregadores/NEOSOLAR_CHARGERS_24606.jpg",,,,,,,,,false,""
"NEOSOLARCHARGERS24607","NEOSOLAR","","","carregadores","https://cdn.yellosolarhub.com/products/carregadores/NEOSOLAR_CHARGERS_24607.jpg",,,,,,,,,false,""
"NEOSOLARCHARGERS24608","NEOSOLAR","","","carregadores","https://cdn.yellosolarhub.com/products/carregadores/NEOSOLAR_CHARGERS_24608.jpg",,,,,,,,,false,""
"NEOSOLARCHARGERS24609","NEOSOLAR","","","carregadores","https://cdn.yellosolarhub.com/products/carregadores/neosolar_chargers_24609.jpg",,,,,,,,,false,""
"NEOSOLARCHARGERS24713","NEOSOLAR","","","carregadores","https://cdn.yellosolarhub.com/products/carregadores/neosolar_chargers_24713.jpg",,,,,,,,,false,""
"NEOSOLARCHARGERS24714","NEOSOLAR","","","carregadores","https://cdn.yellosolarhub.com/products/carregadores/neosolar_chargers_24714.jpg",,,,,,,,,false,""
"NEOSOLARCHARGERS24715","NEOSOLAR","","","carregadores","https://cdn.yellosolarhub.com/products/carregadores/NEOSOLAR_CHARGERS_24715.jpg",,,,,,,,,false,""
"NEOSOLARCHARGERS24716","NEOSOLAR","","","carregadores","https://cdn.yellosolarhub.com/products/carregadores/NEOSOLAR_CHARGERS_24716.jpg",,,,,,,,,false,""
"NEOSOLARCHARGERS24717","NEOSOLAR","","","carregadores","https://cdn.yellosolarhub.com/products/carregadores/NEOSOLAR_CHARGERS_24717.jpg",,,,,,,,,false,""
"NEOSOLARCHARGERS24718","NEOSOLAR","","","carregadores","https://cdn.yellosolarhub.com/products/carregadores/NEOSOLAR_CHARGERS_24718.jpg",,,,,,,,,false,""
"NEOSOLARCHARGERS24795","NEOSOLAR","","","carregadores","https://cdn.yellosolarhub.com/products/carregadores/NEOSOLAR_CHARGERS_24795.jpg",,,,,,,,,false,""
"NEOSOLARCHARGERS24801","NEOSOLAR","","","carregadores","https://cdn.yellosolarhub.com/products/carregadores/NEOSOLAR_CHARGERS_24801.jpg",,,,,,,,,false,""
"NEOSOLARCHARGERS24802","NEOSOLAR","","","carregadores","https://cdn.yellosolarhub.com/products/carregadores/NEOSOLAR_CHARGERS_24802.jpg",,,,,,,,,false,""
"NEOSOLARCHARGERS25012","NEOSOLAR","","","carregadores","https://cdn.yellosolarhub.com/products/carregadores/NEOSOLAR_CHARGERS_25012.jpg",,,,,,,,,false,""
"NEOSOLARCHARGERS25023","NEOSOLAR","","","carregadores","https://cdn.yellosolarhub.com/products/carregadores/NEOSOLAR_CHARGERS_25023.jpg",,,,,,,,,false,""
"NEOSOLARCHARGERS25024","NEOSOLAR","","","carregadores","https://cdn.yellosolarhub.com/products/carregadores/NEOSOLAR_CHARGERS_25024.jpg",,,,,,,,,false,""
"NEOSOLARCHARGERS25025","NEOSOLAR","","","carregadores","https://cdn.yellosolarhub.com/products/carregadores/NEOSOLAR_CHARGERS_25025.jpg",,,,,,,,,false,""
"NEOSOLARCHARGERS25128","NEOSOLAR","","","carregadores","https://cdn.yellosolarhub.com/products/carregadores/NEOSOLAR_CHARGERS_25128.jpg",,,,,,,,,false,""
"NEOSOLARCHARGERS25220","NEOSOLAR","","","carregadores","https://cdn.yellosolarhub.com/products/carregadores/NEOSOLAR_CHARGERS_25220.jpg",,,,,,,,,false,""
"NEOSOLARCHARGERS26359","NEOSOLAR","","","carregadores","https://cdn.yellosolarhub.com/products/carregadores/neosolar_chargers_26359.jpg",,,,,,,,,false,""
"NEOSOLARCHARGERS26360","NEOSOLAR","","","carregadores","https://cdn.yellosolarhub.com/products/carregadores/NEOSOLAR_CHARGERS_26360.jpg",,,,,,,,,false,""
"NEOSOLARCHARGERS26361","NEOSOLAR","","","carregadores","https://cdn.yellosolarhub.com/products/carregadores/neosolar_chargers_26361.jpg",,,,,,,,,false,""
"NEOSOLARCHARGERS26525","NEOSOLAR","","","carregadores","https://cdn.yellosolarhub.com/products/carregadores/neosolar_chargers_26525.jpg",,,,,,,,,false,""
"NEOSOLARCHARGERS26526","NEOSOLAR","","","carregadores","https://cdn.yellosolarhub.com/products/carregadores/neosolar_chargers_26526.jpg",,,,,,,,,false,""
"NEOSOLARCHARGERS26900","NEOSOLAR","","","carregadores","https://cdn.yellosolarhub.com/products/carregadores/NEOSOLAR_CHARGERS_26900.jpg",,,,,,,,,false,""
"NEOSOLARCHARGERS26901","NEOSOLAR","","","carregadores","https://cdn.yellosolarhub.com/products/carregadores/NEOSOLAR_CHARGERS_26901.jpg",,,,,,,,,false,""
"NEOSOLARCHARGERS26902","NEOSOLAR","","","carregadores","https://cdn.yellosolarhub.com/products/carregadores/NEOSOLAR_CHARGERS_26902.jpg",,,,,,,,,false,""
"NEOSOLARCHARGERS26903","NEOSOLAR","","","carregadores","https://cdn.yellosolarhub.com/products/carregadores/NEOSOLAR_CHARGERS_26903.jpg",,,,,,,,,false,""
"NEOSOLARCHARGERS26904","NEOSOLAR","","","carregadores","https://cdn.yellosolarhub.com/products/carregadores/NEOSOLAR_CHARGERS_26904.jpg",,,,,,,,,false,""
"NEOSOLARCHARGERS27327","NEOSOLAR","","","carregadores","https://cdn.yellosolarhub.com/products/carregadores/NEOSOLAR_CHARGERS_27327.jpg",,,,,,,,,false,""
"NEOSOLARCHARGERS27328","NEOSOLAR","","","carregadores","https://cdn.yellosolarhub.com/products/carregadores/NEOSOLAR_CHARGERS_27328.jpg",,,,,,,,,false,""
"NEOSOLARCHARGERS27329","NEOSOLAR","","","carregadores","https://cdn.yellosolarhub.com/products/carregadores/NEOSOLAR_CHARGERS_27329.jpg",,,,,,,,,false,""
"NEOSOLARCHARGERS27330","NEOSOLAR","","","carregadores","https://cdn.yellosolarhub.com/products/carregadores/NEOSOLAR_CHARGERS_27330.jpg",,,,,,,,,false,""
"NEOSOLARCHARGERS27386","NEOSOLAR","","","carregadores","https://cdn.yellosolarhub.com/products/carregadores/NEOSOLAR_CHARGERS_27386.jpg",,,,,,,,,false,""
"NEOSOLARCONTROLLERS20055","NEOSOLAR","","","controladores","https://cdn.yellosolarhub.com/products/controladores/NEOSOLAR_CONTROLLERS_20055.jpg",,,,,,,,,false,""
"NEOSOLARCONTROLLERS20056","NEOSOLAR","","","controladores","https://cdn.yellosolarhub.com/products/controladores/NEOSOLAR_CONTROLLERS_20056.jpg",,,,,,,,,false,""
"NEOSOLARCONTROLLERS20057","NEOSOLAR","","","controladores","https://cdn.yellosolarhub.com/products/controladores/NEOSOLAR_CONTROLLERS_20057.jpg",,,,,,,,,false,""
"NEOSOLARCONTROLLERS20079","NEOSOLAR","","","controladores","https://cdn.yellosolarhub.com/products/controladores/NEOSOLAR_CONTROLLERS_20079.jpg",,,,,,,,,false,""
"NEOSOLARCONTROLLERS20080","NEOSOLAR","","","controladores","https://cdn.yellosolarhub.com/products/controladores/NEOSOLAR_CONTROLLERS_20080.jpg",,,,,,,,,false,""
"NEOSOLARCONTROLLERS20082","NEOSOLAR","","","controladores","https://cdn.yellosolarhub.com/products/controladores/NEOSOLAR_CONTROLLERS_20082.jpg",,,,,,,,,false,""
"NEOSOLARCONTROLLERS20084","NEOSOLAR","","","controladores","https://cdn.yellosolarhub.com/products/controladores/NEOSOLAR_CONTROLLERS_20084.jpg",,,,,,,,,false,""
"NEOSOLARCONTROLLERS20085","NEOSOLAR","","","controladores","https://cdn.yellosolarhub.com/products/controladores/NEOSOLAR_CONTROLLERS_20085.jpg",,,,,,,,,false,""
"NEOSOLARCONTROLLERS20105","NEOSOLAR","","","controladores","https://cdn.yellosolarhub.com/products/controladores/NEOSOLAR_CONTROLLERS_20105.jpg",,,,,,,,,false,""
"NEOSOLARCONTROLLERS20106","NEOSOLAR","","","controladores","https://cdn.yellosolarhub.com/products/controladores/NEOSOLAR_CONTROLLERS_20106.jpg",,,,,,,,,false,""
"NEOSOLARCONTROLLERS20107","NEOSOLAR","","","controladores","https://cdn.yellosolarhub.com/products/controladores/NEOSOLAR_CONTROLLERS_20107.jpg",,,,,,,,,false,""
"NEOSOLARCONTROLLERS20109","NEOSOLAR","","","controladores","https://cdn.yellosolarhub.com/products/controladores/NEOSOLAR_CONTROLLERS_20109.jpg",,,,,,,,,false,""
"NEOSOLARCONTROLLERS20110","NEOSOLAR","","","controladores","https://cdn.yellosolarhub.com/products/controladores/NEOSOLAR_CONTROLLERS_20110.jpg",,,,,,,,,false,""
"NEOSOLARCONTROLLERS20112","NEOSOLAR","","","controladores","https://cdn.yellosolarhub.com/products/controladores/NEOSOLAR_CONTROLLERS_20112.jpg",,,,,,,,,false,""
"NEOSOLARCONTROLLERS20114","NEOSOLAR","","","controladores","https://cdn.yellosolarhub.com/products/controladores/NEOSOLAR_CONTROLLERS_20114.jpg",,,,,,,,,false,""
"NEOSOLARCONTROLLERS20126","NEOSOLAR","","","controladores","https://cdn.yellosolarhub.com/products/controladores/neosolar_controllers_20126.jpg",,,,,,,,,false,""
"NEOSOLARCONTROLLERS20127","NEOSOLAR","","","controladores","https://cdn.yellosolarhub.com/products/controladores/neosolar_controllers_20127.jpg",,,,,,,,,false,""
"NEOSOLARCONTROLLERS20128","NEOSOLAR","","","controladores","https://cdn.yellosolarhub.com/products/controladores/neosolar_controllers_20128.jpg",,,,,,,,,false,""
"NEOSOLARCONTROLLERS20131","NEOSOLAR","","","controladores","https://cdn.yellosolarhub.com/products/controladores/neosolar_controllers_20131.jpg",,,,,,,,,false,""
"NEOSOLARCONTROLLERS20132","NEOSOLAR","","","controladores","https://cdn.yellosolarhub.com/products/controladores/neosolar_controllers_20132.jpg",,,,,,,,,false,""
"NEOSOLARCONTROLLERS20134","NEOSOLAR","","","controladores","https://cdn.yellosolarhub.com/products/controladores/neosolar_controllers_20134.jpg",,,,,,,,,false,""
"NEOSOLARCONTROLLERS20135","NEOSOLAR","","","controladores","https://cdn.yellosolarhub.com/products/controladores/neosolar_controllers_20135.jpg",,,,,,,,,false,""
"NEOSOLARCONTROLLERS20137","NEOSOLAR","","","controladores","https://cdn.yellosolarhub.com/products/controladores/neosolar_controllers_20137.jpg",,,,,,,,,false,""
"NEOSOLARCONTROLLERS20139","NEOSOLAR","","","controladores","https://cdn.yellosolarhub.com/products/controladores/neosolar_controllers_20139.jpg",,,,,,,,,false,""
"NEOSOLARCONTROLLERS20142","NEOSOLAR","","","controladores","https://cdn.yellosolarhub.com/products/controladores/neosolar_controllers_20142.jpg",,,,,,,,,false,""
"NEOSOLARCONTROLLERS20356","NEOSOLAR","","","controladores","https://cdn.yellosolarhub.com/products/controladores/NEOSOLAR_CONTROLLERS_20356.jpg",,,,,,,,,false,""
"NEOSOLARCONTROLLERS20357","NEOSOLAR","","","controladores","https://cdn.yellosolarhub.com/products/controladores/NEOSOLAR_CONTROLLERS_20357.jpg",,,,,,,,,false,""
"NEOSOLARCONTROLLERS20358","NEOSOLAR","","","controladores","https://cdn.yellosolarhub.com/products/controladores/NEOSOLAR_CONTROLLERS_20358.jpg",,,,,,,,,false,""
"NEOSOLARCONTROLLERS20359","NEOSOLAR","","","controladores","https://cdn.yellosolarhub.com/products/controladores/NEOSOLAR_CONTROLLERS_20359.jpg",,,,,,,,,false,""
"NEOSOLARCONTROLLERS20392","NEOSOLAR","","","controladores","https://cdn.yellosolarhub.com/products/controladores/NEOSOLAR_CONTROLLERS_20392.jpg",,,,,,,,,false,""
"NEOSOLARCONTROLLERS20781","NEOSOLAR","","","controladores","https://cdn.yellosolarhub.com/products/controladores/NEOSOLAR_CONTROLLERS_20781.jpg",,,,,,,,,false,""
"NEOSOLARCONTROLLERS21564","NEOSOLAR","","","controladores","https://cdn.yellosolarhub.com/products/controladores/NEOSOLAR_CONTROLLERS_21564.jpg",,,,,,,,,false,""
"NEOSOLARCONTROLLERS21565","NEOSOLAR","","","controladores","https://cdn.yellosolarhub.com/products/controladores/NEOSOLAR_CONTROLLERS_21565.jpg",,,,,,,,,false,""
"NEOSOLARCONTROLLERS21708","NEOSOLAR","","","controladores","https://cdn.yellosolarhub.com/products/controladores/NEOSOLAR_CONTROLLERS_21708.jpg",,,,,,,,,false,""
"NEOSOLARCONTROLLERS21709","NEOSOLAR","","","controladores","https://cdn.yellosolarhub.com/products/controladores/NEOSOLAR_CONTROLLERS_21709.jpg",,,,,,,,,false,""
"NEOSOLARCONTROLLERS21998","NEOSOLAR","","","controladores","https://cdn.yellosolarhub.com/products/controladores/neosolar_controllers_21998.jpg",,,,,,,,,false,""
"NEOSOLARCONTROLLERS22397","NEOSOLAR","","","controladores","https://cdn.yellosolarhub.com/products/controladores/NEOSOLAR_CONTROLLERS_22397.jpg",,,,,,,,,false,""
"NEOSOLARCONTROLLERS22724","NEOSOLAR","","","controladores","https://cdn.yellosolarhub.com/products/controladores/NEOSOLAR_CONTROLLERS_22724.jpg",,,,,,,,,false,""
"NEOSOLARCONTROLLERS22725","NEOSOLAR","","","controladores","https://cdn.yellosolarhub.com/products/controladores/NEOSOLAR_CONTROLLERS_22725.jpg",,,,,,,,,false,""
"NEOSOLARCONTROLLERS23052","NEOSOLAR","","","controladores","https://cdn.yellosolarhub.com/products/controladores/neosolar_controllers_23052.jpg",,,,,,,,,false,""
"NEOSOLARCONTROLLERS23053","NEOSOLAR","","","controladores","https://cdn.yellosolarhub.com/products/controladores/neosolar_controllers_23053.jpg",,,,,,,,,false,""
"NEOSOLARCONTROLLERS23054","NEOSOLAR","","","controladores","https://cdn.yellosolarhub.com/products/controladores/neosolar_controllers_23054.jpg",,,,,,,,,false,""
"NEOSOLARCONTROLLERS23055","NEOSOLAR","","","controladores","https://cdn.yellosolarhub.com/products/controladores/neosolar_controllers_23055.jpg",,,,,,,,,false,""
"NEOSOLARCONTROLLERS23071","NEOSOLAR","","","controladores","https://cdn.yellosolarhub.com/products/controladores/NEOSOLAR_CONTROLLERS_23071.jpg",,,,,,,,,false,""
"NEOSOLARCONTROLLERS23072","NEOSOLAR","","","controladores","https://cdn.yellosolarhub.com/products/controladores/NEOSOLAR_CONTROLLERS_23072.jpg",,,,,,,,,false,""
"NEOSOLARCONTROLLERS23354","NEOSOLAR","","","controladores","https://cdn.yellosolarhub.com/products/controladores/NEOSOLAR_CONTROLLERS_23354.jpg",,,,,,,,,false,""
"NEOSOLARCONTROLLERS23355","NEOSOLAR","","","controladores","https://cdn.yellosolarhub.com/products/controladores/NEOSOLAR_CONTROLLERS_23355.jpg",,,,,,,,,false,""
"NEOSOLARCONTROLLERS23500","NEOSOLAR","","","controladores","https://cdn.yellosolarhub.com/products/controladores/NEOSOLAR_CONTROLLERS_23500.jpg",,,,,,,,,false,""
"NEOSOLARCONTROLLERS24166","NEOSOLAR","","","controladores","https://cdn.yellosolarhub.com/products/controladores/NEOSOLAR_CONTROLLERS_24166.jpg",,,,,,,,,false,""
"NEOSOLARCONTROLLERS24241","NEOSOLAR","","","controladores","https://cdn.yellosolarhub.com/products/controladores/NEOSOLAR_CONTROLLERS_24241.jpg",,,,,,,,,false,""
"NEOSOLARCONTROLLERS24245","NEOSOLAR","","","controladores","https://cdn.yellosolarhub.com/products/controladores/NEOSOLAR_CONTROLLERS_24245.jpg",,,,,,,,,false,""
"NEOSOLARCONTROLLERS24349","NEOSOLAR","","","controladores","https://cdn.yellosolarhub.com/products/controladores/NEOSOLAR_CONTROLLERS_24349.jpg",,,,,,,,,false,""
"NEOSOLARCONTROLLERS24798","NEOSOLAR","","","controladores","https://cdn.yellosolarhub.com/products/controladores/NEOSOLAR_CONTROLLERS_24798.jpg",,,,,,,,,false,""
"ENPHASEIQB","ENPHASE","","","ENPHASE","https://cdn.yellosolarhub.com/products/ENPHASE/Enphase-IQB.png",,,,,,,,,false,""
"ENPHASEIQRELAYLLBR","ENPHASE","","","ENPHASE","https://cdn.yellosolarhub.com/products/ENPHASE/ENPHASE-IQ-RELAY-LL-BR.png",,,,,,,,,false,""
"NEOSOLARSTATIONS20077","NEOSOLAR","","","estacoes","https://cdn.yellosolarhub.com/products/estacoes/NEOSOLAR_STATIONS_20077.jpg",,,,,,,,,false,""
"NEOSOLARSTATIONS20078","NEOSOLAR","","","estacoes","https://cdn.yellosolarhub.com/products/estacoes/NEOSOLAR_STATIONS_20078.jpg",,,,,,,,,false,""
"NEOSOLARSTATIONS20121","NEOSOLAR","","","estacoes","https://cdn.yellosolarhub.com/products/estacoes/NEOSOLAR_STATIONS_20121.jpg",,,,,,,,,false,""
"NEOSOLARSTATIONS20122","NEOSOLAR","","","estacoes","https://cdn.yellosolarhub.com/products/estacoes/NEOSOLAR_STATIONS_20122.jpg",,,,,,,,,false,""
"NEOSOLARSTATIONS20286","NEOSOLAR","","","estacoes","https://cdn.yellosolarhub.com/products/estacoes/NEOSOLAR_STATIONS_20286.jpg",,,,,,,,,false,""
"NEOSOLARSTATIONS20369","NEOSOLAR","","","estacoes","https://cdn.yellosolarhub.com/products/estacoes/NEOSOLAR_STATIONS_20369.jpg",,,,,,,,,false,""
"NEOSOLARSTATIONS20371","NEOSOLAR","","","estacoes","https://cdn.yellosolarhub.com/products/estacoes/NEOSOLAR_STATIONS_20371.jpg",,,,,,,,,false,""
"NEOSOLARSTATIONS20789","NEOSOLAR","","","estacoes","https://cdn.yellosolarhub.com/products/estacoes/NEOSOLAR_STATIONS_20789.jpg",,,,,,,,,false,""
"NEOSOLARSTATIONS20925","NEOSOLAR","","","estacoes","https://cdn.yellosolarhub.com/products/estacoes/NEOSOLAR_STATIONS_20925.jpg",,,,,,,,,false,""
"NEOSOLARSTATIONS21769","NEOSOLAR","","","estacoes","https://cdn.yellosolarhub.com/products/estacoes/NEOSOLAR_STATIONS_21769.jpg",,,,,,,,,false,""
"NEOSOLARSTATIONS21770","NEOSOLAR","","","estacoes","https://cdn.yellosolarhub.com/products/estacoes/NEOSOLAR_STATIONS_21770.jpg",,,,,,,,,false,""
"NEOSOLARSTATIONS21771","NEOSOLAR","","","estacoes","https://cdn.yellosolarhub.com/products/estacoes/NEOSOLAR_STATIONS_21771.jpg",,,,,,,,,false,""
"NEOSOLARSTATIONS21772","NEOSOLAR","","","estacoes","https://cdn.yellosolarhub.com/products/estacoes/NEOSOLAR_STATIONS_21772.jpg",,,,,,,,,false,""
"NEOSOLARSTATIONS23503","NEOSOLAR","","","estacoes","https://cdn.yellosolarhub.com/products/estacoes/NEOSOLAR_STATIONS_23503.jpg",,,,,,,,,false,""
"NEOSOLARSTATIONS23504","NEOSOLAR","","","estacoes","https://cdn.yellosolarhub.com/products/estacoes/NEOSOLAR_STATIONS_23504.jpg",,,,,,,,,false,""
"NEOSOLARSTATIONS23505","NEOSOLAR","","","estacoes","https://cdn.yellosolarhub.com/products/estacoes/NEOSOLAR_STATIONS_23505.jpg",,,,,,,,,false,""
"NEOSOLARSTATIONS23780","NEOSOLAR","","","estacoes","https://cdn.yellosolarhub.com/products/estacoes/NEOSOLAR_STATIONS_23780.jpg",,,,,,,,,false,""
"NEOSOLARSTATIONS25205","NEOSOLAR","","","estacoes","https://cdn.yellosolarhub.com/products/estacoes/NEOSOLAR_STATIONS_25205.jpg",,,,,,,,,false,""
"NEOSOLARSTATIONS27352","NEOSOLAR","","","estacoes","https://cdn.yellosolarhub.com/products/estacoes/NEOSOLAR_STATIONS_27352.jpg",,,,,,,,,false,""
"124358","unknown","","","estruturas","https://cdn.yellosolarhub.com/products/estruturas/124358.jpg",,,,,,,,,false,""
"313801","unknown","","","estruturas","https://cdn.yellosolarhub.com/products/estruturas/313801.jpg",,,,,,,,,false,""
"313834","unknown","","","estruturas","https://cdn.yellosolarhub.com/products/estruturas/313834.jpg",,,,,,,,,false,""
"IMAGEPRODUCT400187","unknown","","","estruturas","https://cdn.yellosolarhub.com/products/estruturas/IMAGE_PRODUCT_400187.png",,,,,,,,,false,""
"IMAGEPRODUCT400188","unknown","","","estruturas","https://cdn.yellosolarhub.com/products/estruturas/IMAGE_PRODUCT_400188.png",,,,,,,,,false,""
"IMAGEPRODUCT400190","unknown","","","estruturas","https://cdn.yellosolarhub.com/products/estruturas/IMAGE_PRODUCT_400190.png",,,,,,,,,false,""
"IMAGEPRODUCT401949","unknown","","","estruturas","https://cdn.yellosolarhub.com/products/estruturas/IMAGE_PRODUCT_401949.png",,,,,,,,,false,""
"SKU10678310678317545443332146339","unknown","","","estruturas","https://cdn.yellosolarhub.com/products/estruturas/sku_106783_106783-17545443332146339.jpeg",,,,,,,,,false,""
"SKU12033612033617544835341752786","unknown","","","estruturas","https://cdn.yellosolarhub.com/products/estruturas/sku_120336_120336-17544835341752786.jpeg",,,,,,,,,false,""
"SKU12435812435817544827976815683","unknown","","","estruturas","https://cdn.yellosolarhub.com/products/estruturas/sku_124358_124358-17544827976815683.jpeg",,,,,,,,,false,""
"SKU133930133930717458510676818108","unknown","","","estruturas","https://cdn.yellosolarhub.com/products/estruturas/sku_133930_133930_7-17458510676818108.jpeg",,,,,,,,,false,""
"SKU192098192098617459006542584963","unknown","","","estruturas","https://cdn.yellosolarhub.com/products/estruturas/sku_192098_192098_6-17459006542584963.jpeg",,,,,,,,,false,""
"SKU19240619240617458660592386008","unknown","","","estruturas","https://cdn.yellosolarhub.com/products/estruturas/sku_192406_192406-17458660592386008.jpeg",,,,,,,,,false,""
"SKU19269719269717459129405742263","unknown","","","estruturas","https://cdn.yellosolarhub.com/products/estruturas/sku_192697_192697-17459129405742263.jpeg",,,,,,,,,false,""
"SKU19388319388317459249580491925","unknown","","","estruturas","https://cdn.yellosolarhub.com/products/estruturas/sku_193883_193883-17459249580491925.jpeg",,,,,,,,,false,""
"SKU19508919508917460393803631309","unknown","","","estruturas","https://cdn.yellosolarhub.com/products/estruturas/sku_195089_195089-17460393803631309.jpeg",,,,,,,,,false,""
"SKU195201195201417458881777253997","unknown","","","estruturas","https://cdn.yellosolarhub.com/products/estruturas/sku_195201_195201_4-17458881777253997.jpeg",,,,,,,,,false,""
"SKU211022211022117476865605809426","unknown","","","estruturas","https://cdn.yellosolarhub.com/products/estruturas/sku_211022_211022_1-17476865605809426.jpeg",,,,,,,,,false,""
"SKU215006215006317458331023668129","unknown","","","estruturas","https://cdn.yellosolarhub.com/products/estruturas/sku_215006_215006_3-17458331023668129.jpeg",,,,,,,,,false,""
"SKU215008215008317458709303606537","unknown","","","estruturas","https://cdn.yellosolarhub.com/products/estruturas/sku_215008_215008_3-17458709303606537.jpeg",,,,,,,,,false,""
"SKU309203309203417460398486954422","unknown","","","estruturas","https://cdn.yellosolarhub.com/products/estruturas/sku_309203_309203_4-17460398486954422.jpeg",,,,,,,,,false,""
"SKU31380131380117466238930555038","unknown","","","estruturas","https://cdn.yellosolarhub.com/products/estruturas/sku_313801_313801-17466238930555038.jpeg",,,,,,,,,false,""
"SKU313817313817117466373123721087","unknown","","","estruturas","https://cdn.yellosolarhub.com/products/estruturas/sku_313817_313817_1-17466373123721087.jpeg",,,,,,,,,false,""
"SKU313827313827217466255076298648","unknown","","","estruturas","https://cdn.yellosolarhub.com/products/estruturas/sku_313827_313827_2-17466255076298648.jpeg",,,,,,,,,false,""
"SKU31383231383217466237808078788","unknown","","","estruturas","https://cdn.yellosolarhub.com/products/estruturas/sku_313832_313832-17466237808078788.jpeg",,,,,,,,,false,""
"SKU313834313834117466239027672907","unknown","","","estruturas","https://cdn.yellosolarhub.com/products/estruturas/sku_313834_313834_1-17466239027672907.jpeg",,,,,,,,,false,""
"SKU320786320786517496510879977488","unknown","","","estruturas","https://cdn.yellosolarhub.com/products/estruturas/sku_320786_320786_5-17496510879977488.jpeg",,,,,,,,,false,""
"SKU342425342425217591697083547384","unknown","","","estruturas","https://cdn.yellosolarhub.com/products/estruturas/sku_342425_342425_2-17591697083547384.jpeg",,,,,,,,,false,""
"IIN00021","unknown","","","FORTLEV","https://cdn.yellosolarhub.com/products/FORTLEV/IIN00021.png",,,,,,,,,false,""
"IIN00033","unknown","","","FORTLEV","https://cdn.yellosolarhub.com/products/FORTLEV/IIN00033.png",,,,,,,,,false,""
"IIN00034","unknown","","","FORTLEV","https://cdn.yellosolarhub.com/products/FORTLEV/IIN00034.png",,,,,,,,,false,""
"IIN00040","unknown","","","FORTLEV","https://cdn.yellosolarhub.com/products/FORTLEV/IIN00040.png",,,,,,,,,false,""
"IIN00071","unknown","","","FORTLEV","https://cdn.yellosolarhub.com/products/FORTLEV/IIN00071.png",,,,,,,,,false,""
"IIN00079","unknown","","","FORTLEV","https://cdn.yellosolarhub.com/products/FORTLEV/IIN00079.png",,,,,,,,,false,""
"IIN00081","unknown","","","FORTLEV","https://cdn.yellosolarhub.com/products/FORTLEV/IIN00081.png",,,,,,,,,false,""
"IIN00082","unknown","","","FORTLEV","https://cdn.yellosolarhub.com/products/FORTLEV/IIN00082.png",,,,,,,,,false,""
"IIN00083","unknown","","","FORTLEV","https://cdn.yellosolarhub.com/products/FORTLEV/IIN00083.png",,,,,,,,,false,""
"IIN00110","unknown","","","FORTLEV","https://cdn.yellosolarhub.com/products/FORTLEV/IIN00110.png",,,,,,,,,false,""
"IIN00126","unknown","","","FORTLEV","https://cdn.yellosolarhub.com/products/FORTLEV/IIN00126.png",,,,,,,,,false,""
"IIN00144","unknown","","","FORTLEV","https://cdn.yellosolarhub.com/products/FORTLEV/IIN00144.png",,,,,,,,,false,""
"IIN00148","unknown","","","FORTLEV","https://cdn.yellosolarhub.com/products/FORTLEV/IIN00148.png",,,,,,,,,false,""
"IIN00158","unknown","","","FORTLEV","https://cdn.yellosolarhub.com/products/FORTLEV/IIN00158.png",,,,,,,,,false,""
"IIN00162","unknown","","","FORTLEV","https://cdn.yellosolarhub.com/products/FORTLEV/IIN00162.png",,,,,,,,,false,""
"IIN00168","unknown","","","FORTLEV","https://cdn.yellosolarhub.com/products/FORTLEV/IIN00168.png",,,,,,,,,false,""
"IIN00169","unknown","","","FORTLEV","https://cdn.yellosolarhub.com/products/FORTLEV/IIN00169.png",,,,,,,,,false,""
"IIN00170","unknown","","","FORTLEV","https://cdn.yellosolarhub.com/products/FORTLEV/IIN00170.png",,,,,,,,,false,""
"IIN00174","unknown","","","FORTLEV","https://cdn.yellosolarhub.com/products/FORTLEV/IIN00174.png",,,,,,,,,false,""
"IIN00180","unknown","","","FORTLEV","https://cdn.yellosolarhub.com/products/FORTLEV/IIN00180.png",,,,,,,,,false,""
"IIN00182","unknown","","","FORTLEV","https://cdn.yellosolarhub.com/products/FORTLEV/IIN00182.png",,,,,,,,,false,""
"IIN00184","unknown","","","FORTLEV","https://cdn.yellosolarhub.com/products/FORTLEV/IIN00184.png",,,,,,,,,false,""
"IIN00185","unknown","","","FORTLEV","https://cdn.yellosolarhub.com/products/FORTLEV/IIN00185.png",,,,,,,,,false,""
"IIN00188","unknown","","","FORTLEV","https://cdn.yellosolarhub.com/products/FORTLEV/IIN00188.png",,,,,,,,,false,""
"IIN00189","unknown","","","FORTLEV","https://cdn.yellosolarhub.com/products/FORTLEV/IIN00189.png",,,,,,,,,false,""
"IIN00190","unknown","","","FORTLEV","https://cdn.yellosolarhub.com/products/FORTLEV/IIN00190.png",,,,,,,,,false,""
"IIN00193","unknown","","","FORTLEV","https://cdn.yellosolarhub.com/products/FORTLEV/IIN00193.png",,,,,,,,,false,""
"IIN00194","unknown","","","FORTLEV","https://cdn.yellosolarhub.com/products/FORTLEV/IIN00194.png",,,,,,,,,false,""
"IIN00195","unknown","","","FORTLEV","https://cdn.yellosolarhub.com/products/FORTLEV/IIN00195.png",,,,,,,,,false,""
"IIN00196","unknown","","","FORTLEV","https://cdn.yellosolarhub.com/products/FORTLEV/IIN00196.png",,,,,,,,,false,""
"IIN00210","unknown","","","FORTLEV","https://cdn.yellosolarhub.com/products/FORTLEV/IIN00210.png",,,,,,,,,false,""
"IIN00211","unknown","","","FORTLEV","https://cdn.yellosolarhub.com/products/FORTLEV/IIN00211.png",,,,,,,,,false,""
"IIN00212","unknown","","","FORTLEV","https://cdn.yellosolarhub.com/products/FORTLEV/IIN00212.png",,,,,,,,,false,""
"IIN00214","unknown","","","FORTLEV","https://cdn.yellosolarhub.com/products/FORTLEV/IIN00214.png",,,,,,,,,false,""
"IIN00215","unknown","","","FORTLEV","https://cdn.yellosolarhub.com/products/FORTLEV/IIN00215.png",,,,,,,,,false,""
"IIN00216","unknown","","","FORTLEV","https://cdn.yellosolarhub.com/products/FORTLEV/IIN00216.png",,,,,,,,,false,""
"IIN00217","unknown","","","FORTLEV","https://cdn.yellosolarhub.com/products/FORTLEV/IIN00217.png",,,,,,,,,false,""
"IIN00218","unknown","","","FORTLEV","https://cdn.yellosolarhub.com/products/FORTLEV/IIN00218.png",,,,,,,,,false,""
"IIN00221","unknown","","","FORTLEV","https://cdn.yellosolarhub.com/products/FORTLEV/IIN00221.png",,,,,,,,,false,""
"IIN00224","unknown","","","FORTLEV","https://cdn.yellosolarhub.com/products/FORTLEV/IIN00224.png",,,,,,,,,false,""
"IIN00225","unknown","","","FORTLEV","https://cdn.yellosolarhub.com/products/FORTLEV/IIN00225.png",,,,,,,,,false,""
"IIN00230","unknown","","","FORTLEV","https://cdn.yellosolarhub.com/products/FORTLEV/IIN00230.png",,,,,,,,,false,""
"IIN00231","unknown","","","FORTLEV","https://cdn.yellosolarhub.com/products/FORTLEV/IIN00231.png",,,,,,,,,false,""
"IIN00235","unknown","","","FORTLEV","https://cdn.yellosolarhub.com/products/FORTLEV/IIN00235.png",,,,,,,,,false,""
"IIN00236","unknown","","","FORTLEV","https://cdn.yellosolarhub.com/products/FORTLEV/IIN00236.png",,,,,,,,,false,""
"IIN00237","unknown","","","FORTLEV","https://cdn.yellosolarhub.com/products/FORTLEV/IIN00237.png",,,,,,,,,false,""
"IIN00238","unknown","","","FORTLEV","https://cdn.yellosolarhub.com/products/FORTLEV/IIN00238.png",,,,,,,,,false,""
"IIN00239","unknown","","","FORTLEV","https://cdn.yellosolarhub.com/products/FORTLEV/IIN00239.png",,,,,,,,,false,""
"IIN00241","unknown","","","FORTLEV","https://cdn.yellosolarhub.com/products/FORTLEV/IIN00241.png",,,,,,,,,false,""
"IIN00242","unknown","","","FORTLEV","https://cdn.yellosolarhub.com/products/FORTLEV/IIN00242.png",,,,,,,,,false,""
"IIN00250","unknown","","","FORTLEV","https://cdn.yellosolarhub.com/products/FORTLEV/IIN00250.png",,,,,,,,,false,""
"IIN00251","unknown","","","FORTLEV","https://cdn.yellosolarhub.com/products/FORTLEV/IIN00251.png",,,,,,,,,false,""
"IIN00256","unknown","","","FORTLEV","https://cdn.yellosolarhub.com/products/FORTLEV/IIN00256.png",,,,,,,,,false,""
"IIN00257","unknown","","","FORTLEV","https://cdn.yellosolarhub.com/products/FORTLEV/IIN00257.png",,,,,,,,,false,""
"IIN00258","unknown","","","FORTLEV","https://cdn.yellosolarhub.com/products/FORTLEV/IIN00258.png",,,,,,,,,false,""
"IIN00259","unknown","","","FORTLEV","https://cdn.yellosolarhub.com/products/FORTLEV/IIN00259.png",,,,,,,,,false,""
"IIN00260","unknown","","","FORTLEV","https://cdn.yellosolarhub.com/products/FORTLEV/IIN00260.png",,,,,,,,,false,""
"IIN00261","unknown","","","FORTLEV","https://cdn.yellosolarhub.com/products/FORTLEV/IIN00261.png",,,,,,,,,false,""
"IIN00262","unknown","","","FORTLEV","https://cdn.yellosolarhub.com/products/FORTLEV/IIN00262.png",,,,,,,,,false,""
"IIN00263","unknown","","","FORTLEV","https://cdn.yellosolarhub.com/products/FORTLEV/IIN00263.png",,,,,,,,,false,""
"IIN00264","unknown","","","FORTLEV","https://cdn.yellosolarhub.com/products/FORTLEV/IIN00264.png",,,,,,,,,false,""
"IIN00265","unknown","","","FORTLEV","https://cdn.yellosolarhub.com/products/FORTLEV/IIN00265.png",,,,,,,,,false,""
"IIN00271","unknown","","","FORTLEV","https://cdn.yellosolarhub.com/products/FORTLEV/IIN00271.png",,,,,,,,,false,""
"IIN0028220NEP20RAPID20SHUTDOWN2020A20MC4V2","unknown","","","FORTLEV","https://cdn.yellosolarhub.com/products/FORTLEV/IIN00282%20NEP%20RAPID%20SHUTDOWN%2020A%20(MC4)_v2.png",,,,,,,,,false,""
"IIN00288","unknown","","","FORTLEV","https://cdn.yellosolarhub.com/products/FORTLEV/IIN00288.png",,,,,,,,,false,""
"IIN00289","unknown","","","FORTLEV","https://cdn.yellosolarhub.com/products/FORTLEV/IIN00289.png",,,,,,,,,false,""
"IIN00290","unknown","","","FORTLEV","https://cdn.yellosolarhub.com/products/FORTLEV/IIN00290.png",,,,,,,,,false,""
"IIN00291","unknown","","","FORTLEV","https://cdn.yellosolarhub.com/products/FORTLEV/IIN00291.png",,,,,,,,,false,""
"IIN00292","unknown","","","FORTLEV","https://cdn.yellosolarhub.com/products/FORTLEV/IIN00292.png",,,,,,,,,false,""
"IIN00296","unknown","","","FORTLEV","https://cdn.yellosolarhub.com/products/FORTLEV/IIN00296.png",,,,,,,,,false,""
"IIN00301V2","unknown","","","FORTLEV","https://cdn.yellosolarhub.com/products/FORTLEV/IIN00301_v2.png",,,,,,,,,false,""
"IIN00302","unknown","","","FORTLEV","https://cdn.yellosolarhub.com/products/FORTLEV/IIN00302.png",,,,,,,,,false,""
"IIN00303","unknown","","","FORTLEV","https://cdn.yellosolarhub.com/products/FORTLEV/IIN00303.png",,,,,,,,,false,""
"IIN00304","unknown","","","FORTLEV","https://cdn.yellosolarhub.com/products/FORTLEV/IIN00304.png",,,,,,,,,false,""
"IIN00305","unknown","","","FORTLEV","https://cdn.yellosolarhub.com/products/FORTLEV/IIN00305.png",,,,,,,,,false,""
"IIN00307","unknown","","","FORTLEV","https://cdn.yellosolarhub.com/products/FORTLEV/IIN00307.png",,,,,,,,,false,""
"IIN00308","unknown","","","FORTLEV","https://cdn.yellosolarhub.com/products/FORTLEV/IIN00308.png",,,,,,,,,false,""
"IIN00309","unknown","","","FORTLEV","https://cdn.yellosolarhub.com/products/FORTLEV/IIN00309.png",,,,,,,,,false,""
"IIN00310","unknown","","","FORTLEV","https://cdn.yellosolarhub.com/products/FORTLEV/IIN00310.png",,,,,,,,,false,""
"IIN00311","unknown","","","FORTLEV","https://cdn.yellosolarhub.com/products/FORTLEV/IIN00311.png",,,,,,,,,false,""
"IIN00312","unknown","","","FORTLEV","https://cdn.yellosolarhub.com/products/FORTLEV/IIN00312.png",,,,,,,,,false,""
"IIN00313","unknown","","","FORTLEV","https://cdn.yellosolarhub.com/products/FORTLEV/IIN00313.png",,,,,,,,,false,""
"IIN00318","unknown","","","FORTLEV","https://cdn.yellosolarhub.com/products/FORTLEV/IIN00318.png",,,,,,,,,false,""
"IIN00319","unknown","","","FORTLEV","https://cdn.yellosolarhub.com/products/FORTLEV/IIN00319.png",,,,,,,,,false,""
"IIN00325","unknown","","","FORTLEV","https://cdn.yellosolarhub.com/products/FORTLEV/IIN00325.png",,,,,,,,,false,""
"IIN00326","unknown","","","FORTLEV","https://cdn.yellosolarhub.com/products/FORTLEV/IIN00326.png",,,,,,,,,false,""
"IIN00335","unknown","","","FORTLEV","https://cdn.yellosolarhub.com/products/FORTLEV/IIN00335.png",,,,,,,,,false,""
"IIN00336","unknown","","","FORTLEV","https://cdn.yellosolarhub.com/products/FORTLEV/IIN00336.png",,,,,,,,,false,""
"IIN00337","unknown","","","FORTLEV","https://cdn.yellosolarhub.com/products/FORTLEV/IIN00337.png",,,,,,,,,false,""
"IIN00338","unknown","","","FORTLEV","https://cdn.yellosolarhub.com/products/FORTLEV/IIN00338.png",,,,,,,,,false,""
"IIN00339","unknown","","","FORTLEV","https://cdn.yellosolarhub.com/products/FORTLEV/IIN00339.png",,,,,,,,,false,""
"IIN00340","unknown","","","FORTLEV","https://cdn.yellosolarhub.com/products/FORTLEV/IIN00340.png",,,,,,,,,false,""
"IIN00341","unknown","","","FORTLEV","https://cdn.yellosolarhub.com/products/FORTLEV/IIN00341.png",,,,,,,,,false,""
"IIN00342201","unknown","","","FORTLEV","https://cdn.yellosolarhub.com/products/FORTLEV/IIN00342%20(1).png",,,,,,,,,false,""
"IIN00343","unknown","","","FORTLEV","https://cdn.yellosolarhub.com/products/FORTLEV/IIN00343.png",,,,,,,,,false,""
"IIN00344","unknown","","","FORTLEV","https://cdn.yellosolarhub.com/products/FORTLEV/IIN00344.png",,,,,,,,,false,""
"IIN00345","unknown","","","FORTLEV","https://cdn.yellosolarhub.com/products/FORTLEV/IIN00345.png",,,,,,,,,false,""
"IIN00347","unknown","","","FORTLEV","https://cdn.yellosolarhub.com/products/FORTLEV/IIN00347.png",,,,,,,,,false,""
"IIN00348","unknown","","","FORTLEV","https://cdn.yellosolarhub.com/products/FORTLEV/IIN00348.png",,,,,,,,,false,""
"IIN00349","unknown","","","FORTLEV","https://cdn.yellosolarhub.com/products/FORTLEV/IIN00349.png",,,,,,,,,false,""
"IIN00350","unknown","","","FORTLEV","https://cdn.yellosolarhub.com/products/FORTLEV/IIN00350.png",,,,,,,,,false,""
"IIN00352","unknown","","","FORTLEV","https://cdn.yellosolarhub.com/products/FORTLEV/IIN00352.png",,,,,,,,,false,""
"IIN00357","unknown","","","FORTLEV","https://cdn.yellosolarhub.com/products/FORTLEV/IIN00357.png",,,,,,,,,false,""
"IIN00358","unknown","","","FORTLEV","https://cdn.yellosolarhub.com/products/FORTLEV/IIN00358.png",,,,,,,,,false,""
"IIN00364","unknown","","","FORTLEV","https://cdn.yellosolarhub.com/products/FORTLEV/IIN00364.png",,,,,,,,,false,""
"IIN00365","unknown","","","FORTLEV","https://cdn.yellosolarhub.com/products/FORTLEV/IIN00365.png",,,,,,,,,false,""
"IIN00366","unknown","","","FORTLEV","https://cdn.yellosolarhub.com/products/FORTLEV/IIN00366.png",,,,,,,,,false,""
"IIN00367","unknown","","","FORTLEV","https://cdn.yellosolarhub.com/products/FORTLEV/IIN00367.png",,,,,,,,,false,""
"IIN00368","unknown","","","FORTLEV","https://cdn.yellosolarhub.com/products/FORTLEV/IIN00368.png",,,,,,,,,false,""
"IIN00369","unknown","","","FORTLEV","https://cdn.yellosolarhub.com/products/FORTLEV/IIN00369.png",,,,,,,,,false,""
"IIN00370","unknown","","","FORTLEV","https://cdn.yellosolarhub.com/products/FORTLEV/IIN00370.png",,,,,,,,,false,""
"IIN00371","unknown","","","FORTLEV","https://cdn.yellosolarhub.com/products/FORTLEV/IIN00371.png",,,,,,,,,false,""
"IIN00376V2","unknown","","","FORTLEV","https://cdn.yellosolarhub.com/products/FORTLEV/IIN00376_v2.png",,,,,,,,,false,""
"IIN00377","unknown","","","FORTLEV","https://cdn.yellosolarhub.com/products/FORTLEV/IIN00377.png",,,,,,,,,false,""
"IIN00378","unknown","","","FORTLEV","https://cdn.yellosolarhub.com/products/FORTLEV/IIN00378.png",,,,,,,,,false,""
"IIN00379","unknown","","","FORTLEV","https://cdn.yellosolarhub.com/products/FORTLEV/IIN00379.png",,,,,,,,,false,""
"IIN00380","unknown","","","FORTLEV","https://cdn.yellosolarhub.com/products/FORTLEV/IIN00380.png",,,,,,,,,false,""
"IIN00381","unknown","","","FORTLEV","https://cdn.yellosolarhub.com/products/FORTLEV/IIN00381.png",,,,,,,,,false,""
"IIN00382","unknown","","","FORTLEV","https://cdn.yellosolarhub.com/products/FORTLEV/IIN00382.png",,,,,,,,,false,""
"IIN00383","unknown","","","FORTLEV","https://cdn.yellosolarhub.com/products/FORTLEV/IIN00383.png",,,,,,,,,false,""
"IIN00384","unknown","","","FORTLEV","https://cdn.yellosolarhub.com/products/FORTLEV/IIN00384.png",,,,,,,,,false,""
"IIN00386","unknown","","","FORTLEV","https://cdn.yellosolarhub.com/products/FORTLEV/IIN00386.png",,,,,,,,,false,""
"IMO00093","unknown","","","FORTLEV","https://cdn.yellosolarhub.com/products/FORTLEV/IMO00093.png",,,,,,,,,false,""
"IMO00135","unknown","","","FORTLEV","https://cdn.yellosolarhub.com/products/FORTLEV/IMO00135.png",,,,,,,,,false,""
"CORRUGADO","unknown","","","GENERIC-COMPONENTS","https://cdn.yellosolarhub.com/products/GENERIC-COMPONENTS/corrugado.png",,,,,,,,,false,""
"DUTOCORRUGADO","unknown","","","GENERIC-COMPONENTS","https://cdn.yellosolarhub.com/products/GENERIC-COMPONENTS/duto_corrugado.png",,,,,,,,,false,""
"IMAGEM","unknown","","","GENERIC-COMPONENTS","https://cdn.yellosolarhub.com/products/GENERIC-COMPONENTS/imagem.png",,,,,,,,,false,""
"GROWATT20MIC3000TLX20220V20201MPPT","GROWATT","","","GROWATT","https://cdn.yellosolarhub.com/products/GROWATT/GROWATT%20MIC3000TL-X%20-220V%20-%201MPPT.png",,,,,,,,,false,""
"GROWATTMIC3000TLX2220V1MPPT","GROWATT","","","GROWATT","https://cdn.yellosolarhub.com/products/GROWATT/GROWATT-MIC-3000TL-X2-220V-1MPPT.png",,,,,,,,,false,""
"GROWATTMID40KTL3X2380V4MPPTV2","GROWATT","","","GROWATT","https://cdn.yellosolarhub.com/products/GROWATT/GROWATT-MID40KTL3-X2---380V---4MPPT_v2.png",,,,,,,,,false,""
"GROWATTMIN7500TLX2220V2MPPT","GROWATT","","","GROWATT","https://cdn.yellosolarhub.com/products/GROWATT/GROWATT-MIN7500TL-X2-220V-2MPPT.png",,,,,,,,,false,""
"GROWATTMOD15KTL3X2380V2MPPT","GROWATT","","","GROWATT","https://cdn.yellosolarhub.com/products/GROWATT/GROWATT-MOD15KTL3-X2-380V-2-MPPT.png",,,,,,,,,false,""
"GROWATTNEO2000MX2000W220V","GROWATT","","","GROWATT","https://cdn.yellosolarhub.com/products/GROWATT/GROWATT-NEO-2000M-X-2000W-220V.png",,,,,,,,,false,""
"GROWATTNEO225","GROWATT","","","GROWATT","https://cdn.yellosolarhub.com/products/GROWATT/GROWATT-NEO-2,25.png",,,,,,,,,false,""
"ICV0000220CARREGADOR20VEICULAR20WALLBOX20GROWATT20THOR07ASP20THO","GROWATT","","","GROWATT","https://cdn.yellosolarhub.com/products/GROWATT/ICV00002%20CARREGADOR%20VEICULAR%20WALLBOX%20GROWATT%20THOR07AS-P%20THO.png",,,,,,,,,false,""
"IIN00232GROWATTMAX75KTL3XL2220V8MPPT","GROWATT","","","GROWATT","https://cdn.yellosolarhub.com/products/GROWATT/IIN00232-GROWATT-MAX-75KTL3-XL2-220V-8MPPT.png",,,,,,,,,false,""
"IIN00316HUAWEISUN2000100KTLM2380V10MPPT","HUAWEI","","","HUAWEI","https://cdn.yellosolarhub.com/products/HUAWEI/IIN00316-HUAWEI-SUN2000-100KTL-M2-380V-10MPPT.png",,,,,,,,,false,""
"112369","unknown","","","inversores","https://cdn.yellosolarhub.com/products/inversores/112369.jpg",,,,,,,,,false,""
"135720","unknown","","","inversores","https://cdn.yellosolarhub.com/products/inversores/135720.jpg",,,,,,,,,false,""
"145763","unknown","","","inversores","https://cdn.yellosolarhub.com/products/inversores/145763.jpg",,,,,,,,,false,""
"152147","unknown","","","inversores","https://cdn.yellosolarhub.com/products/inversores/152147.jpg",,,,,,,,,false,""
"192575","unknown","","","inversores","https://cdn.yellosolarhub.com/products/inversores/192575.jpg",,,,,,,,,false,""
"192576","unknown","","","inversores","https://cdn.yellosolarhub.com/products/inversores/192576.jpg",,,,,,,,,false,""
"222132","unknown","","","inversores","https://cdn.yellosolarhub.com/products/inversores/222132.png",,,,,,,,,false,""
"222133","unknown","","","inversores","https://cdn.yellosolarhub.com/products/inversores/222133.png",,,,,,,,,false,""
"246761","unknown","","","inversores","https://cdn.yellosolarhub.com/products/inversores/246761.jpg",,,,,,,,,false,""
"246763","unknown","","","inversores","https://cdn.yellosolarhub.com/products/inversores/246763.jpg",,,,,,,,,false,""
"246764","unknown","","","inversores","https://cdn.yellosolarhub.com/products/inversores/246764.jpg",,,,,,,,,false,""
"267277","unknown","","","inversores","https://cdn.yellosolarhub.com/products/inversores/267277.jpg",,,,,,,,,false,""
"276954","unknown","","","inversores","https://cdn.yellosolarhub.com/products/inversores/276954.jpg",,,,,,,,,false,""
"286844","unknown","","","inversores","https://cdn.yellosolarhub.com/products/inversores/286844.png",,,,,,,,,false,""
"289241","unknown","","","inversores","https://cdn.yellosolarhub.com/products/inversores/289241.jpg",,,,,,,,,false,""
"292421","unknown","","","inversores","https://cdn.yellosolarhub.com/products/inversores/292421.jpg",,,,,,,,,false,""
"299591","unknown","","","inversores","https://cdn.yellosolarhub.com/products/inversores/299591.jpg",,,,,,,,,false,""
"315148","unknown","","","inversores","https://cdn.yellosolarhub.com/products/inversores/315148.jpg",,,,,,,,,false,""
"DEYESUN25KG02LVIMAGE","DEYE","","","inversores","https://cdn.yellosolarhub.com/products/inversores/DEYE-SUN-25K-G02-LV_image.png",,,,,,,,,false,""
"DEYESUN35KG02LVIMAGE","DEYE","","","inversores","https://cdn.yellosolarhub.com/products/inversores/DEYE-SUN-35K-G02-LV_image.jpeg",,,,,,,,,false,""
"DEYESUN5KGIMAGE","DEYE","","","inversores","https://cdn.yellosolarhub.com/products/inversores/DEYE-SUN-5K-G_image.webp",,,,,,,,,false,""
"DEYESUN75KG01P3LVIMAGE","DEYE","","","inversores","https://cdn.yellosolarhub.com/products/inversores/DEYE-SUN-75K-G01P3-LV_image.png",,,,,,,,,false,""
"DEYESUN8KGIMAGE","DEYE","","","inversores","https://cdn.yellosolarhub.com/products/inversores/DEYE-SUN-8K-G_image.jpg",,,,,,,,,false,""
"ENPHASEIQ8P722BRIMAGEPRODUCT600340","ENPHASE","","","inversores","https://cdn.yellosolarhub.com/products/inversores/ENPHASE-IQ8P-72-2-BR_IMAGE_PRODUCT_600340.jpeg",,,,,,,,,false,""
"GOODWEEZLOGGERPROIMAGE","GOODWE","","","inversores","https://cdn.yellosolarhub.com/products/inversores/GOODWE-EZLOGGER PRO_image.png",,,,,,,,,false,""
"GOODWEGW100KGTAFCIIMAGEPRODUCT600342","GOODWE","","","inversores","https://cdn.yellosolarhub.com/products/inversores/GOODWE-GW100K-GT - AFCI_IMAGE_PRODUCT_600342.jpg",,,,,,,,,false,""
"GOODWEGW100KHTIMAGEPRODUCT600066","GOODWE","","","inversores","https://cdn.yellosolarhub.com/products/inversores/GOODWE-GW 100K-HT_IMAGE_PRODUCT_600066.png",,,,,,,,,false,""
"GOODWEGW100KHTIMAGEPRODUCT600126","GOODWE","","","inversores","https://cdn.yellosolarhub.com/products/inversores/GOODWE-GW100K-HT_IMAGE_PRODUCT_600126.png",,,,,,,,,false,""
"GOODWEGW10KBTIMAGE","GOODWE","","","inversores","https://cdn.yellosolarhub.com/products/inversores/GOODWE-GW10K-BT_image.webp",,,,,,,,,false,""
"GOODWEGW10KMS3020AAFCIIMAGE","GOODWE","","","inversores","https://cdn.yellosolarhub.com/products/inversores/GOODWE-GW 10K-MS-30 (20A) - AFCI_image.png",,,,,,,,,false,""
"GOODWEGW10KMSG40AFCICRSDIMAGEPRODUCT600398","GOODWE","","","inversores","https://cdn.yellosolarhub.com/products/inversores/GOODWE-GW10K-MS-G40 - AFCI C- RSD_IMAGE_PRODUCT_600398.png",,,,,,,,,false,""
"GOODWEGW10KMSG40AFCIIMAGEPRODUCT600463","GOODWE","","","inversores","https://cdn.yellosolarhub.com/products/inversores/GOODWE-GW10K-MS-G40 - AFCI_IMAGE_PRODUCT_600463.png",,,,,,,,,false,""
"GOODWEGW110KHTIMAGEPRODUCT600023","GOODWE","","","inversores","https://cdn.yellosolarhub.com/products/inversores/GOODWE-GW 110K-HT_IMAGE_PRODUCT_600023.png",,,,,,,,,false,""
"GOODWEGW12KLETAFCIIMAGEPRODUCT600363","GOODWE","","","inversores","https://cdn.yellosolarhub.com/products/inversores/GOODWE-GW12KL-ET - AFCI_IMAGE_PRODUCT_600363.png",,,,,,,,,false,""
"GOODWEGW12KLVMTIMAGE","GOODWE","","","inversores","https://cdn.yellosolarhub.com/products/inversores/GOODWE-GW 12KLV-MT_image.jpg",,,,,,,,,false,""
"GOODWEGW12KLVSDTC30AFCIIMAGE","GOODWE","","","inversores","https://cdn.yellosolarhub.com/products/inversores/GOODWE-GW 12KLV-SDT-C30 - AFCI_image.png",,,,,,,,,false,""
"GOODWEGW12KLVSDTC31AFCIIMAGEPRODUCT600400","GOODWE","","","inversores","https://cdn.yellosolarhub.com/products/inversores/GOODWE-GW12KLV-SDT-C31 - AFCI_IMAGE_PRODUCT_600400.png",,,,,,,,,false,""
"GOODWEGW15KETAFCIIMAGEPRODUCT600348","GOODWE","","","inversores","https://cdn.yellosolarhub.com/products/inversores/GOODWE-GW15K-ET - AFCI_IMAGE_PRODUCT_600348.png",,,,,,,,,false,""
"GOODWEGW15KLVMTIMAGE","GOODWE","","","inversores","https://cdn.yellosolarhub.com/products/inversores/GOODWE-GW 15KLV-MT_image.jpeg",,,,,,,,,false,""
"GOODWEGW17KLVSDTC30AFCIIMAGEPRODUCT600275","GOODWE","","","inversores","https://cdn.yellosolarhub.com/products/inversores/GOODWE-GW17KLV-SDT-C30 - AFCI_IMAGE_PRODUCT_600275.png",,,,,,,,,false,""
"GOODWEGW2000MISIMAGEPRODUCT600329","GOODWE","","","inversores","https://cdn.yellosolarhub.com/products/inversores/GOODWE-GW2000-MIS_IMAGE_PRODUCT_600329.jpg",,,,,,,,,false,""
"GOODWEGW20KETAFCIIMAGEPRODUCT600149","GOODWE","","","inversores","https://cdn.yellosolarhub.com/products/inversores/GOODWE-GW20K-ET - AFCI_IMAGE_PRODUCT_600149.png",,,,,,,,,false,""
"GOODWEGW20KLVMTAFCIIMAGE","GOODWE","","","inversores","https://cdn.yellosolarhub.com/products/inversores/GOODWE-GW 20KLV-MT - AFCI_image.png",,,,,,,,,false,""
"GOODWEGW20KSDT31AFCICRSDIMAGEPRODUCT600453","GOODWE","","","inversores","https://cdn.yellosolarhub.com/products/inversores/GOODWE-GW20K-SDT-31 - AFCI C- RSD_IMAGE_PRODUCT_600453.png",,,,,,,,,false,""
"GOODWEGW23KLVSDTBR30AFCIIMAGEPRODUCT600352","GOODWE","","","inversores","https://cdn.yellosolarhub.com/products/inversores/GOODWE-GW23KLV-SDT-BR30 - AFCI_IMAGE_PRODUCT_600352.jpg",,,,,,,,,false,""
"GOODWEGW250KHTIMAGEPRODUCT600142","GOODWE","","","inversores","https://cdn.yellosolarhub.com/products/inversores/GOODWE-GW250K-HT_IMAGE_PRODUCT_600142.png",,,,,,,,,false,""
"GOODWEGW250KHUTIMAGEPRODUCT600344","GOODWE","","","inversores","https://cdn.yellosolarhub.com/products/inversores/GOODWE-GW250KH-UT_IMAGE_PRODUCT_600344.png",,,,,,,,,false,""
"GOODWEGW250KNHTIMAGE","GOODWE","","","inversores","https://cdn.yellosolarhub.com/products/inversores/GOODWE-GW250KN-HT_image.png",,,,,,,,,false,""
"GOODWEGW25KSDTP31AFCICRSDIMAGEPRODUCT600452","GOODWE","","","inversores","https://cdn.yellosolarhub.com/products/inversores/GOODWE-GW25K-SDT-P31 - AFCI C- RSD_IMAGE_PRODUCT_600452.png",,,,,,,,,false,""
"GOODWEGW25KSDTP31AFCIIMAGEPRODUCT600404","GOODWE","","","inversores","https://cdn.yellosolarhub.com/products/inversores/GOODWE-GW25K-SDT-P31 - AFCI_IMAGE_PRODUCT_600404.png",,,,,,,,,false,""
"GOODWEGW30KETAFCIIMAGEPRODUCT600150","GOODWE","","","inversores","https://cdn.yellosolarhub.com/products/inversores/GOODWE-GW30K-ET - AFCI_IMAGE_PRODUCT_600150.png",,,,,,,,,false,""
"GOODWEGW30KLSMTAFCIIMAGEPRODUCT600268","GOODWE","","","inversores","https://cdn.yellosolarhub.com/products/inversores/GOODWE-GW 30KLS-MT - AFCI_IMAGE_PRODUCT_600268.png",,,,,,,,,false,""
"GOODWEGW30KLSMTAFCIREDIMAGEPRODUCT600483","GOODWE","","","inversores","https://cdn.yellosolarhub.com/products/inversores/GOODWE-GW 30KLS-MT - AFCI RED_IMAGE_PRODUCT_600483.png",,,,,,,,,false,""
"GOODWEGW30KSDTC30AFCIIMAGE","GOODWE","","","inversores","https://cdn.yellosolarhub.com/products/inversores/GOODWE-GW 30K-SDT-C30 - AFCI_image.png",,,,,,,,,false,""
"GOODWEGW3300XS30AFCIIMAGE","GOODWE","","","inversores","https://cdn.yellosolarhub.com/products/inversores/GOODWE-GW 3300-XS-30 - AFCI_image.png",,,,,,,,,false,""
"GOODWEGW3500LESBR20IMAGEPRODUCT600361","GOODWE","","","inversores","https://cdn.yellosolarhub.com/products/inversores/GOODWE-GW3500L-ES-BR20_IMAGE_PRODUCT_600361.png",,,,,,,,,false,""
"GOODWEGW35KLSMTAFCIIMAGE","GOODWE","","","inversores","https://cdn.yellosolarhub.com/products/inversores/GOODWE-GW 35KLS-MT - AFCI_image.png",,,,,,,,,false,""
"GOODWEGW35KLSMTIMAGEPRODUCT600109","GOODWE","","","inversores","https://cdn.yellosolarhub.com/products/inversores/GOODWE-GW 35KLS-MT_IMAGE_PRODUCT_600109.png",,,,,,,,,false,""
"GOODWEGW3600ESBR20AFCIIMAGE","GOODWE","","","inversores","https://cdn.yellosolarhub.com/products/inversores/GOODWE-GW3600-ES-BR20 - AFCI_image.png",,,,,,,,,false,""
"GOODWEGW36KMTAFCIIMAGE","GOODWE","","","inversores","https://cdn.yellosolarhub.com/products/inversores/GOODWE-GW 36K-MT - AFCI_image.jpeg",,,,,,,,,false,""
"GOODWEGW37K5SDTBR30AFCIIMAGEPRODUCT600350","GOODWE","","","inversores","https://cdn.yellosolarhub.com/products/inversores/GOODWE-GW37K5-SDT-BR30 - AFCI_IMAGE_PRODUCT_600350.jpg",,,,,,,,,false,""
"GOODWEGW5000DNS3016AAFCIIMAGE","GOODWE","","","inversores","https://cdn.yellosolarhub.com/products/inversores/GOODWE-GW 5000-DNS-30 (16A) - AFCI_image.png",,,,,,,,,false,""
"GOODWEGW50KSMTAFCIIMAGE","GOODWE","","","inversores","https://cdn.yellosolarhub.com/products/inversores/GOODWE-GW 50KS-MT - AFCI_image.png",,,,,,,,,false,""
"GOODWEGW6000ESBR20AFCIIMAGE","GOODWE","","","inversores","https://cdn.yellosolarhub.com/products/inversores/GOODWE-GW6000-ES-BR20 - AFCI_image.png",,,,,,,,,false,""
"GOODWEGW6000SBP20IMAGE","GOODWE","","","inversores","https://cdn.yellosolarhub.com/products/inversores/GOODWE-GW6000-SBP-20_image.webp",,,,,,,,,false,""
"GOODWEGW60KSMTAFCIIMAGE","GOODWE","","","inversores","https://cdn.yellosolarhub.com/products/inversores/GOODWE-GW 60KS-MT - AFCI_image.png",,,,,,,,,false,""
"GOODWEGW60KSMTIMAGE","GOODWE","","","inversores","https://cdn.yellosolarhub.com/products/inversores/GOODWE-GW 60KS-MT_image.png",,,,,,,,,false,""
"GOODWEGW73KLVHTAFCIIMAGE","GOODWE","","","inversores","https://cdn.yellosolarhub.com/products/inversores/GOODWE-GW 73KLV-HT - AFCI_image.png",,,,,,,,,false,""
"GOODWEGW75KSMTAFCIIMAGEPRODUCT600328","GOODWE","","","inversores","https://cdn.yellosolarhub.com/products/inversores/GOODWE-GW75K-SMT - AFCI_IMAGE_PRODUCT_600328.png",,,,,,,,,false,""
"GROWATTMAC36KTL3XLAFCIIMAGEPRODUCT600303","GROWATT","","","inversores","https://cdn.yellosolarhub.com/products/inversores/GROWATT-MAC 36KTL3-XL - AFCI_IMAGE_PRODUCT_600303.png",,,,,,,,,false,""
"GROWATTMAX50KTL3XL2AFCIIMAGEPRODUCT600305","GROWATT","","","inversores","https://cdn.yellosolarhub.com/products/inversores/GROWATT-MAX 50KTL3-XL2 - AFCI_IMAGE_PRODUCT_600305.png",,,,,,,,,false,""
"GROWATTMAX50KTL3XL2IMAGE","GROWATT","","","inversores","https://cdn.yellosolarhub.com/products/inversores/GROWATT-MAX 50KTL3-XL2_image.webp",,,,,,,,,false,""
"GROWATTMAX60KTL3XL2IMAGE","GROWATT","","","inversores","https://cdn.yellosolarhub.com/products/inversores/GROWATT-MAX60KTL3-XL 2_image.webp",,,,,,,,,false,""
"GROWATTMID20KTL3XL2AFCIIMAGEPRODUCT600308","GROWATT","","","inversores","https://cdn.yellosolarhub.com/products/inversores/GROWATT-MID 20KTL3 XL2 - AFCI_IMAGE_PRODUCT_600308.png",,,,,,,,,false,""
"GROWATTMID50KTL3X2AFCIIMAGEPRODUCT600314","GROWATT","","","inversores","https://cdn.yellosolarhub.com/products/inversores/GROWATT-MID 50KTL3-X2 - AFCI_IMAGE_PRODUCT_600314.png",,,,,,,,,false,""
"HUAWEISUN200010KLC0AFCIIMAGEPRODUCT600386","HUAWEI","","","inversores","https://cdn.yellosolarhub.com/products/inversores/HUAWEI-SUN2000-10K-LC0 - AFCI_IMAGE_PRODUCT_600386.png",,,,,,,,,false,""
"HUAWEISUN200012KMB0AFCIIMAGEPRODUCT600387","HUAWEI","","","inversores","https://cdn.yellosolarhub.com/products/inversores/HUAWEI-SUN2000-12K-MB0 - AFCI_IMAGE_PRODUCT_600387.png",,,,,,,,,false,""
"HUAWEISUN200015KMB0AFCIIMAGEPRODUCT600388","HUAWEI","","","inversores","https://cdn.yellosolarhub.com/products/inversores/HUAWEI-SUN2000-15K-MB0 - AFCI_IMAGE_PRODUCT_600388.png",,,,,,,,,false,""
"HUAWEISUN20003KTLL1AFCIIMAGEPRODUCT600382","HUAWEI","","","inversores","https://cdn.yellosolarhub.com/products/inversores/HUAWEI-SUN2000-3KTL-L1 - AFCI_IMAGE_PRODUCT_600382.png",,,,,,,,,false,""
"HUAWEISUN20004KTLL1AFCIIMAGEPRODUCT600423","HUAWEI","","","inversores","https://cdn.yellosolarhub.com/products/inversores/HUAWEI-SUN2000-4KTL-L1 - AFCI_IMAGE_PRODUCT_600423.png",,,,,,,,,false,""
"IMAGEPRODUCT600023","unknown","","","inversores","https://cdn.yellosolarhub.com/products/inversores/IMAGE_PRODUCT_600023.png",,,,,,,,,false,""
"IMAGEPRODUCT600066","unknown","","","inversores","https://cdn.yellosolarhub.com/products/inversores/IMAGE_PRODUCT_600066.png",,,,,,,,,false,""
"IMAGEPRODUCT600109","unknown","","","inversores","https://cdn.yellosolarhub.com/products/inversores/IMAGE_PRODUCT_600109.png",,,,,,,,,false,""
"IMAGEPRODUCT600126","unknown","","","inversores","https://cdn.yellosolarhub.com/products/inversores/IMAGE_PRODUCT_600126.png",,,,,,,,,false,""
"IMAGEPRODUCT600142","unknown","","","inversores","https://cdn.yellosolarhub.com/products/inversores/IMAGE_PRODUCT_600142.png",,,,,,,,,false,""
"IMAGEPRODUCT600149","unknown","","","inversores","https://cdn.yellosolarhub.com/products/inversores/IMAGE_PRODUCT_600149.png",,,,,,,,,false,""
"IMAGEPRODUCT600150","unknown","","","inversores","https://cdn.yellosolarhub.com/products/inversores/IMAGE_PRODUCT_600150.png",,,,,,,,,false,""
"IMAGEPRODUCT600243","unknown","","","inversores","https://cdn.yellosolarhub.com/products/inversores/IMAGE_PRODUCT_600243.png",,,,,,,,,false,""
"IMAGEPRODUCT600268","unknown","","","inversores","https://cdn.yellosolarhub.com/products/inversores/IMAGE_PRODUCT_600268.png",,,,,,,,,false,""
"IMAGEPRODUCT600275","unknown","","","inversores","https://cdn.yellosolarhub.com/products/inversores/IMAGE_PRODUCT_600275.png",,,,,,,,,false,""
"IMAGEPRODUCT600303","unknown","","","inversores","https://cdn.yellosolarhub.com/products/inversores/IMAGE_PRODUCT_600303.png",,,,,,,,,false,""
"IMAGEPRODUCT600304","unknown","","","inversores","https://cdn.yellosolarhub.com/products/inversores/IMAGE_PRODUCT_600304.png",,,,,,,,,false,""
"IMAGEPRODUCT600305","unknown","","","inversores","https://cdn.yellosolarhub.com/products/inversores/IMAGE_PRODUCT_600305.png",,,,,,,,,false,""
"IMAGEPRODUCT600307","unknown","","","inversores","https://cdn.yellosolarhub.com/products/inversores/IMAGE_PRODUCT_600307.png",,,,,,,,,false,""
"IMAGEPRODUCT600308","unknown","","","inversores","https://cdn.yellosolarhub.com/products/inversores/IMAGE_PRODUCT_600308.png",,,,,,,,,false,""
"IMAGEPRODUCT600311","unknown","","","inversores","https://cdn.yellosolarhub.com/products/inversores/IMAGE_PRODUCT_600311.png",,,,,,,,,false,""
"IMAGEPRODUCT600314","unknown","","","inversores","https://cdn.yellosolarhub.com/products/inversores/IMAGE_PRODUCT_600314.png",,,,,,,,,false,""
"IMAGEPRODUCT600328","unknown","","","inversores","https://cdn.yellosolarhub.com/products/inversores/IMAGE_PRODUCT_600328.png",,,,,,,,,false,""
"IMAGEPRODUCT600329","unknown","","","inversores","https://cdn.yellosolarhub.com/products/inversores/IMAGE_PRODUCT_600329.jpg",,,,,,,,,false,""
"IMAGEPRODUCT600340","unknown","","","inversores","https://cdn.yellosolarhub.com/products/inversores/IMAGE_PRODUCT_600340.jpeg",,,,,,,,,false,""
"IMAGEPRODUCT600342","unknown","","","inversores","https://cdn.yellosolarhub.com/products/inversores/IMAGE_PRODUCT_600342.jpg",,,,,,,,,false,""
"IMAGEPRODUCT600344","unknown","","","inversores","https://cdn.yellosolarhub.com/products/inversores/IMAGE_PRODUCT_600344.png",,,,,,,,,false,""
"IMAGEPRODUCT600348","unknown","","","inversores","https://cdn.yellosolarhub.com/products/inversores/IMAGE_PRODUCT_600348.png",,,,,,,,,false,""
"IMAGEPRODUCT600350","unknown","","","inversores","https://cdn.yellosolarhub.com/products/inversores/IMAGE_PRODUCT_600350.jpg",,,,,,,,,false,""
"IMAGEPRODUCT600352","unknown","","","inversores","https://cdn.yellosolarhub.com/products/inversores/IMAGE_PRODUCT_600352.jpg",,,,,,,,,false,""
"IMAGEPRODUCT600358","unknown","","","inversores","https://cdn.yellosolarhub.com/products/inversores/IMAGE_PRODUCT_600358.png",,,,,,,,,false,""
"IMAGEPRODUCT600361","unknown","","","inversores","https://cdn.yellosolarhub.com/products/inversores/IMAGE_PRODUCT_600361.png",,,,,,,,,false,""
"IMAGEPRODUCT600363","unknown","","","inversores","https://cdn.yellosolarhub.com/products/inversores/IMAGE_PRODUCT_600363.png",,,,,,,,,false,""
"IMAGEPRODUCT600369","unknown","","","inversores","https://cdn.yellosolarhub.com/products/inversores/IMAGE_PRODUCT_600369.png",,,,,,,,,false,""
"IMAGEPRODUCT600381","unknown","","","inversores","https://cdn.yellosolarhub.com/products/inversores/IMAGE_PRODUCT_600381.png",,,,,,,,,false,""
"IMAGEPRODUCT600382","unknown","","","inversores","https://cdn.yellosolarhub.com/products/inversores/IMAGE_PRODUCT_600382.png",,,,,,,,,false,""
"IMAGEPRODUCT600386","unknown","","","inversores","https://cdn.yellosolarhub.com/products/inversores/IMAGE_PRODUCT_600386.png",,,,,,,,,false,""
"IMAGEPRODUCT600387","unknown","","","inversores","https://cdn.yellosolarhub.com/products/inversores/IMAGE_PRODUCT_600387.png",,,,,,,,,false,""
"IMAGEPRODUCT600388","unknown","","","inversores","https://cdn.yellosolarhub.com/products/inversores/IMAGE_PRODUCT_600388.png",,,,,,,,,false,""
"IMAGEPRODUCT600398","unknown","","","inversores","https://cdn.yellosolarhub.com/products/inversores/IMAGE_PRODUCT_600398.png",,,,,,,,,false,""
"IMAGEPRODUCT600400","unknown","","","inversores","https://cdn.yellosolarhub.com/products/inversores/IMAGE_PRODUCT_600400.png",,,,,,,,,false,""
"IMAGEPRODUCT600404","unknown","","","inversores","https://cdn.yellosolarhub.com/products/inversores/IMAGE_PRODUCT_600404.png",,,,,,,,,false,""
"IMAGEPRODUCT600423","unknown","","","inversores","https://cdn.yellosolarhub.com/products/inversores/IMAGE_PRODUCT_600423.png",,,,,,,,,false,""
"IMAGEPRODUCT600452","unknown","","","inversores","https://cdn.yellosolarhub.com/products/inversores/IMAGE_PRODUCT_600452.png",,,,,,,,,false,""
"IMAGEPRODUCT600453","unknown","","","inversores","https://cdn.yellosolarhub.com/products/inversores/IMAGE_PRODUCT_600453.png",,,,,,,,,false,""
"IMAGEPRODUCT600463","unknown","","","inversores","https://cdn.yellosolarhub.com/products/inversores/IMAGE_PRODUCT_600463.png",,,,,,,,,false,""
"IMAGEPRODUCT600483","unknown","","","inversores","https://cdn.yellosolarhub.com/products/inversores/IMAGE_PRODUCT_600483.png",,,,,,,,,false,""
"NEOSOLARINVERTERS20217","NEOSOLAR","","","inversores","https://cdn.yellosolarhub.com/products/inversores/neosolar_inverters_20217.jpg",,,,,,,,,false,""
"NEOSOLARINVERTERS20247","NEOSOLAR","","","inversores","https://cdn.yellosolarhub.com/products/inversores/neosolar_inverters_20247.jpg",,,,,,,,,false,""
"NEOSOLARINVERTERS20249","NEOSOLAR","","","inversores","https://cdn.yellosolarhub.com/products/inversores/neosolar_inverters_20249.jpg",,,,,,,,,false,""
"NEOSOLARINVERTERS20250","NEOSOLAR","","","inversores","https://cdn.yellosolarhub.com/products/inversores/neosolar_inverters_20250.jpg",,,,,,,,,false,""
"NEOSOLARINVERTERS20252","NEOSOLAR","","","inversores","https://cdn.yellosolarhub.com/products/inversores/neosolar_inverters_20252.jpg",,,,,,,,,false,""
"NEOSOLARINVERTERS20253","NEOSOLAR","","","inversores","https://cdn.yellosolarhub.com/products/inversores/neosolar_inverters_20253.jpg",,,,,,,,,false,""
"NEOSOLARINVERTERS20255","NEOSOLAR","","","inversores","https://cdn.yellosolarhub.com/products/inversores/neosolar_inverters_20255.jpg",,,,,,,,,false,""
"NEOSOLARINVERTERS20256","NEOSOLAR","","","inversores","https://cdn.yellosolarhub.com/products/inversores/neosolar_inverters_20256.jpg",,,,,,,,,false,""
"NEOSOLARINVERTERS20258","NEOSOLAR","","","inversores","https://cdn.yellosolarhub.com/products/inversores/neosolar_inverters_20258.jpg",,,,,,,,,false,""
"NEOSOLARINVERTERS20259","NEOSOLAR","","","inversores","https://cdn.yellosolarhub.com/products/inversores/neosolar_inverters_20259.jpg",,,,,,,,,false,""
"NEOSOLARINVERTERS20260","NEOSOLAR","","","inversores","https://cdn.yellosolarhub.com/products/inversores/neosolar_inverters_20260.jpg",,,,,,,,,false,""
"NEOSOLARINVERTERS20261","NEOSOLAR","","","inversores","https://cdn.yellosolarhub.com/products/inversores/neosolar_inverters_20261.jpg",,,,,,,,,false,""
"NEOSOLARINVERTERS20262","NEOSOLAR","","","inversores","https://cdn.yellosolarhub.com/products/inversores/neosolar_inverters_20262.jpg",,,,,,,,,false,""
"NEOSOLARINVERTERS20264","NEOSOLAR","","","inversores","https://cdn.yellosolarhub.com/products/inversores/neosolar_inverters_20264.jpg",,,,,,,,,false,""
"NEOSOLARINVERTERS20265","NEOSOLAR","","","inversores","https://cdn.yellosolarhub.com/products/inversores/neosolar_inverters_20265.jpg",,,,,,,,,false,""
"NEOSOLARINVERTERS20266","NEOSOLAR","","","inversores","https://cdn.yellosolarhub.com/products/inversores/neosolar_inverters_20266.jpg",,,,,,,,,false,""
"NEOSOLARINVERTERS20267","NEOSOLAR","","","inversores","https://cdn.yellosolarhub.com/products/inversores/neosolar_inverters_20267.jpg",,,,,,,,,false,""
"NEOSOLARINVERTERS20268","NEOSOLAR","","","inversores","https://cdn.yellosolarhub.com/products/inversores/neosolar_inverters_20268.jpg",,,,,,,,,false,""
"NEOSOLARINVERTERS20269","NEOSOLAR","","","inversores","https://cdn.yellosolarhub.com/products/inversores/neosolar_inverters_20269.jpg",,,,,,,,,false,""
"NEOSOLARINVERTERS20287","NEOSOLAR","","","inversores","https://cdn.yellosolarhub.com/products/inversores/neosolar_inverters_20287.jpg",,,,,,,,,false,""
"NEOSOLARINVERTERS20525","NEOSOLAR","","","inversores","https://cdn.yellosolarhub.com/products/inversores/neosolar_inverters_20525.jpg",,,,,,,,,false,""
"NEOSOLARINVERTERS20563","NEOSOLAR","","","inversores","https://cdn.yellosolarhub.com/products/inversores/neosolar_inverters_20563.jpg",,,,,,,,,false,""
"NEOSOLARINVERTERS20564","NEOSOLAR","","","inversores","https://cdn.yellosolarhub.com/products/inversores/neosolar_inverters_20564.jpg",,,,,,,,,false,""
"NEOSOLARINVERTERS20565","NEOSOLAR","","","inversores","https://cdn.yellosolarhub.com/products/inversores/neosolar_inverters_20565.jpg",,,,,,,,,false,""
"NEOSOLARINVERTERS20566","NEOSOLAR","","","inversores","https://cdn.yellosolarhub.com/products/inversores/neosolar_inverters_20566.jpg",,,,,,,,,false,""
"NEOSOLARINVERTERS20666","NEOSOLAR","","","inversores","https://cdn.yellosolarhub.com/products/inversores/neosolar_inverters_20666.jpg",,,,,,,,,false,""
"NEOSOLARINVERTERS20778","NEOSOLAR","","","inversores","https://cdn.yellosolarhub.com/products/inversores/neosolar_inverters_20778.jpg",,,,,,,,,false,""
"NEOSOLARINVERTERS20922","NEOSOLAR","","","inversores","https://cdn.yellosolarhub.com/products/inversores/neosolar_inverters_20922.jpg",,,,,,,,,false,""
"NEOSOLARINVERTERS20924","NEOSOLAR","","","inversores","https://cdn.yellosolarhub.com/products/inversores/neosolar_inverters_20924.jpg",,,,,,,,,false,""
"NEOSOLARINVERTERS21306","NEOSOLAR","","","inversores","https://cdn.yellosolarhub.com/products/inversores/neosolar_inverters_21306.jpg",,,,,,,,,false,""
"NEOSOLARINVERTERS21442","NEOSOLAR","","","inversores","https://cdn.yellosolarhub.com/products/inversores/neosolar_inverters_21442.jpg",,,,,,,,,false,""
"NEOSOLARINVERTERS21630","NEOSOLAR","","","inversores","https://cdn.yellosolarhub.com/products/inversores/neosolar_inverters_21630.jpg",,,,,,,,,false,""
"NEOSOLARINVERTERS21631","NEOSOLAR","","","inversores","https://cdn.yellosolarhub.com/products/inversores/neosolar_inverters_21631.jpg",,,,,,,,,false,""
"NEOSOLARINVERTERS21633","NEOSOLAR","","","inversores","https://cdn.yellosolarhub.com/products/inversores/neosolar_inverters_21633.jpg",,,,,,,,,false,""
"NEOSOLARINVERTERS21634","NEOSOLAR","","","inversores","https://cdn.yellosolarhub.com/products/inversores/neosolar_inverters_21634.jpg",,,,,,,,,false,""
"NEOSOLARINVERTERS21639","NEOSOLAR","","","inversores","https://cdn.yellosolarhub.com/products/inversores/neosolar_inverters_21639.jpg",,,,,,,,,false,""
"NEOSOLARINVERTERS21640","NEOSOLAR","","","inversores","https://cdn.yellosolarhub.com/products/inversores/neosolar_inverters_21640.jpg",,,,,,,,,false,""
"NEOSOLARINVERTERS21641","NEOSOLAR","","","inversores","https://cdn.yellosolarhub.com/products/inversores/neosolar_inverters_21641.jpg",,,,,,,,,false,""
"NEOSOLARINVERTERS21642","NEOSOLAR","","","inversores","https://cdn.yellosolarhub.com/products/inversores/neosolar_inverters_21642.jpg",,,,,,,,,false,""
"NEOSOLARINVERTERS21824","NEOSOLAR","","","inversores","https://cdn.yellosolarhub.com/products/inversores/neosolar_inverters_21824.jpg",,,,,,,,,false,""
"NEOSOLARINVERTERS22021","NEOSOLAR","","","inversores","https://cdn.yellosolarhub.com/products/inversores/neosolar_inverters_22021.jpg",,,,,,,,,false,""
"NEOSOLARINVERTERS22022","NEOSOLAR","","","inversores","https://cdn.yellosolarhub.com/products/inversores/neosolar_inverters_22022.jpg",,,,,,,,,false,""
"NEOSOLARINVERTERS22023","NEOSOLAR","","","inversores","https://cdn.yellosolarhub.com/products/inversores/neosolar_inverters_22023.jpg",,,,,,,,,false,""
"NEOSOLARINVERTERS22024","NEOSOLAR","","","inversores","https://cdn.yellosolarhub.com/products/inversores/neosolar_inverters_22024.jpg",,,,,,,,,false,""
"NEOSOLARINVERTERS22025","NEOSOLAR","","","inversores","https://cdn.yellosolarhub.com/products/inversores/neosolar_inverters_22025.jpg",,,,,,,,,false,""
"NEOSOLARINVERTERS22095","NEOSOLAR","","","inversores","https://cdn.yellosolarhub.com/products/inversores/neosolar_inverters_22095.jpg",,,,,,,,,false,""
"NEOSOLARINVERTERS22099","NEOSOLAR","","","inversores","https://cdn.yellosolarhub.com/products/inversores/neosolar_inverters_22099.jpg",,,,,,,,,false,""
"NEOSOLARINVERTERS22144","NEOSOLAR","","","inversores","https://cdn.yellosolarhub.com/products/inversores/neosolar_inverters_22144.jpg",,,,,,,,,false,""
"NEOSOLARINVERTERS22159","NEOSOLAR","","","inversores","https://cdn.yellosolarhub.com/products/inversores/neosolar_inverters_22159.jpg",,,,,,,,,false,""
"NEOSOLARINVERTERS22663","NEOSOLAR","","","inversores","https://cdn.yellosolarhub.com/products/inversores/NEOSOLAR_INVERTERS_22663.jpg",,,,,,,,,false,""
"NEOSOLARINVERTERS22671","NEOSOLAR","","","inversores","https://cdn.yellosolarhub.com/products/inversores/NEOSOLAR_INVERTERS_22671.jpg",,,,,,,,,false,""
"NEOSOLARINVERTERS22675","NEOSOLAR","","","inversores","https://cdn.yellosolarhub.com/products/inversores/NEOSOLAR_INVERTERS_22675.jpg",,,,,,,,,false,""
"NEOSOLARINVERTERS22676","NEOSOLAR","","","inversores","https://cdn.yellosolarhub.com/products/inversores/NEOSOLAR_INVERTERS_22676.jpg",,,,,,,,,false,""
"NEOSOLARINVERTERS22677","NEOSOLAR","","","inversores","https://cdn.yellosolarhub.com/products/inversores/NEOSOLAR_INVERTERS_22677.jpg",,,,,,,,,false,""
"NEOSOLARINVERTERS22679","NEOSOLAR","","","inversores","https://cdn.yellosolarhub.com/products/inversores/NEOSOLAR_INVERTERS_22679.jpg",,,,,,,,,false,""
"NEOSOLARINVERTERS22684","NEOSOLAR","","","inversores","https://cdn.yellosolarhub.com/products/inversores/NEOSOLAR_INVERTERS_22684.jpg",,,,,,,,,false,""
"NEOSOLARINVERTERS22685","NEOSOLAR","","","inversores","https://cdn.yellosolarhub.com/products/inversores/NEOSOLAR_INVERTERS_22685.jpg",,,,,,,,,false,""
"NEOSOLARINVERTERS22689","NEOSOLAR","","","inversores","https://cdn.yellosolarhub.com/products/inversores/NEOSOLAR_INVERTERS_22689.jpg",,,,,,,,,false,""
"NEOSOLARINVERTERS22690","NEOSOLAR","","","inversores","https://cdn.yellosolarhub.com/products/inversores/NEOSOLAR_INVERTERS_22690.jpg",,,,,,,,,false,""
"NEOSOLARINVERTERS22691","NEOSOLAR","","","inversores","https://cdn.yellosolarhub.com/products/inversores/NEOSOLAR_INVERTERS_22691.jpg",,,,,,,,,false,""
"NEOSOLARINVERTERS22692","NEOSOLAR","","","inversores","https://cdn.yellosolarhub.com/products/inversores/NEOSOLAR_INVERTERS_22692.jpg",,,,,,,,,false,""
"NEOSOLARINVERTERS22714","NEOSOLAR","","","inversores","https://cdn.yellosolarhub.com/products/inversores/neosolar_inverters_22714.jpg",,,,,,,,,false,""
"NEOSOLARINVERTERS22734","NEOSOLAR","","","inversores","https://cdn.yellosolarhub.com/products/inversores/neosolar_inverters_22734.jpg",,,,,,,,,false,""
"NEOSOLARINVERTERS22921","NEOSOLAR","","","inversores","https://cdn.yellosolarhub.com/products/inversores/neosolar_inverters_22921.jpg",,,,,,,,,false,""
"NEOSOLARINVERTERS23309","NEOSOLAR","","","inversores","https://cdn.yellosolarhub.com/products/inversores/neosolar_inverters_23309.jpg",,,,,,,,,false,""
"NEOSOLARINVERTERS23782","NEOSOLAR","","","inversores","https://cdn.yellosolarhub.com/products/inversores/neosolar_inverters_23782.jpg",,,,,,,,,false,""
"NEOSOLARINVERTERS23783","NEOSOLAR","","","inversores","https://cdn.yellosolarhub.com/products/inversores/neosolar_inverters_23783.jpg",,,,,,,,,false,""
"NEOSOLARINVERTERS24825","NEOSOLAR","","","inversores","https://cdn.yellosolarhub.com/products/inversores/neosolar_inverters_24825.jpg",,,,,,,,,false,""
"NEOSOLARINVERTERS24870","NEOSOLAR","","","inversores","https://cdn.yellosolarhub.com/products/inversores/neosolar_inverters_24870.jpg",,,,,,,,,false,""
"NEOSOLARINVERTERS24872","NEOSOLAR","","","inversores","https://cdn.yellosolarhub.com/products/inversores/neosolar_inverters_24872.jpg",,,,,,,,,false,""
"NEOSOLARINVERTERS24874","NEOSOLAR","","","inversores","https://cdn.yellosolarhub.com/products/inversores/neosolar_inverters_24874.jpg",,,,,,,,,false,""
"NEOSOLARINVERTERS24876","NEOSOLAR","","","inversores","https://cdn.yellosolarhub.com/products/inversores/neosolar_inverters_24876.jpg",,,,,,,,,false,""
"NEOSOLARINVERTERS24877","NEOSOLAR","","","inversores","https://cdn.yellosolarhub.com/products/inversores/neosolar_inverters_24877.jpg",,,,,,,,,false,""
"NEOSOLARINVERTERS24878","NEOSOLAR","","","inversores","https://cdn.yellosolarhub.com/products/inversores/neosolar_inverters_24878.jpg",,,,,,,,,false,""
"NEOSOLARINVERTERS24972","NEOSOLAR","","","inversores","https://cdn.yellosolarhub.com/products/inversores/neosolar_inverters_24972.jpg",,,,,,,,,false,""
"NEOSOLARINVERTERS24973","NEOSOLAR","","","inversores","https://cdn.yellosolarhub.com/products/inversores/neosolar_inverters_24973.jpg",,,,,,,,,false,""
"NEOSOLARINVERTERS25046","NEOSOLAR","","","inversores","https://cdn.yellosolarhub.com/products/inversores/NEOSOLAR_INVERTERS_25046.jpg",,,,,,,,,false,""
"NEOSOLARINVERTERS25050","NEOSOLAR","","","inversores","https://cdn.yellosolarhub.com/products/inversores/NEOSOLAR_INVERTERS_25050.jpg",,,,,,,,,false,""
"NEOSOLARINVERTERS25055","NEOSOLAR","","","inversores","https://cdn.yellosolarhub.com/products/inversores/NEOSOLAR_INVERTERS_25055.jpg",,,,,,,,,false,""
"NEOSOLARINVERTERS26628","NEOSOLAR","","","inversores","https://cdn.yellosolarhub.com/products/inversores/NEOSOLAR_INVERTERS_26628.jpg",,,,,,,,,false,""
"NEOSOLARINVERTERS26630","NEOSOLAR","","","inversores","https://cdn.yellosolarhub.com/products/inversores/NEOSOLAR_INVERTERS_26630.jpg",,,,,,,,,false,""
"NEOSOLARINVERTERS26657","NEOSOLAR","","","inversores","https://cdn.yellosolarhub.com/products/inversores/NEOSOLAR_INVERTERS_26657.jpg",,,,,,,,,false,""
"NEOSOLARINVERTERS26669","NEOSOLAR","","","inversores","https://cdn.yellosolarhub.com/products/inversores/NEOSOLAR_INVERTERS_26669.jpg",,,,,,,,,false,""
"NEOSOLARINVERTERS26673","NEOSOLAR","","","inversores","https://cdn.yellosolarhub.com/products/inversores/NEOSOLAR_INVERTERS_26673.jpg",,,,,,,,,false,""
"NEOSOLARINVERTERS26674","NEOSOLAR","","","inversores","https://cdn.yellosolarhub.com/products/inversores/NEOSOLAR_INVERTERS_26674.jpg",,,,,,,,,false,""
"NEOSOLARINVERTERS26675","NEOSOLAR","","","inversores","https://cdn.yellosolarhub.com/products/inversores/NEOSOLAR_INVERTERS_26675.jpg",,,,,,,,,false,""
"NEOSOLARINVERTERS26689","NEOSOLAR","","","inversores","https://cdn.yellosolarhub.com/products/inversores/NEOSOLAR_INVERTERS_26689.jpg",,,,,,,,,false,""
"NEOSOLARINVERTERS26690","NEOSOLAR","","","inversores","https://cdn.yellosolarhub.com/products/inversores/NEOSOLAR_INVERTERS_26690.jpg",,,,,,,,,false,""
"NEOSOLARINVERTERS26691","NEOSOLAR","","","inversores","https://cdn.yellosolarhub.com/products/inversores/NEOSOLAR_INVERTERS_26691.jpg",,,,,,,,,false,""
"NEOSOLARINVERTERS26692","NEOSOLAR","","","inversores","https://cdn.yellosolarhub.com/products/inversores/NEOSOLAR_INVERTERS_26692.jpg",,,,,,,,,false,""
"NEOSOLARINVERTERS26693","NEOSOLAR","","","inversores","https://cdn.yellosolarhub.com/products/inversores/NEOSOLAR_INVERTERS_26693.jpg",,,,,,,,,false,""
"NEOSOLARINVERTERS26753","NEOSOLAR","","","inversores","https://cdn.yellosolarhub.com/products/inversores/NEOSOLAR_INVERTERS_26753.jpg",,,,,,,,,false,""
"NEOSOLARINVERTERS26754","NEOSOLAR","","","inversores","https://cdn.yellosolarhub.com/products/inversores/NEOSOLAR_INVERTERS_26754.jpg",,,,,,,,,false,""
"NEOSOLARINVERTERS26755","NEOSOLAR","","","inversores","https://cdn.yellosolarhub.com/products/inversores/NEOSOLAR_INVERTERS_26755.jpg",,,,,,,,,false,""
"NEOSOLARINVERTERS26765","NEOSOLAR","","","inversores","https://cdn.yellosolarhub.com/products/inversores/NEOSOLAR_INVERTERS_26765.jpg",,,,,,,,,false,""
"NEOSOLARINVERTERS26766","NEOSOLAR","","","inversores","https://cdn.yellosolarhub.com/products/inversores/NEOSOLAR_INVERTERS_26766.jpg",,,,,,,,,false,""
"NEOSOLARINVERTERS26767","NEOSOLAR","","","inversores","https://cdn.yellosolarhub.com/products/inversores/NEOSOLAR_INVERTERS_26767.jpg",,,,,,,,,false,""
"NEOSOLARINVERTERS26768","NEOSOLAR","","","inversores","https://cdn.yellosolarhub.com/products/inversores/NEOSOLAR_INVERTERS_26768.jpg",,,,,,,,,false,""
"NEOSOLARINVERTERS26783","NEOSOLAR","","","inversores","https://cdn.yellosolarhub.com/products/inversores/NEOSOLAR_INVERTERS_26783.jpg",,,,,,,,,false,""
"NEOSOLARINVERTERS26785","NEOSOLAR","","","inversores","https://cdn.yellosolarhub.com/products/inversores/NEOSOLAR_INVERTERS_26785.jpg",,,,,,,,,false,""
"NEOSOLARINVERTERS26795","NEOSOLAR","","","inversores","https://cdn.yellosolarhub.com/products/inversores/NEOSOLAR_INVERTERS_26795.jpg",,,,,,,,,false,""
"NEOSOLARINVERTERS26799","NEOSOLAR","","","inversores","https://cdn.yellosolarhub.com/products/inversores/NEOSOLAR_INVERTERS_26799.jpg",,,,,,,,,false,""
"NEOSOLARINVERTERS26815","NEOSOLAR","","","inversores","https://cdn.yellosolarhub.com/products/inversores/NEOSOLAR_INVERTERS_26815.jpg",,,,,,,,,false,""
"NEOSOLARINVERTERS26816","NEOSOLAR","","","inversores","https://cdn.yellosolarhub.com/products/inversores/NEOSOLAR_INVERTERS_26816.jpg",,,,,,,,,false,""
"NEOSOLARINVERTERS26817","NEOSOLAR","","","inversores","https://cdn.yellosolarhub.com/products/inversores/NEOSOLAR_INVERTERS_26817.jpg",,,,,,,,,false,""
"NEOSOLARINVERTERS26845","NEOSOLAR","","","inversores","https://cdn.yellosolarhub.com/products/inversores/NEOSOLAR_INVERTERS_26845.jpg",,,,,,,,,false,""
"NEOSOLARINVERTERS26846","NEOSOLAR","","","inversores","https://cdn.yellosolarhub.com/products/inversores/NEOSOLAR_INVERTERS_26846.jpg",,,,,,,,,false,""
"NEOSOLARINVERTERS26847","NEOSOLAR","","","inversores","https://cdn.yellosolarhub.com/products/inversores/NEOSOLAR_INVERTERS_26847.jpg",,,,,,,,,false,""
"NEOSOLARINVERTERS26848","NEOSOLAR","","","inversores","https://cdn.yellosolarhub.com/products/inversores/NEOSOLAR_INVERTERS_26848.jpg",,,,,,,,,false,""
"NEOSOLARINVERTERS26849","NEOSOLAR","","","inversores","https://cdn.yellosolarhub.com/products/inversores/NEOSOLAR_INVERTERS_26849.jpg",,,,,,,,,false,""
"NEOSOLARINVERTERS26857","NEOSOLAR","","","inversores","https://cdn.yellosolarhub.com/products/inversores/NEOSOLAR_INVERTERS_26857.jpg",,,,,,,,,false,""
"NEOSOLARINVERTERS26858","NEOSOLAR","","","inversores","https://cdn.yellosolarhub.com/products/inversores/NEOSOLAR_INVERTERS_26858.jpg",,,,,,,,,false,""
"NEOSOLARINVERTERS26859","NEOSOLAR","","","inversores","https://cdn.yellosolarhub.com/products/inversores/NEOSOLAR_INVERTERS_26859.jpg",,,,,,,,,false,""
"NEOSOLARINVERTERS26860","NEOSOLAR","","","inversores","https://cdn.yellosolarhub.com/products/inversores/NEOSOLAR_INVERTERS_26860.jpg",,,,,,,,,false,""
"NEOSOLARINVERTERS26861","NEOSOLAR","","","inversores","https://cdn.yellosolarhub.com/products/inversores/NEOSOLAR_INVERTERS_26861.jpg",,,,,,,,,false,""
"NEOSOLARINVERTERS26922","NEOSOLAR","","","inversores","https://cdn.yellosolarhub.com/products/inversores/NEOSOLAR_INVERTERS_26922.jpg",,,,,,,,,false,""
"NEOSOLARINVERTERS26923","NEOSOLAR","","","inversores","https://cdn.yellosolarhub.com/products/inversores/NEOSOLAR_INVERTERS_26923.jpg",,,,,,,,,false,""
"NEOSOLARINVERTERS26924","NEOSOLAR","","","inversores","https://cdn.yellosolarhub.com/products/inversores/NEOSOLAR_INVERTERS_26924.jpg",,,,,,,,,false,""
"NEOSOLARINVERTERS26927","NEOSOLAR","","","inversores","https://cdn.yellosolarhub.com/products/inversores/NEOSOLAR_INVERTERS_26927.jpg",,,,,,,,,false,""
"NEOSOLARINVERTERS26929","NEOSOLAR","","","inversores","https://cdn.yellosolarhub.com/products/inversores/NEOSOLAR_INVERTERS_26929.jpg",,,,,,,,,false,""
"NEOSOLARINVERTERS26930","NEOSOLAR","","","inversores","https://cdn.yellosolarhub.com/products/inversores/NEOSOLAR_INVERTERS_26930.jpg",,,,,,,,,false,""
"NEOSOLARINVERTERS26931","NEOSOLAR","","","inversores","https://cdn.yellosolarhub.com/products/inversores/NEOSOLAR_INVERTERS_26931.jpg",,,,,,,,,false,""
"NEOSOLARINVERTERS26934","NEOSOLAR","","","inversores","https://cdn.yellosolarhub.com/products/inversores/NEOSOLAR_INVERTERS_26934.jpg",,,,,,,,,false,""
"NEOSOLARINVERTERS26936","NEOSOLAR","","","inversores","https://cdn.yellosolarhub.com/products/inversores/NEOSOLAR_INVERTERS_26936.jpg",,,,,,,,,false,""
"NEOSOLARINVERTERS26937","NEOSOLAR","","","inversores","https://cdn.yellosolarhub.com/products/inversores/NEOSOLAR_INVERTERS_26937.jpg",,,,,,,,,false,""
"NEOSOLARINVERTERS26938","NEOSOLAR","","","inversores","https://cdn.yellosolarhub.com/products/inversores/NEOSOLAR_INVERTERS_26938.jpg",,,,,,,,,false,""
"NEOSOLARINVERTERS26941","NEOSOLAR","","","inversores","https://cdn.yellosolarhub.com/products/inversores/NEOSOLAR_INVERTERS_26941.jpg",,,,,,,,,false,""
"NEOSOLARINVERTERS26943","NEOSOLAR","","","inversores","https://cdn.yellosolarhub.com/products/inversores/NEOSOLAR_INVERTERS_26943.jpg",,,,,,,,,false,""
"NEOSOLARINVERTERS26944","NEOSOLAR","","","inversores","https://cdn.yellosolarhub.com/products/inversores/NEOSOLAR_INVERTERS_26944.jpg",,,,,,,,,false,""
"NEOSOLARINVERTERS26945","NEOSOLAR","","","inversores","https://cdn.yellosolarhub.com/products/inversores/NEOSOLAR_INVERTERS_26945.jpg",,,,,,,,,false,""
"NEOSOLARINVERTERS26948","NEOSOLAR","","","inversores","https://cdn.yellosolarhub.com/products/inversores/NEOSOLAR_INVERTERS_26948.jpg",,,,,,,,,false,""
"NEOSOLARINVERTERS27091","NEOSOLAR","","","inversores","https://cdn.yellosolarhub.com/products/inversores/NEOSOLAR_INVERTERS_27091.jpg",,,,,,,,,false,""
"NEOSOLARINVERTERS27093","NEOSOLAR","","","inversores","https://cdn.yellosolarhub.com/products/inversores/NEOSOLAR_INVERTERS_27093.jpg",,,,,,,,,false,""
"NEOSOLARINVERTERS27128","NEOSOLAR","","","inversores","https://cdn.yellosolarhub.com/products/inversores/NEOSOLAR_INVERTERS_27128.jpg",,,,,,,,,false,""
"NEOSOLARINVERTERS27130","NEOSOLAR","","","inversores","https://cdn.yellosolarhub.com/products/inversores/NEOSOLAR_INVERTERS_27130.jpg",,,,,,,,,false,""
"NEOSOLARINVERTERS27131","NEOSOLAR","","","inversores","https://cdn.yellosolarhub.com/products/inversores/NEOSOLAR_INVERTERS_27131.jpg",,,,,,,,,false,""
"NEOSOLARINVERTERS27134","NEOSOLAR","","","inversores","https://cdn.yellosolarhub.com/products/inversores/NEOSOLAR_INVERTERS_27134.jpg",,,,,,,,,false,""
"NEOSOLARINVERTERS27136","NEOSOLAR","","","inversores","https://cdn.yellosolarhub.com/products/inversores/NEOSOLAR_INVERTERS_27136.jpg",,,,,,,,,false,""
"NEOSOLARINVERTERS27137","NEOSOLAR","","","inversores","https://cdn.yellosolarhub.com/products/inversores/NEOSOLAR_INVERTERS_27137.jpg",,,,,,,,,false,""
"NEOSOLARINVERTERS27141","NEOSOLAR","","","inversores","https://cdn.yellosolarhub.com/products/inversores/NEOSOLAR_INVERTERS_27141.jpg",,,,,,,,,false,""
"NEOSOLARINVERTERS27146","NEOSOLAR","","","inversores","https://cdn.yellosolarhub.com/products/inversores/NEOSOLAR_INVERTERS_27146.jpg",,,,,,,,,false,""
"NEOSOLARINVERTERS27149","NEOSOLAR","","","inversores","https://cdn.yellosolarhub.com/products/inversores/NEOSOLAR_INVERTERS_27149.jpg",,,,,,,,,false,""
"NEOSOLARINVERTERS27150","NEOSOLAR","","","inversores","https://cdn.yellosolarhub.com/products/inversores/NEOSOLAR_INVERTERS_27150.jpg",,,,,,,,,false,""
"NEOSOLARINVERTERS27152","NEOSOLAR","","","inversores","https://cdn.yellosolarhub.com/products/inversores/NEOSOLAR_INVERTERS_27152.jpg",,,,,,,,,false,""
"NEOSOLARINVERTERS27153","NEOSOLAR","","","inversores","https://cdn.yellosolarhub.com/products/inversores/NEOSOLAR_INVERTERS_27153.jpg",,,,,,,,,false,""
"NEOSOLARINVERTERS27156","NEOSOLAR","","","inversores","https://cdn.yellosolarhub.com/products/inversores/NEOSOLAR_INVERTERS_27156.jpg",,,,,,,,,false,""
"NEOSOLARINVERTERS27157","NEOSOLAR","","","inversores","https://cdn.yellosolarhub.com/products/inversores/NEOSOLAR_INVERTERS_27157.jpg",,,,,,,,,false,""
"NEOSOLARINVERTERS27160","NEOSOLAR","","","inversores","https://cdn.yellosolarhub.com/products/inversores/NEOSOLAR_INVERTERS_27160.jpg",,,,,,,,,false,""
"NEOSOLARINVERTERS27161","NEOSOLAR","","","inversores","https://cdn.yellosolarhub.com/products/inversores/NEOSOLAR_INVERTERS_27161.jpg",,,,,,,,,false,""
"NEOSOLARINVERTERS27162","NEOSOLAR","","","inversores","https://cdn.yellosolarhub.com/products/inversores/NEOSOLAR_INVERTERS_27162.jpg",,,,,,,,,false,""
"NEOSOLARINVERTERS27163","NEOSOLAR","","","inversores","https://cdn.yellosolarhub.com/products/inversores/NEOSOLAR_INVERTERS_27163.jpg",,,,,,,,,false,""
"NEOSOLARINVERTERS27166","NEOSOLAR","","","inversores","https://cdn.yellosolarhub.com/products/inversores/NEOSOLAR_INVERTERS_27166.jpg",,,,,,,,,false,""
"NEOSOLARINVERTERS27167","NEOSOLAR","","","inversores","https://cdn.yellosolarhub.com/products/inversores/NEOSOLAR_INVERTERS_27167.jpg",,,,,,,,,false,""
"NEOSOLARINVERTERS27171","NEOSOLAR","","","inversores","https://cdn.yellosolarhub.com/products/inversores/NEOSOLAR_INVERTERS_27171.jpg",,,,,,,,,false,""
"NEOSOLARINVERTERS27401","NEOSOLAR","","","inversores","https://cdn.yellosolarhub.com/products/inversores/NEOSOLAR_INVERTERS_27401.jpg",,,,,,,,,false,""
"NEOSOLARINVERTERS27406","NEOSOLAR","","","inversores","https://cdn.yellosolarhub.com/products/inversores/NEOSOLAR_INVERTERS_27406.jpg",,,,,,,,,false,""
"ODEXODEXESTRUTURASOLARGROUPCOLONIAL","unknown","","","inversores","https://cdn.yellosolarhub.com/products/inversores/ODEX-ODEX-ESTRUTURA-SOLARGROUP-COLONIAL.jpg",,,,,,,,,false,""
"ODEXODEXESTRUTURASOLARGROUPFIBROCIMENTO","unknown","","","inversores","https://cdn.yellosolarhub.com/products/inversores/ODEX-ODEX-ESTRUTURA-SOLARGROUP-FIBROCIMENTO.jpg",,,,,,,,,false,""
"ODEXODEXESTRUTURASOLARGROUPFIBROCIMENTO1","unknown","","","inversores","https://cdn.yellosolarhub.com/products/inversores/ODEX-ODEX-ESTRUTURA-SOLARGROUP-FIBROCIMENTO-1.jpg",,,,,,,,,false,""
"ODEXODEXESTRUTURASOLARGROUPMETALICO","unknown","","","inversores","https://cdn.yellosolarhub.com/products/inversores/ODEX-ODEX-ESTRUTURA-SOLARGROUP-METALICO.jpg",,,,,,,,,false,""
"ODEXODEXESTRUTURASOLARGROUPSOLO","unknown","","","inversores","https://cdn.yellosolarhub.com/products/inversores/ODEX-ODEX-ESTRUTURA-SOLARGROUP-SOLO.jpg",,,,,,,,,false,""
"ODEXODEXESTRUTURASOLARGROUPSOLO1","unknown","","","inversores","https://cdn.yellosolarhub.com/products/inversores/ODEX-ODEX-ESTRUTURA-SOLARGROUP-SOLO-1.jpg",,,,,,,,,false,""
"ODEXODEXINVCHINT10000W","unknown","","","inversores","https://cdn.yellosolarhub.com/products/inversores/ODEX-ODEX-INV-CHINT-10000W.jpg",,,,,,,,,false,""
"ODEXODEXINVCHINT3000W","unknown","","","inversores","https://cdn.yellosolarhub.com/products/inversores/ODEX-ODEX-INV-CHINT-3000W.jpg",,,,,,,,,false,""
"ODEXODEXINVCHINT5000W","unknown","","","inversores","https://cdn.yellosolarhub.com/products/inversores/ODEX-ODEX-INV-CHINT-5000W.jpg",,,,,,,,,false,""
"ODEXODEXINVCHINT8000W","unknown","","","inversores","https://cdn.yellosolarhub.com/products/inversores/ODEX-ODEX-INV-CHINT-8000W.jpg",,,,,,,,,false,""
"ODEXODEXINVDEYE1200W","DEYE","","","inversores","https://cdn.yellosolarhub.com/products/inversores/ODEX-ODEX-INV-DEYE-1200W.jpg",,,,,,,,,false,""
"ODEXODEXINVDEYE2400W","DEYE","","","inversores","https://cdn.yellosolarhub.com/products/inversores/ODEX-ODEX-INV-DEYE-2400W.jpg",,,,,,,,,false,""
"ODEXODEXINVDEYE5000W","DEYE","","","inversores","https://cdn.yellosolarhub.com/products/inversores/ODEX-ODEX-INV-DEYE-5000W.jpg",,,,,,,,,false,""
"ODEXODEXINVDEYE6000W","DEYE","","","inversores","https://cdn.yellosolarhub.com/products/inversores/ODEX-ODEX-INV-DEYE-6000W.jpg",,,,,,,,,false,""
"ODEXODEXINVDEYE8000W","DEYE","","","inversores","https://cdn.yellosolarhub.com/products/inversores/ODEX-ODEX-INV-DEYE-8000W.jpg",,,,,,,,,false,""
"ODEXODEXINVDEYE800W","DEYE","","","inversores","https://cdn.yellosolarhub.com/products/inversores/ODEX-ODEX-INV-DEYE-800W.jpg",,,,,,,,,false,""
"ODEXODEXINVGROWATT100000W","GROWATT","","","inversores","https://cdn.yellosolarhub.com/products/inversores/ODEX-ODEX-INV-GROWATT-100000W.jpg",,,,,,,,,false,""
"ODEXODEXINVGROWATT10000W","GROWATT","","","inversores","https://cdn.yellosolarhub.com/products/inversores/ODEX-ODEX-INV-GROWATT-10000W.jpg",,,,,,,,,false,""
"ODEXODEXINVGROWATT10000W1","GROWATT","","","inversores","https://cdn.yellosolarhub.com/products/inversores/ODEX-ODEX-INV-GROWATT-10000W-1.jpg",,,,,,,,,false,""
"ODEXODEXINVGROWATT125000W","GROWATT","","","inversores","https://cdn.yellosolarhub.com/products/inversores/ODEX-ODEX-INV-GROWATT-125000W.jpg",,,,,,,,,false,""
"ODEXODEXINVGROWATT15000W","GROWATT","","","inversores","https://cdn.yellosolarhub.com/products/inversores/ODEX-ODEX-INV-GROWATT-15000W.jpg",,,,,,,,,false,""
"ODEXODEXINVGROWATT20000W","GROWATT","","","inversores","https://cdn.yellosolarhub.com/products/inversores/ODEX-ODEX-INV-GROWATT-20000W.jpg",,,,,,,,,false,""
"ODEXODEXINVGROWATT25000W","GROWATT","","","inversores","https://cdn.yellosolarhub.com/products/inversores/ODEX-ODEX-INV-GROWATT-25000W.jpg",,,,,,,,,false,""
"ODEXODEXINVGROWATT3000W","GROWATT","","","inversores","https://cdn.yellosolarhub.com/products/inversores/ODEX-ODEX-INV-GROWATT-3000W.jpg",,,,,,,,,false,""
"ODEXODEXINVGROWATT3000W1","GROWATT","","","inversores","https://cdn.yellosolarhub.com/products/inversores/ODEX-ODEX-INV-GROWATT-3000W-1.jpg",,,,,,,,,false,""
"ODEXODEXINVGROWATT3300W","GROWATT","","","inversores","https://cdn.yellosolarhub.com/products/inversores/ODEX-ODEX-INV-GROWATT-3300W.jpg",,,,,,,,,false,""
"ODEXODEXINVGROWATT4000W","GROWATT","","","inversores","https://cdn.yellosolarhub.com/products/inversores/ODEX-ODEX-INV-GROWATT-4000W.jpg",,,,,,,,,false,""
"ODEXODEXINVGROWATT50000W","GROWATT","","","inversores","https://cdn.yellosolarhub.com/products/inversores/ODEX-ODEX-INV-GROWATT-50000W.jpg",,,,,,,,,false,""
"ODEXODEXINVGROWATT5000W","GROWATT","","","inversores","https://cdn.yellosolarhub.com/products/inversores/ODEX-ODEX-INV-GROWATT-5000W.jpg",,,,,,,,,false,""
"ODEXODEXINVGROWATT6000W","GROWATT","","","inversores","https://cdn.yellosolarhub.com/products/inversores/ODEX-ODEX-INV-GROWATT-6000W.jpg",,,,,,,,,false,""
"ODEXODEXINVGROWATT6000W1","GROWATT","","","inversores","https://cdn.yellosolarhub.com/products/inversores/ODEX-ODEX-INV-GROWATT-6000W-1.jpg",,,,,,,,,false,""
"ODEXODEXINVGROWATT75000W","GROWATT","","","inversores","https://cdn.yellosolarhub.com/products/inversores/ODEX-ODEX-INV-GROWATT-75000W.jpg",,,,,,,,,false,""
"ODEXODEXINVGROWATT8000W","GROWATT","","","inversores","https://cdn.yellosolarhub.com/products/inversores/ODEX-ODEX-INV-GROWATT-8000W.jpg",,,,,,,,,false,""
"ODEXODEXINVGROWATT8000W1","GROWATT","","","inversores","https://cdn.yellosolarhub.com/products/inversores/ODEX-ODEX-INV-GROWATT-8000W-1.jpg",,,,,,,,,false,""
"ODEXODEXINVSAJ10000W","unknown","","","inversores","https://cdn.yellosolarhub.com/products/inversores/ODEX-ODEX-INV-SAJ-10000W.jpg",,,,,,,,,false,""
"ODEXODEXINVSAJ12000W","unknown","","","inversores","https://cdn.yellosolarhub.com/products/inversores/ODEX-ODEX-INV-SAJ-12000W.jpg",,,,,,,,,false,""
"ODEXODEXINVSAJ15000W","unknown","","","inversores","https://cdn.yellosolarhub.com/products/inversores/ODEX-ODEX-INV-SAJ-15000W.jpg",,,,,,,,,false,""
"ODEXODEXINVSAJ17000W","unknown","","","inversores","https://cdn.yellosolarhub.com/products/inversores/ODEX-ODEX-INV-SAJ-17000W.jpg",,,,,,,,,false,""
"ODEXODEXINVSAJ20000W","unknown","","","inversores","https://cdn.yellosolarhub.com/products/inversores/ODEX-ODEX-INV-SAJ-20000W.jpg",,,,,,,,,false,""
"ODEXODEXINVSAJ25000W","unknown","","","inversores","https://cdn.yellosolarhub.com/products/inversores/ODEX-ODEX-INV-SAJ-25000W.jpg",,,,,,,,,false,""
"ODEXODEXINVSAJ3000W","unknown","","","inversores","https://cdn.yellosolarhub.com/products/inversores/ODEX-ODEX-INV-SAJ-3000W.jpg",,,,,,,,,false,""
"ODEXODEXINVSAJ4200W","unknown","","","inversores","https://cdn.yellosolarhub.com/products/inversores/ODEX-ODEX-INV-SAJ-4200W.jpg",,,,,,,,,false,""
"ODEXODEXINVSAJ5000W","unknown","","","inversores","https://cdn.yellosolarhub.com/products/inversores/ODEX-ODEX-INV-SAJ-5000W.jpg",,,,,,,,,false,""
"ODEXODEXINVSAJ6000W","unknown","","","inversores","https://cdn.yellosolarhub.com/products/inversores/ODEX-ODEX-INV-SAJ-6000W.jpg",,,,,,,,,false,""
"ODEXODEXINVSAJ8000W","unknown","","","inversores","https://cdn.yellosolarhub.com/products/inversores/ODEX-ODEX-INV-SAJ-8000W.jpg",,,,,,,,,false,""
"ODEXODEXINVSOFAR3300W","unknown","","","inversores","https://cdn.yellosolarhub.com/products/inversores/ODEX-ODEX-INV-SOFAR-3300W.jpg",,,,,,,,,false,""
"ODEXODEXINVSOFAR5000W","unknown","","","inversores","https://cdn.yellosolarhub.com/products/inversores/ODEX-ODEX-INV-SOFAR-5000W.jpg",,,,,,,,,false,""
"ODEXODEXINVSOFAR6000W","unknown","","","inversores","https://cdn.yellosolarhub.com/products/inversores/ODEX-ODEX-INV-SOFAR-6000W.jpg",,,,,,,,,false,""
"ODEXODEXINVSOLAX10000W","unknown","","","inversores","https://cdn.yellosolarhub.com/products/inversores/ODEX-ODEX-INV-SOLAX-10000W.jpg",,,,,,,,,false,""
"ODEXODEXINVSOLAX5000W","unknown","","","inversores","https://cdn.yellosolarhub.com/products/inversores/ODEX-ODEX-INV-SOLAX-5000W.jpg",,,,,,,,,false,""
"ODEXODEXINVSOLAX8000W","unknown","","","inversores","https://cdn.yellosolarhub.com/products/inversores/ODEX-ODEX-INV-SOLAX-8000W.jpg",,,,,,,,,false,""
"ODEXODEXPAINELASTRONERGY600W","unknown","","","inversores","https://cdn.yellosolarhub.com/products/inversores/ODEX-ODEX-PAINEL-ASTRONERGY-600W.jpg",,,,,,,,,false,""
"ODEXODEXPAINELJINKO610W","unknown","","","inversores","https://cdn.yellosolarhub.com/products/inversores/ODEX-ODEX-PAINEL-JINKO-610W.jpg",,,,,,,,,false,""
"ODEXODEXPAINELJINKO615W","unknown","","","inversores","https://cdn.yellosolarhub.com/products/inversores/ODEX-ODEX-PAINEL-JINKO-615W.jpg",,,,,,,,,false,""
"ODEXODEXPAINELODEX585W","unknown","","","inversores","https://cdn.yellosolarhub.com/products/inversores/ODEX-ODEX-PAINEL-ODEX-585W.jpg",,,,,,,,,false,""
"ODEXODEXPAINELODEX600W","unknown","","","inversores","https://cdn.yellosolarhub.com/products/inversores/ODEX-ODEX-PAINEL-ODEX-600W.jpg",,,,,,,,,false,""
"ODEXODEXPAINELODEX610W","unknown","","","inversores","https://cdn.yellosolarhub.com/products/inversores/ODEX-ODEX-PAINEL-ODEX-610W.jpg",,,,,,,,,false,""
"ODEXODEXPAINELODEX660W","unknown","","","inversores","https://cdn.yellosolarhub.com/products/inversores/ODEX-ODEX-PAINEL-ODEX-660W.jpg",,,,,,,,,false,""
"ODEXODEXPAINELODEX700W","unknown","","","inversores","https://cdn.yellosolarhub.com/products/inversores/ODEX-ODEX-PAINEL-ODEX-700W.jpg",,,,,,,,,false,""
"ODEXODEXPAINELTSUN560W","unknown","","","inversores","https://cdn.yellosolarhub.com/products/inversores/ODEX-ODEX-PAINEL-TSUN-560W.jpg",,,,,,,,,false,""
"SKU112369117457314169194004","unknown","","","inversores","https://cdn.yellosolarhub.com/products/inversores/sku_112369_1-17457314169194004.jpeg",,,,,,,,,false,""
"SKU13572013572017458937387875142","unknown","","","inversores","https://cdn.yellosolarhub.com/products/inversores/sku_135720_135720-17458937387875142.jpeg",,,,,,,,,false,""
"SKU14576314576317456925994814488","unknown","","","inversores","https://cdn.yellosolarhub.com/products/inversores/sku_145763_145763-17456925994814488.jpeg",,,,,,,,,false,""
"SKU152147152147117507708324918071","unknown","","","inversores","https://cdn.yellosolarhub.com/products/inversores/sku_152147_152147-1-17507708324918071.jpeg",,,,,,,,,false,""
"SKU165471165471117460424443329247","unknown","","","inversores","https://cdn.yellosolarhub.com/products/inversores/sku_165471_165471-1-17460424443329247.jpeg",,,,,,,,,false,""
"SKU19257519257517460421976229660","unknown","","","inversores","https://cdn.yellosolarhub.com/products/inversores/sku_192575_192575-17460421976229660.jpeg",,,,,,,,,false,""
"SKU19257619257617458855660881319","unknown","","","inversores","https://cdn.yellosolarhub.com/products/inversores/sku_192576_192576-17458855660881319.jpeg",,,,,,,,,false,""
"SKU19402319402317460422066042496","unknown","","","inversores","https://cdn.yellosolarhub.com/products/inversores/sku_194023_194023-17460422066042496.jpeg",,,,,,,,,false,""
"SKU24676124676117460392268529534","unknown","","","inversores","https://cdn.yellosolarhub.com/products/inversores/sku_246761_246761-17460392268529534.jpeg",,,,,,,,,false,""
"SKU24676224676217460422357569937","unknown","","","inversores","https://cdn.yellosolarhub.com/products/inversores/sku_246762_246762-17460422357569937.jpeg",,,,,,,,,false,""
"SKU24676324676317460422564036824","unknown","","","inversores","https://cdn.yellosolarhub.com/products/inversores/sku_246763_246763-17460422564036824.jpeg",,,,,,,,,false,""
"SKU24676424676417458511580915488","unknown","","","inversores","https://cdn.yellosolarhub.com/products/inversores/sku_246764_246764-17458511580915488.jpeg",,,,,,,,,false,""
"SKU24676524676517457436108364088","unknown","","","inversores","https://cdn.yellosolarhub.com/products/inversores/sku_246765_246765-17457436108364088.jpeg",,,,,,,,,false,""
"SKU24676824676817459237636241276","unknown","","","inversores","https://cdn.yellosolarhub.com/products/inversores/sku_246768_246768-17459237636241276.jpeg",,,,,,,,,false,""
"SKU24677624677617460419822698100","unknown","","","inversores","https://cdn.yellosolarhub.com/products/inversores/sku_246776_246776-17460419822698100.jpeg",,,,,,,,,false,""
"SKU25851625851617459085227243203","unknown","","","inversores","https://cdn.yellosolarhub.com/products/inversores/sku_258516_258516-17459085227243203.jpeg",,,,,,,,,false,""
"SKU26727726727717458727569694572","unknown","","","inversores","https://cdn.yellosolarhub.com/products/inversores/sku_267277_267277-17458727569694572.jpeg",,,,,,,,,false,""
"SKU27695427695417460390182534484","unknown","","","inversores","https://cdn.yellosolarhub.com/products/inversores/sku_276954_276954-17460390182534484.jpeg",,,,,,,,,false,""
"SKU28924100117457929059638740","unknown","","","inversores","https://cdn.yellosolarhub.com/products/inversores/sku_289241_001-17457929059638740.jpeg",,,,,,,,,false,""
"SKU29242129242117460422200014247","unknown","","","inversores","https://cdn.yellosolarhub.com/products/inversores/sku_292421_292421-17460422200014247.jpeg",,,,,,,,,false,""
"SKU29242329242317459265882555020","unknown","","","inversores","https://cdn.yellosolarhub.com/products/inversores/sku_292423_292423-17459265882555020.jpeg",,,,,,,,,false,""
"SKU29242429242417457928091181215","unknown","","","inversores","https://cdn.yellosolarhub.com/products/inversores/sku_292424_292424-17457928091181215.jpeg",,,,,,,,,false,""
"SKU29243129243117458504394775074","unknown","","","inversores","https://cdn.yellosolarhub.com/products/inversores/sku_292431_292431-17458504394775074.jpeg",,,,,,,,,false,""
"SKU29243329243317459162631168039","unknown","","","inversores","https://cdn.yellosolarhub.com/products/inversores/sku_292433_292433-17459162631168039.jpeg",,,,,,,,,false,""
"SKU29243529243517460420086945208","unknown","","","inversores","https://cdn.yellosolarhub.com/products/inversores/sku_292435_292435-17460420086945208.jpeg",,,,,,,,,false,""
"SKU29243729243717458999759611785","unknown","","","inversores","https://cdn.yellosolarhub.com/products/inversores/sku_292437_292437-17458999759611785.jpeg",,,,,,,,,false,""
"SKU29243829243817459034566372442","unknown","","","inversores","https://cdn.yellosolarhub.com/products/inversores/sku_292438_292438-17459034566372442.jpeg",,,,,,,,,false,""
"SKU29244229244217457818261091625","unknown","","","inversores","https://cdn.yellosolarhub.com/products/inversores/sku_292442_292442-17457818261091625.jpeg",,,,,,,,,false,""
"SKU29959129959117467236965391281","unknown","","","inversores","https://cdn.yellosolarhub.com/products/inversores/sku_299591_299591-17467236965391281.jpeg",,,,,,,,,false,""
"SKU29959529959517467957208646910","unknown","","","inversores","https://cdn.yellosolarhub.com/products/inversores/sku_299595_299595-17467957208646910.jpeg",,,,,,,,,false,""
"SKU30615530615517479477829824229","unknown","","","inversores","https://cdn.yellosolarhub.com/products/inversores/sku_306155_306155-17479477829824229.jpeg",,,,,,,,,false,""
"SKU31514831514817551159943964186","unknown","","","inversores","https://cdn.yellosolarhub.com/products/inversores/sku_315148_315148-17551159943964186.jpeg",,,,,,,,,false,""
"SOFAR25KTLXG3LVAFCIIMAGEPRODUCT600381","unknown","","","inversores","https://cdn.yellosolarhub.com/products/inversores/SOFAR-25KTLX-G3-LV - AFCI_IMAGE_PRODUCT_600381.png",,,,,,,,,false,""
"SOFAR5KTLMG3AFCIIMAGEPRODUCT600369","unknown","","","inversores","https://cdn.yellosolarhub.com/products/inversores/SOFAR-5KTLM-G3 - AFCI_IMAGE_PRODUCT_600369.png",,,,,,,,,false,""
"FOTUSKP021065KWPCERAMICOKITS","FOTUS","","","kits","https://cdn.yellosolarhub.com/products/kits/FOTUS-KP02-1065kWp-Ceramico-kits.jpg",,,,,,,,,false,""
"FOTUSKP021065KWPFIBROCIMENTOKITS","FOTUS","","","kits","https://cdn.yellosolarhub.com/products/kits/FOTUS-KP02-1065kWp-Fibrocimento-kits.jpg",,,,,,,,,false,""
"FOTUSKP021065KWPMINITRILHOKITS","FOTUS","","","kits","https://cdn.yellosolarhub.com/products/kits/FOTUS-KP02-1065kWp-MiniTrilho-kits.jpg",,,,,,,,,false,""
"FOTUSKP021136KWPCERAMICOKITS","FOTUS","","","kits","https://cdn.yellosolarhub.com/products/kits/FOTUS-KP02-1136kWp-Ceramico-kits.jpg",,,,,,,,,false,""
"FOTUSKP021136KWPFIBROCIMENTOKITS","FOTUS","","","kits","https://cdn.yellosolarhub.com/products/kits/FOTUS-KP02-1136kWp-Fibrocimento-kits.jpg",,,,,,,,,false,""
"FOTUSKP021136KWPMINITRILHOKITS","FOTUS","","","kits","https://cdn.yellosolarhub.com/products/kits/FOTUS-KP02-1136kWp-MiniTrilho-kits.jpg",,,,,,,,,false,""
"FOTUSKP02120KWPCERAMICOKITS","FOTUS","","","kits","https://cdn.yellosolarhub.com/products/kits/FOTUS-KP02-120kWp-Ceramico-kits.jpg",,,,,,,,,false,""
"FOTUSKP02120KWPFIBROCIMENTOKITS","FOTUS","","","kits","https://cdn.yellosolarhub.com/products/kits/FOTUS-KP02-120kWp-Fibrocimento-kits.jpg",,,,,,,,,false,""
"FOTUSKP021278KWPCERAMICOKITS","FOTUS","","","kits","https://cdn.yellosolarhub.com/products/kits/FOTUS-KP02-1278kWp-Ceramico-kits.jpg",,,,,,,,,false,""
"FOTUSKP021278KWPFIBROCIMENTOKITS","FOTUS","","","kits","https://cdn.yellosolarhub.com/products/kits/FOTUS-KP02-1278kWp-Fibrocimento-kits.jpg",,,,,,,,,false,""
"FOTUSKP021278KWPMINITRILHOKITS","FOTUS","","","kits","https://cdn.yellosolarhub.com/products/kits/FOTUS-KP02-1278kWp-MiniTrilho-kits.jpg",,,,,,,,,false,""
"FOTUSKP02142KWPCERAMICOKITS","FOTUS","","","kits","https://cdn.yellosolarhub.com/products/kits/FOTUS-KP02-142kWp-Ceramico-kits.jpg",,,,,,,,,false,""
"FOTUSKP02142KWPFIBROCIMENTOKITS","FOTUS","","","kits","https://cdn.yellosolarhub.com/products/kits/FOTUS-KP02-142kWp-Fibrocimento-kits.jpg",,,,,,,,,false,""
"FOTUSKP02142KWPMINITRILHOKITS","FOTUS","","","kits","https://cdn.yellosolarhub.com/products/kits/FOTUS-KP02-142kWp-MiniTrilho-kits.jpg",,,,,,,,,false,""
"FOTUSKP021704KWPCERAMICOKITS","FOTUS","","","kits","https://cdn.yellosolarhub.com/products/kits/FOTUS-KP02-1704kWp-Ceramico-kits.jpg",,,,,,,,,false,""
"FOTUSKP021704KWPFIBROCIMENTOKITS","FOTUS","","","kits","https://cdn.yellosolarhub.com/products/kits/FOTUS-KP02-1704kWp-Fibrocimento-kits.jpg",,,,,,,,,false,""
"FOTUSKP021704KWPMINITRILHOKITS","FOTUS","","","kits","https://cdn.yellosolarhub.com/products/kits/FOTUS-KP02-1704kWp-MiniTrilho-kits.jpg",,,,,,,,,false,""
"FOTUSKP02240KWPCERAMICOKITS","FOTUS","","","kits","https://cdn.yellosolarhub.com/products/kits/FOTUS-KP02-240kWp-Ceramico-kits.jpg",,,,,,,,,false,""
"FOTUSKP02284KWPCERAMICOKITS","FOTUS","","","kits","https://cdn.yellosolarhub.com/products/kits/FOTUS-KP02-284kWp-Ceramico-kits.jpg",,,,,,,,,false,""
"FOTUSKP02284KWPFIBROCIMENTOKITS","FOTUS","","","kits","https://cdn.yellosolarhub.com/products/kits/FOTUS-KP02-284kWp-Fibrocimento-kits.jpg",,,,,,,,,false,""
"FOTUSKP02284KWPMINITRILHOKITS","FOTUS","","","kits","https://cdn.yellosolarhub.com/products/kits/FOTUS-KP02-284kWp-MiniTrilho-kits.jpg",,,,,,,,,false,""
"FOTUSKP02360KWPFIBROCIMENTOKITS","FOTUS","","","kits","https://cdn.yellosolarhub.com/products/kits/FOTUS-KP02-360kWp-Fibrocimento-kits.jpg",,,,,,,,,false,""
"FOTUSKP02360KWPMINITRILHOKITS","FOTUS","","","kits","https://cdn.yellosolarhub.com/products/kits/FOTUS-KP02-360kWp-MiniTrilho-kits.jpg",,,,,,,,,false,""
"FOTUSKP02426KWPCERAMICOKITS","FOTUS","","","kits","https://cdn.yellosolarhub.com/products/kits/FOTUS-KP02-426kWp-Ceramico-kits.jpg",,,,,,,,,false,""
"FOTUSKP02426KWPFIBROCIMENTOKITS","FOTUS","","","kits","https://cdn.yellosolarhub.com/products/kits/FOTUS-KP02-426kWp-Fibrocimento-kits.jpg",,,,,,,,,false,""
"FOTUSKP02426KWPMINITRILHOKITS","FOTUS","","","kits","https://cdn.yellosolarhub.com/products/kits/FOTUS-KP02-426kWp-MiniTrilho-kits.jpg",,,,,,,,,false,""
"FOTUSKP02480KWPCERAMICOKITS","FOTUS","","","kits","https://cdn.yellosolarhub.com/products/kits/FOTUS-KP02-480kWp-Ceramico-kits.jpg",,,,,,,,,false,""
"FOTUSKP02480KWPFIBROCIMENTOKITS","FOTUS","","","kits","https://cdn.yellosolarhub.com/products/kits/FOTUS-KP02-480kWp-Fibrocimento-kits.jpg",,,,,,,,,false,""
"FOTUSKP02480KWPMINITRILHOKITS","FOTUS","","","kits","https://cdn.yellosolarhub.com/products/kits/FOTUS-KP02-480kWp-MiniTrilho-kits.jpg",,,,,,,,,false,""
"FOTUSKP02568KWPCERAMICOKITS","FOTUS","","","kits","https://cdn.yellosolarhub.com/products/kits/FOTUS-KP02-568kWp-Ceramico-kits.jpg",,,,,,,,,false,""
"FOTUSKP02568KWPFIBROCIMENTOKITS","FOTUS","","","kits","https://cdn.yellosolarhub.com/products/kits/FOTUS-KP02-568kWp-Fibrocimento-kits.jpg",,,,,,,,,false,""
"FOTUSKP02568KWPMINITRILHOKITS","FOTUS","","","kits","https://cdn.yellosolarhub.com/products/kits/FOTUS-KP02-568kWp-MiniTrilho-kits.jpg",,,,,,,,,false,""
"FOTUSKP02600KWPCERAMICOKITS","FOTUS","","","kits","https://cdn.yellosolarhub.com/products/kits/FOTUS-KP02-600kWp-Ceramico-kits.jpg",,,,,,,,,false,""
"FOTUSKP02600KWPFIBROCIMENTOKITS","FOTUS","","","kits","https://cdn.yellosolarhub.com/products/kits/FOTUS-KP02-600kWp-Fibrocimento-kits.jpg",,,,,,,,,false,""
"FOTUSKP02600KWPMINITRILHOKITS","FOTUS","","","kits","https://cdn.yellosolarhub.com/products/kits/FOTUS-KP02-600kWp-MiniTrilho-kits.jpg",,,,,,,,,false,""
"FOTUSKP02710KWPCERAMICOKITS","FOTUS","","","kits","https://cdn.yellosolarhub.com/products/kits/FOTUS-KP02-710kWp-Ceramico-kits.jpg",,,,,,,,,false,""
"FOTUSKP02710KWPFIBROCIMENTOKITS","FOTUS","","","kits","https://cdn.yellosolarhub.com/products/kits/FOTUS-KP02-710kWp-Fibrocimento-kits.jpg",,,,,,,,,false,""
"FOTUSKP02710KWPMINITRILHOKITS","FOTUS","","","kits","https://cdn.yellosolarhub.com/products/kits/FOTUS-KP02-710kWp-MiniTrilho-kits.jpg",,,,,,,,,false,""
"FOTUSKP02720KWPCERAMICOKITS","FOTUS","","","kits","https://cdn.yellosolarhub.com/products/kits/FOTUS-KP02-720kWp-Ceramico-kits.jpg",,,,,,,,,false,""
"FOTUSKP02720KWPFIBROCIMENTOKITS","FOTUS","","","kits","https://cdn.yellosolarhub.com/products/kits/FOTUS-KP02-720kWp-Fibrocimento-kits.jpg",,,,,,,,,false,""
"FOTUSKP02720KWPMINITRILHOKITS","FOTUS","","","kits","https://cdn.yellosolarhub.com/products/kits/FOTUS-KP02-720kWp-MiniTrilho-kits.jpg",,,,,,,,,false,""
"FOTUSKP02840KWPCERAMICOKITS","FOTUS","","","kits","https://cdn.yellosolarhub.com/products/kits/FOTUS-KP02-840kWp-Ceramico-kits.jpg",,,,,,,,,false,""
"FOTUSKP02840KWPFIBROCIMENTOKITS","FOTUS","","","kits","https://cdn.yellosolarhub.com/products/kits/FOTUS-KP02-840kWp-Fibrocimento-kits.jpg",,,,,,,,,false,""
"FOTUSKP02840KWPMINITRILHOKITS","FOTUS","","","kits","https://cdn.yellosolarhub.com/products/kits/FOTUS-KP02-840kWp-MiniTrilho-kits.jpg",,,,,,,,,false,""
"FOTUSKP02852KWPCERAMICOKITS","FOTUS","","","kits","https://cdn.yellosolarhub.com/products/kits/FOTUS-KP02-852kWp-Ceramico-kits.jpg",,,,,,,,,false,""
"FOTUSKP02852KWPFIBROCIMENTOKITS","FOTUS","","","kits","https://cdn.yellosolarhub.com/products/kits/FOTUS-KP02-852kWp-Fibrocimento-kits.jpg",,,,,,,,,false,""
"FOTUSKP02852KWPMINITRILHOKITS","FOTUS","","","kits","https://cdn.yellosolarhub.com/products/kits/FOTUS-KP02-852kWp-MiniTrilho-kits.jpg",,,,,,,,,false,""
"FOTUSKP02960KWPCERAMICOKITS","FOTUS","","","kits","https://cdn.yellosolarhub.com/products/kits/FOTUS-KP02-960kWp-Ceramico-kits.jpg",,,,,,,,,false,""
"FOTUSKP02960KWPFIBROCIMENTOKITS","FOTUS","","","kits","https://cdn.yellosolarhub.com/products/kits/FOTUS-KP02-960kWp-Fibrocimento-kits.jpg",,,,,,,,,false,""
"FOTUSKP02960KWPMINITRILHOKITS","FOTUS","","","kits","https://cdn.yellosolarhub.com/products/kits/FOTUS-KP02-960kWp-MiniTrilho-kits.jpg",,,,,,,,,false,""
"FOTUSKP02994KWPCERAMICOKITS","FOTUS","","","kits","https://cdn.yellosolarhub.com/products/kits/FOTUS-KP02-994kWp-Ceramico-kits.jpg",,,,,,,,,false,""
"FOTUSKP02994KWPFIBROCIMENTOKITS","FOTUS","","","kits","https://cdn.yellosolarhub.com/products/kits/FOTUS-KP02-994kWp-Fibrocimento-kits.jpg",,,,,,,,,false,""
"FOTUSKP02994KWPMINITRILHOKITS","FOTUS","","","kits","https://cdn.yellosolarhub.com/products/kits/FOTUS-KP02-994kWp-MiniTrilho-kits.jpg",,,,,,,,,false,""
"FOTUSKP02KITS","FOTUS","","","kits","https://cdn.yellosolarhub.com/products/kits/FOTUS-KP02-kits.jpg",,,,,,,,,false,""
"FOTUSKP031136KWPCERAMICOKITS","FOTUS","","","kits","https://cdn.yellosolarhub.com/products/kits/FOTUS-KP03-1136kWp-Ceramico-kits.jpg",,,,,,,,,false,""
"FOTUSKP031136KWPFIBROCIMENTOKITS","FOTUS","","","kits","https://cdn.yellosolarhub.com/products/kits/FOTUS-KP03-1136kWp-Fibrocimento-kits.jpg",,,,,,,,,false,""
"FOTUSKP031136KWPMINITRILHOKITS","FOTUS","","","kits","https://cdn.yellosolarhub.com/products/kits/FOTUS-KP03-1136kWp-MiniTrilho-kits.jpg",,,,,,,,,false,""
"FOTUSKP03142KWPCERAMICOKITS","FOTUS","","","kits","https://cdn.yellosolarhub.com/products/kits/FOTUS-KP03-142kWp-Ceramico-kits.jpg",,,,,,,,,false,""
"FOTUSKP03142KWPFIBROCIMENTOKITS","FOTUS","","","kits","https://cdn.yellosolarhub.com/products/kits/FOTUS-KP03-142kWp-Fibrocimento-kits.jpg",,,,,,,,,false,""
"FOTUSKP03142KWPMINITRILHOKITS","FOTUS","","","kits","https://cdn.yellosolarhub.com/products/kits/FOTUS-KP03-142kWp-MiniTrilho-kits.jpg",,,,,,,,,false,""
"FOTUSKP03284KWPCERAMICOKITS","FOTUS","","","kits","https://cdn.yellosolarhub.com/products/kits/FOTUS-KP03-284kWp-Ceramico-kits.jpg",,,,,,,,,false,""
"FOTUSKP03284KWPFIBROCIMENTOKITS","FOTUS","","","kits","https://cdn.yellosolarhub.com/products/kits/FOTUS-KP03-284kWp-Fibrocimento-kits.jpg",,,,,,,,,false,""
"FOTUSKP03284KWPMINITRILHOKITS","FOTUS","","","kits","https://cdn.yellosolarhub.com/products/kits/FOTUS-KP03-284kWp-MiniTrilho-kits.jpg",,,,,,,,,false,""
"FOTUSKP03426KWPCERAMICOKITS","FOTUS","","","kits","https://cdn.yellosolarhub.com/products/kits/FOTUS-KP03-426kWp-Ceramico-kits.jpg",,,,,,,,,false,""
"FOTUSKP03426KWPFIBROCIMENTOKITS","FOTUS","","","kits","https://cdn.yellosolarhub.com/products/kits/FOTUS-KP03-426kWp-Fibrocimento-kits.jpg",,,,,,,,,false,""
"FOTUSKP03426KWPMINITRILHOKITS","FOTUS","","","kits","https://cdn.yellosolarhub.com/products/kits/FOTUS-KP03-426kWp-MiniTrilho-kits.jpg",,,,,,,,,false,""
"FOTUSKP03568KWPCERAMICOKITS","FOTUS","","","kits","https://cdn.yellosolarhub.com/products/kits/FOTUS-KP03-568kWp-Ceramico-kits.jpg",,,,,,,,,false,""
"FOTUSKP03568KWPFIBROCIMENTOKITS","FOTUS","","","kits","https://cdn.yellosolarhub.com/products/kits/FOTUS-KP03-568kWp-Fibrocimento-kits.jpg",,,,,,,,,false,""
"FOTUSKP03568KWPMINITRILHOKITS","FOTUS","","","kits","https://cdn.yellosolarhub.com/products/kits/FOTUS-KP03-568kWp-MiniTrilho-kits.jpg",,,,,,,,,false,""
"FOTUSKP03710KWPCERAMICOKITS","FOTUS","","","kits","https://cdn.yellosolarhub.com/products/kits/FOTUS-KP03-710kWp-Ceramico-kits.jpg",,,,,,,,,false,""
"FOTUSKP03710KWPFIBROCIMENTOKITS","FOTUS","","","kits","https://cdn.yellosolarhub.com/products/kits/FOTUS-KP03-710kWp-Fibrocimento-kits.jpg",,,,,,,,,false,""
"FOTUSKP03710KWPMINITRILHOKITS","FOTUS","","","kits","https://cdn.yellosolarhub.com/products/kits/FOTUS-KP03-710kWp-MiniTrilho-kits.jpg",,,,,,,,,false,""
"FOTUSKP03852KWPCERAMICOKITS","FOTUS","","","kits","https://cdn.yellosolarhub.com/products/kits/FOTUS-KP03-852kWp-Ceramico-kits.jpg",,,,,,,,,false,""
"FOTUSKP03852KWPFIBROCIMENTOKITS","FOTUS","","","kits","https://cdn.yellosolarhub.com/products/kits/FOTUS-KP03-852kWp-Fibrocimento-kits.jpg",,,,,,,,,false,""
"FOTUSKP03852KWPMINITRILHOKITS","FOTUS","","","kits","https://cdn.yellosolarhub.com/products/kits/FOTUS-KP03-852kWp-MiniTrilho-kits.jpg",,,,,,,,,false,""
"FOTUSKP03994KWPCERAMICOKITS","FOTUS","","","kits","https://cdn.yellosolarhub.com/products/kits/FOTUS-KP03-994kWp-Ceramico-kits.jpg",,,,,,,,,false,""
"FOTUSKP03994KWPFIBROCIMENTOKITS","FOTUS","","","kits","https://cdn.yellosolarhub.com/products/kits/FOTUS-KP03-994kWp-Fibrocimento-kits.jpg",,,,,,,,,false,""
"FOTUSKP03994KWPMINITRILHOKITS","FOTUS","","","kits","https://cdn.yellosolarhub.com/products/kits/FOTUS-KP03-994kWp-MiniTrilho-kits.jpg",,,,,,,,,false,""
"FOTUSKP03KITS","FOTUS","","","kits","https://cdn.yellosolarhub.com/products/kits/FOTUS-KP03-kits.jpg",,,,,,,,,false,""
"FOTUSKP041026KWPCERAMICOKITS","FOTUS","","","kits","https://cdn.yellosolarhub.com/products/kits/FOTUS-KP04-1026kWp-Ceramico-kits.jpg",,,,,,,,,false,""
"FOTUSKP041026KWPFIBROCIMENTOKITS","FOTUS","","","kits","https://cdn.yellosolarhub.com/products/kits/FOTUS-KP04-1026kWp-Fibrocimento-kits.jpg",,,,,,,,,false,""
"FOTUSKP041026KWPMINITRILHOKITS","FOTUS","","","kits","https://cdn.yellosolarhub.com/products/kits/FOTUS-KP04-1026kWp-MiniTrilho-kits.jpg",,,,,,,,,false,""
"FOTUSKP04114KWPCERAMICOKITS","FOTUS","","","kits","https://cdn.yellosolarhub.com/products/kits/FOTUS-KP04-114kWp-Ceramico-kits.jpg",,,,,,,,,false,""
"FOTUSKP04114KWPFIBROCIMENTOKITS","FOTUS","","","kits","https://cdn.yellosolarhub.com/products/kits/FOTUS-KP04-114kWp-Fibrocimento-kits.jpg",,,,,,,,,false,""
"FOTUSKP04114KWPMINITRILHOKITS","FOTUS","","","kits","https://cdn.yellosolarhub.com/products/kits/FOTUS-KP04-114kWp-MiniTrilho-kits.jpg",,,,,,,,,false,""
"FOTUSKP04120KWPCERAMICOKITS","FOTUS","","","kits","https://cdn.yellosolarhub.com/products/kits/FOTUS-KP04-120kWp-Ceramico-kits.jpg",,,,,,,,,false,""
"FOTUSKP04120KWPCERAMICOKITSHIBRIDOS","FOTUS","","","kits","https://cdn.yellosolarhub.com/products/kits/FOTUS-KP04-120kWp-Ceramico-kits-hibridos.jpg",,,,,,,,,false,""
"FOTUSKP04120KWPFIBROCIMENTOKITS","FOTUS","","","kits","https://cdn.yellosolarhub.com/products/kits/FOTUS-KP04-120kWp-Fibrocimento-kits.jpg",,,,,,,,,false,""
"FOTUSKP04120KWPFIBROCIMENTOKITSHIBRIDOS","FOTUS","","","kits","https://cdn.yellosolarhub.com/products/kits/FOTUS-KP04-120kWp-Fibrocimento-kits-hibridos.jpg",,,,,,,,,false,""
"FOTUSKP04120KWPMINITRILHOKITS","FOTUS","","","kits","https://cdn.yellosolarhub.com/products/kits/FOTUS-KP04-120kWp-MiniTrilho-kits.jpg",,,,,,,,,false,""
"FOTUSKP04120KWPMINITRILHOKITSHIBRIDOS","FOTUS","","","kits","https://cdn.yellosolarhub.com/products/kits/FOTUS-KP04-120kWp-MiniTrilho-kits-hibridos.jpg",,,,,,,,,false,""
"FOTUSKP041254KWPCERAMICOKITS","FOTUS","","","kits","https://cdn.yellosolarhub.com/products/kits/FOTUS-KP04-1254kWp-Ceramico-kits.jpg",,,,,,,,,false,""
"FOTUSKP041254KWPFIBROCIMENTOKITS","FOTUS","","","kits","https://cdn.yellosolarhub.com/products/kits/FOTUS-KP04-1254kWp-Fibrocimento-kits.jpg",,,,,,,,,false,""
"FOTUSKP041254KWPMINITRILHOKITS","FOTUS","","","kits","https://cdn.yellosolarhub.com/products/kits/FOTUS-KP04-1254kWp-MiniTrilho-kits.jpg",,,,,,,,,false,""
"FOTUSKP041311KWPCERAMICOKITS","FOTUS","","","kits","https://cdn.yellosolarhub.com/products/kits/FOTUS-KP04-1311kWp-Ceramico-kits.jpg",,,,,,,,,false,""
"FOTUSKP041311KWPFIBROCIMENTOKITS","FOTUS","","","kits","https://cdn.yellosolarhub.com/products/kits/FOTUS-KP04-1311kWp-Fibrocimento-kits.jpg",,,,,,,,,false,""
"FOTUSKP041311KWPMINITRILHOKITS","FOTUS","","","kits","https://cdn.yellosolarhub.com/products/kits/FOTUS-KP04-1311kWp-MiniTrilho-kits.jpg",,,,,,,,,false,""
"FOTUSKP041368KWPCERAMICOKITS","FOTUS","","","kits","https://cdn.yellosolarhub.com/products/kits/FOTUS-KP04-1368kWp-Ceramico-kits.jpg",,,,,,,,,false,""
"FOTUSKP041368KWPFIBROCIMENTOKITS","FOTUS","","","kits","https://cdn.yellosolarhub.com/products/kits/FOTUS-KP04-1368kWp-Fibrocimento-kits.jpg",,,,,,,,,false,""
"FOTUSKP041368KWPMINITRILHOKITS","FOTUS","","","kits","https://cdn.yellosolarhub.com/products/kits/FOTUS-KP04-1368kWp-MiniTrilho-kits.jpg",,,,,,,,,false,""
"FOTUSKP041482KWPCERAMICOKITS","FOTUS","","","kits","https://cdn.yellosolarhub.com/products/kits/FOTUS-KP04-1482kWp-Ceramico-kits.jpg",,,,,,,,,false,""
"FOTUSKP041482KWPFIBROCIMENTOKITS","FOTUS","","","kits","https://cdn.yellosolarhub.com/products/kits/FOTUS-KP04-1482kWp-Fibrocimento-kits.jpg",,,,,,,,,false,""
"FOTUSKP041482KWPMINITRILHOKITS","FOTUS","","","kits","https://cdn.yellosolarhub.com/products/kits/FOTUS-KP04-1482kWp-MiniTrilho-kits.jpg",,,,,,,,,false,""
"FOTUSKP041596KWPCERAMICOKITS","FOTUS","","","kits","https://cdn.yellosolarhub.com/products/kits/FOTUS-KP04-1596kWp-Ceramico-kits.jpg",,,,,,,,,false,""
"FOTUSKP041596KWPFIBROCIMENTOKITS","FOTUS","","","kits","https://cdn.yellosolarhub.com/products/kits/FOTUS-KP04-1596kWp-Fibrocimento-kits.jpg",,,,,,,,,false,""
"FOTUSKP041596KWPMINITRILHOKITS","FOTUS","","","kits","https://cdn.yellosolarhub.com/products/kits/FOTUS-KP04-1596kWp-MiniTrilho-kits.jpg",,,,,,,,,false,""
"FOTUSKP04228KWPCERAMICOKITS","FOTUS","","","kits","https://cdn.yellosolarhub.com/products/kits/FOTUS-KP04-228kWp-Ceramico-kits.jpg",,,,,,,,,false,""
"FOTUSKP04228KWPFIBROCIMENTOKITS","FOTUS","","","kits","https://cdn.yellosolarhub.com/products/kits/FOTUS-KP04-228kWp-Fibrocimento-kits.jpg",,,,,,,,,false,""
"FOTUSKP04228KWPMINITRILHOKITS","FOTUS","","","kits","https://cdn.yellosolarhub.com/products/kits/FOTUS-KP04-228kWp-MiniTrilho-kits.jpg",,,,,,,,,false,""
"FOTUSKP04240KWPCERAMICOKITS","FOTUS","","","kits","https://cdn.yellosolarhub.com/products/kits/FOTUS-KP04-240kWp-Ceramico-kits.jpg",,,,,,,,,false,""
"FOTUSKP04240KWPCERAMICOKITSHIBRIDOS","FOTUS","","","kits","https://cdn.yellosolarhub.com/products/kits/FOTUS-KP04-240kWp-Ceramico-kits-hibridos.jpg",,,,,,,,,false,""
"FOTUSKP04240KWPFIBROCIMENTOKITS","FOTUS","","","kits","https://cdn.yellosolarhub.com/products/kits/FOTUS-KP04-240kWp-Fibrocimento-kits.jpg",,,,,,,,,false,""
"FOTUSKP04240KWPFIBROCIMENTOKITSHIBRIDOS","FOTUS","","","kits","https://cdn.yellosolarhub.com/products/kits/FOTUS-KP04-240kWp-Fibrocimento-kits-hibridos.jpg",,,,,,,,,false,""
"FOTUSKP04240KWPMINITRILHOKITS","FOTUS","","","kits","https://cdn.yellosolarhub.com/products/kits/FOTUS-KP04-240kWp-MiniTrilho-kits.jpg",,,,,,,,,false,""
"FOTUSKP04240KWPMINITRILHOKITSHIBRIDOS","FOTUS","","","kits","https://cdn.yellosolarhub.com/products/kits/FOTUS-KP04-240kWp-MiniTrilho-kits-hibridos.jpg",,,,,,,,,false,""
"FOTUSKP04342KWPCERAMICOKITS","FOTUS","","","kits","https://cdn.yellosolarhub.com/products/kits/FOTUS-KP04-342kWp-Ceramico-kits.jpg",,,,,,,,,false,""
"FOTUSKP04342KWPFIBROCIMENTOKITS","FOTUS","","","kits","https://cdn.yellosolarhub.com/products/kits/FOTUS-KP04-342kWp-Fibrocimento-kits.jpg",,,,,,,,,false,""
"FOTUSKP04342KWPMINITRILHOKITS","FOTUS","","","kits","https://cdn.yellosolarhub.com/products/kits/FOTUS-KP04-342kWp-MiniTrilho-kits.jpg",,,,,,,,,false,""
"FOTUSKP04360KWPCERAMICOKITS","FOTUS","","","kits","https://cdn.yellosolarhub.com/products/kits/FOTUS-KP04-360kWp-Ceramico-kits.jpg",,,,,,,,,false,""
"FOTUSKP04360KWPCERAMICOKITSHIBRIDOS","FOTUS","","","kits","https://cdn.yellosolarhub.com/products/kits/FOTUS-KP04-360kWp-Ceramico-kits-hibridos.jpg",,,,,,,,,false,""
"FOTUSKP04360KWPFIBROCIMENTOKITS","FOTUS","","","kits","https://cdn.yellosolarhub.com/products/kits/FOTUS-KP04-360kWp-Fibrocimento-kits.jpg",,,,,,,,,false,""
"FOTUSKP04360KWPFIBROCIMENTOKITSHIBRIDOS","FOTUS","","","kits","https://cdn.yellosolarhub.com/products/kits/FOTUS-KP04-360kWp-Fibrocimento-kits-hibridos.jpg",,,,,,,,,false,""
"FOTUSKP04360KWPMINITRILHOKITS","FOTUS","","","kits","https://cdn.yellosolarhub.com/products/kits/FOTUS-KP04-360kWp-MiniTrilho-kits.jpg",,,,,,,,,false,""
"FOTUSKP04360KWPMINITRILHOKITSHIBRIDOS","FOTUS","","","kits","https://cdn.yellosolarhub.com/products/kits/FOTUS-KP04-360kWp-MiniTrilho-kits-hibridos.jpg",,,,,,,,,false,""
"FOTUSKP04399KWPCERAMICOKITS","FOTUS","","","kits","https://cdn.yellosolarhub.com/products/kits/FOTUS-KP04-399kWp-Ceramico-kits.jpg",,,,,,,,,false,""
"FOTUSKP04399KWPFIBROCIMENTOKITS","FOTUS","","","kits","https://cdn.yellosolarhub.com/products/kits/FOTUS-KP04-399kWp-Fibrocimento-kits.jpg",,,,,,,,,false,""
"FOTUSKP04399KWPMINITRILHOKITS","FOTUS","","","kits","https://cdn.yellosolarhub.com/products/kits/FOTUS-KP04-399kWp-MiniTrilho-kits.jpg",,,,,,,,,false,""
"FOTUSKP04456KWPCERAMICOKITS","FOTUS","","","kits","https://cdn.yellosolarhub.com/products/kits/FOTUS-KP04-456kWp-Ceramico-kits.jpg",,,,,,,,,false,""
"FOTUSKP04456KWPFIBROCIMENTOKITS","FOTUS","","","kits","https://cdn.yellosolarhub.com/products/kits/FOTUS-KP04-456kWp-Fibrocimento-kits.jpg",,,,,,,,,false,""
"FOTUSKP04456KWPMINITRILHOKITS","FOTUS","","","kits","https://cdn.yellosolarhub.com/products/kits/FOTUS-KP04-456kWp-MiniTrilho-kits.jpg",,,,,,,,,false,""
"FOTUSKP04480KWPCERAMICOKITSHIBRIDOS","FOTUS","","","kits","https://cdn.yellosolarhub.com/products/kits/FOTUS-KP04-480kWp-Ceramico-kits-hibridos.jpg",,,,,,,,,false,""
"FOTUSKP04480KWPFIBROCIMENTOKITS","FOTUS","","","kits","https://cdn.yellosolarhub.com/products/kits/FOTUS-KP04-480kWp-Fibrocimento-kits.jpg",,,,,,,,,false,""
"FOTUSKP04480KWPFIBROCIMENTOKITSHIBRIDOS","FOTUS","","","kits","https://cdn.yellosolarhub.com/products/kits/FOTUS-KP04-480kWp-Fibrocimento-kits-hibridos.jpg",,,,,,,,,false,""
"FOTUSKP04480KWPMINITRILHOKITS","FOTUS","","","kits","https://cdn.yellosolarhub.com/products/kits/FOTUS-KP04-480kWp-MiniTrilho-kits.jpg",,,,,,,,,false,""
"FOTUSKP04480KWPMINITRILHOKITSHIBRIDOS","FOTUS","","","kits","https://cdn.yellosolarhub.com/products/kits/FOTUS-KP04-480kWp-MiniTrilho-kits-hibridos.jpg",,,,,,,,,false,""
"FOTUSKP04513KWPCERAMICOKITS","FOTUS","","","kits","https://cdn.yellosolarhub.com/products/kits/FOTUS-KP04-513kWp-Ceramico-kits.jpg",,,,,,,,,false,""
"FOTUSKP04513KWPFIBROCIMENTOKITS","FOTUS","","","kits","https://cdn.yellosolarhub.com/products/kits/FOTUS-KP04-513kWp-Fibrocimento-kits.jpg",,,,,,,,,false,""
"FOTUSKP04513KWPMINITRILHOKITS","FOTUS","","","kits","https://cdn.yellosolarhub.com/products/kits/FOTUS-KP04-513kWp-MiniTrilho-kits.jpg",,,,,,,,,false,""
"FOTUSKP04570KWPCERAMICOKITS","FOTUS","","","kits","https://cdn.yellosolarhub.com/products/kits/FOTUS-KP04-570kWp-Ceramico-kits.jpg",,,,,,,,,false,""
"FOTUSKP04570KWPFIBROCIMENTOKITS","FOTUS","","","kits","https://cdn.yellosolarhub.com/products/kits/FOTUS-KP04-570kWp-Fibrocimento-kits.jpg",,,,,,,,,false,""
"FOTUSKP04570KWPMINITRILHOKITS","FOTUS","","","kits","https://cdn.yellosolarhub.com/products/kits/FOTUS-KP04-570kWp-MiniTrilho-kits.jpg",,,,,,,,,false,""
"FOTUSKP04600KWPCERAMICOKITS","FOTUS","","","kits","https://cdn.yellosolarhub.com/products/kits/FOTUS-KP04-600kWp-Ceramico-kits.jpg",,,,,,,,,false,""
"FOTUSKP04600KWPCERAMICOKITSHIBRIDOS","FOTUS","","","kits","https://cdn.yellosolarhub.com/products/kits/FOTUS-KP04-600kWp-Ceramico-kits-hibridos.jpg",,,,,,,,,false,""
"FOTUSKP04600KWPFIBROCIMENTOKITS","FOTUS","","","kits","https://cdn.yellosolarhub.com/products/kits/FOTUS-KP04-600kWp-Fibrocimento-kits.jpg",,,,,,,,,false,""
"FOTUSKP04600KWPFIBROCIMENTOKITSHIBRIDOS","FOTUS","","","kits","https://cdn.yellosolarhub.com/products/kits/FOTUS-KP04-600kWp-Fibrocimento-kits-hibridos.jpg",,,,,,,,,false,""
"FOTUSKP04600KWPMINITRILHOKITS","FOTUS","","","kits","https://cdn.yellosolarhub.com/products/kits/FOTUS-KP04-600kWp-MiniTrilho-kits.jpg",,,,,,,,,false,""
"FOTUSKP04600KWPMINITRILHOKITSHIBRIDOS","FOTUS","","","kits","https://cdn.yellosolarhub.com/products/kits/FOTUS-KP04-600kWp-MiniTrilho-kits-hibridos.jpg",,,,,,,,,false,""
"FOTUSKP04684KWPCERAMICOKITS","FOTUS","","","kits","https://cdn.yellosolarhub.com/products/kits/FOTUS-KP04-684kWp-Ceramico-kits.jpg",,,,,,,,,false,""
"FOTUSKP04684KWPFIBROCIMENTOKITS","FOTUS","","","kits","https://cdn.yellosolarhub.com/products/kits/FOTUS-KP04-684kWp-Fibrocimento-kits.jpg",,,,,,,,,false,""
"FOTUSKP04684KWPMINITRILHOKITS","FOTUS","","","kits","https://cdn.yellosolarhub.com/products/kits/FOTUS-KP04-684kWp-MiniTrilho-kits.jpg",,,,,,,,,false,""
"FOTUSKP04720KWPCERAMICOKITS","FOTUS","","","kits","https://cdn.yellosolarhub.com/products/kits/FOTUS-KP04-720kWp-Ceramico-kits.jpg",,,,,,,,,false,""
"FOTUSKP04720KWPCERAMICOKITSHIBRIDOS","FOTUS","","","kits","https://cdn.yellosolarhub.com/products/kits/FOTUS-KP04-720kWp-Ceramico-kits-hibridos.jpg",,,,,,,,,false,""
"FOTUSKP04720KWPFIBROCIMENTOKITS","FOTUS","","","kits","https://cdn.yellosolarhub.com/products/kits/FOTUS-KP04-720kWp-Fibrocimento-kits.jpg",,,,,,,,,false,""
"FOTUSKP04720KWPFIBROCIMENTOKITSHIBRIDOS","FOTUS","","","kits","https://cdn.yellosolarhub.com/products/kits/FOTUS-KP04-720kWp-Fibrocimento-kits-hibridos.jpg",,,,,,,,,false,""
"FOTUSKP04720KWPMINITRILHOKITS","FOTUS","","","kits","https://cdn.yellosolarhub.com/products/kits/FOTUS-KP04-720kWp-MiniTrilho-kits.jpg",,,,,,,,,false,""
"FOTUSKP04720KWPMINITRILHOKITSHIBRIDOS","FOTUS","","","kits","https://cdn.yellosolarhub.com/products/kits/FOTUS-KP04-720kWp-MiniTrilho-kits-hibridos.jpg",,,,,,,,,false,""
"FOTUSKP04798KWPCERAMICOKITS","FOTUS","","","kits","https://cdn.yellosolarhub.com/products/kits/FOTUS-KP04-798kWp-Ceramico-kits.jpg",,,,,,,,,false,""
"FOTUSKP04798KWPFIBROCIMENTOKITS","FOTUS","","","kits","https://cdn.yellosolarhub.com/products/kits/FOTUS-KP04-798kWp-Fibrocimento-kits.jpg",,,,,,,,,false,""
"FOTUSKP04798KWPMINITRILHOKITS","FOTUS","","","kits","https://cdn.yellosolarhub.com/products/kits/FOTUS-KP04-798kWp-MiniTrilho-kits.jpg",,,,,,,,,false,""
"FOTUSKP04840KWPCERAMICOKITS","FOTUS","","","kits","https://cdn.yellosolarhub.com/products/kits/FOTUS-KP04-840kWp-Ceramico-kits.jpg",,,,,,,,,false,""
"FOTUSKP04840KWPCERAMICOKITSHIBRIDOS","FOTUS","","","kits","https://cdn.yellosolarhub.com/products/kits/FOTUS-KP04-840kWp-Ceramico-kits-hibridos.jpg",,,,,,,,,false,""
"FOTUSKP04840KWPFIBROCIMENTOKITS","FOTUS","","","kits","https://cdn.yellosolarhub.com/products/kits/FOTUS-KP04-840kWp-Fibrocimento-kits.jpg",,,,,,,,,false,""
"FOTUSKP04840KWPFIBROCIMENTOKITSHIBRIDOS","FOTUS","","","kits","https://cdn.yellosolarhub.com/products/kits/FOTUS-KP04-840kWp-Fibrocimento-kits-hibridos.jpg",,,,,,,,,false,""
"FOTUSKP04840KWPMINITRILHOKITS","FOTUS","","","kits","https://cdn.yellosolarhub.com/products/kits/FOTUS-KP04-840kWp-MiniTrilho-kits.jpg",,,,,,,,,false,""
"FOTUSKP04840KWPMINITRILHOKITSHIBRIDOS","FOTUS","","","kits","https://cdn.yellosolarhub.com/products/kits/FOTUS-KP04-840kWp-MiniTrilho-kits-hibridos.jpg",,,,,,,,,false,""
"FOTUSKP04855KWPCERAMICOKITS","FOTUS","","","kits","https://cdn.yellosolarhub.com/products/kits/FOTUS-KP04-855kWp-Ceramico-kits.jpg",,,,,,,,,false,""
"FOTUSKP04855KWPFIBROCIMENTOKITS","FOTUS","","","kits","https://cdn.yellosolarhub.com/products/kits/FOTUS-KP04-855kWp-Fibrocimento-kits.jpg",,,,,,,,,false,""
"FOTUSKP04855KWPMINITRILHOKITS","FOTUS","","","kits","https://cdn.yellosolarhub.com/products/kits/FOTUS-KP04-855kWp-MiniTrilho-kits.jpg",,,,,,,,,false,""
"FOTUSKP04912KWPCERAMICOKITS","FOTUS","","","kits","https://cdn.yellosolarhub.com/products/kits/FOTUS-KP04-912kWp-Ceramico-kits.jpg",,,,,,,,,false,""
"FOTUSKP04912KWPFIBROCIMENTOKITS","FOTUS","","","kits","https://cdn.yellosolarhub.com/products/kits/FOTUS-KP04-912kWp-Fibrocimento-kits.jpg",,,,,,,,,false,""
"FOTUSKP04912KWPMINITRILHOKITS","FOTUS","","","kits","https://cdn.yellosolarhub.com/products/kits/FOTUS-KP04-912kWp-MiniTrilho-kits.jpg",,,,,,,,,false,""
"FOTUSKP04960KWPCERAMICOKITS","FOTUS","","","kits","https://cdn.yellosolarhub.com/products/kits/FOTUS-KP04-960kWp-Ceramico-kits.jpg",,,,,,,,,false,""
"FOTUSKP04960KWPCERAMICOKITSHIBRIDOS","FOTUS","","","kits","https://cdn.yellosolarhub.com/products/kits/FOTUS-KP04-960kWp-Ceramico-kits-hibridos.jpg",,,,,,,,,false,""
"FOTUSKP04960KWPFIBROCIMENTOKITS","FOTUS","","","kits","https://cdn.yellosolarhub.com/products/kits/FOTUS-KP04-960kWp-Fibrocimento-kits.jpg",,,,,,,,,false,""
"FOTUSKP04960KWPFIBROCIMENTOKITSHIBRIDOS","FOTUS","","","kits","https://cdn.yellosolarhub.com/products/kits/FOTUS-KP04-960kWp-Fibrocimento-kits-hibridos.jpg",,,,,,,,,false,""
"FOTUSKP04960KWPMINITRILHOKITS","FOTUS","","","kits","https://cdn.yellosolarhub.com/products/kits/FOTUS-KP04-960kWp-MiniTrilho-kits.jpg",,,,,,,,,false,""
"FOTUSKP04960KWPMINITRILHOKITSHIBRIDOS","FOTUS","","","kits","https://cdn.yellosolarhub.com/products/kits/FOTUS-KP04-960kWp-MiniTrilho-kits-hibridos.jpg",,,,,,,,,false,""
"FOTUSKP04969KWPCERAMICOKITS","FOTUS","","","kits","https://cdn.yellosolarhub.com/products/kits/FOTUS-KP04-969kWp-Ceramico-kits.jpg",,,,,,,,,false,""
"FOTUSKP04969KWPFIBROCIMENTOKITS","FOTUS","","","kits","https://cdn.yellosolarhub.com/products/kits/FOTUS-KP04-969kWp-Fibrocimento-kits.jpg",,,,,,,,,false,""
"FOTUSKP04969KWPMINITRILHOKITS","FOTUS","","","kits","https://cdn.yellosolarhub.com/products/kits/FOTUS-KP04-969kWp-MiniTrilho-kits.jpg",,,,,,,,,false,""
"FOTUSKP04KITS","FOTUS","","","kits","https://cdn.yellosolarhub.com/products/kits/FOTUS-KP04-kits.jpg",,,,,,,,,false,""
"FOTUSKP04KITSHIBRIDOS","FOTUS","","","kits","https://cdn.yellosolarhub.com/products/kits/FOTUS-KP04-kits-hibridos.jpg",,,,,,,,,false,""
"NEOSOLARKITS22690","NEOSOLAR","","","kits","https://cdn.yellosolarhub.com/products/kits/neosolar_kits_22690.jpg",,,,,,,,,false,""
"NEOSOLARKITS22691","NEOSOLAR","","","kits","https://cdn.yellosolarhub.com/products/kits/neosolar_kits_22691.jpg",,,,,,,,,false,""
"NEOSOLARKITS23586","NEOSOLAR","","","kits","https://cdn.yellosolarhub.com/products/kits/neosolar_kits_23586.jpg",,,,,,,,,false,""
"NEOSOLARKITS23699","NEOSOLAR","","","kits","https://cdn.yellosolarhub.com/products/kits/neosolar_kits_23699.jpg",,,,,,,,,false,""
"NEOSOLARKITS23703","NEOSOLAR","","","kits","https://cdn.yellosolarhub.com/products/kits/neosolar_kits_23703.jpg",,,,,,,,,false,""
"NEOSOLARKITS23927","NEOSOLAR","","","kits","https://cdn.yellosolarhub.com/products/kits/neosolar_kits_23927.jpg",,,,,,,,,false,""
"NEOSOLARKITS23928","NEOSOLAR","","","kits","https://cdn.yellosolarhub.com/products/kits/neosolar_kits_23928.jpg",,,,,,,,,false,""
"NEOSOLARKITS23929","NEOSOLAR","","","kits","https://cdn.yellosolarhub.com/products/kits/neosolar_kits_23929.jpg",,,,,,,,,false,""
"NEOSOLARKITS24170","NEOSOLAR","","","kits","https://cdn.yellosolarhub.com/products/kits/NEOSOLAR_KITS_24170.jpg",,,,,,,,,false,""
"NEOSOLARKITS24171","NEOSOLAR","","","kits","https://cdn.yellosolarhub.com/products/kits/NEOSOLAR_KITS_24171.jpg",,,,,,,,,false,""
"NEOSOLARKITS24172","NEOSOLAR","","","kits","https://cdn.yellosolarhub.com/products/kits/NEOSOLAR_KITS_24172.jpg",,,,,,,,,false,""
"NEOSOLARKITS24173","NEOSOLAR","","","kits","https://cdn.yellosolarhub.com/products/kits/NEOSOLAR_KITS_24173.jpg",,,,,,,,,false,""
"NEOSOLARKITS24174","NEOSOLAR","","","kits","https://cdn.yellosolarhub.com/products/kits/NEOSOLAR_KITS_24174.jpg",,,,,,,,,false,""
"NEOSOLARKITS24175","NEOSOLAR","","","kits","https://cdn.yellosolarhub.com/products/kits/NEOSOLAR_KITS_24175.jpg",,,,,,,,,false,""
"NEOSOLARKITS25043","NEOSOLAR","","","kits","https://cdn.yellosolarhub.com/products/kits/neosolar_kits_25043.jpg",,,,,,,,,false,""
"NEOSOLARKITS25044","NEOSOLAR","","","kits","https://cdn.yellosolarhub.com/products/kits/neosolar_kits_25044.jpg",,,,,,,,,false,""
"NEOSOLARKITS25045","NEOSOLAR","","","kits","https://cdn.yellosolarhub.com/products/kits/neosolar_kits_25045.jpg",,,,,,,,,false,""
"NEOSOLARKITS25046","NEOSOLAR","","","kits","https://cdn.yellosolarhub.com/products/kits/neosolar_kits_25046.jpg",,,,,,,,,false,""
"NEOSOLARKITS25047","NEOSOLAR","","","kits","https://cdn.yellosolarhub.com/products/kits/neosolar_kits_25047.jpg",,,,,,,,,false,""
"NEOSOLARKITS25048","NEOSOLAR","","","kits","https://cdn.yellosolarhub.com/products/kits/neosolar_kits_25048.jpg",,,,,,,,,false,""
"NEOSOLARKITS25049","NEOSOLAR","","","kits","https://cdn.yellosolarhub.com/products/kits/neosolar_kits_25049.jpg",,,,,,,,,false,""
"NEOSOLARKITS25053","NEOSOLAR","","","kits","https://cdn.yellosolarhub.com/products/kits/neosolar_kits_25053.jpg",,,,,,,,,false,""
"NEOSOLARKITS25129","NEOSOLAR","","","kits","https://cdn.yellosolarhub.com/products/kits/neosolar_kits_25129.jpg",,,,,,,,,false,""
"NEOSOLARKITS25130","NEOSOLAR","","","kits","https://cdn.yellosolarhub.com/products/kits/neosolar_kits_25130.jpg",,,,,,,,,false,""
"NEOSOLARKITS25131","NEOSOLAR","","","kits","https://cdn.yellosolarhub.com/products/kits/neosolar_kits_25131.jpg",,,,,,,,,false,""
"NEOSOLARKITS25132","NEOSOLAR","","","kits","https://cdn.yellosolarhub.com/products/kits/neosolar_kits_25132.jpg",,,,,,,,,false,""
"NEOSOLARKITS25154","NEOSOLAR","","","kits","https://cdn.yellosolarhub.com/products/kits/neosolar_kits_25154.jpg",,,,,,,,,false,""
"NEOSOLARKITS25156","NEOSOLAR","","","kits","https://cdn.yellosolarhub.com/products/kits/neosolar_kits_25156.jpg",,,,,,,,,false,""
"NEOSOLARKITS25158","NEOSOLAR","","","kits","https://cdn.yellosolarhub.com/products/kits/neosolar_kits_25158.jpg",,,,,,,,,false,""
"NEOSOLARKITS25160","NEOSOLAR","","","kits","https://cdn.yellosolarhub.com/products/kits/neosolar_kits_25160.jpg",,,,,,,,,false,""
"NEOSOLARKITS25162","NEOSOLAR","","","kits","https://cdn.yellosolarhub.com/products/kits/neosolar_kits_25162.jpg",,,,,,,,,false,""
"NEOSOLARKITS25163","NEOSOLAR","","","kits","https://cdn.yellosolarhub.com/products/kits/neosolar_kits_25163.jpg",,,,,,,,,false,""
"NEOSOLARKITS25164","NEOSOLAR","","","kits","https://cdn.yellosolarhub.com/products/kits/neosolar_kits_25164.jpg",,,,,,,,,false,""
"NEOSOLARKITS26694","NEOSOLAR","","","kits","https://cdn.yellosolarhub.com/products/kits/neosolar_kits_26694.jpg",,,,,,,,,false,""
"NEOSOLARKITS26695","NEOSOLAR","","","kits","https://cdn.yellosolarhub.com/products/kits/neosolar_kits_26695.jpg",,,,,,,,,false,""
"NEOSOLARKITS26696","NEOSOLAR","","","kits","https://cdn.yellosolarhub.com/products/kits/neosolar_kits_26696.jpg",,,,,,,,,false,""
"NEOSOLARKITS26697","NEOSOLAR","","","kits","https://cdn.yellosolarhub.com/products/kits/neosolar_kits_26697.jpg",,,,,,,,,false,""
"NEOSOLARKITS26698","NEOSOLAR","","","kits","https://cdn.yellosolarhub.com/products/kits/neosolar_kits_26698.jpg",,,,,,,,,false,""
"NEOSOLARKITS26699","NEOSOLAR","","","kits","https://cdn.yellosolarhub.com/products/kits/neosolar_kits_26699.jpg",,,,,,,,,false,""
"NEOSOLARKITS26700","NEOSOLAR","","","kits","https://cdn.yellosolarhub.com/products/kits/neosolar_kits_26700.jpg",,,,,,,,,false,""
"NEOSOLARKITS26701","NEOSOLAR","","","kits","https://cdn.yellosolarhub.com/products/kits/neosolar_kits_26701.jpg",,,,,,,,,false,""
"NEOSOLARKITS26720","NEOSOLAR","","","kits","https://cdn.yellosolarhub.com/products/kits/neosolar_kits_26720.jpg",,,,,,,,,false,""
"NEOSOLARKITS26721","NEOSOLAR","","","kits","https://cdn.yellosolarhub.com/products/kits/neosolar_kits_26721.jpg",,,,,,,,,false,""
"NEOSOLARKITS26722","NEOSOLAR","","","kits","https://cdn.yellosolarhub.com/products/kits/neosolar_kits_26722.jpg",,,,,,,,,false,""
"NEOSOLARKITS26723","NEOSOLAR","","","kits","https://cdn.yellosolarhub.com/products/kits/neosolar_kits_26723.jpg",,,,,,,,,false,""
"NEOSOLARKITS26968","NEOSOLAR","","","kits","https://cdn.yellosolarhub.com/products/kits/neosolar_kits_26968.jpg",,,,,,,,,false,""
"NEOSOLARKITS26969","NEOSOLAR","","","kits","https://cdn.yellosolarhub.com/products/kits/neosolar_kits_26969.jpg",,,,,,,,,false,""
"NEOSOLARKITS26970","NEOSOLAR","","","kits","https://cdn.yellosolarhub.com/products/kits/neosolar_kits_26970.jpg",,,,,,,,,false,""
"NEOSOLARKITS26971","NEOSOLAR","","","kits","https://cdn.yellosolarhub.com/products/kits/neosolar_kits_26971.jpg",,,,,,,,,false,""
"NEOSOLARKITS26972","NEOSOLAR","","","kits","https://cdn.yellosolarhub.com/products/kits/neosolar_kits_26972.jpg",,,,,,,,,false,""
"NEOSOLARKITS26975","NEOSOLAR","","","kits","https://cdn.yellosolarhub.com/products/kits/neosolar_kits_26975.jpg",,,,,,,,,false,""
"NEOSOLARKITS26984","NEOSOLAR","","","kits","https://cdn.yellosolarhub.com/products/kits/neosolar_kits_26984.jpg",,,,,,,,,false,""
"NEOSOLARKITS26985","NEOSOLAR","","","kits","https://cdn.yellosolarhub.com/products/kits/neosolar_kits_26985.jpg",,,,,,,,,false,""
"NEOSOLARKITS26986","NEOSOLAR","","","kits","https://cdn.yellosolarhub.com/products/kits/neosolar_kits_26986.jpg",,,,,,,,,false,""
"NEOSOLARKITS26987","NEOSOLAR","","","kits","https://cdn.yellosolarhub.com/products/kits/neosolar_kits_26987.jpg",,,,,,,,,false,""
"NEOSOLARKITS26988","NEOSOLAR","","","kits","https://cdn.yellosolarhub.com/products/kits/neosolar_kits_26988.jpg",,,,,,,,,false,""
"NEOSOLARKITS26991","NEOSOLAR","","","kits","https://cdn.yellosolarhub.com/products/kits/neosolar_kits_26991.jpg",,,,,,,,,false,""
"NEOSOLARKITS27259","NEOSOLAR","","","kits","https://cdn.yellosolarhub.com/products/kits/neosolar_kits_27259.jpg",,,,,,,,,false,""
"NEOSOLARKITS27260","NEOSOLAR","","","kits","https://cdn.yellosolarhub.com/products/kits/neosolar_kits_27260.jpg",,,,,,,,,false,""
"NEOSOLARKITS27261","NEOSOLAR","","","kits","https://cdn.yellosolarhub.com/products/kits/neosolar_kits_27261.jpg",,,,,,,,,false,""
"NEOSOLARKITS27262","NEOSOLAR","","","kits","https://cdn.yellosolarhub.com/products/kits/neosolar_kits_27262.jpg",,,,,,,,,false,""
"NEOSOLARKITS27263","NEOSOLAR","","","kits","https://cdn.yellosolarhub.com/products/kits/neosolar_kits_27263.jpg",,,,,,,,,false,""
"NEOSOLARKITS27264","NEOSOLAR","","","kits","https://cdn.yellosolarhub.com/products/kits/neosolar_kits_27264.jpg",,,,,,,,,false,""
"NEOSOLARKITS27265","NEOSOLAR","","","kits","https://cdn.yellosolarhub.com/products/kits/neosolar_kits_27265.jpg",,,,,,,,,false,""
"NEOSOLARKITS27266","NEOSOLAR","","","kits","https://cdn.yellosolarhub.com/products/kits/neosolar_kits_27266.jpg",,,,,,,,,false,""
"NEOSOLARKITS27267","NEOSOLAR","","","kits","https://cdn.yellosolarhub.com/products/kits/neosolar_kits_27267.jpg",,,,,,,,,false,""
"NEOSOLARKITS27268","NEOSOLAR","","","kits","https://cdn.yellosolarhub.com/products/kits/neosolar_kits_27268.jpg",,,,,,,,,false,""
"NEOSOLARKITS27269","NEOSOLAR","","","kits","https://cdn.yellosolarhub.com/products/kits/neosolar_kits_27269.jpg",,,,,,,,,false,""
"NEOSOLARKITS27270","NEOSOLAR","","","kits","https://cdn.yellosolarhub.com/products/kits/neosolar_kits_27270.jpg",,,,,,,,,false,""
"NEOSOLARKITS27296","NEOSOLAR","","","kits","https://cdn.yellosolarhub.com/products/kits/neosolar_kits_27296.jpg",,,,,,,,,false,""
"NEOSOLARKITS27297","NEOSOLAR","","","kits","https://cdn.yellosolarhub.com/products/kits/neosolar_kits_27297.jpg",,,,,,,,,false,""
"NEOSOLARKITS27298","NEOSOLAR","","","kits","https://cdn.yellosolarhub.com/products/kits/neosolar_kits_27298.jpg",,,,,,,,,false,""
"NEOSOLARKITS27299","NEOSOLAR","","","kits","https://cdn.yellosolarhub.com/products/kits/neosolar_kits_27299.jpg",,,,,,,,,false,""
"NEOSOLARKITS27300","NEOSOLAR","","","kits","https://cdn.yellosolarhub.com/products/kits/neosolar_kits_27300.jpg",,,,,,,,,false,""
"NEOSOLARKITS27301","NEOSOLAR","","","kits","https://cdn.yellosolarhub.com/products/kits/neosolar_kits_27301.jpg",,,,,,,,,false,""
"NEOSOLARKITS27302","NEOSOLAR","","","kits","https://cdn.yellosolarhub.com/products/kits/neosolar_kits_27302.jpg",,,,,,,,,false,""
"NEOSOLARKITS27303","NEOSOLAR","","","kits","https://cdn.yellosolarhub.com/products/kits/neosolar_kits_27303.jpg",,,,,,,,,false,""
"NEOSOLARKITS27304","NEOSOLAR","","","kits","https://cdn.yellosolarhub.com/products/kits/neosolar_kits_27304.jpg",,,,,,,,,false,""
"NEOSOLARKITS27305","NEOSOLAR","","","kits","https://cdn.yellosolarhub.com/products/kits/neosolar_kits_27305.jpg",,,,,,,,,false,""
"NEOSOLARKITS27306","NEOSOLAR","","","kits","https://cdn.yellosolarhub.com/products/kits/neosolar_kits_27306.jpg",,,,,,,,,false,""
"NEOSOLARKITS27313","NEOSOLAR","","","kits","https://cdn.yellosolarhub.com/products/kits/neosolar_kits_27313.jpg",,,,,,,,,false,""
"NEOSOLARKITS27314","NEOSOLAR","","","kits","https://cdn.yellosolarhub.com/products/kits/neosolar_kits_27314.jpg",,,,,,,,,false,""
"NEOSOLARKITS27315","NEOSOLAR","","","kits","https://cdn.yellosolarhub.com/products/kits/neosolar_kits_27315.jpg",,,,,,,,,false,""
"NEOSOLARKITS27339","NEOSOLAR","","","kits","https://cdn.yellosolarhub.com/products/kits/neosolar_kits_27339.jpg",,,,,,,,,false,""
"NEOSOLARKITS27347","NEOSOLAR","","","kits","https://cdn.yellosolarhub.com/products/kits/neosolar_kits_27347.jpg",,,,,,,,,false,""
"NEOSOLARKITS27348","NEOSOLAR","","","kits","https://cdn.yellosolarhub.com/products/kits/neosolar_kits_27348.jpg",,,,,,,,,false,""
"NEOSOLARKITS27349","NEOSOLAR","","","kits","https://cdn.yellosolarhub.com/products/kits/neosolar_kits_27349.jpg",,,,,,,,,false,""
"NEOSOLARKITS27378","NEOSOLAR","","","kits","https://cdn.yellosolarhub.com/products/kits/neosolar_kits_27378.jpg",,,,,,,,,false,""
"NEOSOLARKITS27475","NEOSOLAR","","","kits","https://cdn.yellosolarhub.com/products/kits/neosolar_kits_27475.jpg",,,,,,,,,false,""
"NEOSOLARKITS27476","NEOSOLAR","","","kits","https://cdn.yellosolarhub.com/products/kits/neosolar_kits_27476.jpg",,,,,,,,,false,""
"LONGI585W","unknown","","","LONGI","https://cdn.yellosolarhub.com/products/LONGI/LONGI-585W.png",,,,,,,,,false,""
"LONGI630WPV2","unknown","","","LONGI","https://cdn.yellosolarhub.com/products/LONGI/LONGI-630Wp_v2.png",,,,,,,,,false,""
"CONTENTINGRESSPORTALB2BNEOSOLARCOMBR","NEOSOLAR","","","outros","https://cdn.yellosolarhub.com/products/outros/content_ingress=portalb2b.neosolar.com.br.png",,,,,,,,,false,""
"215563","unknown","","","paineis","https://cdn.yellosolarhub.com/products/paineis/215563.jpg",,,,,,,,,false,""
"289244","unknown","","","paineis","https://cdn.yellosolarhub.com/products/paineis/289244.jpg",,,,,,,,,false,""
"291808","unknown","","","paineis","https://cdn.yellosolarhub.com/products/paineis/291808.jpg",,,,,,,,,false,""
"299586","unknown","","","paineis","https://cdn.yellosolarhub.com/products/paineis/299586.jpg",,,,,,,,,false,""
"299589","unknown","","","paineis","https://cdn.yellosolarhub.com/products/paineis/299589.jpg",,,,,,,,,false,""
"300585","unknown","","","paineis","https://cdn.yellosolarhub.com/products/paineis/300585.jpg",,,,,,,,,false,""
"304574","unknown","","","paineis","https://cdn.yellosolarhub.com/products/paineis/304574.jpg",,,,,,,,,false,""
"DAHDHN72X16DGIMAGEPRODUCT559376","unknown","","","paineis","https://cdn.yellosolarhub.com/products/paineis/DAH-DHN-72X16-DG_IMAGE_PRODUCT_559376.jpeg",,,,,,,,,false,""
"HANERSUNHJTHN21H66HTIMAGEPRODUCT573429","unknown","","","paineis","https://cdn.yellosolarhub.com/products/paineis/HANERSUN-HJT HN21H-66HT_IMAGE_PRODUCT_573429.png",,,,,,,,,false,""
"HANERSUNHN18N72HIMAGEPRODUCT559375","unknown","","","paineis","https://cdn.yellosolarhub.com/products/paineis/HANERSUN-HN18N-72H_IMAGE_PRODUCT_559375.jpeg",,,,,,,,,false,""
"IMAGEPRODUCT559375","unknown","","","paineis","https://cdn.yellosolarhub.com/products/paineis/IMAGE_PRODUCT_559375.jpeg",,,,,,,,,false,""
"IMAGEPRODUCT559376","unknown","","","paineis","https://cdn.yellosolarhub.com/products/paineis/IMAGE_PRODUCT_559376.jpeg",,,,,,,,,false,""
"IMAGEPRODUCT559380","unknown","","","paineis","https://cdn.yellosolarhub.com/products/paineis/IMAGE_PRODUCT_559380.jpeg",,,,,,,,,false,""
"IMAGEPRODUCT559381","unknown","","","paineis","https://cdn.yellosolarhub.com/products/paineis/IMAGE_PRODUCT_559381.png",,,,,,,,,false,""
"IMAGEPRODUCT573429","unknown","","","paineis","https://cdn.yellosolarhub.com/products/paineis/IMAGE_PRODUCT_573429.png",,,,,,,,,false,""
"MINASOLMS545IMAGE","unknown","","","paineis","https://cdn.yellosolarhub.com/products/paineis/MINASOL-MS-545_image.png",,,,,,,,,false,""
"OSDA33VMHDRZIMAGEPRODUCT559381","unknown","","","paineis","https://cdn.yellosolarhub.com/products/paineis/OSDA-33V-MHDRZ_IMAGE_PRODUCT_559381.png",,,,,,,,,false,""
"SKU21556321556317587472203114354","unknown","","","paineis","https://cdn.yellosolarhub.com/products/paineis/sku_215563_215563-17587472203114354.jpeg",,,,,,,,,false,""
"SKU280440280440117460389183888406","unknown","","","paineis","https://cdn.yellosolarhub.com/products/paineis/sku_280440_280440_1-17460389183888406.jpeg",,,,,,,,,false,""
"SKU28798928798917459120523305528","unknown","","","paineis","https://cdn.yellosolarhub.com/products/paineis/sku_287989_287989-17459120523305528.jpeg",,,,,,,,,false,""
"SKU289244289244117460389447419270","unknown","","","paineis","https://cdn.yellosolarhub.com/products/paineis/sku_289244_289244_1-17460389447419270.jpeg",,,,,,,,,false,""
"SKU29180829180817458456460969248","unknown","","","paineis","https://cdn.yellosolarhub.com/products/paineis/sku_291808_291808-17458456460969248.jpeg",,,,,,,,,false,""
"SKU29958629958617471562636241354","unknown","","","paineis","https://cdn.yellosolarhub.com/products/paineis/sku_299586_299586-17471562636241354.jpeg",,,,,,,,,false,""
"SKU29958929958917471414377421707","unknown","","","paineis","https://cdn.yellosolarhub.com/products/paineis/sku_299589_299589-17471414377421707.jpeg",,,,,,,,,false,""
"SKU30058530058517476745737964615","unknown","","","paineis","https://cdn.yellosolarhub.com/products/paineis/sku_300585_300585-17476745737964615.jpeg",,,,,,,,,false,""
"SKU30457430457417516416575985705","unknown","","","paineis","https://cdn.yellosolarhub.com/products/paineis/sku_304574_304574-17516416575985705.jpeg",,,,,,,,,false,""
"NEOSOLARPOSTS23327","NEOSOLAR","","","postes","https://cdn.yellosolarhub.com/products/postes/NEOSOLAR_POSTS_23327.jpg",,,,,,,,,false,""
"NEOSOLARPOSTS23586","NEOSOLAR","","","postes","https://cdn.yellosolarhub.com/products/postes/NEOSOLAR_POSTS_23586.jpg",,,,,,,,,false,""
"NEOSOLARPOSTS23587","NEOSOLAR","","","postes","https://cdn.yellosolarhub.com/products/postes/NEOSOLAR_POSTS_23587.jpg",,,,,,,,,false,""
"NEOSOLARPOSTS24170","NEOSOLAR","","","postes","https://cdn.yellosolarhub.com/products/postes/neosolar_posts_24170.jpg",,,,,,,,,false,""
"NEOSOLARPOSTS24171","NEOSOLAR","","","postes","https://cdn.yellosolarhub.com/products/postes/neosolar_posts_24171.jpg",,,,,,,,,false,""
"NEOSOLARPOSTS24172","NEOSOLAR","","","postes","https://cdn.yellosolarhub.com/products/postes/neosolar_posts_24172.jpg",,,,,,,,,false,""
"NEOSOLARPOSTS24173","NEOSOLAR","","","postes","https://cdn.yellosolarhub.com/products/postes/neosolar_posts_24173.jpg",,,,,,,,,false,""
"NEOSOLARPOSTS24174","NEOSOLAR","","","postes","https://cdn.yellosolarhub.com/products/postes/neosolar_posts_24174.jpg",,,,,,,,,false,""
"NEOSOLARPOSTS24175","NEOSOLAR","","","postes","https://cdn.yellosolarhub.com/products/postes/neosolar_posts_24175.jpg",,,,,,,,,false,""
"RISEN700W","unknown","","","RISEN","https://cdn.yellosolarhub.com/products/RISEN/RISEN-700W.png",,,,,,,,,false,""
"192068","unknown","","","stringboxes","https://cdn.yellosolarhub.com/products/stringboxes/192068.jpg",,,,,,,,,false,""
"SKU12298012298017544826815777105","unknown","","","stringboxes","https://cdn.yellosolarhub.com/products/stringboxes/sku_122980_122980-17544826815777105.jpeg",,,,,,,,,false,""
"SKU13598513598517544833546238906","unknown","","","stringboxes","https://cdn.yellosolarhub.com/products/stringboxes/sku_135985_135985-17544833546238906.jpeg",,,,,,,,,false,""
"SKU19176819176817460425002977694","unknown","","","stringboxes","https://cdn.yellosolarhub.com/products/stringboxes/sku_191768_191768-17460425002977694.jpeg",,,,,,,,,false,""
"SKU19176919176917485312150104210","unknown","","","stringboxes","https://cdn.yellosolarhub.com/products/stringboxes/sku_191769_191769-17485312150104210.jpeg",,,,,,,,,false,""
"SKU19206819206817459124742242879","unknown","","","stringboxes","https://cdn.yellosolarhub.com/products/stringboxes/sku_192068_192068-17459124742242879.jpeg",,,,,,,,,false,""
"SKU19934719934717460425385827504","unknown","","","stringboxes","https://cdn.yellosolarhub.com/products/stringboxes/sku_199347_199347-17460425385827504.jpeg",,,,,,,,,false,""
"SKU19934819934817458717534237239","unknown","","","stringboxes","https://cdn.yellosolarhub.com/products/stringboxes/sku_199348_199348-17458717534237239.jpeg",,,,,,,,,false,""
"SKU19935119935117459269345762408","unknown","","","stringboxes","https://cdn.yellosolarhub.com/products/stringboxes/sku_199351_199351-17459269345762408.jpeg",,,,,,,,,false,""
"SKU210836210836117458977870704374","unknown","","","stringboxes","https://cdn.yellosolarhub.com/products/stringboxes/sku_210836_210836_1-17458977870704374.jpeg",,,,,,,,,false,""
"SKU31166831166817458944783606561","unknown","","","stringboxes","https://cdn.yellosolarhub.com/products/stringboxes/sku_311668_311668-17458944783606561.jpeg",,,,,,,,,false,""
"SKU327540327540117514830300259600","unknown","","","stringboxes","https://cdn.yellosolarhub.com/products/stringboxes/sku_327540_327540_1-17514830300259600.jpeg",,,,,,,,,false,""
"SKU327541327541117514904188633219","unknown","","","stringboxes","https://cdn.yellosolarhub.com/products/stringboxes/sku_327541_327541_1-17514904188633219.jpeg",,,,,,,,,false,""
"SKU375553755517545438599901052","unknown","","","stringboxes","https://cdn.yellosolarhub.com/products/stringboxes/sku_37555_37555-17545438599901052.jpeg",,,,,,,,,false,""
"SUNGROW20SG12RT2020380V20202MPPT","unknown","","","SUNGROW","https://cdn.yellosolarhub.com/products/SUNGROW/SUNGROW%20SG12RT%20-%20380V%20-%202MPPT.png",,,,,,,,,false,""
"SUNGROWSG15RTP2AFCI380V2MPPT201","unknown","","","SUNGROW","https://cdn.yellosolarhub.com/products/SUNGROW/SUNGROW-SG15RT-P2-(AFCI)---380V---2MPPT%201.png",,,,,,,,,false,""
"SUNGROWSG20RTP2AFCI380V2MPPT","unknown","","","SUNGROW","https://cdn.yellosolarhub.com/products/SUNGROW/SUNGROW-SG20RT-P2-(AFCI)-380V-2MPPT.png",,,,,,,,,false,""
"SUNGROWSG30RS220V1MPPT","unknown","","","SUNGROW","https://cdn.yellosolarhub.com/products/SUNGROW/SUNGROW-SG3.0RS-220V-1MPPT.png",,,,,,,,,false,""
"SUNGROWSG40RS220V2MPPT","unknown","","","SUNGROW","https://cdn.yellosolarhub.com/products/SUNGROW/SUNGROW-SG4.0RS-220V-2MPPT.png",,,,,,,,,false,""
"SUNGROWSG50RS220V2MPPT","unknown","","","SUNGROW","https://cdn.yellosolarhub.com/products/SUNGROW/SUNGROW-SG5.0RS-220V-2MPPT.png",,,,,,,,,false,""
"SUNGROWSG75CXLV","unknown","","","SUNGROW","https://cdn.yellosolarhub.com/products/SUNGROW/SUNGROW-SG75CX-LV.png",,,,,,,,,false,""
"SUNGROWSG90RS220V3MPPT","unknown","","","SUNGROW","https://cdn.yellosolarhub.com/products/SUNGROW/SUNGROW-SG9.0RS-220V-3MPPT.png",,,,,,,,,false,""
"CAIXA20DE20PASSAGEM","unknown","","","UNKNOWN-MANUFACTURER","https://cdn.yellosolarhub.com/products/UNKNOWN-MANUFACTURER/caixa%20de%20passagem.png",,,,,,,,,false,""
"DISPOSITIVODEDESCONEXAOIQRELAYLNBR","unknown","","","UNKNOWN-MANUFACTURER","https://cdn.yellosolarhub.com/products/UNKNOWN-MANUFACTURER/DISPOSITIVO-DE-DESCONEXAO-IQ-RELAY-LN-BR.png",,,,,,,,,false,""
"IBT00001","unknown","","","UNKNOWN-MANUFACTURER","https://cdn.yellosolarhub.com/products/UNKNOWN-MANUFACTURER/IBT00001.png",,,,,,,,,false,""
"IBT00002","unknown","","","UNKNOWN-MANUFACTURER","https://cdn.yellosolarhub.com/products/UNKNOWN-MANUFACTURER/IBT00002.png",,,,,,,,,false,""
"IBT00003","unknown","","","UNKNOWN-MANUFACTURER","https://cdn.yellosolarhub.com/products/UNKNOWN-MANUFACTURER/IBT00003.png",,,,,,,,,false,""
"IBT00004","unknown","","","UNKNOWN-MANUFACTURER","https://cdn.yellosolarhub.com/products/UNKNOWN-MANUFACTURER/IBT00004.png",,,,,,,,,false,""
"ICA00008","unknown","","","UNKNOWN-MANUFACTURER","https://cdn.yellosolarhub.com/products/UNKNOWN-MANUFACTURER/ICA00008.png",,,,,,,,,false,""
"ICA00009","unknown","","","UNKNOWN-MANUFACTURER","https://cdn.yellosolarhub.com/products/UNKNOWN-MANUFACTURER/ICA00009.png",,,,,,,,,false,""
"ICA00010","unknown","","","UNKNOWN-MANUFACTURER","https://cdn.yellosolarhub.com/products/UNKNOWN-MANUFACTURER/ICA00010.png",,,,,,,,,false,""
"ICA00011","unknown","","","UNKNOWN-MANUFACTURER","https://cdn.yellosolarhub.com/products/UNKNOWN-MANUFACTURER/ICA00011.png",,,,,,,,,false,""
"ICO00001","unknown","","","UNKNOWN-MANUFACTURER","https://cdn.yellosolarhub.com/products/UNKNOWN-MANUFACTURER/ICO00001.png",,,,,,,,,false,""
"ICON318X647","unknown","","","UNKNOWN-MANUFACTURER","https://cdn.yellosolarhub.com/products/UNKNOWN-MANUFACTURER/icon-318x647.png",,,,,,,,,false,""
"ICV0000320CARREGADOR20VEICULAR20FOXESS20A7300P1E220207320KW","unknown","","","UNKNOWN-MANUFACTURER","https://cdn.yellosolarhub.com/products/UNKNOWN-MANUFACTURER/ICV00003%20CARREGADOR%20VEICULAR%20FOXESS%20A7300P1-E-2%20-%207,3%20KW.png",,,,,,,,,false,""
"ICV0000420CARREGADOR20VEICULAR20FOXESS20A022KP1E222KW","unknown","","","UNKNOWN-MANUFACTURER","https://cdn.yellosolarhub.com/products/UNKNOWN-MANUFACTURER/ICV00004%20CARREGADOR%20VEICULAR%20FOXESS%20A022KP1-E-2-22KW.png",,,,,,,,,false,""
"IEF00009","unknown","","","UNKNOWN-MANUFACTURER","https://cdn.yellosolarhub.com/products/UNKNOWN-MANUFACTURER/IEF00009.png",,,,,,,,,false,""
"IEF00016","unknown","","","UNKNOWN-MANUFACTURER","https://cdn.yellosolarhub.com/products/UNKNOWN-MANUFACTURER/IEF00016.png",,,,,,,,,false,""
"IEF00023","unknown","","","UNKNOWN-MANUFACTURER","https://cdn.yellosolarhub.com/products/UNKNOWN-MANUFACTURER/IEF00023.png",,,,,,,,,false,""
"IEF00040","unknown","","","UNKNOWN-MANUFACTURER","https://cdn.yellosolarhub.com/products/UNKNOWN-MANUFACTURER/IEF00040.png",,,,,,,,,false,""
"IEF00044","unknown","","","UNKNOWN-MANUFACTURER","https://cdn.yellosolarhub.com/products/UNKNOWN-MANUFACTURER/IEF00044.png",,,,,,,,,false,""
"IEF00045","unknown","","","UNKNOWN-MANUFACTURER","https://cdn.yellosolarhub.com/products/UNKNOWN-MANUFACTURER/IEF00045.png",,,,,,,,,false,""
"IEF00073","unknown","","","UNKNOWN-MANUFACTURER","https://cdn.yellosolarhub.com/products/UNKNOWN-MANUFACTURER/IEF00073.png",,,,,,,,,false,""
"IEF00090","unknown","","","UNKNOWN-MANUFACTURER","https://cdn.yellosolarhub.com/products/UNKNOWN-MANUFACTURER/IEF00090.png",,,,,,,,,false,""
"IEF00096","unknown","","","UNKNOWN-MANUFACTURER","https://cdn.yellosolarhub.com/products/UNKNOWN-MANUFACTURER/IEF00096.png",,,,,,,,,false,""
"IEF00098","unknown","","","UNKNOWN-MANUFACTURER","https://cdn.yellosolarhub.com/products/UNKNOWN-MANUFACTURER/IEF00098.png",,,,,,,,,false,""
"IEF00100","unknown","","","UNKNOWN-MANUFACTURER","https://cdn.yellosolarhub.com/products/UNKNOWN-MANUFACTURER/IEF00100.png",,,,,,,,,false,""
"IEF00127","unknown","","","UNKNOWN-MANUFACTURER","https://cdn.yellosolarhub.com/products/UNKNOWN-MANUFACTURER/IEF00127.png",,,,,,,,,false,""
"IEF00129","unknown","","","UNKNOWN-MANUFACTURER","https://cdn.yellosolarhub.com/products/UNKNOWN-MANUFACTURER/IEF00129.png",,,,,,,,,false,""
"IEF00131","unknown","","","UNKNOWN-MANUFACTURER","https://cdn.yellosolarhub.com/products/UNKNOWN-MANUFACTURER/IEF00131.png",,,,,,,,,false,""
"IEF00132","unknown","","","UNKNOWN-MANUFACTURER","https://cdn.yellosolarhub.com/products/UNKNOWN-MANUFACTURER/IEF00132.png",,,,,,,,,false,""
"IEF00133","unknown","","","UNKNOWN-MANUFACTURER","https://cdn.yellosolarhub.com/products/UNKNOWN-MANUFACTURER/IEF00133.png",,,,,,,,,false,""
"IEF00144","unknown","","","UNKNOWN-MANUFACTURER","https://cdn.yellosolarhub.com/products/UNKNOWN-MANUFACTURER/IEF00144.png",,,,,,,,,false,""
"IEF00154","unknown","","","UNKNOWN-MANUFACTURER","https://cdn.yellosolarhub.com/products/UNKNOWN-MANUFACTURER/IEF00154.png",,,,,,,,,false,""
"IEF00163","unknown","","","UNKNOWN-MANUFACTURER","https://cdn.yellosolarhub.com/products/UNKNOWN-MANUFACTURER/IEF00163.png",,,,,,,,,false,""
"IEF00166","unknown","","","UNKNOWN-MANUFACTURER","https://cdn.yellosolarhub.com/products/UNKNOWN-MANUFACTURER/IEF00166.png",,,,,,,,,false,""
"IEF00168","unknown","","","UNKNOWN-MANUFACTURER","https://cdn.yellosolarhub.com/products/UNKNOWN-MANUFACTURER/IEF00168.png",,,,,,,,,false,""
"IEF00173","unknown","","","UNKNOWN-MANUFACTURER","https://cdn.yellosolarhub.com/products/UNKNOWN-MANUFACTURER/IEF00173.png",,,,,,,,,false,""
"IEF00203","unknown","","","UNKNOWN-MANUFACTURER","https://cdn.yellosolarhub.com/products/UNKNOWN-MANUFACTURER/IEF00203.png",,,,,,,,,false,""
"ILS00003","unknown","","","UNKNOWN-MANUFACTURER","https://cdn.yellosolarhub.com/products/UNKNOWN-MANUFACTURER/ILS00003.png",,,,,,,,,false,""
"ILS00004","unknown","","","UNKNOWN-MANUFACTURER","https://cdn.yellosolarhub.com/products/UNKNOWN-MANUFACTURER/ILS00004.png",,,,,,,,,false,""
"ILS00008","unknown","","","UNKNOWN-MANUFACTURER","https://cdn.yellosolarhub.com/products/UNKNOWN-MANUFACTURER/ILS00008.png",,,,,,,,,false,""
"ILS00009","unknown","","","UNKNOWN-MANUFACTURER","https://cdn.yellosolarhub.com/products/UNKNOWN-MANUFACTURER/ILS00009.png",,,,,,,,,false,""
"ILS00010","unknown","","","UNKNOWN-MANUFACTURER","https://cdn.yellosolarhub.com/products/UNKNOWN-MANUFACTURER/ILS00010.png",,,,,,,,,false,""
"ILS00012","unknown","","","UNKNOWN-MANUFACTURER","https://cdn.yellosolarhub.com/products/UNKNOWN-MANUFACTURER/ILS00012.png",,,,,,,,,false,""
"ILS00019","unknown","","","UNKNOWN-MANUFACTURER","https://cdn.yellosolarhub.com/products/UNKNOWN-MANUFACTURER/ILS00019.png",,,,,,,,,false,""
"IMS00003","unknown","","","UNKNOWN-MANUFACTURER","https://cdn.yellosolarhub.com/products/UNKNOWN-MANUFACTURER/IMS00003.png",,,,,,,,,false,""
"IMS00004","unknown","","","UNKNOWN-MANUFACTURER","https://cdn.yellosolarhub.com/products/UNKNOWN-MANUFACTURER/IMS00004.png",,,,,,,,,false,""
"ISB00004","unknown","","","UNKNOWN-MANUFACTURER","https://cdn.yellosolarhub.com/products/UNKNOWN-MANUFACTURER/ISB00004.png",,,,,,,,,false,""
"ISB00006","unknown","","","UNKNOWN-MANUFACTURER","https://cdn.yellosolarhub.com/products/UNKNOWN-MANUFACTURER/ISB00006.png",,,,,,,,,false,""
"ISB00007","unknown","","","UNKNOWN-MANUFACTURER","https://cdn.yellosolarhub.com/products/UNKNOWN-MANUFACTURER/ISB00007.png",,,,,,,,,false,""
"ITF00002","unknown","","","UNKNOWN-MANUFACTURER","https://cdn.yellosolarhub.com/products/UNKNOWN-MANUFACTURER/ITF00002.png",,,,,,,,,false,""
"ITF00005","unknown","","","UNKNOWN-MANUFACTURER","https://cdn.yellosolarhub.com/products/UNKNOWN-MANUFACTURER/ITF00005.png",,,,,,,,,false,""
"ITR00056","unknown","","","UNKNOWN-MANUFACTURER","https://cdn.yellosolarhub.com/products/UNKNOWN-MANUFACTURER/ITR00056.png",,,,,,,,,false,""
"ITR00085","unknown","","","UNKNOWN-MANUFACTURER","https://cdn.yellosolarhub.com/products/UNKNOWN-MANUFACTURER/ITR00085.png",,,,,,,,,false,""
"PERFILREFORC3A7ADOSMART240","unknown","","","UNKNOWN-MANUFACTURER","https://cdn.yellosolarhub.com/products/UNKNOWN-MANUFACTURER/Perfil-refor%C3%A7ado-smart-2,40.png",,,,,,,,,false,""