sku,has_images,image_count,primary_url,all_urls,categories,total_size_bytes,formats
"112369",true,1,"https://cdn.yellosolarhub.com/products/inversores/112369.jpg","https://cdn.yellosolarhub.com/products/inversores/112369.jpg","inversores",42129,"jpg"
"124358",true,1,"https://cdn.yellosolarhub.com/products/estruturas/124358.jpg","https://cdn.yellosolarhub.com/products/estruturas/124358.jpg","estruturas",224554,"jpg"
"135720",true,1,"https://cdn.yellosolarhub.com/products/inversores/135720.jpg","https://cdn.yellosolarhub.com/products/inversores/135720.jpg","inversores",64780,"jpg"
"145763",true,1,"https://cdn.yellosolarhub.com/products/inversores/145763.jpg","https://cdn.yellosolarhub.com/products/inversores/145763.jpg","inversores",71099,"jpg"
"152147",true,1,"https://cdn.yellosolarhub.com/products/inversores/152147.jpg","https://cdn.yellosolarhub.com/products/inversores/152147.jpg","inversores",30617,"jpg"
"192068",true,1,"https://cdn.yellosolarhub.com/products/stringboxes/192068.jpg","https://cdn.yellosolarhub.com/products/stringboxes/192068.jpg","stringboxes",65217,"jpg"
"192575",true,1,"https://cdn.yellosolarhub.com/products/inversores/192575.jpg","https://cdn.yellosolarhub.com/products/inversores/192575.jpg","inversores",46560,"jpg"
"192576",true,1,"https://cdn.yellosolarhub.com/products/inversores/192576.jpg","https://cdn.yellosolarhub.com/products/inversores/192576.jpg","inversores",47271,"jpg"
"215563",true,1,"https://cdn.yellosolarhub.com/products/paineis/215563.jpg","https://cdn.yellosolarhub.com/products/paineis/215563.jpg","paineis",154824,"jpg"
"222132",true,1,"https://cdn.yellosolarhub.com/products/inversores/222132.png","https://cdn.yellosolarhub.com/products/inversores/222132.png","inversores",23156,"png"
"222133",true,1,"https://cdn.yellosolarhub.com/products/inversores/222133.png","https://cdn.yellosolarhub.com/products/inversores/222133.png","inversores",23156,"png"
"246761",true,1,"https://cdn.yellosolarhub.com/products/inversores/246761.jpg","https://cdn.yellosolarhub.com/products/inversores/246761.jpg","inversores",36080,"jpg"
"246763",true,1,"https://cdn.yellosolarhub.com/products/inversores/246763.jpg","https://cdn.yellosolarhub.com/products/inversores/246763.jpg","inversores",28801,"jpg"
"246764",true,1,"https://cdn.yellosolarhub.com/products/inversores/246764.jpg","https://cdn.yellosolarhub.com/products/inversores/246764.jpg","inversores",28691,"jpg"
"267277",true,1,"https://cdn.yellosolarhub.com/products/inversores/267277.jpg","https://cdn.yellosolarhub.com/products/inversores/267277.jpg","inversores",24496,"jpg"
"276954",true,1,"https://cdn.yellosolarhub.com/products/inversores/276954.jpg","https://cdn.yellosolarhub.com/products/inversores/276954.jpg","inversores",54303,"jpg"
"286844",true,1,"https://cdn.yellosolarhub.com/products/inversores/286844.png","https://cdn.yellosolarhub.com/products/inversores/286844.png","inversores",23156,"png"
"289241",true,1,"https://cdn.yellosolarhub.com/products/inversores/289241.jpg","https://cdn.yellosolarhub.com/products/inversores/289241.jpg","inversores",28042,"jpg"
"289244",true,1,"https://cdn.yellosolarhub.com/products/paineis/289244.jpg","https://cdn.yellosolarhub.com/products/paineis/289244.jpg","paineis",154064,"jpg"
"291808",true,1,"https://cdn.yellosolarhub.com/products/paineis/291808.jpg","https://cdn.yellosolarhub.com/products/paineis/291808.jpg","paineis",153945,"jpg"
"292421",true,1,"https://cdn.yellosolarhub.com/products/inversores/292421.jpg","https://cdn.yellosolarhub.com/products/inversores/292421.jpg","inversores",49563,"jpg"
"299586",true,1,"https://cdn.yellosolarhub.com/products/paineis/299586.jpg","https://cdn.yellosolarhub.com/products/paineis/299586.jpg","paineis",153969,"jpg"
"299589",true,1,"https://cdn.yellosolarhub.com/products/paineis/299589.jpg","https://cdn.yellosolarhub.com/products/paineis/299589.jpg","paineis",154547,"jpg"
"299591",true,1,"https://cdn.yellosolarhub.com/products/inversores/299591.jpg","https://cdn.yellosolarhub.com/products/inversores/299591.jpg","inversores",12696,"jpg"
"300585",true,1,"https://cdn.yellosolarhub.com/products/paineis/300585.jpg","https://cdn.yellosolarhub.com/products/paineis/300585.jpg","paineis",154023,"jpg"
"304574",true,1,"https://cdn.yellosolarhub.com/products/paineis/304574.jpg","https://cdn.yellosolarhub.com/products/paineis/304574.jpg","paineis",153506,"jpg"
"313801",true,1,"https://cdn.yellosolarhub.com/products/estruturas/313801.jpg","https://cdn.yellosolarhub.com/products/estruturas/313801.jpg","estruturas",189556,"jpg"
"313834",true,1,"https://cdn.yellosolarhub.com/products/estruturas/313834.jpg","https://cdn.yellosolarhub.com/products/estruturas/313834.jpg","estruturas",230315,"jpg"
"315148",true,1,"https://cdn.yellosolarhub.com/products/inversores/315148.jpg","https://cdn.yellosolarhub.com/products/inversores/315148.jpg","inversores",91568,"jpg"
"CAIXA20DE20PASSAGEM",true,1,"https://cdn.yellosolarhub.com/products/UNKNOWN-MANUFACTURER/caixa%20de%20passagem.png","https://cdn.yellosolarhub.com/products/UNKNOWN-MANUFACTURER/caixa%20de%20passagem.png","UNKNOWN-MANUFACTURER",92495,"png"
"CONTENTINGRESSPORTALB2BNEOSOLARCOMBR",true,1,"https://cdn.yellosolarhub.com/products/outros/content_ingress=portalb2b.neosolar.com.br.png","https://cdn.yellosolarhub.com/products/outros/content_ingress=portalb2b.neosolar.com.br.png","outros",66651,"png"
"CORRUGADO",true,1,"https://cdn.yellosolarhub.com/products/GENERIC-COMPONENTS/corrugado.png","https://cdn.yellosolarhub.com/products/GENERIC-COMPONENTS/corrugado.png","GENERIC-COMPONENTS",290326,"png"
"DAHDHN72X16DGIMAGEPRODUCT559376",true,1,"https://cdn.yellosolarhub.com/products/paineis/DAH-DHN-72X16-DG_IMAGE_PRODUCT_559376.jpeg","https://cdn.yellosolarhub.com/products/paineis/DAH-DHN-72X16-DG_IMAGE_PRODUCT_559376.jpeg","paineis",177628,"jpeg"
"DEYESUN25KG02LVIMAGE",true,1,"https://cdn.yellosolarhub.com/products/inversores/DEYE-SUN-25K-G02-LV_image.png","https://cdn.yellosolarhub.com/products/inversores/DEYE-SUN-25K-G02-LV_image.png","inversores",122484,"png"
"DEYESUN35KG02LVIMAGE",true,1,"https://cdn.yellosolarhub.com/products/inversores/DEYE-SUN-35K-G02-LV_image.jpeg","https://cdn.yellosolarhub.com/products/inversores/DEYE-SUN-35K-G02-LV_image.jpeg","inversores",3424,"jpeg"
"DEYESUN5KGIMAGE",true,1,"https://cdn.yellosolarhub.com/products/inversores/DEYE-SUN-5K-G_image.webp","https://cdn.yellosolarhub.com/products/inversores/DEYE-SUN-5K-G_image.webp","inversores",4986,"webp"
"DEYESUN75KG01P3LVIMAGE",true,1,"https://cdn.yellosolarhub.com/products/inversores/DEYE-SUN-75K-G01P3-LV_image.png","https://cdn.yellosolarhub.com/products/inversores/DEYE-SUN-75K-G01P3-LV_image.png","inversores",94628,"png"
"DEYESUN8KGIMAGE",true,1,"https://cdn.yellosolarhub.com/products/inversores/DEYE-SUN-8K-G_image.jpg","https://cdn.yellosolarhub.com/products/inversores/DEYE-SUN-8K-G_image.jpg","inversores",19531,"jpg"
"DISPOSITIVODEDESCONEXAOIQRELAYLNBR",true,1,"https://cdn.yellosolarhub.com/products/UNKNOWN-MANUFACTURER/DISPOSITIVO-DE-DESCONEXAO-IQ-RELAY-LN-BR.png","https://cdn.yellosolarhub.com/products/UNKNOWN-MANUFACTURER/DISPOSITIVO-DE-DESCONEXAO-IQ-RELAY-LN-BR.png","UNKNOWN-MANUFACTURER",63588,"png"
"DUTOCORRUGADO",true,1,"https://cdn.yellosolarhub.com/products/GENERIC-COMPONENTS/duto_corrugado.png","https://cdn.yellosolarhub.com/products/GENERIC-COMPONENTS/duto_corrugado.png","GENERIC-COMPONENTS",394286,"png"
"ENPHASEIQ8P722BRIMAGEPRODUCT600340",true,1,"https://cdn.yellosolarhub.com/products/inversores/ENPHASE-IQ8P-72-2-BR_IMAGE_PRODUCT_600340.jpeg","https://cdn.yellosolarhub.com/products/inversores/ENPHASE-IQ8P-72-2-BR_IMAGE_PRODUCT_600340.jpeg","inversores",4911,"jpeg"
"ENPHASEIQB",true,1,"https://cdn.yellosolarhub.com/products/ENPHASE/Enphase-IQB.png","https://cdn.yellosolarhub.com/products/ENPHASE/Enphase-IQB.png","ENPHASE",215248,"png"
"ENPHASEIQRELAYLLBR",true,1,"https://cdn.yellosolarhub.com/products/ENPHASE/ENPHASE-IQ-RELAY-LL-BR.png","https://cdn.yellosolarhub.com/products/ENPHASE/ENPHASE-IQ-RELAY-LL-BR.png","ENPHASE",63588,"png"
"FOTUSKP021065KWPCERAMICOKITS",true,1,"https://cdn.yellosolarhub.com/products/kits/FOTUS-KP02-1065kWp-Ceramico-kits.jpg","https://cdn.yellosolarhub.com/products/kits/FOTUS-KP02-1065kWp-Ceramico-kits.jpg","kits",43960,"jpg"
"FOTUSKP021065KWPFIBROCIMENTOKITS",true,1,"https://cdn.yellosolarhub.com/products/kits/FOTUS-KP02-1065kWp-Fibrocimento-kits.jpg","https://cdn.yellosolarhub.com/products/kits/FOTUS-KP02-1065kWp-Fibrocimento-kits.jpg","kits",43960,"jpg"
"FOTUSKP021065KWPMINITRILHOKITS",true,1,"https://cdn.yellosolarhub.com/products/kits/FOTUS-KP02-1065kWp-MiniTrilho-kits.jpg","https://cdn.yellosolarhub.com/products/kits/FOTUS-KP02-1065kWp-MiniTrilho-kits.jpg","kits",43960,"jpg"
"FOTUSKP021136KWPCERAMICOKITS",true,1,"https://cdn.yellosolarhub.com/products/kits/FOTUS-KP02-1136kWp-Ceramico-kits.jpg","https://cdn.yellosolarhub.com/products/kits/FOTUS-KP02-1136kWp-Ceramico-kits.jpg","kits",45424,"jpg"
"FOTUSKP021136KWPFIBROCIMENTOKITS",true,1,"https://cdn.yellosolarhub.com/products/kits/FOTUS-KP02-1136kWp-Fibrocimento-kits.jpg","https://cdn.yellosolarhub.com/products/kits/FOTUS-KP02-1136kWp-Fibrocimento-kits.jpg","kits",45424,"jpg"
"FOTUSKP021136KWPMINITRILHOKITS",true,1,"https://cdn.yellosolarhub.com/products/kits/FOTUS-KP02-1136kWp-MiniTrilho-kits.jpg","https://cdn.yellosolarhub.com/products/kits/FOTUS-KP02-1136kWp-MiniTrilho-kits.jpg","kits",45424,"jpg"
"FOTUSKP02120KWPCERAMICOKITS",true,1,"https://cdn.yellosolarhub.com/products/kits/FOTUS-KP02-120kWp-Ceramico-kits.jpg","https://cdn.yellosolarhub.com/products/kits/FOTUS-KP02-120kWp-Ceramico-kits.jpg","kits",45424,"jpg"
"FOTUSKP02120KWPFIBROCIMENTOKITS",true,1,"https://cdn.yellosolarhub.com/products/kits/FOTUS-KP02-120kWp-Fibrocimento-kits.jpg","https://cdn.yellosolarhub.com/products/kits/FOTUS-KP02-120kWp-Fibrocimento-kits.jpg","kits",45424,"jpg"
"FOTUSKP021278KWPCERAMICOKITS",true,1,"https://cdn.yellosolarhub.com/products/kits/FOTUS-KP02-1278kWp-Ceramico-kits.jpg","https://cdn.yellosolarhub.com/products/kits/FOTUS-KP02-1278kWp-Ceramico-kits.jpg","kits",43960,"jpg"
"FOTUSKP021278KWPFIBROCIMENTOKITS",true,1,"https://cdn.yellosolarhub.com/products/kits/FOTUS-KP02-1278kWp-Fibrocimento-kits.jpg","https://cdn.yellosolarhub.com/products/kits/FOTUS-KP02-1278kWp-Fibrocimento-kits.jpg","kits",43960,"jpg"
"FOTUSKP021278KWPMINITRILHOKITS",true,1,"https://cdn.yellosolarhub.com/products/kits/FOTUS-KP02-1278kWp-MiniTrilho-kits.jpg","https://cdn.yellosolarhub.com/products/kits/FOTUS-KP02-1278kWp-MiniTrilho-kits.jpg","kits",43960,"jpg"
"FOTUSKP02142KWPCERAMICOKITS",true,1,"https://cdn.yellosolarhub.com/products/kits/FOTUS-KP02-142kWp-Ceramico-kits.jpg","https://cdn.yellosolarhub.com/products/kits/FOTUS-KP02-142kWp-Ceramico-kits.jpg","kits",45424,"jpg"
"FOTUSKP02142KWPFIBROCIMENTOKITS",true,1,"https://cdn.yellosolarhub.com/products/kits/FOTUS-KP02-142kWp-Fibrocimento-kits.jpg","https://cdn.yellosolarhub.com/products/kits/FOTUS-KP02-142kWp-Fibrocimento-kits.jpg","kits",45424,"jpg"
"FOTUSKP02142KWPMINITRILHOKITS",true,1,"https://cdn.yellosolarhub.com/products/kits/FOTUS-KP02-142kWp-MiniTrilho-kits.jpg","https://cdn.yellosolarhub.com/products/kits/FOTUS-KP02-142kWp-MiniTrilho-kits.jpg","kits",45424,"jpg"
"FOTUSKP021704KWPCERAMICOKITS",true,1,"https://cdn.yellosolarhub.com/products/kits/FOTUS-KP02-1704kWp-Ceramico-kits.jpg","https://cdn.yellosolarhub.com/products/kits/FOTUS-KP02-1704kWp-Ceramico-kits.jpg","kits",43960,"jpg"
"FOTUSKP021704KWPFIBROCIMENTOKITS",true,1,"https://cdn.yellosolarhub.com/products/kits/FOTUS-KP02-1704kWp-Fibrocimento-kits.jpg","https://cdn.yellosolarhub.com/products/kits/FOTUS-KP02-1704kWp-Fibrocimento-kits.jpg","kits",43960,"jpg"
"FOTUSKP021704KWPMINITRILHOKITS",true,1,"https://cdn.yellosolarhub.com/products/kits/FOTUS-KP02-1704kWp-MiniTrilho-kits.jpg","https://cdn.yellosolarhub.com/products/kits/FOTUS-KP02-1704kWp-MiniTrilho-kits.jpg","kits",43960,"jpg"
"FOTUSKP02240KWPCERAMICOKITS",true,1,"https://cdn.yellosolarhub.com/products/kits/FOTUS-KP02-240kWp-Ceramico-kits.jpg","https://cdn.yellosolarhub.com/products/kits/FOTUS-KP02-240kWp-Ceramico-kits.jpg","kits",45424,"jpg"
"FOTUSKP02284KWPCERAMICOKITS",true,1,"https://cdn.yellosolarhub.com/products/kits/FOTUS-KP02-284kWp-Ceramico-kits.jpg","https://cdn.yellosolarhub.com/products/kits/FOTUS-KP02-284kWp-Ceramico-kits.jpg","kits",45424,"jpg"
"FOTUSKP02284KWPFIBROCIMENTOKITS",true,1,"https://cdn.yellosolarhub.com/products/kits/FOTUS-KP02-284kWp-Fibrocimento-kits.jpg","https://cdn.yellosolarhub.com/products/kits/FOTUS-KP02-284kWp-Fibrocimento-kits.jpg","kits",45424,"jpg"
"FOTUSKP02284KWPMINITRILHOKITS",true,1,"https://cdn.yellosolarhub.com/products/kits/FOTUS-KP02-284kWp-MiniTrilho-kits.jpg","https://cdn.yellosolarhub.com/products/kits/FOTUS-KP02-284kWp-MiniTrilho-kits.jpg","kits",45424,"jpg"
"FOTUSKP02360KWPFIBROCIMENTOKITS",true,1,"https://cdn.yellosolarhub.com/products/kits/FOTUS-KP02-360kWp-Fibrocimento-kits.jpg","https://cdn.yellosolarhub.com/products/kits/FOTUS-KP02-360kWp-Fibrocimento-kits.jpg","kits",45424,"jpg"
"FOTUSKP02360KWPMINITRILHOKITS",true,1,"https://cdn.yellosolarhub.com/products/kits/FOTUS-KP02-360kWp-MiniTrilho-kits.jpg","https://cdn.yellosolarhub.com/products/kits/FOTUS-KP02-360kWp-MiniTrilho-kits.jpg","kits",45424,"jpg"
"FOTUSKP02426KWPCERAMICOKITS",true,1,"https://cdn.yellosolarhub.com/products/kits/FOTUS-KP02-426kWp-Ceramico-kits.jpg","https://cdn.yellosolarhub.com/products/kits/FOTUS-KP02-426kWp-Ceramico-kits.jpg","kits",45424,"jpg"
"FOTUSKP02426KWPFIBROCIMENTOKITS",true,1,"https://cdn.yellosolarhub.com/products/kits/FOTUS-KP02-426kWp-Fibrocimento-kits.jpg","https://cdn.yellosolarhub.com/products/kits/FOTUS-KP02-426kWp-Fibrocimento-kits.jpg","kits",45424,"jpg"
"FOTUSKP02426KWPMINITRILHOKITS",true,1,"https://cdn.yellosolarhub.com/products/kits/FOTUS-KP02-426kWp-MiniTrilho-kits.jpg","https://cdn.yellosolarhub.com/products/kits/FOTUS-KP02-426kWp-MiniTrilho-kits.jpg","kits",45424,"jpg"
"FOTUSKP02480KWPCERAMICOKITS",true,1,"https://cdn.yellosolarhub.com/products/kits/FOTUS-KP02-480kWp-Ceramico-kits.jpg","https://cdn.yellosolarhub.com/products/kits/FOTUS-KP02-480kWp-Ceramico-kits.jpg","kits",45424,"jpg"
"FOTUSKP02480KWPFIBROCIMENTOKITS",true,1,"https://cdn.yellosolarhub.com/products/kits/FOTUS-KP02-480kWp-Fibrocimento-kits.jpg","https://cdn.yellosolarhub.com/products/kits/FOTUS-KP02-480kWp-Fibrocimento-kits.jpg","kits",45424,"jpg"
"FOTUSKP02480KWPMINITRILHOKITS",true,1,"https://cdn.yellosolarhub.com/products/kits/FOTUS-KP02-480kWp-MiniTrilho-kits.jpg","https://cdn.yellosolarhub.com/products/kits/FOTUS-KP02-480kWp-MiniTrilho-kits.jpg","kits",45424,"jpg"
"FOTUSKP02568KWPCERAMICOKITS",true,1,"https://cdn.yellosolarhub.com/products/kits/FOTUS-KP02-568kWp-Ceramico-kits.jpg","https://cdn.yellosolarhub.com/products/kits/FOTUS-KP02-568kWp-Ceramico-kits.jpg","kits",45424,"jpg"
"FOTUSKP02568KWPFIBROCIMENTOKITS",true,1,"https://cdn.yellosolarhub.com/products/kits/FOTUS-KP02-568kWp-Fibrocimento-kits.jpg","https://cdn.yellosolarhub.com/products/kits/FOTUS-KP02-568kWp-Fibrocimento-kits.jpg","kits",45424,"jpg"
"FOTUSKP02568KWPMINITRILHOKITS",true,1,"https://cdn.yellosolarhub.com/products/kits/FOTUS-KP02-568kWp-MiniTrilho-kits.jpg","https://cdn.yellosolarhub.com/products/kits/FOTUS-KP02-568kWp-MiniTrilho-kits.jpg","kits",45424,"jpg"
"FOTUSKP02600KWPCERAMICOKITS",true,1,"https://cdn.yellosolarhub.com/products/kits/FOTUS-KP02-600kWp-Ceramico-kits.jpg","https://cdn.yellosolarhub.com/products/kits/FOTUS-KP02-600kWp-Ceramico-kits.jpg","kits",45424,"jpg"
"FOTUSKP02600KWPFIBROCIMENTOKITS",true,1,"https://cdn.yellosolarhub.com/products/kits/FOTUS-KP02-600kWp-Fibrocimento-kits.jpg","https://cdn.yellosolarhub.com/products/kits/FOTUS-KP02-600kWp-Fibrocimento-kits.jpg","kits",45424,"jpg"
"FOTUSKP02600KWPMINITRILHOKITS",true,1,"https://cdn.yellosolarhub.com/products/kits/FOTUS-KP02-600kWp-MiniTrilho-kits.jpg","https://cdn.yellosolarhub.com/products/kits/FOTUS-KP02-600kWp-MiniTrilho-kits.jpg","kits",45424,"jpg"
"FOTUSKP02710KWPCERAMICOKITS",true,1,"https://cdn.yellosolarhub.com/products/kits/FOTUS-KP02-710kWp-Ceramico-kits.jpg","https://cdn.yellosolarhub.com/products/kits/FOTUS-KP02-710kWp-Ceramico-kits.jpg","kits",45424,"jpg"
"FOTUSKP02710KWPFIBROCIMENTOKITS",true,1,"https://cdn.yellosolarhub.com/products/kits/FOTUS-KP02-710kWp-Fibrocimento-kits.jpg","https://cdn.yellosolarhub.com/products/kits/FOTUS-KP02-710kWp-Fibrocimento-kits.jpg","kits",45424,"jpg"
"FOTUSKP02710KWPMINITRILHOKITS",true,1,"https://cdn.yellosolarhub.com/products/kits/FOTUS-KP02-710kWp-MiniTrilho-kits.jpg","https://cdn.yellosolarhub.com/products/kits/FOTUS-KP02-710kWp-MiniTrilho-kits.jpg","kits",45424,"jpg"
"FOTUSKP02720KWPCERAMICOKITS",true,1,"https://cdn.yellosolarhub.com/products/kits/FOTUS-KP02-720kWp-Ceramico-kits.jpg","https://cdn.yellosolarhub.com/products/kits/FOTUS-KP02-720kWp-Ceramico-kits.jpg","kits",45424,"jpg"
"FOTUSKP02720KWPFIBROCIMENTOKITS",true,1,"https://cdn.yellosolarhub.com/products/kits/FOTUS-KP02-720kWp-Fibrocimento-kits.jpg","https://cdn.yellosolarhub.com/products/kits/FOTUS-KP02-720kWp-Fibrocimento-kits.jpg","kits",45424,"jpg"
"FOTUSKP02720KWPMINITRILHOKITS",true,1,"https://cdn.yellosolarhub.com/products/kits/FOTUS-KP02-720kWp-MiniTrilho-kits.jpg","https://cdn.yellosolarhub.com/products/kits/FOTUS-KP02-720kWp-MiniTrilho-kits.jpg","kits",45424,"jpg"
"FOTUSKP02840KWPCERAMICOKITS",true,1,"https://cdn.yellosolarhub.com/products/kits/FOTUS-KP02-840kWp-Ceramico-kits.jpg","https://cdn.yellosolarhub.com/products/kits/FOTUS-KP02-840kWp-Ceramico-kits.jpg","kits",45424,"jpg"
"FOTUSKP02840KWPFIBROCIMENTOKITS",true,1,"https://cdn.yellosolarhub.com/products/kits/FOTUS-KP02-840kWp-Fibrocimento-kits.jpg","https://cdn.yellosolarhub.com/products/kits/FOTUS-KP02-840kWp-Fibrocimento-kits.jpg","kits",45424,"jpg"
"FOTUSKP02840KWPMINITRILHOKITS",true,1,"https://cdn.yellosolarhub.com/products/kits/FOTUS-KP02-840kWp-MiniTrilho-kits.jpg","https://cdn.yellosolarhub.com/products/kits/FOTUS-KP02-840kWp-MiniTrilho-kits.jpg","kits",45424,"jpg"
"FOTUSKP02852KWPCERAMICOKITS",true,1,"https://cdn.yellosolarhub.com/products/kits/FOTUS-KP02-852kWp-Ceramico-kits.jpg","https://cdn.yellosolarhub.com/products/kits/FOTUS-KP02-852kWp-Ceramico-kits.jpg","kits",43960,"jpg"
"FOTUSKP02852KWPFIBROCIMENTOKITS",true,1,"https://cdn.yellosolarhub.com/products/kits/FOTUS-KP02-852kWp-Fibrocimento-kits.jpg","https://cdn.yellosolarhub.com/products/kits/FOTUS-KP02-852kWp-Fibrocimento-kits.jpg","kits",43960,"jpg"
"FOTUSKP02852KWPMINITRILHOKITS",true,1,"https://cdn.yellosolarhub.com/products/kits/FOTUS-KP02-852kWp-MiniTrilho-kits.jpg","https://cdn.yellosolarhub.com/products/kits/FOTUS-KP02-852kWp-MiniTrilho-kits.jpg","kits",43960,"jpg"
"FOTUSKP02960KWPCERAMICOKITS",true,1,"https://cdn.yellosolarhub.com/products/kits/FOTUS-KP02-960kWp-Ceramico-kits.jpg","https://cdn.yellosolarhub.com/products/kits/FOTUS-KP02-960kWp-Ceramico-kits.jpg","kits",45424,"jpg"
"FOTUSKP02960KWPFIBROCIMENTOKITS",true,1,"https://cdn.yellosolarhub.com/products/kits/FOTUS-KP02-960kWp-Fibrocimento-kits.jpg","https://cdn.yellosolarhub.com/products/kits/FOTUS-KP02-960kWp-Fibrocimento-kits.jpg","kits",45424,"jpg"
"FOTUSKP02960KWPMINITRILHOKITS",true,1,"https://cdn.yellosolarhub.com/products/kits/FOTUS-KP02-960kWp-MiniTrilho-kits.jpg","https://cdn.yellosolarhub.com/products/kits/FOTUS-KP02-960kWp-MiniTrilho-kits.jpg","kits",45424,"jpg"
"FOTUSKP02994KWPCERAMICOKITS",true,1,"https://cdn.yellosolarhub.com/products/kits/FOTUS-KP02-994kWp-Ceramico-kits.jpg","https://cdn.yellosolarhub.com/products/kits/FOTUS-KP02-994kWp-Ceramico-kits.jpg","kits",45424,"jpg"
"FOTUSKP02994KWPFIBROCIMENTOKITS",true,1,"https://cdn.yellosolarhub.com/products/kits/FOTUS-KP02-994kWp-Fibrocimento-kits.jpg","https://cdn.yellosolarhub.com/products/kits/FOTUS-KP02-994kWp-Fibrocimento-kits.jpg","kits",45424,"jpg"
"FOTUSKP02994KWPMINITRILHOKITS",true,1,"https://cdn.yellosolarhub.com/products/kits/FOTUS-KP02-994kWp-MiniTrilho-kits.jpg","https://cdn.yellosolarhub.com/products/kits/FOTUS-KP02-994kWp-MiniTrilho-kits.jpg","kits",45424,"jpg"
"FOTUSKP02KITS",true,1,"https://cdn.yellosolarhub.com/products/kits/FOTUS-KP02-kits.jpg","https://cdn.yellosolarhub.com/products/kits/FOTUS-KP02-kits.jpg","kits",45424,"jpg"
"FOTUSKP031136KWPCERAMICOKITS",true,1,"https://cdn.yellosolarhub.com/products/kits/FOTUS-KP03-1136kWp-Ceramico-kits.jpg","https://cdn.yellosolarhub.com/products/kits/FOTUS-KP03-1136kWp-Ceramico-kits.jpg","kits",17604,"jpg"
"FOTUSKP031136KWPFIBROCIMENTOKITS",true,1,"https://cdn.yellosolarhub.com/products/kits/FOTUS-KP03-1136kWp-Fibrocimento-kits.jpg","https://cdn.yellosolarhub.com/products/kits/FOTUS-KP03-1136kWp-Fibrocimento-kits.jpg","kits",17604,"jpg"
"FOTUSKP031136KWPMINITRILHOKITS",true,1,"https://cdn.yellosolarhub.com/products/kits/FOTUS-KP03-1136kWp-MiniTrilho-kits.jpg","https://cdn.yellosolarhub.com/products/kits/FOTUS-KP03-1136kWp-MiniTrilho-kits.jpg","kits",17604,"jpg"
"FOTUSKP03142KWPCERAMICOKITS",true,1,"https://cdn.yellosolarhub.com/products/kits/FOTUS-KP03-142kWp-Ceramico-kits.jpg","https://cdn.yellosolarhub.com/products/kits/FOTUS-KP03-142kWp-Ceramico-kits.jpg","kits",17604,"jpg"
"FOTUSKP03142KWPFIBROCIMENTOKITS",true,1,"https://cdn.yellosolarhub.com/products/kits/FOTUS-KP03-142kWp-Fibrocimento-kits.jpg","https://cdn.yellosolarhub.com/products/kits/FOTUS-KP03-142kWp-Fibrocimento-kits.jpg","kits",17604,"jpg"
"FOTUSKP03142KWPMINITRILHOKITS",true,1,"https://cdn.yellosolarhub.com/products/kits/FOTUS-KP03-142kWp-MiniTrilho-kits.jpg","https://cdn.yellosolarhub.com/products/kits/FOTUS-KP03-142kWp-MiniTrilho-kits.jpg","kits",17604,"jpg"
"FOTUSKP03284KWPCERAMICOKITS",true,1,"https://cdn.yellosolarhub.com/products/kits/FOTUS-KP03-284kWp-Ceramico-kits.jpg","https://cdn.yellosolarhub.com/products/kits/FOTUS-KP03-284kWp-Ceramico-kits.jpg","kits",17604,"jpg"
"FOTUSKP03284KWPFIBROCIMENTOKITS",true,1,"https://cdn.yellosolarhub.com/products/kits/FOTUS-KP03-284kWp-Fibrocimento-kits.jpg","https://cdn.yellosolarhub.com/products/kits/FOTUS-KP03-284kWp-Fibrocimento-kits.jpg","kits",17604,"jpg"
"FOTUSKP03284KWPMINITRILHOKITS",true,1,"https://cdn.yellosolarhub.com/products/kits/FOTUS-KP03-284kWp-MiniTrilho-kits.jpg","https://cdn.yellosolarhub.com/products/kits/FOTUS-KP03-284kWp-MiniTrilho-kits.jpg","kits",17604,"jpg"
"FOTUSKP03426KWPCERAMICOKITS",true,1,"https://cdn.yellosolarhub.com/products/kits/FOTUS-KP03-426kWp-Ceramico-kits.jpg","https://cdn.yellosolarhub.com/products/kits/FOTUS-KP03-426kWp-Ceramico-kits.jpg","kits",17604,"jpg"
"FOTUSKP03426KWPFIBROCIMENTOKITS",true,1,"https://cdn.yellosolarhub.com/products/kits/FOTUS-KP03-426kWp-Fibrocimento-kits.jpg","https://cdn.yellosolarhub.com/products/kits/FOTUS-KP03-426kWp-Fibrocimento-kits.jpg","kits",17604,"jpg"
"FOTUSKP03426KWPMINITRILHOKITS",true,1,"https://cdn.yellosolarhub.com/products/kits/FOTUS-KP03-426kWp-MiniTrilho-kits.jpg","https://cdn.yellosolarhub.com/products/kits/FOTUS-KP03-426kWp-MiniTrilho-kits.jpg","kits",17604,"jpg"
"FOTUSKP03568KWPCERAMICOKITS",true,1,"https://cdn.yellosolarhub.com/products/kits/FOTUS-KP03-568kWp-Ceramico-kits.jpg","https://cdn.yellosolarhub.com/products/kits/FOTUS-KP03-568kWp-Ceramico-kits.jpg","kits",17604,"jpg"
"FOTUSKP03568KWPFIBROCIMENTOKITS",true,1,"https://cdn.yellosolarhub.com/products/kits/FOTUS-KP03-568kWp-Fibrocimento-kits.jpg","https://cdn.yellosolarhub.com/products/kits/FOTUS-KP03-568kWp-Fibrocimento-kits.jpg","kits",17604,"jpg"
"FOTUSKP03568KWPMINITRILHOKITS",true,1,"https://cdn.yellosolarhub.com/products/kits/FOTUS-KP03-568kWp-MiniTrilho-kits.jpg","https://cdn.yellosolarhub.com/products/kits/FOTUS-KP03-568kWp-MiniTrilho-kits.jpg","kits",17604,"jpg"
"FOTUSKP03710KWPCERAMICOKITS",true,1,"https://cdn.yellosolarhub.com/products/kits/FOTUS-KP03-710kWp-Ceramico-kits.jpg","https://cdn.yellosolarhub.com/products/kits/FOTUS-KP03-710kWp-Ceramico-kits.jpg","kits",17604,"jpg"
"FOTUSKP03710KWPFIBROCIMENTOKITS",true,1,"https://cdn.yellosolarhub.com/products/kits/FOTUS-KP03-710kWp-Fibrocimento-kits.jpg","https://cdn.yellosolarhub.com/products/kits/FOTUS-KP03-710kWp-Fibrocimento-kits.jpg","kits",17604,"jpg"
"FOTUSKP03710KWPMINITRILHOKITS",true,1,"https://cdn.yellosolarhub.com/products/kits/FOTUS-KP03-710kWp-MiniTrilho-kits.jpg","https://cdn.yellosolarhub.com/products/kits/FOTUS-KP03-710kWp-MiniTrilho-kits.jpg","kits",17604,"jpg"
"FOTUSKP03852KWPCERAMICOKITS",true,1,"https://cdn.yellosolarhub.com/products/kits/FOTUS-KP03-852kWp-Ceramico-kits.jpg","https://cdn.yellosolarhub.com/products/kits/FOTUS-KP03-852kWp-Ceramico-kits.jpg","kits",17604,"jpg"
"FOTUSKP03852KWPFIBROCIMENTOKITS",true,1,"https://cdn.yellosolarhub.com/products/kits/FOTUS-KP03-852kWp-Fibrocimento-kits.jpg","https://cdn.yellosolarhub.com/products/kits/FOTUS-KP03-852kWp-Fibrocimento-kits.jpg","kits",17604,"jpg"
"FOTUSKP03852KWPMINITRILHOKITS",true,1,"https://cdn.yellosolarhub.com/products/kits/FOTUS-KP03-852kWp-MiniTrilho-kits.jpg","https://cdn.yellosolarhub.com/products/kits/FOTUS-KP03-852kWp-MiniTrilho-kits.jpg","kits",17604,"jpg"
"FOTUSKP03994KWPCERAMICOKITS",true,1,"https://cdn.yellosolarhub.com/products/kits/FOTUS-KP03-994kWp-Ceramico-kits.jpg","https://cdn.yellosolarhub.com/products/kits/FOTUS-KP03-994kWp-Ceramico-kits.jpg","kits",17604,"jpg"
"FOTUSKP03994KWPFIBROCIMENTOKITS",true,1,"https://cdn.yellosolarhub.com/products/kits/FOTUS-KP03-994kWp-Fibrocimento-kits.jpg","https://cdn.yellosolarhub.com/products/kits/FOTUS-KP03-994kWp-Fibrocimento-kits.jpg","kits",17604,"jpg"
"FOTUSKP03994KWPMINITRILHOKITS",true,1,"https://cdn.yellosolarhub.com/products/kits/FOTUS-KP03-994kWp-MiniTrilho-kits.jpg","https://cdn.yellosolarhub.com/products/kits/FOTUS-KP03-994kWp-MiniTrilho-kits.jpg","kits",17604,"jpg"
"FOTUSKP03KITS",true,1,"https://cdn.yellosolarhub.com/products/kits/FOTUS-KP03-kits.jpg","https://cdn.yellosolarhub.com/products/kits/FOTUS-KP03-kits.jpg","kits",17604,"jpg"
"FOTUSKP041026KWPCERAMICOKITS",true,1,"https://cdn.yellosolarhub.com/products/kits/FOTUS-KP04-1026kWp-Ceramico-kits.jpg","https://cdn.yellosolarhub.com/products/kits/FOTUS-KP04-1026kWp-Ceramico-kits.jpg","kits",43960,"jpg"
"FOTUSKP041026KWPFIBROCIMENTOKITS",true,1,"https://cdn.yellosolarhub.com/products/kits/FOTUS-KP04-1026kWp-Fibrocimento-kits.jpg","https://cdn.yellosolarhub.com/products/kits/FOTUS-KP04-1026kWp-Fibrocimento-kits.jpg","kits",43960,"jpg"
"FOTUSKP041026KWPMINITRILHOKITS",true,1,"https://cdn.yellosolarhub.com/products/kits/FOTUS-KP04-1026kWp-MiniTrilho-kits.jpg","https://cdn.yellosolarhub.com/products/kits/FOTUS-KP04-1026kWp-MiniTrilho-kits.jpg","kits",43960,"jpg"
"FOTUSKP04114KWPCERAMICOKITS",true,1,"https://cdn.yellosolarhub.com/products/kits/FOTUS-KP04-114kWp-Ceramico-kits.jpg","https://cdn.yellosolarhub.com/products/kits/FOTUS-KP04-114kWp-Ceramico-kits.jpg","kits",45424,"jpg"
"FOTUSKP04114KWPFIBROCIMENTOKITS",true,1,"https://cdn.yellosolarhub.com/products/kits/FOTUS-KP04-114kWp-Fibrocimento-kits.jpg","https://cdn.yellosolarhub.com/products/kits/FOTUS-KP04-114kWp-Fibrocimento-kits.jpg","kits",45424,"jpg"
"FOTUSKP04114KWPMINITRILHOKITS",true,1,"https://cdn.yellosolarhub.com/products/kits/FOTUS-KP04-114kWp-MiniTrilho-kits.jpg","https://cdn.yellosolarhub.com/products/kits/FOTUS-KP04-114kWp-MiniTrilho-kits.jpg","kits",45424,"jpg"
"FOTUSKP04120KWPCERAMICOKITS",true,1,"https://cdn.yellosolarhub.com/products/kits/FOTUS-KP04-120kWp-Ceramico-kits.jpg","https://cdn.yellosolarhub.com/products/kits/FOTUS-KP04-120kWp-Ceramico-kits.jpg","kits",17604,"jpg"
"FOTUSKP04120KWPCERAMICOKITSHIBRIDOS",true,1,"https://cdn.yellosolarhub.com/products/kits/FOTUS-KP04-120kWp-Ceramico-kits-hibridos.jpg","https://cdn.yellosolarhub.com/products/kits/FOTUS-KP04-120kWp-Ceramico-kits-hibridos.jpg","kits",45424,"jpg"
"FOTUSKP04120KWPFIBROCIMENTOKITS",true,1,"https://cdn.yellosolarhub.com/products/kits/FOTUS-KP04-120kWp-Fibrocimento-kits.jpg","https://cdn.yellosolarhub.com/products/kits/FOTUS-KP04-120kWp-Fibrocimento-kits.jpg","kits",17604,"jpg"
"FOTUSKP04120KWPFIBROCIMENTOKITSHIBRIDOS",true,1,"https://cdn.yellosolarhub.com/products/kits/FOTUS-KP04-120kWp-Fibrocimento-kits-hibridos.jpg","https://cdn.yellosolarhub.com/products/kits/FOTUS-KP04-120kWp-Fibrocimento-kits-hibridos.jpg","kits",45424,"jpg"
"FOTUSKP04120KWPMINITRILHOKITS",true,1,"https://cdn.yellosolarhub.com/products/kits/FOTUS-KP04-120kWp-MiniTrilho-kits.jpg","https://cdn.yellosolarhub.com/products/kits/FOTUS-KP04-120kWp-MiniTrilho-kits.jpg","kits",17604,"jpg"
"FOTUSKP04120KWPMINITRILHOKITSHIBRIDOS",true,1,"https://cdn.yellosolarhub.com/products/kits/FOTUS-KP04-120kWp-MiniTrilho-kits-hibridos.jpg","https://cdn.yellosolarhub.com/products/kits/FOTUS-KP04-120kWp-MiniTrilho-kits-hibridos.jpg","kits",45424,"jpg"
"FOTUSKP041254KWPCERAMICOKITS",true,1,"https://cdn.yellosolarhub.com/products/kits/FOTUS-KP04-1254kWp-Ceramico-kits.jpg","https://cdn.yellosolarhub.com/products/kits/FOTUS-KP04-1254kWp-Ceramico-kits.jpg","kits",38952,"jpg"
"FOTUSKP041254KWPFIBROCIMENTOKITS",true,1,"https://cdn.yellosolarhub.com/products/kits/FOTUS-KP04-1254kWp-Fibrocimento-kits.jpg","https://cdn.yellosolarhub.com/products/kits/FOTUS-KP04-1254kWp-Fibrocimento-kits.jpg","kits",38952,"jpg"
"FOTUSKP041254KWPMINITRILHOKITS",true,1,"https://cdn.yellosolarhub.com/products/kits/FOTUS-KP04-1254kWp-MiniTrilho-kits.jpg","https://cdn.yellosolarhub.com/products/kits/FOTUS-KP04-1254kWp-MiniTrilho-kits.jpg","kits",38952,"jpg"
"FOTUSKP041311KWPCERAMICOKITS",true,1,"https://cdn.yellosolarhub.com/products/kits/FOTUS-KP04-1311kWp-Ceramico-kits.jpg","https://cdn.yellosolarhub.com/products/kits/FOTUS-KP04-1311kWp-Ceramico-kits.jpg","kits",39064,"jpg"
"FOTUSKP041311KWPFIBROCIMENTOKITS",true,1,"https://cdn.yellosolarhub.com/products/kits/FOTUS-KP04-1311kWp-Fibrocimento-kits.jpg","https://cdn.yellosolarhub.com/products/kits/FOTUS-KP04-1311kWp-Fibrocimento-kits.jpg","kits",39064,"jpg"
"FOTUSKP041311KWPMINITRILHOKITS",true,1,"https://cdn.yellosolarhub.com/products/kits/FOTUS-KP04-1311kWp-MiniTrilho-kits.jpg","https://cdn.yellosolarhub.com/products/kits/FOTUS-KP04-1311kWp-MiniTrilho-kits.jpg","kits",39064,"jpg"
"FOTUSKP041368KWPCERAMICOKITS",true,1,"https://cdn.yellosolarhub.com/products/kits/FOTUS-KP04-1368kWp-Ceramico-kits.jpg","https://cdn.yellosolarhub.com/products/kits/FOTUS-KP04-1368kWp-Ceramico-kits.jpg","kits",43960,"jpg"
"FOTUSKP041368KWPFIBROCIMENTOKITS",true,1,"https://cdn.yellosolarhub.com/products/kits/FOTUS-KP04-1368kWp-Fibrocimento-kits.jpg","https://cdn.yellosolarhub.com/products/kits/FOTUS-KP04-1368kWp-Fibrocimento-kits.jpg","kits",43960,"jpg"
"FOTUSKP041368KWPMINITRILHOKITS",true,1,"https://cdn.yellosolarhub.com/products/kits/FOTUS-KP04-1368kWp-MiniTrilho-kits.jpg","https://cdn.yellosolarhub.com/products/kits/FOTUS-KP04-1368kWp-MiniTrilho-kits.jpg","kits",43960,"jpg"
"FOTUSKP041482KWPCERAMICOKITS",true,1,"https://cdn.yellosolarhub.com/products/kits/FOTUS-KP04-1482kWp-Ceramico-kits.jpg","https://cdn.yellosolarhub.com/products/kits/FOTUS-KP04-1482kWp-Ceramico-kits.jpg","kits",39594,"jpg"
"FOTUSKP041482KWPFIBROCIMENTOKITS",true,1,"https://cdn.yellosolarhub.com/products/kits/FOTUS-KP04-1482kWp-Fibrocimento-kits.jpg","https://cdn.yellosolarhub.com/products/kits/FOTUS-KP04-1482kWp-Fibrocimento-kits.jpg","kits",39594,"jpg"
"FOTUSKP041482KWPMINITRILHOKITS",true,1,"https://cdn.yellosolarhub.com/products/kits/FOTUS-KP04-1482kWp-MiniTrilho-kits.jpg","https://cdn.yellosolarhub.com/products/kits/FOTUS-KP04-1482kWp-MiniTrilho-kits.jpg","kits",39594,"jpg"
"FOTUSKP041596KWPCERAMICOKITS",true,1,"https://cdn.yellosolarhub.com/products/kits/FOTUS-KP04-1596kWp-Ceramico-kits.jpg","https://cdn.yellosolarhub.com/products/kits/FOTUS-KP04-1596kWp-Ceramico-kits.jpg","kits",12950,"jpg"
"FOTUSKP041596KWPFIBROCIMENTOKITS",true,1,"https://cdn.yellosolarhub.com/products/kits/FOTUS-KP04-1596kWp-Fibrocimento-kits.jpg","https://cdn.yellosolarhub.com/products/kits/FOTUS-KP04-1596kWp-Fibrocimento-kits.jpg","kits",12950,"jpg"
"FOTUSKP041596KWPMINITRILHOKITS",true,1,"https://cdn.yellosolarhub.com/products/kits/FOTUS-KP04-1596kWp-MiniTrilho-kits.jpg","https://cdn.yellosolarhub.com/products/kits/FOTUS-KP04-1596kWp-MiniTrilho-kits.jpg","kits",12950,"jpg"
"FOTUSKP04228KWPCERAMICOKITS",true,1,"https://cdn.yellosolarhub.com/products/kits/FOTUS-KP04-228kWp-Ceramico-kits.jpg","https://cdn.yellosolarhub.com/products/kits/FOTUS-KP04-228kWp-Ceramico-kits.jpg","kits",45424,"jpg"
"FOTUSKP04228KWPFIBROCIMENTOKITS",true,1,"https://cdn.yellosolarhub.com/products/kits/FOTUS-KP04-228kWp-Fibrocimento-kits.jpg","https://cdn.yellosolarhub.com/products/kits/FOTUS-KP04-228kWp-Fibrocimento-kits.jpg","kits",45424,"jpg"
"FOTUSKP04228KWPMINITRILHOKITS",true,1,"https://cdn.yellosolarhub.com/products/kits/FOTUS-KP04-228kWp-MiniTrilho-kits.jpg","https://cdn.yellosolarhub.com/products/kits/FOTUS-KP04-228kWp-MiniTrilho-kits.jpg","kits",45424,"jpg"
"FOTUSKP04240KWPCERAMICOKITS",true,1,"https://cdn.yellosolarhub.com/products/kits/FOTUS-KP04-240kWp-Ceramico-kits.jpg","https://cdn.yellosolarhub.com/products/kits/FOTUS-KP04-240kWp-Ceramico-kits.jpg","kits",17604,"jpg"
"FOTUSKP04240KWPCERAMICOKITSHIBRIDOS",true,1,"https://cdn.yellosolarhub.com/products/kits/FOTUS-KP04-240kWp-Ceramico-kits-hibridos.jpg","https://cdn.yellosolarhub.com/products/kits/FOTUS-KP04-240kWp-Ceramico-kits-hibridos.jpg","kits",45424,"jpg"
"FOTUSKP04240KWPFIBROCIMENTOKITS",true,1,"https://cdn.yellosolarhub.com/products/kits/FOTUS-KP04-240kWp-Fibrocimento-kits.jpg","https://cdn.yellosolarhub.com/products/kits/FOTUS-KP04-240kWp-Fibrocimento-kits.jpg","kits",17604,"jpg"
"FOTUSKP04240KWPFIBROCIMENTOKITSHIBRIDOS",true,1,"https://cdn.yellosolarhub.com/products/kits/FOTUS-KP04-240kWp-Fibrocimento-kits-hibridos.jpg","https://cdn.yellosolarhub.com/products/kits/FOTUS-KP04-240kWp-Fibrocimento-kits-hibridos.jpg","kits",45424,"jpg"
"FOTUSKP04240KWPMINITRILHOKITS",true,1,"https://cdn.yellosolarhub.com/products/kits/FOTUS-KP04-240kWp-MiniTrilho-kits.jpg","https://cdn.yellosolarhub.com/products/kits/FOTUS-KP04-240kWp-MiniTrilho-kits.jpg","kits",17604,"jpg"
"FOTUSKP04240KWPMINITRILHOKITSHIBRIDOS",true,1,"https://cdn.yellosolarhub.com/products/kits/FOTUS-KP04-240kWp-MiniTrilho-kits-hibridos.jpg","https://cdn.yellosolarhub.com/products/kits/FOTUS-KP04-240kWp-MiniTrilho-kits-hibridos.jpg","kits",45424,"jpg"
"FOTUSKP04342KWPCERAMICOKITS",true,1,"https://cdn.yellosolarhub.com/products/kits/FOTUS-KP04-342kWp-Ceramico-kits.jpg","https://cdn.yellosolarhub.com/products/kits/FOTUS-KP04-342kWp-Ceramico-kits.jpg","kits",45424,"jpg"
"FOTUSKP04342KWPFIBROCIMENTOKITS",true,1,"https://cdn.yellosolarhub.com/products/kits/FOTUS-KP04-342kWp-Fibrocimento-kits.jpg","https://cdn.yellosolarhub.com/products/kits/FOTUS-KP04-342kWp-Fibrocimento-kits.jpg","kits",45424,"jpg"
"FOTUSKP04342KWPMINITRILHOKITS",true,1,"https://cdn.yellosolarhub.com/products/kits/FOTUS-KP04-342kWp-MiniTrilho-kits.jpg","https://cdn.yellosolarhub.com/products/kits/FOTUS-KP04-342kWp-MiniTrilho-kits.jpg","kits",45424,"jpg"
"FOTUSKP04360KWPCERAMICOKITS",true,1,"https://cdn.yellosolarhub.com/products/kits/FOTUS-KP04-360kWp-Ceramico-kits.jpg","https://cdn.yellosolarhub.com/products/kits/FOTUS-KP04-360kWp-Ceramico-kits.jpg","kits",17604,"jpg"
"FOTUSKP04360KWPCERAMICOKITSHIBRIDOS",true,1,"https://cdn.yellosolarhub.com/products/kits/FOTUS-KP04-360kWp-Ceramico-kits-hibridos.jpg","https://cdn.yellosolarhub.com/products/kits/FOTUS-KP04-360kWp-Ceramico-kits-hibridos.jpg","kits",45424,"jpg"
"FOTUSKP04360KWPFIBROCIMENTOKITS",true,1,"https://cdn.yellosolarhub.com/products/kits/FOTUS-KP04-360kWp-Fibrocimento-kits.jpg","https://cdn.yellosolarhub.com/products/kits/FOTUS-KP04-360kWp-Fibrocimento-kits.jpg","kits",17604,"jpg"
"FOTUSKP04360KWPFIBROCIMENTOKITSHIBRIDOS",true,1,"https://cdn.yellosolarhub.com/products/kits/FOTUS-KP04-360kWp-Fibrocimento-kits-hibridos.jpg","https://cdn.yellosolarhub.com/products/kits/FOTUS-KP04-360kWp-Fibrocimento-kits-hibridos.jpg","kits",45424,"jpg"
"FOTUSKP04360KWPMINITRILHOKITS",true,1,"https://cdn.yellosolarhub.com/products/kits/FOTUS-KP04-360kWp-MiniTrilho-kits.jpg","https://cdn.yellosolarhub.com/products/kits/FOTUS-KP04-360kWp-MiniTrilho-kits.jpg","kits",17604,"jpg"
"FOTUSKP04360KWPMINITRILHOKITSHIBRIDOS",true,1,"https://cdn.yellosolarhub.com/products/kits/FOTUS-KP04-360kWp-MiniTrilho-kits-hibridos.jpg","https://cdn.yellosolarhub.com/products/kits/FOTUS-KP04-360kWp-MiniTrilho-kits-hibridos.jpg","kits",45424,"jpg"
"FOTUSKP04399KWPCERAMICOKITS",true,1,"https://cdn.yellosolarhub.com/products/kits/FOTUS-KP04-399kWp-Ceramico-kits.jpg","https://cdn.yellosolarhub.com/products/kits/FOTUS-KP04-399kWp-Ceramico-kits.jpg","kits",39064,"jpg"
"FOTUSKP04399KWPFIBROCIMENTOKITS",true,1,"https://cdn.yellosolarhub.com/products/kits/FOTUS-KP04-399kWp-Fibrocimento-kits.jpg","https://cdn.yellosolarhub.com/products/kits/FOTUS-KP04-399kWp-Fibrocimento-kits.jpg","kits",39064,"jpg"
"FOTUSKP04399KWPMINITRILHOKITS",true,1,"https://cdn.yellosolarhub.com/products/kits/FOTUS-KP04-399kWp-MiniTrilho-kits.jpg","https://cdn.yellosolarhub.com/products/kits/FOTUS-KP04-399kWp-MiniTrilho-kits.jpg","kits",39064,"jpg"
"FOTUSKP04456KWPCERAMICOKITS",true,1,"https://cdn.yellosolarhub.com/products/kits/FOTUS-KP04-456kWp-Ceramico-kits.jpg","https://cdn.yellosolarhub.com/products/kits/FOTUS-KP04-456kWp-Ceramico-kits.jpg","kits",45424,"jpg"
"FOTUSKP04456KWPFIBROCIMENTOKITS",true,1,"https://cdn.yellosolarhub.com/products/kits/FOTUS-KP04-456kWp-Fibrocimento-kits.jpg","https://cdn.yellosolarhub.com/products/kits/FOTUS-KP04-456kWp-Fibrocimento-kits.jpg","kits",45424,"jpg"
"FOTUSKP04456KWPMINITRILHOKITS",true,1,"https://cdn.yellosolarhub.com/products/kits/FOTUS-KP04-456kWp-MiniTrilho-kits.jpg","https://cdn.yellosolarhub.com/products/kits/FOTUS-KP04-456kWp-MiniTrilho-kits.jpg","kits",45424,"jpg"
"FOTUSKP04480KWPCERAMICOKITSHIBRIDOS",true,1,"https://cdn.yellosolarhub.com/products/kits/FOTUS-KP04-480kWp-Ceramico-kits-hibridos.jpg","https://cdn.yellosolarhub.com/products/kits/FOTUS-KP04-480kWp-Ceramico-kits-hibridos.jpg","kits",45424,"jpg"
"FOTUSKP04480KWPFIBROCIMENTOKITS",true,1,"https://cdn.yellosolarhub.com/products/kits/FOTUS-KP04-480kWp-Fibrocimento-kits.jpg","https://cdn.yellosolarhub.com/products/kits/FOTUS-KP04-480kWp-Fibrocimento-kits.jpg","kits",17604,"jpg"
"FOTUSKP04480KWPFIBROCIMENTOKITSHIBRIDOS",true,1,"https://cdn.yellosolarhub.com/products/kits/FOTUS-KP04-480kWp-Fibrocimento-kits-hibridos.jpg","https://cdn.yellosolarhub.com/products/kits/FOTUS-KP04-480kWp-Fibrocimento-kits-hibridos.jpg","kits",45424,"jpg"
"FOTUSKP04480KWPMINITRILHOKITS",true,1,"https://cdn.yellosolarhub.com/products/kits/FOTUS-KP04-480kWp-MiniTrilho-kits.jpg","https://cdn.yellosolarhub.com/products/kits/FOTUS-KP04-480kWp-MiniTrilho-kits.jpg","kits",17604,"jpg"
"FOTUSKP04480KWPMINITRILHOKITSHIBRIDOS",true,1,"https://cdn.yellosolarhub.com/products/kits/FOTUS-KP04-480kWp-MiniTrilho-kits-hibridos.jpg","https://cdn.yellosolarhub.com/products/kits/FOTUS-KP04-480kWp-MiniTrilho-kits-hibridos.jpg","kits",45424,"jpg"
"FOTUSKP04513KWPCERAMICOKITS",true,1,"https://cdn.yellosolarhub.com/products/kits/FOTUS-KP04-513kWp-Ceramico-kits.jpg","https://cdn.yellosolarhub.com/products/kits/FOTUS-KP04-513kWp-Ceramico-kits.jpg","kits",12820,"jpg"
"FOTUSKP04513KWPFIBROCIMENTOKITS",true,1,"https://cdn.yellosolarhub.com/products/kits/FOTUS-KP04-513kWp-Fibrocimento-kits.jpg","https://cdn.yellosolarhub.com/products/kits/FOTUS-KP04-513kWp-Fibrocimento-kits.jpg","kits",12820,"jpg"
"FOTUSKP04513KWPMINITRILHOKITS",true,1,"https://cdn.yellosolarhub.com/products/kits/FOTUS-KP04-513kWp-MiniTrilho-kits.jpg","https://cdn.yellosolarhub.com/products/kits/FOTUS-KP04-513kWp-MiniTrilho-kits.jpg","kits",12820,"jpg"
"FOTUSKP04570KWPCERAMICOKITS",true,1,"https://cdn.yellosolarhub.com/products/kits/FOTUS-KP04-570kWp-Ceramico-kits.jpg","https://cdn.yellosolarhub.com/products/kits/FOTUS-KP04-570kWp-Ceramico-kits.jpg","kits",45424,"jpg"
"FOTUSKP04570KWPFIBROCIMENTOKITS",true,1,"https://cdn.yellosolarhub.com/products/kits/FOTUS-KP04-570kWp-Fibrocimento-kits.jpg","https://cdn.yellosolarhub.com/products/kits/FOTUS-KP04-570kWp-Fibrocimento-kits.jpg","kits",45424,"jpg"
"FOTUSKP04570KWPMINITRILHOKITS",true,1,"https://cdn.yellosolarhub.com/products/kits/FOTUS-KP04-570kWp-MiniTrilho-kits.jpg","https://cdn.yellosolarhub.com/products/kits/FOTUS-KP04-570kWp-MiniTrilho-kits.jpg","kits",45424,"jpg"
"FOTUSKP04600KWPCERAMICOKITS",true,1,"https://cdn.yellosolarhub.com/products/kits/FOTUS-KP04-600kWp-Ceramico-kits.jpg","https://cdn.yellosolarhub.com/products/kits/FOTUS-KP04-600kWp-Ceramico-kits.jpg","kits",17604,"jpg"
"FOTUSKP04600KWPCERAMICOKITSHIBRIDOS",true,1,"https://cdn.yellosolarhub.com/products/kits/FOTUS-KP04-600kWp-Ceramico-kits-hibridos.jpg","https://cdn.yellosolarhub.com/products/kits/FOTUS-KP04-600kWp-Ceramico-kits-hibridos.jpg","kits",45424,"jpg"
"FOTUSKP04600KWPFIBROCIMENTOKITS",true,1,"https://cdn.yellosolarhub.com/products/kits/FOTUS-KP04-600kWp-Fibrocimento-kits.jpg","https://cdn.yellosolarhub.com/products/kits/FOTUS-KP04-600kWp-Fibrocimento-kits.jpg","kits",17604,"jpg"
"FOTUSKP04600KWPFIBROCIMENTOKITSHIBRIDOS",true,1,"https://cdn.yellosolarhub.com/products/kits/FOTUS-KP04-600kWp-Fibrocimento-kits-hibridos.jpg","https://cdn.yellosolarhub.com/products/kits/FOTUS-KP04-600kWp-Fibrocimento-kits-hibridos.jpg","kits",45424,"jpg"
"FOTUSKP04600KWPMINITRILHOKITS",true,1,"https://cdn.yellosolarhub.com/products/kits/FOTUS-KP04-600kWp-MiniTrilho-kits.jpg","https://cdn.yellosolarhub.com/products/kits/FOTUS-KP04-600kWp-MiniTrilho-kits.jpg","kits",17604,"jpg"
"FOTUSKP04600KWPMINITRILHOKITSHIBRIDOS",true,1,"https://cdn.yellosolarhub.com/products/kits/FOTUS-KP04-600kWp-MiniTrilho-kits-hibridos.jpg","https://cdn.yellosolarhub.com/products/kits/FOTUS-KP04-600kWp-MiniTrilho-kits-hibridos.jpg","kits",45424,"jpg"
"FOTUSKP04684KWPCERAMICOKITS",true,1,"https://cdn.yellosolarhub.com/products/kits/FOTUS-KP04-684kWp-Ceramico-kits.jpg","https://cdn.yellosolarhub.com/products/kits/FOTUS-KP04-684kWp-Ceramico-kits.jpg","kits",43960,"jpg"
"FOTUSKP04684KWPFIBROCIMENTOKITS",true,1,"https://cdn.yellosolarhub.com/products/kits/FOTUS-KP04-684kWp-Fibrocimento-kits.jpg","https://cdn.yellosolarhub.com/products/kits/FOTUS-KP04-684kWp-Fibrocimento-kits.jpg","kits",43960,"jpg"
"FOTUSKP04684KWPMINITRILHOKITS",true,1,"https://cdn.yellosolarhub.com/products/kits/FOTUS-KP04-684kWp-MiniTrilho-kits.jpg","https://cdn.yellosolarhub.com/products/kits/FOTUS-KP04-684kWp-MiniTrilho-kits.jpg","kits",43960,"jpg"
"FOTUSKP04720KWPCERAMICOKITS",true,1,"https://cdn.yellosolarhub.com/products/kits/FOTUS-KP04-720kWp-Ceramico-kits.jpg","https://cdn.yellosolarhub.com/products/kits/FOTUS-KP04-720kWp-Ceramico-kits.jpg","kits",17604,"jpg"
"FOTUSKP04720KWPCERAMICOKITSHIBRIDOS",true,1,"https://cdn.yellosolarhub.com/products/kits/FOTUS-KP04-720kWp-Ceramico-kits-hibridos.jpg","https://cdn.yellosolarhub.com/products/kits/FOTUS-KP04-720kWp-Ceramico-kits-hibridos.jpg","kits",45424,"jpg"
"FOTUSKP04720KWPFIBROCIMENTOKITS",true,1,"https://cdn.yellosolarhub.com/products/kits/FOTUS-KP04-720kWp-Fibrocimento-kits.jpg","https://cdn.yellosolarhub.com/products/kits/FOTUS-KP04-720kWp-Fibrocimento-kits.jpg","kits",17604,"jpg"
"FOTUSKP04720KWPFIBROCIMENTOKITSHIBRIDOS",true,1,"https://cdn.yellosolarhub.com/products/kits/FOTUS-KP04-720kWp-Fibrocimento-kits-hibridos.jpg","https://cdn.yellosolarhub.com/products/kits/FOTUS-KP04-720kWp-Fibrocimento-kits-hibridos.jpg","kits",45424,"jpg"
"FOTUSKP04720KWPMINITRILHOKITS",true,1,"https://cdn.yellosolarhub.com/products/kits/FOTUS-KP04-720kWp-MiniTrilho-kits.jpg","https://cdn.yellosolarhub.com/products/kits/FOTUS-KP04-720kWp-MiniTrilho-kits.jpg","kits",17604,"jpg"
"FOTUSKP04720KWPMINITRILHOKITSHIBRIDOS",true,1,"https://cdn.yellosolarhub.com/products/kits/FOTUS-KP04-720kWp-MiniTrilho-kits-hibridos.jpg","https://cdn.yellosolarhub.com/products/kits/FOTUS-KP04-720kWp-MiniTrilho-kits-hibridos.jpg","kits",45424,"jpg"
"FOTUSKP04798KWPCERAMICOKITS",true,1,"https://cdn.yellosolarhub.com/products/kits/FOTUS-KP04-798kWp-Ceramico-kits.jpg","https://cdn.yellosolarhub.com/products/kits/FOTUS-KP04-798kWp-Ceramico-kits.jpg","kits",45424,"jpg"
"FOTUSKP04798KWPFIBROCIMENTOKITS",true,1,"https://cdn.yellosolarhub.com/products/kits/FOTUS-KP04-798kWp-Fibrocimento-kits.jpg","https://cdn.yellosolarhub.com/products/kits/FOTUS-KP04-798kWp-Fibrocimento-kits.jpg","kits",45424,"jpg"
"FOTUSKP04798KWPMINITRILHOKITS",true,1,"https://cdn.yellosolarhub.com/products/kits/FOTUS-KP04-798kWp-MiniTrilho-kits.jpg","https://cdn.yellosolarhub.com/products/kits/FOTUS-KP04-798kWp-MiniTrilho-kits.jpg","kits",45424,"jpg"
"FOTUSKP04840KWPCERAMICOKITS",true,1,"https://cdn.yellosolarhub.com/products/kits/FOTUS-KP04-840kWp-Ceramico-kits.jpg","https://cdn.yellosolarhub.com/products/kits/FOTUS-KP04-840kWp-Ceramico-kits.jpg","kits",17604,"jpg"
"FOTUSKP04840KWPCERAMICOKITSHIBRIDOS",true,1,"https://cdn.yellosolarhub.com/products/kits/FOTUS-KP04-840kWp-Ceramico-kits-hibridos.jpg","https://cdn.yellosolarhub.com/products/kits/FOTUS-KP04-840kWp-Ceramico-kits-hibridos.jpg","kits",45424,"jpg"
"FOTUSKP04840KWPFIBROCIMENTOKITS",true,1,"https://cdn.yellosolarhub.com/products/kits/FOTUS-KP04-840kWp-Fibrocimento-kits.jpg","https://cdn.yellosolarhub.com/products/kits/FOTUS-KP04-840kWp-Fibrocimento-kits.jpg","kits",17604,"jpg"
"FOTUSKP04840KWPFIBROCIMENTOKITSHIBRIDOS",true,1,"https://cdn.yellosolarhub.com/products/kits/FOTUS-KP04-840kWp-Fibrocimento-kits-hibridos.jpg","https://cdn.yellosolarhub.com/products/kits/FOTUS-KP04-840kWp-Fibrocimento-kits-hibridos.jpg","kits",45424,"jpg"
"FOTUSKP04840KWPMINITRILHOKITS",true,1,"https://cdn.yellosolarhub.com/products/kits/FOTUS-KP04-840kWp-MiniTrilho-kits.jpg","https://cdn.yellosolarhub.com/products/kits/FOTUS-KP04-840kWp-MiniTrilho-kits.jpg","kits",17604,"jpg"
"FOTUSKP04840KWPMINITRILHOKITSHIBRIDOS",true,1,"https://cdn.yellosolarhub.com/products/kits/FOTUS-KP04-840kWp-MiniTrilho-kits-hibridos.jpg","https://cdn.yellosolarhub.com/products/kits/FOTUS-KP04-840kWp-MiniTrilho-kits-hibridos.jpg","kits",45424,"jpg"
"FOTUSKP04855KWPCERAMICOKITS",true,1,"https://cdn.yellosolarhub.com/products/kits/FOTUS-KP04-855kWp-Ceramico-kits.jpg","https://cdn.yellosolarhub.com/products/kits/FOTUS-KP04-855kWp-Ceramico-kits.jpg","kits",39594,"jpg"
"FOTUSKP04855KWPFIBROCIMENTOKITS",true,1,"https://cdn.yellosolarhub.com/products/kits/FOTUS-KP04-855kWp-Fibrocimento-kits.jpg","https://cdn.yellosolarhub.com/products/kits/FOTUS-KP04-855kWp-Fibrocimento-kits.jpg","kits",39594,"jpg"
"FOTUSKP04855KWPMINITRILHOKITS",true,1,"https://cdn.yellosolarhub.com/products/kits/FOTUS-KP04-855kWp-MiniTrilho-kits.jpg","https://cdn.yellosolarhub.com/products/kits/FOTUS-KP04-855kWp-MiniTrilho-kits.jpg","kits",39594,"jpg"
"FOTUSKP04912KWPCERAMICOKITS",true,1,"https://cdn.yellosolarhub.com/products/kits/FOTUS-KP04-912kWp-Ceramico-kits.jpg","https://cdn.yellosolarhub.com/products/kits/FOTUS-KP04-912kWp-Ceramico-kits.jpg","kits",45424,"jpg"
"FOTUSKP04912KWPFIBROCIMENTOKITS",true,1,"https://cdn.yellosolarhub.com/products/kits/FOTUS-KP04-912kWp-Fibrocimento-kits.jpg","https://cdn.yellosolarhub.com/products/kits/FOTUS-KP04-912kWp-Fibrocimento-kits.jpg","kits",45424,"jpg"
"FOTUSKP04912KWPMINITRILHOKITS",true,1,"https://cdn.yellosolarhub.com/products/kits/FOTUS-KP04-912kWp-MiniTrilho-kits.jpg","https://cdn.yellosolarhub.com/products/kits/FOTUS-KP04-912kWp-MiniTrilho-kits.jpg","kits",45424,"jpg"
"FOTUSKP04960KWPCERAMICOKITS",true,1,"https://cdn.yellosolarhub.com/products/kits/FOTUS-KP04-960kWp-Ceramico-kits.jpg","https://cdn.yellosolarhub.com/products/kits/FOTUS-KP04-960kWp-Ceramico-kits.jpg","kits",17604,"jpg"
"FOTUSKP04960KWPCERAMICOKITSHIBRIDOS",true,1,"https://cdn.yellosolarhub.com/products/kits/FOTUS-KP04-960kWp-Ceramico-kits-hibridos.jpg","https://cdn.yellosolarhub.com/products/kits/FOTUS-KP04-960kWp-Ceramico-kits-hibridos.jpg","kits",45424,"jpg"
"FOTUSKP04960KWPFIBROCIMENTOKITS",true,1,"https://cdn.yellosolarhub.com/products/kits/FOTUS-KP04-960kWp-Fibrocimento-kits.jpg","https://cdn.yellosolarhub.com/products/kits/FOTUS-KP04-960kWp-Fibrocimento-kits.jpg","kits",17604,"jpg"
"FOTUSKP04960KWPFIBROCIMENTOKITSHIBRIDOS",true,1,"https://cdn.yellosolarhub.com/products/kits/FOTUS-KP04-960kWp-Fibrocimento-kits-hibridos.jpg","https://cdn.yellosolarhub.com/products/kits/FOTUS-KP04-960kWp-Fibrocimento-kits-hibridos.jpg","kits",45424,"jpg"
"FOTUSKP04960KWPMINITRILHOKITS",true,1,"https://cdn.yellosolarhub.com/products/kits/FOTUS-KP04-960kWp-MiniTrilho-kits.jpg","https://cdn.yellosolarhub.com/products/kits/FOTUS-KP04-960kWp-MiniTrilho-kits.jpg","kits",17604,"jpg"
"FOTUSKP04960KWPMINITRILHOKITSHIBRIDOS",true,1,"https://cdn.yellosolarhub.com/products/kits/FOTUS-KP04-960kWp-MiniTrilho-kits-hibridos.jpg","https://cdn.yellosolarhub.com/products/kits/FOTUS-KP04-960kWp-MiniTrilho-kits-hibridos.jpg","kits",45424,"jpg"
"FOTUSKP04969KWPCERAMICOKITS",true,1,"https://cdn.yellosolarhub.com/products/kits/FOTUS-KP04-969kWp-Ceramico-kits.jpg","https://cdn.yellosolarhub.com/products/kits/FOTUS-KP04-969kWp-Ceramico-kits.jpg","kits",12950,"jpg"
"FOTUSKP04969KWPFIBROCIMENTOKITS",true,1,"https://cdn.yellosolarhub.com/products/kits/FOTUS-KP04-969kWp-Fibrocimento-kits.jpg","https://cdn.yellosolarhub.com/products/kits/FOTUS-KP04-969kWp-Fibrocimento-kits.jpg","kits",12950,"jpg"
"FOTUSKP04969KWPMINITRILHOKITS",true,1,"https://cdn.yellosolarhub.com/products/kits/FOTUS-KP04-969kWp-MiniTrilho-kits.jpg","https://cdn.yellosolarhub.com/products/kits/FOTUS-KP04-969kWp-MiniTrilho-kits.jpg","kits",12950,"jpg"
"FOTUSKP04KITS",true,1,"https://cdn.yellosolarhub.com/products/kits/FOTUS-KP04-kits.jpg","https://cdn.yellosolarhub.com/products/kits/FOTUS-KP04-kits.jpg","kits",12820,"jpg"
"FOTUSKP04KITSHIBRIDOS",true,1,"https://cdn.yellosolarhub.com/products/kits/FOTUS-KP04-kits-hibridos.jpg","https://cdn.yellosolarhub.com/products/kits/FOTUS-KP04-kits-hibridos.jpg","kits",45424,"jpg"
"GOODWEEZLOGGERPROIMAGE",true,1,"https://cdn.yellosolarhub.com/products/inversores/GOODWE-EZLOGGER PRO_image.png","https://cdn.yellosolarhub.com/products/inversores/GOODWE-EZLOGGER PRO_image.png","inversores",91721,"png"
"GOODWEGW100KGTAFCIIMAGEPRODUCT600342",true,1,"https://cdn.yellosolarhub.com/products/inversores/GOODWE-GW100K-GT - AFCI_IMAGE_PRODUCT_600342.jpg","https://cdn.yellosolarhub.com/products/inversores/GOODWE-GW100K-GT - AFCI_IMAGE_PRODUCT_600342.jpg","inversores",824484,"jpg"
"GOODWEGW100KHTIMAGEPRODUCT600066",true,1,"https://cdn.yellosolarhub.com/products/inversores/GOODWE-GW 100K-HT_IMAGE_PRODUCT_600066.png","https://cdn.yellosolarhub.com/products/inversores/GOODWE-GW 100K-HT_IMAGE_PRODUCT_600066.png","inversores",109547,"png"
"GOODWEGW100KHTIMAGEPRODUCT600126",true,1,"https://cdn.yellosolarhub.com/products/inversores/GOODWE-GW100K-HT_IMAGE_PRODUCT_600126.png","https://cdn.yellosolarhub.com/products/inversores/GOODWE-GW100K-HT_IMAGE_PRODUCT_600126.png","inversores",109547,"png"
"GOODWEGW10KBTIMAGE",true,1,"https://cdn.yellosolarhub.com/products/inversores/GOODWE-GW10K-BT_image.webp","https://cdn.yellosolarhub.com/products/inversores/GOODWE-GW10K-BT_image.webp","inversores",5692,"webp"
"GOODWEGW10KMS3020AAFCIIMAGE",true,1,"https://cdn.yellosolarhub.com/products/inversores/GOODWE-GW 10K-MS-30 (20A) - AFCI_image.png","https://cdn.yellosolarhub.com/products/inversores/GOODWE-GW 10K-MS-30 (20A) - AFCI_image.png","inversores",9596,"png"
"GOODWEGW10KMSG40AFCICRSDIMAGEPRODUCT600398",true,1,"https://cdn.yellosolarhub.com/products/inversores/GOODWE-GW10K-MS-G40 - AFCI C- RSD_IMAGE_PRODUCT_600398.png","https://cdn.yellosolarhub.com/products/inversores/GOODWE-GW10K-MS-G40 - AFCI C- RSD_IMAGE_PRODUCT_600398.png","inversores",47823,"png"
"GOODWEGW10KMSG40AFCIIMAGEPRODUCT600463",true,1,"https://cdn.yellosolarhub.com/products/inversores/GOODWE-GW10K-MS-G40 - AFCI_IMAGE_PRODUCT_600463.png","https://cdn.yellosolarhub.com/products/inversores/GOODWE-GW10K-MS-G40 - AFCI_IMAGE_PRODUCT_600463.png","inversores",47823,"png"
"GOODWEGW110KHTIMAGEPRODUCT600023",true,1,"https://cdn.yellosolarhub.com/products/inversores/GOODWE-GW 110K-HT_IMAGE_PRODUCT_600023.png","https://cdn.yellosolarhub.com/products/inversores/GOODWE-GW 110K-HT_IMAGE_PRODUCT_600023.png","inversores",109547,"png"
"GOODWEGW12KLETAFCIIMAGEPRODUCT600363",true,1,"https://cdn.yellosolarhub.com/products/inversores/GOODWE-GW12KL-ET - AFCI_IMAGE_PRODUCT_600363.png","https://cdn.yellosolarhub.com/products/inversores/GOODWE-GW12KL-ET - AFCI_IMAGE_PRODUCT_600363.png","inversores",31833,"png"
"GOODWEGW12KLVMTIMAGE",true,1,"https://cdn.yellosolarhub.com/products/inversores/GOODWE-GW 12KLV-MT_image.jpg","https://cdn.yellosolarhub.com/products/inversores/GOODWE-GW 12KLV-MT_image.jpg","inversores",14174,"jpg"
"GOODWEGW12KLVSDTC30AFCIIMAGE",true,1,"https://cdn.yellosolarhub.com/products/inversores/GOODWE-GW 12KLV-SDT-C30 - AFCI_image.png","https://cdn.yellosolarhub.com/products/inversores/GOODWE-GW 12KLV-SDT-C30 - AFCI_image.png","inversores",79781,"png"
"GOODWEGW12KLVSDTC31AFCIIMAGEPRODUCT600400",true,1,"https://cdn.yellosolarhub.com/products/inversores/GOODWE-GW12KLV-SDT-C31 - AFCI_IMAGE_PRODUCT_600400.png","https://cdn.yellosolarhub.com/products/inversores/GOODWE-GW12KLV-SDT-C31 - AFCI_IMAGE_PRODUCT_600400.png","inversores",31794,"png"
"GOODWEGW15KETAFCIIMAGEPRODUCT600348",true,1,"https://cdn.yellosolarhub.com/products/inversores/GOODWE-GW15K-ET - AFCI_IMAGE_PRODUCT_600348.png","https://cdn.yellosolarhub.com/products/inversores/GOODWE-GW15K-ET - AFCI_IMAGE_PRODUCT_600348.png","inversores",90797,"png"
"GOODWEGW15KLVMTIMAGE",true,1,"https://cdn.yellosolarhub.com/products/inversores/GOODWE-GW 15KLV-MT_image.jpeg","https://cdn.yellosolarhub.com/products/inversores/GOODWE-GW 15KLV-MT_image.jpeg","inversores",14174,"jpeg"
"GOODWEGW17KLVSDTC30AFCIIMAGEPRODUCT600275",true,1,"https://cdn.yellosolarhub.com/products/inversores/GOODWE-GW17KLV-SDT-C30 - AFCI_IMAGE_PRODUCT_600275.png","https://cdn.yellosolarhub.com/products/inversores/GOODWE-GW17KLV-SDT-C30 - AFCI_IMAGE_PRODUCT_600275.png","inversores",12442,"png"
"GOODWEGW2000MISIMAGEPRODUCT600329",true,1,"https://cdn.yellosolarhub.com/products/inversores/GOODWE-GW2000-MIS_IMAGE_PRODUCT_600329.jpg","https://cdn.yellosolarhub.com/products/inversores/GOODWE-GW2000-MIS_IMAGE_PRODUCT_600329.jpg","inversores",64696,"jpg"
"GOODWEGW20KETAFCIIMAGEPRODUCT600149",true,1,"https://cdn.yellosolarhub.com/products/inversores/GOODWE-GW20K-ET - AFCI_IMAGE_PRODUCT_600149.png","https://cdn.yellosolarhub.com/products/inversores/GOODWE-GW20K-ET - AFCI_IMAGE_PRODUCT_600149.png","inversores",90797,"png"
"GOODWEGW20KLVMTAFCIIMAGE",true,1,"https://cdn.yellosolarhub.com/products/inversores/GOODWE-GW 20KLV-MT - AFCI_image.png","https://cdn.yellosolarhub.com/products/inversores/GOODWE-GW 20KLV-MT - AFCI_image.png","inversores",936634,"png"
"GOODWEGW20KSDT31AFCICRSDIMAGEPRODUCT600453",true,1,"https://cdn.yellosolarhub.com/products/inversores/GOODWE-GW20K-SDT-31 - AFCI C- RSD_IMAGE_PRODUCT_600453.png","https://cdn.yellosolarhub.com/products/inversores/GOODWE-GW20K-SDT-31 - AFCI C- RSD_IMAGE_PRODUCT_600453.png","inversores",44030,"png"
"GOODWEGW23KLVSDTBR30AFCIIMAGEPRODUCT600352",true,1,"https://cdn.yellosolarhub.com/products/inversores/GOODWE-GW23KLV-SDT-BR30 - AFCI_IMAGE_PRODUCT_600352.jpg","https://cdn.yellosolarhub.com/products/inversores/GOODWE-GW23KLV-SDT-BR30 - AFCI_IMAGE_PRODUCT_600352.jpg","inversores",57669,"jpg"
"GOODWEGW250KHTIMAGEPRODUCT600142",true,1,"https://cdn.yellosolarhub.com/products/inversores/GOODWE-GW250K-HT_IMAGE_PRODUCT_600142.png","https://cdn.yellosolarhub.com/products/inversores/GOODWE-GW250K-HT_IMAGE_PRODUCT_600142.png","inversores",109547,"png"
"GOODWEGW250KHUTIMAGEPRODUCT600344",true,1,"https://cdn.yellosolarhub.com/products/inversores/GOODWE-GW250KH-UT_IMAGE_PRODUCT_600344.png","https://cdn.yellosolarhub.com/products/inversores/GOODWE-GW250KH-UT_IMAGE_PRODUCT_600344.png","inversores",10366,"png"
"GOODWEGW250KNHTIMAGE",true,1,"https://cdn.yellosolarhub.com/products/inversores/GOODWE-GW250KN-HT_image.png","https://cdn.yellosolarhub.com/products/inversores/GOODWE-GW250KN-HT_image.png","inversores",417046,"png"
"GOODWEGW25KSDTP31AFCICRSDIMAGEPRODUCT600452",true,1,"https://cdn.yellosolarhub.com/products/inversores/GOODWE-GW25K-SDT-P31 - AFCI C- RSD_IMAGE_PRODUCT_600452.png","https://cdn.yellosolarhub.com/products/inversores/GOODWE-GW25K-SDT-P31 - AFCI C- RSD_IMAGE_PRODUCT_600452.png","inversores",29084,"png"
"GOODWEGW25KSDTP31AFCIIMAGEPRODUCT600404",true,1,"https://cdn.yellosolarhub.com/products/inversores/GOODWE-GW25K-SDT-P31 - AFCI_IMAGE_PRODUCT_600404.png","https://cdn.yellosolarhub.com/products/inversores/GOODWE-GW25K-SDT-P31 - AFCI_IMAGE_PRODUCT_600404.png","inversores",29084,"png"
"GOODWEGW30KETAFCIIMAGEPRODUCT600150",true,1,"https://cdn.yellosolarhub.com/products/inversores/GOODWE-GW30K-ET - AFCI_IMAGE_PRODUCT_600150.png","https://cdn.yellosolarhub.com/products/inversores/GOODWE-GW30K-ET - AFCI_IMAGE_PRODUCT_600150.png","inversores",90797,"png"
"GOODWEGW30KLSMTAFCIIMAGEPRODUCT600268",true,1,"https://cdn.yellosolarhub.com/products/inversores/GOODWE-GW 30KLS-MT - AFCI_IMAGE_PRODUCT_600268.png","https://cdn.yellosolarhub.com/products/inversores/GOODWE-GW 30KLS-MT - AFCI_IMAGE_PRODUCT_600268.png","inversores",174786,"png"
"GOODWEGW30KLSMTAFCIREDIMAGEPRODUCT600483",true,1,"https://cdn.yellosolarhub.com/products/inversores/GOODWE-GW 30KLS-MT - AFCI RED_IMAGE_PRODUCT_600483.png","https://cdn.yellosolarhub.com/products/inversores/GOODWE-GW 30KLS-MT - AFCI RED_IMAGE_PRODUCT_600483.png","inversores",47388,"png"
"GOODWEGW30KSDTC30AFCIIMAGE",true,1,"https://cdn.yellosolarhub.com/products/inversores/GOODWE-GW 30K-SDT-C30 - AFCI_image.png","https://cdn.yellosolarhub.com/products/inversores/GOODWE-GW 30K-SDT-C30 - AFCI_image.png","inversores",266445,"png"
"GOODWEGW3300XS30AFCIIMAGE",true,1,"https://cdn.yellosolarhub.com/products/inversores/GOODWE-GW 3300-XS-30 - AFCI_image.png","https://cdn.yellosolarhub.com/products/inversores/GOODWE-GW 3300-XS-30 - AFCI_image.png","inversores",142230,"png"
"GOODWEGW3500LESBR20IMAGEPRODUCT600361",true,1,"https://cdn.yellosolarhub.com/products/inversores/GOODWE-GW3500L-ES-BR20_IMAGE_PRODUCT_600361.png","https://cdn.yellosolarhub.com/products/inversores/GOODWE-GW3500L-ES-BR20_IMAGE_PRODUCT_600361.png","inversores",22533,"png"
"GOODWEGW35KLSMTAFCIIMAGE",true,1,"https://cdn.yellosolarhub.com/products/inversores/GOODWE-GW 35KLS-MT - AFCI_image.png","https://cdn.yellosolarhub.com/products/inversores/GOODWE-GW 35KLS-MT - AFCI_image.png","inversores",174786,"png"
"GOODWEGW35KLSMTIMAGEPRODUCT600109",true,1,"https://cdn.yellosolarhub.com/products/inversores/GOODWE-GW 35KLS-MT_IMAGE_PRODUCT_600109.png","https://cdn.yellosolarhub.com/products/inversores/GOODWE-GW 35KLS-MT_IMAGE_PRODUCT_600109.png","inversores",174786,"png"
"GOODWEGW3600ESBR20AFCIIMAGE",true,1,"https://cdn.yellosolarhub.com/products/inversores/GOODWE-GW3600-ES-BR20 - AFCI_image.png","https://cdn.yellosolarhub.com/products/inversores/GOODWE-GW3600-ES-BR20 - AFCI_image.png","inversores",193561,"png"
"GOODWEGW36KMTAFCIIMAGE",true,1,"https://cdn.yellosolarhub.com/products/inversores/GOODWE-GW 36K-MT - AFCI_image.jpeg","https://cdn.yellosolarhub.com/products/inversores/GOODWE-GW 36K-MT - AFCI_image.jpeg","inversores",14174,"jpeg"
"GOODWEGW37K5SDTBR30AFCIIMAGEPRODUCT600350",true,1,"https://cdn.yellosolarhub.com/products/inversores/GOODWE-GW37K5-SDT-BR30 - AFCI_IMAGE_PRODUCT_600350.jpg","https://cdn.yellosolarhub.com/products/inversores/GOODWE-GW37K5-SDT-BR30 - AFCI_IMAGE_PRODUCT_600350.jpg","inversores",57669,"jpg"
"GOODWEGW5000DNS3016AAFCIIMAGE",true,1,"https://cdn.yellosolarhub.com/products/inversores/GOODWE-GW 5000-DNS-30 (16A) - AFCI_image.png","https://cdn.yellosolarhub.com/products/inversores/GOODWE-GW 5000-DNS-30 (16A) - AFCI_image.png","inversores",31568,"png"
"GOODWEGW50KSMTAFCIIMAGE",true,1,"https://cdn.yellosolarhub.com/products/inversores/GOODWE-GW 50KS-MT - AFCI_image.png","https://cdn.yellosolarhub.com/products/inversores/GOODWE-GW 50KS-MT - AFCI_image.png","inversores",334398,"png"
"GOODWEGW6000ESBR20AFCIIMAGE",true,1,"https://cdn.yellosolarhub.com/products/inversores/GOODWE-GW6000-ES-BR20 - AFCI_image.png","https://cdn.yellosolarhub.com/products/inversores/GOODWE-GW6000-ES-BR20 - AFCI_image.png","inversores",126855,"png"
"GOODWEGW6000SBP20IMAGE",true,1,"https://cdn.yellosolarhub.com/products/inversores/GOODWE-GW6000-SBP-20_image.webp","https://cdn.yellosolarhub.com/products/inversores/GOODWE-GW6000-SBP-20_image.webp","inversores",2824,"webp"
"GOODWEGW60KSMTAFCIIMAGE",true,1,"https://cdn.yellosolarhub.com/products/inversores/GOODWE-GW 60KS-MT - AFCI_image.png","https://cdn.yellosolarhub.com/products/inversores/GOODWE-GW 60KS-MT - AFCI_image.png","inversores",334398,"png"
"GOODWEGW60KSMTIMAGE",true,1,"https://cdn.yellosolarhub.com/products/inversores/GOODWE-GW 60KS-MT_image.png","https://cdn.yellosolarhub.com/products/inversores/GOODWE-GW 60KS-MT_image.png","inversores",334398,"png"
"GOODWEGW73KLVHTAFCIIMAGE",true,1,"https://cdn.yellosolarhub.com/products/inversores/GOODWE-GW 73KLV-HT - AFCI_image.png","https://cdn.yellosolarhub.com/products/inversores/GOODWE-GW 73KLV-HT - AFCI_image.png","inversores",226751,"png"
"GOODWEGW75KSMTAFCIIMAGEPRODUCT600328",true,1,"https://cdn.yellosolarhub.com/products/inversores/GOODWE-GW75K-SMT - AFCI_IMAGE_PRODUCT_600328.png","https://cdn.yellosolarhub.com/products/inversores/GOODWE-GW75K-SMT - AFCI_IMAGE_PRODUCT_600328.png","inversores",119053,"png"
"GROWATT20MIC3000TLX20220V20201MPPT",true,1,"https://cdn.yellosolarhub.com/products/GROWATT/GROWATT%20MIC3000TL-X%20-220V%20-%201MPPT.png","https://cdn.yellosolarhub.com/products/GROWATT/GROWATT%20MIC3000TL-X%20-220V%20-%201MPPT.png","GROWATT",184923,"png"
"GROWATTMAC36KTL3XLAFCIIMAGEPRODUCT600303",true,1,"https://cdn.yellosolarhub.com/products/inversores/GROWATT-MAC 36KTL3-XL - AFCI_IMAGE_PRODUCT_600303.png","https://cdn.yellosolarhub.com/products/inversores/GROWATT-MAC 36KTL3-XL - AFCI_IMAGE_PRODUCT_600303.png","inversores",73056,"png"
"GROWATTMAX50KTL3XL2AFCIIMAGEPRODUCT600305",true,1,"https://cdn.yellosolarhub.com/products/inversores/GROWATT-MAX 50KTL3-XL2 - AFCI_IMAGE_PRODUCT_600305.png","https://cdn.yellosolarhub.com/products/inversores/GROWATT-MAX 50KTL3-XL2 - AFCI_IMAGE_PRODUCT_600305.png","inversores",88176,"png"
"GROWATTMAX50KTL3XL2IMAGE",true,1,"https://cdn.yellosolarhub.com/products/inversores/GROWATT-MAX 50KTL3-XL2_image.webp","https://cdn.yellosolarhub.com/products/inversores/GROWATT-MAX 50KTL3-XL2_image.webp","inversores",2850,"webp"
"GROWATTMAX60KTL3XL2IMAGE",true,1,"https://cdn.yellosolarhub.com/products/inversores/GROWATT-MAX60KTL3-XL 2_image.webp","https://cdn.yellosolarhub.com/products/inversores/GROWATT-MAX60KTL3-XL 2_image.webp","inversores",35222,"webp"
"GROWATTMIC3000TLX2220V1MPPT",true,1,"https://cdn.yellosolarhub.com/products/GROWATT/GROWATT-MIC-3000TL-X2-220V-1MPPT.png","https://cdn.yellosolarhub.com/products/GROWATT/GROWATT-MIC-3000TL-X2-220V-1MPPT.png","GROWATT",79065,"png"
"GROWATTMID20KTL3XL2AFCIIMAGEPRODUCT600308",true,1,"https://cdn.yellosolarhub.com/products/inversores/GROWATT-MID 20KTL3 XL2 - AFCI_IMAGE_PRODUCT_600308.png","https://cdn.yellosolarhub.com/products/inversores/GROWATT-MID 20KTL3 XL2 - AFCI_IMAGE_PRODUCT_600308.png","inversores",82370,"png"
"GROWATTMID40KTL3X2380V4MPPTV2",true,1,"https://cdn.yellosolarhub.com/products/GROWATT/GROWATT-MID40KTL3-X2---380V---4MPPT_v2.png","https://cdn.yellosolarhub.com/products/GROWATT/GROWATT-MID40KTL3-X2---380V---4MPPT_v2.png","GROWATT",159641,"png"
"GROWATTMID50KTL3X2AFCIIMAGEPRODUCT600314",true,1,"https://cdn.yellosolarhub.com/products/inversores/GROWATT-MID 50KTL3-X2 - AFCI_IMAGE_PRODUCT_600314.png","https://cdn.yellosolarhub.com/products/inversores/GROWATT-MID 50KTL3-X2 - AFCI_IMAGE_PRODUCT_600314.png","inversores",82370,"png"
"GROWATTMIN7500TLX2220V2MPPT",true,1,"https://cdn.yellosolarhub.com/products/GROWATT/GROWATT-MIN7500TL-X2-220V-2MPPT.png","https://cdn.yellosolarhub.com/products/GROWATT/GROWATT-MIN7500TL-X2-220V-2MPPT.png","GROWATT",74480,"png"
"GROWATTMOD15KTL3X2380V2MPPT",true,1,"https://cdn.yellosolarhub.com/products/GROWATT/GROWATT-MOD15KTL3-X2-380V-2-MPPT.png","https://cdn.yellosolarhub.com/products/GROWATT/GROWATT-MOD15KTL3-X2-380V-2-MPPT.png","GROWATT",74335,"png"
"GROWATTNEO2000MX2000W220V",true,1,"https://cdn.yellosolarhub.com/products/GROWATT/GROWATT-NEO-2000M-X-2000W-220V.png","https://cdn.yellosolarhub.com/products/GROWATT/GROWATT-NEO-2000M-X-2000W-220V.png","GROWATT",70901,"png"
"GROWATTNEO225",true,1,"https://cdn.yellosolarhub.com/products/GROWATT/GROWATT-NEO-2,25.png","https://cdn.yellosolarhub.com/products/GROWATT/GROWATT-NEO-2,25.png","GROWATT",59002,"png"
"HANERSUNHJTHN21H66HTIMAGEPRODUCT573429",true,1,"https://cdn.yellosolarhub.com/products/paineis/HANERSUN-HJT HN21H-66HT_IMAGE_PRODUCT_573429.png","https://cdn.yellosolarhub.com/products/paineis/HANERSUN-HJT HN21H-66HT_IMAGE_PRODUCT_573429.png","paineis",191153,"png"
"HANERSUNHN18N72HIMAGEPRODUCT559375",true,1,"https://cdn.yellosolarhub.com/products/paineis/HANERSUN-HN18N-72H_IMAGE_PRODUCT_559375.jpeg","https://cdn.yellosolarhub.com/products/paineis/HANERSUN-HN18N-72H_IMAGE_PRODUCT_559375.jpeg","paineis",177319,"jpeg"
"HUAWEISUN200010KLC0AFCIIMAGEPRODUCT600386",true,1,"https://cdn.yellosolarhub.com/products/inversores/HUAWEI-SUN2000-10K-LC0 - AFCI_IMAGE_PRODUCT_600386.png","https://cdn.yellosolarhub.com/products/inversores/HUAWEI-SUN2000-10K-LC0 - AFCI_IMAGE_PRODUCT_600386.png","inversores",45571,"png"
"HUAWEISUN200012KMB0AFCIIMAGEPRODUCT600387",true,1,"https://cdn.yellosolarhub.com/products/inversores/HUAWEI-SUN2000-12K-MB0 - AFCI_IMAGE_PRODUCT_600387.png","https://cdn.yellosolarhub.com/products/inversores/HUAWEI-SUN2000-12K-MB0 - AFCI_IMAGE_PRODUCT_600387.png","inversores",39986,"png"
"HUAWEISUN200015KMB0AFCIIMAGEPRODUCT600388",true,1,"https://cdn.yellosolarhub.com/products/inversores/HUAWEI-SUN2000-15K-MB0 - AFCI_IMAGE_PRODUCT_600388.png","https://cdn.yellosolarhub.com/products/inversores/HUAWEI-SUN2000-15K-MB0 - AFCI_IMAGE_PRODUCT_600388.png","inversores",39986,"png"
"HUAWEISUN20003KTLL1AFCIIMAGEPRODUCT600382",true,1,"https://cdn.yellosolarhub.com/products/inversores/HUAWEI-SUN2000-3KTL-L1 - AFCI_IMAGE_PRODUCT_600382.png","https://cdn.yellosolarhub.com/products/inversores/HUAWEI-SUN2000-3KTL-L1 - AFCI_IMAGE_PRODUCT_600382.png","inversores",67314,"png"
"HUAWEISUN20004KTLL1AFCIIMAGEPRODUCT600423",true,1,"https://cdn.yellosolarhub.com/products/inversores/HUAWEI-SUN2000-4KTL-L1 - AFCI_IMAGE_PRODUCT_600423.png","https://cdn.yellosolarhub.com/products/inversores/HUAWEI-SUN2000-4KTL-L1 - AFCI_IMAGE_PRODUCT_600423.png","inversores",44305,"png"
"IBT00001",true,1,"https://cdn.yellosolarhub.com/products/UNKNOWN-MANUFACTURER/IBT00001.png","https://cdn.yellosolarhub.com/products/UNKNOWN-MANUFACTURER/IBT00001.png","UNKNOWN-MANUFACTURER",72972,"png"
"IBT00002",true,1,"https://cdn.yellosolarhub.com/products/UNKNOWN-MANUFACTURER/IBT00002.png","https://cdn.yellosolarhub.com/products/UNKNOWN-MANUFACTURER/IBT00002.png","UNKNOWN-MANUFACTURER",85575,"png"
"IBT00003",true,1,"https://cdn.yellosolarhub.com/products/UNKNOWN-MANUFACTURER/IBT00003.png","https://cdn.yellosolarhub.com/products/UNKNOWN-MANUFACTURER/IBT00003.png","UNKNOWN-MANUFACTURER",16772,"png"
"IBT00004",true,1,"https://cdn.yellosolarhub.com/products/UNKNOWN-MANUFACTURER/IBT00004.png","https://cdn.yellosolarhub.com/products/UNKNOWN-MANUFACTURER/IBT00004.png","UNKNOWN-MANUFACTURER",97106,"png"
"ICA00008",true,1,"https://cdn.yellosolarhub.com/products/UNKNOWN-MANUFACTURER/ICA00008.png","https://cdn.yellosolarhub.com/products/UNKNOWN-MANUFACTURER/ICA00008.png","UNKNOWN-MANUFACTURER",75501,"png"
"ICA00009",true,1,"https://cdn.yellosolarhub.com/products/UNKNOWN-MANUFACTURER/ICA00009.png","https://cdn.yellosolarhub.com/products/UNKNOWN-MANUFACTURER/ICA00009.png","UNKNOWN-MANUFACTURER",127844,"png"
"ICA00010",true,1,"https://cdn.yellosolarhub.com/products/UNKNOWN-MANUFACTURER/ICA00010.png","https://cdn.yellosolarhub.com/products/UNKNOWN-MANUFACTURER/ICA00010.png","UNKNOWN-MANUFACTURER",75501,"png"
"ICA00011",true,1,"https://cdn.yellosolarhub.com/products/UNKNOWN-MANUFACTURER/ICA00011.png","https://cdn.yellosolarhub.com/products/UNKNOWN-MANUFACTURER/ICA00011.png","UNKNOWN-MANUFACTURER",127844,"png"
"ICO00001",true,1,"https://cdn.yellosolarhub.com/products/UNKNOWN-MANUFACTURER/ICO00001.png","https://cdn.yellosolarhub.com/products/UNKNOWN-MANUFACTURER/ICO00001.png","UNKNOWN-MANUFACTURER",107476,"png"
"ICON318X647",true,1,"https://cdn.yellosolarhub.com/products/UNKNOWN-MANUFACTURER/icon-318x647.png","https://cdn.yellosolarhub.com/products/UNKNOWN-MANUFACTURER/icon-318x647.png","UNKNOWN-MANUFACTURER",8982,"png"
"ICV0000220CARREGADOR20VEICULAR20WALLBOX20GROWATT20THOR07ASP20THO",true,1,"https://cdn.yellosolarhub.com/products/GROWATT/ICV00002%20CARREGADOR%20VEICULAR%20WALLBOX%20GROWATT%20THOR07AS-P%20THO.png","https://cdn.yellosolarhub.com/products/GROWATT/ICV00002%20CARREGADOR%20VEICULAR%20WALLBOX%20GROWATT%20THOR07AS-P%20THO.png","GROWATT",146081,"png"
"ICV0000320CARREGADOR20VEICULAR20FOXESS20A7300P1E220207320KW",true,1,"https://cdn.yellosolarhub.com/products/UNKNOWN-MANUFACTURER/ICV00003%20CARREGADOR%20VEICULAR%20FOXESS%20A7300P1-E-2%20-%207,3%20KW.png","https://cdn.yellosolarhub.com/products/UNKNOWN-MANUFACTURER/ICV00003%20CARREGADOR%20VEICULAR%20FOXESS%20A7300P1-E-2%20-%207,3%20KW.png","UNKNOWN-MANUFACTURER",88941,"png"
"ICV0000420CARREGADOR20VEICULAR20FOXESS20A022KP1E222KW",true,1,"https://cdn.yellosolarhub.com/products/UNKNOWN-MANUFACTURER/ICV00004%20CARREGADOR%20VEICULAR%20FOXESS%20A022KP1-E-2-22KW.png","https://cdn.yellosolarhub.com/products/UNKNOWN-MANUFACTURER/ICV00004%20CARREGADOR%20VEICULAR%20FOXESS%20A022KP1-E-2-22KW.png","UNKNOWN-MANUFACTURER",88941,"png"
"IEF00009",true,1,"https://cdn.yellosolarhub.com/products/UNKNOWN-MANUFACTURER/IEF00009.png","https://cdn.yellosolarhub.com/products/UNKNOWN-MANUFACTURER/IEF00009.png","UNKNOWN-MANUFACTURER",75945,"png"
"IEF00016",true,1,"https://cdn.yellosolarhub.com/products/UNKNOWN-MANUFACTURER/IEF00016.png","https://cdn.yellosolarhub.com/products/UNKNOWN-MANUFACTURER/IEF00016.png","UNKNOWN-MANUFACTURER",37750,"png"
"IEF00023",true,1,"https://cdn.yellosolarhub.com/products/UNKNOWN-MANUFACTURER/IEF00023.png","https://cdn.yellosolarhub.com/products/UNKNOWN-MANUFACTURER/IEF00023.png","UNKNOWN-MANUFACTURER",85377,"png"
"IEF00040",true,1,"https://cdn.yellosolarhub.com/products/UNKNOWN-MANUFACTURER/IEF00040.png","https://cdn.yellosolarhub.com/products/UNKNOWN-MANUFACTURER/IEF00040.png","UNKNOWN-MANUFACTURER",17422,"png"
"IEF00044",true,1,"https://cdn.yellosolarhub.com/products/UNKNOWN-MANUFACTURER/IEF00044.png","https://cdn.yellosolarhub.com/products/UNKNOWN-MANUFACTURER/IEF00044.png","UNKNOWN-MANUFACTURER",83821,"png"
"IEF00045",true,1,"https://cdn.yellosolarhub.com/products/UNKNOWN-MANUFACTURER/IEF00045.png","https://cdn.yellosolarhub.com/products/UNKNOWN-MANUFACTURER/IEF00045.png","UNKNOWN-MANUFACTURER",52043,"png"
"IEF00073",true,1,"https://cdn.yellosolarhub.com/products/UNKNOWN-MANUFACTURER/IEF00073.png","https://cdn.yellosolarhub.com/products/UNKNOWN-MANUFACTURER/IEF00073.png","UNKNOWN-MANUFACTURER",22975,"png"
"IEF00090",true,1,"https://cdn.yellosolarhub.com/products/UNKNOWN-MANUFACTURER/IEF00090.png","https://cdn.yellosolarhub.com/products/UNKNOWN-MANUFACTURER/IEF00090.png","UNKNOWN-MANUFACTURER",25380,"png"
"IEF00096",true,1,"https://cdn.yellosolarhub.com/products/UNKNOWN-MANUFACTURER/IEF00096.png","https://cdn.yellosolarhub.com/products/UNKNOWN-MANUFACTURER/IEF00096.png","UNKNOWN-MANUFACTURER",105192,"png"
"IEF00098",true,1,"https://cdn.yellosolarhub.com/products/UNKNOWN-MANUFACTURER/IEF00098.png","https://cdn.yellosolarhub.com/products/UNKNOWN-MANUFACTURER/IEF00098.png","UNKNOWN-MANUFACTURER",129136,"png"
"IEF00100",true,1,"https://cdn.yellosolarhub.com/products/UNKNOWN-MANUFACTURER/IEF00100.png","https://cdn.yellosolarhub.com/products/UNKNOWN-MANUFACTURER/IEF00100.png","UNKNOWN-MANUFACTURER",77547,"png"
"IEF00127",true,2,"https://cdn.yellosolarhub.com/products/UNKNOWN-MANUFACTURER/IEF00127.png","https://cdn.yellosolarhub.com/products/UNKNOWN-MANUFACTURER/IEF00127.png|https://cdn.yellosolarhub.com/products/UNKNOWN-MANUFACTURER/IEF00127.webp","UNKNOWN-MANUFACTURER",96872,"png|webp"
"IEF00129",true,1,"https://cdn.yellosolarhub.com/products/UNKNOWN-MANUFACTURER/IEF00129.png","https://cdn.yellosolarhub.com/products/UNKNOWN-MANUFACTURER/IEF00129.png","UNKNOWN-MANUFACTURER",116296,"png"
"IEF00131",true,1,"https://cdn.yellosolarhub.com/products/UNKNOWN-MANUFACTURER/IEF00131.png","https://cdn.yellosolarhub.com/products/UNKNOWN-MANUFACTURER/IEF00131.png","UNKNOWN-MANUFACTURER",126687,"png"
"IEF00132",true,1,"https://cdn.yellosolarhub.com/products/UNKNOWN-MANUFACTURER/IEF00132.png","https://cdn.yellosolarhub.com/products/UNKNOWN-MANUFACTURER/IEF00132.png","UNKNOWN-MANUFACTURER",120318,"png"
"IEF00133",true,1,"https://cdn.yellosolarhub.com/products/UNKNOWN-MANUFACTURER/IEF00133.png","https://cdn.yellosolarhub.com/products/UNKNOWN-MANUFACTURER/IEF00133.png","UNKNOWN-MANUFACTURER",60961,"png"
"IEF00144",true,1,"https://cdn.yellosolarhub.com/products/UNKNOWN-MANUFACTURER/IEF00144.png","https://cdn.yellosolarhub.com/products/UNKNOWN-MANUFACTURER/IEF00144.png","UNKNOWN-MANUFACTURER",103527,"png"
"IEF00154",true,1,"https://cdn.yellosolarhub.com/products/UNKNOWN-MANUFACTURER/IEF00154.png","https://cdn.yellosolarhub.com/products/UNKNOWN-MANUFACTURER/IEF00154.png","UNKNOWN-MANUFACTURER",72480,"png"
"IEF00163",true,1,"https://cdn.yellosolarhub.com/products/UNKNOWN-MANUFACTURER/IEF00163.png","https://cdn.yellosolarhub.com/products/UNKNOWN-MANUFACTURER/IEF00163.png","UNKNOWN-MANUFACTURER",61394,"png"
"IEF00166",true,1,"https://cdn.yellosolarhub.com/products/UNKNOWN-MANUFACTURER/IEF00166.png","https://cdn.yellosolarhub.com/products/UNKNOWN-MANUFACTURER/IEF00166.png","UNKNOWN-MANUFACTURER",42773,"png"
"IEF00168",true,1,"https://cdn.yellosolarhub.com/products/UNKNOWN-MANUFACTURER/IEF00168.png","https://cdn.yellosolarhub.com/products/UNKNOWN-MANUFACTURER/IEF00168.png","UNKNOWN-MANUFACTURER",90228,"png"
"IEF00173",true,1,"https://cdn.yellosolarhub.com/products/UNKNOWN-MANUFACTURER/IEF00173.png","https://cdn.yellosolarhub.com/products/UNKNOWN-MANUFACTURER/IEF00173.png","UNKNOWN-MANUFACTURER",96284,"png"
"IEF00203",true,1,"https://cdn.yellosolarhub.com/products/UNKNOWN-MANUFACTURER/IEF00203.png","https://cdn.yellosolarhub.com/products/UNKNOWN-MANUFACTURER/IEF00203.png","UNKNOWN-MANUFACTURER",89344,"png"
"IIN00021",true,1,"https://cdn.yellosolarhub.com/products/FORTLEV/IIN00021.png","https://cdn.yellosolarhub.com/products/FORTLEV/IIN00021.png","FORTLEV",294505,"png"
"IIN00033",true,1,"https://cdn.yellosolarhub.com/products/FORTLEV/IIN00033.png","https://cdn.yellosolarhub.com/products/FORTLEV/IIN00033.png","FORTLEV",268458,"png"
"IIN00034",true,1,"https://cdn.yellosolarhub.com/products/FORTLEV/IIN00034.png","https://cdn.yellosolarhub.com/products/FORTLEV/IIN00034.png","FORTLEV",268136,"png"
"IIN00040",true,1,"https://cdn.yellosolarhub.com/products/FORTLEV/IIN00040.png","https://cdn.yellosolarhub.com/products/FORTLEV/IIN00040.png","FORTLEV",38494,"png"
"IIN00071",true,1,"https://cdn.yellosolarhub.com/products/FORTLEV/IIN00071.png","https://cdn.yellosolarhub.com/products/FORTLEV/IIN00071.png","FORTLEV",36744,"png"
"IIN00079",true,1,"https://cdn.yellosolarhub.com/products/FORTLEV/IIN00079.png","https://cdn.yellosolarhub.com/products/FORTLEV/IIN00079.png","FORTLEV",224757,"png"
"IIN00081",true,1,"https://cdn.yellosolarhub.com/products/FORTLEV/IIN00081.png","https://cdn.yellosolarhub.com/products/FORTLEV/IIN00081.png","FORTLEV",150789,"png"
"IIN00082",true,1,"https://cdn.yellosolarhub.com/products/FORTLEV/IIN00082.png","https://cdn.yellosolarhub.com/products/FORTLEV/IIN00082.png","FORTLEV",203198,"png"
"IIN00083",true,1,"https://cdn.yellosolarhub.com/products/FORTLEV/IIN00083.png","https://cdn.yellosolarhub.com/products/FORTLEV/IIN00083.png","FORTLEV",225237,"png"
"IIN00110",true,1,"https://cdn.yellosolarhub.com/products/FORTLEV/IIN00110.png","https://cdn.yellosolarhub.com/products/FORTLEV/IIN00110.png","FORTLEV",211103,"png"
"IIN00126",true,1,"https://cdn.yellosolarhub.com/products/FORTLEV/IIN00126.png","https://cdn.yellosolarhub.com/products/FORTLEV/IIN00126.png","FORTLEV",125999,"png"
"IIN00144",true,1,"https://cdn.yellosolarhub.com/products/FORTLEV/IIN00144.png","https://cdn.yellosolarhub.com/products/FORTLEV/IIN00144.png","FORTLEV",91359,"png"
"IIN00148",true,1,"https://cdn.yellosolarhub.com/products/FORTLEV/IIN00148.png","https://cdn.yellosolarhub.com/products/FORTLEV/IIN00148.png","FORTLEV",124815,"png"
"IIN00158",true,1,"https://cdn.yellosolarhub.com/products/FORTLEV/IIN00158.png","https://cdn.yellosolarhub.com/products/FORTLEV/IIN00158.png","FORTLEV",130220,"png"
"IIN00162",true,1,"https://cdn.yellosolarhub.com/products/FORTLEV/IIN00162.png","https://cdn.yellosolarhub.com/products/FORTLEV/IIN00162.png","FORTLEV",27453,"png"
"IIN00168",true,1,"https://cdn.yellosolarhub.com/products/FORTLEV/IIN00168.png","https://cdn.yellosolarhub.com/products/FORTLEV/IIN00168.png","FORTLEV",29042,"png"
"IIN00169",true,1,"https://cdn.yellosolarhub.com/products/FORTLEV/IIN00169.png","https://cdn.yellosolarhub.com/products/FORTLEV/IIN00169.png","FORTLEV",117999,"png"
"IIN00170",true,1,"https://cdn.yellosolarhub.com/products/FORTLEV/IIN00170.png","https://cdn.yellosolarhub.com/products/FORTLEV/IIN00170.png","FORTLEV",72958,"png"
"IIN00174",true,1,"https://cdn.yellosolarhub.com/products/FORTLEV/IIN00174.png","https://cdn.yellosolarhub.com/products/FORTLEV/IIN00174.png","FORTLEV",29042,"png"
"IIN00180",true,1,"https://cdn.yellosolarhub.com/products/FORTLEV/IIN00180.png","https://cdn.yellosolarhub.com/products/FORTLEV/IIN00180.png","FORTLEV",112328,"png"
"IIN00182",true,1,"https://cdn.yellosolarhub.com/products/FORTLEV/IIN00182.png","https://cdn.yellosolarhub.com/products/FORTLEV/IIN00182.png","FORTLEV",36257,"png"
"IIN00184",true,1,"https://cdn.yellosolarhub.com/products/FORTLEV/IIN00184.png","https://cdn.yellosolarhub.com/products/FORTLEV/IIN00184.png","FORTLEV",91294,"png"
"IIN00185",true,1,"https://cdn.yellosolarhub.com/products/FORTLEV/IIN00185.png","https://cdn.yellosolarhub.com/products/FORTLEV/IIN00185.png","FORTLEV",105868,"png"
"IIN00188",true,1,"https://cdn.yellosolarhub.com/products/FORTLEV/IIN00188.png","https://cdn.yellosolarhub.com/products/FORTLEV/IIN00188.png","FORTLEV",91391,"png"
"IIN00189",true,1,"https://cdn.yellosolarhub.com/products/FORTLEV/IIN00189.png","https://cdn.yellosolarhub.com/products/FORTLEV/IIN00189.png","FORTLEV",96571,"png"
"IIN00190",true,1,"https://cdn.yellosolarhub.com/products/FORTLEV/IIN00190.png","https://cdn.yellosolarhub.com/products/FORTLEV/IIN00190.png","FORTLEV",96652,"png"
"IIN00193",true,1,"https://cdn.yellosolarhub.com/products/FORTLEV/IIN00193.png","https://cdn.yellosolarhub.com/products/FORTLEV/IIN00193.png","FORTLEV",174992,"png"
"IIN00194",true,1,"https://cdn.yellosolarhub.com/products/FORTLEV/IIN00194.png","https://cdn.yellosolarhub.com/products/FORTLEV/IIN00194.png","FORTLEV",112229,"png"
"IIN00195",true,1,"https://cdn.yellosolarhub.com/products/FORTLEV/IIN00195.png","https://cdn.yellosolarhub.com/products/FORTLEV/IIN00195.png","FORTLEV",284769,"png"
"IIN00196",true,1,"https://cdn.yellosolarhub.com/products/FORTLEV/IIN00196.png","https://cdn.yellosolarhub.com/products/FORTLEV/IIN00196.png","FORTLEV",138164,"png"
"IIN00210",true,1,"https://cdn.yellosolarhub.com/products/FORTLEV/IIN00210.png","https://cdn.yellosolarhub.com/products/FORTLEV/IIN00210.png","FORTLEV",137753,"png"
"IIN00211",true,1,"https://cdn.yellosolarhub.com/products/FORTLEV/IIN00211.png","https://cdn.yellosolarhub.com/products/FORTLEV/IIN00211.png","FORTLEV",138005,"png"
"IIN00212",true,1,"https://cdn.yellosolarhub.com/products/FORTLEV/IIN00212.png","https://cdn.yellosolarhub.com/products/FORTLEV/IIN00212.png","FORTLEV",104989,"png"
"IIN00214",true,1,"https://cdn.yellosolarhub.com/products/FORTLEV/IIN00214.png","https://cdn.yellosolarhub.com/products/FORTLEV/IIN00214.png","FORTLEV",38329,"png"
"IIN00215",true,1,"https://cdn.yellosolarhub.com/products/FORTLEV/IIN00215.png","https://cdn.yellosolarhub.com/products/FORTLEV/IIN00215.png","FORTLEV",79588,"png"
"IIN00216",true,1,"https://cdn.yellosolarhub.com/products/FORTLEV/IIN00216.png","https://cdn.yellosolarhub.com/products/FORTLEV/IIN00216.png","FORTLEV",65840,"png"
"IIN00217",true,1,"https://cdn.yellosolarhub.com/products/FORTLEV/IIN00217.png","https://cdn.yellosolarhub.com/products/FORTLEV/IIN00217.png","FORTLEV",85183,"png"
"IIN00218",true,1,"https://cdn.yellosolarhub.com/products/FORTLEV/IIN00218.png","https://cdn.yellosolarhub.com/products/FORTLEV/IIN00218.png","FORTLEV",85154,"png"
"IIN00221",true,1,"https://cdn.yellosolarhub.com/products/FORTLEV/IIN00221.png","https://cdn.yellosolarhub.com/products/FORTLEV/IIN00221.png","FORTLEV",107688,"png"
"IIN00224",true,1,"https://cdn.yellosolarhub.com/products/FORTLEV/IIN00224.png","https://cdn.yellosolarhub.com/products/FORTLEV/IIN00224.png","FORTLEV",29758,"png"
"IIN00225",true,1,"https://cdn.yellosolarhub.com/products/FORTLEV/IIN00225.png","https://cdn.yellosolarhub.com/products/FORTLEV/IIN00225.png","FORTLEV",46436,"png"
"IIN00230",true,1,"https://cdn.yellosolarhub.com/products/FORTLEV/IIN00230.png","https://cdn.yellosolarhub.com/products/FORTLEV/IIN00230.png","FORTLEV",91238,"png"
"IIN00231",true,1,"https://cdn.yellosolarhub.com/products/FORTLEV/IIN00231.png","https://cdn.yellosolarhub.com/products/FORTLEV/IIN00231.png","FORTLEV",91328,"png"
"IIN00232GROWATTMAX75KTL3XL2220V8MPPT",true,1,"https://cdn.yellosolarhub.com/products/GROWATT/IIN00232-GROWATT-MAX-75KTL3-XL2-220V-8MPPT.png","https://cdn.yellosolarhub.com/products/GROWATT/IIN00232-GROWATT-MAX-75KTL3-XL2-220V-8MPPT.png","GROWATT",72722,"png"
"IIN00235",true,1,"https://cdn.yellosolarhub.com/products/FORTLEV/IIN00235.png","https://cdn.yellosolarhub.com/products/FORTLEV/IIN00235.png","FORTLEV",118849,"png"
"IIN00236",true,1,"https://cdn.yellosolarhub.com/products/FORTLEV/IIN00236.png","https://cdn.yellosolarhub.com/products/FORTLEV/IIN00236.png","FORTLEV",118561,"png"
"IIN00237",true,1,"https://cdn.yellosolarhub.com/products/FORTLEV/IIN00237.png","https://cdn.yellosolarhub.com/products/FORTLEV/IIN00237.png","FORTLEV",87105,"png"
"IIN00238",true,1,"https://cdn.yellosolarhub.com/products/FORTLEV/IIN00238.png","https://cdn.yellosolarhub.com/products/FORTLEV/IIN00238.png","FORTLEV",87169,"png"
"IIN00239",true,1,"https://cdn.yellosolarhub.com/products/FORTLEV/IIN00239.png","https://cdn.yellosolarhub.com/products/FORTLEV/IIN00239.png","FORTLEV",86963,"png"
"IIN00241",true,1,"https://cdn.yellosolarhub.com/products/FORTLEV/IIN00241.png","https://cdn.yellosolarhub.com/products/FORTLEV/IIN00241.png","FORTLEV",79148,"png"
"IIN00242",true,1,"https://cdn.yellosolarhub.com/products/FORTLEV/IIN00242.png","https://cdn.yellosolarhub.com/products/FORTLEV/IIN00242.png","FORTLEV",74501,"png"
"IIN00250",true,1,"https://cdn.yellosolarhub.com/products/FORTLEV/IIN00250.png","https://cdn.yellosolarhub.com/products/FORTLEV/IIN00250.png","FORTLEV",79071,"png"
"IIN00251",true,1,"https://cdn.yellosolarhub.com/products/FORTLEV/IIN00251.png","https://cdn.yellosolarhub.com/products/FORTLEV/IIN00251.png","FORTLEV",78961,"png"
"IIN00256",true,1,"https://cdn.yellosolarhub.com/products/FORTLEV/IIN00256.png","https://cdn.yellosolarhub.com/products/FORTLEV/IIN00256.png","FORTLEV",77956,"png"
"IIN00257",true,1,"https://cdn.yellosolarhub.com/products/FORTLEV/IIN00257.png","https://cdn.yellosolarhub.com/products/FORTLEV/IIN00257.png","FORTLEV",78027,"png"
"IIN00258",true,1,"https://cdn.yellosolarhub.com/products/FORTLEV/IIN00258.png","https://cdn.yellosolarhub.com/products/FORTLEV/IIN00258.png","FORTLEV",77942,"png"
"IIN00259",true,1,"https://cdn.yellosolarhub.com/products/FORTLEV/IIN00259.png","https://cdn.yellosolarhub.com/products/FORTLEV/IIN00259.png","FORTLEV",85275,"png"
"IIN00260",true,1,"https://cdn.yellosolarhub.com/products/FORTLEV/IIN00260.png","https://cdn.yellosolarhub.com/products/FORTLEV/IIN00260.png","FORTLEV",85291,"png"
"IIN00261",true,1,"https://cdn.yellosolarhub.com/products/FORTLEV/IIN00261.png","https://cdn.yellosolarhub.com/products/FORTLEV/IIN00261.png","FORTLEV",52934,"png"
"IIN00262",true,1,"https://cdn.yellosolarhub.com/products/FORTLEV/IIN00262.png","https://cdn.yellosolarhub.com/products/FORTLEV/IIN00262.png","FORTLEV",52993,"png"
"IIN00263",true,1,"https://cdn.yellosolarhub.com/products/FORTLEV/IIN00263.png","https://cdn.yellosolarhub.com/products/FORTLEV/IIN00263.png","FORTLEV",52842,"png"
"IIN00264",true,1,"https://cdn.yellosolarhub.com/products/FORTLEV/IIN00264.png","https://cdn.yellosolarhub.com/products/FORTLEV/IIN00264.png","FORTLEV",52944,"png"
"IIN00265",true,1,"https://cdn.yellosolarhub.com/products/FORTLEV/IIN00265.png","https://cdn.yellosolarhub.com/products/FORTLEV/IIN00265.png","FORTLEV",52686,"png"
"IIN00271",true,1,"https://cdn.yellosolarhub.com/products/FORTLEV/IIN00271.png","https://cdn.yellosolarhub.com/products/FORTLEV/IIN00271.png","FORTLEV",59584,"png"
"IIN0028220NEP20RAPID20SHUTDOWN2020A20MC4V2",true,1,"https://cdn.yellosolarhub.com/products/FORTLEV/IIN00282%20NEP%20RAPID%20SHUTDOWN%2020A%20(MC4)_v2.png","https://cdn.yellosolarhub.com/products/FORTLEV/IIN00282%20NEP%20RAPID%20SHUTDOWN%2020A%20(MC4)_v2.png","FORTLEV",50274,"png"
"IIN00288",true,1,"https://cdn.yellosolarhub.com/products/FORTLEV/IIN00288.png","https://cdn.yellosolarhub.com/products/FORTLEV/IIN00288.png","FORTLEV",50936,"png"
"IIN00289",true,1,"https://cdn.yellosolarhub.com/products/FORTLEV/IIN00289.png","https://cdn.yellosolarhub.com/products/FORTLEV/IIN00289.png","FORTLEV",55406,"png"
"IIN00290",true,1,"https://cdn.yellosolarhub.com/products/FORTLEV/IIN00290.png","https://cdn.yellosolarhub.com/products/FORTLEV/IIN00290.png","FORTLEV",57626,"png"
"IIN00291",true,1,"https://cdn.yellosolarhub.com/products/FORTLEV/IIN00291.png","https://cdn.yellosolarhub.com/products/FORTLEV/IIN00291.png","FORTLEV",55570,"png"
"IIN00292",true,1,"https://cdn.yellosolarhub.com/products/FORTLEV/IIN00292.png","https://cdn.yellosolarhub.com/products/FORTLEV/IIN00292.png","FORTLEV",70684,"png"
"IIN00296",true,1,"https://cdn.yellosolarhub.com/products/FORTLEV/IIN00296.png","https://cdn.yellosolarhub.com/products/FORTLEV/IIN00296.png","FORTLEV",57487,"png"
"IIN00301V2",true,1,"https://cdn.yellosolarhub.com/products/FORTLEV/IIN00301_v2.png","https://cdn.yellosolarhub.com/products/FORTLEV/IIN00301_v2.png","FORTLEV",59142,"png"
"IIN00302",true,1,"https://cdn.yellosolarhub.com/products/FORTLEV/IIN00302.png","https://cdn.yellosolarhub.com/products/FORTLEV/IIN00302.png","FORTLEV",59171,"png"
"IIN00303",true,1,"https://cdn.yellosolarhub.com/products/FORTLEV/IIN00303.png","https://cdn.yellosolarhub.com/products/FORTLEV/IIN00303.png","FORTLEV",59204,"png"
"IIN00304",true,1,"https://cdn.yellosolarhub.com/products/FORTLEV/IIN00304.png","https://cdn.yellosolarhub.com/products/FORTLEV/IIN00304.png","FORTLEV",59338,"png"
"IIN00305",true,1,"https://cdn.yellosolarhub.com/products/FORTLEV/IIN00305.png","https://cdn.yellosolarhub.com/products/FORTLEV/IIN00305.png","FORTLEV",51204,"png"
"IIN00307",true,1,"https://cdn.yellosolarhub.com/products/FORTLEV/IIN00307.png","https://cdn.yellosolarhub.com/products/FORTLEV/IIN00307.png","FORTLEV",64308,"png"
"IIN00308",true,1,"https://cdn.yellosolarhub.com/products/FORTLEV/IIN00308.png","https://cdn.yellosolarhub.com/products/FORTLEV/IIN00308.png","FORTLEV",64343,"png"
"IIN00309",true,1,"https://cdn.yellosolarhub.com/products/FORTLEV/IIN00309.png","https://cdn.yellosolarhub.com/products/FORTLEV/IIN00309.png","FORTLEV",42304,"png"
"IIN00310",true,1,"https://cdn.yellosolarhub.com/products/FORTLEV/IIN00310.png","https://cdn.yellosolarhub.com/products/FORTLEV/IIN00310.png","FORTLEV",47017,"png"
"IIN00311",true,1,"https://cdn.yellosolarhub.com/products/FORTLEV/IIN00311.png","https://cdn.yellosolarhub.com/products/FORTLEV/IIN00311.png","FORTLEV",57269,"png"
"IIN00312",true,1,"https://cdn.yellosolarhub.com/products/FORTLEV/IIN00312.png","https://cdn.yellosolarhub.com/products/FORTLEV/IIN00312.png","FORTLEV",57387,"png"
"IIN00313",true,1,"https://cdn.yellosolarhub.com/products/FORTLEV/IIN00313.png","https://cdn.yellosolarhub.com/products/FORTLEV/IIN00313.png","FORTLEV",64160,"png"
"IIN00316HUAWEISUN2000100KTLM2380V10MPPT",true,1,"https://cdn.yellosolarhub.com/products/HUAWEI/IIN00316-HUAWEI-SUN2000-100KTL-M2-380V-10MPPT.png","https://cdn.yellosolarhub.com/products/HUAWEI/IIN00316-HUAWEI-SUN2000-100KTL-M2-380V-10MPPT.png","HUAWEI",45676,"png"
"IIN00318",true,1,"https://cdn.yellosolarhub.com/products/FORTLEV/IIN00318.png","https://cdn.yellosolarhub.com/products/FORTLEV/IIN00318.png","FORTLEV",50849,"png"
"IIN00319",true,1,"https://cdn.yellosolarhub.com/products/FORTLEV/IIN00319.png","https://cdn.yellosolarhub.com/products/FORTLEV/IIN00319.png","FORTLEV",71000,"png"
"IIN00325",true,1,"https://cdn.yellosolarhub.com/products/FORTLEV/IIN00325.png","https://cdn.yellosolarhub.com/products/FORTLEV/IIN00325.png","FORTLEV",24773,"png"
"IIN00326",true,1,"https://cdn.yellosolarhub.com/products/FORTLEV/IIN00326.png","https://cdn.yellosolarhub.com/products/FORTLEV/IIN00326.png","FORTLEV",24989,"png"
"IIN00335",true,1,"https://cdn.yellosolarhub.com/products/FORTLEV/IIN00335.png","https://cdn.yellosolarhub.com/products/FORTLEV/IIN00335.png","FORTLEV",47917,"png"
"IIN00336",true,1,"https://cdn.yellosolarhub.com/products/FORTLEV/IIN00336.png","https://cdn.yellosolarhub.com/products/FORTLEV/IIN00336.png","FORTLEV",48136,"png"
"IIN00337",true,1,"https://cdn.yellosolarhub.com/products/FORTLEV/IIN00337.png","https://cdn.yellosolarhub.com/products/FORTLEV/IIN00337.png","FORTLEV",47946,"png"
"IIN00338",true,1,"https://cdn.yellosolarhub.com/products/FORTLEV/IIN00338.png","https://cdn.yellosolarhub.com/products/FORTLEV/IIN00338.png","FORTLEV",57230,"png"
"IIN00339",true,1,"https://cdn.yellosolarhub.com/products/FORTLEV/IIN00339.png","https://cdn.yellosolarhub.com/products/FORTLEV/IIN00339.png","FORTLEV",57440,"png"
"IIN00340",true,1,"https://cdn.yellosolarhub.com/products/FORTLEV/IIN00340.png","https://cdn.yellosolarhub.com/products/FORTLEV/IIN00340.png","FORTLEV",49502,"png"
"IIN00341",true,1,"https://cdn.yellosolarhub.com/products/FORTLEV/IIN00341.png","https://cdn.yellosolarhub.com/products/FORTLEV/IIN00341.png","FORTLEV",49759,"png"
"IIN00342201",true,1,"https://cdn.yellosolarhub.com/products/FORTLEV/IIN00342%20(1).png","https://cdn.yellosolarhub.com/products/FORTLEV/IIN00342%20(1).png","FORTLEV",52186,"png"
"IIN00343",true,1,"https://cdn.yellosolarhub.com/products/FORTLEV/IIN00343.png","https://cdn.yellosolarhub.com/products/FORTLEV/IIN00343.png","FORTLEV",46100,"png"
"IIN00344",true,1,"https://cdn.yellosolarhub.com/products/FORTLEV/IIN00344.png","https://cdn.yellosolarhub.com/products/FORTLEV/IIN00344.png","FORTLEV",47950,"png"
"IIN00345",true,1,"https://cdn.yellosolarhub.com/products/FORTLEV/IIN00345.png","https://cdn.yellosolarhub.com/products/FORTLEV/IIN00345.png","FORTLEV",48001,"png"
"IIN00347",true,1,"https://cdn.yellosolarhub.com/products/FORTLEV/IIN00347.png","https://cdn.yellosolarhub.com/products/FORTLEV/IIN00347.png","FORTLEV",52696,"png"
"IIN00348",true,1,"https://cdn.yellosolarhub.com/products/FORTLEV/IIN00348.png","https://cdn.yellosolarhub.com/products/FORTLEV/IIN00348.png","FORTLEV",107869,"png"
"IIN00349",true,1,"https://cdn.yellosolarhub.com/products/FORTLEV/IIN00349.png","https://cdn.yellosolarhub.com/products/FORTLEV/IIN00349.png","FORTLEV",45933,"png"
"IIN00350",true,1,"https://cdn.yellosolarhub.com/products/FORTLEV/IIN00350.png","https://cdn.yellosolarhub.com/products/FORTLEV/IIN00350.png","FORTLEV",49365,"png"
"IIN00352",true,1,"https://cdn.yellosolarhub.com/products/FORTLEV/IIN00352.png","https://cdn.yellosolarhub.com/products/FORTLEV/IIN00352.png","FORTLEV",66235,"png"
"IIN00357",true,1,"https://cdn.yellosolarhub.com/products/FORTLEV/IIN00357.png","https://cdn.yellosolarhub.com/products/FORTLEV/IIN00357.png","FORTLEV",54880,"png"
"IIN00358",true,1,"https://cdn.yellosolarhub.com/products/FORTLEV/IIN00358.png","https://cdn.yellosolarhub.com/products/FORTLEV/IIN00358.png","FORTLEV",54906,"png"
"IIN00364",true,1,"https://cdn.yellosolarhub.com/products/FORTLEV/IIN00364.png","https://cdn.yellosolarhub.com/products/FORTLEV/IIN00364.png","FORTLEV",46565,"png"
"IIN00365",true,1,"https://cdn.yellosolarhub.com/products/FORTLEV/IIN00365.png","https://cdn.yellosolarhub.com/products/FORTLEV/IIN00365.png","FORTLEV",46487,"png"
"IIN00366",true,1,"https://cdn.yellosolarhub.com/products/FORTLEV/IIN00366.png","https://cdn.yellosolarhub.com/products/FORTLEV/IIN00366.png","FORTLEV",46605,"png"
"IIN00367",true,1,"https://cdn.yellosolarhub.com/products/FORTLEV/IIN00367.png","https://cdn.yellosolarhub.com/products/FORTLEV/IIN00367.png","FORTLEV",41865,"png"
"IIN00368",true,1,"https://cdn.yellosolarhub.com/products/FORTLEV/IIN00368.png","https://cdn.yellosolarhub.com/products/FORTLEV/IIN00368.png","FORTLEV",41925,"png"
"IIN00369",true,1,"https://cdn.yellosolarhub.com/products/FORTLEV/IIN00369.png","https://cdn.yellosolarhub.com/products/FORTLEV/IIN00369.png","FORTLEV",128191,"png"
"IIN00370",true,1,"https://cdn.yellosolarhub.com/products/FORTLEV/IIN00370.png","https://cdn.yellosolarhub.com/products/FORTLEV/IIN00370.png","FORTLEV",41921,"png"
"IIN00371",true,1,"https://cdn.yellosolarhub.com/products/FORTLEV/IIN00371.png","https://cdn.yellosolarhub.com/products/FORTLEV/IIN00371.png","FORTLEV",111830,"png"
"IIN00376V2",true,1,"https://cdn.yellosolarhub.com/products/FORTLEV/IIN00376_v2.png","https://cdn.yellosolarhub.com/products/FORTLEV/IIN00376_v2.png","FORTLEV",34701,"png"
"IIN00377",true,1,"https://cdn.yellosolarhub.com/products/FORTLEV/IIN00377.png","https://cdn.yellosolarhub.com/products/FORTLEV/IIN00377.png","FORTLEV",37409,"png"
"IIN00378",true,1,"https://cdn.yellosolarhub.com/products/FORTLEV/IIN00378.png","https://cdn.yellosolarhub.com/products/FORTLEV/IIN00378.png","FORTLEV",40507,"png"
"IIN00379",true,1,"https://cdn.yellosolarhub.com/products/FORTLEV/IIN00379.png","https://cdn.yellosolarhub.com/products/FORTLEV/IIN00379.png","FORTLEV",37334,"png"
"IIN00380",true,1,"https://cdn.yellosolarhub.com/products/FORTLEV/IIN00380.png","https://cdn.yellosolarhub.com/products/FORTLEV/IIN00380.png","FORTLEV",40824,"png"
"IIN00381",true,1,"https://cdn.yellosolarhub.com/products/FORTLEV/IIN00381.png","https://cdn.yellosolarhub.com/products/FORTLEV/IIN00381.png","FORTLEV",40650,"png"
"IIN00382",true,1,"https://cdn.yellosolarhub.com/products/FORTLEV/IIN00382.png","https://cdn.yellosolarhub.com/products/FORTLEV/IIN00382.png","FORTLEV",40443,"png"
"IIN00383",true,1,"https://cdn.yellosolarhub.com/products/FORTLEV/IIN00383.png","https://cdn.yellosolarhub.com/products/FORTLEV/IIN00383.png","FORTLEV",40762,"png"
"IIN00384",true,1,"https://cdn.yellosolarhub.com/products/FORTLEV/IIN00384.png","https://cdn.yellosolarhub.com/products/FORTLEV/IIN00384.png","FORTLEV",44751,"png"
"IIN00386",true,1,"https://cdn.yellosolarhub.com/products/FORTLEV/IIN00386.png","https://cdn.yellosolarhub.com/products/FORTLEV/IIN00386.png","FORTLEV",46767,"png"
"ILS00003",true,1,"https://cdn.yellosolarhub.com/products/UNKNOWN-MANUFACTURER/ILS00003.png","https://cdn.yellosolarhub.com/products/UNKNOWN-MANUFACTURER/ILS00003.png","UNKNOWN-MANUFACTURER",37258,"png"
"ILS00004",true,1,"https://cdn.yellosolarhub.com/products/UNKNOWN-MANUFACTURER/ILS00004.png","https://cdn.yellosolarhub.com/products/UNKNOWN-MANUFACTURER/ILS00004.png","UNKNOWN-MANUFACTURER",55900,"png"
"ILS00008",true,1,"https://cdn.yellosolarhub.com/products/UNKNOWN-MANUFACTURER/ILS00008.png","https://cdn.yellosolarhub.com/products/UNKNOWN-MANUFACTURER/ILS00008.png","UNKNOWN-MANUFACTURER",13026,"png"
"ILS00009",true,1,"https://cdn.yellosolarhub.com/products/UNKNOWN-MANUFACTURER/ILS00009.png","https://cdn.yellosolarhub.com/products/UNKNOWN-MANUFACTURER/ILS00009.png","UNKNOWN-MANUFACTURER",83621,"png"
"ILS00010",true,1,"https://cdn.yellosolarhub.com/products/UNKNOWN-MANUFACTURER/ILS00010.png","https://cdn.yellosolarhub.com/products/UNKNOWN-MANUFACTURER/ILS00010.png","UNKNOWN-MANUFACTURER",111680,"png"
"ILS00012",true,1,"https://cdn.yellosolarhub.com/products/UNKNOWN-MANUFACTURER/ILS00012.png","https://cdn.yellosolarhub.com/products/UNKNOWN-MANUFACTURER/ILS00012.png","UNKNOWN-MANUFACTURER",28333,"png"
"ILS00019",true,1,"https://cdn.yellosolarhub.com/products/UNKNOWN-MANUFACTURER/ILS00019.png","https://cdn.yellosolarhub.com/products/UNKNOWN-MANUFACTURER/ILS00019.png","UNKNOWN-MANUFACTURER",68654,"png"
"IMAGE",true,8,"https://cdn.yellosolarhub.com/products/acessorios/image.png","https://cdn.yellosolarhub.com/products/acessorios/image.png|https://cdn.yellosolarhub.com/products/cabos/image.png|https://cdn.yellosolarhub.com/products/cabos/image.webp|https://cdn.yellosolarhub.com/products/inversores/image.jpeg|https://cdn.yellosolarhub.com/products/inversores/image.jpg|https://cdn.yellosolarhub.com/products/inversores/image.png|https://cdn.yellosolarhub.com/products/inversores/image.webp|https://cdn.yellosolarhub.com/products/paineis/image.png","acessorios|cabos|inversores|paineis",783728,"png|webp|jpeg|jpg"
"IMAGEM",true,1,"https://cdn.yellosolarhub.com/products/GENERIC-COMPONENTS/imagem.png","https://cdn.yellosolarhub.com/products/GENERIC-COMPONENTS/imagem.png","GENERIC-COMPONENTS",394286,"png"
"IMAGEPRODUCT000607",true,1,"https://cdn.yellosolarhub.com/products/baterias/IMAGE_PRODUCT_000607.jpg","https://cdn.yellosolarhub.com/products/baterias/IMAGE_PRODUCT_000607.jpg","baterias",34166,"jpg"
"IMAGEPRODUCT000612",true,1,"https://cdn.yellosolarhub.com/products/baterias/IMAGE_PRODUCT_000612.jpg","https://cdn.yellosolarhub.com/products/baterias/IMAGE_PRODUCT_000612.jpg","baterias",51309,"jpg"
"IMAGEPRODUCT052113",true,1,"https://cdn.yellosolarhub.com/products/cabos/IMAGE_PRODUCT_052113.png","https://cdn.yellosolarhub.com/products/cabos/IMAGE_PRODUCT_052113.png","cabos",78860,"png"
"IMAGEPRODUCT052115",true,1,"https://cdn.yellosolarhub.com/products/cabos/IMAGE_PRODUCT_052115.jpg","https://cdn.yellosolarhub.com/products/cabos/IMAGE_PRODUCT_052115.jpg","cabos",7930,"jpg"
"IMAGEPRODUCT052117",true,1,"https://cdn.yellosolarhub.com/products/cabos/IMAGE_PRODUCT_052117.jpg","https://cdn.yellosolarhub.com/products/cabos/IMAGE_PRODUCT_052117.jpg","cabos",7930,"jpg"
"IMAGEPRODUCT052118",true,1,"https://cdn.yellosolarhub.com/products/cabos/IMAGE_PRODUCT_052118.png","https://cdn.yellosolarhub.com/products/cabos/IMAGE_PRODUCT_052118.png","cabos",55345,"png"
"IMAGEPRODUCT052119",true,1,"https://cdn.yellosolarhub.com/products/cabos/IMAGE_PRODUCT_052119.jpg","https://cdn.yellosolarhub.com/products/cabos/IMAGE_PRODUCT_052119.jpg","cabos",7930,"jpg"
"IMAGEPRODUCT052121",true,1,"https://cdn.yellosolarhub.com/products/cabos/IMAGE_PRODUCT_052121.jpg","https://cdn.yellosolarhub.com/products/cabos/IMAGE_PRODUCT_052121.jpg","cabos",7930,"jpg"
"IMAGEPRODUCT052122",true,1,"https://cdn.yellosolarhub.com/products/cabos/IMAGE_PRODUCT_052122.png","https://cdn.yellosolarhub.com/products/cabos/IMAGE_PRODUCT_052122.png","cabos",55345,"png"
"IMAGEPRODUCT052123",true,1,"https://cdn.yellosolarhub.com/products/cabos/IMAGE_PRODUCT_052123.jpg","https://cdn.yellosolarhub.com/products/cabos/IMAGE_PRODUCT_052123.jpg","cabos",7930,"jpg"
"IMAGEPRODUCT052124",true,1,"https://cdn.yellosolarhub.com/products/cabos/IMAGE_PRODUCT_052124.png","https://cdn.yellosolarhub.com/products/cabos/IMAGE_PRODUCT_052124.png","cabos",55345,"png"
"IMAGEPRODUCT052125",true,1,"https://cdn.yellosolarhub.com/products/cabos/IMAGE_PRODUCT_052125.jpg","https://cdn.yellosolarhub.com/products/cabos/IMAGE_PRODUCT_052125.jpg","cabos",7930,"jpg"
"IMAGEPRODUCT052126",true,1,"https://cdn.yellosolarhub.com/products/cabos/IMAGE_PRODUCT_052126.png","https://cdn.yellosolarhub.com/products/cabos/IMAGE_PRODUCT_052126.png","cabos",55345,"png"
"IMAGEPRODUCT052127",true,1,"https://cdn.yellosolarhub.com/products/cabos/IMAGE_PRODUCT_052127.png","https://cdn.yellosolarhub.com/products/cabos/IMAGE_PRODUCT_052127.png","cabos",63328,"png"
"IMAGEPRODUCT052128",true,1,"https://cdn.yellosolarhub.com/products/cabos/IMAGE_PRODUCT_052128.png","https://cdn.yellosolarhub.com/products/cabos/IMAGE_PRODUCT_052128.png","cabos",63328,"png"
"IMAGEPRODUCT052129",true,1,"https://cdn.yellosolarhub.com/products/cabos/IMAGE_PRODUCT_052129.png","https://cdn.yellosolarhub.com/products/cabos/IMAGE_PRODUCT_052129.png","cabos",75150,"png"
"IMAGEPRODUCT052130",true,1,"https://cdn.yellosolarhub.com/products/cabos/IMAGE_PRODUCT_052130.png","https://cdn.yellosolarhub.com/products/cabos/IMAGE_PRODUCT_052130.png","cabos",78860,"png"
"IMAGEPRODUCT400187",true,1,"https://cdn.yellosolarhub.com/products/estruturas/IMAGE_PRODUCT_400187.png","https://cdn.yellosolarhub.com/products/estruturas/IMAGE_PRODUCT_400187.png","estruturas",318321,"png"
"IMAGEPRODUCT400188",true,1,"https://cdn.yellosolarhub.com/products/estruturas/IMAGE_PRODUCT_400188.png","https://cdn.yellosolarhub.com/products/estruturas/IMAGE_PRODUCT_400188.png","estruturas",62673,"png"
"IMAGEPRODUCT400190",true,1,"https://cdn.yellosolarhub.com/products/estruturas/IMAGE_PRODUCT_400190.png","https://cdn.yellosolarhub.com/products/estruturas/IMAGE_PRODUCT_400190.png","estruturas",183618,"png"
"IMAGEPRODUCT401949",true,1,"https://cdn.yellosolarhub.com/products/estruturas/IMAGE_PRODUCT_401949.png","https://cdn.yellosolarhub.com/products/estruturas/IMAGE_PRODUCT_401949.png","estruturas",183618,"png"
"IMAGEPRODUCT450083",true,1,"https://cdn.yellosolarhub.com/products/acessorios/IMAGE_PRODUCT_450083.png","https://cdn.yellosolarhub.com/products/acessorios/IMAGE_PRODUCT_450083.png","acessorios",80478,"png"
"IMAGEPRODUCT450094",true,1,"https://cdn.yellosolarhub.com/products/acessorios/IMAGE_PRODUCT_450094.png","https://cdn.yellosolarhub.com/products/acessorios/IMAGE_PRODUCT_450094.png","acessorios",215063,"png"
"IMAGEPRODUCT450114",true,1,"https://cdn.yellosolarhub.com/products/acessorios/IMAGE_PRODUCT_450114.png","https://cdn.yellosolarhub.com/products/acessorios/IMAGE_PRODUCT_450114.png","acessorios",74909,"png"
"IMAGEPRODUCT450118",true,1,"https://cdn.yellosolarhub.com/products/acessorios/IMAGE_PRODUCT_450118.jpg","https://cdn.yellosolarhub.com/products/acessorios/IMAGE_PRODUCT_450118.jpg","acessorios",247989,"jpg"
"IMAGEPRODUCT450123",true,1,"https://cdn.yellosolarhub.com/products/acessorios/IMAGE_PRODUCT_450123.png","https://cdn.yellosolarhub.com/products/acessorios/IMAGE_PRODUCT_450123.png","acessorios",172814,"png"
"IMAGEPRODUCT559375",true,1,"https://cdn.yellosolarhub.com/products/paineis/IMAGE_PRODUCT_559375.jpeg","https://cdn.yellosolarhub.com/products/paineis/IMAGE_PRODUCT_559375.jpeg","paineis",177319,"jpeg"
"IMAGEPRODUCT559376",true,1,"https://cdn.yellosolarhub.com/products/paineis/IMAGE_PRODUCT_559376.jpeg","https://cdn.yellosolarhub.com/products/paineis/IMAGE_PRODUCT_559376.jpeg","paineis",177628,"jpeg"
"IMAGEPRODUCT559380",true,1,"https://cdn.yellosolarhub.com/products/paineis/IMAGE_PRODUCT_559380.jpeg","https://cdn.yellosolarhub.com/products/paineis/IMAGE_PRODUCT_559380.jpeg","paineis",177319,"jpeg"
"IMAGEPRODUCT559381",true,1,"https://cdn.yellosolarhub.com/products/paineis/IMAGE_PRODUCT_559381.png","https://cdn.yellosolarhub.com/products/paineis/IMAGE_PRODUCT_559381.png","paineis",130502,"png"
"IMAGEPRODUCT573429",true,1,"https://cdn.yellosolarhub.com/products/paineis/IMAGE_PRODUCT_573429.png","https://cdn.yellosolarhub.com/products/paineis/IMAGE_PRODUCT_573429.png","paineis",191153,"png"
"IMAGEPRODUCT600023",true,1,"https://cdn.yellosolarhub.com/products/inversores/IMAGE_PRODUCT_600023.png","https://cdn.yellosolarhub.com/products/inversores/IMAGE_PRODUCT_600023.png","inversores",109547,"png"
"IMAGEPRODUCT600066",true,1,"https://cdn.yellosolarhub.com/products/inversores/IMAGE_PRODUCT_600066.png","https://cdn.yellosolarhub.com/products/inversores/IMAGE_PRODUCT_600066.png","inversores",109547,"png"
"IMAGEPRODUCT600109",true,1,"https://cdn.yellosolarhub.com/products/inversores/IMAGE_PRODUCT_600109.png","https://cdn.yellosolarhub.com/products/inversores/IMAGE_PRODUCT_600109.png","inversores",174786,"png"
"IMAGEPRODUCT600126",true,1,"https://cdn.yellosolarhub.com/products/inversores/IMAGE_PRODUCT_600126.png","https://cdn.yellosolarhub.com/products/inversores/IMAGE_PRODUCT_600126.png","inversores",109547,"png"
"IMAGEPRODUCT600142",true,1,"https://cdn.yellosolarhub.com/products/inversores/IMAGE_PRODUCT_600142.png","https://cdn.yellosolarhub.com/products/inversores/IMAGE_PRODUCT_600142.png","inversores",109547,"png"
"IMAGEPRODUCT600149",true,1,"https://cdn.yellosolarhub.com/products/inversores/IMAGE_PRODUCT_600149.png","https://cdn.yellosolarhub.com/products/inversores/IMAGE_PRODUCT_600149.png","inversores",90797,"png"
"IMAGEPRODUCT600150",true,1,"https://cdn.yellosolarhub.com/products/inversores/IMAGE_PRODUCT_600150.png","https://cdn.yellosolarhub.com/products/inversores/IMAGE_PRODUCT_600150.png","inversores",90797,"png"
"IMAGEPRODUCT600243",true,1,"https://cdn.yellosolarhub.com/products/inversores/IMAGE_PRODUCT_600243.png","https://cdn.yellosolarhub.com/products/inversores/IMAGE_PRODUCT_600243.png","inversores",174786,"png"
"IMAGEPRODUCT600268",true,1,"https://cdn.yellosolarhub.com/products/inversores/IMAGE_PRODUCT_600268.png","https://cdn.yellosolarhub.com/products/inversores/IMAGE_PRODUCT_600268.png","inversores",174786,"png"
"IMAGEPRODUCT600275",true,1,"https://cdn.yellosolarhub.com/products/inversores/IMAGE_PRODUCT_600275.png","https://cdn.yellosolarhub.com/products/inversores/IMAGE_PRODUCT_600275.png","inversores",12442,"png"
"IMAGEPRODUCT600303",true,1,"https://cdn.yellosolarhub.com/products/inversores/IMAGE_PRODUCT_600303.png","https://cdn.yellosolarhub.com/products/inversores/IMAGE_PRODUCT_600303.png","inversores",73056,"png"
"IMAGEPRODUCT600304",true,1,"https://cdn.yellosolarhub.com/products/inversores/IMAGE_PRODUCT_600304.png","https://cdn.yellosolarhub.com/products/inversores/IMAGE_PRODUCT_600304.png","inversores",88176,"png"
"IMAGEPRODUCT600305",true,1,"https://cdn.yellosolarhub.com/products/inversores/IMAGE_PRODUCT_600305.png","https://cdn.yellosolarhub.com/products/inversores/IMAGE_PRODUCT_600305.png","inversores",88176,"png"
"IMAGEPRODUCT600307",true,1,"https://cdn.yellosolarhub.com/products/inversores/IMAGE_PRODUCT_600307.png","https://cdn.yellosolarhub.com/products/inversores/IMAGE_PRODUCT_600307.png","inversores",82794,"png"
"IMAGEPRODUCT600308",true,1,"https://cdn.yellosolarhub.com/products/inversores/IMAGE_PRODUCT_600308.png","https://cdn.yellosolarhub.com/products/inversores/IMAGE_PRODUCT_600308.png","inversores",82370,"png"
"IMAGEPRODUCT600311",true,1,"https://cdn.yellosolarhub.com/products/inversores/IMAGE_PRODUCT_600311.png","https://cdn.yellosolarhub.com/products/inversores/IMAGE_PRODUCT_600311.png","inversores",73056,"png"
"IMAGEPRODUCT600314",true,1,"https://cdn.yellosolarhub.com/products/inversores/IMAGE_PRODUCT_600314.png","https://cdn.yellosolarhub.com/products/inversores/IMAGE_PRODUCT_600314.png","inversores",82370,"png"
"IMAGEPRODUCT600328",true,1,"https://cdn.yellosolarhub.com/products/inversores/IMAGE_PRODUCT_600328.png","https://cdn.yellosolarhub.com/products/inversores/IMAGE_PRODUCT_600328.png","inversores",119053,"png"
"IMAGEPRODUCT600329",true,1,"https://cdn.yellosolarhub.com/products/inversores/IMAGE_PRODUCT_600329.jpg","https://cdn.yellosolarhub.com/products/inversores/IMAGE_PRODUCT_600329.jpg","inversores",64696,"jpg"
"IMAGEPRODUCT600340",true,1,"https://cdn.yellosolarhub.com/products/inversores/IMAGE_PRODUCT_600340.jpeg","https://cdn.yellosolarhub.com/products/inversores/IMAGE_PRODUCT_600340.jpeg","inversores",4911,"jpeg"
"IMAGEPRODUCT600342",true,1,"https://cdn.yellosolarhub.com/products/inversores/IMAGE_PRODUCT_600342.jpg","https://cdn.yellosolarhub.com/products/inversores/IMAGE_PRODUCT_600342.jpg","inversores",824484,"jpg"
"IMAGEPRODUCT600344",true,1,"https://cdn.yellosolarhub.com/products/inversores/IMAGE_PRODUCT_600344.png","https://cdn.yellosolarhub.com/products/inversores/IMAGE_PRODUCT_600344.png","inversores",10366,"png"
"IMAGEPRODUCT600348",true,1,"https://cdn.yellosolarhub.com/products/inversores/IMAGE_PRODUCT_600348.png","https://cdn.yellosolarhub.com/products/inversores/IMAGE_PRODUCT_600348.png","inversores",90797,"png"
"IMAGEPRODUCT600350",true,1,"https://cdn.yellosolarhub.com/products/inversores/IMAGE_PRODUCT_600350.jpg","https://cdn.yellosolarhub.com/products/inversores/IMAGE_PRODUCT_600350.jpg","inversores",57669,"jpg"
"IMAGEPRODUCT600352",true,1,"https://cdn.yellosolarhub.com/products/inversores/IMAGE_PRODUCT_600352.jpg","https://cdn.yellosolarhub.com/products/inversores/IMAGE_PRODUCT_600352.jpg","inversores",57669,"jpg"
"IMAGEPRODUCT600358",true,1,"https://cdn.yellosolarhub.com/products/inversores/IMAGE_PRODUCT_600358.png","https://cdn.yellosolarhub.com/products/inversores/IMAGE_PRODUCT_600358.png","inversores",126855,"png"
"IMAGEPRODUCT600361",true,1,"https://cdn.yellosolarhub.com/products/inversores/IMAGE_PRODUCT_600361.png","https://cdn.yellosolarhub.com/products/inversores/IMAGE_PRODUCT_600361.png","inversores",22533,"png"
"IMAGEPRODUCT600363",true,1,"https://cdn.yellosolarhub.com/products/inversores/IMAGE_PRODUCT_600363.png","https://cdn.yellosolarhub.com/products/inversores/IMAGE_PRODUCT_600363.png","inversores",31833,"png"
"IMAGEPRODUCT600369",true,1,"https://cdn.yellosolarhub.com/products/inversores/IMAGE_PRODUCT_600369.png","https://cdn.yellosolarhub.com/products/inversores/IMAGE_PRODUCT_600369.png","inversores",85685,"png"
"IMAGEPRODUCT600381",true,1,"https://cdn.yellosolarhub.com/products/inversores/IMAGE_PRODUCT_600381.png","https://cdn.yellosolarhub.com/products/inversores/IMAGE_PRODUCT_600381.png","inversores",54131,"png"
"IMAGEPRODUCT600382",true,1,"https://cdn.yellosolarhub.com/products/inversores/IMAGE_PRODUCT_600382.png","https://cdn.yellosolarhub.com/products/inversores/IMAGE_PRODUCT_600382.png","inversores",67314,"png"
"IMAGEPRODUCT600386",true,1,"https://cdn.yellosolarhub.com/products/inversores/IMAGE_PRODUCT_600386.png","https://cdn.yellosolarhub.com/products/inversores/IMAGE_PRODUCT_600386.png","inversores",45571,"png"
"IMAGEPRODUCT600387",true,1,"https://cdn.yellosolarhub.com/products/inversores/IMAGE_PRODUCT_600387.png","https://cdn.yellosolarhub.com/products/inversores/IMAGE_PRODUCT_600387.png","inversores",39986,"png"
"IMAGEPRODUCT600388",true,1,"https://cdn.yellosolarhub.com/products/inversores/IMAGE_PRODUCT_600388.png","https://cdn.yellosolarhub.com/products/inversores/IMAGE_PRODUCT_600388.png","inversores",39986,"png"
"IMAGEPRODUCT600398",true,1,"https://cdn.yellosolarhub.com/products/inversores/IMAGE_PRODUCT_600398.png","https://cdn.yellosolarhub.com/products/inversores/IMAGE_PRODUCT_600398.png","inversores",47823,"png"
"IMAGEPRODUCT600400",true,1,"https://cdn.yellosolarhub.com/products/inversores/IMAGE_PRODUCT_600400.png","https://cdn.yellosolarhub.com/products/inversores/IMAGE_PRODUCT_600400.png","inversores",31794,"png"
"IMAGEPRODUCT600404",true,1,"https://cdn.yellosolarhub.com/products/inversores/IMAGE_PRODUCT_600404.png","https://cdn.yellosolarhub.com/products/inversores/IMAGE_PRODUCT_600404.png","inversores",29084,"png"
"IMAGEPRODUCT600423",true,1,"https://cdn.yellosolarhub.com/products/inversores/IMAGE_PRODUCT_600423.png","https://cdn.yellosolarhub.com/products/inversores/IMAGE_PRODUCT_600423.png","inversores",44305,"png"
"IMAGEPRODUCT600452",true,1,"https://cdn.yellosolarhub.com/products/inversores/IMAGE_PRODUCT_600452.png","https://cdn.yellosolarhub.com/products/inversores/IMAGE_PRODUCT_600452.png","inversores",29084,"png"
"IMAGEPRODUCT600453",true,1,"https://cdn.yellosolarhub.com/products/inversores/IMAGE_PRODUCT_600453.png","https://cdn.yellosolarhub.com/products/inversores/IMAGE_PRODUCT_600453.png","inversores",44030,"png"
"IMAGEPRODUCT600463",true,1,"https://cdn.yellosolarhub.com/products/inversores/IMAGE_PRODUCT_600463.png","https://cdn.yellosolarhub.com/products/inversores/IMAGE_PRODUCT_600463.png","inversores",47823,"png"
"IMAGEPRODUCT600483",true,1,"https://cdn.yellosolarhub.com/products/inversores/IMAGE_PRODUCT_600483.png","https://cdn.yellosolarhub.com/products/inversores/IMAGE_PRODUCT_600483.png","inversores",47388,"png"
"IMAGEPRODUCT850004",true,1,"https://cdn.yellosolarhub.com/products/baterias/IMAGE_PRODUCT_850004.png","https://cdn.yellosolarhub.com/products/baterias/IMAGE_PRODUCT_850004.png","baterias",25097,"png"
"IMO00093",true,1,"https://cdn.yellosolarhub.com/products/FORTLEV/IMO00093.png","https://cdn.yellosolarhub.com/products/FORTLEV/IMO00093.png","FORTLEV",275731,"png"
"IMO00135",true,1,"https://cdn.yellosolarhub.com/products/FORTLEV/IMO00135.png","https://cdn.yellosolarhub.com/products/FORTLEV/IMO00135.png","FORTLEV",159237,"png"
"IMS00003",true,1,"https://cdn.yellosolarhub.com/products/UNKNOWN-MANUFACTURER/IMS00003.png","https://cdn.yellosolarhub.com/products/UNKNOWN-MANUFACTURER/IMS00003.png","UNKNOWN-MANUFACTURER",373263,"png"
"IMS00004",true,1,"https://cdn.yellosolarhub.com/products/UNKNOWN-MANUFACTURER/IMS00004.png","https://cdn.yellosolarhub.com/products/UNKNOWN-MANUFACTURER/IMS00004.png","UNKNOWN-MANUFACTURER",162435,"png"
"ISB00004",true,2,"https://cdn.yellosolarhub.com/products/UNKNOWN-MANUFACTURER/ISB00004.png","https://cdn.yellosolarhub.com/products/UNKNOWN-MANUFACTURER/ISB00004.png|https://cdn.yellosolarhub.com/products/UNKNOWN-MANUFACTURER/ISB00004.webp","UNKNOWN-MANUFACTURER",109519,"png|webp"
"ISB00006",true,1,"https://cdn.yellosolarhub.com/products/UNKNOWN-MANUFACTURER/ISB00006.png","https://cdn.yellosolarhub.com/products/UNKNOWN-MANUFACTURER/ISB00006.png","UNKNOWN-MANUFACTURER",101799,"png"
"ISB00007",true,1,"https://cdn.yellosolarhub.com/products/UNKNOWN-MANUFACTURER/ISB00007.png","https://cdn.yellosolarhub.com/products/UNKNOWN-MANUFACTURER/ISB00007.png","UNKNOWN-MANUFACTURER",25014,"png"
"ITF00002",true,1,"https://cdn.yellosolarhub.com/products/UNKNOWN-MANUFACTURER/ITF00002.png","https://cdn.yellosolarhub.com/products/UNKNOWN-MANUFACTURER/ITF00002.png","UNKNOWN-MANUFACTURER",103742,"png"
"ITF00005",true,1,"https://cdn.yellosolarhub.com/products/UNKNOWN-MANUFACTURER/ITF00005.png","https://cdn.yellosolarhub.com/products/UNKNOWN-MANUFACTURER/ITF00005.png","UNKNOWN-MANUFACTURER",103742,"png"
"ITR00056",true,1,"https://cdn.yellosolarhub.com/products/UNKNOWN-MANUFACTURER/ITR00056.png","https://cdn.yellosolarhub.com/products/UNKNOWN-MANUFACTURER/ITR00056.png","UNKNOWN-MANUFACTURER",53345,"png"
"ITR00085",true,1,"https://cdn.yellosolarhub.com/products/UNKNOWN-MANUFACTURER/ITR00085.png","https://cdn.yellosolarhub.com/products/UNKNOWN-MANUFACTURER/ITR00085.png","UNKNOWN-MANUFACTURER",109884,"png"
"LONGI585W",true,1,"https://cdn.yellosolarhub.com/products/LONGI/LONGI-585W.png","https://cdn.yellosolarhub.com/products/LONGI/LONGI-585W.png","LONGI",156354,"png"
"LONGI630WPV2",true,1,"https://cdn.yellosolarhub.com/products/LONGI/LONGI-630Wp_v2.png","https://cdn.yellosolarhub.com/products/LONGI/LONGI-630Wp_v2.png","LONGI",198838,"png"
"MINASOLMS545IMAGE",true,1,"https://cdn.yellosolarhub.com/products/paineis/MINASOL-MS-545_image.png","https://cdn.yellosolarhub.com/products/paineis/MINASOL-MS-545_image.png","paineis",41289,"png"
"NEOSOLARCABLES20077",true,1,"https://cdn.yellosolarhub.com/products/cabos/neosolar_cables_20077.jpg","https://cdn.yellosolarhub.com/products/cabos/neosolar_cables_20077.jpg","cabos",53084,"jpg"
"NEOSOLARCABLES20078",true,1,"https://cdn.yellosolarhub.com/products/cabos/neosolar_cables_20078.jpg","https://cdn.yellosolarhub.com/products/cabos/neosolar_cables_20078.jpg","cabos",56395,"jpg"
"NEOSOLARCABLES20121",true,1,"https://cdn.yellosolarhub.com/products/cabos/neosolar_cables_20121.jpg","https://cdn.yellosolarhub.com/products/cabos/neosolar_cables_20121.jpg","cabos",15706,"jpg"
"NEOSOLARCABLES20122",true,1,"https://cdn.yellosolarhub.com/products/cabos/neosolar_cables_20122.jpg","https://cdn.yellosolarhub.com/products/cabos/neosolar_cables_20122.jpg","cabos",33359,"jpg"
"NEOSOLARCABLES20126",true,1,"https://cdn.yellosolarhub.com/products/cabos/NEOSOLAR_CABLES_20126.jpg","https://cdn.yellosolarhub.com/products/cabos/NEOSOLAR_CABLES_20126.jpg","cabos",35530,"jpg"
"NEOSOLARCABLES20127",true,1,"https://cdn.yellosolarhub.com/products/cabos/NEOSOLAR_CABLES_20127.jpg","https://cdn.yellosolarhub.com/products/cabos/NEOSOLAR_CABLES_20127.jpg","cabos",33512,"jpg"
"NEOSOLARCABLES20128",true,1,"https://cdn.yellosolarhub.com/products/cabos/NEOSOLAR_CABLES_20128.jpg","https://cdn.yellosolarhub.com/products/cabos/NEOSOLAR_CABLES_20128.jpg","cabos",33751,"jpg"
"NEOSOLARCABLES20131",true,1,"https://cdn.yellosolarhub.com/products/cabos/NEOSOLAR_CABLES_20131.jpg","https://cdn.yellosolarhub.com/products/cabos/NEOSOLAR_CABLES_20131.jpg","cabos",34691,"jpg"
"NEOSOLARCABLES20132",true,1,"https://cdn.yellosolarhub.com/products/cabos/NEOSOLAR_CABLES_20132.jpg","https://cdn.yellosolarhub.com/products/cabos/NEOSOLAR_CABLES_20132.jpg","cabos",36846,"jpg"
"NEOSOLARCABLES20134",true,1,"https://cdn.yellosolarhub.com/products/cabos/NEOSOLAR_CABLES_20134.jpg","https://cdn.yellosolarhub.com/products/cabos/NEOSOLAR_CABLES_20134.jpg","cabos",39384,"jpg"
"NEOSOLARCABLES20135",true,1,"https://cdn.yellosolarhub.com/products/cabos/NEOSOLAR_CABLES_20135.jpg","https://cdn.yellosolarhub.com/products/cabos/NEOSOLAR_CABLES_20135.jpg","cabos",40699,"jpg"
"NEOSOLARCABLES20137",true,1,"https://cdn.yellosolarhub.com/products/cabos/NEOSOLAR_CABLES_20137.jpg","https://cdn.yellosolarhub.com/products/cabos/NEOSOLAR_CABLES_20137.jpg","cabos",39611,"jpg"
"NEOSOLARCABLES20139",true,1,"https://cdn.yellosolarhub.com/products/cabos/NEOSOLAR_CABLES_20139.jpg","https://cdn.yellosolarhub.com/products/cabos/NEOSOLAR_CABLES_20139.jpg","cabos",34403,"jpg"
"NEOSOLARCABLES20142",true,1,"https://cdn.yellosolarhub.com/products/cabos/NEOSOLAR_CABLES_20142.jpg","https://cdn.yellosolarhub.com/products/cabos/NEOSOLAR_CABLES_20142.jpg","cabos",34403,"jpg"
"NEOSOLARCABLES20286",true,1,"https://cdn.yellosolarhub.com/products/cabos/neosolar_cables_20286.jpg","https://cdn.yellosolarhub.com/products/cabos/neosolar_cables_20286.jpg","cabos",37040,"jpg"
"NEOSOLARCABLES20369",true,1,"https://cdn.yellosolarhub.com/products/cabos/neosolar_cables_20369.jpg","https://cdn.yellosolarhub.com/products/cabos/neosolar_cables_20369.jpg","cabos",25746,"jpg"
"NEOSOLARCABLES20371",true,1,"https://cdn.yellosolarhub.com/products/cabos/neosolar_cables_20371.jpg","https://cdn.yellosolarhub.com/products/cabos/neosolar_cables_20371.jpg","cabos",30739,"jpg"
"NEOSOLARCABLES20789",true,1,"https://cdn.yellosolarhub.com/products/cabos/neosolar_cables_20789.jpg","https://cdn.yellosolarhub.com/products/cabos/neosolar_cables_20789.jpg","cabos",16243,"jpg"
"NEOSOLARCABLES20925",true,1,"https://cdn.yellosolarhub.com/products/cabos/neosolar_cables_20925.jpg","https://cdn.yellosolarhub.com/products/cabos/neosolar_cables_20925.jpg","cabos",16995,"jpg"
"NEOSOLARCABLES21769",true,1,"https://cdn.yellosolarhub.com/products/cabos/neosolar_cables_21769.jpg","https://cdn.yellosolarhub.com/products/cabos/neosolar_cables_21769.jpg","cabos",42352,"jpg"
"NEOSOLARCABLES21770",true,1,"https://cdn.yellosolarhub.com/products/cabos/neosolar_cables_21770.jpg","https://cdn.yellosolarhub.com/products/cabos/neosolar_cables_21770.jpg","cabos",47496,"jpg"
"NEOSOLARCABLES21771",true,1,"https://cdn.yellosolarhub.com/products/cabos/neosolar_cables_21771.jpg","https://cdn.yellosolarhub.com/products/cabos/neosolar_cables_21771.jpg","cabos",47505,"jpg"
"NEOSOLARCABLES21772",true,1,"https://cdn.yellosolarhub.com/products/cabos/neosolar_cables_21772.jpg","https://cdn.yellosolarhub.com/products/cabos/neosolar_cables_21772.jpg","cabos",36169,"jpg"
"NEOSOLARCABLES21998",true,1,"https://cdn.yellosolarhub.com/products/cabos/NEOSOLAR_CABLES_21998.jpg","https://cdn.yellosolarhub.com/products/cabos/NEOSOLAR_CABLES_21998.jpg","cabos",28758,"jpg"
"NEOSOLARCABLES23052",true,1,"https://cdn.yellosolarhub.com/products/cabos/NEOSOLAR_CABLES_23052.jpg","https://cdn.yellosolarhub.com/products/cabos/NEOSOLAR_CABLES_23052.jpg","cabos",28758,"jpg"
"NEOSOLARCABLES23053",true,1,"https://cdn.yellosolarhub.com/products/cabos/NEOSOLAR_CABLES_23053.jpg","https://cdn.yellosolarhub.com/products/cabos/NEOSOLAR_CABLES_23053.jpg","cabos",28758,"jpg"
"NEOSOLARCABLES23054",true,1,"https://cdn.yellosolarhub.com/products/cabos/NEOSOLAR_CABLES_23054.jpg","https://cdn.yellosolarhub.com/products/cabos/NEOSOLAR_CABLES_23054.jpg","cabos",28758,"jpg"
"NEOSOLARCABLES23055",true,1,"https://cdn.yellosolarhub.com/products/cabos/NEOSOLAR_CABLES_23055.jpg","https://cdn.yellosolarhub.com/products/cabos/NEOSOLAR_CABLES_23055.jpg","cabos",28758,"jpg"
"NEOSOLARCABLES23503",true,1,"https://cdn.yellosolarhub.com/products/cabos/neosolar_cables_23503.jpg","https://cdn.yellosolarhub.com/products/cabos/neosolar_cables_23503.jpg","cabos",228040,"jpg"
"NEOSOLARCABLES23504",true,1,"https://cdn.yellosolarhub.com/products/cabos/neosolar_cables_23504.jpg","https://cdn.yellosolarhub.com/products/cabos/neosolar_cables_23504.jpg","cabos",243935,"jpg"
"NEOSOLARCABLES23505",true,1,"https://cdn.yellosolarhub.com/products/cabos/neosolar_cables_23505.jpg","https://cdn.yellosolarhub.com/products/cabos/neosolar_cables_23505.jpg","cabos",243935,"jpg"
"NEOSOLARCABLES23780",true,1,"https://cdn.yellosolarhub.com/products/cabos/neosolar_cables_23780.jpg","https://cdn.yellosolarhub.com/products/cabos/neosolar_cables_23780.jpg","cabos",43645,"jpg"
"NEOSOLARCABLES25205",true,1,"https://cdn.yellosolarhub.com/products/cabos/neosolar_cables_25205.jpg","https://cdn.yellosolarhub.com/products/cabos/neosolar_cables_25205.jpg","cabos",36220,"jpg"
"NEOSOLARCABLES27352",true,1,"https://cdn.yellosolarhub.com/products/cabos/neosolar_cables_27352.jpg","https://cdn.yellosolarhub.com/products/cabos/neosolar_cables_27352.jpg","cabos",43636,"jpg"
"NEOSOLARCHARGERS20031",true,1,"https://cdn.yellosolarhub.com/products/carregadores/NEOSOLAR_CHARGERS_20031.jpg","https://cdn.yellosolarhub.com/products/carregadores/NEOSOLAR_CHARGERS_20031.jpg","carregadores",31205,"jpg"
"NEOSOLARCHARGERS20034",true,1,"https://cdn.yellosolarhub.com/products/carregadores/NEOSOLAR_CHARGERS_20034.jpg","https://cdn.yellosolarhub.com/products/carregadores/NEOSOLAR_CHARGERS_20034.jpg","carregadores",26263,"jpg"
"NEOSOLARCHARGERS20035",true,1,"https://cdn.yellosolarhub.com/products/carregadores/NEOSOLAR_CHARGERS_20035.jpg","https://cdn.yellosolarhub.com/products/carregadores/NEOSOLAR_CHARGERS_20035.jpg","carregadores",47249,"jpg"
"NEOSOLARCHARGERS20043",true,1,"https://cdn.yellosolarhub.com/products/carregadores/NEOSOLAR_CHARGERS_20043.jpg","https://cdn.yellosolarhub.com/products/carregadores/NEOSOLAR_CHARGERS_20043.jpg","carregadores",43774,"jpg"
"NEOSOLARCHARGERS20044",true,1,"https://cdn.yellosolarhub.com/products/carregadores/NEOSOLAR_CHARGERS_20044.jpg","https://cdn.yellosolarhub.com/products/carregadores/NEOSOLAR_CHARGERS_20044.jpg","carregadores",55990,"jpg"
"NEOSOLARCHARGERS20045",true,1,"https://cdn.yellosolarhub.com/products/carregadores/NEOSOLAR_CHARGERS_20045.jpg","https://cdn.yellosolarhub.com/products/carregadores/NEOSOLAR_CHARGERS_20045.jpg","carregadores",40543,"jpg"
"NEOSOLARCHARGERS20858",true,1,"https://cdn.yellosolarhub.com/products/carregadores/neosolar_chargers_20858.jpg","https://cdn.yellosolarhub.com/products/carregadores/neosolar_chargers_20858.jpg","carregadores",24432,"jpg"
"NEOSOLARCHARGERS20859",true,1,"https://cdn.yellosolarhub.com/products/carregadores/NEOSOLAR_CHARGERS_20859.jpg","https://cdn.yellosolarhub.com/products/carregadores/NEOSOLAR_CHARGERS_20859.jpg","carregadores",24432,"jpg"
"NEOSOLARCHARGERS20860",true,1,"https://cdn.yellosolarhub.com/products/carregadores/NEOSOLAR_CHARGERS_20860.jpg","https://cdn.yellosolarhub.com/products/carregadores/NEOSOLAR_CHARGERS_20860.jpg","carregadores",29159,"jpg"
"NEOSOLARCHARGERS20861",true,1,"https://cdn.yellosolarhub.com/products/carregadores/NEOSOLAR_CHARGERS_20861.jpg","https://cdn.yellosolarhub.com/products/carregadores/NEOSOLAR_CHARGERS_20861.jpg","carregadores",24432,"jpg"
"NEOSOLARCHARGERS20862",true,1,"https://cdn.yellosolarhub.com/products/carregadores/NEOSOLAR_CHARGERS_20862.jpg","https://cdn.yellosolarhub.com/products/carregadores/NEOSOLAR_CHARGERS_20862.jpg","carregadores",25571,"jpg"
"NEOSOLARCHARGERS20863",true,1,"https://cdn.yellosolarhub.com/products/carregadores/NEOSOLAR_CHARGERS_20863.jpg","https://cdn.yellosolarhub.com/products/carregadores/NEOSOLAR_CHARGERS_20863.jpg","carregadores",23563,"jpg"
"NEOSOLARCHARGERS20864",true,1,"https://cdn.yellosolarhub.com/products/carregadores/NEOSOLAR_CHARGERS_20864.jpg","https://cdn.yellosolarhub.com/products/carregadores/NEOSOLAR_CHARGERS_20864.jpg","carregadores",17405,"jpg"
"NEOSOLARCHARGERS20865",true,1,"https://cdn.yellosolarhub.com/products/carregadores/neosolar_chargers_20865.jpg","https://cdn.yellosolarhub.com/products/carregadores/neosolar_chargers_20865.jpg","carregadores",40239,"jpg"
"NEOSOLARCHARGERS20866",true,1,"https://cdn.yellosolarhub.com/products/carregadores/neosolar_chargers_20866.jpg","https://cdn.yellosolarhub.com/products/carregadores/neosolar_chargers_20866.jpg","carregadores",45598,"jpg"
"NEOSOLARCHARGERS20868",true,1,"https://cdn.yellosolarhub.com/products/carregadores/NEOSOLAR_CHARGERS_20868.jpg","https://cdn.yellosolarhub.com/products/carregadores/NEOSOLAR_CHARGERS_20868.jpg","carregadores",24141,"jpg"
"NEOSOLARCHARGERS20870",true,1,"https://cdn.yellosolarhub.com/products/carregadores/NEOSOLAR_CHARGERS_20870.jpg","https://cdn.yellosolarhub.com/products/carregadores/NEOSOLAR_CHARGERS_20870.jpg","carregadores",24688,"jpg"
"NEOSOLARCHARGERS20871",true,1,"https://cdn.yellosolarhub.com/products/carregadores/NEOSOLAR_CHARGERS_20871.jpg","https://cdn.yellosolarhub.com/products/carregadores/NEOSOLAR_CHARGERS_20871.jpg","carregadores",32627,"jpg"
"NEOSOLARCHARGERS20872",true,1,"https://cdn.yellosolarhub.com/products/carregadores/NEOSOLAR_CHARGERS_20872.jpg","https://cdn.yellosolarhub.com/products/carregadores/NEOSOLAR_CHARGERS_20872.jpg","carregadores",54446,"jpg"
"NEOSOLARCHARGERS20873",true,1,"https://cdn.yellosolarhub.com/products/carregadores/neosolar_chargers_20873.jpg","https://cdn.yellosolarhub.com/products/carregadores/neosolar_chargers_20873.jpg","carregadores",54446,"jpg"
"NEOSOLARCHARGERS21294",true,1,"https://cdn.yellosolarhub.com/products/carregadores/NEOSOLAR_CHARGERS_21294.jpg","https://cdn.yellosolarhub.com/products/carregadores/NEOSOLAR_CHARGERS_21294.jpg","carregadores",36297,"jpg"
"NEOSOLARCHARGERS21295",true,1,"https://cdn.yellosolarhub.com/products/carregadores/NEOSOLAR_CHARGERS_21295.jpg","https://cdn.yellosolarhub.com/products/carregadores/NEOSOLAR_CHARGERS_21295.jpg","carregadores",18279,"jpg"
"NEOSOLARCHARGERS21741",true,1,"https://cdn.yellosolarhub.com/products/carregadores/neosolar_chargers_21741.jpg","https://cdn.yellosolarhub.com/products/carregadores/neosolar_chargers_21741.jpg","carregadores",57262,"jpg"
"NEOSOLARCHARGERS21742",true,1,"https://cdn.yellosolarhub.com/products/carregadores/neosolar_chargers_21742.jpg","https://cdn.yellosolarhub.com/products/carregadores/neosolar_chargers_21742.jpg","carregadores",34519,"jpg"
"NEOSOLARCHARGERS21743",true,1,"https://cdn.yellosolarhub.com/products/carregadores/neosolar_chargers_21743.jpg","https://cdn.yellosolarhub.com/products/carregadores/neosolar_chargers_21743.jpg","carregadores",50633,"jpg"
"NEOSOLARCHARGERS21751",true,1,"https://cdn.yellosolarhub.com/products/carregadores/neosolar_chargers_21751.jpg","https://cdn.yellosolarhub.com/products/carregadores/neosolar_chargers_21751.jpg","carregadores",66241,"jpg"
"NEOSOLARCHARGERS21755",true,1,"https://cdn.yellosolarhub.com/products/carregadores/neosolar_chargers_21755.jpg","https://cdn.yellosolarhub.com/products/carregadores/neosolar_chargers_21755.jpg","carregadores",66241,"jpg"
"NEOSOLARCHARGERS21756",true,1,"https://cdn.yellosolarhub.com/products/carregadores/neosolar_chargers_21756.jpg","https://cdn.yellosolarhub.com/products/carregadores/neosolar_chargers_21756.jpg","carregadores",61952,"jpg"
"NEOSOLARCHARGERS21757",true,1,"https://cdn.yellosolarhub.com/products/carregadores/NEOSOLAR_CHARGERS_21757.jpg","https://cdn.yellosolarhub.com/products/carregadores/NEOSOLAR_CHARGERS_21757.jpg","carregadores",66241,"jpg"
"NEOSOLARCHARGERS22154",true,1,"https://cdn.yellosolarhub.com/products/carregadores/NEOSOLAR_CHARGERS_22154.jpg","https://cdn.yellosolarhub.com/products/carregadores/NEOSOLAR_CHARGERS_22154.jpg","carregadores",57536,"jpg"
"NEOSOLARCHARGERS23757",true,1,"https://cdn.yellosolarhub.com/products/carregadores/NEOSOLAR_CHARGERS_23757.jpg","https://cdn.yellosolarhub.com/products/carregadores/NEOSOLAR_CHARGERS_23757.jpg","carregadores",65387,"jpg"
"NEOSOLARCHARGERS23758",true,1,"https://cdn.yellosolarhub.com/products/carregadores/NEOSOLAR_CHARGERS_23758.jpg","https://cdn.yellosolarhub.com/products/carregadores/NEOSOLAR_CHARGERS_23758.jpg","carregadores",65087,"jpg"
"NEOSOLARCHARGERS23759",true,1,"https://cdn.yellosolarhub.com/products/carregadores/NEOSOLAR_CHARGERS_23759.jpg","https://cdn.yellosolarhub.com/products/carregadores/NEOSOLAR_CHARGERS_23759.jpg","carregadores",407304,"jpg"
"NEOSOLARCHARGERS23760",true,1,"https://cdn.yellosolarhub.com/products/carregadores/NEOSOLAR_CHARGERS_23760.jpg","https://cdn.yellosolarhub.com/products/carregadores/NEOSOLAR_CHARGERS_23760.jpg","carregadores",45631,"jpg"
"NEOSOLARCHARGERS23761",true,1,"https://cdn.yellosolarhub.com/products/carregadores/NEOSOLAR_CHARGERS_23761.jpg","https://cdn.yellosolarhub.com/products/carregadores/NEOSOLAR_CHARGERS_23761.jpg","carregadores",86385,"jpg"
"NEOSOLARCHARGERS23762",true,1,"https://cdn.yellosolarhub.com/products/carregadores/neosolar_chargers_23762.jpg","https://cdn.yellosolarhub.com/products/carregadores/neosolar_chargers_23762.jpg","carregadores",48758,"jpg"
"NEOSOLARCHARGERS24019",true,1,"https://cdn.yellosolarhub.com/products/carregadores/NEOSOLAR_CHARGERS_24019.jpg","https://cdn.yellosolarhub.com/products/carregadores/NEOSOLAR_CHARGERS_24019.jpg","carregadores",70687,"jpg"
"NEOSOLARCHARGERS24021",true,1,"https://cdn.yellosolarhub.com/products/carregadores/NEOSOLAR_CHARGERS_24021.jpg","https://cdn.yellosolarhub.com/products/carregadores/NEOSOLAR_CHARGERS_24021.jpg","carregadores",86452,"jpg"
"NEOSOLARCHARGERS24072",true,1,"https://cdn.yellosolarhub.com/products/carregadores/NEOSOLAR_CHARGERS_24072.jpg","https://cdn.yellosolarhub.com/products/carregadores/NEOSOLAR_CHARGERS_24072.jpg","carregadores",430111,"jpg"
"NEOSOLARCHARGERS24249",true,1,"https://cdn.yellosolarhub.com/products/carregadores/NEOSOLAR_CHARGERS_24249.jpg","https://cdn.yellosolarhub.com/products/carregadores/NEOSOLAR_CHARGERS_24249.jpg","carregadores",73253,"jpg"
"NEOSOLARCHARGERS24467",true,1,"https://cdn.yellosolarhub.com/products/carregadores/NEOSOLAR_CHARGERS_24467.jpg","https://cdn.yellosolarhub.com/products/carregadores/NEOSOLAR_CHARGERS_24467.jpg","carregadores",23052,"jpg"
"NEOSOLARCHARGERS24468",true,1,"https://cdn.yellosolarhub.com/products/carregadores/neosolar_chargers_24468.jpg","https://cdn.yellosolarhub.com/products/carregadores/neosolar_chargers_24468.jpg","carregadores",23750,"jpg"
"NEOSOLARCHARGERS24473",true,1,"https://cdn.yellosolarhub.com/products/carregadores/NEOSOLAR_CHARGERS_24473.jpg","https://cdn.yellosolarhub.com/products/carregadores/NEOSOLAR_CHARGERS_24473.jpg","carregadores",33417,"jpg"
"NEOSOLARCHARGERS24474",true,1,"https://cdn.yellosolarhub.com/products/carregadores/NEOSOLAR_CHARGERS_24474.jpg","https://cdn.yellosolarhub.com/products/carregadores/NEOSOLAR_CHARGERS_24474.jpg","carregadores",39269,"jpg"
"NEOSOLARCHARGERS24475",true,1,"https://cdn.yellosolarhub.com/products/carregadores/NEOSOLAR_CHARGERS_24475.jpg","https://cdn.yellosolarhub.com/products/carregadores/NEOSOLAR_CHARGERS_24475.jpg","carregadores",33417,"jpg"
"NEOSOLARCHARGERS24593",true,1,"https://cdn.yellosolarhub.com/products/carregadores/neosolar_chargers_24593.jpg","https://cdn.yellosolarhub.com/products/carregadores/neosolar_chargers_24593.jpg","carregadores",301078,"jpg"
"NEOSOLARCHARGERS24594",true,1,"https://cdn.yellosolarhub.com/products/carregadores/neosolar_chargers_24594.jpg","https://cdn.yellosolarhub.com/products/carregadores/neosolar_chargers_24594.jpg","carregadores",42203,"jpg"
"NEOSOLARCHARGERS24606",true,1,"https://cdn.yellosolarhub.com/products/carregadores/NEOSOLAR_CHARGERS_24606.jpg","https://cdn.yellosolarhub.com/products/carregadores/NEOSOLAR_CHARGERS_24606.jpg","carregadores",49615,"jpg"
"NEOSOLARCHARGERS24607",true,1,"https://cdn.yellosolarhub.com/products/carregadores/NEOSOLAR_CHARGERS_24607.jpg","https://cdn.yellosolarhub.com/products/carregadores/NEOSOLAR_CHARGERS_24607.jpg","carregadores",44842,"jpg"
"NEOSOLARCHARGERS24608",true,1,"https://cdn.yellosolarhub.com/products/carregadores/NEOSOLAR_CHARGERS_24608.jpg","https://cdn.yellosolarhub.com/products/carregadores/NEOSOLAR_CHARGERS_24608.jpg","carregadores",54380,"jpg"
"NEOSOLARCHARGERS24609",true,1,"https://cdn.yellosolarhub.com/products/carregadores/neosolar_chargers_24609.jpg","https://cdn.yellosolarhub.com/products/carregadores/neosolar_chargers_24609.jpg","carregadores",47495,"jpg"
"NEOSOLARCHARGERS24713",true,1,"https://cdn.yellosolarhub.com/products/carregadores/neosolar_chargers_24713.jpg","https://cdn.yellosolarhub.com/products/carregadores/neosolar_chargers_24713.jpg","carregadores",69863,"jpg"
"NEOSOLARCHARGERS24714",true,1,"https://cdn.yellosolarhub.com/products/carregadores/neosolar_chargers_24714.jpg","https://cdn.yellosolarhub.com/products/carregadores/neosolar_chargers_24714.jpg","carregadores",91056,"jpg"
"NEOSOLARCHARGERS24715",true,1,"https://cdn.yellosolarhub.com/products/carregadores/NEOSOLAR_CHARGERS_24715.jpg","https://cdn.yellosolarhub.com/products/carregadores/NEOSOLAR_CHARGERS_24715.jpg","carregadores",58987,"jpg"
"NEOSOLARCHARGERS24716",true,1,"https://cdn.yellosolarhub.com/products/carregadores/NEOSOLAR_CHARGERS_24716.jpg","https://cdn.yellosolarhub.com/products/carregadores/NEOSOLAR_CHARGERS_24716.jpg","carregadores",58987,"jpg"
"NEOSOLARCHARGERS24717",true,1,"https://cdn.yellosolarhub.com/products/carregadores/NEOSOLAR_CHARGERS_24717.jpg","https://cdn.yellosolarhub.com/products/carregadores/NEOSOLAR_CHARGERS_24717.jpg","carregadores",92805,"jpg"
"NEOSOLARCHARGERS24718",true,1,"https://cdn.yellosolarhub.com/products/carregadores/NEOSOLAR_CHARGERS_24718.jpg","https://cdn.yellosolarhub.com/products/carregadores/NEOSOLAR_CHARGERS_24718.jpg","carregadores",90185,"jpg"
"NEOSOLARCHARGERS24795",true,1,"https://cdn.yellosolarhub.com/products/carregadores/NEOSOLAR_CHARGERS_24795.jpg","https://cdn.yellosolarhub.com/products/carregadores/NEOSOLAR_CHARGERS_24795.jpg","carregadores",56868,"jpg"
"NEOSOLARCHARGERS24801",true,1,"https://cdn.yellosolarhub.com/products/carregadores/NEOSOLAR_CHARGERS_24801.jpg","https://cdn.yellosolarhub.com/products/carregadores/NEOSOLAR_CHARGERS_24801.jpg","carregadores",66575,"jpg"
"NEOSOLARCHARGERS24802",true,1,"https://cdn.yellosolarhub.com/products/carregadores/NEOSOLAR_CHARGERS_24802.jpg","https://cdn.yellosolarhub.com/products/carregadores/NEOSOLAR_CHARGERS_24802.jpg","carregadores",66575,"jpg"
"NEOSOLARCHARGERS25012",true,1,"https://cdn.yellosolarhub.com/products/carregadores/NEOSOLAR_CHARGERS_25012.jpg","https://cdn.yellosolarhub.com/products/carregadores/NEOSOLAR_CHARGERS_25012.jpg","carregadores",65688,"jpg"
"NEOSOLARCHARGERS25023",true,1,"https://cdn.yellosolarhub.com/products/carregadores/NEOSOLAR_CHARGERS_25023.jpg","https://cdn.yellosolarhub.com/products/carregadores/NEOSOLAR_CHARGERS_25023.jpg","carregadores",58987,"jpg"
"NEOSOLARCHARGERS25024",true,1,"https://cdn.yellosolarhub.com/products/carregadores/NEOSOLAR_CHARGERS_25024.jpg","https://cdn.yellosolarhub.com/products/carregadores/NEOSOLAR_CHARGERS_25024.jpg","carregadores",90185,"jpg"
"NEOSOLARCHARGERS25025",true,1,"https://cdn.yellosolarhub.com/products/carregadores/NEOSOLAR_CHARGERS_25025.jpg","https://cdn.yellosolarhub.com/products/carregadores/NEOSOLAR_CHARGERS_25025.jpg","carregadores",92805,"jpg"
"NEOSOLARCHARGERS25128",true,1,"https://cdn.yellosolarhub.com/products/carregadores/NEOSOLAR_CHARGERS_25128.jpg","https://cdn.yellosolarhub.com/products/carregadores/NEOSOLAR_CHARGERS_25128.jpg","carregadores",56846,"jpg"
"NEOSOLARCHARGERS25220",true,1,"https://cdn.yellosolarhub.com/products/carregadores/NEOSOLAR_CHARGERS_25220.jpg","https://cdn.yellosolarhub.com/products/carregadores/NEOSOLAR_CHARGERS_25220.jpg","carregadores",76809,"jpg"
"NEOSOLARCHARGERS26359",true,1,"https://cdn.yellosolarhub.com/products/carregadores/neosolar_chargers_26359.jpg","https://cdn.yellosolarhub.com/products/carregadores/neosolar_chargers_26359.jpg","carregadores",59891,"jpg"
"NEOSOLARCHARGERS26360",true,1,"https://cdn.yellosolarhub.com/products/carregadores/NEOSOLAR_CHARGERS_26360.jpg","https://cdn.yellosolarhub.com/products/carregadores/NEOSOLAR_CHARGERS_26360.jpg","carregadores",64297,"jpg"
"NEOSOLARCHARGERS26361",true,1,"https://cdn.yellosolarhub.com/products/carregadores/neosolar_chargers_26361.jpg","https://cdn.yellosolarhub.com/products/carregadores/neosolar_chargers_26361.jpg","carregadores",1486,"jpg"
"NEOSOLARCHARGERS26525",true,1,"https://cdn.yellosolarhub.com/products/carregadores/neosolar_chargers_26525.jpg","https://cdn.yellosolarhub.com/products/carregadores/neosolar_chargers_26525.jpg","carregadores",1486,"jpg"
"NEOSOLARCHARGERS26526",true,1,"https://cdn.yellosolarhub.com/products/carregadores/neosolar_chargers_26526.jpg","https://cdn.yellosolarhub.com/products/carregadores/neosolar_chargers_26526.jpg","carregadores",1486,"jpg"
"NEOSOLARCHARGERS26900",true,1,"https://cdn.yellosolarhub.com/products/carregadores/NEOSOLAR_CHARGERS_26900.jpg","https://cdn.yellosolarhub.com/products/carregadores/NEOSOLAR_CHARGERS_26900.jpg","carregadores",1486,"jpg"
"NEOSOLARCHARGERS26901",true,1,"https://cdn.yellosolarhub.com/products/carregadores/NEOSOLAR_CHARGERS_26901.jpg","https://cdn.yellosolarhub.com/products/carregadores/NEOSOLAR_CHARGERS_26901.jpg","carregadores",1486,"jpg"
"NEOSOLARCHARGERS26902",true,1,"https://cdn.yellosolarhub.com/products/carregadores/NEOSOLAR_CHARGERS_26902.jpg","https://cdn.yellosolarhub.com/products/carregadores/NEOSOLAR_CHARGERS_26902.jpg","carregadores",66318,"jpg"
"NEOSOLARCHARGERS26903",true,1,"https://cdn.yellosolarhub.com/products/carregadores/NEOSOLAR_CHARGERS_26903.jpg","https://cdn.yellosolarhub.com/products/carregadores/NEOSOLAR_CHARGERS_26903.jpg","carregadores",418278,"jpg"
"NEOSOLARCHARGERS26904",true,1,"https://cdn.yellosolarhub.com/products/carregadores/NEOSOLAR_CHARGERS_26904.jpg","https://cdn.yellosolarhub.com/products/carregadores/NEOSOLAR_CHARGERS_26904.jpg","carregadores",414261,"jpg"
"NEOSOLARCHARGERS27327",true,1,"https://cdn.yellosolarhub.com/products/carregadores/NEOSOLAR_CHARGERS_27327.jpg","https://cdn.yellosolarhub.com/products/carregadores/NEOSOLAR_CHARGERS_27327.jpg","carregadores",1486,"jpg"
"NEOSOLARCHARGERS27328",true,1,"https://cdn.yellosolarhub.com/products/carregadores/NEOSOLAR_CHARGERS_27328.jpg","https://cdn.yellosolarhub.com/products/carregadores/NEOSOLAR_CHARGERS_27328.jpg","carregadores",1486,"jpg"
"NEOSOLARCHARGERS27329",true,1,"https://cdn.yellosolarhub.com/products/carregadores/NEOSOLAR_CHARGERS_27329.jpg","https://cdn.yellosolarhub.com/products/carregadores/NEOSOLAR_CHARGERS_27329.jpg","carregadores",1486,"jpg"
"NEOSOLARCHARGERS27330",true,1,"https://cdn.yellosolarhub.com/products/carregadores/NEOSOLAR_CHARGERS_27330.jpg","https://cdn.yellosolarhub.com/products/carregadores/NEOSOLAR_CHARGERS_27330.jpg","carregadores",1486,"jpg"
"NEOSOLARCHARGERS27386",true,1,"https://cdn.yellosolarhub.com/products/carregadores/NEOSOLAR_CHARGERS_27386.jpg","https://cdn.yellosolarhub.com/products/carregadores/NEOSOLAR_CHARGERS_27386.jpg","carregadores",1486,"jpg"
"NEOSOLARCONTROLLERS20055",true,1,"https://cdn.yellosolarhub.com/products/controladores/NEOSOLAR_CONTROLLERS_20055.jpg","https://cdn.yellosolarhub.com/products/controladores/NEOSOLAR_CONTROLLERS_20055.jpg","controladores",29916,"jpg"
"NEOSOLARCONTROLLERS20056",true,1,"https://cdn.yellosolarhub.com/products/controladores/NEOSOLAR_CONTROLLERS_20056.jpg","https://cdn.yellosolarhub.com/products/controladores/NEOSOLAR_CONTROLLERS_20056.jpg","controladores",20844,"jpg"
"NEOSOLARCONTROLLERS20057",true,1,"https://cdn.yellosolarhub.com/products/controladores/NEOSOLAR_CONTROLLERS_20057.jpg","https://cdn.yellosolarhub.com/products/controladores/NEOSOLAR_CONTROLLERS_20057.jpg","controladores",27170,"jpg"
"NEOSOLARCONTROLLERS20079",true,1,"https://cdn.yellosolarhub.com/products/controladores/NEOSOLAR_CONTROLLERS_20079.jpg","https://cdn.yellosolarhub.com/products/controladores/NEOSOLAR_CONTROLLERS_20079.jpg","controladores",48827,"jpg"
"NEOSOLARCONTROLLERS20080",true,1,"https://cdn.yellosolarhub.com/products/controladores/NEOSOLAR_CONTROLLERS_20080.jpg","https://cdn.yellosolarhub.com/products/controladores/NEOSOLAR_CONTROLLERS_20080.jpg","controladores",42392,"jpg"
"NEOSOLARCONTROLLERS20082",true,1,"https://cdn.yellosolarhub.com/products/controladores/NEOSOLAR_CONTROLLERS_20082.jpg","https://cdn.yellosolarhub.com/products/controladores/NEOSOLAR_CONTROLLERS_20082.jpg","controladores",1534,"jpg"
"NEOSOLARCONTROLLERS20084",true,1,"https://cdn.yellosolarhub.com/products/controladores/NEOSOLAR_CONTROLLERS_20084.jpg","https://cdn.yellosolarhub.com/products/controladores/NEOSOLAR_CONTROLLERS_20084.jpg","controladores",34336,"jpg"
"NEOSOLARCONTROLLERS20085",true,1,"https://cdn.yellosolarhub.com/products/controladores/NEOSOLAR_CONTROLLERS_20085.jpg","https://cdn.yellosolarhub.com/products/controladores/NEOSOLAR_CONTROLLERS_20085.jpg","controladores",33100,"jpg"
"NEOSOLARCONTROLLERS20105",true,1,"https://cdn.yellosolarhub.com/products/controladores/NEOSOLAR_CONTROLLERS_20105.jpg","https://cdn.yellosolarhub.com/products/controladores/NEOSOLAR_CONTROLLERS_20105.jpg","controladores",48689,"jpg"
"NEOSOLARCONTROLLERS20106",true,1,"https://cdn.yellosolarhub.com/products/controladores/NEOSOLAR_CONTROLLERS_20106.jpg","https://cdn.yellosolarhub.com/products/controladores/NEOSOLAR_CONTROLLERS_20106.jpg","controladores",52506,"jpg"
"NEOSOLARCONTROLLERS20107",true,1,"https://cdn.yellosolarhub.com/products/controladores/NEOSOLAR_CONTROLLERS_20107.jpg","https://cdn.yellosolarhub.com/products/controladores/NEOSOLAR_CONTROLLERS_20107.jpg","controladores",49723,"jpg"
"NEOSOLARCONTROLLERS20109",true,1,"https://cdn.yellosolarhub.com/products/controladores/NEOSOLAR_CONTROLLERS_20109.jpg","https://cdn.yellosolarhub.com/products/controladores/NEOSOLAR_CONTROLLERS_20109.jpg","controladores",42916,"jpg"
"NEOSOLARCONTROLLERS20110",true,1,"https://cdn.yellosolarhub.com/products/controladores/NEOSOLAR_CONTROLLERS_20110.jpg","https://cdn.yellosolarhub.com/products/controladores/NEOSOLAR_CONTROLLERS_20110.jpg","controladores",45047,"jpg"
"NEOSOLARCONTROLLERS20112",true,1,"https://cdn.yellosolarhub.com/products/controladores/NEOSOLAR_CONTROLLERS_20112.jpg","https://cdn.yellosolarhub.com/products/controladores/NEOSOLAR_CONTROLLERS_20112.jpg","controladores",69870,"jpg"
"NEOSOLARCONTROLLERS20114",true,1,"https://cdn.yellosolarhub.com/products/controladores/NEOSOLAR_CONTROLLERS_20114.jpg","https://cdn.yellosolarhub.com/products/controladores/NEOSOLAR_CONTROLLERS_20114.jpg","controladores",37342,"jpg"
"NEOSOLARCONTROLLERS20126",true,1,"https://cdn.yellosolarhub.com/products/controladores/neosolar_controllers_20126.jpg","https://cdn.yellosolarhub.com/products/controladores/neosolar_controllers_20126.jpg","controladores",35530,"jpg"
"NEOSOLARCONTROLLERS20127",true,1,"https://cdn.yellosolarhub.com/products/controladores/neosolar_controllers_20127.jpg","https://cdn.yellosolarhub.com/products/controladores/neosolar_controllers_20127.jpg","controladores",33512,"jpg"
"NEOSOLARCONTROLLERS20128",true,1,"https://cdn.yellosolarhub.com/products/controladores/neosolar_controllers_20128.jpg","https://cdn.yellosolarhub.com/products/controladores/neosolar_controllers_20128.jpg","controladores",33751,"jpg"
"NEOSOLARCONTROLLERS20131",true,1,"https://cdn.yellosolarhub.com/products/controladores/neosolar_controllers_20131.jpg","https://cdn.yellosolarhub.com/products/controladores/neosolar_controllers_20131.jpg","controladores",34691,"jpg"
"NEOSOLARCONTROLLERS20132",true,1,"https://cdn.yellosolarhub.com/products/controladores/neosolar_controllers_20132.jpg","https://cdn.yellosolarhub.com/products/controladores/neosolar_controllers_20132.jpg","controladores",36846,"jpg"
"NEOSOLARCONTROLLERS20134",true,1,"https://cdn.yellosolarhub.com/products/controladores/neosolar_controllers_20134.jpg","https://cdn.yellosolarhub.com/products/controladores/neosolar_controllers_20134.jpg","controladores",39384,"jpg"
"NEOSOLARCONTROLLERS20135",true,1,"https://cdn.yellosolarhub.com/products/controladores/neosolar_controllers_20135.jpg","https://cdn.yellosolarhub.com/products/controladores/neosolar_controllers_20135.jpg","controladores",40699,"jpg"
"NEOSOLARCONTROLLERS20137",true,1,"https://cdn.yellosolarhub.com/products/controladores/neosolar_controllers_20137.jpg","https://cdn.yellosolarhub.com/products/controladores/neosolar_controllers_20137.jpg","controladores",39611,"jpg"
"NEOSOLARCONTROLLERS20139",true,1,"https://cdn.yellosolarhub.com/products/controladores/neosolar_controllers_20139.jpg","https://cdn.yellosolarhub.com/products/controladores/neosolar_controllers_20139.jpg","controladores",34403,"jpg"
"NEOSOLARCONTROLLERS20142",true,1,"https://cdn.yellosolarhub.com/products/controladores/neosolar_controllers_20142.jpg","https://cdn.yellosolarhub.com/products/controladores/neosolar_controllers_20142.jpg","controladores",34403,"jpg"
"NEOSOLARCONTROLLERS20356",true,1,"https://cdn.yellosolarhub.com/products/controladores/NEOSOLAR_CONTROLLERS_20356.jpg","https://cdn.yellosolarhub.com/products/controladores/NEOSOLAR_CONTROLLERS_20356.jpg","controladores",55613,"jpg"
"NEOSOLARCONTROLLERS20357",true,1,"https://cdn.yellosolarhub.com/products/controladores/NEOSOLAR_CONTROLLERS_20357.jpg","https://cdn.yellosolarhub.com/products/controladores/NEOSOLAR_CONTROLLERS_20357.jpg","controladores",55582,"jpg"
"NEOSOLARCONTROLLERS20358",true,1,"https://cdn.yellosolarhub.com/products/controladores/NEOSOLAR_CONTROLLERS_20358.jpg","https://cdn.yellosolarhub.com/products/controladores/NEOSOLAR_CONTROLLERS_20358.jpg","controladores",48371,"jpg"
"NEOSOLARCONTROLLERS20359",true,1,"https://cdn.yellosolarhub.com/products/controladores/NEOSOLAR_CONTROLLERS_20359.jpg","https://cdn.yellosolarhub.com/products/controladores/NEOSOLAR_CONTROLLERS_20359.jpg","controladores",46537,"jpg"
"NEOSOLARCONTROLLERS20392",true,1,"https://cdn.yellosolarhub.com/products/controladores/NEOSOLAR_CONTROLLERS_20392.jpg","https://cdn.yellosolarhub.com/products/controladores/NEOSOLAR_CONTROLLERS_20392.jpg","controladores",12703,"jpg"
"NEOSOLARCONTROLLERS20781",true,1,"https://cdn.yellosolarhub.com/products/controladores/NEOSOLAR_CONTROLLERS_20781.jpg","https://cdn.yellosolarhub.com/products/controladores/NEOSOLAR_CONTROLLERS_20781.jpg","controladores",33100,"jpg"
"NEOSOLARCONTROLLERS21564",true,1,"https://cdn.yellosolarhub.com/products/controladores/NEOSOLAR_CONTROLLERS_21564.jpg","https://cdn.yellosolarhub.com/products/controladores/NEOSOLAR_CONTROLLERS_21564.jpg","controladores",41468,"jpg"
"NEOSOLARCONTROLLERS21565",true,1,"https://cdn.yellosolarhub.com/products/controladores/NEOSOLAR_CONTROLLERS_21565.jpg","https://cdn.yellosolarhub.com/products/controladores/NEOSOLAR_CONTROLLERS_21565.jpg","controladores",41468,"jpg"
"NEOSOLARCONTROLLERS21708",true,1,"https://cdn.yellosolarhub.com/products/controladores/NEOSOLAR_CONTROLLERS_21708.jpg","https://cdn.yellosolarhub.com/products/controladores/NEOSOLAR_CONTROLLERS_21708.jpg","controladores",54056,"jpg"
"NEOSOLARCONTROLLERS21709",true,1,"https://cdn.yellosolarhub.com/products/controladores/NEOSOLAR_CONTROLLERS_21709.jpg","https://cdn.yellosolarhub.com/products/controladores/NEOSOLAR_CONTROLLERS_21709.jpg","controladores",46587,"jpg"
"NEOSOLARCONTROLLERS21998",true,1,"https://cdn.yellosolarhub.com/products/controladores/neosolar_controllers_21998.jpg","https://cdn.yellosolarhub.com/products/controladores/neosolar_controllers_21998.jpg","controladores",28758,"jpg"
"NEOSOLARCONTROLLERS22397",true,1,"https://cdn.yellosolarhub.com/products/controladores/NEOSOLAR_CONTROLLERS_22397.jpg","https://cdn.yellosolarhub.com/products/controladores/NEOSOLAR_CONTROLLERS_22397.jpg","controladores",41858,"jpg"
"NEOSOLARCONTROLLERS22724",true,1,"https://cdn.yellosolarhub.com/products/controladores/NEOSOLAR_CONTROLLERS_22724.jpg","https://cdn.yellosolarhub.com/products/controladores/NEOSOLAR_CONTROLLERS_22724.jpg","controladores",12531,"jpg"
"NEOSOLARCONTROLLERS22725",true,1,"https://cdn.yellosolarhub.com/products/controladores/NEOSOLAR_CONTROLLERS_22725.jpg","https://cdn.yellosolarhub.com/products/controladores/NEOSOLAR_CONTROLLERS_22725.jpg","controladores",13113,"jpg"
"NEOSOLARCONTROLLERS23052",true,1,"https://cdn.yellosolarhub.com/products/controladores/neosolar_controllers_23052.jpg","https://cdn.yellosolarhub.com/products/controladores/neosolar_controllers_23052.jpg","controladores",28758,"jpg"
"NEOSOLARCONTROLLERS23053",true,1,"https://cdn.yellosolarhub.com/products/controladores/neosolar_controllers_23053.jpg","https://cdn.yellosolarhub.com/products/controladores/neosolar_controllers_23053.jpg","controladores",28758,"jpg"
"NEOSOLARCONTROLLERS23054",true,1,"https://cdn.yellosolarhub.com/products/controladores/neosolar_controllers_23054.jpg","https://cdn.yellosolarhub.com/products/controladores/neosolar_controllers_23054.jpg","controladores",28758,"jpg"
"NEOSOLARCONTROLLERS23055",true,1,"https://cdn.yellosolarhub.com/products/controladores/neosolar_controllers_23055.jpg","https://cdn.yellosolarhub.com/products/controladores/neosolar_controllers_23055.jpg","controladores",28758,"jpg"
"NEOSOLARCONTROLLERS23071",true,1,"https://cdn.yellosolarhub.com/products/controladores/NEOSOLAR_CONTROLLERS_23071.jpg","https://cdn.yellosolarhub.com/products/controladores/NEOSOLAR_CONTROLLERS_23071.jpg","controladores",47681,"jpg"
"NEOSOLARCONTROLLERS23072",true,1,"https://cdn.yellosolarhub.com/products/controladores/NEOSOLAR_CONTROLLERS_23072.jpg","https://cdn.yellosolarhub.com/products/controladores/NEOSOLAR_CONTROLLERS_23072.jpg","controladores",24395,"jpg"
"NEOSOLARCONTROLLERS23354",true,1,"https://cdn.yellosolarhub.com/products/controladores/NEOSOLAR_CONTROLLERS_23354.jpg","https://cdn.yellosolarhub.com/products/controladores/NEOSOLAR_CONTROLLERS_23354.jpg","controladores",18761,"jpg"
"NEOSOLARCONTROLLERS23355",true,1,"https://cdn.yellosolarhub.com/products/controladores/NEOSOLAR_CONTROLLERS_23355.jpg","https://cdn.yellosolarhub.com/products/controladores/NEOSOLAR_CONTROLLERS_23355.jpg","controladores",32543,"jpg"
"NEOSOLARCONTROLLERS23500",true,1,"https://cdn.yellosolarhub.com/products/controladores/NEOSOLAR_CONTROLLERS_23500.jpg","https://cdn.yellosolarhub.com/products/controladores/NEOSOLAR_CONTROLLERS_23500.jpg","controladores",13478,"jpg"
"NEOSOLARCONTROLLERS24166",true,1,"https://cdn.yellosolarhub.com/products/controladores/NEOSOLAR_CONTROLLERS_24166.jpg","https://cdn.yellosolarhub.com/products/controladores/NEOSOLAR_CONTROLLERS_24166.jpg","controladores",57597,"jpg"
"NEOSOLARCONTROLLERS24241",true,1,"https://cdn.yellosolarhub.com/products/controladores/NEOSOLAR_CONTROLLERS_24241.jpg","https://cdn.yellosolarhub.com/products/controladores/NEOSOLAR_CONTROLLERS_24241.jpg","controladores",2149,"jpg"
"NEOSOLARCONTROLLERS24245",true,1,"https://cdn.yellosolarhub.com/products/controladores/NEOSOLAR_CONTROLLERS_24245.jpg","https://cdn.yellosolarhub.com/products/controladores/NEOSOLAR_CONTROLLERS_24245.jpg","controladores",18731,"jpg"
"NEOSOLARCONTROLLERS24349",true,1,"https://cdn.yellosolarhub.com/products/controladores/NEOSOLAR_CONTROLLERS_24349.jpg","https://cdn.yellosolarhub.com/products/controladores/NEOSOLAR_CONTROLLERS_24349.jpg","controladores",36201,"jpg"
"NEOSOLARCONTROLLERS24798",true,1,"https://cdn.yellosolarhub.com/products/controladores/NEOSOLAR_CONTROLLERS_24798.jpg","https://cdn.yellosolarhub.com/products/controladores/NEOSOLAR_CONTROLLERS_24798.jpg","controladores",16040,"jpg"
"NEOSOLARINVERTERS20217",true,1,"https://cdn.yellosolarhub.com/products/inversores/neosolar_inverters_20217.jpg","https://cdn.yellosolarhub.com/products/inversores/neosolar_inverters_20217.jpg","inversores",19766,"jpg"
"NEOSOLARINVERTERS20247",true,1,"https://cdn.yellosolarhub.com/products/inversores/neosolar_inverters_20247.jpg","https://cdn.yellosolarhub.com/products/inversores/neosolar_inverters_20247.jpg","inversores",30967,"jpg"
"NEOSOLARINVERTERS20249",true,1,"https://cdn.yellosolarhub.com/products/inversores/neosolar_inverters_20249.jpg","https://cdn.yellosolarhub.com/products/inversores/neosolar_inverters_20249.jpg","inversores",30606,"jpg"
"NEOSOLARINVERTERS20250",true,1,"https://cdn.yellosolarhub.com/products/inversores/neosolar_inverters_20250.jpg","https://cdn.yellosolarhub.com/products/inversores/neosolar_inverters_20250.jpg","inversores",30967,"jpg"
"NEOSOLARINVERTERS20252",true,1,"https://cdn.yellosolarhub.com/products/inversores/neosolar_inverters_20252.jpg","https://cdn.yellosolarhub.com/products/inversores/neosolar_inverters_20252.jpg","inversores",26951,"jpg"
"NEOSOLARINVERTERS20253",true,1,"https://cdn.yellosolarhub.com/products/inversores/neosolar_inverters_20253.jpg","https://cdn.yellosolarhub.com/products/inversores/neosolar_inverters_20253.jpg","inversores",26951,"jpg"
"NEOSOLARINVERTERS20255",true,1,"https://cdn.yellosolarhub.com/products/inversores/neosolar_inverters_20255.jpg","https://cdn.yellosolarhub.com/products/inversores/neosolar_inverters_20255.jpg","inversores",26951,"jpg"
"NEOSOLARINVERTERS20256",true,1,"https://cdn.yellosolarhub.com/products/inversores/neosolar_inverters_20256.jpg","https://cdn.yellosolarhub.com/products/inversores/neosolar_inverters_20256.jpg","inversores",30967,"jpg"
"NEOSOLARINVERTERS20258",true,1,"https://cdn.yellosolarhub.com/products/inversores/neosolar_inverters_20258.jpg","https://cdn.yellosolarhub.com/products/inversores/neosolar_inverters_20258.jpg","inversores",24343,"jpg"
"NEOSOLARINVERTERS20259",true,1,"https://cdn.yellosolarhub.com/products/inversores/neosolar_inverters_20259.jpg","https://cdn.yellosolarhub.com/products/inversores/neosolar_inverters_20259.jpg","inversores",30967,"jpg"
"NEOSOLARINVERTERS20260",true,1,"https://cdn.yellosolarhub.com/products/inversores/neosolar_inverters_20260.jpg","https://cdn.yellosolarhub.com/products/inversores/neosolar_inverters_20260.jpg","inversores",26951,"jpg"
"NEOSOLARINVERTERS20261",true,1,"https://cdn.yellosolarhub.com/products/inversores/neosolar_inverters_20261.jpg","https://cdn.yellosolarhub.com/products/inversores/neosolar_inverters_20261.jpg","inversores",26951,"jpg"
"NEOSOLARINVERTERS20262",true,1,"https://cdn.yellosolarhub.com/products/inversores/neosolar_inverters_20262.jpg","https://cdn.yellosolarhub.com/products/inversores/neosolar_inverters_20262.jpg","inversores",26951,"jpg"
"NEOSOLARINVERTERS20264",true,1,"https://cdn.yellosolarhub.com/products/inversores/neosolar_inverters_20264.jpg","https://cdn.yellosolarhub.com/products/inversores/neosolar_inverters_20264.jpg","inversores",26951,"jpg"
"NEOSOLARINVERTERS20265",true,1,"https://cdn.yellosolarhub.com/products/inversores/neosolar_inverters_20265.jpg","https://cdn.yellosolarhub.com/products/inversores/neosolar_inverters_20265.jpg","inversores",26414,"jpg"
"NEOSOLARINVERTERS20266",true,1,"https://cdn.yellosolarhub.com/products/inversores/neosolar_inverters_20266.jpg","https://cdn.yellosolarhub.com/products/inversores/neosolar_inverters_20266.jpg","inversores",20280,"jpg"
"NEOSOLARINVERTERS20267",true,1,"https://cdn.yellosolarhub.com/products/inversores/neosolar_inverters_20267.jpg","https://cdn.yellosolarhub.com/products/inversores/neosolar_inverters_20267.jpg","inversores",26414,"jpg"
"NEOSOLARINVERTERS20268",true,1,"https://cdn.yellosolarhub.com/products/inversores/neosolar_inverters_20268.jpg","https://cdn.yellosolarhub.com/products/inversores/neosolar_inverters_20268.jpg","inversores",20280,"jpg"
"NEOSOLARINVERTERS20269",true,1,"https://cdn.yellosolarhub.com/products/inversores/neosolar_inverters_20269.jpg","https://cdn.yellosolarhub.com/products/inversores/neosolar_inverters_20269.jpg","inversores",20280,"jpg"
"NEOSOLARINVERTERS20287",true,1,"https://cdn.yellosolarhub.com/products/inversores/neosolar_inverters_20287.jpg","https://cdn.yellosolarhub.com/products/inversores/neosolar_inverters_20287.jpg","inversores",42166,"jpg"
"NEOSOLARINVERTERS20525",true,1,"https://cdn.yellosolarhub.com/products/inversores/neosolar_inverters_20525.jpg","https://cdn.yellosolarhub.com/products/inversores/neosolar_inverters_20525.jpg","inversores",24758,"jpg"
"NEOSOLARINVERTERS20563",true,1,"https://cdn.yellosolarhub.com/products/inversores/neosolar_inverters_20563.jpg","https://cdn.yellosolarhub.com/products/inversores/neosolar_inverters_20563.jpg","inversores",68121,"jpg"
"NEOSOLARINVERTERS20564",true,1,"https://cdn.yellosolarhub.com/products/inversores/neosolar_inverters_20564.jpg","https://cdn.yellosolarhub.com/products/inversores/neosolar_inverters_20564.jpg","inversores",67957,"jpg"
"NEOSOLARINVERTERS20565",true,1,"https://cdn.yellosolarhub.com/products/inversores/neosolar_inverters_20565.jpg","https://cdn.yellosolarhub.com/products/inversores/neosolar_inverters_20565.jpg","inversores",67033,"jpg"
"NEOSOLARINVERTERS20566",true,1,"https://cdn.yellosolarhub.com/products/inversores/neosolar_inverters_20566.jpg","https://cdn.yellosolarhub.com/products/inversores/neosolar_inverters_20566.jpg","inversores",66651,"jpg"
"NEOSOLARINVERTERS20666",true,1,"https://cdn.yellosolarhub.com/products/inversores/neosolar_inverters_20666.jpg","https://cdn.yellosolarhub.com/products/inversores/neosolar_inverters_20666.jpg","inversores",26951,"jpg"
"NEOSOLARINVERTERS20778",true,1,"https://cdn.yellosolarhub.com/products/inversores/neosolar_inverters_20778.jpg","https://cdn.yellosolarhub.com/products/inversores/neosolar_inverters_20778.jpg","inversores",24758,"jpg"
"NEOSOLARINVERTERS20922",true,1,"https://cdn.yellosolarhub.com/products/inversores/neosolar_inverters_20922.jpg","https://cdn.yellosolarhub.com/products/inversores/neosolar_inverters_20922.jpg","inversores",30606,"jpg"
"NEOSOLARINVERTERS20924",true,1,"https://cdn.yellosolarhub.com/products/inversores/neosolar_inverters_20924.jpg","https://cdn.yellosolarhub.com/products/inversores/neosolar_inverters_20924.jpg","inversores",24758,"jpg"
"NEOSOLARINVERTERS21306",true,1,"https://cdn.yellosolarhub.com/products/inversores/neosolar_inverters_21306.jpg","https://cdn.yellosolarhub.com/products/inversores/neosolar_inverters_21306.jpg","inversores",27833,"jpg"
"NEOSOLARINVERTERS21442",true,1,"https://cdn.yellosolarhub.com/products/inversores/neosolar_inverters_21442.jpg","https://cdn.yellosolarhub.com/products/inversores/neosolar_inverters_21442.jpg","inversores",24758,"jpg"
"NEOSOLARINVERTERS21630",true,1,"https://cdn.yellosolarhub.com/products/inversores/neosolar_inverters_21630.jpg","https://cdn.yellosolarhub.com/products/inversores/neosolar_inverters_21630.jpg","inversores",31016,"jpg"
"NEOSOLARINVERTERS21631",true,1,"https://cdn.yellosolarhub.com/products/inversores/neosolar_inverters_21631.jpg","https://cdn.yellosolarhub.com/products/inversores/neosolar_inverters_21631.jpg","inversores",29677,"jpg"
"NEOSOLARINVERTERS21633",true,1,"https://cdn.yellosolarhub.com/products/inversores/neosolar_inverters_21633.jpg","https://cdn.yellosolarhub.com/products/inversores/neosolar_inverters_21633.jpg","inversores",31016,"jpg"
"NEOSOLARINVERTERS21634",true,1,"https://cdn.yellosolarhub.com/products/inversores/neosolar_inverters_21634.jpg","https://cdn.yellosolarhub.com/products/inversores/neosolar_inverters_21634.jpg","inversores",31016,"jpg"
"NEOSOLARINVERTERS21639",true,1,"https://cdn.yellosolarhub.com/products/inversores/neosolar_inverters_21639.jpg","https://cdn.yellosolarhub.com/products/inversores/neosolar_inverters_21639.jpg","inversores",31016,"jpg"
"NEOSOLARINVERTERS21640",true,1,"https://cdn.yellosolarhub.com/products/inversores/neosolar_inverters_21640.jpg","https://cdn.yellosolarhub.com/products/inversores/neosolar_inverters_21640.jpg","inversores",31016,"jpg"
"NEOSOLARINVERTERS21641",true,1,"https://cdn.yellosolarhub.com/products/inversores/neosolar_inverters_21641.jpg","https://cdn.yellosolarhub.com/products/inversores/neosolar_inverters_21641.jpg","inversores",31016,"jpg"
"NEOSOLARINVERTERS21642",true,1,"https://cdn.yellosolarhub.com/products/inversores/neosolar_inverters_21642.jpg","https://cdn.yellosolarhub.com/products/inversores/neosolar_inverters_21642.jpg","inversores",67897,"jpg"
"NEOSOLARINVERTERS21824",true,1,"https://cdn.yellosolarhub.com/products/inversores/neosolar_inverters_21824.jpg","https://cdn.yellosolarhub.com/products/inversores/neosolar_inverters_21824.jpg","inversores",19686,"jpg"
"NEOSOLARINVERTERS22021",true,1,"https://cdn.yellosolarhub.com/products/inversores/neosolar_inverters_22021.jpg","https://cdn.yellosolarhub.com/products/inversores/neosolar_inverters_22021.jpg","inversores",73783,"jpg"
"NEOSOLARINVERTERS22022",true,1,"https://cdn.yellosolarhub.com/products/inversores/neosolar_inverters_22022.jpg","https://cdn.yellosolarhub.com/products/inversores/neosolar_inverters_22022.jpg","inversores",49278,"jpg"
"NEOSOLARINVERTERS22023",true,1,"https://cdn.yellosolarhub.com/products/inversores/neosolar_inverters_22023.jpg","https://cdn.yellosolarhub.com/products/inversores/neosolar_inverters_22023.jpg","inversores",48787,"jpg"
"NEOSOLARINVERTERS22024",true,1,"https://cdn.yellosolarhub.com/products/inversores/neosolar_inverters_22024.jpg","https://cdn.yellosolarhub.com/products/inversores/neosolar_inverters_22024.jpg","inversores",44633,"jpg"
"NEOSOLARINVERTERS22025",true,1,"https://cdn.yellosolarhub.com/products/inversores/neosolar_inverters_22025.jpg","https://cdn.yellosolarhub.com/products/inversores/neosolar_inverters_22025.jpg","inversores",48275,"jpg"
"NEOSOLARINVERTERS22095",true,1,"https://cdn.yellosolarhub.com/products/inversores/neosolar_inverters_22095.jpg","https://cdn.yellosolarhub.com/products/inversores/neosolar_inverters_22095.jpg","inversores",30606,"jpg"
"NEOSOLARINVERTERS22099",true,1,"https://cdn.yellosolarhub.com/products/inversores/neosolar_inverters_22099.jpg","https://cdn.yellosolarhub.com/products/inversores/neosolar_inverters_22099.jpg","inversores",19686,"jpg"
"NEOSOLARINVERTERS22144",true,1,"https://cdn.yellosolarhub.com/products/inversores/neosolar_inverters_22144.jpg","https://cdn.yellosolarhub.com/products/inversores/neosolar_inverters_22144.jpg","inversores",19690,"jpg"
"NEOSOLARINVERTERS22159",true,1,"https://cdn.yellosolarhub.com/products/inversores/neosolar_inverters_22159.jpg","https://cdn.yellosolarhub.com/products/inversores/neosolar_inverters_22159.jpg","inversores",21629,"jpg"
"NEOSOLARINVERTERS22663",true,1,"https://cdn.yellosolarhub.com/products/inversores/NEOSOLAR_INVERTERS_22663.jpg","https://cdn.yellosolarhub.com/products/inversores/NEOSOLAR_INVERTERS_22663.jpg","inversores",42636,"jpg"
"NEOSOLARINVERTERS22671",true,1,"https://cdn.yellosolarhub.com/products/inversores/NEOSOLAR_INVERTERS_22671.jpg","https://cdn.yellosolarhub.com/products/inversores/NEOSOLAR_INVERTERS_22671.jpg","inversores",51482,"jpg"
"NEOSOLARINVERTERS22675",true,1,"https://cdn.yellosolarhub.com/products/inversores/NEOSOLAR_INVERTERS_22675.jpg","https://cdn.yellosolarhub.com/products/inversores/NEOSOLAR_INVERTERS_22675.jpg","inversores",76459,"jpg"
"NEOSOLARINVERTERS22676",true,1,"https://cdn.yellosolarhub.com/products/inversores/NEOSOLAR_INVERTERS_22676.jpg","https://cdn.yellosolarhub.com/products/inversores/NEOSOLAR_INVERTERS_22676.jpg","inversores",55099,"jpg"
"NEOSOLARINVERTERS22677",true,1,"https://cdn.yellosolarhub.com/products/inversores/NEOSOLAR_INVERTERS_22677.jpg","https://cdn.yellosolarhub.com/products/inversores/NEOSOLAR_INVERTERS_22677.jpg","inversores",62083,"jpg"
"NEOSOLARINVERTERS22679",true,1,"https://cdn.yellosolarhub.com/products/inversores/NEOSOLAR_INVERTERS_22679.jpg","https://cdn.yellosolarhub.com/products/inversores/NEOSOLAR_INVERTERS_22679.jpg","inversores",44649,"jpg"
"NEOSOLARINVERTERS22684",true,1,"https://cdn.yellosolarhub.com/products/inversores/NEOSOLAR_INVERTERS_22684.jpg","https://cdn.yellosolarhub.com/products/inversores/NEOSOLAR_INVERTERS_22684.jpg","inversores",61899,"jpg"
"NEOSOLARINVERTERS22685",true,1,"https://cdn.yellosolarhub.com/products/inversores/NEOSOLAR_INVERTERS_22685.jpg","https://cdn.yellosolarhub.com/products/inversores/NEOSOLAR_INVERTERS_22685.jpg","inversores",62709,"jpg"
"NEOSOLARINVERTERS22689",true,1,"https://cdn.yellosolarhub.com/products/inversores/NEOSOLAR_INVERTERS_22689.jpg","https://cdn.yellosolarhub.com/products/inversores/NEOSOLAR_INVERTERS_22689.jpg","inversores",53482,"jpg"
"NEOSOLARINVERTERS22690",true,1,"https://cdn.yellosolarhub.com/products/inversores/NEOSOLAR_INVERTERS_22690.jpg","https://cdn.yellosolarhub.com/products/inversores/NEOSOLAR_INVERTERS_22690.jpg","inversores",64224,"jpg"
"NEOSOLARINVERTERS22691",true,1,"https://cdn.yellosolarhub.com/products/inversores/NEOSOLAR_INVERTERS_22691.jpg","https://cdn.yellosolarhub.com/products/inversores/NEOSOLAR_INVERTERS_22691.jpg","inversores",65933,"jpg"
"NEOSOLARINVERTERS22692",true,1,"https://cdn.yellosolarhub.com/products/inversores/NEOSOLAR_INVERTERS_22692.jpg","https://cdn.yellosolarhub.com/products/inversores/NEOSOLAR_INVERTERS_22692.jpg","inversores",49891,"jpg"
"NEOSOLARINVERTERS22714",true,1,"https://cdn.yellosolarhub.com/products/inversores/neosolar_inverters_22714.jpg","https://cdn.yellosolarhub.com/products/inversores/neosolar_inverters_22714.jpg","inversores",33903,"jpg"
"NEOSOLARINVERTERS22734",true,1,"https://cdn.yellosolarhub.com/products/inversores/neosolar_inverters_22734.jpg","https://cdn.yellosolarhub.com/products/inversores/neosolar_inverters_22734.jpg","inversores",30606,"jpg"
"NEOSOLARINVERTERS22921",true,1,"https://cdn.yellosolarhub.com/products/inversores/neosolar_inverters_22921.jpg","https://cdn.yellosolarhub.com/products/inversores/neosolar_inverters_22921.jpg","inversores",37935,"jpg"
"NEOSOLARINVERTERS23309",true,1,"https://cdn.yellosolarhub.com/products/inversores/neosolar_inverters_23309.jpg","https://cdn.yellosolarhub.com/products/inversores/neosolar_inverters_23309.jpg","inversores",15747,"jpg"
"NEOSOLARINVERTERS23782",true,1,"https://cdn.yellosolarhub.com/products/inversores/neosolar_inverters_23782.jpg","https://cdn.yellosolarhub.com/products/inversores/neosolar_inverters_23782.jpg","inversores",22245,"jpg"
"NEOSOLARINVERTERS23783",true,1,"https://cdn.yellosolarhub.com/products/inversores/neosolar_inverters_23783.jpg","https://cdn.yellosolarhub.com/products/inversores/neosolar_inverters_23783.jpg","inversores",25941,"jpg"
"NEOSOLARINVERTERS24825",true,1,"https://cdn.yellosolarhub.com/products/inversores/neosolar_inverters_24825.jpg","https://cdn.yellosolarhub.com/products/inversores/neosolar_inverters_24825.jpg","inversores",21626,"jpg"
"NEOSOLARINVERTERS24870",true,1,"https://cdn.yellosolarhub.com/products/inversores/neosolar_inverters_24870.jpg","https://cdn.yellosolarhub.com/products/inversores/neosolar_inverters_24870.jpg","inversores",132423,"jpg"
"NEOSOLARINVERTERS24872",true,1,"https://cdn.yellosolarhub.com/products/inversores/neosolar_inverters_24872.jpg","https://cdn.yellosolarhub.com/products/inversores/neosolar_inverters_24872.jpg","inversores",294629,"jpg"
"NEOSOLARINVERTERS24874",true,1,"https://cdn.yellosolarhub.com/products/inversores/neosolar_inverters_24874.jpg","https://cdn.yellosolarhub.com/products/inversores/neosolar_inverters_24874.jpg","inversores",132423,"jpg"
"NEOSOLARINVERTERS24876",true,1,"https://cdn.yellosolarhub.com/products/inversores/neosolar_inverters_24876.jpg","https://cdn.yellosolarhub.com/products/inversores/neosolar_inverters_24876.jpg","inversores",132423,"jpg"
"NEOSOLARINVERTERS24877",true,1,"https://cdn.yellosolarhub.com/products/inversores/neosolar_inverters_24877.jpg","https://cdn.yellosolarhub.com/products/inversores/neosolar_inverters_24877.jpg","inversores",132423,"jpg"
"NEOSOLARINVERTERS24878",true,1,"https://cdn.yellosolarhub.com/products/inversores/neosolar_inverters_24878.jpg","https://cdn.yellosolarhub.com/products/inversores/neosolar_inverters_24878.jpg","inversores",35495,"jpg"
"NEOSOLARINVERTERS24972",true,1,"https://cdn.yellosolarhub.com/products/inversores/neosolar_inverters_24972.jpg","https://cdn.yellosolarhub.com/products/inversores/neosolar_inverters_24972.jpg","inversores",25451,"jpg"
"NEOSOLARINVERTERS24973",true,1,"https://cdn.yellosolarhub.com/products/inversores/neosolar_inverters_24973.jpg","https://cdn.yellosolarhub.com/products/inversores/neosolar_inverters_24973.jpg","inversores",25451,"jpg"
"NEOSOLARINVERTERS25046",true,1,"https://cdn.yellosolarhub.com/products/inversores/NEOSOLAR_INVERTERS_25046.jpg","https://cdn.yellosolarhub.com/products/inversores/NEOSOLAR_INVERTERS_25046.jpg","inversores",33581,"jpg"
"NEOSOLARINVERTERS25050",true,1,"https://cdn.yellosolarhub.com/products/inversores/NEOSOLAR_INVERTERS_25050.jpg","https://cdn.yellosolarhub.com/products/inversores/NEOSOLAR_INVERTERS_25050.jpg","inversores",57348,"jpg"
"NEOSOLARINVERTERS25055",true,1,"https://cdn.yellosolarhub.com/products/inversores/NEOSOLAR_INVERTERS_25055.jpg","https://cdn.yellosolarhub.com/products/inversores/NEOSOLAR_INVERTERS_25055.jpg","inversores",67984,"jpg"
"NEOSOLARINVERTERS26628",true,1,"https://cdn.yellosolarhub.com/products/inversores/NEOSOLAR_INVERTERS_26628.jpg","https://cdn.yellosolarhub.com/products/inversores/NEOSOLAR_INVERTERS_26628.jpg","inversores",59464,"jpg"
"NEOSOLARINVERTERS26630",true,1,"https://cdn.yellosolarhub.com/products/inversores/NEOSOLAR_INVERTERS_26630.jpg","https://cdn.yellosolarhub.com/products/inversores/NEOSOLAR_INVERTERS_26630.jpg","inversores",38903,"jpg"
"NEOSOLARINVERTERS26657",true,1,"https://cdn.yellosolarhub.com/products/inversores/NEOSOLAR_INVERTERS_26657.jpg","https://cdn.yellosolarhub.com/products/inversores/NEOSOLAR_INVERTERS_26657.jpg","inversores",39265,"jpg"
"NEOSOLARINVERTERS26669",true,1,"https://cdn.yellosolarhub.com/products/inversores/NEOSOLAR_INVERTERS_26669.jpg","https://cdn.yellosolarhub.com/products/inversores/NEOSOLAR_INVERTERS_26669.jpg","inversores",39265,"jpg"
"NEOSOLARINVERTERS26673",true,1,"https://cdn.yellosolarhub.com/products/inversores/NEOSOLAR_INVERTERS_26673.jpg","https://cdn.yellosolarhub.com/products/inversores/NEOSOLAR_INVERTERS_26673.jpg","inversores",37322,"jpg"
"NEOSOLARINVERTERS26674",true,1,"https://cdn.yellosolarhub.com/products/inversores/NEOSOLAR_INVERTERS_26674.jpg","https://cdn.yellosolarhub.com/products/inversores/NEOSOLAR_INVERTERS_26674.jpg","inversores",35719,"jpg"
"NEOSOLARINVERTERS26675",true,1,"https://cdn.yellosolarhub.com/products/inversores/NEOSOLAR_INVERTERS_26675.jpg","https://cdn.yellosolarhub.com/products/inversores/NEOSOLAR_INVERTERS_26675.jpg","inversores",40531,"jpg"
"NEOSOLARINVERTERS26689",true,1,"https://cdn.yellosolarhub.com/products/inversores/NEOSOLAR_INVERTERS_26689.jpg","https://cdn.yellosolarhub.com/products/inversores/NEOSOLAR_INVERTERS_26689.jpg","inversores",46024,"jpg"
"NEOSOLARINVERTERS26690",true,1,"https://cdn.yellosolarhub.com/products/inversores/NEOSOLAR_INVERTERS_26690.jpg","https://cdn.yellosolarhub.com/products/inversores/NEOSOLAR_INVERTERS_26690.jpg","inversores",70067,"jpg"
"NEOSOLARINVERTERS26691",true,1,"https://cdn.yellosolarhub.com/products/inversores/NEOSOLAR_INVERTERS_26691.jpg","https://cdn.yellosolarhub.com/products/inversores/NEOSOLAR_INVERTERS_26691.jpg","inversores",66988,"jpg"
"NEOSOLARINVERTERS26692",true,1,"https://cdn.yellosolarhub.com/products/inversores/NEOSOLAR_INVERTERS_26692.jpg","https://cdn.yellosolarhub.com/products/inversores/NEOSOLAR_INVERTERS_26692.jpg","inversores",68891,"jpg"
"NEOSOLARINVERTERS26693",true,1,"https://cdn.yellosolarhub.com/products/inversores/NEOSOLAR_INVERTERS_26693.jpg","https://cdn.yellosolarhub.com/products/inversores/NEOSOLAR_INVERTERS_26693.jpg","inversores",70545,"jpg"
"NEOSOLARINVERTERS26753",true,1,"https://cdn.yellosolarhub.com/products/inversores/NEOSOLAR_INVERTERS_26753.jpg","https://cdn.yellosolarhub.com/products/inversores/NEOSOLAR_INVERTERS_26753.jpg","inversores",40261,"jpg"
"NEOSOLARINVERTERS26754",true,1,"https://cdn.yellosolarhub.com/products/inversores/NEOSOLAR_INVERTERS_26754.jpg","https://cdn.yellosolarhub.com/products/inversores/NEOSOLAR_INVERTERS_26754.jpg","inversores",41145,"jpg"
"NEOSOLARINVERTERS26755",true,1,"https://cdn.yellosolarhub.com/products/inversores/NEOSOLAR_INVERTERS_26755.jpg","https://cdn.yellosolarhub.com/products/inversores/NEOSOLAR_INVERTERS_26755.jpg","inversores",37403,"jpg"
"NEOSOLARINVERTERS26765",true,1,"https://cdn.yellosolarhub.com/products/inversores/NEOSOLAR_INVERTERS_26765.jpg","https://cdn.yellosolarhub.com/products/inversores/NEOSOLAR_INVERTERS_26765.jpg","inversores",37322,"jpg"
"NEOSOLARINVERTERS26766",true,1,"https://cdn.yellosolarhub.com/products/inversores/NEOSOLAR_INVERTERS_26766.jpg","https://cdn.yellosolarhub.com/products/inversores/NEOSOLAR_INVERTERS_26766.jpg","inversores",43050,"jpg"
"NEOSOLARINVERTERS26767",true,1,"https://cdn.yellosolarhub.com/products/inversores/NEOSOLAR_INVERTERS_26767.jpg","https://cdn.yellosolarhub.com/products/inversores/NEOSOLAR_INVERTERS_26767.jpg","inversores",38903,"jpg"
"NEOSOLARINVERTERS26768",true,1,"https://cdn.yellosolarhub.com/products/inversores/NEOSOLAR_INVERTERS_26768.jpg","https://cdn.yellosolarhub.com/products/inversores/NEOSOLAR_INVERTERS_26768.jpg","inversores",37403,"jpg"
"NEOSOLARINVERTERS26783",true,1,"https://cdn.yellosolarhub.com/products/inversores/NEOSOLAR_INVERTERS_26783.jpg","https://cdn.yellosolarhub.com/products/inversores/NEOSOLAR_INVERTERS_26783.jpg","inversores",59464,"jpg"
"NEOSOLARINVERTERS26785",true,1,"https://cdn.yellosolarhub.com/products/inversores/NEOSOLAR_INVERTERS_26785.jpg","https://cdn.yellosolarhub.com/products/inversores/NEOSOLAR_INVERTERS_26785.jpg","inversores",48092,"jpg"
"NEOSOLARINVERTERS26795",true,1,"https://cdn.yellosolarhub.com/products/inversores/NEOSOLAR_INVERTERS_26795.jpg","https://cdn.yellosolarhub.com/products/inversores/NEOSOLAR_INVERTERS_26795.jpg","inversores",38671,"jpg"
"NEOSOLARINVERTERS26799",true,1,"https://cdn.yellosolarhub.com/products/inversores/NEOSOLAR_INVERTERS_26799.jpg","https://cdn.yellosolarhub.com/products/inversores/NEOSOLAR_INVERTERS_26799.jpg","inversores",37322,"jpg"
"NEOSOLARINVERTERS26815",true,1,"https://cdn.yellosolarhub.com/products/inversores/NEOSOLAR_INVERTERS_26815.jpg","https://cdn.yellosolarhub.com/products/inversores/NEOSOLAR_INVERTERS_26815.jpg","inversores",57348,"jpg"
"NEOSOLARINVERTERS26816",true,1,"https://cdn.yellosolarhub.com/products/inversores/NEOSOLAR_INVERTERS_26816.jpg","https://cdn.yellosolarhub.com/products/inversores/NEOSOLAR_INVERTERS_26816.jpg","inversores",59445,"jpg"
"NEOSOLARINVERTERS26817",true,1,"https://cdn.yellosolarhub.com/products/inversores/NEOSOLAR_INVERTERS_26817.jpg","https://cdn.yellosolarhub.com/products/inversores/NEOSOLAR_INVERTERS_26817.jpg","inversores",35719,"jpg"
"NEOSOLARINVERTERS26845",true,1,"https://cdn.yellosolarhub.com/products/inversores/NEOSOLAR_INVERTERS_26845.jpg","https://cdn.yellosolarhub.com/products/inversores/NEOSOLAR_INVERTERS_26845.jpg","inversores",59445,"jpg"
"NEOSOLARINVERTERS26846",true,1,"https://cdn.yellosolarhub.com/products/inversores/NEOSOLAR_INVERTERS_26846.jpg","https://cdn.yellosolarhub.com/products/inversores/NEOSOLAR_INVERTERS_26846.jpg","inversores",42437,"jpg"
"NEOSOLARINVERTERS26847",true,1,"https://cdn.yellosolarhub.com/products/inversores/NEOSOLAR_INVERTERS_26847.jpg","https://cdn.yellosolarhub.com/products/inversores/NEOSOLAR_INVERTERS_26847.jpg","inversores",46216,"jpg"
"NEOSOLARINVERTERS26848",true,1,"https://cdn.yellosolarhub.com/products/inversores/NEOSOLAR_INVERTERS_26848.jpg","https://cdn.yellosolarhub.com/products/inversores/NEOSOLAR_INVERTERS_26848.jpg","inversores",42462,"jpg"
"NEOSOLARINVERTERS26849",true,1,"https://cdn.yellosolarhub.com/products/inversores/NEOSOLAR_INVERTERS_26849.jpg","https://cdn.yellosolarhub.com/products/inversores/NEOSOLAR_INVERTERS_26849.jpg","inversores",46166,"jpg"
"NEOSOLARINVERTERS26857",true,1,"https://cdn.yellosolarhub.com/products/inversores/NEOSOLAR_INVERTERS_26857.jpg","https://cdn.yellosolarhub.com/products/inversores/NEOSOLAR_INVERTERS_26857.jpg","inversores",59445,"jpg"
"NEOSOLARINVERTERS26858",true,1,"https://cdn.yellosolarhub.com/products/inversores/NEOSOLAR_INVERTERS_26858.jpg","https://cdn.yellosolarhub.com/products/inversores/NEOSOLAR_INVERTERS_26858.jpg","inversores",67984,"jpg"
"NEOSOLARINVERTERS26859",true,1,"https://cdn.yellosolarhub.com/products/inversores/NEOSOLAR_INVERTERS_26859.jpg","https://cdn.yellosolarhub.com/products/inversores/NEOSOLAR_INVERTERS_26859.jpg","inversores",44310,"jpg"
"NEOSOLARINVERTERS26860",true,1,"https://cdn.yellosolarhub.com/products/inversores/NEOSOLAR_INVERTERS_26860.jpg","https://cdn.yellosolarhub.com/products/inversores/NEOSOLAR_INVERTERS_26860.jpg","inversores",38903,"jpg"
"NEOSOLARINVERTERS26861",true,1,"https://cdn.yellosolarhub.com/products/inversores/NEOSOLAR_INVERTERS_26861.jpg","https://cdn.yellosolarhub.com/products/inversores/NEOSOLAR_INVERTERS_26861.jpg","inversores",35719,"jpg"
"NEOSOLARINVERTERS26922",true,1,"https://cdn.yellosolarhub.com/products/inversores/NEOSOLAR_INVERTERS_26922.jpg","https://cdn.yellosolarhub.com/products/inversores/NEOSOLAR_INVERTERS_26922.jpg","inversores",43549,"jpg"
"NEOSOLARINVERTERS26923",true,1,"https://cdn.yellosolarhub.com/products/inversores/NEOSOLAR_INVERTERS_26923.jpg","https://cdn.yellosolarhub.com/products/inversores/NEOSOLAR_INVERTERS_26923.jpg","inversores",39799,"jpg"
"NEOSOLARINVERTERS26924",true,1,"https://cdn.yellosolarhub.com/products/inversores/NEOSOLAR_INVERTERS_26924.jpg","https://cdn.yellosolarhub.com/products/inversores/NEOSOLAR_INVERTERS_26924.jpg","inversores",42779,"jpg"
"NEOSOLARINVERTERS26927",true,1,"https://cdn.yellosolarhub.com/products/inversores/NEOSOLAR_INVERTERS_26927.jpg","https://cdn.yellosolarhub.com/products/inversores/NEOSOLAR_INVERTERS_26927.jpg","inversores",43549,"jpg"
"NEOSOLARINVERTERS26929",true,1,"https://cdn.yellosolarhub.com/products/inversores/NEOSOLAR_INVERTERS_26929.jpg","https://cdn.yellosolarhub.com/products/inversores/NEOSOLAR_INVERTERS_26929.jpg","inversores",57348,"jpg"
"NEOSOLARINVERTERS26930",true,1,"https://cdn.yellosolarhub.com/products/inversores/NEOSOLAR_INVERTERS_26930.jpg","https://cdn.yellosolarhub.com/products/inversores/NEOSOLAR_INVERTERS_26930.jpg","inversores",43549,"jpg"
"NEOSOLARINVERTERS26931",true,1,"https://cdn.yellosolarhub.com/products/inversores/NEOSOLAR_INVERTERS_26931.jpg","https://cdn.yellosolarhub.com/products/inversores/NEOSOLAR_INVERTERS_26931.jpg","inversores",57348,"jpg"
"NEOSOLARINVERTERS26934",true,1,"https://cdn.yellosolarhub.com/products/inversores/NEOSOLAR_INVERTERS_26934.jpg","https://cdn.yellosolarhub.com/products/inversores/NEOSOLAR_INVERTERS_26934.jpg","inversores",42779,"jpg"
"NEOSOLARINVERTERS26936",true,1,"https://cdn.yellosolarhub.com/products/inversores/NEOSOLAR_INVERTERS_26936.jpg","https://cdn.yellosolarhub.com/products/inversores/NEOSOLAR_INVERTERS_26936.jpg","inversores",39799,"jpg"
"NEOSOLARINVERTERS26937",true,1,"https://cdn.yellosolarhub.com/products/inversores/NEOSOLAR_INVERTERS_26937.jpg","https://cdn.yellosolarhub.com/products/inversores/NEOSOLAR_INVERTERS_26937.jpg","inversores",40531,"jpg"
"NEOSOLARINVERTERS26938",true,1,"https://cdn.yellosolarhub.com/products/inversores/NEOSOLAR_INVERTERS_26938.jpg","https://cdn.yellosolarhub.com/products/inversores/NEOSOLAR_INVERTERS_26938.jpg","inversores",57348,"jpg"
"NEOSOLARINVERTERS26941",true,1,"https://cdn.yellosolarhub.com/products/inversores/NEOSOLAR_INVERTERS_26941.jpg","https://cdn.yellosolarhub.com/products/inversores/NEOSOLAR_INVERTERS_26941.jpg","inversores",43549,"jpg"
"NEOSOLARINVERTERS26943",true,1,"https://cdn.yellosolarhub.com/products/inversores/NEOSOLAR_INVERTERS_26943.jpg","https://cdn.yellosolarhub.com/products/inversores/NEOSOLAR_INVERTERS_26943.jpg","inversores",57348,"jpg"
"NEOSOLARINVERTERS26944",true,1,"https://cdn.yellosolarhub.com/products/inversores/NEOSOLAR_INVERTERS_26944.jpg","https://cdn.yellosolarhub.com/products/inversores/NEOSOLAR_INVERTERS_26944.jpg","inversores",39799,"jpg"
"NEOSOLARINVERTERS26945",true,1,"https://cdn.yellosolarhub.com/products/inversores/NEOSOLAR_INVERTERS_26945.jpg","https://cdn.yellosolarhub.com/products/inversores/NEOSOLAR_INVERTERS_26945.jpg","inversores",42779,"jpg"
"NEOSOLARINVERTERS26948",true,1,"https://cdn.yellosolarhub.com/products/inversores/NEOSOLAR_INVERTERS_26948.jpg","https://cdn.yellosolarhub.com/products/inversores/NEOSOLAR_INVERTERS_26948.jpg","inversores",57348,"jpg"
"NEOSOLARINVERTERS27091",true,1,"https://cdn.yellosolarhub.com/products/inversores/NEOSOLAR_INVERTERS_27091.jpg","https://cdn.yellosolarhub.com/products/inversores/NEOSOLAR_INVERTERS_27091.jpg","inversores",38608,"jpg"
"NEOSOLARINVERTERS27093",true,1,"https://cdn.yellosolarhub.com/products/inversores/NEOSOLAR_INVERTERS_27093.jpg","https://cdn.yellosolarhub.com/products/inversores/NEOSOLAR_INVERTERS_27093.jpg","inversores",44333,"jpg"
"NEOSOLARINVERTERS27128",true,1,"https://cdn.yellosolarhub.com/products/inversores/NEOSOLAR_INVERTERS_27128.jpg","https://cdn.yellosolarhub.com/products/inversores/NEOSOLAR_INVERTERS_27128.jpg","inversores",35683,"jpg"
"NEOSOLARINVERTERS27130",true,1,"https://cdn.yellosolarhub.com/products/inversores/NEOSOLAR_INVERTERS_27130.jpg","https://cdn.yellosolarhub.com/products/inversores/NEOSOLAR_INVERTERS_27130.jpg","inversores",59445,"jpg"
"NEOSOLARINVERTERS27131",true,1,"https://cdn.yellosolarhub.com/products/inversores/NEOSOLAR_INVERTERS_27131.jpg","https://cdn.yellosolarhub.com/products/inversores/NEOSOLAR_INVERTERS_27131.jpg","inversores",38608,"jpg"
"NEOSOLARINVERTERS27134",true,1,"https://cdn.yellosolarhub.com/products/inversores/NEOSOLAR_INVERTERS_27134.jpg","https://cdn.yellosolarhub.com/products/inversores/NEOSOLAR_INVERTERS_27134.jpg","inversores",45803,"jpg"
"NEOSOLARINVERTERS27136",true,1,"https://cdn.yellosolarhub.com/products/inversores/NEOSOLAR_INVERTERS_27136.jpg","https://cdn.yellosolarhub.com/products/inversores/NEOSOLAR_INVERTERS_27136.jpg","inversores",59464,"jpg"
"NEOSOLARINVERTERS27137",true,1,"https://cdn.yellosolarhub.com/products/inversores/NEOSOLAR_INVERTERS_27137.jpg","https://cdn.yellosolarhub.com/products/inversores/NEOSOLAR_INVERTERS_27137.jpg","inversores",41145,"jpg"
"NEOSOLARINVERTERS27141",true,1,"https://cdn.yellosolarhub.com/products/inversores/NEOSOLAR_INVERTERS_27141.jpg","https://cdn.yellosolarhub.com/products/inversores/NEOSOLAR_INVERTERS_27141.jpg","inversores",48096,"jpg"
"NEOSOLARINVERTERS27146",true,1,"https://cdn.yellosolarhub.com/products/inversores/NEOSOLAR_INVERTERS_27146.jpg","https://cdn.yellosolarhub.com/products/inversores/NEOSOLAR_INVERTERS_27146.jpg","inversores",39799,"jpg"
"NEOSOLARINVERTERS27149",true,1,"https://cdn.yellosolarhub.com/products/inversores/NEOSOLAR_INVERTERS_27149.jpg","https://cdn.yellosolarhub.com/products/inversores/NEOSOLAR_INVERTERS_27149.jpg","inversores",42779,"jpg"
"NEOSOLARINVERTERS27150",true,1,"https://cdn.yellosolarhub.com/products/inversores/NEOSOLAR_INVERTERS_27150.jpg","https://cdn.yellosolarhub.com/products/inversores/NEOSOLAR_INVERTERS_27150.jpg","inversores",43549,"jpg"
"NEOSOLARINVERTERS27152",true,1,"https://cdn.yellosolarhub.com/products/inversores/NEOSOLAR_INVERTERS_27152.jpg","https://cdn.yellosolarhub.com/products/inversores/NEOSOLAR_INVERTERS_27152.jpg","inversores",42779,"jpg"
"NEOSOLARINVERTERS27153",true,1,"https://cdn.yellosolarhub.com/products/inversores/NEOSOLAR_INVERTERS_27153.jpg","https://cdn.yellosolarhub.com/products/inversores/NEOSOLAR_INVERTERS_27153.jpg","inversores",32002,"jpg"
"NEOSOLARINVERTERS27156",true,1,"https://cdn.yellosolarhub.com/products/inversores/NEOSOLAR_INVERTERS_27156.jpg","https://cdn.yellosolarhub.com/products/inversores/NEOSOLAR_INVERTERS_27156.jpg","inversores",57348,"jpg"
"NEOSOLARINVERTERS27157",true,1,"https://cdn.yellosolarhub.com/products/inversores/NEOSOLAR_INVERTERS_27157.jpg","https://cdn.yellosolarhub.com/products/inversores/NEOSOLAR_INVERTERS_27157.jpg","inversores",39799,"jpg"
"NEOSOLARINVERTERS27160",true,1,"https://cdn.yellosolarhub.com/products/inversores/NEOSOLAR_INVERTERS_27160.jpg","https://cdn.yellosolarhub.com/products/inversores/NEOSOLAR_INVERTERS_27160.jpg","inversores",42779,"jpg"
"NEOSOLARINVERTERS27161",true,1,"https://cdn.yellosolarhub.com/products/inversores/NEOSOLAR_INVERTERS_27161.jpg","https://cdn.yellosolarhub.com/products/inversores/NEOSOLAR_INVERTERS_27161.jpg","inversores",57348,"jpg"
"NEOSOLARINVERTERS27162",true,1,"https://cdn.yellosolarhub.com/products/inversores/NEOSOLAR_INVERTERS_27162.jpg","https://cdn.yellosolarhub.com/products/inversores/NEOSOLAR_INVERTERS_27162.jpg","inversores",43549,"jpg"
"NEOSOLARINVERTERS27163",true,1,"https://cdn.yellosolarhub.com/products/inversores/NEOSOLAR_INVERTERS_27163.jpg","https://cdn.yellosolarhub.com/products/inversores/NEOSOLAR_INVERTERS_27163.jpg","inversores",43549,"jpg"
"NEOSOLARINVERTERS27166",true,1,"https://cdn.yellosolarhub.com/products/inversores/NEOSOLAR_INVERTERS_27166.jpg","https://cdn.yellosolarhub.com/products/inversores/NEOSOLAR_INVERTERS_27166.jpg","inversores",31237,"jpg"
"NEOSOLARINVERTERS27167",true,1,"https://cdn.yellosolarhub.com/products/inversores/NEOSOLAR_INVERTERS_27167.jpg","https://cdn.yellosolarhub.com/products/inversores/NEOSOLAR_INVERTERS_27167.jpg","inversores",32002,"jpg"
"NEOSOLARINVERTERS27171",true,1,"https://cdn.yellosolarhub.com/products/inversores/NEOSOLAR_INVERTERS_27171.jpg","https://cdn.yellosolarhub.com/products/inversores/NEOSOLAR_INVERTERS_27171.jpg","inversores",42779,"jpg"
"NEOSOLARINVERTERS27401",true,1,"https://cdn.yellosolarhub.com/products/inversores/NEOSOLAR_INVERTERS_27401.jpg","https://cdn.yellosolarhub.com/products/inversores/NEOSOLAR_INVERTERS_27401.jpg","inversores",42788,"jpg"
"NEOSOLARINVERTERS27406",true,1,"https://cdn.yellosolarhub.com/products/inversores/NEOSOLAR_INVERTERS_27406.jpg","https://cdn.yellosolarhub.com/products/inversores/NEOSOLAR_INVERTERS_27406.jpg","inversores",39799,"jpg"
"NEOSOLARKITS22690",true,1,"https://cdn.yellosolarhub.com/products/kits/neosolar_kits_22690.jpg","https://cdn.yellosolarhub.com/products/kits/neosolar_kits_22690.jpg","kits",64224,"jpg"
"NEOSOLARKITS22691",true,1,"https://cdn.yellosolarhub.com/products/kits/neosolar_kits_22691.jpg","https://cdn.yellosolarhub.com/products/kits/neosolar_kits_22691.jpg","kits",65933,"jpg"
"NEOSOLARKITS23586",true,1,"https://cdn.yellosolarhub.com/products/kits/neosolar_kits_23586.jpg","https://cdn.yellosolarhub.com/products/kits/neosolar_kits_23586.jpg","kits",31665,"jpg"
"NEOSOLARKITS23699",true,1,"https://cdn.yellosolarhub.com/products/kits/neosolar_kits_23699.jpg","https://cdn.yellosolarhub.com/products/kits/neosolar_kits_23699.jpg","kits",312125,"jpg"
"NEOSOLARKITS23703",true,1,"https://cdn.yellosolarhub.com/products/kits/neosolar_kits_23703.jpg","https://cdn.yellosolarhub.com/products/kits/neosolar_kits_23703.jpg","kits",331087,"jpg"
"NEOSOLARKITS23927",true,1,"https://cdn.yellosolarhub.com/products/kits/neosolar_kits_23927.jpg","https://cdn.yellosolarhub.com/products/kits/neosolar_kits_23927.jpg","kits",52964,"jpg"
"NEOSOLARKITS23928",true,1,"https://cdn.yellosolarhub.com/products/kits/neosolar_kits_23928.jpg","https://cdn.yellosolarhub.com/products/kits/neosolar_kits_23928.jpg","kits",68101,"jpg"
"NEOSOLARKITS23929",true,1,"https://cdn.yellosolarhub.com/products/kits/neosolar_kits_23929.jpg","https://cdn.yellosolarhub.com/products/kits/neosolar_kits_23929.jpg","kits",66063,"jpg"
"NEOSOLARKITS24170",true,1,"https://cdn.yellosolarhub.com/products/kits/NEOSOLAR_KITS_24170.jpg","https://cdn.yellosolarhub.com/products/kits/NEOSOLAR_KITS_24170.jpg","kits",28000,"jpg"
"NEOSOLARKITS24171",true,1,"https://cdn.yellosolarhub.com/products/kits/NEOSOLAR_KITS_24171.jpg","https://cdn.yellosolarhub.com/products/kits/NEOSOLAR_KITS_24171.jpg","kits",28000,"jpg"
"NEOSOLARKITS24172",true,1,"https://cdn.yellosolarhub.com/products/kits/NEOSOLAR_KITS_24172.jpg","https://cdn.yellosolarhub.com/products/kits/NEOSOLAR_KITS_24172.jpg","kits",28000,"jpg"
"NEOSOLARKITS24173",true,1,"https://cdn.yellosolarhub.com/products/kits/NEOSOLAR_KITS_24173.jpg","https://cdn.yellosolarhub.com/products/kits/NEOSOLAR_KITS_24173.jpg","kits",28000,"jpg"
"NEOSOLARKITS24174",true,1,"https://cdn.yellosolarhub.com/products/kits/NEOSOLAR_KITS_24174.jpg","https://cdn.yellosolarhub.com/products/kits/NEOSOLAR_KITS_24174.jpg","kits",28000,"jpg"
"NEOSOLARKITS24175",true,1,"https://cdn.yellosolarhub.com/products/kits/NEOSOLAR_KITS_24175.jpg","https://cdn.yellosolarhub.com/products/kits/NEOSOLAR_KITS_24175.jpg","kits",28000,"jpg"
"NEOSOLARKITS25043",true,1,"https://cdn.yellosolarhub.com/products/kits/neosolar_kits_25043.jpg","https://cdn.yellosolarhub.com/products/kits/neosolar_kits_25043.jpg","kits",33581,"jpg"
"NEOSOLARKITS25044",true,1,"https://cdn.yellosolarhub.com/products/kits/neosolar_kits_25044.jpg","https://cdn.yellosolarhub.com/products/kits/neosolar_kits_25044.jpg","kits",33581,"jpg"
"NEOSOLARKITS25045",true,1,"https://cdn.yellosolarhub.com/products/kits/neosolar_kits_25045.jpg","https://cdn.yellosolarhub.com/products/kits/neosolar_kits_25045.jpg","kits",33581,"jpg"
"NEOSOLARKITS25046",true,1,"https://cdn.yellosolarhub.com/products/kits/neosolar_kits_25046.jpg","https://cdn.yellosolarhub.com/products/kits/neosolar_kits_25046.jpg","kits",33581,"jpg"
"NEOSOLARKITS25047",true,1,"https://cdn.yellosolarhub.com/products/kits/neosolar_kits_25047.jpg","https://cdn.yellosolarhub.com/products/kits/neosolar_kits_25047.jpg","kits",33581,"jpg"
"NEOSOLARKITS25048",true,1,"https://cdn.yellosolarhub.com/products/kits/neosolar_kits_25048.jpg","https://cdn.yellosolarhub.com/products/kits/neosolar_kits_25048.jpg","kits",33581,"jpg"
"NEOSOLARKITS25049",true,1,"https://cdn.yellosolarhub.com/products/kits/neosolar_kits_25049.jpg","https://cdn.yellosolarhub.com/products/kits/neosolar_kits_25049.jpg","kits",31237,"jpg"
"NEOSOLARKITS25053",true,1,"https://cdn.yellosolarhub.com/products/kits/neosolar_kits_25053.jpg","https://cdn.yellosolarhub.com/products/kits/neosolar_kits_25053.jpg","kits",34644,"jpg"
"NEOSOLARKITS25129",true,1,"https://cdn.yellosolarhub.com/products/kits/neosolar_kits_25129.jpg","https://cdn.yellosolarhub.com/products/kits/neosolar_kits_25129.jpg","kits",61033,"jpg"
"NEOSOLARKITS25130",true,1,"https://cdn.yellosolarhub.com/products/kits/neosolar_kits_25130.jpg","https://cdn.yellosolarhub.com/products/kits/neosolar_kits_25130.jpg","kits",61290,"jpg"
"NEOSOLARKITS25131",true,1,"https://cdn.yellosolarhub.com/products/kits/neosolar_kits_25131.jpg","https://cdn.yellosolarhub.com/products/kits/neosolar_kits_25131.jpg","kits",65875,"jpg"
"NEOSOLARKITS25132",true,1,"https://cdn.yellosolarhub.com/products/kits/neosolar_kits_25132.jpg","https://cdn.yellosolarhub.com/products/kits/neosolar_kits_25132.jpg","kits",64989,"jpg"
"NEOSOLARKITS25154",true,1,"https://cdn.yellosolarhub.com/products/kits/neosolar_kits_25154.jpg","https://cdn.yellosolarhub.com/products/kits/neosolar_kits_25154.jpg","kits",1486,"jpg"
"NEOSOLARKITS25156",true,1,"https://cdn.yellosolarhub.com/products/kits/neosolar_kits_25156.jpg","https://cdn.yellosolarhub.com/products/kits/neosolar_kits_25156.jpg","kits",1486,"jpg"
"NEOSOLARKITS25158",true,1,"https://cdn.yellosolarhub.com/products/kits/neosolar_kits_25158.jpg","https://cdn.yellosolarhub.com/products/kits/neosolar_kits_25158.jpg","kits",1486,"jpg"
"NEOSOLARKITS25160",true,1,"https://cdn.yellosolarhub.com/products/kits/neosolar_kits_25160.jpg","https://cdn.yellosolarhub.com/products/kits/neosolar_kits_25160.jpg","kits",1486,"jpg"
"NEOSOLARKITS25162",true,1,"https://cdn.yellosolarhub.com/products/kits/neosolar_kits_25162.jpg","https://cdn.yellosolarhub.com/products/kits/neosolar_kits_25162.jpg","kits",1486,"jpg"
"NEOSOLARKITS25163",true,1,"https://cdn.yellosolarhub.com/products/kits/neosolar_kits_25163.jpg","https://cdn.yellosolarhub.com/products/kits/neosolar_kits_25163.jpg","kits",1486,"jpg"
"NEOSOLARKITS25164",true,1,"https://cdn.yellosolarhub.com/products/kits/neosolar_kits_25164.jpg","https://cdn.yellosolarhub.com/products/kits/neosolar_kits_25164.jpg","kits",1486,"jpg"
"NEOSOLARKITS26694",true,1,"https://cdn.yellosolarhub.com/products/kits/neosolar_kits_26694.jpg","https://cdn.yellosolarhub.com/products/kits/neosolar_kits_26694.jpg","kits",39981,"jpg"
"NEOSOLARKITS26695",true,1,"https://cdn.yellosolarhub.com/products/kits/neosolar_kits_26695.jpg","https://cdn.yellosolarhub.com/products/kits/neosolar_kits_26695.jpg","kits",44396,"jpg"
"NEOSOLARKITS26696",true,1,"https://cdn.yellosolarhub.com/products/kits/neosolar_kits_26696.jpg","https://cdn.yellosolarhub.com/products/kits/neosolar_kits_26696.jpg","kits",41864,"jpg"
"NEOSOLARKITS26697",true,1,"https://cdn.yellosolarhub.com/products/kits/neosolar_kits_26697.jpg","https://cdn.yellosolarhub.com/products/kits/neosolar_kits_26697.jpg","kits",46167,"jpg"
"NEOSOLARKITS26698",true,1,"https://cdn.yellosolarhub.com/products/kits/neosolar_kits_26698.jpg","https://cdn.yellosolarhub.com/products/kits/neosolar_kits_26698.jpg","kits",49894,"jpg"
"NEOSOLARKITS26699",true,1,"https://cdn.yellosolarhub.com/products/kits/neosolar_kits_26699.jpg","https://cdn.yellosolarhub.com/products/kits/neosolar_kits_26699.jpg","kits",56221,"jpg"
"NEOSOLARKITS26700",true,1,"https://cdn.yellosolarhub.com/products/kits/neosolar_kits_26700.jpg","https://cdn.yellosolarhub.com/products/kits/neosolar_kits_26700.jpg","kits",59098,"jpg"
"NEOSOLARKITS26701",true,1,"https://cdn.yellosolarhub.com/products/kits/neosolar_kits_26701.jpg","https://cdn.yellosolarhub.com/products/kits/neosolar_kits_26701.jpg","kits",61326,"jpg"
"NEOSOLARKITS26720",true,1,"https://cdn.yellosolarhub.com/products/kits/neosolar_kits_26720.jpg","https://cdn.yellosolarhub.com/products/kits/neosolar_kits_26720.jpg","kits",47993,"jpg"
"NEOSOLARKITS26721",true,1,"https://cdn.yellosolarhub.com/products/kits/neosolar_kits_26721.jpg","https://cdn.yellosolarhub.com/products/kits/neosolar_kits_26721.jpg","kits",50908,"jpg"
"NEOSOLARKITS26722",true,1,"https://cdn.yellosolarhub.com/products/kits/neosolar_kits_26722.jpg","https://cdn.yellosolarhub.com/products/kits/neosolar_kits_26722.jpg","kits",47547,"jpg"
"NEOSOLARKITS26723",true,1,"https://cdn.yellosolarhub.com/products/kits/neosolar_kits_26723.jpg","https://cdn.yellosolarhub.com/products/kits/neosolar_kits_26723.jpg","kits",38954,"jpg"
"NEOSOLARKITS26968",true,1,"https://cdn.yellosolarhub.com/products/kits/neosolar_kits_26968.jpg","https://cdn.yellosolarhub.com/products/kits/neosolar_kits_26968.jpg","kits",39955,"jpg"
"NEOSOLARKITS26969",true,1,"https://cdn.yellosolarhub.com/products/kits/neosolar_kits_26969.jpg","https://cdn.yellosolarhub.com/products/kits/neosolar_kits_26969.jpg","kits",43483,"jpg"
"NEOSOLARKITS26970",true,1,"https://cdn.yellosolarhub.com/products/kits/neosolar_kits_26970.jpg","https://cdn.yellosolarhub.com/products/kits/neosolar_kits_26970.jpg","kits",40925,"jpg"
"NEOSOLARKITS26971",true,1,"https://cdn.yellosolarhub.com/products/kits/neosolar_kits_26971.jpg","https://cdn.yellosolarhub.com/products/kits/neosolar_kits_26971.jpg","kits",44473,"jpg"
"NEOSOLARKITS26972",true,1,"https://cdn.yellosolarhub.com/products/kits/neosolar_kits_26972.jpg","https://cdn.yellosolarhub.com/products/kits/neosolar_kits_26972.jpg","kits",47316,"jpg"
"NEOSOLARKITS26975",true,1,"https://cdn.yellosolarhub.com/products/kits/neosolar_kits_26975.jpg","https://cdn.yellosolarhub.com/products/kits/neosolar_kits_26975.jpg","kits",56642,"jpg"
"NEOSOLARKITS26984",true,1,"https://cdn.yellosolarhub.com/products/kits/neosolar_kits_26984.jpg","https://cdn.yellosolarhub.com/products/kits/neosolar_kits_26984.jpg","kits",33363,"jpg"
"NEOSOLARKITS26985",true,1,"https://cdn.yellosolarhub.com/products/kits/neosolar_kits_26985.jpg","https://cdn.yellosolarhub.com/products/kits/neosolar_kits_26985.jpg","kits",36662,"jpg"
"NEOSOLARKITS26986",true,1,"https://cdn.yellosolarhub.com/products/kits/neosolar_kits_26986.jpg","https://cdn.yellosolarhub.com/products/kits/neosolar_kits_26986.jpg","kits",34120,"jpg"
"NEOSOLARKITS26987",true,1,"https://cdn.yellosolarhub.com/products/kits/neosolar_kits_26987.jpg","https://cdn.yellosolarhub.com/products/kits/neosolar_kits_26987.jpg","kits",37285,"jpg"
"NEOSOLARKITS26988",true,1,"https://cdn.yellosolarhub.com/products/kits/neosolar_kits_26988.jpg","https://cdn.yellosolarhub.com/products/kits/neosolar_kits_26988.jpg","kits",39806,"jpg"
"NEOSOLARKITS26991",true,1,"https://cdn.yellosolarhub.com/products/kits/neosolar_kits_26991.jpg","https://cdn.yellosolarhub.com/products/kits/neosolar_kits_26991.jpg","kits",48198,"jpg"
"NEOSOLARKITS27259",true,1,"https://cdn.yellosolarhub.com/products/kits/neosolar_kits_27259.jpg","https://cdn.yellosolarhub.com/products/kits/neosolar_kits_27259.jpg","kits",35461,"jpg"
"NEOSOLARKITS27260",true,1,"https://cdn.yellosolarhub.com/products/kits/neosolar_kits_27260.jpg","https://cdn.yellosolarhub.com/products/kits/neosolar_kits_27260.jpg","kits",43972,"jpg"
"NEOSOLARKITS27261",true,1,"https://cdn.yellosolarhub.com/products/kits/neosolar_kits_27261.jpg","https://cdn.yellosolarhub.com/products/kits/neosolar_kits_27261.jpg","kits",45742,"jpg"
"NEOSOLARKITS27262",true,1,"https://cdn.yellosolarhub.com/products/kits/neosolar_kits_27262.jpg","https://cdn.yellosolarhub.com/products/kits/neosolar_kits_27262.jpg","kits",45466,"jpg"
"NEOSOLARKITS27263",true,1,"https://cdn.yellosolarhub.com/products/kits/neosolar_kits_27263.jpg","https://cdn.yellosolarhub.com/products/kits/neosolar_kits_27263.jpg","kits",35350,"jpg"
"NEOSOLARKITS27264",true,1,"https://cdn.yellosolarhub.com/products/kits/neosolar_kits_27264.jpg","https://cdn.yellosolarhub.com/products/kits/neosolar_kits_27264.jpg","kits",39185,"jpg"
"NEOSOLARKITS27265",true,1,"https://cdn.yellosolarhub.com/products/kits/neosolar_kits_27265.jpg","https://cdn.yellosolarhub.com/products/kits/neosolar_kits_27265.jpg","kits",43925,"jpg"
"NEOSOLARKITS27266",true,1,"https://cdn.yellosolarhub.com/products/kits/neosolar_kits_27266.jpg","https://cdn.yellosolarhub.com/products/kits/neosolar_kits_27266.jpg","kits",48933,"jpg"
"NEOSOLARKITS27267",true,1,"https://cdn.yellosolarhub.com/products/kits/neosolar_kits_27267.jpg","https://cdn.yellosolarhub.com/products/kits/neosolar_kits_27267.jpg","kits",33990,"jpg"
"NEOSOLARKITS27268",true,1,"https://cdn.yellosolarhub.com/products/kits/neosolar_kits_27268.jpg","https://cdn.yellosolarhub.com/products/kits/neosolar_kits_27268.jpg","kits",37140,"jpg"
"NEOSOLARKITS27269",true,1,"https://cdn.yellosolarhub.com/products/kits/neosolar_kits_27269.jpg","https://cdn.yellosolarhub.com/products/kits/neosolar_kits_27269.jpg","kits",41135,"jpg"
"NEOSOLARKITS27270",true,1,"https://cdn.yellosolarhub.com/products/kits/neosolar_kits_27270.jpg","https://cdn.yellosolarhub.com/products/kits/neosolar_kits_27270.jpg","kits",45466,"jpg"
"NEOSOLARKITS27296",true,1,"https://cdn.yellosolarhub.com/products/kits/neosolar_kits_27296.jpg","https://cdn.yellosolarhub.com/products/kits/neosolar_kits_27296.jpg","kits",43972,"jpg"
"NEOSOLARKITS27297",true,1,"https://cdn.yellosolarhub.com/products/kits/neosolar_kits_27297.jpg","https://cdn.yellosolarhub.com/products/kits/neosolar_kits_27297.jpg","kits",45742,"jpg"
"NEOSOLARKITS27298",true,1,"https://cdn.yellosolarhub.com/products/kits/neosolar_kits_27298.jpg","https://cdn.yellosolarhub.com/products/kits/neosolar_kits_27298.jpg","kits",51727,"jpg"
"NEOSOLARKITS27299",true,1,"https://cdn.yellosolarhub.com/products/kits/neosolar_kits_27299.jpg","https://cdn.yellosolarhub.com/products/kits/neosolar_kits_27299.jpg","kits",35350,"jpg"
"NEOSOLARKITS27300",true,1,"https://cdn.yellosolarhub.com/products/kits/neosolar_kits_27300.jpg","https://cdn.yellosolarhub.com/products/kits/neosolar_kits_27300.jpg","kits",39185,"jpg"
"NEOSOLARKITS27301",true,1,"https://cdn.yellosolarhub.com/products/kits/neosolar_kits_27301.jpg","https://cdn.yellosolarhub.com/products/kits/neosolar_kits_27301.jpg","kits",43925,"jpg"
"NEOSOLARKITS27302",true,1,"https://cdn.yellosolarhub.com/products/kits/neosolar_kits_27302.jpg","https://cdn.yellosolarhub.com/products/kits/neosolar_kits_27302.jpg","kits",48933,"jpg"
"NEOSOLARKITS27303",true,1,"https://cdn.yellosolarhub.com/products/kits/neosolar_kits_27303.jpg","https://cdn.yellosolarhub.com/products/kits/neosolar_kits_27303.jpg","kits",33990,"jpg"
"NEOSOLARKITS27304",true,1,"https://cdn.yellosolarhub.com/products/kits/neosolar_kits_27304.jpg","https://cdn.yellosolarhub.com/products/kits/neosolar_kits_27304.jpg","kits",37140,"jpg"
"NEOSOLARKITS27305",true,1,"https://cdn.yellosolarhub.com/products/kits/neosolar_kits_27305.jpg","https://cdn.yellosolarhub.com/products/kits/neosolar_kits_27305.jpg","kits",41135,"jpg"
"NEOSOLARKITS27306",true,1,"https://cdn.yellosolarhub.com/products/kits/neosolar_kits_27306.jpg","https://cdn.yellosolarhub.com/products/kits/neosolar_kits_27306.jpg","kits",45466,"jpg"
"NEOSOLARKITS27313",true,1,"https://cdn.yellosolarhub.com/products/kits/neosolar_kits_27313.jpg","https://cdn.yellosolarhub.com/products/kits/neosolar_kits_27313.jpg","kits",64844,"jpg"
"NEOSOLARKITS27314",true,1,"https://cdn.yellosolarhub.com/products/kits/neosolar_kits_27314.jpg","https://cdn.yellosolarhub.com/products/kits/neosolar_kits_27314.jpg","kits",36092,"jpg"
"NEOSOLARKITS27315",true,1,"https://cdn.yellosolarhub.com/products/kits/neosolar_kits_27315.jpg","https://cdn.yellosolarhub.com/products/kits/neosolar_kits_27315.jpg","kits",36644,"jpg"
"NEOSOLARKITS27339",true,1,"https://cdn.yellosolarhub.com/products/kits/neosolar_kits_27339.jpg","https://cdn.yellosolarhub.com/products/kits/neosolar_kits_27339.jpg","kits",68101,"jpg"
"NEOSOLARKITS27347",true,1,"https://cdn.yellosolarhub.com/products/kits/neosolar_kits_27347.jpg","https://cdn.yellosolarhub.com/products/kits/neosolar_kits_27347.jpg","kits",36198,"jpg"
"NEOSOLARKITS27348",true,1,"https://cdn.yellosolarhub.com/products/kits/neosolar_kits_27348.jpg","https://cdn.yellosolarhub.com/products/kits/neosolar_kits_27348.jpg","kits",36198,"jpg"
"NEOSOLARKITS27349",true,1,"https://cdn.yellosolarhub.com/products/kits/neosolar_kits_27349.jpg","https://cdn.yellosolarhub.com/products/kits/neosolar_kits_27349.jpg","kits",36198,"jpg"
"NEOSOLARKITS27378",true,1,"https://cdn.yellosolarhub.com/products/kits/neosolar_kits_27378.jpg","https://cdn.yellosolarhub.com/products/kits/neosolar_kits_27378.jpg","kits",36198,"jpg"
"NEOSOLARKITS27475",true,1,"https://cdn.yellosolarhub.com/products/kits/neosolar_kits_27475.jpg","https://cdn.yellosolarhub.com/products/kits/neosolar_kits_27475.jpg","kits",23580,"jpg"
"NEOSOLARKITS27476",true,1,"https://cdn.yellosolarhub.com/products/kits/neosolar_kits_27476.jpg","https://cdn.yellosolarhub.com/products/kits/neosolar_kits_27476.jpg","kits",34624,"jpg"
"NEOSOLARPOSTS23327",true,1,"https://cdn.yellosolarhub.com/products/postes/NEOSOLAR_POSTS_23327.jpg","https://cdn.yellosolarhub.com/products/postes/NEOSOLAR_POSTS_23327.jpg","postes",33065,"jpg"
"NEOSOLARPOSTS23586",true,1,"https://cdn.yellosolarhub.com/products/postes/NEOSOLAR_POSTS_23586.jpg","https://cdn.yellosolarhub.com/products/postes/NEOSOLAR_POSTS_23586.jpg","postes",31665,"jpg"
"NEOSOLARPOSTS23587",true,1,"https://cdn.yellosolarhub.com/products/postes/NEOSOLAR_POSTS_23587.jpg","https://cdn.yellosolarhub.com/products/postes/NEOSOLAR_POSTS_23587.jpg","postes",30948,"jpg"
"NEOSOLARPOSTS24170",true,1,"https://cdn.yellosolarhub.com/products/postes/neosolar_posts_24170.jpg","https://cdn.yellosolarhub.com/products/postes/neosolar_posts_24170.jpg","postes",28000,"jpg"
"NEOSOLARPOSTS24171",true,1,"https://cdn.yellosolarhub.com/products/postes/neosolar_posts_24171.jpg","https://cdn.yellosolarhub.com/products/postes/neosolar_posts_24171.jpg","postes",28000,"jpg"
"NEOSOLARPOSTS24172",true,1,"https://cdn.yellosolarhub.com/products/postes/neosolar_posts_24172.jpg","https://cdn.yellosolarhub.com/products/postes/neosolar_posts_24172.jpg","postes",28000,"jpg"
"NEOSOLARPOSTS24173",true,1,"https://cdn.yellosolarhub.com/products/postes/neosolar_posts_24173.jpg","https://cdn.yellosolarhub.com/products/postes/neosolar_posts_24173.jpg","postes",28000,"jpg"
"NEOSOLARPOSTS24174",true,1,"https://cdn.yellosolarhub.com/products/postes/neosolar_posts_24174.jpg","https://cdn.yellosolarhub.com/products/postes/neosolar_posts_24174.jpg","postes",28000,"jpg"
"NEOSOLARPOSTS24175",true,1,"https://cdn.yellosolarhub.com/products/postes/neosolar_posts_24175.jpg","https://cdn.yellosolarhub.com/products/postes/neosolar_posts_24175.jpg","postes",28000,"jpg"
"NEOSOLARSTATIONS20077",true,1,"https://cdn.yellosolarhub.com/products/estacoes/NEOSOLAR_STATIONS_20077.jpg","https://cdn.yellosolarhub.com/products/estacoes/NEOSOLAR_STATIONS_20077.jpg","estacoes",53084,"jpg"
"NEOSOLARSTATIONS20078",true,1,"https://cdn.yellosolarhub.com/products/estacoes/NEOSOLAR_STATIONS_20078.jpg","https://cdn.yellosolarhub.com/products/estacoes/NEOSOLAR_STATIONS_20078.jpg","estacoes",56395,"jpg"
"NEOSOLARSTATIONS20121",true,1,"https://cdn.yellosolarhub.com/products/estacoes/NEOSOLAR_STATIONS_20121.jpg","https://cdn.yellosolarhub.com/products/estacoes/NEOSOLAR_STATIONS_20121.jpg","estacoes",15706,"jpg"
"NEOSOLARSTATIONS20122",true,1,"https://cdn.yellosolarhub.com/products/estacoes/NEOSOLAR_STATIONS_20122.jpg","https://cdn.yellosolarhub.com/products/estacoes/NEOSOLAR_STATIONS_20122.jpg","estacoes",33359,"jpg"
"NEOSOLARSTATIONS20286",true,1,"https://cdn.yellosolarhub.com/products/estacoes/NEOSOLAR_STATIONS_20286.jpg","https://cdn.yellosolarhub.com/products/estacoes/NEOSOLAR_STATIONS_20286.jpg","estacoes",37040,"jpg"
"NEOSOLARSTATIONS20369",true,1,"https://cdn.yellosolarhub.com/products/estacoes/NEOSOLAR_STATIONS_20369.jpg","https://cdn.yellosolarhub.com/products/estacoes/NEOSOLAR_STATIONS_20369.jpg","estacoes",25746,"jpg"
"NEOSOLARSTATIONS20371",true,1,"https://cdn.yellosolarhub.com/products/estacoes/NEOSOLAR_STATIONS_20371.jpg","https://cdn.yellosolarhub.com/products/estacoes/NEOSOLAR_STATIONS_20371.jpg","estacoes",30739,"jpg"
"NEOSOLARSTATIONS20789",true,1,"https://cdn.yellosolarhub.com/products/estacoes/NEOSOLAR_STATIONS_20789.jpg","https://cdn.yellosolarhub.com/products/estacoes/NEOSOLAR_STATIONS_20789.jpg","estacoes",16243,"jpg"
"NEOSOLARSTATIONS20925",true,1,"https://cdn.yellosolarhub.com/products/estacoes/NEOSOLAR_STATIONS_20925.jpg","https://cdn.yellosolarhub.com/products/estacoes/NEOSOLAR_STATIONS_20925.jpg","estacoes",16995,"jpg"
"NEOSOLARSTATIONS21769",true,1,"https://cdn.yellosolarhub.com/products/estacoes/NEOSOLAR_STATIONS_21769.jpg","https://cdn.yellosolarhub.com/products/estacoes/NEOSOLAR_STATIONS_21769.jpg","estacoes",42352,"jpg"
"NEOSOLARSTATIONS21770",true,1,"https://cdn.yellosolarhub.com/products/estacoes/NEOSOLAR_STATIONS_21770.jpg","https://cdn.yellosolarhub.com/products/estacoes/NEOSOLAR_STATIONS_21770.jpg","estacoes",47496,"jpg"
"NEOSOLARSTATIONS21771",true,1,"https://cdn.yellosolarhub.com/products/estacoes/NEOSOLAR_STATIONS_21771.jpg","https://cdn.yellosolarhub.com/products/estacoes/NEOSOLAR_STATIONS_21771.jpg","estacoes",47505,"jpg"
"NEOSOLARSTATIONS21772",true,1,"https://cdn.yellosolarhub.com/products/estacoes/NEOSOLAR_STATIONS_21772.jpg","https://cdn.yellosolarhub.com/products/estacoes/NEOSOLAR_STATIONS_21772.jpg","estacoes",36169,"jpg"
"NEOSOLARSTATIONS23503",true,1,"https://cdn.yellosolarhub.com/products/estacoes/NEOSOLAR_STATIONS_23503.jpg","https://cdn.yellosolarhub.com/products/estacoes/NEOSOLAR_STATIONS_23503.jpg","estacoes",228040,"jpg"
"NEOSOLARSTATIONS23504",true,1,"https://cdn.yellosolarhub.com/products/estacoes/NEOSOLAR_STATIONS_23504.jpg","https://cdn.yellosolarhub.com/products/estacoes/NEOSOLAR_STATIONS_23504.jpg","estacoes",243935,"jpg"
"NEOSOLARSTATIONS23505",true,1,"https://cdn.yellosolarhub.com/products/estacoes/NEOSOLAR_STATIONS_23505.jpg","https://cdn.yellosolarhub.com/products/estacoes/NEOSOLAR_STATIONS_23505.jpg","estacoes",243935,"jpg"
"NEOSOLARSTATIONS23780",true,1,"https://cdn.yellosolarhub.com/products/estacoes/NEOSOLAR_STATIONS_23780.jpg","https://cdn.yellosolarhub.com/products/estacoes/NEOSOLAR_STATIONS_23780.jpg","estacoes",43645,"jpg"
"NEOSOLARSTATIONS25205",true,1,"https://cdn.yellosolarhub.com/products/estacoes/NEOSOLAR_STATIONS_25205.jpg","https://cdn.yellosolarhub.com/products/estacoes/NEOSOLAR_STATIONS_25205.jpg","estacoes",36220,"jpg"
"NEOSOLARSTATIONS27352",true,1,"https://cdn.yellosolarhub.com/products/estacoes/NEOSOLAR_STATIONS_27352.jpg","https://cdn.yellosolarhub.com/products/estacoes/NEOSOLAR_STATIONS_27352.jpg","estacoes",43636,"jpg"
"ODEXODEXESTRUTURASOLARGROUPCOLONIAL",true,1,"https://cdn.yellosolarhub.com/products/inversores/ODEX-ODEX-ESTRUTURA-SOLARGROUP-COLONIAL.jpg","https://cdn.yellosolarhub.com/products/inversores/ODEX-ODEX-ESTRUTURA-SOLARGROUP-COLONIAL.jpg","inversores",37349,"jpg"
"ODEXODEXESTRUTURASOLARGROUPFIBROCIMENTO",true,1,"https://cdn.yellosolarhub.com/products/inversores/ODEX-ODEX-ESTRUTURA-SOLARGROUP-FIBROCIMENTO.jpg","https://cdn.yellosolarhub.com/products/inversores/ODEX-ODEX-ESTRUTURA-SOLARGROUP-FIBROCIMENTO.jpg","inversores",37349,"jpg"
"ODEXODEXESTRUTURASOLARGROUPFIBROCIMENTO1",true,1,"https://cdn.yellosolarhub.com/products/inversores/ODEX-ODEX-ESTRUTURA-SOLARGROUP-FIBROCIMENTO-1.jpg","https://cdn.yellosolarhub.com/products/inversores/ODEX-ODEX-ESTRUTURA-SOLARGROUP-FIBROCIMENTO-1.jpg","inversores",37349,"jpg"
"ODEXODEXESTRUTURASOLARGROUPMETALICO",true,1,"https://cdn.yellosolarhub.com/products/inversores/ODEX-ODEX-ESTRUTURA-SOLARGROUP-METALICO.jpg","https://cdn.yellosolarhub.com/products/inversores/ODEX-ODEX-ESTRUTURA-SOLARGROUP-METALICO.jpg","inversores",37349,"jpg"
"ODEXODEXESTRUTURASOLARGROUPSOLO",true,1,"https://cdn.yellosolarhub.com/products/inversores/ODEX-ODEX-ESTRUTURA-SOLARGROUP-SOLO.jpg","https://cdn.yellosolarhub.com/products/inversores/ODEX-ODEX-ESTRUTURA-SOLARGROUP-SOLO.jpg","inversores",37349,"jpg"
"ODEXODEXESTRUTURASOLARGROUPSOLO1",true,1,"https://cdn.yellosolarhub.com/products/inversores/ODEX-ODEX-ESTRUTURA-SOLARGROUP-SOLO-1.jpg","https://cdn.yellosolarhub.com/products/inversores/ODEX-ODEX-ESTRUTURA-SOLARGROUP-SOLO-1.jpg","inversores",37349,"jpg"
"ODEXODEXINVCHINT10000W",true,1,"https://cdn.yellosolarhub.com/products/inversores/ODEX-ODEX-INV-CHINT-10000W.jpg","https://cdn.yellosolarhub.com/products/inversores/ODEX-ODEX-INV-CHINT-10000W.jpg","inversores",37349,"jpg"
"ODEXODEXINVCHINT3000W",true,1,"https://cdn.yellosolarhub.com/products/inversores/ODEX-ODEX-INV-CHINT-3000W.jpg","https://cdn.yellosolarhub.com/products/inversores/ODEX-ODEX-INV-CHINT-3000W.jpg","inversores",37349,"jpg"
"ODEXODEXINVCHINT5000W",true,1,"https://cdn.yellosolarhub.com/products/inversores/ODEX-ODEX-INV-CHINT-5000W.jpg","https://cdn.yellosolarhub.com/products/inversores/ODEX-ODEX-INV-CHINT-5000W.jpg","inversores",37349,"jpg"
"ODEXODEXINVCHINT8000W",true,1,"https://cdn.yellosolarhub.com/products/inversores/ODEX-ODEX-INV-CHINT-8000W.jpg","https://cdn.yellosolarhub.com/products/inversores/ODEX-ODEX-INV-CHINT-8000W.jpg","inversores",37349,"jpg"
"ODEXODEXINVDEYE1200W",true,1,"https://cdn.yellosolarhub.com/products/inversores/ODEX-ODEX-INV-DEYE-1200W.jpg","https://cdn.yellosolarhub.com/products/inversores/ODEX-ODEX-INV-DEYE-1200W.jpg","inversores",37349,"jpg"
"ODEXODEXINVDEYE2400W",true,1,"https://cdn.yellosolarhub.com/products/inversores/ODEX-ODEX-INV-DEYE-2400W.jpg","https://cdn.yellosolarhub.com/products/inversores/ODEX-ODEX-INV-DEYE-2400W.jpg","inversores",37349,"jpg"
"ODEXODEXINVDEYE5000W",true,1,"https://cdn.yellosolarhub.com/products/inversores/ODEX-ODEX-INV-DEYE-5000W.jpg","https://cdn.yellosolarhub.com/products/inversores/ODEX-ODEX-INV-DEYE-5000W.jpg","inversores",37349,"jpg"
"ODEXODEXINVDEYE6000W",true,1,"https://cdn.yellosolarhub.com/products/inversores/ODEX-ODEX-INV-DEYE-6000W.jpg","https://cdn.yellosolarhub.com/products/inversores/ODEX-ODEX-INV-DEYE-6000W.jpg","inversores",37349,"jpg"
"ODEXODEXINVDEYE8000W",true,1,"https://cdn.yellosolarhub.com/products/inversores/ODEX-ODEX-INV-DEYE-8000W.jpg","https://cdn.yellosolarhub.com/products/inversores/ODEX-ODEX-INV-DEYE-8000W.jpg","inversores",37349,"jpg"
"ODEXODEXINVDEYE800W",true,1,"https://cdn.yellosolarhub.com/products/inversores/ODEX-ODEX-INV-DEYE-800W.jpg","https://cdn.yellosolarhub.com/products/inversores/ODEX-ODEX-INV-DEYE-800W.jpg","inversores",37349,"jpg"
"ODEXODEXINVGROWATT100000W",true,1,"https://cdn.yellosolarhub.com/products/inversores/ODEX-ODEX-INV-GROWATT-100000W.jpg","https://cdn.yellosolarhub.com/products/inversores/ODEX-ODEX-INV-GROWATT-100000W.jpg","inversores",37349,"jpg"
"ODEXODEXINVGROWATT10000W",true,1,"https://cdn.yellosolarhub.com/products/inversores/ODEX-ODEX-INV-GROWATT-10000W.jpg","https://cdn.yellosolarhub.com/products/inversores/ODEX-ODEX-INV-GROWATT-10000W.jpg","inversores",37349,"jpg"
"ODEXODEXINVGROWATT10000W1",true,1,"https://cdn.yellosolarhub.com/products/inversores/ODEX-ODEX-INV-GROWATT-10000W-1.jpg","https://cdn.yellosolarhub.com/products/inversores/ODEX-ODEX-INV-GROWATT-10000W-1.jpg","inversores",37349,"jpg"
"ODEXODEXINVGROWATT125000W",true,1,"https://cdn.yellosolarhub.com/products/inversores/ODEX-ODEX-INV-GROWATT-125000W.jpg","https://cdn.yellosolarhub.com/products/inversores/ODEX-ODEX-INV-GROWATT-125000W.jpg","inversores",37349,"jpg"
"ODEXODEXINVGROWATT15000W",true,1,"https://cdn.yellosolarhub.com/products/inversores/ODEX-ODEX-INV-GROWATT-15000W.jpg","https://cdn.yellosolarhub.com/products/inversores/ODEX-ODEX-INV-GROWATT-15000W.jpg","inversores",37349,"jpg"
"ODEXODEXINVGROWATT20000W",true,1,"https://cdn.yellosolarhub.com/products/inversores/ODEX-ODEX-INV-GROWATT-20000W.jpg","https://cdn.yellosolarhub.com/products/inversores/ODEX-ODEX-INV-GROWATT-20000W.jpg","inversores",37349,"jpg"
"ODEXODEXINVGROWATT25000W",true,1,"https://cdn.yellosolarhub.com/products/inversores/ODEX-ODEX-INV-GROWATT-25000W.jpg","https://cdn.yellosolarhub.com/products/inversores/ODEX-ODEX-INV-GROWATT-25000W.jpg","inversores",37349,"jpg"
"ODEXODEXINVGROWATT3000W",true,1,"https://cdn.yellosolarhub.com/products/inversores/ODEX-ODEX-INV-GROWATT-3000W.jpg","https://cdn.yellosolarhub.com/products/inversores/ODEX-ODEX-INV-GROWATT-3000W.jpg","inversores",37349,"jpg"
"ODEXODEXINVGROWATT3000W1",true,1,"https://cdn.yellosolarhub.com/products/inversores/ODEX-ODEX-INV-GROWATT-3000W-1.jpg","https://cdn.yellosolarhub.com/products/inversores/ODEX-ODEX-INV-GROWATT-3000W-1.jpg","inversores",37349,"jpg"
"ODEXODEXINVGROWATT3300W",true,1,"https://cdn.yellosolarhub.com/products/inversores/ODEX-ODEX-INV-GROWATT-3300W.jpg","https://cdn.yellosolarhub.com/products/inversores/ODEX-ODEX-INV-GROWATT-3300W.jpg","inversores",37349,"jpg"
"ODEXODEXINVGROWATT4000W",true,1,"https://cdn.yellosolarhub.com/products/inversores/ODEX-ODEX-INV-GROWATT-4000W.jpg","https://cdn.yellosolarhub.com/products/inversores/ODEX-ODEX-INV-GROWATT-4000W.jpg","inversores",37349,"jpg"
"ODEXODEXINVGROWATT50000W",true,1,"https://cdn.yellosolarhub.com/products/inversores/ODEX-ODEX-INV-GROWATT-50000W.jpg","https://cdn.yellosolarhub.com/products/inversores/ODEX-ODEX-INV-GROWATT-50000W.jpg","inversores",37349,"jpg"
"ODEXODEXINVGROWATT5000W",true,1,"https://cdn.yellosolarhub.com/products/inversores/ODEX-ODEX-INV-GROWATT-5000W.jpg","https://cdn.yellosolarhub.com/products/inversores/ODEX-ODEX-INV-GROWATT-5000W.jpg","inversores",37349,"jpg"
"ODEXODEXINVGROWATT6000W",true,1,"https://cdn.yellosolarhub.com/products/inversores/ODEX-ODEX-INV-GROWATT-6000W.jpg","https://cdn.yellosolarhub.com/products/inversores/ODEX-ODEX-INV-GROWATT-6000W.jpg","inversores",37349,"jpg"
"ODEXODEXINVGROWATT6000W1",true,1,"https://cdn.yellosolarhub.com/products/inversores/ODEX-ODEX-INV-GROWATT-6000W-1.jpg","https://cdn.yellosolarhub.com/products/inversores/ODEX-ODEX-INV-GROWATT-6000W-1.jpg","inversores",37349,"jpg"
"ODEXODEXINVGROWATT75000W",true,1,"https://cdn.yellosolarhub.com/products/inversores/ODEX-ODEX-INV-GROWATT-75000W.jpg","https://cdn.yellosolarhub.com/products/inversores/ODEX-ODEX-INV-GROWATT-75000W.jpg","inversores",37349,"jpg"
"ODEXODEXINVGROWATT8000W",true,1,"https://cdn.yellosolarhub.com/products/inversores/ODEX-ODEX-INV-GROWATT-8000W.jpg","https://cdn.yellosolarhub.com/products/inversores/ODEX-ODEX-INV-GROWATT-8000W.jpg","inversores",37349,"jpg"
"ODEXODEXINVGROWATT8000W1",true,1,"https://cdn.yellosolarhub.com/products/inversores/ODEX-ODEX-INV-GROWATT-8000W-1.jpg","https://cdn.yellosolarhub.com/products/inversores/ODEX-ODEX-INV-GROWATT-8000W-1.jpg","inversores",37349,"jpg"
"ODEXODEXINVSAJ10000W",true,1,"https://cdn.yellosolarhub.com/products/inversores/ODEX-ODEX-INV-SAJ-10000W.jpg","https://cdn.yellosolarhub.com/products/inversores/ODEX-ODEX-INV-SAJ-10000W.jpg","inversores",37349,"jpg"
"ODEXODEXINVSAJ12000W",true,1,"https://cdn.yellosolarhub.com/products/inversores/ODEX-ODEX-INV-SAJ-12000W.jpg","https://cdn.yellosolarhub.com/products/inversores/ODEX-ODEX-INV-SAJ-12000W.jpg","inversores",37349,"jpg"
"ODEXODEXINVSAJ15000W",true,1,"https://cdn.yellosolarhub.com/products/inversores/ODEX-ODEX-INV-SAJ-15000W.jpg","https://cdn.yellosolarhub.com/products/inversores/ODEX-ODEX-INV-SAJ-15000W.jpg","inversores",37349,"jpg"
"ODEXODEXINVSAJ17000W",true,1,"https://cdn.yellosolarhub.com/products/inversores/ODEX-ODEX-INV-SAJ-17000W.jpg","https://cdn.yellosolarhub.com/products/inversores/ODEX-ODEX-INV-SAJ-17000W.jpg","inversores",37349,"jpg"
"ODEXODEXINVSAJ20000W",true,1,"https://cdn.yellosolarhub.com/products/inversores/ODEX-ODEX-INV-SAJ-20000W.jpg","https://cdn.yellosolarhub.com/products/inversores/ODEX-ODEX-INV-SAJ-20000W.jpg","inversores",37349,"jpg"
"ODEXODEXINVSAJ25000W",true,1,"https://cdn.yellosolarhub.com/products/inversores/ODEX-ODEX-INV-SAJ-25000W.jpg","https://cdn.yellosolarhub.com/products/inversores/ODEX-ODEX-INV-SAJ-25000W.jpg","inversores",37349,"jpg"
"ODEXODEXINVSAJ3000W",true,1,"https://cdn.yellosolarhub.com/products/inversores/ODEX-ODEX-INV-SAJ-3000W.jpg","https://cdn.yellosolarhub.com/products/inversores/ODEX-ODEX-INV-SAJ-3000W.jpg","inversores",37349,"jpg"
"ODEXODEXINVSAJ4200W",true,1,"https://cdn.yellosolarhub.com/products/inversores/ODEX-ODEX-INV-SAJ-4200W.jpg","https://cdn.yellosolarhub.com/products/inversores/ODEX-ODEX-INV-SAJ-4200W.jpg","inversores",37349,"jpg"
"ODEXODEXINVSAJ5000W",true,1,"https://cdn.yellosolarhub.com/products/inversores/ODEX-ODEX-INV-SAJ-5000W.jpg","https://cdn.yellosolarhub.com/products/inversores/ODEX-ODEX-INV-SAJ-5000W.jpg","inversores",37349,"jpg"
"ODEXODEXINVSAJ6000W",true,1,"https://cdn.yellosolarhub.com/products/inversores/ODEX-ODEX-INV-SAJ-6000W.jpg","https://cdn.yellosolarhub.com/products/inversores/ODEX-ODEX-INV-SAJ-6000W.jpg","inversores",37349,"jpg"
"ODEXODEXINVSAJ8000W",true,1,"https://cdn.yellosolarhub.com/products/inversores/ODEX-ODEX-INV-SAJ-8000W.jpg","https://cdn.yellosolarhub.com/products/inversores/ODEX-ODEX-INV-SAJ-8000W.jpg","inversores",37349,"jpg"
"ODEXODEXINVSOFAR3300W",true,1,"https://cdn.yellosolarhub.com/products/inversores/ODEX-ODEX-INV-SOFAR-3300W.jpg","https://cdn.yellosolarhub.com/products/inversores/ODEX-ODEX-INV-SOFAR-3300W.jpg","inversores",37349,"jpg"
"ODEXODEXINVSOFAR5000W",true,1,"https://cdn.yellosolarhub.com/products/inversores/ODEX-ODEX-INV-SOFAR-5000W.jpg","https://cdn.yellosolarhub.com/products/inversores/ODEX-ODEX-INV-SOFAR-5000W.jpg","inversores",37349,"jpg"
"ODEXODEXINVSOFAR6000W",true,1,"https://cdn.yellosolarhub.com/products/inversores/ODEX-ODEX-INV-SOFAR-6000W.jpg","https://cdn.yellosolarhub.com/products/inversores/ODEX-ODEX-INV-SOFAR-6000W.jpg","inversores",37349,"jpg"
"ODEXODEXINVSOLAX10000W",true,1,"https://cdn.yellosolarhub.com/products/inversores/ODEX-ODEX-INV-SOLAX-10000W.jpg","https://cdn.yellosolarhub.com/products/inversores/ODEX-ODEX-INV-SOLAX-10000W.jpg","inversores",37349,"jpg"
"ODEXODEXINVSOLAX5000W",true,1,"https://cdn.yellosolarhub.com/products/inversores/ODEX-ODEX-INV-SOLAX-5000W.jpg","https://cdn.yellosolarhub.com/products/inversores/ODEX-ODEX-INV-SOLAX-5000W.jpg","inversores",37349,"jpg"
"ODEXODEXINVSOLAX8000W",true,1,"https://cdn.yellosolarhub.com/products/inversores/ODEX-ODEX-INV-SOLAX-8000W.jpg","https://cdn.yellosolarhub.com/products/inversores/ODEX-ODEX-INV-SOLAX-8000W.jpg","inversores",37349,"jpg"
"ODEXODEXPAINELASTRONERGY600W",true,1,"https://cdn.yellosolarhub.com/products/inversores/ODEX-ODEX-PAINEL-ASTRONERGY-600W.jpg","https://cdn.yellosolarhub.com/products/inversores/ODEX-ODEX-PAINEL-ASTRONERGY-600W.jpg","inversores",37349,"jpg"
"ODEXODEXPAINELJINKO610W",true,1,"https://cdn.yellosolarhub.com/products/inversores/ODEX-ODEX-PAINEL-JINKO-610W.jpg","https://cdn.yellosolarhub.com/products/inversores/ODEX-ODEX-PAINEL-JINKO-610W.jpg","inversores",37349,"jpg"
"ODEXODEXPAINELJINKO615W",true,1,"https://cdn.yellosolarhub.com/products/inversores/ODEX-ODEX-PAINEL-JINKO-615W.jpg","https://cdn.yellosolarhub.com/products/inversores/ODEX-ODEX-PAINEL-JINKO-615W.jpg","inversores",37349,"jpg"
"ODEXODEXPAINELODEX585W",true,1,"https://cdn.yellosolarhub.com/products/inversores/ODEX-ODEX-PAINEL-ODEX-585W.jpg","https://cdn.yellosolarhub.com/products/inversores/ODEX-ODEX-PAINEL-ODEX-585W.jpg","inversores",37349,"jpg"
"ODEXODEXPAINELODEX600W",true,1,"https://cdn.yellosolarhub.com/products/inversores/ODEX-ODEX-PAINEL-ODEX-600W.jpg","https://cdn.yellosolarhub.com/products/inversores/ODEX-ODEX-PAINEL-ODEX-600W.jpg","inversores",37349,"jpg"
"ODEXODEXPAINELODEX610W",true,1,"https://cdn.yellosolarhub.com/products/inversores/ODEX-ODEX-PAINEL-ODEX-610W.jpg","https://cdn.yellosolarhub.com/products/inversores/ODEX-ODEX-PAINEL-ODEX-610W.jpg","inversores",37349,"jpg"
"ODEXODEXPAINELODEX660W",true,1,"https://cdn.yellosolarhub.com/products/inversores/ODEX-ODEX-PAINEL-ODEX-660W.jpg","https://cdn.yellosolarhub.com/products/inversores/ODEX-ODEX-PAINEL-ODEX-660W.jpg","inversores",37349,"jpg"
"ODEXODEXPAINELODEX700W",true,1,"https://cdn.yellosolarhub.com/products/inversores/ODEX-ODEX-PAINEL-ODEX-700W.jpg","https://cdn.yellosolarhub.com/products/inversores/ODEX-ODEX-PAINEL-ODEX-700W.jpg","inversores",37349,"jpg"
"ODEXODEXPAINELTSUN560W",true,1,"https://cdn.yellosolarhub.com/products/inversores/ODEX-ODEX-PAINEL-TSUN-560W.jpg","https://cdn.yellosolarhub.com/products/inversores/ODEX-ODEX-PAINEL-TSUN-560W.jpg","inversores",37349,"jpg"
"OSDA33VMHDRZIMAGEPRODUCT559381",true,1,"https://cdn.yellosolarhub.com/products/paineis/OSDA-33V-MHDRZ_IMAGE_PRODUCT_559381.png","https://cdn.yellosolarhub.com/products/paineis/OSDA-33V-MHDRZ_IMAGE_PRODUCT_559381.png","paineis",130502,"png"
"PAINELBYDBYD530WMLK36530W",true,1,"https://cdn.yellosolarhub.com/products/BYD/PAINEL-BYD-BYD-530W-MLK-36---530W.png","https://cdn.yellosolarhub.com/products/BYD/PAINEL-BYD-BYD-530W-MLK-36---530W.png","BYD",457086,"png"
"PERFILREFORC3A7ADOSMART240",true,1,"https://cdn.yellosolarhub.com/products/UNKNOWN-MANUFACTURER/Perfil-refor%C3%A7ado-smart-2,40.png","https://cdn.yellosolarhub.com/products/UNKNOWN-MANUFACTURER/Perfil-refor%C3%A7ado-smart-2,40.png","UNKNOWN-MANUFACTURER",77883,"png"
"RISEN700W",true,1,"https://cdn.yellosolarhub.com/products/RISEN/RISEN-700W.png","https://cdn.yellosolarhub.com/products/RISEN/RISEN-700W.png","RISEN",260696,"png"
"SKU10678310678317545443332146339",true,1,"https://cdn.yellosolarhub.com/products/estruturas/sku_106783_106783-17545443332146339.jpeg","https://cdn.yellosolarhub.com/products/estruturas/sku_106783_106783-17545443332146339.jpeg","estruturas",117906,"jpeg"
"SKU112369117457314169194004",true,1,"https://cdn.yellosolarhub.com/products/inversores/sku_112369_1-17457314169194004.jpeg","https://cdn.yellosolarhub.com/products/inversores/sku_112369_1-17457314169194004.jpeg","inversores",42129,"jpeg"
"SKU12033612033617544835341752786",true,1,"https://cdn.yellosolarhub.com/products/estruturas/sku_120336_120336-17544835341752786.jpeg","https://cdn.yellosolarhub.com/products/estruturas/sku_120336_120336-17544835341752786.jpeg","estruturas",128127,"jpeg"
"SKU12298012298017544826815777105",true,1,"https://cdn.yellosolarhub.com/products/stringboxes/sku_122980_122980-17544826815777105.jpeg","https://cdn.yellosolarhub.com/products/stringboxes/sku_122980_122980-17544826815777105.jpeg","stringboxes",112031,"jpeg"
"SKU12435812435817544827976815683",true,1,"https://cdn.yellosolarhub.com/products/estruturas/sku_124358_124358-17544827976815683.jpeg","https://cdn.yellosolarhub.com/products/estruturas/sku_124358_124358-17544827976815683.jpeg","estruturas",224554,"jpeg"
"SKU133930133930717458510676818108",true,1,"https://cdn.yellosolarhub.com/products/estruturas/sku_133930_133930_7-17458510676818108.jpeg","https://cdn.yellosolarhub.com/products/estruturas/sku_133930_133930_7-17458510676818108.jpeg","estruturas",142306,"jpeg"
"SKU13572013572017458937387875142",true,1,"https://cdn.yellosolarhub.com/products/inversores/sku_135720_135720-17458937387875142.jpeg","https://cdn.yellosolarhub.com/products/inversores/sku_135720_135720-17458937387875142.jpeg","inversores",64780,"jpeg"
"SKU13598513598517544833546238906",true,1,"https://cdn.yellosolarhub.com/products/stringboxes/sku_135985_135985-17544833546238906.jpeg","https://cdn.yellosolarhub.com/products/stringboxes/sku_135985_135985-17544833546238906.jpeg","stringboxes",99195,"jpeg"
"SKU14576314576317456925994814488",true,1,"https://cdn.yellosolarhub.com/products/inversores/sku_145763_145763-17456925994814488.jpeg","https://cdn.yellosolarhub.com/products/inversores/sku_145763_145763-17456925994814488.jpeg","inversores",71099,"jpeg"
"SKU152147152147117507708324918071",true,1,"https://cdn.yellosolarhub.com/products/inversores/sku_152147_152147-1-17507708324918071.jpeg","https://cdn.yellosolarhub.com/products/inversores/sku_152147_152147-1-17507708324918071.jpeg","inversores",30617,"jpeg"
"SKU165471165471117460424443329247",true,1,"https://cdn.yellosolarhub.com/products/inversores/sku_165471_165471-1-17460424443329247.jpeg","https://cdn.yellosolarhub.com/products/inversores/sku_165471_165471-1-17460424443329247.jpeg","inversores",30617,"jpeg"
"SKU19176819176817460425002977694",true,1,"https://cdn.yellosolarhub.com/products/stringboxes/sku_191768_191768-17460425002977694.jpeg","https://cdn.yellosolarhub.com/products/stringboxes/sku_191768_191768-17460425002977694.jpeg","stringboxes",156313,"jpeg"
"SKU19176919176917485312150104210",true,1,"https://cdn.yellosolarhub.com/products/stringboxes/sku_191769_191769-17485312150104210.jpeg","https://cdn.yellosolarhub.com/products/stringboxes/sku_191769_191769-17485312150104210.jpeg","stringboxes",161141,"jpeg"
"SKU19206819206817459124742242879",true,1,"https://cdn.yellosolarhub.com/products/stringboxes/sku_192068_192068-17459124742242879.jpeg","https://cdn.yellosolarhub.com/products/stringboxes/sku_192068_192068-17459124742242879.jpeg","stringboxes",65217,"jpeg"
"SKU192098192098617459006542584963",true,1,"https://cdn.yellosolarhub.com/products/estruturas/sku_192098_192098_6-17459006542584963.jpeg","https://cdn.yellosolarhub.com/products/estruturas/sku_192098_192098_6-17459006542584963.jpeg","estruturas",353023,"jpeg"
"SKU19240619240617458660592386008",true,1,"https://cdn.yellosolarhub.com/products/estruturas/sku_192406_192406-17458660592386008.jpeg","https://cdn.yellosolarhub.com/products/estruturas/sku_192406_192406-17458660592386008.jpeg","estruturas",205721,"jpeg"
"SKU19257519257517460421976229660",true,1,"https://cdn.yellosolarhub.com/products/inversores/sku_192575_192575-17460421976229660.jpeg","https://cdn.yellosolarhub.com/products/inversores/sku_192575_192575-17460421976229660.jpeg","inversores",46560,"jpeg"
"SKU19257619257617458855660881319",true,1,"https://cdn.yellosolarhub.com/products/inversores/sku_192576_192576-17458855660881319.jpeg","https://cdn.yellosolarhub.com/products/inversores/sku_192576_192576-17458855660881319.jpeg","inversores",47271,"jpeg"
"SKU19269719269717459129405742263",true,1,"https://cdn.yellosolarhub.com/products/estruturas/sku_192697_192697-17459129405742263.jpeg","https://cdn.yellosolarhub.com/products/estruturas/sku_192697_192697-17459129405742263.jpeg","estruturas",119958,"jpeg"
"SKU19388319388317459249580491925",true,1,"https://cdn.yellosolarhub.com/products/estruturas/sku_193883_193883-17459249580491925.jpeg","https://cdn.yellosolarhub.com/products/estruturas/sku_193883_193883-17459249580491925.jpeg","estruturas",78263,"jpeg"
"SKU19402319402317460422066042496",true,1,"https://cdn.yellosolarhub.com/products/inversores/sku_194023_194023-17460422066042496.jpeg","https://cdn.yellosolarhub.com/products/inversores/sku_194023_194023-17460422066042496.jpeg","inversores",53589,"jpeg"
"SKU19508919508917460393803631309",true,1,"https://cdn.yellosolarhub.com/products/estruturas/sku_195089_195089-17460393803631309.jpeg","https://cdn.yellosolarhub.com/products/estruturas/sku_195089_195089-17460393803631309.jpeg","estruturas",147840,"jpeg"
"SKU195201195201417458881777253997",true,1,"https://cdn.yellosolarhub.com/products/estruturas/sku_195201_195201_4-17458881777253997.jpeg","https://cdn.yellosolarhub.com/products/estruturas/sku_195201_195201_4-17458881777253997.jpeg","estruturas",360075,"jpeg"
"SKU19934719934717460425385827504",true,1,"https://cdn.yellosolarhub.com/products/stringboxes/sku_199347_199347-17460425385827504.jpeg","https://cdn.yellosolarhub.com/products/stringboxes/sku_199347_199347-17460425385827504.jpeg","stringboxes",99193,"jpeg"
"SKU19934819934817458717534237239",true,1,"https://cdn.yellosolarhub.com/products/stringboxes/sku_199348_199348-17458717534237239.jpeg","https://cdn.yellosolarhub.com/products/stringboxes/sku_199348_199348-17458717534237239.jpeg","stringboxes",79835,"jpeg"
"SKU19935119935117459269345762408",true,1,"https://cdn.yellosolarhub.com/products/stringboxes/sku_199351_199351-17459269345762408.jpeg","https://cdn.yellosolarhub.com/products/stringboxes/sku_199351_199351-17459269345762408.jpeg","stringboxes",123246,"jpeg"
"SKU210836210836117458977870704374",true,1,"https://cdn.yellosolarhub.com/products/stringboxes/sku_210836_210836_1-17458977870704374.jpeg","https://cdn.yellosolarhub.com/products/stringboxes/sku_210836_210836_1-17458977870704374.jpeg","stringboxes",113314,"jpeg"
"SKU211022211022117476865605809426",true,1,"https://cdn.yellosolarhub.com/products/estruturas/sku_211022_211022_1-17476865605809426.jpeg","https://cdn.yellosolarhub.com/products/estruturas/sku_211022_211022_1-17476865605809426.jpeg","estruturas",224554,"jpeg"
"SKU215006215006317458331023668129",true,1,"https://cdn.yellosolarhub.com/products/estruturas/sku_215006_215006_3-17458331023668129.jpeg","https://cdn.yellosolarhub.com/products/estruturas/sku_215006_215006_3-17458331023668129.jpeg","estruturas",117570,"jpeg"
"SKU215008215008317458709303606537",true,1,"https://cdn.yellosolarhub.com/products/estruturas/sku_215008_215008_3-17458709303606537.jpeg","https://cdn.yellosolarhub.com/products/estruturas/sku_215008_215008_3-17458709303606537.jpeg","estruturas",84910,"jpeg"
"SKU21556321556317587472203114354",true,1,"https://cdn.yellosolarhub.com/products/paineis/sku_215563_215563-17587472203114354.jpeg","https://cdn.yellosolarhub.com/products/paineis/sku_215563_215563-17587472203114354.jpeg","paineis",154824,"jpeg"
"SKU24676124676117460392268529534",true,1,"https://cdn.yellosolarhub.com/products/inversores/sku_246761_246761-17460392268529534.jpeg","https://cdn.yellosolarhub.com/products/inversores/sku_246761_246761-17460392268529534.jpeg","inversores",36080,"jpeg"
"SKU24676224676217460422357569937",true,1,"https://cdn.yellosolarhub.com/products/inversores/sku_246762_246762-17460422357569937.jpeg","https://cdn.yellosolarhub.com/products/inversores/sku_246762_246762-17460422357569937.jpeg","inversores",36080,"jpeg"
"SKU24676324676317460422564036824",true,1,"https://cdn.yellosolarhub.com/products/inversores/sku_246763_246763-17460422564036824.jpeg","https://cdn.yellosolarhub.com/products/inversores/sku_246763_246763-17460422564036824.jpeg","inversores",28801,"jpeg"
"SKU24676424676417458511580915488",true,1,"https://cdn.yellosolarhub.com/products/inversores/sku_246764_246764-17458511580915488.jpeg","https://cdn.yellosolarhub.com/products/inversores/sku_246764_246764-17458511580915488.jpeg","inversores",28691,"jpeg"
"SKU24676524676517457436108364088",true,1,"https://cdn.yellosolarhub.com/products/inversores/sku_246765_246765-17457436108364088.jpeg","https://cdn.yellosolarhub.com/products/inversores/sku_246765_246765-17457436108364088.jpeg","inversores",34715,"jpeg"
"SKU24676824676817459237636241276",true,1,"https://cdn.yellosolarhub.com/products/inversores/sku_246768_246768-17459237636241276.jpeg","https://cdn.yellosolarhub.com/products/inversores/sku_246768_246768-17459237636241276.jpeg","inversores",34715,"jpeg"
"SKU24677624677617460419822698100",true,1,"https://cdn.yellosolarhub.com/products/inversores/sku_246776_246776-17460419822698100.jpeg","https://cdn.yellosolarhub.com/products/inversores/sku_246776_246776-17460419822698100.jpeg","inversores",35131,"jpeg"
"SKU25851625851617459085227243203",true,1,"https://cdn.yellosolarhub.com/products/inversores/sku_258516_258516-17459085227243203.jpeg","https://cdn.yellosolarhub.com/products/inversores/sku_258516_258516-17459085227243203.jpeg","inversores",38714,"jpeg"
"SKU26727726727717458727569694572",true,1,"https://cdn.yellosolarhub.com/products/inversores/sku_267277_267277-17458727569694572.jpeg","https://cdn.yellosolarhub.com/products/inversores/sku_267277_267277-17458727569694572.jpeg","inversores",24496,"jpeg"
"SKU27695427695417460390182534484",true,1,"https://cdn.yellosolarhub.com/products/inversores/sku_276954_276954-17460390182534484.jpeg","https://cdn.yellosolarhub.com/products/inversores/sku_276954_276954-17460390182534484.jpeg","inversores",54303,"jpeg"
"SKU280440280440117460389183888406",true,1,"https://cdn.yellosolarhub.com/products/paineis/sku_280440_280440_1-17460389183888406.jpeg","https://cdn.yellosolarhub.com/products/paineis/sku_280440_280440_1-17460389183888406.jpeg","paineis",107629,"jpeg"
"SKU28798928798917459120523305528",true,1,"https://cdn.yellosolarhub.com/products/paineis/sku_287989_287989-17459120523305528.jpeg","https://cdn.yellosolarhub.com/products/paineis/sku_287989_287989-17459120523305528.jpeg","paineis",154471,"jpeg"
"SKU28924100117457929059638740",true,1,"https://cdn.yellosolarhub.com/products/inversores/sku_289241_001-17457929059638740.jpeg","https://cdn.yellosolarhub.com/products/inversores/sku_289241_001-17457929059638740.jpeg","inversores",28042,"jpeg"
"SKU289244289244117460389447419270",true,1,"https://cdn.yellosolarhub.com/products/paineis/sku_289244_289244_1-17460389447419270.jpeg","https://cdn.yellosolarhub.com/products/paineis/sku_289244_289244_1-17460389447419270.jpeg","paineis",258247,"jpeg"
"SKU29180829180817458456460969248",true,1,"https://cdn.yellosolarhub.com/products/paineis/sku_291808_291808-17458456460969248.jpeg","https://cdn.yellosolarhub.com/products/paineis/sku_291808_291808-17458456460969248.jpeg","paineis",153945,"jpeg"
"SKU29242129242117460422200014247",true,1,"https://cdn.yellosolarhub.com/products/inversores/sku_292421_292421-17460422200014247.jpeg","https://cdn.yellosolarhub.com/products/inversores/sku_292421_292421-17460422200014247.jpeg","inversores",49563,"jpeg"
"SKU29242329242317459265882555020",true,1,"https://cdn.yellosolarhub.com/products/inversores/sku_292423_292423-17459265882555020.jpeg","https://cdn.yellosolarhub.com/products/inversores/sku_292423_292423-17459265882555020.jpeg","inversores",88107,"jpeg"
"SKU29242429242417457928091181215",true,1,"https://cdn.yellosolarhub.com/products/inversores/sku_292424_292424-17457928091181215.jpeg","https://cdn.yellosolarhub.com/products/inversores/sku_292424_292424-17457928091181215.jpeg","inversores",42552,"jpeg"
"SKU29243129243117458504394775074",true,1,"https://cdn.yellosolarhub.com/products/inversores/sku_292431_292431-17458504394775074.jpeg","https://cdn.yellosolarhub.com/products/inversores/sku_292431_292431-17458504394775074.jpeg","inversores",42552,"jpeg"
"SKU29243329243317459162631168039",true,1,"https://cdn.yellosolarhub.com/products/inversores/sku_292433_292433-17459162631168039.jpeg","https://cdn.yellosolarhub.com/products/inversores/sku_292433_292433-17459162631168039.jpeg","inversores",34771,"jpeg"
"SKU29243529243517460420086945208",true,1,"https://cdn.yellosolarhub.com/products/inversores/sku_292435_292435-17460420086945208.jpeg","https://cdn.yellosolarhub.com/products/inversores/sku_292435_292435-17460420086945208.jpeg","inversores",34771,"jpeg"
"SKU29243729243717458999759611785",true,1,"https://cdn.yellosolarhub.com/products/inversores/sku_292437_292437-17458999759611785.jpeg","https://cdn.yellosolarhub.com/products/inversores/sku_292437_292437-17458999759611785.jpeg","inversores",37349,"jpeg"
"SKU29243829243817459034566372442",true,1,"https://cdn.yellosolarhub.com/products/inversores/sku_292438_292438-17459034566372442.jpeg","https://cdn.yellosolarhub.com/products/inversores/sku_292438_292438-17459034566372442.jpeg","inversores",34771,"jpeg"
"SKU29244229244217457818261091625",true,1,"https://cdn.yellosolarhub.com/products/inversores/sku_292442_292442-17457818261091625.jpeg","https://cdn.yellosolarhub.com/products/inversores/sku_292442_292442-17457818261091625.jpeg","inversores",59185,"jpeg"
"SKU29958629958617471562636241354",true,1,"https://cdn.yellosolarhub.com/products/paineis/sku_299586_299586-17471562636241354.jpeg","https://cdn.yellosolarhub.com/products/paineis/sku_299586_299586-17471562636241354.jpeg","paineis",153969,"jpeg"
"SKU29958929958917471414377421707",true,1,"https://cdn.yellosolarhub.com/products/paineis/sku_299589_299589-17471414377421707.jpeg","https://cdn.yellosolarhub.com/products/paineis/sku_299589_299589-17471414377421707.jpeg","paineis",154547,"jpeg"
"SKU29959129959117467236965391281",true,1,"https://cdn.yellosolarhub.com/products/inversores/sku_299591_299591-17467236965391281.jpeg","https://cdn.yellosolarhub.com/products/inversores/sku_299591_299591-17467236965391281.jpeg","inversores",12696,"jpeg"
"SKU29959529959517467957208646910",true,1,"https://cdn.yellosolarhub.com/products/inversores/sku_299595_299595-17467957208646910.jpeg","https://cdn.yellosolarhub.com/products/inversores/sku_299595_299595-17467957208646910.jpeg","inversores",36536,"jpeg"
"SKU30058530058517476745737964615",true,1,"https://cdn.yellosolarhub.com/products/paineis/sku_300585_300585-17476745737964615.jpeg","https://cdn.yellosolarhub.com/products/paineis/sku_300585_300585-17476745737964615.jpeg","paineis",154023,"jpeg"
"SKU30457430457417516416575985705",true,1,"https://cdn.yellosolarhub.com/products/paineis/sku_304574_304574-17516416575985705.jpeg","https://cdn.yellosolarhub.com/products/paineis/sku_304574_304574-17516416575985705.jpeg","paineis",153506,"jpeg"
"SKU30615530615517479477829824229",true,1,"https://cdn.yellosolarhub.com/products/inversores/sku_306155_306155-17479477829824229.jpeg","https://cdn.yellosolarhub.com/products/inversores/sku_306155_306155-17479477829824229.jpeg","inversores",28801,"jpeg"
"SKU309203309203417460398486954422",true,1,"https://cdn.yellosolarhub.com/products/estruturas/sku_309203_309203_4-17460398486954422.jpeg","https://cdn.yellosolarhub.com/products/estruturas/sku_309203_309203_4-17460398486954422.jpeg","estruturas",94889,"jpeg"
"SKU31166831166817458944783606561",true,1,"https://cdn.yellosolarhub.com/products/stringboxes/sku_311668_311668-17458944783606561.jpeg","https://cdn.yellosolarhub.com/products/stringboxes/sku_311668_311668-17458944783606561.jpeg","stringboxes",74004,"jpeg"
"SKU31380131380117466238930555038",true,1,"https://cdn.yellosolarhub.com/products/estruturas/sku_313801_313801-17466238930555038.jpeg","https://cdn.yellosolarhub.com/products/estruturas/sku_313801_313801-17466238930555038.jpeg","estruturas",315461,"jpeg"
"SKU313817313817117466373123721087",true,1,"https://cdn.yellosolarhub.com/products/estruturas/sku_313817_313817_1-17466373123721087.jpeg","https://cdn.yellosolarhub.com/products/estruturas/sku_313817_313817_1-17466373123721087.jpeg","estruturas",230315,"jpeg"
"SKU313827313827217466255076298648",true,1,"https://cdn.yellosolarhub.com/products/estruturas/sku_313827_313827_2-17466255076298648.jpeg","https://cdn.yellosolarhub.com/products/estruturas/sku_313827_313827_2-17466255076298648.jpeg","estruturas",125116,"jpeg"
"SKU31383231383217466237808078788",true,1,"https://cdn.yellosolarhub.com/products/estruturas/sku_313832_313832-17466237808078788.jpeg","https://cdn.yellosolarhub.com/products/estruturas/sku_313832_313832-17466237808078788.jpeg","estruturas",189556,"jpeg"
"SKU313834313834117466239027672907",true,1,"https://cdn.yellosolarhub.com/products/estruturas/sku_313834_313834_1-17466239027672907.jpeg","https://cdn.yellosolarhub.com/products/estruturas/sku_313834_313834_1-17466239027672907.jpeg","estruturas",230315,"jpeg"
"SKU31514831514817551159943964186",true,1,"https://cdn.yellosolarhub.com/products/inversores/sku_315148_315148-17551159943964186.jpeg","https://cdn.yellosolarhub.com/products/inversores/sku_315148_315148-17551159943964186.jpeg","inversores",91568,"jpeg"
"SKU320786320786517496510879977488",true,1,"https://cdn.yellosolarhub.com/products/estruturas/sku_320786_320786_5-17496510879977488.jpeg","https://cdn.yellosolarhub.com/products/estruturas/sku_320786_320786_5-17496510879977488.jpeg","estruturas",46590,"jpeg"
"SKU327540327540117514830300259600",true,1,"https://cdn.yellosolarhub.com/products/stringboxes/sku_327540_327540_1-17514830300259600.jpeg","https://cdn.yellosolarhub.com/products/stringboxes/sku_327540_327540_1-17514830300259600.jpeg","stringboxes",140785,"jpeg"
"SKU327541327541117514904188633219",true,1,"https://cdn.yellosolarhub.com/products/stringboxes/sku_327541_327541_1-17514904188633219.jpeg","https://cdn.yellosolarhub.com/products/stringboxes/sku_327541_327541_1-17514904188633219.jpeg","stringboxes",71612,"jpeg"
"SKU342425342425217591697083547384",true,1,"https://cdn.yellosolarhub.com/products/estruturas/sku_342425_342425_2-17591697083547384.jpeg","https://cdn.yellosolarhub.com/products/estruturas/sku_342425_342425_2-17591697083547384.jpeg","estruturas",100502,"jpeg"
"SKU375553755517545438599901052",true,1,"https://cdn.yellosolarhub.com/products/stringboxes/sku_37555_37555-17545438599901052.jpeg","https://cdn.yellosolarhub.com/products/stringboxes/sku_37555_37555-17545438599901052.jpeg","stringboxes",79191,"jpeg"
"SOFAR25KTLXG3LVAFCIIMAGEPRODUCT600381",true,1,"https://cdn.yellosolarhub.com/products/inversores/SOFAR-25KTLX-G3-LV - AFCI_IMAGE_PRODUCT_600381.png","https://cdn.yellosolarhub.com/products/inversores/SOFAR-25KTLX-G3-LV - AFCI_IMAGE_PRODUCT_600381.png","inversores",54131,"png"
"SOFAR5KTLMG3AFCIIMAGEPRODUCT600369",true,1,"https://cdn.yellosolarhub.com/products/inversores/SOFAR-5KTLM-G3 - AFCI_IMAGE_PRODUCT_600369.png","https://cdn.yellosolarhub.com/products/inversores/SOFAR-5KTLM-G3 - AFCI_IMAGE_PRODUCT_600369.png","inversores",85685,"png"
"SUNGROW20SG12RT2020380V20202MPPT",true,1,"https://cdn.yellosolarhub.com/products/SUNGROW/SUNGROW%20SG12RT%20-%20380V%20-%202MPPT.png","https://cdn.yellosolarhub.com/products/SUNGROW/SUNGROW%20SG12RT%20-%20380V%20-%202MPPT.png","SUNGROW",343952,"png"
"SUNGROWSG15RTP2AFCI380V2MPPT201",true,1,"https://cdn.yellosolarhub.com/products/SUNGROW/SUNGROW-SG15RT-P2-(AFCI)---380V---2MPPT%201.png","https://cdn.yellosolarhub.com/products/SUNGROW/SUNGROW-SG15RT-P2-(AFCI)---380V---2MPPT%201.png","SUNGROW",95174,"png"
"SUNGROWSG20RTP2AFCI380V2MPPT",true,1,"https://cdn.yellosolarhub.com/products/SUNGROW/SUNGROW-SG20RT-P2-(AFCI)-380V-2MPPT.png","https://cdn.yellosolarhub.com/products/SUNGROW/SUNGROW-SG20RT-P2-(AFCI)-380V-2MPPT.png","SUNGROW",95321,"png"
"SUNGROWSG30RS220V1MPPT",true,1,"https://cdn.yellosolarhub.com/products/SUNGROW/SUNGROW-SG3.0RS-220V-1MPPT.png","https://cdn.yellosolarhub.com/products/SUNGROW/SUNGROW-SG3.0RS-220V-1MPPT.png","SUNGROW",84422,"png"
"SUNGROWSG40RS220V2MPPT",true,1,"https://cdn.yellosolarhub.com/products/SUNGROW/SUNGROW-SG4.0RS-220V-2MPPT.png","https://cdn.yellosolarhub.com/products/SUNGROW/SUNGROW-SG4.0RS-220V-2MPPT.png","SUNGROW",84384,"png"
"SUNGROWSG50RS220V2MPPT",true,1,"https://cdn.yellosolarhub.com/products/SUNGROW/SUNGROW-SG5.0RS-220V-2MPPT.png","https://cdn.yellosolarhub.com/products/SUNGROW/SUNGROW-SG5.0RS-220V-2MPPT.png","SUNGROW",84464,"png"
"SUNGROWSG75CXLV",true,1,"https://cdn.yellosolarhub.com/products/SUNGROW/SUNGROW-SG75CX-LV.png","https://cdn.yellosolarhub.com/products/SUNGROW/SUNGROW-SG75CX-LV.png","SUNGROW",65302,"png"
"SUNGROWSG90RS220V3MPPT",true,1,"https://cdn.yellosolarhub.com/products/SUNGROW/SUNGROW-SG9.0RS-220V-3MPPT.png","https://cdn.yellosolarhub.com/products/SUNGROW/SUNGROW-SG9.0RS-220V-3MPPT.png","SUNGROW",84681,"png"