SKU,Categoria,Fabricante,Num_Ofertas,Melhor_Preco,Pior_Preco,Preco_Medio,Variacao_%,Distribuidores
FOTUSKP04798KWPMINITRILHOKITS,kits,unknown,3,120.22,35935.00,12068.40,29791.03,"YSH Internal:R$120.22; YSH B2C:R$149.99; Estimated:R$35935.00"
FOTUSKP041026KWPMINITRILHOKITS,kits,unknown,3,168.47,46195.00,15524.81,27320.31,"YSH Internal:R$168.47; YSH B2C:R$210.95; Estimated:R$46195.00"
GOODWEGW37K5SDTBR30AFCIIMAGEPRODUCT600350,componentes,GOODWE,3,171.75,28890.00,9758.90,16720.96,"YSH Internal:R$171.75; YSH B2C:R$214.95; Estimated:R$28890.00"
FOTUSKP021278KWPFIBROCIMENTOKITS,kits,unknown,3,527.11,57535.00,19573.70,10815.18,"YSH Internal:R$527.11; YSH B2C:R$659.00; Estimated:R$57535.00"
GOODWEGW75KSMTAFCIIMAGEPRODUCT600328,componentes,GOODWE,3,571.42,56250.00,19178.47,9743.90,"YSH Internal:R$571.42; YSH B2C:R$713.99; Estimated:R$56250.00"
GOODWEGW35KLSMTIMAGEPRODUCT600109,componentes,GOODWE,3,291.07,27450.00,9368.36,9330.72,"YSH Internal:R$291.07; YSH B2C:R$364.00; Estimated:R$27450.00"
FOTUSKP03710KWPFIBROCIMENTOKITS,kits,unknown,3,366.40,31975.00,10933.13,8626.80,"YSH Internal:R$366.40; YSH B2C:R$457.99; Estimated:R$31975.00"
FOTUSKP041482KWPFIBROCIMENTOKITS,kits,unknown,3,801.68,66715.00,22839.56,8221.90,"YSH Internal:R$801.68; YSH B2C:R$1001.99; Estimated:R$66715.00"
GOODWEGW35KLSMTAFCIIMAGE,componentes,GOODWE,3,331.17,27450.00,9398.39,8188.79,"YSH Internal:R$331.17; YSH B2C:R$414.00; Estimated:R$27450.00"
NEOSOLARCABLES25205,componentes,unknown,3,180.00,12595.95,7617.50,6897.75,"Estimated:R$180.00; YSH Internal:R$10076.56; YSH B2C:R$12595.95"
NEOSOLARCABLES20128,componentes,unknown,3,180.00,12431.95,7519.07,6806.64,"Estimated:R$180.00; YSH Internal:R$9945.25; YSH B2C:R$12431.95"
FOTUSKP021065KWPFIBROCIMENTOKITS,kits,unknown,3,697.41,47950.00,16506.47,6775.44,"YSH Internal:R$697.41; YSH B2C:R$872.00; Estimated:R$47950.00"
IMAGEPRODUCT052128,componentes,unknown,3,180.00,12090.99,7314.60,6617.22,"Estimated:R$180.00; YSH Internal:R$9672.81; YSH B2C:R$12090.99"
NEOSOLARCABLES23503,componentes,unknown,3,180.00,11713.99,7088.43,6407.77,"Estimated:R$180.00; YSH Internal:R$9371.31; YSH B2C:R$11713.99"
NEOSOLARCABLES20122,componentes,unknown,3,180.00,11652.99,7051.90,6373.88,"Estimated:R$180.00; YSH Internal:R$9322.70; YSH B2C:R$11652.99"
NEOSOLARCABLES20142,componentes,unknown,3,180.00,10868.95,6581.29,5938.31,"Estimated:R$180.00; YSH Internal:R$8694.91; YSH B2C:R$10868.95"
IMAGEPRODUCT052117,componentes,unknown,3,180.00,10863.99,6578.50,5935.55,"Estimated:R$180.00; YSH Internal:R$8691.51; YSH B2C:R$10863.99"
FOTUSKP041026KWPFIBROCIMENTOKITS,kits,unknown,3,783.78,46195.00,15986.24,5793.87,"YSH Internal:R$783.78; YSH B2C:R$979.95; Estimated:R$46195.00"
NEOSOLARCABLES21998,componentes,unknown,3,180.00,10575.00,6404.97,5775.00,"Estimated:R$180.00; YSH Internal:R$8459.92; YSH B2C:R$10575.00"
NEOSOLARCABLES20121,componentes,unknown,3,180.00,10387.49,6292.49,5670.83,"Estimated:R$180.00; YSH Internal:R$8309.98; YSH B2C:R$10387.49"
IMAGEPRODUCT052127,componentes,unknown,3,180.00,10371.95,6283.08,5662.19,"Estimated:R$180.00; YSH Internal:R$8297.29; YSH B2C:R$10371.95"
NEOSOLARCABLES20286,componentes,unknown,3,180.00,10319.95,6251.89,5633.31,"Estimated:R$180.00; YSH Internal:R$8255.71; YSH B2C:R$10319.95"
IMAGEPRODUCT052121,componentes,unknown,3,180.00,10235.95,6201.46,5586.64,"Estimated:R$180.00; YSH Internal:R$8188.44; YSH B2C:R$10235.95"
FOTUSKP02568KWPFIBROCIMENTOKITS,kits,unknown,3,451.20,25585.00,8866.73,5570.43,"YSH Internal:R$451.20; YSH B2C:R$563.99; Estimated:R$25585.00"
IMAGEPRODUCT052124,componentes,unknown,3,180.00,9821.95,5953.11,5356.64,"Estimated:R$180.00; YSH Internal:R$7857.38; YSH B2C:R$9821.95"
NEOSOLARCABLES20131,componentes,unknown,3,180.00,9528.99,5777.47,5193.88,"Estimated:R$180.00; YSH Internal:R$7623.42; YSH B2C:R$9528.99"
NEOSOLARCABLES21771,componentes,unknown,3,180.00,9402.00,5701.16,5123.33,"Estimated:R$180.00; YSH Internal:R$7521.48; YSH B2C:R$9402.00"
FOTUSKP04684KWPFIBROCIMENTOKITS,kits,unknown,3,598.11,30805.00,10717.02,5050.39,"YSH Internal:R$598.11; YSH B2C:R$747.95; Estimated:R$30805.00"
IMAGEPRODUCT052113,componentes,unknown,3,180.00,9141.00,5544.55,4978.33,"Estimated:R$180.00; YSH Internal:R$7312.65; YSH B2C:R$9141.00"
NEOSOLARCABLES23054,componentes,unknown,3,180.00,8854.95,5372.90,4819.42,"Estimated:R$180.00; YSH Internal:R$7083.74; YSH B2C:R$8854.95"
NEOSOLARCABLES23504,componentes,unknown,3,180.00,8792.95,5335.66,4784.97,"Estimated:R$180.00; YSH Internal:R$7034.02; YSH B2C:R$8792.95"
NEOSOLARCABLES21769,componentes,unknown,3,180.00,8620.00,5231.94,4688.89,"Estimated:R$180.00; YSH Internal:R$6895.83; YSH B2C:R$8620.00"
NEOSOLARCABLES20139,componentes,unknown,3,180.00,8034.99,4881.04,4363.88,"Estimated:R$180.00; YSH Internal:R$6428.14; YSH B2C:R$8034.99"
NEOSOLARCABLES23780,componentes,unknown,3,180.00,7858.00,4774.74,4265.56,"Estimated:R$180.00; YSH Internal:R$6286.22; YSH B2C:R$7858.00"
NEOSOLARCABLES20078,componentes,unknown,3,180.00,7524.95,4574.89,4080.53,"Estimated:R$180.00; YSH Internal:R$6019.72; YSH B2C:R$7524.95"
NEOSOLARCABLES20925,componentes,unknown,3,180.00,7184.95,4370.87,3891.64,"Estimated:R$180.00; YSH Internal:R$5747.66; YSH B2C:R$7184.95"
FOTUSKP041368KWPMINITRILHOKITS,kits,unknown,3,1556.57,61585.00,21695.84,3856.46,"YSH Internal:R$1556.57; YSH B2C:R$1945.95; Estimated:R$61585.00"
IMAGEPRODUCT052130,componentes,unknown,3,180.00,7037.49,4282.49,3809.72,"Estimated:R$180.00; YSH Internal:R$5629.97; YSH B2C:R$7037.49"
NEOSOLARCABLES23052,componentes,unknown,3,180.00,6775.95,4125.49,3664.42,"Estimated:R$180.00; YSH Internal:R$5420.51; YSH B2C:R$6775.95"
NEOSOLARCABLES20789,componentes,unknown,3,180.00,6768.99,4121.45,3660.55,"Estimated:R$180.00; YSH Internal:R$5415.37; YSH B2C:R$6768.99"
GROWATTMID50KTL3X2AFCIIMAGEPRODUCT600314,componentes,GROWATT,3,385.13,14016.63,4961.08,3539.45,"YSH Internal:R$385.13; YSH B2C:R$481.49; N/A:R$14016.63"
IMAGEPRODUCT052129,componentes,unknown,3,180.00,6398.99,3899.48,3454.99,"Estimated:R$180.00; YSH Internal:R$5119.44; YSH B2C:R$6398.99"
NEOSOLARCABLES20134,componentes,unknown,3,180.00,6233.49,3800.09,3363.05,"Estimated:R$180.00; YSH Internal:R$4986.77; YSH B2C:R$6233.49"
NEOSOLARCABLES20135,componentes,unknown,3,180.00,6203.99,3782.48,3346.66,"Estimated:R$180.00; YSH Internal:R$4963.46; YSH B2C:R$6203.99"
FOTUSKP04855KWPFIBROCIMENTOKITS,kits,unknown,3,1152.63,38500.00,13697.88,3240.19,"YSH Internal:R$1152.63; YSH B2C:R$1441.00; Estimated:R$38500.00"
NEOSOLARCABLES21772,componentes,unknown,3,180.00,5800.95,3540.51,3122.75,"Estimated:R$180.00; YSH Internal:R$4640.58; YSH B2C:R$5800.95"
ODEXODEXINVGROWATT6000W1,componentes,unknown,3,465.94,14016.63,5021.69,2908.25,"YSH Internal:R$465.94; YSH B2C:R$582.49; N/A:R$14016.63"
NEOSOLARCABLES23505,componentes,unknown,3,180.00,5397.00,3298.19,2898.33,"Estimated:R$180.00; YSH Internal:R$4317.58; YSH B2C:R$5397.00"
FOTUSKP04720KWPFIBROCIMENTOKITSHIBRIDOS,kits,unknown,3,1301.63,38910.00,13946.21,2889.33,"YSH Internal:R$1301.63; YSH B2C:R$1626.99; Estimated:R$38910.00"
FOTUSKP04912KWPCERAMICOKITS,kits,unknown,3,1374.81,41065.00,14719.59,2886.96,"YSH Internal:R$1374.81; YSH B2C:R$1718.95; Estimated:R$41065.00"
FOTUSKP04570KWPCERAMICOKITS,kits,unknown,3,873.19,25675.00,9213.23,2840.37,"YSH Internal:R$873.19; YSH B2C:R$1091.49; Estimated:R$25675.00"
IMAGEPRODUCT052125,componentes,unknown,3,180.00,5290.95,3234.49,2839.42,"Estimated:R$180.00; YSH Internal:R$4232.53; YSH B2C:R$5290.95"
FOTUSKP02960KWPMINITRILHOKITS,kits,unknown,3,1520.59,43225.00,15548.85,2742.65,"YSH Internal:R$1520.59; YSH B2C:R$1900.95; Estimated:R$43225.00"
GOODWEGW100KGTAFCIIMAGEPRODUCT600342,componentes,GOODWE,3,2686.59,74250.00,26764.86,2663.73,"YSH Internal:R$2686.59; YSH B2C:R$3357.99; Estimated:R$74250.00"
FOTUSKP04600KWPMINITRILHOKITS,kits,unknown,3,984.19,27025.00,9746.39,2645.91,"YSH Internal:R$984.19; YSH B2C:R$1229.99; Estimated:R$27025.00"
FOTUSKP04720KWPMINITRILHOKITSHIBRIDOS,kits,unknown,3,1439.19,38910.00,14049.40,2603.60,"YSH Internal:R$1439.19; YSH B2C:R$1799.00; Estimated:R$38910.00"
FOTUSKP041596KWPMINITRILHOKITS,kits,unknown,3,2812.79,71845.00,26057.93,2454.23,"YSH Internal:R$2812.79; YSH B2C:R$3516.00; Estimated:R$71845.00"
GOODWEGW20KLVMTAFCIIMAGE,componentes,GOODWE,3,700.74,16650.00,6075.58,2276.06,"YSH Internal:R$700.74; YSH B2C:R$876.00; Estimated:R$16650.00"
FOTUSKP04720KWPFIBROCIMENTOKITS,kits,unknown,3,1366.25,32425.00,11833.08,2273.28,"YSH Internal:R$1366.25; YSH B2C:R$1708.00; Estimated:R$32425.00"
NEOSOLARKITS25046,kits,unknown,3,105.72,2500.00,912.57,2264.74,"YSH Internal:R$105.72; YSH B2C:R$131.99; Estimated:R$2500.00"
FOTUSKP04840KWPCERAMICOKITS,kits,unknown,3,1632.51,37825.00,13832.82,2216.98,"YSH Internal:R$1632.51; YSH B2C:R$2040.95; Estimated:R$37825.00"
NEOSOLARCABLES20371,componentes,unknown,3,180.00,4052.99,2491.86,2151.66,"Estimated:R$180.00; YSH Internal:R$3242.60; YSH B2C:R$4052.99"
IMAGEPRODUCT052122,componentes,unknown,3,180.00,4040.00,2483.97,2144.44,"Estimated:R$180.00; YSH Internal:R$3231.92; YSH B2C:R$4040.00"
GROWATTMID20KTL3XL2AFCIIMAGEPRODUCT600308,componentes,GROWATT,3,630.93,14016.63,5145.50,2121.58,"YSH Internal:R$630.93; YSH B2C:R$788.95; N/A:R$14016.63"
FOTUSKP03994KWPMINITRILHOKITS,kits,unknown,3,2040.76,44755.00,16448.92,2093.06,"YSH Internal:R$2040.76; YSH B2C:R$2551.00; Estimated:R$44755.00"
FOTUSKP02994KWPMINITRILHOKITS,kits,unknown,3,2119.35,44755.00,16507.78,2011.73,"YSH Internal:R$2119.35; YSH B2C:R$2648.99; Estimated:R$44755.00"
FOTUSKP02426KWPFIBROCIMENTOKITS,kits,unknown,3,921.31,19195.00,7089.42,1983.45,"YSH Internal:R$921.31; YSH B2C:R$1151.95; Estimated:R$19195.00"
FOTUSKP041596KWPCERAMICOKITS,kits,unknown,3,3502.15,71845.00,26575.03,1951.45,"YSH Internal:R$3502.15; YSH B2C:R$4377.95; Estimated:R$71845.00"
DEYESUN35KG02LVIMAGE,componentes,DEYE,3,1276.62,25925.00,9599.21,1930.75,"YSH Internal:R$1276.62; YSH B2C:R$1596.00; Estimated:R$25925.00"
NEOSOLARCABLES20126,componentes,unknown,3,180.00,3640.00,2243.96,1922.22,"Estimated:R$180.00; YSH Internal:R$2911.87; YSH B2C:R$3640.00"
FOTUSKP041311KWPFIBROCIMENTOKITS,kits,unknown,3,3168.92,59020.00,22049.97,1762.46,"YSH Internal:R$3168.92; YSH B2C:R$3960.99; Estimated:R$59020.00"
222132,componentes,unknown,3,134.37,2500.00,934.12,1760.53,"YSH Internal:R$134.37; YSH B2C:R$168.00; Estimated:R$2500.00"
FOTUSKP02840KWPMINITRILHOKITS,kits,unknown,3,2034.16,37825.00,14134.04,1759.49,"YSH Internal:R$2034.16; YSH B2C:R$2542.95; Estimated:R$37825.00"
FOTUSKP021704KWPFIBROCIMENTOKITS,kits,unknown,3,4228.69,76705.00,28739.90,1713.92,"YSH Internal:R$4228.69; YSH B2C:R$5286.00; Estimated:R$76705.00"
FOTUSKP021278KWPCERAMICOKITS,kits,unknown,3,3215.92,57535.00,21590.31,1689.07,"YSH Internal:R$3215.92; YSH B2C:R$4020.00; Estimated:R$57535.00"
FOTUSKP04798KWPFIBROCIMENTOKITS,kits,unknown,3,2010.73,35935.00,13486.41,1687.16,"YSH Internal:R$2010.73; YSH B2C:R$2513.49; Estimated:R$35935.00"
NEOSOLARKITS25049,kits,unknown,3,141.17,2500.00,939.22,1670.91,"YSH Internal:R$141.17; YSH B2C:R$176.49; Estimated:R$2500.00"
FOTUSKP04480KWPMINITRILHOKITSHIBRIDOS,kits,unknown,3,1468.01,25950.00,9751.00,1667.70,"YSH Internal:R$1468.01; YSH B2C:R$1834.99; Estimated:R$25950.00"
FOTUSKP041368KWPFIBROCIMENTOKITS,kits,unknown,3,3646.55,61585.00,23263.18,1588.86,"YSH Internal:R$3646.55; YSH B2C:R$4557.99; Estimated:R$61585.00"
FOTUSKP04600KWPCERAMICOKITS,kits,unknown,3,1613.72,27025.00,10218.57,1574.70,"YSH Internal:R$1613.72; YSH B2C:R$2016.99; Estimated:R$27025.00"
FOTUSKP04456KWPFIBROCIMENTOKITS,kits,unknown,3,1232.47,20545.00,7772.81,1566.98,"YSH Internal:R$1232.47; YSH B2C:R$1540.95; Estimated:R$20545.00"
NEOSOLARCABLES23053,componentes,unknown,3,180.00,2967.49,1840.47,1548.61,"Estimated:R$180.00; YSH Internal:R$2373.92; YSH B2C:R$2967.49"
FOTUSKP04960KWPCERAMICOKITSHIBRIDOS,kits,unknown,3,3146.90,51870.00,19650.28,1548.29,"YSH Internal:R$3146.90; YSH B2C:R$3933.95; Estimated:R$51870.00"
GOODWEGW100KHTIMAGEPRODUCT600066,componentes,GOODWE,3,4522.64,74250.00,28141.88,1541.74,"YSH Internal:R$4522.64; YSH B2C:R$5652.99; Estimated:R$74250.00"
FOTUSKP041482KWPCERAMICOKITS,kits,unknown,3,4065.52,66715.00,25287.51,1541.00,"YSH Internal:R$4065.52; YSH B2C:R$5082.00; Estimated:R$66715.00"
IMAGEPRODUCT052126,componentes,unknown,3,180.00,2949.00,1829.36,1538.33,"Estimated:R$180.00; YSH Internal:R$2359.09; YSH B2C:R$2949.00"
NEOSOLARCABLES21770,componentes,unknown,3,180.00,2932.00,1819.17,1528.89,"Estimated:R$180.00; YSH Internal:R$2345.50; YSH B2C:R$2932.00"
HUAWEISUN200012KMB0AFCIIMAGEPRODUCT600387,componentes,HUAWEI,3,1371.28,20833.33,7972.87,1419.26,"YSH Internal:R$1371.28; YSH B2C:R$1713.99; N/A:R$20833.33"
ODEXODEXINVGROWATT20000W,componentes,unknown,3,930.26,14016.63,5369.96,1406.74,"YSH Internal:R$930.26; YSH B2C:R$1163.00; N/A:R$14016.63"
GOODWEGW110KHTIMAGEPRODUCT600023,componentes,GOODWE,3,5441.22,81450.00,31231.06,1396.91,"YSH Internal:R$5441.22; YSH B2C:R$6801.95; Estimated:R$81450.00"
GOODWEGW60KSMTAFCIIMAGE,componentes,GOODWE,3,3073.39,45450.00,17455.11,1378.82,"YSH Internal:R$3073.39; YSH B2C:R$3841.95; Estimated:R$45450.00"
SKU192098192098617459006542584963,componentes,unknown,3,850.00,12381.95,7712.44,1356.70,"Estimated:R$850.00; YSH Internal:R$9905.37; YSH B2C:R$12381.95"
NEOSOLARKITS24175,kits,unknown,3,171.98,2500.00,962.33,1353.66,"YSH Internal:R$171.98; YSH B2C:R$215.00; Estimated:R$2500.00"
FOTUSKP02852KWPCERAMICOKITS,kits,unknown,3,2649.39,38365.00,14775.45,1348.07,"YSH Internal:R$2649.39; YSH B2C:R$3311.95; Estimated:R$38365.00"
FOTUSKP021704KWPCERAMICOKITS,kits,unknown,3,5324.30,76705.00,29561.43,1340.66,"YSH Internal:R$5324.30; YSH B2C:R$6654.99; Estimated:R$76705.00"
FOTUSKP02120KWPFIBROCIMENTOKITS,kits,unknown,3,379.65,5425.00,2093.20,1328.95,"YSH Internal:R$379.65; YSH B2C:R$474.95; Estimated:R$5425.00"
FOTUSKP041311KWPMINITRILHOKITS,kits,unknown,3,4131.40,59020.00,22771.80,1328.57,"YSH Internal:R$4131.40; YSH B2C:R$5163.99; Estimated:R$59020.00"
SKU342425342425217591697083547384,componentes,unknown,3,850.00,12026.99,7499.55,1314.94,"Estimated:R$850.00; YSH Internal:R$9621.65; YSH B2C:R$12026.99"
FOTUSKP02960KWPFIBROCIMENTOKITS,kits,unknown,3,3078.14,43225.00,16717.03,1304.26,"YSH Internal:R$3078.14; YSH B2C:R$3847.95; Estimated:R$43225.00"
SKU31383231383217466237808078788,componentes,unknown,3,850.00,11593.99,7239.74,1264.00,"Estimated:R$850.00; YSH Internal:R$9275.22; YSH B2C:R$11593.99"
SKU10678310678317545443332146339,componentes,unknown,3,850.00,11483.49,7173.41,1251.00,"Estimated:R$850.00; YSH Internal:R$9186.73; YSH B2C:R$11483.49"
SKU152147152147117507708324918071,componentes,unknown,3,186.41,2500.00,973.13,1241.13,"YSH Internal:R$186.41; YSH B2C:R$232.99; Estimated:R$2500.00"
GOODWEGW73KLVHTAFCIIMAGE,componentes,GOODWE,3,4113.81,54810.00,21355.27,1232.34,"YSH Internal:R$4113.81; YSH B2C:R$5141.99; Estimated:R$54810.00"
SKU320786320786517496510879977488,componentes,unknown,3,850.00,11183.00,6993.12,1215.65,"Estimated:R$850.00; YSH Internal:R$8946.37; YSH B2C:R$11183.00"
124358,componentes,unknown,3,850.00,11140.95,6967.82,1210.70,"Estimated:R$850.00; YSH Internal:R$8912.52; YSH B2C:R$11140.95"
NEOSOLARCABLES23055,componentes,unknown,3,180.00,2352.99,1471.83,1207.22,"Estimated:R$180.00; YSH Internal:R$1882.49; YSH B2C:R$2352.99"
FOTUSKP04570KWPMINITRILHOKITS,kits,unknown,3,1967.56,25675.00,10034.02,1204.92,"YSH Internal:R$1967.56; YSH B2C:R$2459.49; Estimated:R$25675.00"
FOTUSKP041254KWPCERAMICOKITS,kits,unknown,3,4415.87,56455.00,22130.29,1178.46,"YSH Internal:R$4415.87; YSH B2C:R$5520.00; Estimated:R$56455.00"
IMAGEPRODUCT400188,componentes,unknown,3,850.00,10788.99,6756.74,1169.29,"Estimated:R$850.00; YSH Internal:R$8631.24; YSH B2C:R$10788.99"
SKU215008215008317458709303606537,componentes,unknown,3,850.00,10778.49,6750.43,1168.06,"Estimated:R$850.00; YSH Internal:R$8622.79; YSH B2C:R$10778.49"
FOTUSKP031136KWPFIBROCIMENTOKITS,kits,unknown,3,4110.79,51145.00,20131.43,1144.16,"YSH Internal:R$4110.79; YSH B2C:R$5138.49; Estimated:R$51145.00"
SKU19269719269717459129405742263,componentes,unknown,3,850.00,10542.95,6609.04,1140.35,"Estimated:R$850.00; YSH Internal:R$8434.17; YSH B2C:R$10542.95"
SKU309203309203417460398486954422,componentes,unknown,3,850.00,10525.99,6598.93,1138.35,"Estimated:R$850.00; YSH Internal:R$8420.80; YSH B2C:R$10525.99"
FOTUSKP03426KWPMINITRILHOKITS,kits,unknown,3,1552.41,19195.00,7562.79,1136.46,"YSH Internal:R$1552.41; YSH B2C:R$1940.95; Estimated:R$19195.00"
FOTUSKP02994KWPCERAMICOKITS,kits,unknown,3,3620.00,44755.00,17633.33,1136.33,"YSH Internal:R$3620.00; YSH B2C:R$4525.00; Estimated:R$44755.00"
NEOSOLARINVERTERS21306,componentes,unknown,3,203.67,2500.00,986.21,1127.48,"YSH Internal:R$203.67; YSH B2C:R$254.95; Estimated:R$2500.00"
FOTUSKP03994KWPFIBROCIMENTOKITS,kits,unknown,3,3669.57,44755.00,17670.52,1119.63,"YSH Internal:R$3669.57; YSH B2C:R$4587.00; Estimated:R$44755.00"
NEOSOLARKITS27263,kits,unknown,3,206.79,2500.00,988.43,1108.96,"YSH Internal:R$206.79; YSH B2C:R$258.49; Estimated:R$2500.00"
FOTUSKP041596KWPFIBROCIMENTOKITS,kits,unknown,3,6116.83,71845.00,28535.94,1074.55,"YSH Internal:R$6116.83; YSH B2C:R$7645.99; Estimated:R$71845.00"
FOTUSKP02710KWPFIBROCIMENTOKITS,kits,unknown,3,2745.22,31975.00,12717.39,1064.75,"YSH Internal:R$2745.22; YSH B2C:R$3431.95; Estimated:R$31975.00"
FOTUSKP02568KWPCERAMICOKITS,kits,unknown,3,2227.85,25585.00,10199.28,1048.42,"YSH Internal:R$2227.85; YSH B2C:R$2785.00; Estimated:R$25585.00"
NEOSOLARPOSTS24173,componentes,unknown,3,104.53,1200.00,478.49,1048.00,"YSH Internal:R$104.53; YSH B2C:R$130.95; Estimated:R$1200.00"
FOTUSKP02426KWPMINITRILHOKITS,kits,unknown,3,1686.81,19195.00,7663.59,1037.95,"YSH Internal:R$1686.81; YSH B2C:R$2108.95; Estimated:R$19195.00"
ODEXODEXINVGROWATT3300W,componentes,unknown,3,1232.90,14016.63,5596.84,1036.88,"YSH Internal:R$1232.90; YSH B2C:R$1540.99; N/A:R$14016.63"
FOTUSKP04960KWPFIBROCIMENTOKITS,kits,unknown,3,3904.94,43225.00,17336.98,1006.93,"YSH Internal:R$3904.94; YSH B2C:R$4880.99; Estimated:R$43225.00"
GOODWEGW100KHTIMAGEPRODUCT600126,componentes,GOODWE,3,6747.29,74250.00,29810.43,1000.44,"YSH Internal:R$6747.29; YSH B2C:R$8433.99; Estimated:R$74250.00"
DEYESUN75KG01P3LVIMAGE,componentes,DEYE,3,4849.53,53125.00,21345.51,995.47,"YSH Internal:R$4849.53; YSH B2C:R$6062.00; Estimated:R$53125.00"
GOODWEGW50KSMTAFCIIMAGE,componentes,GOODWE,3,3493.96,38250.00,15370.48,994.75,"YSH Internal:R$3493.96; YSH B2C:R$4367.49; Estimated:R$38250.00"
SKU195201195201417458881777253997,componentes,unknown,3,850.00,9222.00,5816.50,984.94,"Estimated:R$850.00; YSH Internal:R$7377.49; YSH B2C:R$9222.00"
SKU133930133930717458510676818108,componentes,unknown,3,850.00,9212.49,5810.81,983.82,"Estimated:R$850.00; YSH Internal:R$7369.93; YSH B2C:R$9212.49"
FOTUSKP02142KWPMINITRILHOKITS,kits,unknown,3,600.86,6415.00,2588.95,967.64,"YSH Internal:R$600.86; YSH B2C:R$750.99; Estimated:R$6415.00"
IIN00235,componentes,unknown,3,1200.00,12587.00,7952.19,948.92,"Estimated:R$1200.00; YSH Internal:R$10069.57; YSH B2C:R$12587.00"
SKU28798928798917459120523305528,componentes,unknown,3,1200.00,12535.99,7921.65,944.67,"Estimated:R$1200.00; YSH Internal:R$10028.96; YSH B2C:R$12535.99"
NEOSOLARCHARGERS23762,componentes,unknown,3,1200.00,12516.49,7909.88,943.04,"Estimated:R$1200.00; YSH Internal:R$10013.16; YSH B2C:R$12516.49"
IEF00131,componentes,unknown,3,1200.00,12501.49,7900.89,941.79,"Estimated:R$1200.00; YSH Internal:R$10001.17; YSH B2C:R$12501.49"
NEOSOLARSTATIONS25205,componentes,unknown,3,1200.00,12500.95,7900.45,941.75,"Estimated:R$1200.00; YSH Internal:R$10000.41; YSH B2C:R$12500.95"
IEF00023,componentes,unknown,3,1200.00,12440.00,7863.95,936.67,"Estimated:R$1200.00; YSH Internal:R$9951.85; YSH B2C:R$12440.00"
NEOSOLARSTATIONS20121,componentes,unknown,3,1200.00,12406.99,7844.22,933.92,"Estimated:R$1200.00; YSH Internal:R$9925.68; YSH B2C:R$12406.99"
NEOSOLARSTATIONS21769,componentes,unknown,3,1200.00,12405.95,7843.48,933.83,"Estimated:R$1200.00; YSH Internal:R$9924.49; YSH B2C:R$12405.95"
NEOSOLARCHARGERS25024,componentes,unknown,3,1200.00,12381.99,7829.24,931.83,"Estimated:R$1200.00; YSH Internal:R$9905.74; YSH B2C:R$12381.99"
NEOSOLARKITS26985,kits,unknown,3,242.38,2500.00,1015.13,931.44,"YSH Internal:R$242.38; YSH B2C:R$303.00; Estimated:R$2500.00"
IEF00044,componentes,unknown,3,1200.00,12369.00,7821.33,930.75,"Estimated:R$1200.00; YSH Internal:R$9895.00; YSH B2C:R$12369.00"
IIN00310,componentes,unknown,3,1200.00,12323.99,7794.43,927.00,"Estimated:R$1200.00; YSH Internal:R$9859.30; YSH B2C:R$12323.99"
NEOSOLARCHARGERS20858,componentes,unknown,3,1200.00,12307.99,7784.83,925.67,"Estimated:R$1200.00; YSH Internal:R$9846.50; YSH B2C:R$12307.99"
ODEXODEXINVSAJ6000W,componentes,unknown,3,585.18,5986.00,2434.22,922.93,"YSH Internal:R$585.18; YSH B2C:R$731.49; Estimated:R$5986.00"
IMAGEM,componentes,unknown,3,1200.00,12242.99,7745.84,920.25,"Estimated:R$1200.00; YSH Internal:R$9794.52; YSH B2C:R$12242.99"
NEOSOLARCHARGERS24609,componentes,unknown,3,1200.00,12224.95,7734.87,918.75,"Estimated:R$1200.00; YSH Internal:R$9779.67; YSH B2C:R$12224.95"
NEOSOLARCHARGERS23759,componentes,unknown,3,1200.00,12201.00,7720.54,916.75,"Estimated:R$1200.00; YSH Internal:R$9760.62; YSH B2C:R$12201.00"
FOTUSKP04600KWPFIBROCIMENTOKITSHIBRIDOS,kits,unknown,3,3197.84,32430.00,13208.28,914.12,"YSH Internal:R$3197.84; YSH B2C:R$3996.99; Estimated:R$32430.00"
SKU313817313817117466373123721087,componentes,unknown,3,850.00,8618.99,5454.73,914.00,"Estimated:R$850.00; YSH Internal:R$6895.21; YSH B2C:R$8618.99"
IEF00090,componentes,unknown,3,1200.00,12167.00,7700.14,913.92,"Estimated:R$1200.00; YSH Internal:R$9733.43; YSH B2C:R$12167.00"
NEOSOLARCHARGERS27329,componentes,unknown,3,1200.00,12157.99,7694.83,913.17,"Estimated:R$1200.00; YSH Internal:R$9726.51; YSH B2C:R$12157.99"
FOTUSKP041026KWPCERAMICOKITS,kits,unknown,3,4575.44,46195.00,18829.81,909.63,"YSH Internal:R$4575.44; YSH B2C:R$5718.99; Estimated:R$46195.00"
NEOSOLARSTATIONS20925,componentes,unknown,3,1200.00,12084.99,7651.08,907.08,"Estimated:R$1200.00; YSH Internal:R$9668.26; YSH B2C:R$12084.99"
IIN0028220NEP20RAPID20SHUTDOWN2020A20MC4V2,componentes,unknown,3,1200.00,12080.99,7648.61,906.75,"Estimated:R$1200.00; YSH Internal:R$9664.83; YSH B2C:R$12080.99"
SKU327540327540117514830300259600,componentes,unknown,3,1200.00,12076.99,7646.27,906.42,"Estimated:R$1200.00; YSH Internal:R$9661.83; YSH B2C:R$12076.99"
IIN00289,componentes,unknown,3,1200.00,12041.99,7625.29,903.50,"Estimated:R$1200.00; YSH Internal:R$9633.87; YSH B2C:R$12041.99"
GOODWEGW30KLSMTAFCIREDIMAGEPRODUCT600483,componentes,GOODWE,3,2381.96,23850.00,9736.48,901.28,"YSH Internal:R$2381.96; YSH B2C:R$2977.49; Estimated:R$23850.00"
IIN00241,componentes,unknown,3,1200.00,11977.00,7586.16,898.08,"Estimated:R$1200.00; YSH Internal:R$9581.49; YSH B2C:R$11977.00"
313801,componentes,unknown,3,850.00,8449.00,5352.67,894.00,"Estimated:R$850.00; YSH Internal:R$6759.02; YSH B2C:R$8449.00"
FOTUSKP04960KWPMINITRILHOKITS,kits,unknown,3,4361.74,43225.00,17679.58,891.00,"YSH Internal:R$4361.74; YSH B2C:R$5451.99; Estimated:R$43225.00"
NEOSOLARCHARGERS25220,componentes,unknown,3,1200.00,11864.99,7519.02,888.75,"Estimated:R$1200.00; YSH Internal:R$9492.08; YSH B2C:R$11864.99"
NEOSOLARPOSTS23587,componentes,unknown,3,1200.00,11846.00,7507.56,887.17,"Estimated:R$1200.00; YSH Internal:R$9476.69; YSH B2C:R$11846.00"
IIN00261,componentes,unknown,3,1200.00,11817.00,7490.18,884.75,"Estimated:R$1200.00; YSH Internal:R$9453.54; YSH B2C:R$11817.00"
NEOSOLARCONTROLLERS24245,componentes,unknown,3,1200.00,11752.99,7451.87,879.42,"Estimated:R$1200.00; YSH Internal:R$9402.63; YSH B2C:R$11752.99"
NEOSOLARCONTROLLERS21565,componentes,unknown,3,1200.00,11747.95,7448.67,879.00,"Estimated:R$1200.00; YSH Internal:R$9398.05; YSH B2C:R$11747.95"
NEOSOLARCHARGERS20043,componentes,unknown,3,1200.00,11744.99,7447.05,878.75,"Estimated:R$1200.00; YSH Internal:R$9396.15; YSH B2C:R$11744.99"
FOTUSKP03994KWPCERAMICOKITS,kits,unknown,3,4585.42,44755.00,18357.47,876.03,"YSH Internal:R$4585.42; YSH B2C:R$5732.00; Estimated:R$44755.00"
IIN00364,componentes,unknown,3,1200.00,11697.99,7418.85,874.83,"Estimated:R$1200.00; YSH Internal:R$9358.56; YSH B2C:R$11697.99"
IMAGEPRODUCT559380,componentes,unknown,3,1200.00,11679.99,7408.07,873.33,"Estimated:R$1200.00; YSH Internal:R$9344.23; YSH B2C:R$11679.99"
IIN00377,componentes,unknown,3,1200.00,11605.95,7363.50,867.16,"Estimated:R$1200.00; YSH Internal:R$9284.54; YSH B2C:R$11605.95"
NEOSOLARCHARGERS23761,componentes,unknown,3,1200.00,11601.99,7361.26,866.83,"Estimated:R$1200.00; YSH Internal:R$9281.80; YSH B2C:R$11601.99"
IBT00002,componentes,unknown,3,1200.00,11572.00,7343.15,864.33,"Estimated:R$1200.00; YSH Internal:R$9257.45; YSH B2C:R$11572.00"
FOTUSKP02960KWPCERAMICOKITS,kits,unknown,3,4485.84,43225.00,17772.61,863.59,"YSH Internal:R$4485.84; YSH B2C:R$5606.99; Estimated:R$43225.00"
NEOSOLARCHARGERS24718,componentes,unknown,3,1200.00,11501.99,7301.22,858.50,"Estimated:R$1200.00; YSH Internal:R$9201.67; YSH B2C:R$11501.99"
IIN00239,componentes,unknown,3,1200.00,11480.95,7288.46,856.75,"Estimated:R$1200.00; YSH Internal:R$9184.44; YSH B2C:R$11480.95"
IIN00195,componentes,unknown,3,1200.00,11476.99,7286.27,856.42,"Estimated:R$1200.00; YSH Internal:R$9181.82; YSH B2C:R$11476.99"
ILS00012,componentes,unknown,3,1200.00,11407.95,7244.70,850.66,"Estimated:R$1200.00; YSH Internal:R$9126.15; YSH B2C:R$11407.95"
NEOSOLARCONTROLLERS21564,componentes,unknown,3,1200.00,11378.95,7227.31,848.25,"Estimated:R$1200.00; YSH Internal:R$9102.97; YSH B2C:R$11378.95"
NEOSOLARCONTROLLERS24349,componentes,unknown,3,1200.00,11377.95,7226.70,848.16,"Estimated:R$1200.00; YSH Internal:R$9102.14; YSH B2C:R$11377.95"
NEOSOLARCHARGERS25023,componentes,unknown,3,1200.00,11349.99,7210.04,845.83,"Estimated:R$1200.00; YSH Internal:R$9080.13; YSH B2C:R$11349.99"
NEOSOLARPOSTS23327,componentes,unknown,3,1200.00,11336.00,7201.54,844.67,"Estimated:R$1200.00; YSH Internal:R$9068.61; YSH B2C:R$11336.00"
IIN00256,componentes,unknown,3,1200.00,11301.99,7181.22,841.83,"Estimated:R$1200.00; YSH Internal:R$9041.68; YSH B2C:R$11301.99"
IIN00311,componentes,unknown,3,1200.00,11288.99,7173.47,840.75,"Estimated:R$1200.00; YSH Internal:R$9031.43; YSH B2C:R$11288.99"
IIN00182,componentes,unknown,3,1200.00,11287.49,7172.47,840.62,"Estimated:R$1200.00; YSH Internal:R$9029.93; YSH B2C:R$11287.49"
ODEXODEXINVCHINT5000W,componentes,unknown,3,698.67,6500.00,2690.55,830.34,"YSH Internal:R$698.67; YSH B2C:R$872.99; Estimated:R$6500.00"
192068,componentes,unknown,3,1200.00,11135.49,7081.29,827.96,"Estimated:R$1200.00; YSH Internal:R$8908.39; YSH B2C:R$11135.49"
FOTUSKP03710KWPMINITRILHOKITS,kits,unknown,3,3448.63,31975.00,13244.88,827.18,"YSH Internal:R$3448.63; YSH B2C:R$4311.00; Estimated:R$31975.00"
ILS00003,componentes,unknown,3,1200.00,11112.99,7067.82,826.08,"Estimated:R$1200.00; YSH Internal:R$8890.48; YSH B2C:R$11112.99"
NEOSOLARCHARGERS24716,componentes,unknown,3,1200.00,11050.99,7030.68,820.92,"Estimated:R$1200.00; YSH Internal:R$8841.05; YSH B2C:R$11050.99"
ODEXODEXINVGROWATT100000W,componentes,unknown,3,1525.29,14016.63,5816.29,818.95,"YSH Internal:R$1525.29; YSH B2C:R$1906.95; N/A:R$14016.63"
NEOSOLARCHARGERS20859,componentes,unknown,3,1200.00,11006.95,7004.07,817.25,"Estimated:R$1200.00; YSH Internal:R$8805.26; YSH B2C:R$11006.95"
LONGI585W,componentes,unknown,3,1200.00,10992.99,6995.87,816.08,"Estimated:R$1200.00; YSH Internal:R$8794.61; YSH B2C:R$10992.99"
NEOSOLARCHARGERS20870,componentes,unknown,3,1200.00,10989.99,6994.02,815.83,"Estimated:R$1200.00; YSH Internal:R$8792.06; YSH B2C:R$10989.99"
NEOSOLARCONTROLLERS20134,componentes,unknown,3,1200.00,10982.95,6989.65,815.25,"Estimated:R$1200.00; YSH Internal:R$8786.01; YSH B2C:R$10982.95"
NEOSOLARKITS25164,kits,unknown,3,273.16,2500.00,1038.22,815.21,"YSH Internal:R$273.16; YSH B2C:R$341.49; Estimated:R$2500.00"
FOTUSKP04960KWPMINITRILHOKITSHIBRIDOS,kits,unknown,3,5670.18,51870.00,21542.71,814.79,"YSH Internal:R$5670.18; YSH B2C:R$7087.95; Estimated:R$51870.00"
FOTUSKP04960KWPFIBROCIMENTOKITSHIBRIDOS,kits,unknown,3,5678.11,51870.00,21548.69,813.51,"YSH Internal:R$5678.11; YSH B2C:R$7097.95; Estimated:R$51870.00"
NEOSOLARCHARGERS25025,componentes,unknown,3,1200.00,10959.95,6975.87,813.33,"Estimated:R$1200.00; YSH Internal:R$8767.66; YSH B2C:R$10959.95"
SKU29180829180817458456460969248,componentes,unknown,3,1200.00,10932.00,6959.15,811.00,"Estimated:R$1200.00; YSH Internal:R$8745.46; YSH B2C:R$10932.00"
IIN00196,componentes,unknown,3,1200.00,10926.99,6956.20,810.58,"Estimated:R$1200.00; YSH Internal:R$8741.61; YSH B2C:R$10926.99"
IIN00237,componentes,unknown,3,1200.00,10916.00,6949.58,809.67,"Estimated:R$1200.00; YSH Internal:R$8732.74; YSH B2C:R$10916.00"
IMAGE,componentes,HANERSUN,3,1200.00,10899.99,6940.04,808.33,"Estimated:R$1200.00; YSH Internal:R$8720.13; YSH B2C:R$10899.99"
SUNGROWSG75CXLV,componentes,unknown,3,1200.00,10884.99,6931.05,807.08,"Estimated:R$1200.00; YSH Internal:R$8708.17; YSH B2C:R$10884.99"
IIN00211,componentes,unknown,3,1200.00,10862.00,6917.15,805.17,"Estimated:R$1200.00; YSH Internal:R$8689.46; YSH B2C:R$10862.00"
NEOSOLARCONTROLLERS20109,componentes,unknown,3,1200.00,10805.95,6883.47,800.50,"Estimated:R$1200.00; YSH Internal:R$8644.45; YSH B2C:R$10805.95"
NEOSOLARCHARGERS25012,componentes,unknown,3,1200.00,10776.95,6866.10,798.08,"Estimated:R$1200.00; YSH Internal:R$8621.36; YSH B2C:R$10776.95"
FOTUSKP04399KWPCERAMICOKITS,kits,unknown,3,2003.47,17980.00,7495.82,797.44,"YSH Internal:R$2003.47; YSH B2C:R$2503.99; Estimated:R$17980.00"
ILS00009,componentes,unknown,3,1200.00,10766.00,6859.57,797.17,"Estimated:R$1200.00; YSH Internal:R$8612.71; YSH B2C:R$10766.00"
NEOSOLARCHARGERS26361,componentes,unknown,3,1200.00,10669.99,6802.00,789.17,"Estimated:R$1200.00; YSH Internal:R$8536.02; YSH B2C:R$10669.99"
ILS00010,componentes,unknown,3,1200.00,10652.95,6791.68,787.75,"Estimated:R$1200.00; YSH Internal:R$8522.10; YSH B2C:R$10652.95"
NEOSOLARCHARGERS24714,componentes,unknown,3,1200.00,10560.95,6736.51,780.08,"Estimated:R$1200.00; YSH Internal:R$8448.57; YSH B2C:R$10560.95"
FOTUSKP04399KWPMINITRILHOKITS,kits,unknown,3,2045.92,17980.00,7527.80,778.82,"YSH Internal:R$2045.92; YSH B2C:R$2557.49; Estimated:R$17980.00"
SKU210836210836117458977870704374,componentes,unknown,3,1200.00,10527.95,6716.65,777.33,"Estimated:R$1200.00; YSH Internal:R$8422.01; YSH B2C:R$10527.95"
FOTUSKP04855KWPMINITRILHOKITS,kits,unknown,3,4396.61,38500.00,16130.87,775.67,"YSH Internal:R$4396.61; YSH B2C:R$5496.00; Estimated:R$38500.00"
IMO00093,componentes,unknown,3,138.65,1200.00,503.88,765.49,"YSH Internal:R$138.65; YSH B2C:R$172.99; Estimated:R$1200.00"
NEOSOLARCONTROLLERS21709,componentes,unknown,3,1200.00,10380.99,6628.67,765.08,"Estimated:R$1200.00; YSH Internal:R$8305.03; YSH B2C:R$10380.99"
GOODWEGW30KSDTC30AFCIIMAGE,componentes,GOODWE,3,2763.44,23850.00,10022.48,763.05,"YSH Internal:R$2763.44; YSH B2C:R$3453.99; Estimated:R$23850.00"
IIN00366,componentes,unknown,3,1200.00,10344.95,6606.87,762.08,"Estimated:R$1200.00; YSH Internal:R$8275.65; YSH B2C:R$10344.95"
ODEXODEXINVSAJ15000W,componentes,unknown,3,1384.25,11890.00,5001.41,758.95,"YSH Internal:R$1384.25; YSH B2C:R$1729.99; Estimated:R$11890.00"
SKU31166831166817458944783606561,componentes,unknown,3,1200.00,10305.95,6583.51,758.83,"Estimated:R$1200.00; YSH Internal:R$8244.58; YSH B2C:R$10305.95"
IIN00224,componentes,unknown,3,1200.00,10283.99,6570.44,757.00,"Estimated:R$1200.00; YSH Internal:R$8227.34; YSH B2C:R$10283.99"
FOTUSKP041482KWPMINITRILHOKITS,kits,unknown,3,7798.83,66715.00,28087.59,755.45,"YSH Internal:R$7798.83; YSH B2C:R$9748.95; Estimated:R$66715.00"
IIN00288,componentes,unknown,3,1200.00,10200.00,6519.98,750.00,"Estimated:R$1200.00; YSH Internal:R$8159.94; YSH B2C:R$10200.00"
IIN00259,componentes,unknown,3,1200.00,10199.95,6519.90,750.00,"Estimated:R$1200.00; YSH Internal:R$8159.75; YSH B2C:R$10199.95"
FOTUSKP021704KWPMINITRILHOKITS,kits,unknown,3,9050.68,76705.00,32356.22,747.51,"YSH Internal:R$9050.68; YSH B2C:R$11312.99; Estimated:R$76705.00"
IEF00132,componentes,unknown,3,1200.00,10162.49,6497.47,746.87,"Estimated:R$1200.00; YSH Internal:R$8129.93; YSH B2C:R$10162.49"
FOTUSKP041254KWPFIBROCIMENTOKITS,kits,unknown,3,6679.79,56455.00,23828.25,745.16,"YSH Internal:R$6679.79; YSH B2C:R$8349.95; Estimated:R$56455.00"
FOTUSKP021136KWPMINITRILHOKITS,kits,unknown,3,6058.32,51145.00,21592.11,744.21,"YSH Internal:R$6058.32; YSH B2C:R$7573.00; Estimated:R$51145.00"
NEOSOLARPOSTS24174,componentes,unknown,3,1200.00,10107.99,6464.83,742.33,"Estimated:R$1200.00; YSH Internal:R$8086.49; YSH B2C:R$10107.99"
IIN00257,componentes,unknown,3,1200.00,10106.99,6464.24,742.25,"Estimated:R$1200.00; YSH Internal:R$8085.74; YSH B2C:R$10106.99"
HUAWEISUN200010KLC0AFCIIMAGEPRODUCT600386,componentes,HUAWEI,3,2476.73,20833.33,8802.02,741.16,"YSH Internal:R$2476.73; YSH B2C:R$3096.00; N/A:R$20833.33"
IIN00215,componentes,unknown,3,1200.00,10091.00,6454.55,740.92,"Estimated:R$1200.00; YSH Internal:R$8072.64; YSH B2C:R$10091.00"
NEOSOLARCONTROLLERS20132,componentes,unknown,3,1200.00,10084.00,6450.36,740.33,"Estimated:R$1200.00; YSH Internal:R$8067.07; YSH B2C:R$10084.00"
DISPOSITIVODEDESCONEXAOIQRELAYLNBR,componentes,Unknown,3,1200.00,10073.95,6444.30,739.50,"Estimated:R$1200.00; YSH Internal:R$8058.94; YSH B2C:R$10073.95"
IMAGEPRODUCT559381,componentes,OSDA,3,1200.00,10039.99,6424.09,736.67,"Estimated:R$1200.00; YSH Internal:R$8032.27; YSH B2C:R$10039.99"
NEOSOLARCHARGERS21295,componentes,unknown,3,1200.00,10005.00,6402.96,733.75,"Estimated:R$1200.00; YSH Internal:R$8003.89; YSH B2C:R$10005.00"
NEOSOLARCONTROLLERS20080,componentes,unknown,3,1200.00,9986.49,6391.90,732.21,"Estimated:R$1200.00; YSH Internal:R$7989.20; YSH B2C:R$9986.49"
SOFAR5KTLMG3AFCIIMAGEPRODUCT600369,componentes,SOFAR,3,682.19,5655.00,2396.71,728.95,"YSH Internal:R$682.19; YSH B2C:R$852.95; Estimated:R$5655.00"
NEOSOLARCHARGERS24473,componentes,unknown,3,1200.00,9925.95,6355.46,727.16,"Estimated:R$1200.00; YSH Internal:R$7940.44; YSH B2C:R$9925.95"
NEOSOLARSTATIONS23505,componentes,unknown,3,1200.00,9882.99,6329.82,723.58,"Estimated:R$1200.00; YSH Internal:R$7906.46; YSH B2C:R$9882.99"
IIN00368,componentes,unknown,3,1200.00,9877.49,6326.49,723.12,"Estimated:R$1200.00; YSH Internal:R$7901.99; YSH B2C:R$9877.49"
FOTUSKP041311KWPCERAMICOKITS,kits,unknown,3,7185.02,59020.00,25062.00,721.43,"YSH Internal:R$7185.02; YSH B2C:R$8980.99; Estimated:R$59020.00"
FOTUSKP021278KWPMINITRILHOKITS,kits,unknown,3,7014.59,57535.00,24439.19,720.22,"YSH Internal:R$7014.59; YSH B2C:R$8767.99; Estimated:R$57535.00"
IMAGEPRODUCT450094,componentes,unknown,3,1200.00,9836.00,6301.55,719.67,"Estimated:R$1200.00; YSH Internal:R$7868.66; YSH B2C:R$9836.00"
PERFILREFORC3A7ADOSMART240,componentes,Unknown,3,1200.00,9819.49,6291.69,718.29,"Estimated:R$1200.00; YSH Internal:R$7855.57; YSH B2C:R$9819.49"
NEOSOLARCHARGERS20873,componentes,unknown,3,1200.00,9783.99,6270.48,715.33,"Estimated:R$1200.00; YSH Internal:R$7827.46; YSH B2C:R$9783.99"
ODEXODEXINVSAJ25000W,componentes,unknown,3,2267.76,18450.00,7850.90,713.58,"YSH Internal:R$2267.76; YSH B2C:R$2834.95; Estimated:R$18450.00"
SKU19935119935117459269345762408,componentes,unknown,3,1200.00,9736.95,6242.08,711.41,"Estimated:R$1200.00; YSH Internal:R$7789.28; YSH B2C:R$9736.95"
NEOSOLARCONTROLLERS20085,componentes,unknown,3,1200.00,9731.99,6239.28,711.00,"Estimated:R$1200.00; YSH Internal:R$7785.86; YSH B2C:R$9731.99"
NEOSOLARCONTROLLERS23355,componentes,unknown,3,1200.00,9700.99,6220.65,708.42,"Estimated:R$1200.00; YSH Internal:R$7760.96; YSH B2C:R$9700.99"
ODEXODEXINVSAJ17000W,componentes,unknown,3,1634.43,13202.00,5626.47,707.74,"YSH Internal:R$1634.43; YSH B2C:R$2042.99; Estimated:R$13202.00"
ODEXODEXPAINELODEX660W,paineis,unknown,3,375.50,3028.00,1290.83,706.39,"YSH Internal:R$375.50; YSH B2C:R$468.99; Estimated:R$3028.00"
NEOSOLARCONTROLLERS20131,componentes,unknown,3,1200.00,9668.99,6201.47,705.75,"Estimated:R$1200.00; YSH Internal:R$7735.43; YSH B2C:R$9668.99"
NEOSOLARCHARGERS26901,componentes,unknown,3,1200.00,9657.99,6194.83,704.83,"Estimated:R$1200.00; YSH Internal:R$7726.50; YSH B2C:R$9657.99"
SUNGROWSG40RS220V2MPPT,componentes,Sungrow,3,1200.00,9643.95,6186.29,703.66,"Estimated:R$1200.00; YSH Internal:R$7714.91; YSH B2C:R$9643.95"
FOTUSKP04240KWPCERAMICOKITSHIBRIDOS,kits,unknown,3,1616.43,12990.00,5542.46,703.62,"YSH Internal:R$1616.43; YSH B2C:R$2020.95; Estimated:R$12990.00"
IMAGEPRODUCT052123,componentes,unknown,3,180.00,1417.99,910.89,687.77,"Estimated:R$180.00; YSH Internal:R$1134.67; YSH B2C:R$1417.99"
IIN00383,componentes,unknown,3,1200.00,9430.99,6058.66,685.92,"Estimated:R$1200.00; YSH Internal:R$7544.99; YSH B2C:R$9430.99"
ITF00002,componentes,unknown,3,1200.00,9413.00,6047.79,684.42,"Estimated:R$1200.00; YSH Internal:R$7530.37; YSH B2C:R$9413.00"
IIN00341,componentes,unknown,3,1200.00,9397.99,6038.86,683.17,"Estimated:R$1200.00; YSH Internal:R$7518.60; YSH B2C:R$9397.99"
IEF00144,componentes,unknown,3,1200.00,9395.99,6037.69,683.00,"Estimated:R$1200.00; YSH Internal:R$7517.09; YSH B2C:R$9395.99"
IIN00225,componentes,unknown,3,1200.00,9354.49,6012.68,679.54,"Estimated:R$1200.00; YSH Internal:R$7483.56; YSH B2C:R$9354.49"
NEOSOLARCHARGERS24606,componentes,unknown,3,1200.00,9336.00,6001.60,678.00,"Estimated:R$1200.00; YSH Internal:R$7468.79; YSH B2C:R$9336.00"
IIN00335,componentes,unknown,3,1200.00,9294.99,5977.09,674.58,"Estimated:R$1200.00; YSH Internal:R$7436.29; YSH B2C:R$9294.99"
NEOSOLARCHARGERS24713,componentes,unknown,3,1200.00,9271.99,5963.29,672.67,"Estimated:R$1200.00; YSH Internal:R$7417.89; YSH B2C:R$9271.99"
RISEN700W,componentes,unknown,3,1200.00,9236.49,5941.88,669.71,"Estimated:R$1200.00; YSH Internal:R$7389.15; YSH B2C:R$9236.49"
NEOSOLARCABLES20137,componentes,unknown,3,180.00,1384.95,890.90,669.42,"Estimated:R$180.00; YSH Internal:R$1107.75; YSH B2C:R$1384.95"
IIN00158,componentes,unknown,3,1200.00,9230.49,5938.29,669.21,"Estimated:R$1200.00; YSH Internal:R$7384.39; YSH B2C:R$9230.49"
IIN00340,componentes,unknown,3,1200.00,9225.00,5934.94,668.75,"Estimated:R$1200.00; YSH Internal:R$7379.83; YSH B2C:R$9225.00"
IIN00349,componentes,unknown,3,1200.00,9221.99,5933.20,668.50,"Estimated:R$1200.00; YSH Internal:R$7377.61; YSH B2C:R$9221.99"
IEF00040,componentes,unknown,3,1200.00,9210.00,5925.97,667.50,"Estimated:R$1200.00; YSH Internal:R$7367.90; YSH B2C:R$9210.00"
ICA00011,componentes,unknown,3,1200.00,9194.00,5916.38,666.17,"Estimated:R$1200.00; YSH Internal:R$7355.14; YSH B2C:R$9194.00"
GROWATTMIC3000TLX2220V1MPPT,componentes,Growatt,3,1200.00,9161.99,5897.26,663.50,"Estimated:R$1200.00; YSH Internal:R$7329.78; YSH B2C:R$9161.99"
SUNGROWSG30RS220V1MPPT,componentes,unknown,3,1200.00,9147.95,5888.71,662.33,"Estimated:R$1200.00; YSH Internal:R$7318.17; YSH B2C:R$9147.95"
IIN00319,componentes,unknown,3,1200.00,9132.99,5879.89,661.08,"Estimated:R$1200.00; YSH Internal:R$7306.69; YSH B2C:R$9132.99"
FOTUSKP04240KWPMINITRILHOKITS,kits,unknown,3,1426.59,10825.00,4678.19,658.80,"YSH Internal:R$1426.59; YSH B2C:R$1782.99; Estimated:R$10825.00"
300585,componentes,unknown,3,1200.00,9102.00,5861.19,658.50,"Estimated:R$1200.00; YSH Internal:R$7281.58; YSH B2C:R$9102.00"
IIN00238,componentes,unknown,3,1200.00,9067.95,5840.68,655.66,"Estimated:R$1200.00; YSH Internal:R$7254.08; YSH B2C:R$9067.95"
IIN00169,componentes,unknown,3,1200.00,9026.99,5816.29,652.25,"Estimated:R$1200.00; YSH Internal:R$7221.89; YSH B2C:R$9026.99"
NEOSOLARSTATIONS27352,componentes,unknown,3,1200.00,9017.00,5810.14,651.42,"Estimated:R$1200.00; YSH Internal:R$7213.43; YSH B2C:R$9017.00"
NEOSOLARKITS27296,kits,unknown,3,333.72,2500.00,1083.57,649.13,"YSH Internal:R$333.72; YSH B2C:R$416.99; Estimated:R$2500.00"
IIN00342201,componentes,unknown,3,1200.00,8979.99,5788.05,648.33,"Estimated:R$1200.00; YSH Internal:R$7184.17; YSH B2C:R$8979.99"
NEOSOLARSTATIONS20078,componentes,unknown,3,1200.00,8977.99,5786.83,648.17,"Estimated:R$1200.00; YSH Internal:R$7182.51; YSH B2C:R$8977.99"
SKU280440280440117460389183888406,componentes,unknown,3,1200.00,8947.00,5768.14,645.58,"Estimated:R$1200.00; YSH Internal:R$7157.41; YSH B2C:R$8947.00"
IIN00303,componentes,unknown,3,1200.00,8917.95,5750.67,643.16,"Estimated:R$1200.00; YSH Internal:R$7134.07; YSH B2C:R$8917.95"
IIN00344,componentes,unknown,3,1200.00,8915.00,5748.98,642.92,"Estimated:R$1200.00; YSH Internal:R$7131.93; YSH B2C:R$8915.00"
NEOSOLARCONTROLLERS20112,componentes,unknown,3,1200.00,8901.95,5741.11,641.83,"Estimated:R$1200.00; YSH Internal:R$7121.39; YSH B2C:R$8901.95"
IIN00343,componentes,unknown,3,1200.00,8876.99,5726.29,639.75,"Estimated:R$1200.00; YSH Internal:R$7101.87; YSH B2C:R$8876.99"
NEOSOLARCHARGERS24468,componentes,unknown,3,1200.00,8839.00,5703.36,636.58,"Estimated:R$1200.00; YSH Internal:R$7071.07; YSH B2C:R$8839.00"
FOTUSKP04840KWPMINITRILHOKITSHIBRIDOS,kits,unknown,3,6167.10,45390.00,19755.37,636.00,"YSH Internal:R$6167.10; YSH B2C:R$7709.00; Estimated:R$45390.00"
IIN00379,componentes,unknown,3,1200.00,8829.00,5697.36,635.75,"Estimated:R$1200.00; YSH Internal:R$7063.09; YSH B2C:R$8829.00"
NEOSOLARCABLES20369,componentes,unknown,3,180.00,1322.95,853.66,634.97,"Estimated:R$180.00; YSH Internal:R$1058.02; YSH B2C:R$1322.95"
IIN00337,componentes,unknown,3,1200.00,8815.95,5689.47,634.66,"Estimated:R$1200.00; YSH Internal:R$7052.47; YSH B2C:R$8815.95"
IIN00291,componentes,unknown,3,1200.00,8805.99,5683.63,633.83,"Estimated:R$1200.00; YSH Internal:R$7044.89; YSH B2C:R$8805.99"
HANERSUNHN18N72HIMAGEPRODUCT559375,componentes,HANERSUN,3,1200.00,8784.95,5670.88,632.08,"Estimated:R$1200.00; YSH Internal:R$7027.69; YSH B2C:R$8784.95"
FOTUSKP021065KWPMINITRILHOKITS,kits,unknown,3,6557.72,47950.00,20901.57,631.20,"YSH Internal:R$6557.72; YSH B2C:R$8196.99; Estimated:R$47950.00"
IEF00163,componentes,unknown,3,1200.00,8748.49,5649.07,629.04,"Estimated:R$1200.00; YSH Internal:R$6998.72; YSH B2C:R$8748.49"
ITR00085,componentes,unknown,3,1200.00,8721.99,5633.22,626.83,"Estimated:R$1200.00; YSH Internal:R$6977.66; YSH B2C:R$8721.99"
ICV0000320CARREGADOR20VEICULAR20FOXESS20A7300P1E220207320KW,componentes,unknown,3,1200.00,8670.00,5601.96,622.50,"Estimated:R$1200.00; YSH Internal:R$6935.89; YSH B2C:R$8670.00"
NEOSOLARCONTROLLERS22724,componentes,unknown,3,1200.00,8664.99,5599.09,622.08,"Estimated:R$1200.00; YSH Internal:R$6932.28; YSH B2C:R$8664.99"
IMAGEPRODUCT450123,componentes,unknown,3,1200.00,8637.00,5582.20,619.75,"Estimated:R$1200.00; YSH Internal:R$6909.59; YSH B2C:R$8637.00"
IIN00210,componentes,unknown,3,1200.00,8600.95,5560.50,616.75,"Estimated:R$1200.00; YSH Internal:R$6880.54; YSH B2C:R$8600.95"
NEOSOLARCHARGERS20871,componentes,unknown,3,1200.00,8550.00,5529.97,612.50,"Estimated:R$1200.00; YSH Internal:R$6839.92; YSH B2C:R$8550.00"
FOTUSKP04600KWPMINITRILHOKITSHIBRIDOS,kits,unknown,3,4552.41,32430.00,14224.45,612.37,"YSH Internal:R$4552.41; YSH B2C:R$5690.95; Estimated:R$32430.00"
NEOSOLARCHARGERS20034,componentes,unknown,3,1200.00,8546.99,5528.29,612.25,"Estimated:R$1200.00; YSH Internal:R$6837.89; YSH B2C:R$8546.99"
FOTUSKP04912KWPMINITRILHOKITS,kits,unknown,3,5830.37,41065.00,18061.12,604.33,"YSH Internal:R$5830.37; YSH B2C:R$7288.00; Estimated:R$41065.00"
IIN00263,componentes,unknown,3,1200.00,8428.95,5457.28,602.41,"Estimated:R$1200.00; YSH Internal:R$6742.89; YSH B2C:R$8428.95"
NEOSOLARCONTROLLERS24166,componentes,unknown,3,1200.00,8364.95,5418.88,597.08,"Estimated:R$1200.00; YSH Internal:R$6691.68; YSH B2C:R$8364.95"
FOTUSKP04969KWPMINITRILHOKITS,kits,unknown,3,6272.47,43630.00,19247.81,595.58,"YSH Internal:R$6272.47; YSH B2C:R$7840.95; Estimated:R$43630.00"
NEOSOLARCONTROLLERS20358,componentes,unknown,3,1200.00,8344.00,5406.38,595.33,"Estimated:R$1200.00; YSH Internal:R$6675.13; YSH B2C:R$8344.00"
FOTUSKP04570KWPFIBROCIMENTOKITS,kits,unknown,3,3710.74,25675.00,11341.41,591.91,"YSH Internal:R$3710.74; YSH B2C:R$4638.49; Estimated:R$25675.00"
NEOSOLARCHARGERS22154,componentes,unknown,3,1200.00,8287.95,5372.68,590.66,"Estimated:R$1200.00; YSH Internal:R$6630.09; YSH B2C:R$8287.95"
IMAGEPRODUCT450114,componentes,unknown,3,1200.00,8283.95,5370.30,590.33,"Estimated:R$1200.00; YSH Internal:R$6626.96; YSH B2C:R$8283.95"
NEOSOLARCHARGERS20862,componentes,unknown,3,1200.00,8267.49,5360.48,588.96,"Estimated:R$1200.00; YSH Internal:R$6613.96; YSH B2C:R$8267.49"
IIN00251,componentes,unknown,3,1200.00,8255.00,5352.97,587.92,"Estimated:R$1200.00; YSH Internal:R$6603.90; YSH B2C:R$8255.00"
NEOSOLARCHARGERS20863,componentes,unknown,3,1200.00,8247.99,5348.80,587.33,"Estimated:R$1200.00; YSH Internal:R$6598.41; YSH B2C:R$8247.99"
FOTUSKP031136KWPCERAMICOKITS,kits,unknown,3,7451.77,51145.00,22637.24,586.35,"YSH Internal:R$7451.77; YSH B2C:R$9314.95; Estimated:R$51145.00"
NEOSOLARCHARGERS23757,componentes,unknown,3,1200.00,8188.00,5312.78,582.33,"Estimated:R$1200.00; YSH Internal:R$6550.35; YSH B2C:R$8188.00"
NEOSOLARPOSTS24172,componentes,unknown,3,1200.00,8187.49,5312.49,582.29,"Estimated:R$1200.00; YSH Internal:R$6549.98; YSH B2C:R$8187.49"
SKU12435812435817544827976815683,componentes,unknown,3,850.00,5788.49,3756.41,581.00,"Estimated:R$850.00; YSH Internal:R$4630.73; YSH B2C:R$5788.49"
ICV0000420CARREGADOR20VEICULAR20FOXESS20A022KP1E222KW,componentes,unknown,3,1200.00,8163.95,5298.30,580.33,"Estimated:R$1200.00; YSH Internal:R$6530.95; YSH B2C:R$8163.95"
IIN00292,componentes,unknown,3,1200.00,8146.95,5288.07,578.91,"Estimated:R$1200.00; YSH Internal:R$6517.27; YSH B2C:R$8146.95"
SUNGROWSG20RTP2AFCI380V2MPPT,componentes,unknown,3,1200.00,8116.99,5270.25,576.42,"Estimated:R$1200.00; YSH Internal:R$6493.75; YSH B2C:R$8116.99"
FOTUSKP04798KWPCERAMICOKITS,kits,unknown,3,5345.80,35935.00,15987.60,572.21,"YSH Internal:R$5345.80; YSH B2C:R$6681.99; Estimated:R$35935.00"
IIN00082,componentes,unknown,3,1200.00,8058.99,5235.47,571.58,"Estimated:R$1200.00; YSH Internal:R$6447.42; YSH B2C:R$8058.99"
NEOSOLARCHARGERS27330,componentes,unknown,3,1200.00,8056.00,5233.54,571.33,"Estimated:R$1200.00; YSH Internal:R$6444.63; YSH B2C:R$8056.00"
ICA00010,componentes,unknown,3,1200.00,8013.95,5208.30,567.83,"Estimated:R$1200.00; YSH Internal:R$6410.96; YSH B2C:R$8013.95"
NEOSOLARCHARGERS21751,componentes,unknown,3,1200.00,7992.49,5195.49,566.04,"Estimated:R$1200.00; YSH Internal:R$6393.99; YSH B2C:R$7992.49"
FOTUSKP04960KWPCERAMICOKITS,kits,unknown,3,6502.38,43225.00,19285.13,564.76,"YSH Internal:R$6502.38; YSH B2C:R$8128.00; Estimated:R$43225.00"
SKU19176919176917485312150104210,componentes,unknown,3,1200.00,7974.99,5185.09,564.58,"Estimated:R$1200.00; YSH Internal:R$6380.28; YSH B2C:R$7974.99"
FOTUSKP04855KWPCERAMICOKITS,kits,unknown,3,5797.56,38500.00,17181.52,564.07,"YSH Internal:R$5797.56; YSH B2C:R$7247.00; Estimated:R$38500.00"
NEOSOLARCHARGERS24474,componentes,unknown,3,1200.00,7948.00,5168.80,562.33,"Estimated:R$1200.00; YSH Internal:R$6358.39; YSH B2C:R$7948.00"
IIN00313,componentes,unknown,3,1200.00,7943.95,5166.25,562.00,"Estimated:R$1200.00; YSH Internal:R$6354.81; YSH B2C:R$7943.95"
ICO00001,componentes,unknown,3,1200.00,7915.00,5148.94,559.58,"Estimated:R$1200.00; YSH Internal:R$6331.82; YSH B2C:R$7915.00"
NEOSOLARCABLES27352,componentes,unknown,3,180.00,1185.99,771.62,558.88,"Estimated:R$180.00; YSH Internal:R$948.86; YSH B2C:R$1185.99"
FOTUSKP04840KWPFIBROCIMENTOKITS,kits,unknown,3,5771.99,37825.00,16937.33,555.32,"YSH Internal:R$5771.99; YSH B2C:R$7215.00; Estimated:R$37825.00"
IMAGEPRODUCT559376,componentes,unknown,3,1200.00,7852.99,5111.88,554.42,"Estimated:R$1200.00; YSH Internal:R$6282.66; YSH B2C:R$7852.99"
ITF00005,componentes,unknown,3,1200.00,7822.99,5093.80,551.92,"Estimated:R$1200.00; YSH Internal:R$6258.41; YSH B2C:R$7822.99"
ENPHASEIQB,componentes,unknown,3,1200.00,7815.00,5089.00,551.25,"Estimated:R$1200.00; YSH Internal:R$6251.99; YSH B2C:R$7815.00"
NEOSOLARCHARGERS20872,componentes,unknown,3,1200.00,7790.95,5074.48,549.25,"Estimated:R$1200.00; YSH Internal:R$6232.48; YSH B2C:R$7790.95"
SKU19508919508917460393803631309,componentes,unknown,3,850.00,5509.49,3589.01,548.18,"Estimated:R$850.00; YSH Internal:R$4407.54; YSH B2C:R$5509.49"
ODEXODEXINVSAJ8000W,componentes,unknown,3,1129.47,7298.00,3279.82,546.14,"YSH Internal:R$1129.47; YSH B2C:R$1412.00; Estimated:R$7298.00"
SKU375553755517545438599901052,componentes,unknown,3,1200.00,7752.49,5051.48,546.04,"Estimated:R$1200.00; YSH Internal:R$6201.96; YSH B2C:R$7752.49"
SKU19176819176817460425002977694,componentes,unknown,3,1200.00,7733.95,5040.31,544.50,"Estimated:R$1200.00; YSH Internal:R$6186.99; YSH B2C:R$7733.95"
IIN00174,componentes,unknown,3,1200.00,7720.49,5032.28,543.37,"Estimated:R$1200.00; YSH Internal:R$6176.36; YSH B2C:R$7720.49"
IIN00079,componentes,unknown,3,1200.00,7708.00,5024.76,542.33,"Estimated:R$1200.00; YSH Internal:R$6166.28; YSH B2C:R$7708.00"
SKU19240619240617458660592386008,componentes,unknown,3,850.00,5406.95,3527.39,536.11,"Estimated:R$850.00; YSH Internal:R$4325.22; YSH B2C:R$5406.95"
NEOSOLARINVERTERS22685,componentes,unknown,3,393.17,2500.00,1128.22,535.86,"YSH Internal:R$393.17; YSH B2C:R$491.49; Estimated:R$2500.00"
IIN00369,componentes,unknown,3,1200.00,7606.95,4964.07,533.91,"Estimated:R$1200.00; YSH Internal:R$6085.27; YSH B2C:R$7606.95"
NEOSOLARSTATIONS23504,componentes,unknown,3,1200.00,7601.95,4961.12,533.50,"Estimated:R$1200.00; YSH Internal:R$6081.40; YSH B2C:R$7601.95"
IEF00098,componentes,unknown,3,1200.00,7597.95,4958.70,533.16,"Estimated:R$1200.00; YSH Internal:R$6078.16; YSH B2C:R$7597.95"
SKU29958929958917471414377421707,componentes,unknown,3,1200.00,7582.99,4949.87,531.92,"Estimated:R$1200.00; YSH Internal:R$6066.61; YSH B2C:R$7582.99"
NEOSOLARSTATIONS20286,componentes,unknown,3,1200.00,7537.99,4922.81,528.17,"Estimated:R$1200.00; YSH Internal:R$6030.45; YSH B2C:R$7537.99"
NEOSOLARCHARGERS24467,componentes,unknown,3,1200.00,7482.99,4889.81,523.58,"Estimated:R$1200.00; YSH Internal:R$5986.45; YSH B2C:R$7482.99"
NEOSOLARCONTROLLERS20057,componentes,unknown,3,1200.00,7460.99,4876.64,521.75,"Estimated:R$1200.00; YSH Internal:R$5968.94; YSH B2C:R$7460.99"
FOTUSKP041254KWPMINITRILHOKITS,kits,unknown,3,9087.78,56455.00,25634.24,521.22,"YSH Internal:R$9087.78; YSH B2C:R$11359.95; Estimated:R$56455.00"
FOTUSKP041368KWPCERAMICOKITS,kits,unknown,3,9933.10,61585.00,27978.03,520.00,"YSH Internal:R$9933.10; YSH B2C:R$12415.99; Estimated:R$61585.00"
NEOSOLARCHARGERS24795,componentes,unknown,3,1200.00,7438.95,4863.25,519.91,"Estimated:R$1200.00; YSH Internal:R$5950.81; YSH B2C:R$7438.95"
IMAGEPRODUCT559375,componentes,HANERSUN,3,1200.00,7388.00,4832.76,515.67,"Estimated:R$1200.00; YSH Internal:R$5910.28; YSH B2C:R$7388.00"
IEF00168,componentes,unknown,3,1200.00,7386.00,4831.58,515.50,"Estimated:R$1200.00; YSH Internal:R$5908.75; YSH B2C:R$7386.00"
FOTUSKP021136KWPCERAMICOKITS,kits,unknown,3,8312.57,51145.00,23282.84,515.27,"YSH Internal:R$8312.57; YSH B2C:R$10390.95; Estimated:R$51145.00"
NEOSOLARCHARGERS24475,componentes,unknown,3,1200.00,7347.00,4808.18,512.25,"Estimated:R$1200.00; YSH Internal:R$5877.53; YSH B2C:R$7347.00"
IIN00326,componentes,unknown,3,1200.00,7344.99,4807.01,512.08,"Estimated:R$1200.00; YSH Internal:R$5876.03; YSH B2C:R$7344.99"
SKU19206819206817459124742242879,componentes,unknown,3,196.25,1200.00,547.08,511.46,"YSH Internal:R$196.25; YSH B2C:R$244.99; Estimated:R$1200.00"
IIN00232GROWATTMAX75KTL3XL2220V8MPPT,componentes,Growatt,3,1200.00,7331.99,4799.23,511.00,"Estimated:R$1200.00; YSH Internal:R$5865.70; YSH B2C:R$7331.99"
NEOSOLARCHARGERS24717,componentes,unknown,3,1200.00,7320.99,4792.65,510.08,"Estimated:R$1200.00; YSH Internal:R$5856.97; YSH B2C:R$7320.99"
FOTUSKP021136KWPFIBROCIMENTOKITS,kits,unknown,3,8397.04,51145.00,23346.01,509.08,"YSH Internal:R$8397.04; YSH B2C:R$10495.99; Estimated:R$51145.00"
NEOSOLARCHARGERS26904,componentes,unknown,3,1200.00,7243.95,4746.29,503.66,"Estimated:R$1200.00; YSH Internal:R$5794.92; YSH B2C:R$7243.95"
MINASOLMS545IMAGE,componentes,unknown,3,1200.00,7205.99,4723.64,500.50,"Estimated:R$1200.00; YSH Internal:R$5764.92; YSH B2C:R$7205.99"
FOTUSKP04720KWPCERAMICOKITSHIBRIDOS,kits,unknown,3,6522.43,38910.00,17861.81,496.56,"YSH Internal:R$6522.43; YSH B2C:R$8152.99; Estimated:R$38910.00"
NEOSOLARCONTROLLERS20126,componentes,unknown,3,1200.00,7157.95,4694.69,496.50,"Estimated:R$1200.00; YSH Internal:R$5726.13; YSH B2C:R$7157.95"
CONTENTINGRESSPORTALB2BNEOSOLARCOMBR,componentes,unknown,3,1200.00,7157.95,4694.69,496.50,"Estimated:R$1200.00; YSH Internal:R$5726.13; YSH B2C:R$7157.95"
SKU12298012298017544826815777105,componentes,unknown,3,1200.00,7155.99,4693.63,496.33,"Estimated:R$1200.00; YSH Internal:R$5724.90; YSH B2C:R$7155.99"
FOTUSKP02284KWPCERAMICOKITS,kits,unknown,3,2149.15,12805.00,5880.21,495.82,"YSH Internal:R$2149.15; YSH B2C:R$2686.49; Estimated:R$12805.00"
ISB00004,componentes,unknown,3,1200.00,7122.99,4673.87,493.58,"Estimated:R$1200.00; YSH Internal:R$5698.62; YSH B2C:R$7122.99"
NEOSOLARPOSTS24175,componentes,unknown,3,1200.00,7089.95,4653.87,490.83,"Estimated:R$1200.00; YSH Internal:R$5671.65; YSH B2C:R$7089.95"
NEOSOLARCABLES20132,componentes,unknown,3,180.00,1061.95,697.11,489.97,"Estimated:R$180.00; YSH Internal:R$849.38; YSH B2C:R$1061.95"
IIN00212,componentes,unknown,3,1200.00,7077.00,4646.18,489.75,"Estimated:R$1200.00; YSH Internal:R$5661.55; YSH B2C:R$7077.00"
FOTUSKP02710KWPMINITRILHOKITS,kits,unknown,3,5422.58,31975.00,14725.19,489.66,"YSH Internal:R$5422.58; YSH B2C:R$6777.99; Estimated:R$31975.00"
IIN00365,componentes,unknown,3,1200.00,7026.99,4616.23,485.58,"Estimated:R$1200.00; YSH Internal:R$5621.69; YSH B2C:R$7026.99"
IIN00318,componentes,unknown,3,1200.00,7024.49,4614.68,485.37,"Estimated:R$1200.00; YSH Internal:R$5619.55; YSH B2C:R$7024.49"
NEOSOLARCHARGERS20860,componentes,unknown,3,1200.00,7013.00,4607.75,484.42,"Estimated:R$1200.00; YSH Internal:R$5610.24; YSH B2C:R$7013.00"
IIN00260,componentes,unknown,3,1200.00,6959.00,4575.34,479.92,"Estimated:R$1200.00; YSH Internal:R$5567.03; YSH B2C:R$6959.00"
FOTUSKP04969KWPFIBROCIMENTOKITS,kits,unknown,3,7529.24,43630.00,20190.40,479.47,"YSH Internal:R$7529.24; YSH B2C:R$9411.95; Estimated:R$43630.00"
GROWATTMID40KTL3X2380V4MPPTV2,componentes,Growatt,3,1200.00,6935.00,4560.98,477.92,"Estimated:R$1200.00; YSH Internal:R$5547.95; YSH B2C:R$6935.00"
IEF00166,componentes,unknown,3,1200.00,6930.99,4558.60,477.58,"Estimated:R$1200.00; YSH Internal:R$5544.81; YSH B2C:R$6930.99"
IIN00290,componentes,unknown,3,1200.00,6927.99,4556.85,477.33,"Estimated:R$1200.00; YSH Internal:R$5542.55; YSH B2C:R$6927.99"
NEOSOLARCONTROLLERS20106,componentes,unknown,3,1200.00,6880.99,4528.63,473.42,"Estimated:R$1200.00; YSH Internal:R$5504.90; YSH B2C:R$6880.99"
FOTUSKP04684KWPMINITRILHOKITS,kits,unknown,3,5463.97,30805.00,14366.32,463.78,"YSH Internal:R$5463.97; YSH B2C:R$6830.00; Estimated:R$30805.00"
NEOSOLARKITS27260,kits,unknown,3,446.23,2500.00,1168.08,460.25,"YSH Internal:R$446.23; YSH B2C:R$558.00; Estimated:R$2500.00"
IIN00144,componentes,unknown,3,1200.00,6717.95,4430.66,459.83,"Estimated:R$1200.00; YSH Internal:R$5374.03; YSH B2C:R$6717.95"
FOTUSKP02710KWPCERAMICOKITS,kits,unknown,3,5714.15,31975.00,14944.03,459.58,"YSH Internal:R$5714.15; YSH B2C:R$7142.95; Estimated:R$31975.00"
GOODWEGW60KSMTIMAGE,componentes,GOODWE,3,8139.94,45450.00,21254.98,458.36,"YSH Internal:R$8139.94; YSH B2C:R$10175.00; Estimated:R$45450.00"
FOTUSKP04840KWPCERAMICOKITSHIBRIDOS,kits,unknown,3,8164.95,45390.00,21253.65,455.91,"YSH Internal:R$8164.95; YSH B2C:R$10205.99; Estimated:R$45390.00"
NEOSOLARCONTROLLERS23055,componentes,unknown,3,1200.00,6660.95,4396.48,455.08,"Estimated:R$1200.00; YSH Internal:R$5328.50; YSH B2C:R$6660.95"
FOTUSKP031136KWPMINITRILHOKITS,kits,unknown,3,9238.31,51145.00,23977.10,453.62,"YSH Internal:R$9238.31; YSH B2C:R$11548.00; Estimated:R$51145.00"
SKU31380131380117466238930555038,componentes,unknown,3,850.00,4673.99,3087.75,449.88,"Estimated:R$850.00; YSH Internal:R$3739.25; YSH B2C:R$4673.99"
IIN00184,componentes,unknown,3,1200.00,6577.99,4346.88,448.17,"Estimated:R$1200.00; YSH Internal:R$5262.66; YSH B2C:R$6577.99"
IIN00347,componentes,unknown,3,1200.00,6560.99,4336.67,446.75,"Estimated:R$1200.00; YSH Internal:R$5249.03; YSH B2C:R$6560.99"
NEOSOLARSTATIONS20789,componentes,unknown,3,1200.00,6547.49,4328.48,445.62,"Estimated:R$1200.00; YSH Internal:R$5237.95; YSH B2C:R$6547.49"
ODEXODEXINVGROWATT8000W1,componentes,unknown,3,2572.09,14016.63,6601.24,444.95,"YSH Internal:R$2572.09; YSH B2C:R$3214.99; N/A:R$14016.63"
FOTUSKP03568KWPMINITRILHOKITS,kits,unknown,3,4704.77,25585.00,12056.92,443.81,"YSH Internal:R$4704.77; YSH B2C:R$5881.00; Estimated:R$25585.00"
SKU313834313834117466239027672907,componentes,unknown,3,850.00,4588.00,3036.10,439.76,"Estimated:R$850.00; YSH Internal:R$3670.29; YSH B2C:R$4588.00"
IIN00367,componentes,unknown,3,1200.00,6407.49,4244.49,433.96,"Estimated:R$1200.00; YSH Internal:R$5125.97; YSH B2C:R$6407.49"
NEOSOLARCONTROLLERS20781,componentes,unknown,3,1200.00,6395.99,4237.61,433.00,"Estimated:R$1200.00; YSH Internal:R$5116.83; YSH B2C:R$6395.99"
IIN00110,componentes,unknown,3,1200.00,6386.00,4231.54,432.17,"Estimated:R$1200.00; YSH Internal:R$5108.62; YSH B2C:R$6386.00"
NEOSOLARCONTROLLERS20114,componentes,unknown,3,1200.00,6383.99,4230.49,432.00,"Estimated:R$1200.00; YSH Internal:R$5107.47; YSH B2C:R$6383.99"
FOTUSKP021065KWPCERAMICOKITS,kits,unknown,3,9035.33,47950.00,22759.77,430.69,"YSH Internal:R$9035.33; YSH B2C:R$11293.99; Estimated:R$47950.00"
FOTUSKP02852KWPFIBROCIMENTOKITS,kits,unknown,3,7237.74,38365.00,18216.58,430.07,"YSH Internal:R$7237.74; YSH B2C:R$9046.99; Estimated:R$38365.00"
NEOSOLARKITS26699,kits,unknown,3,472.40,2500.00,1187.63,429.21,"YSH Internal:R$472.40; YSH B2C:R$590.49; Estimated:R$2500.00"
FOTUSKP04720KWPMINITRILHOKITS,kits,unknown,3,6142.01,32425.00,15414.99,427.92,"YSH Internal:R$6142.01; YSH B2C:R$7677.95; Estimated:R$32425.00"
FOTUSKP02852KWPMINITRILHOKITS,kits,unknown,3,7316.29,38365.00,18275.43,424.38,"YSH Internal:R$7316.29; YSH B2C:R$9144.99; Estimated:R$38365.00"
NEOSOLARCHARGERS21743,componentes,unknown,3,1200.00,6288.00,4172.76,424.00,"Estimated:R$1200.00; YSH Internal:R$5030.29; YSH B2C:R$6288.00"
IIN00312,componentes,unknown,3,1200.00,6283.00,4169.75,423.58,"Estimated:R$1200.00; YSH Internal:R$5026.24; YSH B2C:R$6283.00"
FOTUSKP04360KWPFIBROCIMENTOKITSHIBRIDOS,kits,unknown,3,3724.58,19470.00,9283.51,422.74,"YSH Internal:R$3724.58; YSH B2C:R$4655.95; Estimated:R$19470.00"
FOTUSKP02568KWPMINITRILHOKITS,kits,unknown,3,4896.28,25585.00,12200.42,422.54,"YSH Internal:R$4896.28; YSH B2C:R$6119.99; Estimated:R$25585.00"
NEOSOLARCHARGERS24607,componentes,unknown,3,1200.00,6236.99,4142.20,419.75,"Estimated:R$1200.00; YSH Internal:R$4989.61; YSH B2C:R$6236.99"
FOTUSKP03852KWPFIBROCIMENTOKITS,kits,unknown,3,7421.79,38365.00,18354.59,416.92,"YSH Internal:R$7421.79; YSH B2C:R$9276.99; Estimated:R$38365.00"
NEOSOLARINVERTERS21639,componentes,unknown,3,484.23,2500.00,1196.41,416.28,"YSH Internal:R$484.23; YSH B2C:R$604.99; Estimated:R$2500.00"
GOODWEGW6000SBP20IMAGE,componentes,GOODWE,3,2250.00,11586.99,7702.27,414.98,"Estimated:R$2250.00; YSH Internal:R$9269.82; YSH B2C:R$11586.99"
NEOSOLARINVERTERS26937,componentes,unknown,3,487.17,2500.00,1198.72,413.17,"YSH Internal:R$487.17; YSH B2C:R$609.00; Estimated:R$2500.00"
NEOSOLARCHARGERS21757,componentes,unknown,3,1200.00,6154.95,4092.90,412.91,"Estimated:R$1200.00; YSH Internal:R$4923.74; YSH B2C:R$6154.95"
FOTUSKP04720KWPCERAMICOKITS,kits,unknown,3,6322.65,32425.00,15550.21,412.84,"YSH Internal:R$6322.65; YSH B2C:R$7902.99; Estimated:R$32425.00"
IIN00376V2,componentes,unknown,3,1200.00,6153.99,4092.41,412.83,"Estimated:R$1200.00; YSH Internal:R$4923.25; YSH B2C:R$6153.99"
IEF00203,componentes,unknown,3,1200.00,6123.95,4074.30,410.33,"Estimated:R$1200.00; YSH Internal:R$4898.95; YSH B2C:R$6123.95"
SKU21556321556317587472203114354,componentes,unknown,3,1200.00,6121.99,4073.28,410.17,"Estimated:R$1200.00; YSH Internal:R$4897.84; YSH B2C:R$6121.99"
SOFAR25KTLXG3LVAFCIIMAGEPRODUCT600381,componentes,SOFAR,3,3838.79,19575.00,9404.09,409.93,"YSH Internal:R$3838.79; YSH B2C:R$4798.49; Estimated:R$19575.00"
NEOSOLARCONTROLLERS20110,componentes,unknown,3,1200.00,6091.95,4055.11,407.66,"Estimated:R$1200.00; YSH Internal:R$4873.39; YSH B2C:R$6091.95"
GOODWEGW25KSDTP31AFCIIMAGEPRODUCT600404,componentes,GOODWE,3,4004.87,20250.00,9753.62,405.63,"YSH Internal:R$4004.87; YSH B2C:R$5005.99; Estimated:R$20250.00"
NEOSOLARCONTROLLERS20107,componentes,unknown,3,1200.00,6047.95,4028.70,404.00,"Estimated:R$1200.00; YSH Internal:R$4838.16; YSH B2C:R$6047.95"
FOTUSKP04480KWPCERAMICOKITSHIBRIDOS,kits,unknown,3,5152.75,25950.00,12514.58,403.61,"YSH Internal:R$5152.75; YSH B2C:R$6441.00; Estimated:R$25950.00"
292421,componentes,unknown,3,2500.00,12566.95,8373.40,402.68,"Estimated:R$2500.00; YSH Internal:R$10053.25; YSH B2C:R$12566.95"
FOTUSKP02720KWPCERAMICOKITS,kits,unknown,3,6467.56,32425.00,15659.02,401.35,"YSH Internal:R$6467.56; YSH B2C:R$8084.49; Estimated:R$32425.00"
NEOSOLARINVERTERS27162,componentes,unknown,3,2500.00,12509.99,8339.42,400.40,"Estimated:R$2500.00; YSH Internal:R$10008.27; YSH B2C:R$12509.99"
NEOSOLARKITS26722,kits,unknown,3,2500.00,12493.95,8329.63,399.76,"Estimated:R$2500.00; YSH Internal:R$9994.93; YSH B2C:R$12493.95"
IIN00352,componentes,unknown,3,1200.00,5993.99,3996.44,399.50,"Estimated:R$1200.00; YSH Internal:R$4795.34; YSH B2C:R$5993.99"
NEOSOLARKITS26701,kits,unknown,3,2500.00,12463.00,8311.10,398.52,"Estimated:R$2500.00; YSH Internal:R$9970.29; YSH B2C:R$12463.00"
276954,componentes,unknown,3,2500.00,12461.95,8310.40,398.48,"Estimated:R$2500.00; YSH Internal:R$9969.26; YSH B2C:R$12461.95"
SKU29958629958617471562636241354,componentes,unknown,3,1200.00,5979.99,3988.01,398.33,"Estimated:R$1200.00; YSH Internal:R$4784.03; YSH B2C:R$5979.99"
NEOSOLARINVERTERS26930,componentes,unknown,3,2500.00,12363.49,8251.42,394.54,"Estimated:R$2500.00; YSH Internal:R$9890.77; YSH B2C:R$12363.49"
NEOSOLARCHARGERS20044,componentes,unknown,3,1200.00,5932.99,3959.84,394.42,"Estimated:R$1200.00; YSH Internal:R$4746.52; YSH B2C:R$5932.99"
NEOSOLARCHARGERS27386,componentes,unknown,3,1200.00,5926.00,3955.57,393.83,"Estimated:R$1200.00; YSH Internal:R$4740.70; YSH B2C:R$5926.00"
IIN00214,componentes,unknown,3,1200.00,5925.99,3955.62,393.83,"Estimated:R$1200.00; YSH Internal:R$4740.88; YSH B2C:R$5925.99"
NEOSOLARKITS24172,kits,unknown,3,2500.00,12337.99,8236.18,393.52,"Estimated:R$2500.00; YSH Internal:R$9870.54; YSH B2C:R$12337.99"
NEOSOLARINVERTERS25055,componentes,unknown,3,2500.00,12285.95,8204.82,391.44,"Estimated:R$2500.00; YSH Internal:R$9828.51; YSH B2C:R$12285.95"
IEF00073,componentes,unknown,3,1200.00,5895.00,3937.00,391.25,"Estimated:R$1200.00; YSH Internal:R$4715.99; YSH B2C:R$5895.00"
NEOSOLARKITS27476,kits,unknown,3,2500.00,12278.95,8200.62,391.16,"Estimated:R$2500.00; YSH Internal:R$9822.92; YSH B2C:R$12278.95"
NEOSOLARINVERTERS27152,componentes,unknown,3,2500.00,12263.49,8191.41,390.54,"Estimated:R$2500.00; YSH Internal:R$9810.75; YSH B2C:R$12263.49"
NEOSOLARINVERTERS27093,componentes,unknown,3,2500.00,12204.49,8156.03,388.18,"Estimated:R$2500.00; YSH Internal:R$9763.59; YSH B2C:R$12204.49"
NEOSOLARINVERTERS22690,componentes,unknown,3,2500.00,12203.49,8155.43,388.14,"Estimated:R$2500.00; YSH Internal:R$9762.79; YSH B2C:R$12203.49"
NEOSOLARINVERTERS24870,componentes,unknown,3,2500.00,12165.00,8132.31,386.60,"Estimated:R$2500.00; YSH Internal:R$9731.94; YSH B2C:R$12165.00"
IEF00045,componentes,unknown,3,1200.00,5833.00,3899.77,386.08,"Estimated:R$1200.00; YSH Internal:R$4666.31; YSH B2C:R$5833.00"
ICA00009,componentes,unknown,3,1200.00,5832.00,3899.15,386.00,"Estimated:R$1200.00; YSH Internal:R$4665.45; YSH B2C:R$5832.00"
FOTUSKP02600KWPMINITRILHOKITS,kits,unknown,3,5561.64,27025.00,13179.54,385.92,"YSH Internal:R$5561.64; YSH B2C:R$6951.99; Estimated:R$27025.00"
FOTUSKP04840KWPFIBROCIMENTOKITSHIBRIDOS,kits,unknown,3,9355.07,45390.00,22146.36,385.19,"YSH Internal:R$9355.07; YSH B2C:R$11694.00; Estimated:R$45390.00"
NEOSOLARINVERTERS26848,componentes,unknown,3,2500.00,12116.49,8103.22,384.66,"Estimated:R$2500.00; YSH Internal:R$9693.18; YSH B2C:R$12116.49"
ODEXODEXESTRUTURASOLARGROUPFIBROCIMENTO1,estrutura,unknown,3,2500.00,12077.95,8080.01,383.12,"Estimated:R$2500.00; YSH Internal:R$9662.07; YSH B2C:R$12077.95"
SKU29243829243817459034566372442,componentes,unknown,3,2500.00,12074.99,8078.39,383.00,"Estimated:R$2500.00; YSH Internal:R$9660.19; YSH B2C:R$12074.99"
GROWATTMOD15KTL3X2380V2MPPT,componentes,Growatt,3,1200.00,5794.00,3876.38,382.83,"Estimated:R$1200.00; YSH Internal:R$4635.13; YSH B2C:R$5794.00"
SKU24676824676817459237636241276,componentes,unknown,3,2500.00,12067.00,8073.51,382.68,"Estimated:R$2500.00; YSH Internal:R$9653.54; YSH B2C:R$12067.00"
GROWATTNEO225,componentes,Growatt,3,1200.00,5789.99,3874.08,382.50,"Estimated:R$1200.00; YSH Internal:R$4632.24; YSH B2C:R$5789.99"
IIN00316HUAWEISUN2000100KTLM2380V10MPPT,componentes,unknown,3,1200.00,5789.95,3873.87,382.50,"Estimated:R$1200.00; YSH Internal:R$4631.65; YSH B2C:R$5789.95"
IEF00100,componentes,unknown,3,1200.00,5787.99,3872.88,382.33,"Estimated:R$1200.00; YSH Internal:R$4630.65; YSH B2C:R$5787.99"
FOTUSKP03710KWPCERAMICOKITS,kits,unknown,3,6639.65,31975.00,15638.20,381.58,"YSH Internal:R$6639.65; YSH B2C:R$8299.95; Estimated:R$31975.00"
IIN00231,componentes,unknown,3,1200.00,5778.00,3866.76,381.50,"Estimated:R$1200.00; YSH Internal:R$4622.29; YSH B2C:R$5778.00"
FOTUSKP03852KWPCERAMICOKITS,kits,unknown,3,7968.32,38365.00,18764.44,381.47,"YSH Internal:R$7968.32; YSH B2C:R$9959.99; Estimated:R$38365.00"
NEOSOLARCHARGERS27328,componentes,unknown,3,1200.00,5770.00,3861.99,380.83,"Estimated:R$1200.00; YSH Internal:R$4615.98; YSH B2C:R$5770.00"
NEOSOLARINVERTERS22021,componentes,unknown,3,2500.00,12004.95,8036.23,380.20,"Estimated:R$2500.00; YSH Internal:R$9603.73; YSH B2C:R$12004.95"
NEOSOLARCONTROLLERS20128,componentes,unknown,3,1200.00,5753.00,3851.77,379.42,"Estimated:R$1200.00; YSH Internal:R$4602.31; YSH B2C:R$5753.00"
FOTUSKP04513KWPCERAMICOKITS,kits,unknown,3,4822.37,23110.00,11320.12,379.22,"YSH Internal:R$4822.37; YSH B2C:R$6028.00; Estimated:R$23110.00"
NEOSOLARKITS25162,kits,unknown,3,522.37,2500.00,1225.12,378.59,"YSH Internal:R$522.37; YSH B2C:R$653.00; Estimated:R$2500.00"
ITR00056,componentes,unknown,3,1200.00,5736.99,3842.29,378.08,"Estimated:R$1200.00; YSH Internal:R$4589.89; YSH B2C:R$5736.99"
FOTUSKP02480KWPMINITRILHOKITS,kits,unknown,3,4523.29,21625.00,10600.76,378.08,"YSH Internal:R$4523.29; YSH B2C:R$5653.99; Estimated:R$21625.00"
FOTUSKP04840KWPMINITRILHOKITS,kits,unknown,3,7914.94,37825.00,18544.63,377.89,"YSH Internal:R$7914.94; YSH B2C:R$9893.95; Estimated:R$37825.00"
NEOSOLARINVERTERS24872,componentes,unknown,3,2500.00,11944.99,8000.42,377.80,"Estimated:R$2500.00; YSH Internal:R$9556.27; YSH B2C:R$11944.99"
FOTUSKP02840KWPFIBROCIMENTOKITS,kits,unknown,3,7923.88,37825.00,18551.29,377.35,"YSH Internal:R$7923.88; YSH B2C:R$9905.00; Estimated:R$37825.00"
NEOSOLARKITS26700,kits,unknown,3,2500.00,11928.49,7990.43,377.14,"Estimated:R$2500.00; YSH Internal:R$9542.80; YSH B2C:R$11928.49"
NEOSOLARKITS27475,kits,unknown,3,2500.00,11916.99,7983.56,376.68,"Estimated:R$2500.00; YSH Internal:R$9533.70; YSH B2C:R$11916.99"
GOODWEGW25KSDTP31AFCICRSDIMAGEPRODUCT600452,componentes,GOODWE,3,4248.53,20250.00,9936.49,376.64,"YSH Internal:R$4248.53; YSH B2C:R$5310.95; Estimated:R$20250.00"
ODEXODEXESTRUTURASOLARGROUPMETALICO,estrutura,unknown,3,2500.00,11903.00,7975.08,376.12,"Estimated:R$2500.00; YSH Internal:R$9522.24; YSH B2C:R$11903.00"
NEOSOLARKITS23929,kits,unknown,3,2500.00,11896.00,7970.93,375.84,"Estimated:R$2500.00; YSH Internal:R$9516.79; YSH B2C:R$11896.00"
SKU31514831514817551159943964186,componentes,unknown,3,2500.00,11889.00,7966.72,375.56,"Estimated:R$2500.00; YSH Internal:R$9511.15; YSH B2C:R$11889.00"
NEOSOLARKITS27339,kits,unknown,3,525.79,2500.00,1227.59,375.47,"YSH Internal:R$525.79; YSH B2C:R$656.99; Estimated:R$2500.00"
IIN00305,componentes,unknown,3,1200.00,5704.00,3822.38,375.33,"Estimated:R$1200.00; YSH Internal:R$4563.13; YSH B2C:R$5704.00"
IMAGEPRODUCT600400,componentes,unknown,3,527.06,2500.00,1228.69,374.33,"YSH Internal:R$527.06; YSH B2C:R$659.00; Estimated:R$2500.00"
IMAGEPRODUCT600453,componentes,unknown,3,2500.00,11851.95,7944.39,374.08,"Estimated:R$2500.00; YSH Internal:R$9481.21; YSH B2C:R$11851.95"
NEOSOLARCONTROLLERS23354,componentes,unknown,3,1200.00,5685.95,3811.45,373.83,"Estimated:R$1200.00; YSH Internal:R$4548.40; YSH B2C:R$5685.95"
FOTUSKP02994KWPFIBROCIMENTOKITS,kits,unknown,3,9449.34,44755.00,22005.43,373.63,"YSH Internal:R$9449.34; YSH B2C:R$11811.95; Estimated:R$44755.00"
NEOSOLARSTATIONS20077,componentes,unknown,3,253.53,1200.00,590.18,373.32,"YSH Internal:R$253.53; YSH B2C:R$317.00; Estimated:R$1200.00"
IIN00221,componentes,unknown,3,1200.00,5676.49,3805.87,373.04,"Estimated:R$1200.00; YSH Internal:R$4541.13; YSH B2C:R$5676.49"
OSDA33VMHDRZIMAGEPRODUCT559381,componentes,unknown,3,1200.00,5671.00,3802.55,372.58,"Estimated:R$1200.00; YSH Internal:R$4536.64; YSH B2C:R$5671.00"
NEOSOLARCONTROLLERS23053,componentes,unknown,3,254.23,1200.00,590.74,372.01,"YSH Internal:R$254.23; YSH B2C:R$318.00; Estimated:R$1200.00"
FOTUSKP04912KWPFIBROCIMENTOKITS,kits,unknown,3,8700.27,41065.00,20213.42,372.00,"YSH Internal:R$8700.27; YSH B2C:R$10874.99; Estimated:R$41065.00"
NEOSOLARKITS27306,kits,unknown,3,2500.00,11771.99,7896.60,370.88,"Estimated:R$2500.00; YSH Internal:R$9417.82; YSH B2C:R$11771.99"
IIN00258,componentes,unknown,3,1200.00,5647.49,3788.47,370.62,"Estimated:R$1200.00; YSH Internal:R$4517.93; YSH B2C:R$5647.49"
NEOSOLARINVERTERS26948,componentes,unknown,3,2500.00,11762.99,7891.18,370.52,"Estimated:R$2500.00; YSH Internal:R$9410.56; YSH B2C:R$11762.99"
NEOSOLARCONTROLLERS21708,componentes,unknown,3,1200.00,5644.99,3787.04,370.42,"Estimated:R$1200.00; YSH Internal:R$4516.12; YSH B2C:R$5644.99"
IIN00345,componentes,unknown,3,1200.00,5638.99,3783.44,369.92,"Estimated:R$1200.00; YSH Internal:R$4511.33; YSH B2C:R$5638.99"
IIN00308,componentes,unknown,3,1200.00,5629.00,3777.36,369.08,"Estimated:R$1200.00; YSH Internal:R$4503.08; YSH B2C:R$5629.00"
NEOSOLARKITS27268,kits,unknown,3,2500.00,11720.00,7865.32,368.80,"Estimated:R$2500.00; YSH Internal:R$9375.97; YSH B2C:R$11720.00"
NEOSOLARINVERTERS20259,componentes,unknown,3,2500.00,11719.00,7864.69,368.76,"Estimated:R$2500.00; YSH Internal:R$9375.08; YSH B2C:R$11719.00"
IEF00133,componentes,unknown,3,256.35,1200.00,592.28,368.11,"YSH Internal:R$256.35; YSH B2C:R$320.49; Estimated:R$1200.00"
IIN00370,componentes,unknown,3,1200.00,5615.49,3769.29,367.96,"Estimated:R$1200.00; YSH Internal:R$4492.38; YSH B2C:R$5615.49"
NEOSOLARINVERTERS22684,componentes,unknown,3,2500.00,11688.99,7846.76,367.56,"Estimated:R$2500.00; YSH Internal:R$9351.30; YSH B2C:R$11688.99"
SKU30615530615517479477829824229,componentes,unknown,3,2500.00,11676.95,7839.41,367.08,"Estimated:R$2500.00; YSH Internal:R$9341.27; YSH B2C:R$11676.95"
NEOSOLARKITS27262,kits,unknown,3,2500.00,11664.00,7831.71,366.56,"Estimated:R$2500.00; YSH Internal:R$9331.12; YSH B2C:R$11664.00"
FOTUSKP03852KWPMINITRILHOKITS,kits,unknown,3,8240.45,38365.00,18968.80,365.57,"YSH Internal:R$8240.45; YSH B2C:R$10300.95; Estimated:R$38365.00"
NEOSOLARKITS26986,kits,unknown,3,2500.00,11556.99,7767.59,362.28,"Estimated:R$2500.00; YSH Internal:R$9245.79; YSH B2C:R$11556.99"
FOTUSKP04969KWPCERAMICOKITS,kits,unknown,3,9439.98,43630.00,21623.33,362.18,"YSH Internal:R$9439.98; YSH B2C:R$11800.00; Estimated:R$43630.00"
NEOSOLARCHARGERS24608,componentes,unknown,3,1200.00,5545.95,3727.48,362.16,"Estimated:R$1200.00; YSH Internal:R$4436.49; YSH B2C:R$5545.95"
NEOSOLARINVERTERS20253,componentes,unknown,3,2500.00,11546.99,7761.63,361.88,"Estimated:R$2500.00; YSH Internal:R$9237.89; YSH B2C:R$11546.99"
GOODWEGW250KNHTIMAGE,componentes,GOODWE,3,1822.50,8400.95,5647.97,360.96,"Estimated:R$1822.50; YSH Internal:R$6720.45; YSH B2C:R$8400.95"
NEOSOLARINVERTERS24877,componentes,unknown,3,2500.00,11523.00,7747.07,360.92,"Estimated:R$2500.00; YSH Internal:R$9218.22; YSH B2C:R$11523.00"
IIN00378,componentes,unknown,3,1200.00,5507.99,3704.80,359.00,"Estimated:R$1200.00; YSH Internal:R$4406.40; YSH B2C:R$5507.99"
IMAGEPRODUCT600452,componentes,unknown,3,544.96,2500.00,1241.98,358.75,"YSH Internal:R$544.96; YSH B2C:R$680.99; Estimated:R$2500.00"
IMAGEPRODUCT600305,componentes,unknown,3,2500.00,11450.49,7703.63,358.02,"Estimated:R$2500.00; YSH Internal:R$9160.40; YSH B2C:R$11450.49"
NEOSOLARCONTROLLERS24241,componentes,unknown,3,1200.00,5492.95,3695.68,357.75,"Estimated:R$1200.00; YSH Internal:R$4394.09; YSH B2C:R$5492.95"
NEOSOLARINVERTERS24972,componentes,unknown,3,2500.00,11440.99,7698.01,357.64,"Estimated:R$2500.00; YSH Internal:R$9153.04; YSH B2C:R$11440.99"
NEOSOLARINVERTERS27149,componentes,unknown,3,2500.00,11440.00,7697.30,357.60,"Estimated:R$2500.00; YSH Internal:R$9151.91; YSH B2C:R$11440.00"
IMAGEPRODUCT600381,componentes,unknown,3,2500.00,11435.99,7695.03,357.44,"Estimated:R$2500.00; YSH Internal:R$9149.11; YSH B2C:R$11435.99"
IIN00386,componentes,unknown,3,1200.00,5477.99,3686.86,356.50,"Estimated:R$1200.00; YSH Internal:R$4382.59; YSH B2C:R$5477.99"
NEOSOLARCONTROLLERS20392,componentes,unknown,3,263.67,1200.00,597.87,355.11,"YSH Internal:R$263.67; YSH B2C:R$329.95; Estimated:R$1200.00"
NEOSOLARKITS27314,kits,unknown,3,2500.00,11369.99,7655.41,354.80,"Estimated:R$2500.00; YSH Internal:R$9096.24; YSH B2C:R$11369.99"
112369,componentes,unknown,3,2500.00,11364.00,7651.68,354.56,"Estimated:R$2500.00; YSH Internal:R$9091.03; YSH B2C:R$11364.00"
NEOSOLARINVERTERS21641,componentes,unknown,3,2500.00,11359.99,7649.36,354.40,"Estimated:R$2500.00; YSH Internal:R$9088.09; YSH B2C:R$11359.99"
SKU13598513598517544833546238906,componentes,unknown,3,1200.00,5442.00,3665.14,353.50,"Estimated:R$1200.00; YSH Internal:R$4353.43; YSH B2C:R$5442.00"
SKU27695427695417460390182534484,componentes,unknown,3,2500.00,11317.99,7624.23,352.72,"Estimated:R$2500.00; YSH Internal:R$9054.69; YSH B2C:R$11317.99"
SKU211022211022117476865605809426,componentes,unknown,3,850.00,3845.99,2591.02,352.47,"Estimated:R$850.00; YSH Internal:R$3077.08; YSH B2C:R$3845.99"
FOTUSKP04480KWPMINITRILHOKITS,kits,unknown,3,4792.90,21625.00,10802.96,351.19,"YSH Internal:R$4792.90; YSH B2C:R$5990.99; Estimated:R$21625.00"
NEOSOLARINVERTERS21634,componentes,unknown,3,2500.00,11272.95,7597.00,350.92,"Estimated:R$2500.00; YSH Internal:R$9018.04; YSH B2C:R$11272.95"
NEOSOLARKITS24171,kits,unknown,3,2500.00,11271.95,7596.40,350.88,"Estimated:R$2500.00; YSH Internal:R$9017.25; YSH B2C:R$11271.95"
IMAGEPRODUCT600109,componentes,unknown,3,2500.00,11259.00,7588.71,350.36,"Estimated:R$2500.00; YSH Internal:R$9007.13; YSH B2C:R$11259.00"
NEOSOLARKITS25163,kits,unknown,3,2500.00,11218.00,7564.09,348.72,"Estimated:R$2500.00; YSH Internal:R$8974.26; YSH B2C:R$11218.00"
IMAGEPRODUCT850004,componentes,unknown,3,1004.43,4500.00,2253.46,348.02,"YSH Internal:R$1004.43; YSH B2C:R$1255.95; Estimated:R$4500.00"
GOODWEGW250KHUTIMAGEPRODUCT600344,componentes,GOODWE,3,1822.50,8150.99,5498.11,347.24,"Estimated:R$1822.50; YSH Internal:R$6520.85; YSH B2C:R$8150.99"
NEOSOLARKITS26971,kits,unknown,3,2500.00,11164.99,7532.40,346.60,"Estimated:R$2500.00; YSH Internal:R$8932.22; YSH B2C:R$11164.99"
FOTUSKP04456KWPCERAMICOKITS,kits,unknown,3,4608.41,20545.00,10304.79,345.82,"YSH Internal:R$4608.41; YSH B2C:R$5760.95; Estimated:R$20545.00"
NEOSOLARCHARGERS20035,componentes,unknown,3,1200.00,5336.00,3601.54,344.67,"Estimated:R$1200.00; YSH Internal:R$4268.62; YSH B2C:R$5336.00"
NEOSOLARINVERTERS26768,componentes,unknown,3,2500.00,11114.99,7502.41,344.60,"Estimated:R$2500.00; YSH Internal:R$8892.24; YSH B2C:R$11114.99"
NEOSOLARINVERTERS20666,componentes,unknown,3,2500.00,11082.95,7483.03,343.32,"Estimated:R$2500.00; YSH Internal:R$8866.13; YSH B2C:R$11082.95"
IMAGEPRODUCT600388,componentes,unknown,3,2500.00,11070.99,7475.98,342.84,"Estimated:R$2500.00; YSH Internal:R$8856.95; YSH B2C:R$11070.99"
IEF00016,componentes,unknown,3,1200.00,5313.00,3587.79,342.75,"Estimated:R$1200.00; YSH Internal:R$4250.38; YSH B2C:R$5313.00"
SKU29243329243317459162631168039,componentes,unknown,3,2500.00,11066.00,7472.89,342.64,"Estimated:R$2500.00; YSH Internal:R$8852.66; YSH B2C:R$11066.00"
SKU14576314576317456925994814488,componentes,unknown,3,2500.00,11061.49,7470.21,342.46,"Estimated:R$2500.00; YSH Internal:R$8849.13; YSH B2C:R$11061.49"
135720,componentes,unknown,3,566.63,2500.00,1258.21,341.21,"YSH Internal:R$566.63; YSH B2C:R$707.99; Estimated:R$2500.00"
IMAGEPRODUCT600126,componentes,unknown,3,2500.00,11025.99,7449.01,341.04,"Estimated:R$2500.00; YSH Internal:R$8821.03; YSH B2C:R$11025.99"
IMAGEPRODUCT600344,componentes,unknown,3,567.25,2500.00,1258.75,340.72,"YSH Internal:R$567.25; YSH B2C:R$708.99; Estimated:R$2500.00"
NEOSOLARINVERTERS21824,componentes,unknown,3,2500.00,10950.00,7403.32,338.00,"Estimated:R$2500.00; YSH Internal:R$8759.96; YSH B2C:R$10950.00"
NEOSOLARKITS27303,kits,unknown,3,2500.00,10911.00,7379.92,336.44,"Estimated:R$2500.00; YSH Internal:R$8728.75; YSH B2C:R$10911.00"
NEOSOLARKITS26984,kits,unknown,3,2500.00,10907.00,7377.49,336.28,"Estimated:R$2500.00; YSH Internal:R$8725.46; YSH B2C:R$10907.00"
IMAGEPRODUCT600023,componentes,unknown,3,2500.00,10892.00,7368.51,335.68,"Estimated:R$2500.00; YSH Internal:R$8713.52; YSH B2C:R$10892.00"
FOTUSKP04513KWPMINITRILHOKITS,kits,unknown,3,5308.16,23110.00,11684.38,335.37,"YSH Internal:R$5308.16; YSH B2C:R$6634.99; Estimated:R$23110.00"
IIN00262,componentes,unknown,3,1200.00,5222.00,3533.17,335.17,"Estimated:R$1200.00; YSH Internal:R$4177.52; YSH B2C:R$5222.00"
IMAGEPRODUCT600311,componentes,unknown,3,2500.00,10839.00,7336.73,333.56,"Estimated:R$2500.00; YSH Internal:R$8671.18; YSH B2C:R$10839.00"
NEOSOLARKITS24173,kits,unknown,3,576.87,2500.00,1265.95,333.37,"YSH Internal:R$576.87; YSH B2C:R$720.99; Estimated:R$2500.00"
NEOSOLARKITS26972,kits,unknown,3,2500.00,10830.95,7331.79,333.24,"Estimated:R$2500.00; YSH Internal:R$8664.42; YSH B2C:R$10830.95"
NEOSOLARKITS27315,kits,unknown,3,2500.00,10829.00,7330.71,333.16,"Estimated:R$2500.00; YSH Internal:R$8663.14; YSH B2C:R$10829.00"
NEOSOLARINVERTERS20260,componentes,unknown,3,577.78,2500.00,1266.59,332.69,"YSH Internal:R$577.78; YSH B2C:R$721.99; Estimated:R$2500.00"
NEOSOLARCHARGERS21742,componentes,unknown,3,1200.00,5157.00,3494.14,329.75,"Estimated:R$1200.00; YSH Internal:R$4125.41; YSH B2C:R$5157.00"
NEOSOLARINVERTERS21442,componentes,unknown,3,2500.00,10743.00,7279.09,329.72,"Estimated:R$2500.00; YSH Internal:R$8594.27; YSH B2C:R$10743.00"
NEOSOLARCONTROLLERS23500,componentes,unknown,3,1200.00,5142.49,3485.48,328.54,"Estimated:R$1200.00; YSH Internal:R$4113.95; YSH B2C:R$5142.49"
NEOSOLARINVERTERS26628,componentes,unknown,3,2500.00,10708.99,7258.76,328.36,"Estimated:R$2500.00; YSH Internal:R$8567.29; YSH B2C:R$10708.99"
299586,componentes,unknown,3,1200.00,5127.99,3476.86,327.33,"Estimated:R$1200.00; YSH Internal:R$4102.59; YSH B2C:R$5127.99"
SKU313827313827217466255076298648,componentes,unknown,3,850.00,3631.00,2461.89,327.18,"Estimated:R$850.00; YSH Internal:R$2904.67; YSH B2C:R$3631.00"
IMAGEPRODUCT052119,componentes,unknown,3,180.00,768.49,521.07,326.94,"Estimated:R$180.00; YSH Internal:R$614.72; YSH B2C:R$768.49"
NEOSOLARCONTROLLERS20079,componentes,unknown,3,1200.00,5122.95,3473.66,326.91,"Estimated:R$1200.00; YSH Internal:R$4098.03; YSH B2C:R$5122.95"
FOTUSKP04684KWPCERAMICOKITS,kits,unknown,3,7228.25,30805.00,15689.41,326.18,"YSH Internal:R$7228.25; YSH B2C:R$9034.99; Estimated:R$30805.00"
NEOSOLARKITS22690,kits,unknown,3,2500.00,10651.99,7224.60,326.08,"Estimated:R$2500.00; YSH Internal:R$8521.81; YSH B2C:R$10651.99"
FOTUSKP02284KWPMINITRILHOKITS,kits,unknown,3,3006.60,12805.00,6523.20,325.90,"YSH Internal:R$3006.60; YSH B2C:R$3757.99; Estimated:R$12805.00"
GOODWEGW5000DNS3016AAFCIIMAGE,componentes,GOODWE,3,2250.00,9551.99,6481.28,324.53,"Estimated:R$2250.00; YSH Internal:R$7641.85; YSH B2C:R$9551.99"
SKU26727726727717458727569694572,componentes,unknown,3,2500.00,10610.95,7199.84,324.44,"Estimated:R$2500.00; YSH Internal:R$8488.56; YSH B2C:R$10610.95"
SUNGROWSG50RS220V2MPPT,componentes,unknown,3,1200.00,5086.99,3452.27,323.92,"Estimated:R$1200.00; YSH Internal:R$4069.82; YSH B2C:R$5086.99"
SKU19257619257617458855660881319,componentes,unknown,3,2500.00,10564.95,7172.19,322.60,"Estimated:R$2500.00; YSH Internal:R$8451.61; YSH B2C:R$10564.95"
SKU24676524676517457436108364088,componentes,unknown,3,2500.00,10564.95,7172.25,322.60,"Estimated:R$2500.00; YSH Internal:R$8451.80; YSH B2C:R$10564.95"
NEOSOLARCHARGERS20864,componentes,unknown,3,1200.00,5062.99,3437.86,321.92,"Estimated:R$1200.00; YSH Internal:R$4050.60; YSH B2C:R$5062.99"
NEOSOLARKITS26987,kits,unknown,3,2500.00,10540.49,7157.62,321.62,"Estimated:R$2500.00; YSH Internal:R$8432.38; YSH B2C:R$10540.49"
NEOSOLARINVERTERS22144,componentes,unknown,3,2500.00,10526.99,7149.55,321.08,"Estimated:R$2500.00; YSH Internal:R$8421.66; YSH B2C:R$10526.99"
NEOSOLARKITS27300,kits,unknown,3,2500.00,10526.95,7149.45,321.08,"Estimated:R$2500.00; YSH Internal:R$8421.40; YSH B2C:R$10526.95"
NEOSOLARINVERTERS22159,componentes,unknown,3,2500.00,10515.00,7142.32,320.60,"Estimated:R$2500.00; YSH Internal:R$8411.95; YSH B2C:R$10515.00"
FOTUSKP02720KWPMINITRILHOKITS,kits,unknown,3,7716.60,32425.00,16595.87,320.20,"YSH Internal:R$7716.60; YSH B2C:R$9646.00; Estimated:R$32425.00"
NEOSOLARCHARGERS26360,componentes,unknown,3,1200.00,5028.99,3417.40,319.08,"Estimated:R$1200.00; YSH Internal:R$4023.20; YSH B2C:R$5028.99"
NEOSOLARCHARGERS20045,componentes,unknown,3,286.69,1200.00,614.89,318.57,"YSH Internal:R$286.69; YSH B2C:R$357.99; Estimated:R$1200.00"
FOTUSKP03284KWPCERAMICOKITS,kits,unknown,3,3080.28,12805.00,6578.42,315.71,"YSH Internal:R$3080.28; YSH B2C:R$3849.99; Estimated:R$12805.00"
NEOSOLARINVERTERS25046,componentes,unknown,3,2500.00,10377.99,7060.13,315.12,"Estimated:R$2500.00; YSH Internal:R$8302.40; YSH B2C:R$10377.99"
IIN00185,componentes,unknown,3,1200.00,4976.95,3386.12,314.75,"Estimated:R$1200.00; YSH Internal:R$3981.40; YSH B2C:R$4976.95"
NEOSOLARINVERTERS27131,componentes,unknown,3,2500.00,10366.99,7053.55,314.68,"Estimated:R$2500.00; YSH Internal:R$8293.67; YSH B2C:R$10366.99"
IMAGEPRODUCT600308,componentes,unknown,3,2500.00,10352.99,7045.21,314.12,"Estimated:R$2500.00; YSH Internal:R$8282.63; YSH B2C:R$10352.99"
IMAGEPRODUCT600382,componentes,unknown,3,2500.00,10330.99,7031.95,313.24,"Estimated:R$2500.00; YSH Internal:R$8264.85; YSH B2C:R$10330.99"
IMAGEPRODUCT450118,componentes,unknown,3,1200.00,4955.95,3373.50,313.00,"Estimated:R$1200.00; YSH Internal:R$3964.56; YSH B2C:R$4955.95"
NEOSOLARINVERTERS20525,componentes,unknown,3,2500.00,10301.99,7014.56,312.08,"Estimated:R$2500.00; YSH Internal:R$8241.68; YSH B2C:R$10301.99"
NEOSOLARINVERTERS22099,componentes,unknown,3,2500.00,10281.99,7002.53,311.28,"Estimated:R$2500.00; YSH Internal:R$8225.61; YSH B2C:R$10281.99"
NEOSOLARKITS25154,kits,unknown,3,608.49,2500.00,1289.81,310.85,"YSH Internal:R$608.49; YSH B2C:R$760.95; Estimated:R$2500.00"
NEOSOLARINVERTERS26815,componentes,unknown,3,2500.00,10261.95,6990.45,310.48,"Estimated:R$2500.00; YSH Internal:R$8209.40; YSH B2C:R$10261.95"
NEOSOLARKITS25132,kits,unknown,3,2500.00,10253.00,6985.09,310.12,"Estimated:R$2500.00; YSH Internal:R$8202.27; YSH B2C:R$10253.00"
NEOSOLARINVERTERS22663,componentes,unknown,3,2500.00,10242.99,6979.21,309.72,"Estimated:R$2500.00; YSH Internal:R$8194.63; YSH B2C:R$10242.99"
NEOSOLARINVERTERS22691,componentes,unknown,3,2500.00,10232.49,6972.83,309.30,"Estimated:R$2500.00; YSH Internal:R$8185.99; YSH B2C:R$10232.49"
NEOSOLARINVERTERS20247,componentes,unknown,3,2500.00,10203.00,6955.10,308.12,"Estimated:R$2500.00; YSH Internal:R$8162.31; YSH B2C:R$10203.00"
SKU112369117457314169194004,componentes,unknown,3,2500.00,10197.49,6951.82,307.90,"Estimated:R$2500.00; YSH Internal:R$8157.97; YSH B2C:R$10197.49"
NEOSOLARINVERTERS26858,componentes,unknown,3,2500.00,10134.99,6914.36,305.40,"Estimated:R$2500.00; YSH Internal:R$8108.10; YSH B2C:R$10134.99"
NEOSOLARINVERTERS27171,componentes,unknown,3,2500.00,10122.99,6907.23,304.92,"Estimated:R$2500.00; YSH Internal:R$8098.69; YSH B2C:R$10122.99"
NEOSOLARKITS27267,kits,unknown,3,2500.00,10098.99,6892.79,303.96,"Estimated:R$2500.00; YSH Internal:R$8079.37; YSH B2C:R$10098.99"
ODEXODEXINVGROWATT3000W1,componentes,unknown,3,3471.55,14016.63,7275.89,303.76,"YSH Internal:R$3471.55; YSH B2C:R$4339.49; N/A:R$14016.63"
NEOSOLARKITS23927,kits,unknown,3,2500.00,10091.95,6888.44,303.68,"Estimated:R$2500.00; YSH Internal:R$8073.36; YSH B2C:R$10091.95"
GOODWEGW12KLETAFCIIMAGEPRODUCT600363,componentes,GOODWE,3,2698.52,10890.00,5653.84,303.55,"YSH Internal:R$2698.52; YSH B2C:R$3372.99; Estimated:R$10890.00"
SKU19402319402317460422066042496,componentes,unknown,3,2500.00,10087.00,6885.52,303.48,"Estimated:R$2500.00; YSH Internal:R$8069.57; YSH B2C:R$10087.00"
NEOSOLARINVERTERS26795,componentes,unknown,3,2500.00,10077.95,6880.03,303.12,"Estimated:R$2500.00; YSH Internal:R$8062.14; YSH B2C:R$10077.95"
NEOSOLARINVERTERS26944,componentes,unknown,3,2500.00,10070.99,6875.98,302.84,"Estimated:R$2500.00; YSH Internal:R$8056.94; YSH B2C:R$10070.99"
ISB00007,componentes,unknown,3,297.95,1200.00,623.48,302.75,"YSH Internal:R$297.95; YSH B2C:R$372.49; Estimated:R$1200.00"
NEOSOLARCONTROLLERS20356,componentes,unknown,3,1200.00,4815.99,3289.62,301.33,"Estimated:R$1200.00; YSH Internal:R$3852.87; YSH B2C:R$4815.99"
ICV0000220CARREGADOR20VEICULAR20WALLBOX20GROWATT20THOR07ASP20THO,componentes,unknown,3,299.16,1200.00,624.39,301.12,"YSH Internal:R$299.16; YSH B2C:R$374.00; Estimated:R$1200.00"
IIN00168,componentes,unknown,3,1200.00,4805.00,3282.97,300.42,"Estimated:R$1200.00; YSH Internal:R$3843.90; YSH B2C:R$4805.00"
SKU29244229244217457818261091625,componentes,unknown,3,2500.00,9965.95,6812.81,298.64,"Estimated:R$2500.00; YSH Internal:R$7972.49; YSH B2C:R$9965.95"
NEOSOLARCHARGERS24593,componentes,unknown,3,1200.00,4783.49,3270.08,298.62,"Estimated:R$1200.00; YSH Internal:R$3826.76; YSH B2C:R$4783.49"
SKU165471165471117460424443329247,componentes,unknown,3,2500.00,9940.99,6797.93,297.64,"Estimated:R$2500.00; YSH Internal:R$7952.80; YSH B2C:R$9940.99"
IMAGEPRODUCT600404,componentes,unknown,3,2500.00,9939.95,6797.21,297.60,"Estimated:R$2500.00; YSH Internal:R$7951.69; YSH B2C:R$9939.95"
NEOSOLARINVERTERS27134,componentes,unknown,3,2500.00,9927.00,6789.48,297.08,"Estimated:R$2500.00; YSH Internal:R$7941.43; YSH B2C:R$9927.00"
GOODWEGW3300XS30AFCIIMAGE,componentes,GOODWE,3,2250.00,8903.95,6092.28,295.73,"Estimated:R$2250.00; YSH Internal:R$7122.88; YSH B2C:R$8903.95"
GROWATT20MIC3000TLX20220V20201MPPT,componentes,Growatt,3,303.74,1200.00,627.90,295.07,"YSH Internal:R$303.74; YSH B2C:R$379.95; Estimated:R$1200.00"
FOTUSKP02720KWPFIBROCIMENTOKITS,kits,unknown,3,8242.96,32425.00,16990.64,293.37,"YSH Internal:R$8242.96; YSH B2C:R$10303.95; Estimated:R$32425.00"
HUAWEISUN200015KMB0AFCIIMAGEPRODUCT600388,componentes,HUAWEI,3,5309.36,20833.33,10926.55,292.39,"YSH Internal:R$5309.36; YSH B2C:R$6636.95; N/A:R$20833.33"
NEOSOLARINVERTERS22025,componentes,unknown,3,2500.00,9808.99,6718.79,292.36,"Estimated:R$2500.00; YSH Internal:R$7847.38; YSH B2C:R$9808.99"
SKU29243129243117458504394775074,componentes,unknown,3,2500.00,9805.00,6716.28,292.20,"Estimated:R$2500.00; YSH Internal:R$7843.83; YSH B2C:R$9805.00"
SKU13572013572017458937387875142,componentes,unknown,3,2500.00,9795.00,6710.32,291.80,"Estimated:R$2500.00; YSH Internal:R$7835.97; YSH B2C:R$9795.00"
GROWATTNEO2000MX2000W220V,componentes,Growatt,3,1200.00,4693.99,3216.43,291.17,"Estimated:R$1200.00; YSH Internal:R$3755.29; YSH B2C:R$4693.99"
IIN00242,componentes,unknown,3,1200.00,4680.99,3208.68,290.08,"Estimated:R$1200.00; YSH Internal:R$3745.05; YSH B2C:R$4680.99"
NEOSOLARCONTROLLERS21998,componentes,unknown,3,1200.00,4672.00,3203.18,289.33,"Estimated:R$1200.00; YSH Internal:R$3737.55; YSH B2C:R$4672.00"
NEOSOLARCHARGERS24249,componentes,unknown,3,1200.00,4667.99,3200.87,289.00,"Estimated:R$1200.00; YSH Internal:R$3734.61; YSH B2C:R$4667.99"
NEOSOLARINVERTERS27163,componentes,unknown,3,2500.00,9719.95,6665.20,288.80,"Estimated:R$2500.00; YSH Internal:R$7775.66; YSH B2C:R$9719.95"
289244,componentes,unknown,3,1200.00,4662.95,3197.71,288.58,"Estimated:R$1200.00; YSH Internal:R$3730.19; YSH B2C:R$4662.95"
IIN00126,componentes,unknown,3,1200.00,4661.49,3196.87,288.46,"Estimated:R$1200.00; YSH Internal:R$3729.13; YSH B2C:R$4661.49"
IMAGEPRODUCT400190,componentes,unknown,3,850.00,3291.99,2258.59,287.29,"Estimated:R$850.00; YSH Internal:R$2633.79; YSH B2C:R$3291.99"
ENPHASEIQRELAYLLBR,componentes,Enphase,3,1200.00,4641.99,3185.24,286.83,"Estimated:R$1200.00; YSH Internal:R$3713.72; YSH B2C:R$4641.99"
NEOSOLARINVERTERS20269,componentes,unknown,3,2500.00,9668.49,6634.42,286.74,"Estimated:R$2500.00; YSH Internal:R$7734.76; YSH B2C:R$9668.49"
IIN00301V2,componentes,unknown,3,1200.00,4636.99,3182.24,286.42,"Estimated:R$1200.00; YSH Internal:R$3709.73; YSH B2C:R$4636.99"
NEOSOLARINVERTERS27160,componentes,unknown,3,2500.00,9630.99,6611.93,285.24,"Estimated:R$2500.00; YSH Internal:R$7704.81; YSH B2C:R$9630.99"
SKU29959129959117467236965391281,componentes,unknown,3,2500.00,9630.95,6611.79,285.24,"Estimated:R$2500.00; YSH Internal:R$7704.42; YSH B2C:R$9630.95"
ODEXODEXINVDEYE8000W,componentes,unknown,3,1969.02,7565.00,3998.34,284.20,"YSH Internal:R$1969.02; YSH B2C:R$2460.99; Estimated:R$7565.00"
IIN00382,componentes,unknown,3,313.04,1200.00,634.68,283.34,"YSH Internal:R$313.04; YSH B2C:R$390.99; Estimated:R$1200.00"
NEOSOLARINVERTERS20261,componentes,unknown,3,2500.00,9571.99,6576.61,282.88,"Estimated:R$2500.00; YSH Internal:R$7657.84; YSH B2C:R$9571.99"
IIN00339,componentes,unknown,3,1200.00,4571.99,3143.29,281.00,"Estimated:R$1200.00; YSH Internal:R$3657.88; YSH B2C:R$4571.99"
GOODWEEZLOGGERPROIMAGE,componentes,GOODWE,3,2250.00,8569.99,5892.05,280.89,"Estimated:R$2250.00; YSH Internal:R$6856.15; YSH B2C:R$8569.99"
FOTUSKP02840KWPCERAMICOKITS,kits,unknown,3,9946.99,37825.00,20068.65,280.27,"YSH Internal:R$9946.99; YSH B2C:R$12433.95; Estimated:R$37825.00"
IIN00034,componentes,unknown,3,316.33,1200.00,637.27,279.35,"YSH Internal:R$316.33; YSH B2C:R$395.49; Estimated:R$1200.00"
SKU28924100117457929059638740,componentes,unknown,3,2500.00,9477.99,6520.23,279.12,"Estimated:R$2500.00; YSH Internal:R$7582.70; YSH B2C:R$9477.99"
IEF00096,componentes,unknown,3,1200.00,4536.00,3121.57,278.00,"Estimated:R$1200.00; YSH Internal:R$3628.71; YSH B2C:R$4536.00"
SKU19934819934817458717534237239,componentes,unknown,3,1200.00,4528.99,3117.41,277.42,"Estimated:R$1200.00; YSH Internal:R$3623.25; YSH B2C:R$4528.99"
IBT00004,componentes,unknown,3,1200.00,4519.99,3112.06,276.67,"Estimated:R$1200.00; YSH Internal:R$3616.20; YSH B2C:R$4519.99"
NEOSOLARKITS26720,kits,unknown,3,2500.00,9413.99,6481.77,276.56,"Estimated:R$2500.00; YSH Internal:R$7531.33; YSH B2C:R$9413.99"
NEOSOLARCONTROLLERS20127,componentes,unknown,3,1200.00,4503.99,3102.44,275.33,"Estimated:R$1200.00; YSH Internal:R$3603.33; YSH B2C:R$4503.99"
NEOSOLARKITS25044,kits,unknown,3,2500.00,9333.99,6433.82,273.36,"Estimated:R$2500.00; YSH Internal:R$7467.48; YSH B2C:R$9333.99"
IMAGEPRODUCT600361,componentes,unknown,3,2500.00,9267.00,6393.48,270.68,"Estimated:R$2500.00; YSH Internal:R$7413.45; YSH B2C:R$9267.00"
NEOSOLARCHARGERS20031,componentes,unknown,3,1200.00,4447.99,3068.85,270.67,"Estimated:R$1200.00; YSH Internal:R$3558.57; YSH B2C:R$4447.99"
NEOSOLARCHARGERS21294,componentes,unknown,3,1200.00,4444.49,3066.70,270.37,"Estimated:R$1200.00; YSH Internal:R$3555.60; YSH B2C:R$4444.49"
NEOSOLARINVERTERS27406,componentes,unknown,3,2500.00,9249.95,6383.20,270.00,"Estimated:R$2500.00; YSH Internal:R$7399.64; YSH B2C:R$9249.95"
ODEXODEXINVDEYE800W,componentes,unknown,3,2669.00,9868.49,6810.74,269.74,"Estimated:R$2669.00; YSH Internal:R$7894.73; YSH B2C:R$9868.49"
NEOSOLARCHARGERS25128,componentes,unknown,3,1200.00,4392.99,3035.90,266.08,"Estimated:R$1200.00; YSH Internal:R$3514.72; YSH B2C:R$4392.99"
NEOSOLARCHARGERS20861,componentes,unknown,3,1200.00,4391.00,3034.59,265.92,"Estimated:R$1200.00; YSH Internal:R$3512.78; YSH B2C:R$4391.00"
NEOSOLARINVERTERS22921,componentes,unknown,3,2500.00,9141.95,6318.40,265.68,"Estimated:R$2500.00; YSH Internal:R$7313.26; YSH B2C:R$9141.95"
NEOSOLARKITS26697,kits,unknown,3,2500.00,9141.49,6318.21,265.66,"Estimated:R$2500.00; YSH Internal:R$7313.13; YSH B2C:R$9141.49"
NEOSOLARINVERTERS26929,componentes,unknown,3,2500.00,9139.95,6317.22,265.60,"Estimated:R$2500.00; YSH Internal:R$7311.72; YSH B2C:R$9139.95"
NEOSOLARINVERTERS26766,componentes,unknown,3,2500.00,9138.00,6316.12,265.52,"Estimated:R$2500.00; YSH Internal:R$7310.37; YSH B2C:R$9138.00"
NEOSOLARCHARGERS24715,componentes,unknown,3,1200.00,4383.99,3030.47,265.33,"Estimated:R$1200.00; YSH Internal:R$3507.43; YSH B2C:R$4383.99"
NEOSOLARKITS25160,kits,unknown,3,2500.00,9125.99,6308.94,265.04,"Estimated:R$2500.00; YSH Internal:R$7300.84; YSH B2C:R$9125.99"
NEOSOLARKITS25043,kits,unknown,3,2500.00,9081.00,6281.91,263.24,"Estimated:R$2500.00; YSH Internal:R$7264.74; YSH B2C:R$9081.00"
NEOSOLARCHARGERS21756,componentes,unknown,3,1200.00,4349.99,3010.04,262.50,"Estimated:R$1200.00; YSH Internal:R$3480.12; YSH B2C:R$4349.99"
NEOSOLARINVERTERS26938,componentes,unknown,3,2500.00,9059.99,6269.40,262.40,"Estimated:R$2500.00; YSH Internal:R$7248.21; YSH B2C:R$9059.99"
IIN00148,componentes,unknown,3,1200.00,4341.99,3005.24,261.83,"Estimated:R$1200.00; YSH Internal:R$3473.74; YSH B2C:R$4341.99"
NEOSOLARINVERTERS22022,componentes,unknown,3,2500.00,8983.49,6223.42,259.34,"Estimated:R$2500.00; YSH Internal:R$7186.77; YSH B2C:R$8983.49"
FOTUSKP04360KWPCERAMICOKITSHIBRIDOS,kits,unknown,3,5422.62,19470.00,10556.87,259.05,"YSH Internal:R$5422.62; YSH B2C:R$6777.99; Estimated:R$19470.00"
NEOSOLARINVERTERS27130,componentes,unknown,3,2500.00,8970.00,6215.30,258.80,"Estimated:R$2500.00; YSH Internal:R$7175.89; YSH B2C:R$8970.00"
NEOSOLARINVERTERS21642,componentes,unknown,3,2500.00,8953.99,6205.83,258.16,"Estimated:R$2500.00; YSH Internal:R$7163.50; YSH B2C:R$8953.99"
NEOSOLARKITS23586,kits,unknown,3,2500.00,8944.00,6199.69,257.76,"Estimated:R$2500.00; YSH Internal:R$7155.07; YSH B2C:R$8944.00"
IIN00336,componentes,unknown,3,1200.00,4271.49,2962.87,255.96,"Estimated:R$1200.00; YSH Internal:R$3417.13; YSH B2C:R$4271.49"
FOTUSKP02120KWPCERAMICOKITS,kits,unknown,3,1525.08,5425.00,2952.02,255.72,"YSH Internal:R$1525.08; YSH B2C:R$1905.99; Estimated:R$5425.00"
ILS00019,componentes,unknown,3,339.19,1200.00,654.40,253.78,"YSH Internal:R$339.19; YSH B2C:R$424.00; Estimated:R$1200.00"
DAHDHN72X16DGIMAGEPRODUCT559376,componentes,DAH,3,1200.00,4237.99,2942.87,253.17,"Estimated:R$1200.00; YSH Internal:R$3390.63; YSH B2C:R$4237.99"
SKU25851625851617459085227243203,componentes,unknown,3,2500.00,8782.99,6103.19,251.32,"Estimated:R$2500.00; YSH Internal:R$7026.59; YSH B2C:R$8782.99"
IMAGEPRODUCT600423,componentes,unknown,3,2500.00,8776.00,6098.87,251.04,"Estimated:R$2500.00; YSH Internal:R$7020.61; YSH B2C:R$8776.00"
FOTUSKP02600KWPCERAMICOKITS,kits,unknown,3,7721.83,27025.00,14799.61,249.98,"YSH Internal:R$7721.83; YSH B2C:R$9651.99; Estimated:R$27025.00"
NEOSOLARCHARGERS26525,componentes,unknown,3,1200.00,4194.99,2917.07,249.58,"Estimated:R$1200.00; YSH Internal:R$3356.23; YSH B2C:R$4194.99"
IMAGEPRODUCT600243,componentes,unknown,3,2500.00,8725.00,6068.30,249.00,"Estimated:R$2500.00; YSH Internal:R$6979.91; YSH B2C:R$8725.00"
IMAGEPRODUCT052115,componentes,unknown,3,180.00,626.95,436.10,248.31,"Estimated:R$180.00; YSH Internal:R$501.34; YSH B2C:R$626.95"
NEOSOLARINVERTERS26767,componentes,unknown,3,2500.00,8698.99,6052.83,247.96,"Estimated:R$2500.00; YSH Internal:R$6959.51; YSH B2C:R$8698.99"
NEOSOLARINVERTERS26692,componentes,unknown,3,2500.00,8679.00,6040.67,247.16,"Estimated:R$2500.00; YSH Internal:R$6943.01; YSH B2C:R$8679.00"
NEOSOLARKITS27259,kits,unknown,3,2500.00,8661.00,6029.90,246.44,"Estimated:R$2500.00; YSH Internal:R$6928.69; YSH B2C:R$8661.00"
FOTUSKP02480KWPCERAMICOKITS,kits,unknown,3,6269.93,21625.00,11910.81,244.90,"YSH Internal:R$6269.93; YSH B2C:R$7837.49; Estimated:R$21625.00"
NEOSOLARINVERTERS24825,componentes,unknown,3,2500.00,8598.99,5992.77,243.96,"Estimated:R$2500.00; YSH Internal:R$6879.31; YSH B2C:R$8598.99"
NEOSOLARINVERTERS26927,componentes,unknown,3,2500.00,8559.95,5969.24,242.40,"Estimated:R$2500.00; YSH Internal:R$6847.76; YSH B2C:R$8559.95"
NEOSOLARINVERTERS27166,componentes,unknown,3,2500.00,8528.99,5950.78,241.16,"Estimated:R$2500.00; YSH Internal:R$6823.35; YSH B2C:R$8528.99"
NEOSOLARKITS27261,kits,unknown,3,2500.00,8467.99,5914.15,238.72,"Estimated:R$2500.00; YSH Internal:R$6774.47; YSH B2C:R$8467.99"
IIN00325,componentes,unknown,3,1200.00,4063.49,2838.07,238.62,"Estimated:R$1200.00; YSH Internal:R$3250.73; YSH B2C:R$4063.49"
NEOSOLARINVERTERS22095,componentes,unknown,3,2500.00,8464.99,5912.40,238.60,"Estimated:R$2500.00; YSH Internal:R$6772.20; YSH B2C:R$8464.99"
ODEXODEXPAINELODEX610W,paineis,unknown,3,882.51,2988.00,1657.83,238.58,"YSH Internal:R$882.51; YSH B2C:R$1102.99; Estimated:R$2988.00"
NEOSOLARKITS23699,kits,unknown,3,2500.00,8430.00,5891.32,237.20,"Estimated:R$2500.00; YSH Internal:R$6743.96; YSH B2C:R$8430.00"
NEOSOLARCHARGERS24072,componentes,unknown,3,1200.00,4037.95,2822.66,236.50,"Estimated:R$1200.00; YSH Internal:R$3230.03; YSH B2C:R$4037.95"
SKU29242429242417457928091181215,componentes,unknown,3,2500.00,8405.00,5876.32,236.20,"Estimated:R$2500.00; YSH Internal:R$6723.95; YSH B2C:R$8405.00"
IIN00380,componentes,unknown,3,1200.00,3980.99,2788.68,231.75,"Estimated:R$1200.00; YSH Internal:R$3185.06; YSH B2C:R$3980.99"
NEOSOLARINVERTERS26846,componentes,unknown,3,2500.00,8280.99,5801.96,231.24,"Estimated:R$2500.00; YSH Internal:R$6624.88; YSH B2C:R$8280.99"
NEOSOLARKITS26723,kits,unknown,3,2500.00,8277.95,5799.99,231.12,"Estimated:R$2500.00; YSH Internal:R$6622.01; YSH B2C:R$8277.95"
NEOSOLARINVERTERS26674,componentes,unknown,3,2500.00,8229.95,5771.22,229.20,"Estimated:R$2500.00; YSH Internal:R$6583.70; YSH B2C:R$8229.95"
SKU327541327541117514904188633219,componentes,unknown,3,1200.00,3934.99,2761.08,227.92,"Estimated:R$1200.00; YSH Internal:R$3148.25; YSH B2C:R$3934.99"
NEOSOLARKITS27378,kits,unknown,3,2500.00,8169.99,5735.40,226.80,"Estimated:R$2500.00; YSH Internal:R$6536.20; YSH B2C:R$8169.99"
ILS00004,componentes,unknown,3,1200.00,3921.00,2752.59,226.75,"Estimated:R$1200.00; YSH Internal:R$3136.77; YSH B2C:R$3921.00"
NEOSOLARINVERTERS26690,componentes,unknown,3,2500.00,8160.99,5729.96,226.44,"Estimated:R$2500.00; YSH Internal:R$6528.88; YSH B2C:R$8160.99"
NEOSOLARCHARGERS21755,componentes,unknown,3,1200.00,3913.99,2748.48,226.17,"Estimated:R$1200.00; YSH Internal:R$3131.45; YSH B2C:R$3913.99"
IMAGEPRODUCT600398,componentes,unknown,3,2500.00,8114.99,5702.41,224.60,"Estimated:R$2500.00; YSH Internal:R$6492.23; YSH B2C:R$8114.99"
NEOSOLARINVERTERS26691,componentes,unknown,3,2500.00,8102.00,5694.51,224.08,"Estimated:R$2500.00; YSH Internal:R$6481.53; YSH B2C:R$8102.00"
NEOSOLARINVERTERS21631,componentes,unknown,3,772.08,2500.00,1412.36,223.80,"YSH Internal:R$772.08; YSH B2C:R$964.99; Estimated:R$2500.00"
GOODWEGW3500LESBR20IMAGEPRODUCT600361,componentes,GOODWE,3,698.19,2250.00,1273.71,222.26,"YSH Internal:R$698.19; YSH B2C:R$872.95; Estimated:R$2250.00"
FOTUSKP04600KWPCERAMICOKITSHIBRIDOS,kits,unknown,3,10070.55,32430.00,18362.85,222.03,"YSH Internal:R$10070.55; YSH B2C:R$12587.99; Estimated:R$32430.00"
IMAGEPRODUCT600350,componentes,unknown,3,2500.00,8048.49,5662.42,221.94,"Estimated:R$2500.00; YSH Internal:R$6438.76; YSH B2C:R$8048.49"
NEOSOLARINVERTERS26630,componentes,unknown,3,2500.00,7978.99,5620.81,219.16,"Estimated:R$2500.00; YSH Internal:R$6383.43; YSH B2C:R$7978.99"
GOODWEGW36KMTAFCIIMAGE,componentes,GOODWE,3,8838.80,28170.00,16019.10,218.71,"YSH Internal:R$8838.80; YSH B2C:R$11048.49; Estimated:R$28170.00"
NEOSOLARINVERTERS26693,componentes,unknown,3,2500.00,7954.99,5606.37,218.20,"Estimated:R$2500.00; YSH Internal:R$6364.12; YSH B2C:R$7954.99"
ODEXODEXPAINELTSUN560W,paineis,unknown,3,2948.00,9352.00,6593.82,217.23,"Estimated:R$2948.00; YSH Internal:R$7481.45; YSH B2C:R$9352.00"
FOTUSKP04600KWPFIBROCIMENTOKITS,kits,unknown,3,8523.14,27025.00,15400.71,217.08,"YSH Internal:R$8523.14; YSH B2C:R$10654.00; Estimated:R$27025.00"
NEOSOLARINVERTERS26847,componentes,unknown,3,2500.00,7924.95,5588.23,217.00,"Estimated:R$2500.00; YSH Internal:R$6339.74; YSH B2C:R$7924.95"
DUTOCORRUGADO,componentes,Unknown,3,1200.00,3801.00,2680.54,216.75,"Estimated:R$1200.00; YSH Internal:R$3040.63; YSH B2C:R$3801.00"
NEOSOLARCHARGERS23760,componentes,unknown,3,380.78,1200.00,685.59,215.14,"YSH Internal:R$380.78; YSH B2C:R$476.00; Estimated:R$1200.00"
NEOSOLARCHARGERS20865,componentes,unknown,3,1200.00,3758.00,2654.79,213.17,"Estimated:R$1200.00; YSH Internal:R$3006.37; YSH B2C:R$3758.00"
IMAGEPRODUCT401949,componentes,unknown,3,850.00,2661.49,1880.20,213.12,"Estimated:R$850.00; YSH Internal:R$2129.12; YSH B2C:R$2661.49"
NEOSOLARKITS27302,kits,unknown,3,2500.00,7826.99,5529.54,213.08,"Estimated:R$2500.00; YSH Internal:R$6261.64; YSH B2C:R$7826.99"
ODEXODEXESTRUTURASOLARGROUPSOLO,estrutura,unknown,3,2500.00,7820.00,5525.30,212.80,"Estimated:R$2500.00; YSH Internal:R$6255.89; YSH B2C:R$7820.00"
NEOSOLARKITS25131,kits,unknown,3,2500.00,7814.99,5522.43,212.60,"Estimated:R$2500.00; YSH Internal:R$6252.30; YSH B2C:R$7814.99"
NEOSOLARINVERTERS26922,componentes,unknown,3,2500.00,7780.99,5501.93,211.24,"Estimated:R$2500.00; YSH Internal:R$6224.80; YSH B2C:R$7780.99"
ODEXODEXINVSAJ3000W,componentes,unknown,3,4018.00,12493.00,8835.11,210.93,"Estimated:R$4018.00; YSH Internal:R$9994.34; YSH B2C:R$12493.00"
SKU29243529243517460420086945208,componentes,unknown,3,2500.00,7772.00,5496.50,210.88,"Estimated:R$2500.00; YSH Internal:R$6217.51; YSH B2C:R$7772.00"
FOTUSKP04228KWPCERAMICOKITS,kits,unknown,3,3308.79,10285.00,5909.93,210.84,"YSH Internal:R$3308.79; YSH B2C:R$4136.00; Estimated:R$10285.00"
267277,componentes,unknown,3,804.65,2500.00,1436.88,210.69,"YSH Internal:R$804.65; YSH B2C:R$1006.00; Estimated:R$2500.00"
NEOSOLARINVERTERS26857,componentes,unknown,3,2500.00,7767.00,5493.47,210.68,"Estimated:R$2500.00; YSH Internal:R$6213.41; YSH B2C:R$7767.00"
NEOSOLARINVERTERS27401,componentes,unknown,3,2500.00,7757.99,5488.22,210.32,"Estimated:R$2500.00; YSH Internal:R$6206.68; YSH B2C:R$7757.99"
SKU24677624677617460419822698100,componentes,unknown,3,2500.00,7757.99,5488.16,210.32,"Estimated:R$2500.00; YSH Internal:R$6206.49; YSH B2C:R$7757.99"
IMAGEPRODUCT450083,componentes,unknown,3,1200.00,3707.99,2624.84,209.00,"Estimated:R$1200.00; YSH Internal:R$2966.54; YSH B2C:R$3707.99"
NEOSOLARINVERTERS20565,componentes,unknown,3,2500.00,7724.00,5467.67,208.96,"Estimated:R$2500.00; YSH Internal:R$6179.02; YSH B2C:R$7724.00"
IIN00302,componentes,unknown,3,1200.00,3692.99,2615.82,207.75,"Estimated:R$1200.00; YSH Internal:R$2954.46; YSH B2C:R$3692.99"
NEOSOLARINVERTERS26799,componentes,unknown,3,816.54,2500.00,1445.83,206.17,"YSH Internal:R$816.54; YSH B2C:R$1020.95; Estimated:R$2500.00"
FOTUSKP04513KWPFIBROCIMENTOKITS,kits,unknown,3,7548.55,23110.00,13364.83,206.15,"YSH Internal:R$7548.55; YSH B2C:R$9435.95; Estimated:R$23110.00"
IMAGEPRODUCT600387,componentes,unknown,3,2500.00,7623.99,5407.74,204.96,"Estimated:R$2500.00; YSH Internal:R$6099.22; YSH B2C:R$7623.99"
FOTUSKP04480KWPFIBROCIMENTOKITSHIBRIDOS,kits,unknown,3,8519.90,25950.00,15039.97,204.58,"YSH Internal:R$8519.90; YSH B2C:R$10650.00; Estimated:R$25950.00"
IIN00264,componentes,unknown,3,394.76,1200.00,696.08,203.98,"YSH Internal:R$394.76; YSH B2C:R$493.49; Estimated:R$1200.00"
NEOSOLARKITS23928,kits,unknown,3,827.02,2500.00,1453.67,202.29,"YSH Internal:R$827.02; YSH B2C:R$1034.00; Estimated:R$2500.00"
NEOSOLARPOSTS23586,componentes,unknown,3,1200.00,3626.99,2576.29,202.25,"Estimated:R$1200.00; YSH Internal:R$2901.88; YSH B2C:R$3626.99"
ODEXODEXPAINELODEX600W,paineis,unknown,3,2980.00,9006.00,6396.87,202.21,"Estimated:R$2980.00; YSH Internal:R$7204.61; YSH B2C:R$9006.00"
NEOSOLARKITS27297,kits,unknown,3,2500.00,7548.99,5362.76,201.96,"Estimated:R$2500.00; YSH Internal:R$6039.30; YSH B2C:R$7548.99"
NEOSOLARINVERTERS27167,componentes,unknown,3,2500.00,7522.00,5346.50,200.88,"Estimated:R$2500.00; YSH Internal:R$6017.50; YSH B2C:R$7522.00"
ODEXODEXPAINELODEX700W,paineis,unknown,3,3060.00,9185.95,6531.47,200.19,"Estimated:R$3060.00; YSH Internal:R$7348.45; YSH B2C:R$9185.95"
FOTUSKP04240KWPFIBROCIMENTOKITS,kits,unknown,3,3616.31,10825.00,6320.43,199.34,"YSH Internal:R$3616.31; YSH B2C:R$4519.99; Estimated:R$10825.00"
192575,componentes,unknown,3,2500.00,7459.49,5309.01,198.38,"Estimated:R$2500.00; YSH Internal:R$5967.54; YSH B2C:R$7459.49"
HANERSUNHJTHN21H66HTIMAGEPRODUCT573429,componentes,HANERSUN,3,1200.00,3573.99,2544.41,197.83,"Estimated:R$1200.00; YSH Internal:R$2859.24; YSH B2C:R$3573.99"
NEOSOLARCHARGERS24021,componentes,unknown,3,1200.00,3563.95,2538.27,197.00,"Estimated:R$1200.00; YSH Internal:R$2850.85; YSH B2C:R$3563.95"
NEOSOLARCHARGERS24594,componentes,unknown,3,1200.00,3563.49,2538.08,196.96,"Estimated:R$1200.00; YSH Internal:R$2850.75; YSH B2C:R$3563.49"
IMS00003,componentes,unknown,3,1200.00,3562.99,2537.82,196.92,"Estimated:R$1200.00; YSH Internal:R$2850.46; YSH B2C:R$3562.99"
NEOSOLARKITS26970,kits,unknown,3,2500.00,7410.99,5280.02,196.44,"Estimated:R$2500.00; YSH Internal:R$5929.06; YSH B2C:R$7410.99"
NEOSOLARINVERTERS27157,componentes,unknown,3,2500.00,7391.95,5268.42,195.68,"Estimated:R$2500.00; YSH Internal:R$5913.31; YSH B2C:R$7391.95"
GOODWEGW23KLVSDTBR30AFCIIMAGEPRODUCT600352,componentes,GOODWE,3,6368.24,18810.00,11046.08,195.37,"YSH Internal:R$6368.24; YSH B2C:R$7959.99; Estimated:R$18810.00"
FOTUSKP04360KWPFIBROCIMENTOKITS,kits,unknown,3,5499.36,16225.00,9532.78,195.03,"YSH Internal:R$5499.36; YSH B2C:R$6873.99; Estimated:R$16225.00"
NEOSOLARINVERTERS22671,componentes,unknown,3,849.57,2500.00,1470.52,194.27,"YSH Internal:R$849.57; YSH B2C:R$1062.00; Estimated:R$2500.00"
GOODWEGW12KLVSDTC30AFCIIMAGE,componentes,GOODWE,3,3711.99,10890.00,6414.00,193.37,"YSH Internal:R$3711.99; YSH B2C:R$4640.00; Estimated:R$10890.00"
NEOSOLARINVERTERS22689,componentes,unknown,3,2500.00,7323.00,5227.12,192.92,"Estimated:R$2500.00; YSH Internal:R$5858.37; YSH B2C:R$7323.00"
NEOSOLARINVERTERS20264,componentes,unknown,3,2500.00,7307.99,5218.18,192.32,"Estimated:R$2500.00; YSH Internal:R$5846.55; YSH B2C:R$7307.99"
NEOSOLARINVERTERS20265,componentes,unknown,3,2500.00,7304.99,5216.38,192.20,"Estimated:R$2500.00; YSH Internal:R$5844.16; YSH B2C:R$7304.99"
NEOSOLARKITS27349,kits,unknown,3,2500.00,7293.99,5209.78,191.76,"Estimated:R$2500.00; YSH Internal:R$5835.35; YSH B2C:R$7293.99"
FOTUSKP04KITSHIBRIDOS,kits,unknown,3,2500.00,7289.49,5207.02,191.58,"Estimated:R$2500.00; YSH Internal:R$5831.58; YSH B2C:R$7289.49"
IEF00129,componentes,unknown,3,1200.00,3493.00,2495.74,191.08,"Estimated:R$1200.00; YSH Internal:R$2794.21; YSH B2C:R$3493.00"
GROWATTMIN7500TLX2220V2MPPT,componentes,Growatt,3,1200.00,3492.99,2495.80,191.08,"Estimated:R$1200.00; YSH Internal:R$2794.41; YSH B2C:R$3492.99"
SUNGROWSG90RS220V3MPPT,componentes,unknown,3,412.63,1200.00,709.54,190.82,"YSH Internal:R$412.63; YSH B2C:R$516.00; Estimated:R$1200.00"
NEOSOLARINVERTERS26765,componentes,unknown,3,2500.00,7255.00,5186.28,190.20,"Estimated:R$2500.00; YSH Internal:R$5803.85; YSH B2C:R$7255.00"
GOODWEGW30KLSMTAFCIIMAGEPRODUCT600268,componentes,GOODWE,3,8221.72,23850.00,14116.24,190.09,"YSH Internal:R$8221.72; YSH B2C:R$10276.99; Estimated:R$23850.00"
NEOSOLARKITS27264,kits,unknown,3,2500.00,7220.00,5165.27,188.80,"Estimated:R$2500.00; YSH Internal:R$5775.81; YSH B2C:R$7220.00"
GROWATTMAC36KTL3XLAFCIIMAGEPRODUCT600303,componentes,GROWATT,3,4858.46,14016.63,8316.03,188.50,"YSH Internal:R$4858.46; YSH B2C:R$6072.99; N/A:R$14016.63"
GROWATTMAX60KTL3XL2IMAGE,componentes,GROWATT,3,4879.68,14016.63,8332.09,187.24,"YSH Internal:R$4879.68; YSH B2C:R$6099.95; N/A:R$14016.63"
FOTUSKP04228KWPFIBROCIMENTOKITS,kits,unknown,3,3587.93,10285.00,6119.31,186.66,"YSH Internal:R$3587.93; YSH B2C:R$4485.00; Estimated:R$10285.00"
NEOSOLARCONTROLLERS22725,componentes,unknown,3,1200.00,3433.00,2459.74,186.08,"Estimated:R$1200.00; YSH Internal:R$2746.22; YSH B2C:R$3433.00"
IMAGEPRODUCT600066,componentes,unknown,3,2500.00,7140.00,5117.33,185.60,"Estimated:R$2500.00; YSH Internal:R$5711.99; YSH B2C:R$7140.00"
FOTUSKP03568KWPCERAMICOKITS,kits,unknown,3,8958.37,25585.00,15247.12,185.60,"YSH Internal:R$8958.37; YSH B2C:R$11198.00; Estimated:R$25585.00"
IIN00338,componentes,unknown,3,1200.00,3424.00,2454.34,185.33,"Estimated:R$1200.00; YSH Internal:R$2739.01; YSH B2C:R$3424.00"
NEOSOLARINVERTERS26859,componentes,unknown,3,2500.00,7113.99,5101.80,184.56,"Estimated:R$2500.00; YSH Internal:R$5691.42; YSH B2C:R$7113.99"
NEOSOLARKITS26698,kits,unknown,3,2500.00,7111.99,5100.63,184.48,"Estimated:R$2500.00; YSH Internal:R$5689.90; YSH B2C:R$7111.99"
NEOSOLARINVERTERS22714,componentes,unknown,3,2500.00,7088.49,5086.42,183.54,"Estimated:R$2500.00; YSH Internal:R$5670.77; YSH B2C:R$7088.49"
IMAGEPRODUCT600386,componentes,unknown,3,2500.00,7057.99,5068.17,182.32,"Estimated:R$2500.00; YSH Internal:R$5646.53; YSH B2C:R$7057.99"
NEOSOLARINVERTERS23783,componentes,unknown,3,2500.00,7050.95,5063.85,182.04,"Estimated:R$2500.00; YSH Internal:R$5640.60; YSH B2C:R$7050.95"
NEOSOLARKITS27269,kits,unknown,3,2500.00,7042.00,5058.50,181.68,"Estimated:R$2500.00; YSH Internal:R$5633.49; YSH B2C:R$7042.00"
NEOSOLARINVERTERS20250,componentes,unknown,3,2500.00,7033.99,5053.74,181.36,"Estimated:R$2500.00; YSH Internal:R$5627.23; YSH B2C:R$7033.99"
SKU289244289244117460389447419270,componentes,unknown,3,1200.00,3375.99,2425.66,181.33,"Estimated:R$1200.00; YSH Internal:R$2700.98; YSH B2C:R$3375.99"
IIN00304,componentes,unknown,3,1200.00,3374.00,2424.35,181.17,"Estimated:R$1200.00; YSH Internal:R$2699.05; YSH B2C:R$3374.00"
FOTUSKP03568KWPFIBROCIMENTOKITS,kits,unknown,3,9103.98,25585.00,15356.33,181.03,"YSH Internal:R$9103.98; YSH B2C:R$11380.00; Estimated:R$25585.00"
NEOSOLARINVERTERS20258,componentes,unknown,3,2500.00,6987.00,5025.51,179.48,"Estimated:R$2500.00; YSH Internal:R$5589.53; YSH B2C:R$6987.00"
FOTUSKP02600KWPFIBROCIMENTOKITS,kits,unknown,3,9692.89,27025.00,16277.96,178.81,"YSH Internal:R$9692.89; YSH B2C:R$12115.99; Estimated:R$27025.00"
NEOSOLARCHARGERS26903,componentes,unknown,3,1200.00,3336.49,2401.87,178.04,"Estimated:R$1200.00; YSH Internal:R$2669.13; YSH B2C:R$3336.49"
NEOSOLARINVERTERS22675,componentes,unknown,3,2500.00,6933.99,4993.81,177.36,"Estimated:R$2500.00; YSH Internal:R$5547.45; YSH B2C:R$6933.99"
IIN00371,componentes,unknown,3,1200.00,3316.49,2389.89,176.37,"Estimated:R$1200.00; YSH Internal:R$2653.17; YSH B2C:R$3316.49"
GOODWEGW15KETAFCIIMAGEPRODUCT600348,componentes,GOODWE,3,4722.26,13050.00,7891.75,176.35,"YSH Internal:R$4722.26; YSH B2C:R$5903.00; Estimated:R$13050.00"
291808,componentes,unknown,3,435.15,1200.00,726.38,175.77,"YSH Internal:R$435.15; YSH B2C:R$544.00; Estimated:R$1200.00"
NEOSOLARKITS26969,kits,unknown,3,2500.00,6845.99,4941.03,173.84,"Estimated:R$2500.00; YSH Internal:R$5477.09; YSH B2C:R$6845.99"
NEOSOLARCONTROLLERS20105,componentes,unknown,3,1200.00,3285.95,2371.51,173.83,"Estimated:R$1200.00; YSH Internal:R$2628.58; YSH B2C:R$3285.95"
NEOSOLARKITS26695,kits,unknown,3,2500.00,6822.49,4926.83,172.90,"Estimated:R$2500.00; YSH Internal:R$5458.00; YSH B2C:R$6822.49"
NEOSOLARINVERTERS27161,componentes,unknown,3,2500.00,6814.00,4921.72,172.56,"Estimated:R$2500.00; YSH Internal:R$5451.15; YSH B2C:R$6814.00"
SKU29243729243717458999759611785,componentes,unknown,3,2500.00,6803.95,4915.61,172.16,"Estimated:R$2500.00; YSH Internal:R$5442.89; YSH B2C:R$6803.95"
NEOSOLARKITS27298,kits,unknown,3,2500.00,6794.99,4910.35,171.80,"Estimated:R$2500.00; YSH Internal:R$5436.07; YSH B2C:R$6794.99"
ODEXODEXINVGROWATT5000W,componentes,unknown,3,5158.90,14016.63,8541.49,171.70,"YSH Internal:R$5158.90; YSH B2C:R$6448.95; N/A:R$14016.63"
NEOSOLARCHARGERS27327,componentes,unknown,3,1200.00,3259.99,2356.01,171.67,"Estimated:R$1200.00; YSH Internal:R$2608.05; YSH B2C:R$3259.99"
FOTUSKP04456KWPMINITRILHOKITS,kits,unknown,3,7619.24,20545.00,12562.74,169.65,"YSH Internal:R$7619.24; YSH B2C:R$9523.99; Estimated:R$20545.00"
ODEXODEXINVSOLAX8000W,componentes,unknown,3,3307.61,8900.00,5447.52,169.08,"YSH Internal:R$3307.61; YSH B2C:R$4134.95; Estimated:R$8900.00"
SUNGROWSG15RTP2AFCI380V2MPPT201,componentes,unknown,3,1200.00,3226.95,2336.08,168.91,"Estimated:R$1200.00; YSH Internal:R$2581.28; YSH B2C:R$3226.95"
NEOSOLARSTATIONS23780,componentes,unknown,3,1200.00,3222.95,2333.70,168.58,"Estimated:R$1200.00; YSH Internal:R$2578.14; YSH B2C:R$3222.95"
NEOSOLARINVERTERS20564,componentes,unknown,3,2500.00,6687.99,4846.15,167.52,"Estimated:R$2500.00; YSH Internal:R$5350.45; YSH B2C:R$6687.99"
NEOSOLARINVERTERS20563,componentes,unknown,3,2500.00,6673.95,4837.65,166.96,"Estimated:R$2500.00; YSH Internal:R$5339.00; YSH B2C:R$6673.95"
IIN00216,componentes,unknown,3,450.45,1200.00,737.81,166.40,"YSH Internal:R$450.45; YSH B2C:R$562.99; Estimated:R$1200.00"
NEOSOLARINVERTERS26754,componentes,unknown,3,938.49,2500.00,1537.16,166.39,"YSH Internal:R$938.49; YSH B2C:R$1172.99; Estimated:R$2500.00"
NEOSOLARINVERTERS20924,componentes,unknown,3,2500.00,6652.49,4824.82,166.10,"Estimated:R$2500.00; YSH Internal:R$5321.98; YSH B2C:R$6652.49"
IMAGEPRODUCT600275,componentes,unknown,3,939.74,2500.00,1538.23,166.03,"YSH Internal:R$939.74; YSH B2C:R$1174.95; Estimated:R$2500.00"
NEOSOLARINVERTERS27153,componentes,unknown,3,2500.00,6648.00,4822.07,165.92,"Estimated:R$2500.00; YSH Internal:R$5318.21; YSH B2C:R$6648.00"
IIN00033,componentes,unknown,3,1200.00,3176.95,2306.08,164.75,"Estimated:R$1200.00; YSH Internal:R$2541.29; YSH B2C:R$3176.95"
NEOSOLARKITS23703,kits,unknown,3,2500.00,6603.99,4795.83,164.16,"Estimated:R$2500.00; YSH Internal:R$5283.50; YSH B2C:R$6603.99"
NEOSOLARINVERTERS26785,componentes,unknown,3,2500.00,6584.49,4784.02,163.38,"Estimated:R$2500.00; YSH Internal:R$5267.58; YSH B2C:R$6584.49"
IMAGEPRODUCT600348,componentes,unknown,3,2500.00,6577.49,4779.81,163.10,"Estimated:R$2500.00; YSH Internal:R$5261.93; YSH B2C:R$6577.49"
SKU29242129242117460422200014247,componentes,unknown,3,2500.00,6562.95,4771.05,162.52,"Estimated:R$2500.00; YSH Internal:R$5250.19; YSH B2C:R$6562.95"
ODEXODEXINVSAJ12000W,componentes,unknown,3,3781.30,9922.00,6143.42,162.40,"YSH Internal:R$3781.30; YSH B2C:R$4726.95; Estimated:R$9922.00"
NEOSOLARINVERTERS20262,componentes,unknown,3,2500.00,6556.99,4767.58,162.28,"Estimated:R$2500.00; YSH Internal:R$5245.74; YSH B2C:R$6556.99"
IIN00162,componentes,unknown,3,1200.00,3138.00,2282.74,161.50,"Estimated:R$1200.00; YSH Internal:R$2510.21; YSH B2C:R$3138.00"
ODEXODEXPAINELJINKO615W,paineis,unknown,3,2992.00,7781.95,5666.39,160.09,"Estimated:R$2992.00; YSH Internal:R$6225.23; YSH B2C:R$7781.95"
NEOSOLARSTATIONS21771,componentes,unknown,3,1200.00,3118.99,2271.48,159.92,"Estimated:R$1200.00; YSH Internal:R$2495.46; YSH B2C:R$3118.99"
NEOSOLARINVERTERS26689,componentes,unknown,3,2500.00,6497.00,4731.51,159.88,"Estimated:R$2500.00; YSH Internal:R$5197.54; YSH B2C:R$6497.00"
IIN00071,componentes,unknown,3,1200.00,3111.00,2266.57,159.25,"Estimated:R$1200.00; YSH Internal:R$2488.70; YSH B2C:R$3111.00"
NEOSOLARINVERTERS20287,componentes,unknown,3,2500.00,6479.95,4721.19,159.20,"Estimated:R$2500.00; YSH Internal:R$5183.63; YSH B2C:R$6479.95"
NEOSOLARINVERTERS20217,componentes,unknown,3,2500.00,6471.99,4716.64,158.88,"Estimated:R$2500.00; YSH Internal:R$5177.92; YSH B2C:R$6471.99"
GOODWEGW30KETAFCIIMAGEPRODUCT600150,componentes,GOODWE,3,9263.32,23850.00,14897.44,157.47,"YSH Internal:R$9263.32; YSH B2C:R$11578.99; Estimated:R$23850.00"
IIN00381,componentes,unknown,3,1200.00,3078.99,2247.40,156.58,"Estimated:R$1200.00; YSH Internal:R$2463.21; YSH B2C:R$3078.99"
NEOSOLARINVERTERS27150,componentes,unknown,3,2500.00,6408.99,4678.77,156.36,"Estimated:R$2500.00; YSH Internal:R$5127.31; YSH B2C:R$6408.99"
GOODWEGW2000MISIMAGEPRODUCT600329,componentes,GOODWE,3,2250.00,5763.95,4208.26,156.18,"Estimated:R$2250.00; YSH Internal:R$4610.84; YSH B2C:R$5763.95"
NEOSOLARKITS26694,kits,unknown,3,978.57,2500.00,1567.19,155.47,"YSH Internal:R$978.57; YSH B2C:R$1222.99; Estimated:R$2500.00"
IMAGEPRODUCT400187,componentes,unknown,3,850.00,2153.99,1575.78,153.41,"Estimated:R$850.00; YSH Internal:R$1723.36; YSH B2C:R$2153.99"
NEOSOLARINVERTERS22677,componentes,unknown,3,2500.00,6272.00,4596.49,150.88,"Estimated:R$2500.00; YSH Internal:R$5017.47; YSH B2C:R$6272.00"
NEOSOLARSTATIONS20122,componentes,unknown,3,1200.00,3009.99,2206.01,150.83,"Estimated:R$1200.00; YSH Internal:R$2408.04; YSH B2C:R$3009.99"
IIN00217,componentes,unknown,3,1200.00,3002.00,2201.17,150.17,"Estimated:R$1200.00; YSH Internal:R$2401.51; YSH B2C:R$3002.00"
IIN00384,componentes,unknown,3,1200.00,2991.99,2195.26,149.33,"Estimated:R$1200.00; YSH Internal:R$2393.78; YSH B2C:R$2991.99"
HUAWEISUN20003KTLL1AFCIIMAGEPRODUCT600382,componentes,HUAWEI,3,8383.76,20833.33,13232.35,148.50,"YSH Internal:R$8383.76; YSH B2C:R$10479.95; N/A:R$20833.33"
IIN00170,componentes,unknown,3,483.41,1200.00,762.47,148.24,"YSH Internal:R$483.41; YSH B2C:R$603.99; Estimated:R$1200.00"
HUAWEISUN20004KTLL1AFCIIMAGEPRODUCT600423,componentes,HUAWEI,3,8394.76,20833.33,13240.53,148.17,"YSH Internal:R$8394.76; YSH B2C:R$10493.49; N/A:R$20833.33"
SKU24676324676317460422564036824,componentes,unknown,3,1007.64,2500.00,1589.20,148.10,"YSH Internal:R$1007.64; YSH B2C:R$1259.95; Estimated:R$2500.00"
IIN00188,componentes,unknown,3,1200.00,2974.99,2185.01,147.92,"Estimated:R$1200.00; YSH Internal:R$2380.04; YSH B2C:R$2974.99"
FOTUSKP02360KWPFIBROCIMENTOKITS,kits,unknown,3,6560.85,16225.00,10328.95,147.30,"YSH Internal:R$6560.85; YSH B2C:R$8200.99; Estimated:R$16225.00"
IMAGEPRODUCT600303,componentes,unknown,3,2500.00,6176.99,4539.60,147.08,"Estimated:R$2500.00; YSH Internal:R$4941.80; YSH B2C:R$6176.99"
IMAGEPRODUCT600342,componentes,unknown,3,1017.69,2500.00,1596.56,145.65,"YSH Internal:R$1017.69; YSH B2C:R$1271.99; Estimated:R$2500.00"
NEOSOLARKITS24170,kits,unknown,3,2500.00,6137.95,4516.04,145.52,"Estimated:R$2500.00; YSH Internal:R$4910.18; YSH B2C:R$6137.95"
FOTUSKP04360KWPCERAMICOKITS,kits,unknown,3,6610.02,16225.00,10365.99,145.46,"YSH Internal:R$6610.02; YSH B2C:R$8262.95; Estimated:R$16225.00"
SKU29242329242317459265882555020,componentes,unknown,3,2500.00,6121.00,4505.91,144.84,"Estimated:R$2500.00; YSH Internal:R$4896.74; YSH B2C:R$6121.00"
IIN00189,componentes,unknown,3,490.62,1200.00,767.87,144.59,"YSH Internal:R$490.62; YSH B2C:R$612.99; Estimated:R$1200.00"
246761,componentes,unknown,3,1024.79,2500.00,1601.93,143.95,"YSH Internal:R$1024.79; YSH B2C:R$1281.00; Estimated:R$2500.00"
IMAGEPRODUCT600149,componentes,unknown,3,2500.00,6085.99,4484.95,143.44,"Estimated:R$2500.00; YSH Internal:R$4868.85; YSH B2C:R$6085.99"
IIN00083,componentes,unknown,3,1200.00,2915.95,2149.50,143.00,"Estimated:R$1200.00; YSH Internal:R$2332.56; YSH B2C:R$2915.95"
NEOSOLARINVERTERS21630,componentes,unknown,3,2500.00,6063.49,4471.43,142.54,"Estimated:R$2500.00; YSH Internal:R$4850.79; YSH B2C:R$6063.49"
FOTUSKP03426KWPCERAMICOKITS,kits,unknown,3,7923.56,19195.00,12341.02,142.25,"YSH Internal:R$7923.56; YSH B2C:R$9904.49; Estimated:R$19195.00"
286844,componentes,unknown,3,2500.00,5999.00,4432.70,139.96,"Estimated:R$2500.00; YSH Internal:R$4799.09; YSH B2C:R$5999.00"
SKU24676224676217460422357569937,componentes,unknown,3,2500.00,5987.95,4426.03,139.52,"Estimated:R$2500.00; YSH Internal:R$4790.13; YSH B2C:R$5987.95"
NEOSOLARINVERTERS23309,componentes,unknown,3,2500.00,5973.99,4417.82,138.96,"Estimated:R$2500.00; YSH Internal:R$4779.47; YSH B2C:R$5973.99"
NEOSOLARCONTROLLERS20055,componentes,unknown,3,1200.00,2857.95,2114.70,138.16,"Estimated:R$1200.00; YSH Internal:R$2286.16; YSH B2C:R$2857.95"
FOTUSKP02KITS,kits,unknown,3,2500.00,5878.00,4360.07,135.12,"Estimated:R$2500.00; YSH Internal:R$4702.22; YSH B2C:R$5878.00"
ODEXODEXINVGROWATT10000W,componentes,unknown,3,5976.33,14016.63,9154.48,134.54,"YSH Internal:R$5976.33; YSH B2C:R$7470.49; N/A:R$14016.63"
NEOSOLARINVERTERS24973,componentes,unknown,3,2500.00,5860.99,4349.98,134.44,"Estimated:R$2500.00; YSH Internal:R$4688.94; YSH B2C:R$5860.99"
NEOSOLARINVERTERS26923,componentes,unknown,3,2500.00,5821.99,4326.59,132.88,"Estimated:R$2500.00; YSH Internal:R$4657.77; YSH B2C:R$5821.99"
NEOSOLARKITS27348,kits,unknown,3,2500.00,5818.99,4324.76,132.76,"Estimated:R$2500.00; YSH Internal:R$4655.30; YSH B2C:R$5818.99"
IMAGEPRODUCT600369,componentes,unknown,3,2500.00,5805.95,4316.85,132.24,"Estimated:R$2500.00; YSH Internal:R$4644.59; YSH B2C:R$5805.95"
NEOSOLARCHARGERS24802,componentes,unknown,3,1200.00,2773.99,2064.45,131.17,"Estimated:R$1200.00; YSH Internal:R$2219.35; YSH B2C:R$2773.99"
NEOSOLARINVERTERS24876,componentes,unknown,3,2500.00,5764.00,4291.73,130.56,"Estimated:R$2500.00; YSH Internal:R$4611.19; YSH B2C:R$5764.00"
FOTUSKP02480KWPFIBROCIMENTOKITS,kits,unknown,3,9411.12,21625.00,14266.71,129.78,"YSH Internal:R$9411.12; YSH B2C:R$11764.00; Estimated:R$21625.00"
NEOSOLARINVERTERS24874,componentes,unknown,3,2500.00,5702.49,4254.81,128.10,"Estimated:R$2500.00; YSH Internal:R$4561.93; YSH B2C:R$5702.49"
NEOSOLARCONTROLLERS20142,componentes,unknown,3,1200.00,2736.99,2042.20,128.08,"Estimated:R$1200.00; YSH Internal:R$2189.62; YSH B2C:R$2736.99"
246764,componentes,unknown,3,2500.00,5689.99,4247.38,127.60,"Estimated:R$2500.00; YSH Internal:R$4552.15; YSH B2C:R$5689.99"
FOTUSKP02240KWPCERAMICOKITS,kits,unknown,3,4777.22,10825.00,7191.39,126.60,"YSH Internal:R$4777.22; YSH B2C:R$5971.95; Estimated:R$10825.00"
NEOSOLARKITS27305,kits,unknown,3,2500.00,5654.99,4226.38,126.20,"Estimated:R$2500.00; YSH Internal:R$4524.15; YSH B2C:R$5654.99"
SKU30058530058517476745737964615,componentes,unknown,3,1200.00,2712.99,2027.83,126.08,"Estimated:R$1200.00; YSH Internal:R$2170.50; YSH B2C:R$2712.99"
NEOSOLARINVERTERS20922,componentes,unknown,3,2500.00,5649.99,4223.40,126.00,"Estimated:R$2500.00; YSH Internal:R$4520.22; YSH B2C:R$5649.99"
IEF00009,componentes,unknown,3,1200.00,2699.00,2019.37,124.92,"Estimated:R$1200.00; YSH Internal:R$2159.11; YSH B2C:R$2699.00"
ODEXODEXINVGROWATT75000W,componentes,unknown,3,6243.35,14016.63,9354.66,124.50,"YSH Internal:R$6243.35; YSH B2C:R$7803.99; N/A:R$14016.63"
IMAGEPRODUCT573429,componentes,HANERSUN,3,1200.00,2685.95,2011.50,123.83,"Estimated:R$1200.00; YSH Internal:R$2148.54; YSH B2C:R$2685.95"
FOTUSKP04480KWPFIBROCIMENTOKITS,kits,unknown,3,9682.68,21625.00,14470.22,123.34,"YSH Internal:R$9682.68; YSH B2C:R$12102.99; Estimated:R$21625.00"
IMAGEPRODUCT600307,componentes,unknown,3,2500.00,5572.95,4177.00,122.92,"Estimated:R$2500.00; YSH Internal:R$4458.05; YSH B2C:R$5572.95"
NEOSOLARKITS25045,kits,unknown,3,1121.88,2500.00,1674.62,122.84,"YSH Internal:R$1121.88; YSH B2C:R$1401.99; Estimated:R$2500.00"
IIN00296,componentes,unknown,3,1200.00,2673.95,2004.30,122.83,"Estimated:R$1200.00; YSH Internal:R$2138.94; YSH B2C:R$2673.95"
NEOSOLARINVERTERS20255,componentes,unknown,3,2500.00,5566.00,4172.90,122.64,"Estimated:R$2500.00; YSH Internal:R$4452.69; YSH B2C:R$5566.00"
NEOSOLARCHARGERS26526,componentes,unknown,3,541.41,1200.00,806.14,121.64,"YSH Internal:R$541.41; YSH B2C:R$677.00; Estimated:R$1200.00"
FOTUSKP04228KWPMINITRILHOKITS,kits,unknown,3,4647.28,10285.00,6913.76,121.31,"YSH Internal:R$4647.28; YSH B2C:R$5808.99; Estimated:R$10285.00"
GOODWEGW10KBTIMAGE,componentes,GOODWE,3,4272.66,9450.00,6354.55,121.17,"YSH Internal:R$4272.66; YSH B2C:R$5341.00; Estimated:R$9450.00"
FOTUSKP02360KWPMINITRILHOKITS,kits,unknown,3,7346.81,16225.00,10918.59,120.84,"YSH Internal:R$7346.81; YSH B2C:R$9183.95; Estimated:R$16225.00"
GROWATTMAX50KTL3XL2IMAGE,componentes,GROWATT,3,6363.69,14016.63,9445.09,120.26,"YSH Internal:R$6363.69; YSH B2C:R$7954.95; N/A:R$14016.63"
NEOSOLARCONTROLLERS23054,componentes,unknown,3,547.22,1200.00,810.40,119.29,"YSH Internal:R$547.22; YSH B2C:R$683.99; Estimated:R$1200.00"
SKU24676424676417458511580915488,componentes,unknown,3,1147.64,2500.00,1694.20,117.84,"YSH Internal:R$1147.64; YSH B2C:R$1434.95; Estimated:R$2500.00"
IMAGEPRODUCT600363,componentes,unknown,3,2500.00,5436.00,4094.90,117.44,"Estimated:R$2500.00; YSH Internal:R$4348.69; YSH B2C:R$5436.00"
IIN00250,componentes,unknown,3,552.98,1200.00,814.66,117.01,"YSH Internal:R$552.98; YSH B2C:R$690.99; Estimated:R$1200.00"
NEOSOLARKITS25053,kits,unknown,3,2500.00,5411.00,4079.93,116.44,"Estimated:R$2500.00; YSH Internal:R$4328.78; YSH B2C:R$5411.00"
DEYESUN25KG02LVIMAGE,componentes,DEYE,3,8841.59,19125.00,13006.20,116.31,"YSH Internal:R$8841.59; YSH B2C:R$11052.00; Estimated:R$19125.00"
FOTUSKP04120KWPCERAMICOKITS,kits,unknown,3,5425.00,11695.00,8825.31,115.58,"Estimated:R$5425.00; YSH Internal:R$9355.94; YSH B2C:R$11695.00"
FOTUSKP03426KWPFIBROCIMENTOKITS,kits,unknown,3,8923.60,19195.00,13091.03,115.10,"YSH Internal:R$8923.60; YSH B2C:R$11154.49; Estimated:R$19195.00"
NEOSOLARINVERTERS26936,componentes,unknown,3,2500.00,5368.99,4054.77,114.76,"Estimated:R$2500.00; YSH Internal:R$4295.33; YSH B2C:R$5368.99"
GOODWEGW17KLVSDTC30AFCIIMAGEPRODUCT600275,componentes,GOODWE,3,6765.22,14490.00,9904.06,114.18,"YSH Internal:R$6765.22; YSH B2C:R$8456.95; Estimated:R$14490.00"
NEOSOLARKITS27313,kits,unknown,3,2500.00,5336.99,4035.63,113.48,"Estimated:R$2500.00; YSH Internal:R$4269.91; YSH B2C:R$5336.99"
NEOSOLARKITS26721,kits,unknown,3,2500.00,5305.49,4016.61,112.22,"Estimated:R$2500.00; YSH Internal:R$4244.34; YSH B2C:R$5305.49"
FOTUSKP02426KWPCERAMICOKITS,kits,unknown,3,9053.65,19195.00,13188.55,112.01,"YSH Internal:R$9053.65; YSH B2C:R$11316.99; Estimated:R$19195.00"
NEOSOLARCONTROLLERS22397,componentes,unknown,3,1200.00,2530.49,1918.30,110.87,"Estimated:R$1200.00; YSH Internal:R$2024.40; YSH B2C:R$2530.49"
NEOSOLARINVERTERS27136,componentes,unknown,3,2500.00,5262.00,3990.48,110.48,"Estimated:R$2500.00; YSH Internal:R$4209.45; YSH B2C:R$5262.00"
152147,componentes,unknown,3,2500.00,5254.95,3986.21,110.20,"Estimated:R$2500.00; YSH Internal:R$4203.67; YSH B2C:R$5254.95"
SKU30457430457417516416575985705,componentes,unknown,3,573.60,1200.00,830.20,109.21,"YSH Internal:R$573.60; YSH B2C:R$716.99; Estimated:R$1200.00"
ISB00006,componentes,unknown,3,1200.00,2507.49,1904.47,108.96,"Estimated:R$1200.00; YSH Internal:R$2005.92; YSH B2C:R$2507.49"
ODEXODEXINVGROWATT3000W,componentes,unknown,3,6720.30,14016.63,9712.31,108.57,"YSH Internal:R$6720.30; YSH B2C:R$8399.99; N/A:R$14016.63"
NEOSOLARCHARGERS24019,componentes,unknown,3,1200.00,2496.99,1898.26,108.08,"Estimated:R$1200.00; YSH Internal:R$1997.78; YSH B2C:R$2496.99"
NEOSOLARSTATIONS21772,componentes,unknown,3,1200.00,2495.99,1897.69,108.00,"Estimated:R$1200.00; YSH Internal:R$1997.08; YSH B2C:R$2495.99"
NEOSOLARKITS27265,kits,unknown,3,2500.00,5196.99,3951.53,107.88,"Estimated:R$2500.00; YSH Internal:R$4157.61; YSH B2C:R$5196.99"
NEOSOLARKITS25158,kits,unknown,3,2500.00,5181.99,3942.57,107.28,"Estimated:R$2500.00; YSH Internal:R$4145.71; YSH B2C:R$5181.99"
SKU19934719934717460425385827504,componentes,unknown,3,1200.00,2486.00,1891.60,107.17,"Estimated:R$1200.00; YSH Internal:R$1988.79; YSH B2C:R$2486.00"
IMAGEPRODUCT600352,componentes,unknown,3,1206.82,2500.00,1738.59,107.16,"YSH Internal:R$1206.82; YSH B2C:R$1508.95; Estimated:R$2500.00"
ODEXODEXINVGROWATT10000W1,componentes,unknown,3,6768.98,14016.63,9748.87,107.07,"YSH Internal:R$6768.98; YSH B2C:R$8460.99; N/A:R$14016.63"
IIN00194,componentes,unknown,3,1200.00,2476.99,1886.22,106.42,"Estimated:R$1200.00; YSH Internal:R$1981.68; YSH B2C:R$2476.99"
215563,componentes,unknown,3,1200.00,2475.99,1885.66,106.33,"Estimated:R$1200.00; YSH Internal:R$1980.98; YSH B2C:R$2475.99"
FOTUSKP04120KWPMINITRILHOKITSHIBRIDOS,kits,unknown,3,3155.54,6510.00,4536.68,106.30,"YSH Internal:R$3155.54; YSH B2C:R$3944.49; Estimated:R$6510.00"
313834,componentes,unknown,3,850.00,1747.00,1331.48,105.53,"Estimated:R$850.00; YSH Internal:R$1397.44; YSH B2C:R$1747.00"
NEOSOLARSTATIONS20371,componentes,unknown,3,1200.00,2464.99,1879.10,105.42,"Estimated:R$1200.00; YSH Internal:R$1972.31; YSH B2C:R$2464.99"
ODEXODEXINVCHINT10000W,componentes,unknown,3,5119.99,10500.00,7340.00,105.08,"YSH Internal:R$5119.99; YSH B2C:R$6400.00; Estimated:R$10500.00"
NEOSOLARPOSTS24171,componentes,unknown,3,585.32,1200.00,839.09,105.02,"YSH Internal:R$585.32; YSH B2C:R$731.95; Estimated:R$1200.00"
IMAGEPRODUCT600463,componentes,unknown,3,2500.00,5095.95,3890.81,103.84,"Estimated:R$2500.00; YSH Internal:R$4076.47; YSH B2C:R$5095.95"
FOTUSKP04360KWPMINITRILHOKITSHIBRIDOS,kits,unknown,3,9586.41,19470.00,13679.80,103.10,"YSH Internal:R$9586.41; YSH B2C:R$11982.99; Estimated:R$19470.00"
GOODWEGW20KETAFCIIMAGEPRODUCT600149,componentes,GOODWE,3,8207.47,16650.00,11705.49,102.86,"YSH Internal:R$8207.47; YSH B2C:R$10258.99; Estimated:R$16650.00"
IIN00218,componentes,unknown,3,591.89,1200.00,843.96,102.74,"YSH Internal:R$591.89; YSH B2C:R$740.00; Estimated:R$1200.00"
NEOSOLARINVERTERS26755,componentes,unknown,3,2500.00,5053.99,3865.76,102.16,"Estimated:R$2500.00; YSH Internal:R$4043.30; YSH B2C:R$5053.99"
NEOSOLARCONTROLLERS23052,componentes,unknown,3,1200.00,2424.99,1855.02,102.08,"Estimated:R$1200.00; YSH Internal:R$1940.08; YSH B2C:R$2424.99"
ODEXODEXPAINELJINKO610W,paineis,unknown,3,1480.13,2988.00,2106.04,101.87,"YSH Internal:R$1480.13; YSH B2C:R$1849.99; Estimated:R$2988.00"
NEOSOLARINVERTERS23782,componentes,unknown,3,1243.64,2500.00,1766.20,101.02,"YSH Internal:R$1243.64; YSH B2C:R$1554.95; Estimated:R$2500.00"
IIN00230,componentes,unknown,3,1200.00,2404.95,1842.91,100.41,"Estimated:R$1200.00; YSH Internal:R$1923.77; YSH B2C:R$2404.95"
NEOSOLARSTATIONS21770,componentes,unknown,3,598.93,1200.00,849.29,100.36,"YSH Internal:R$598.93; YSH B2C:R$748.95; Estimated:R$1200.00"
NEOSOLARINVERTERS26860,componentes,unknown,3,2500.00,5007.00,3837.50,100.28,"Estimated:R$2500.00; YSH Internal:R$4005.50; YSH B2C:R$5007.00"
GOODWEGW6000ESBR20AFCIIMAGE,componentes,GOODWE,3,2250.00,4503.95,3452.29,100.18,"Estimated:R$2250.00; YSH Internal:R$3602.91; YSH B2C:R$4503.95"
ODEXODEXINVGROWATT6000W,componentes,unknown,3,7010.83,14016.63,9930.47,99.93,"YSH Internal:R$7010.83; YSH B2C:R$8763.95; N/A:R$14016.63"
NEOSOLARKITS26988,kits,unknown,3,2500.00,4991.00,3827.93,99.64,"Estimated:R$2500.00; YSH Internal:R$3992.79; YSH B2C:R$4991.00"
ODEXODEXPAINELASTRONERGY600W,paineis,unknown,3,1499.08,2980.00,2117.69,98.79,"YSH Internal:R$1499.08; YSH B2C:R$1874.00; Estimated:R$2980.00"
GOODWEGW12KLVSDTC31AFCIIMAGEPRODUCT600400,componentes,GOODWE,3,5486.51,10890.00,7744.83,98.49,"YSH Internal:R$5486.51; YSH B2C:R$6857.99; Estimated:R$10890.00"
IIN00081,componentes,unknown,3,1200.00,2380.99,1828.60,98.42,"Estimated:R$1200.00; YSH Internal:R$1904.82; YSH B2C:R$2380.99"
SKU215006215006317458331023668129,componentes,unknown,3,429.61,850.00,605.53,97.85,"YSH Internal:R$429.61; YSH B2C:R$536.99; Estimated:R$850.00"
FOTUSKP04399KWPFIBROCIMENTOKITS,kits,unknown,3,9109.49,17980.00,12825.50,97.38,"YSH Internal:R$9109.49; YSH B2C:R$11387.00; Estimated:R$17980.00"
IIN00348,componentes,unknown,3,1200.00,2364.99,1819.10,97.08,"Estimated:R$1200.00; YSH Internal:R$1892.31; YSH B2C:R$2364.99"
NEOSOLARCONTROLLERS20357,componentes,unknown,3,1200.00,2362.99,1817.80,96.92,"Estimated:R$1200.00; YSH Internal:R$1890.41; YSH B2C:R$2362.99"
FOTUSKP02142KWPFIBROCIMENTOKITS,kits,unknown,3,3261.25,6415.00,4584.40,96.70,"YSH Internal:R$3261.25; YSH B2C:R$4076.95; Estimated:R$6415.00"
IIN00358,componentes,unknown,3,1200.00,2355.95,1813.46,96.33,"Estimated:R$1200.00; YSH Internal:R$1884.43; YSH B2C:R$2355.95"
ODEXODEXINVSAJ4200W,componentes,unknown,3,4805.20,9403.95,7243.99,95.70,"Estimated:R$4805.20; YSH Internal:R$7522.81; YSH B2C:R$9403.95"
SUNGROW20SG12RT2020380V20202MPPT,componentes,unknown,3,1200.00,2347.00,1808.15,95.58,"Estimated:R$1200.00; YSH Internal:R$1877.46; YSH B2C:R$2347.00"
NEOSOLARINVERTERS20566,componentes,unknown,3,2500.00,4875.95,3758.82,95.04,"Estimated:R$2500.00; YSH Internal:R$3900.50; YSH B2C:R$4875.95"
GOODWEGW3600ESBR20AFCIIMAGE,componentes,GOODWE,3,2250.00,4354.99,3363.06,93.56,"Estimated:R$2250.00; YSH Internal:R$3484.18; YSH B2C:R$4354.99"
ODEXODEXINVDEYE1200W,componentes,unknown,3,1529.83,2941.00,2127.61,92.24,"YSH Internal:R$1529.83; YSH B2C:R$1911.99; Estimated:R$2941.00"
SKU19257519257517460421976229660,componentes,unknown,3,1303.16,2500.00,1810.72,91.84,"YSH Internal:R$1303.16; YSH B2C:R$1629.00; Estimated:R$2500.00"
IMAGEPRODUCT000612,componentes,unknown,3,4500.00,8621.99,6673.30,91.60,"Estimated:R$4500.00; YSH Internal:R$6897.92; YSH B2C:R$8621.99"
NEOSOLARINVERTERS22676,componentes,unknown,3,2500.00,4768.99,3694.76,90.76,"Estimated:R$2500.00; YSH Internal:R$3815.30; YSH B2C:R$4768.99"
NEOSOLARINVERTERS20252,componentes,unknown,3,2500.00,4751.95,3684.42,90.08,"Estimated:R$2500.00; YSH Internal:R$3801.31; YSH B2C:R$4751.95"
NEOSOLARINVERTERS20778,componentes,unknown,3,2500.00,4744.99,3680.34,89.80,"Estimated:R$2500.00; YSH Internal:R$3796.03; YSH B2C:R$4744.99"
NEOSOLARINVERTERS26924,componentes,unknown,3,2500.00,4725.00,3668.32,89.00,"Estimated:R$2500.00; YSH Internal:R$3779.95; YSH B2C:R$4725.00"
GOODWEGW20KSDT31AFCICRSDIMAGEPRODUCT600453,componentes,GOODWE,3,8819.02,16650.00,12164.34,88.80,"YSH Internal:R$8819.02; YSH B2C:R$11024.00; Estimated:R$16650.00"
NEOSOLARSTATIONS20369,componentes,unknown,3,1200.00,2264.49,1758.69,88.71,"Estimated:R$1200.00; YSH Internal:R$1811.58; YSH B2C:R$2264.49"
ODEXODEXINVGROWATT4000W,componentes,unknown,3,7450.66,14016.63,10260.09,88.13,"YSH Internal:R$7450.66; YSH B2C:R$9312.99; N/A:R$14016.63"
145763,componentes,unknown,3,2500.00,4688.95,3646.60,87.56,"Estimated:R$2500.00; YSH Internal:R$3750.85; YSH B2C:R$4688.95"
NEOSOLARINVERTERS27091,componentes,unknown,3,1333.23,2500.00,1833.39,87.51,"YSH Internal:R$1333.23; YSH B2C:R$1666.95; Estimated:R$2500.00"
315148,componentes,unknown,3,2500.00,4672.99,3637.19,86.92,"Estimated:R$2500.00; YSH Internal:R$3738.59; YSH B2C:R$4672.99"
NEOSOLARINVERTERS27141,componentes,unknown,3,2500.00,4611.99,3600.63,84.48,"Estimated:R$2500.00; YSH Internal:R$3689.89; YSH B2C:R$4611.99"
FOTUSKP04342KWPCERAMICOKITS,kits,unknown,3,8357.00,15415.00,11406.00,84.46,"YSH Internal:R$8357.00; YSH B2C:R$10445.99; Estimated:R$15415.00"
NEOSOLARKITS27304,kits,unknown,3,2500.00,4610.99,3599.94,84.44,"Estimated:R$2500.00; YSH Internal:R$3688.83; YSH B2C:R$4610.99"
ODEXODEXINVGROWATT50000W,componentes,unknown,3,7609.52,14016.63,10379.38,84.20,"YSH Internal:R$7609.52; YSH B2C:R$9512.00; N/A:R$14016.63"
FOTUSKP04114KWPCERAMICOKITS,kits,unknown,3,5155.00,9483.00,7408.11,83.96,"Estimated:R$5155.00; YSH Internal:R$7586.33; YSH B2C:R$9483.00"
IMAGEPRODUCT600150,componentes,unknown,3,1359.57,2500.00,1853.02,83.88,"YSH Internal:R$1359.57; YSH B2C:R$1699.49; Estimated:R$2500.00"
NEOSOLARINVERTERS22679,componentes,unknown,3,2500.00,4592.99,3589.15,83.72,"Estimated:R$2500.00; YSH Internal:R$3674.46; YSH B2C:R$4592.99"
NEOSOLARPOSTS24170,componentes,unknown,3,1200.00,2201.00,1720.57,83.42,"Estimated:R$1200.00; YSH Internal:R$1760.72; YSH B2C:R$2201.00"
FOTUSKP04KITS,kits,unknown,3,2500.00,4572.95,3577.00,82.92,"Estimated:R$2500.00; YSH Internal:R$3658.06; YSH B2C:R$4572.95"
FOTUSKP04360KWPMINITRILHOKITS,kits,unknown,3,8870.32,16225.00,12061.11,82.91,"YSH Internal:R$8870.32; YSH B2C:R$11088.00; Estimated:R$16225.00"
NEOSOLARINVERTERS26945,componentes,unknown,3,2500.00,4553.95,3565.60,82.16,"Estimated:R$2500.00; YSH Internal:R$3642.84; YSH B2C:R$4553.95"
ODEXODEXINVSOFAR5000W,componentes,unknown,3,3109.58,5655.00,4217.19,81.86,"YSH Internal:R$3109.58; YSH B2C:R$3887.00; Estimated:R$5655.00"
NEOSOLARKITS27301,kits,unknown,3,1377.49,2500.00,1866.50,81.49,"YSH Internal:R$1377.49; YSH B2C:R$1722.00; Estimated:R$2500.00"
IEF00173,componentes,unknown,3,1200.00,2165.00,1698.94,80.42,"Estimated:R$1200.00; YSH Internal:R$1731.81; YSH B2C:R$2165.00"
ODEXODEXINVSAJ20000W,componentes,unknown,3,8414.67,15170.00,11367.55,80.28,"YSH Internal:R$8414.67; YSH B2C:R$10517.99; Estimated:R$15170.00"
IIN00180,componentes,unknown,3,1200.00,2153.99,1692.42,79.50,"Estimated:R$1200.00; YSH Internal:R$1723.26; YSH B2C:R$2153.99"
IBT00003,componentes,unknown,3,1200.00,2150.00,1689.98,79.17,"Estimated:R$1200.00; YSH Internal:R$1719.93; YSH B2C:R$2150.00"
192576,componentes,unknown,3,2500.00,4462.99,3511.17,78.52,"Estimated:R$2500.00; YSH Internal:R$3570.51; YSH B2C:R$4462.99"
IIN00309,componentes,unknown,3,1200.00,2141.95,1685.12,78.50,"Estimated:R$1200.00; YSH Internal:R$1713.40; YSH B2C:R$2141.95"
GOODWEGW250KHTIMAGEPRODUCT600142,componentes,GOODWE,3,1822.50,3250.99,2558.18,78.38,"Estimated:R$1822.50; YSH Internal:R$2601.04; YSH B2C:R$3250.99"
GROWATTMAX50KTL3XL2AFCIIMAGEPRODUCT600305,componentes,GROWATT,3,7887.34,14016.63,10587.65,77.71,"YSH Internal:R$7887.34; YSH B2C:R$9858.99; N/A:R$14016.63"
ODEXODEXINVSOFAR6000W,componentes,unknown,3,6351.00,11277.00,8883.19,77.56,"Estimated:R$6351.00; YSH Internal:R$9021.56; YSH B2C:R$11277.00"
IEF00154,componentes,unknown,3,1200.00,2126.99,1676.29,77.25,"Estimated:R$1200.00; YSH Internal:R$1701.88; YSH B2C:R$2126.99"
NEOSOLARSTATIONS23503,componentes,unknown,3,1200.00,2119.99,1672.07,76.67,"Estimated:R$1200.00; YSH Internal:R$1696.21; YSH B2C:R$2119.99"
NEOSOLARCHARGERS21741,componentes,unknown,3,679.82,1200.00,909.94,76.52,"YSH Internal:R$679.82; YSH B2C:R$850.00; Estimated:R$1200.00"
IBT00001,componentes,unknown,3,681.79,1200.00,911.26,76.01,"YSH Internal:R$681.79; YSH B2C:R$851.99; Estimated:R$1200.00"
ILS00008,componentes,unknown,3,1200.00,2102.99,1661.85,75.25,"Estimated:R$1200.00; YSH Internal:R$1682.55; YSH B2C:R$2102.99"
NEOSOLARINVERTERS22692,componentes,unknown,3,2500.00,4380.00,3461.30,75.20,"Estimated:R$2500.00; YSH Internal:R$3503.90; YSH B2C:R$4380.00"
ICON318X647,componentes,unknown,3,1200.00,2101.49,1660.89,75.12,"Estimated:R$1200.00; YSH Internal:R$1681.19; YSH B2C:R$2101.49"
FOTUSKP03284KWPMINITRILHOKITS,kits,unknown,3,7315.75,12805.00,9755.23,75.03,"YSH Internal:R$7315.75; YSH B2C:R$9144.95; Estimated:R$12805.00"
NEOSOLARINVERTERS26943,componentes,unknown,3,2500.00,4364.99,3452.36,74.60,"Estimated:R$2500.00; YSH Internal:R$3492.09; YSH B2C:R$4364.99"
ODEXODEXINVGROWATT15000W,componentes,unknown,3,8056.31,14016.63,10714.31,73.98,"YSH Internal:R$8056.31; YSH B2C:R$10069.99; N/A:R$14016.63"
FOTUSKP04114KWPMINITRILHOKITS,kits,unknown,3,5155.00,8944.00,7084.68,73.50,"Estimated:R$5155.00; YSH Internal:R$7155.03; YSH B2C:R$8944.00"
ICA00008,componentes,unknown,3,1200.00,2081.95,1649.12,73.50,"Estimated:R$1200.00; YSH Internal:R$1665.40; YSH B2C:R$2081.95"
FOTUSKP02142KWPCERAMICOKITS,kits,unknown,3,6415.00,11115.95,8807.84,73.28,"Estimated:R$6415.00; YSH Internal:R$8892.58; YSH B2C:R$11115.95"
NEOSOLARINVERTERS24878,componentes,unknown,3,2500.00,4305.99,3417.01,72.24,"Estimated:R$2500.00; YSH Internal:R$3445.03; YSH B2C:R$4305.99"
246763,componentes,unknown,3,2500.00,4285.00,3404.29,71.40,"Estimated:R$2500.00; YSH Internal:R$3427.87; YSH B2C:R$4285.00"
IMS00004,componentes,unknown,3,701.26,1200.00,926.07,71.12,"YSH Internal:R$701.26; YSH B2C:R$876.95; Estimated:R$1200.00"
FOTUSKP04342KWPMINITRILHOKITS,kits,unknown,3,9018.88,15415.00,11902.61,70.92,"YSH Internal:R$9018.88; YSH B2C:R$11273.95; Estimated:R$15415.00"
NEOSOLARINVERTERS26845,componentes,unknown,3,1479.43,2500.00,1942.81,68.98,"YSH Internal:R$1479.43; YSH B2C:R$1848.99; Estimated:R$2500.00"
NEOSOLARINVERTERS26849,componentes,unknown,3,1481.04,2500.00,1944.01,68.80,"YSH Internal:R$1481.04; YSH B2C:R$1850.99; Estimated:R$2500.00"
NEOSOLARCONTROLLERS20082,componentes,unknown,3,1200.00,2008.99,1605.43,67.42,"Estimated:R$1200.00; YSH Internal:R$1607.29; YSH B2C:R$2008.99"
NEOSOLARCABLES20127,componentes,unknown,3,180.00,300.95,240.46,67.19,"Estimated:R$180.00; YSH Internal:R$240.44; YSH B2C:R$300.95"
NEOSOLARCONTROLLERS24798,componentes,unknown,3,1200.00,2000.99,1600.64,66.75,"Estimated:R$1200.00; YSH Internal:R$1600.94; YSH B2C:R$2000.99"
IMAGEPRODUCT600340,componentes,unknown,3,1501.15,2500.00,1959.21,66.54,"YSH Internal:R$1501.15; YSH B2C:R$1876.49; Estimated:R$2500.00"
FOTUSKP03142KWPCERAMICOKITS,kits,unknown,3,6415.00,10649.99,8528.38,66.02,"Estimated:R$6415.00; YSH Internal:R$8520.16; YSH B2C:R$10649.99"
FOTUSKP04120KWPFIBROCIMENTOKITS,kits,unknown,3,5425.00,8939.49,7172.02,64.78,"Estimated:R$5425.00; YSH Internal:R$7151.58; YSH B2C:R$8939.49"
CORRUGADO,componentes,Unknown,3,728.84,1200.00,946.61,64.65,"YSH Internal:R$728.84; YSH B2C:R$910.99; Estimated:R$1200.00"
IIN00236,componentes,unknown,3,737.19,1200.00,952.89,62.78,"YSH Internal:R$737.19; YSH B2C:R$921.49; Estimated:R$1200.00"
IIN00265,componentes,unknown,3,1200.00,1952.99,1571.81,62.75,"Estimated:R$1200.00; YSH Internal:R$1562.44; YSH B2C:R$1952.99"
ODEXODEXINVGROWATT125000W,componentes,unknown,3,8632.88,14016.63,11146.83,62.36,"YSH Internal:R$8632.88; YSH B2C:R$10790.99; N/A:R$14016.63"
FOTUSKP04240KWPMINITRILHOKITSHIBRIDOS,kits,unknown,3,8018.38,12990.00,10343.79,62.00,"YSH Internal:R$8018.38; YSH B2C:R$10023.00; Estimated:R$12990.00"
NEOSOLARCONTROLLERS20137,componentes,unknown,3,1200.00,1942.99,1565.82,61.92,"Estimated:R$1200.00; YSH Internal:R$1554.46; YSH B2C:R$1942.99"
NEOSOLARKITS27347,kits,unknown,3,2500.00,4045.95,3260.84,61.84,"Estimated:R$2500.00; YSH Internal:R$3236.56; YSH B2C:R$4045.95"
NEOSOLARINVERTERS22734,componentes,unknown,3,2500.00,4032.99,3253.14,61.32,"Estimated:R$2500.00; YSH Internal:R$3226.44; YSH B2C:R$4032.99"
FOTUSKP04240KWPFIBROCIMENTOKITSHIBRIDOS,kits,unknown,3,8119.07,12990.00,10419.36,59.99,"YSH Internal:R$8119.07; YSH B2C:R$10149.00; Estimated:R$12990.00"
NEOSOLARINVERTERS20268,componentes,unknown,3,2500.00,3994.99,3230.35,59.80,"Estimated:R$2500.00; YSH Internal:R$3196.05; YSH B2C:R$3994.99"
299589,componentes,unknown,3,752.30,1200.00,964.10,59.51,"YSH Internal:R$752.30; YSH B2C:R$939.99; Estimated:R$1200.00"
IMAGEPRODUCT600483,componentes,unknown,3,2500.00,3970.49,3215.62,58.82,"Estimated:R$2500.00; YSH Internal:R$3176.36; YSH B2C:R$3970.49"
NEOSOLARCONTROLLERS20084,componentes,unknown,3,756.31,1200.00,967.10,58.67,"YSH Internal:R$756.31; YSH B2C:R$944.99; Estimated:R$1200.00"
ODEXODEXINVCHINT3000W,componentes,unknown,3,4900.00,7756.99,6287.61,58.31,"Estimated:R$4900.00; YSH Internal:R$6205.85; YSH B2C:R$7756.99"
ODEXODEXINVDEYE2400W,componentes,unknown,3,2380.93,3757.00,3037.97,57.80,"YSH Internal:R$2380.93; YSH B2C:R$2975.99; Estimated:R$3757.00"
ODEXODEXPAINELODEX585W,paineis,unknown,3,1886.89,2968.00,2404.61,57.30,"YSH Internal:R$1886.89; YSH B2C:R$2358.95; Estimated:R$2968.00"
PAINELBYDBYD530WMLK36530W,paineis,Byd,3,764.64,1200.00,973.55,56.94,"YSH Internal:R$764.64; YSH B2C:R$956.00; Estimated:R$1200.00"
NEOSOLARINVERTERS26675,componentes,unknown,3,2500.00,3910.99,3179.99,56.44,"Estimated:R$2500.00; YSH Internal:R$3128.99; YSH B2C:R$3910.99"
FOTUSKP02284KWPFIBROCIMENTOKITS,kits,unknown,3,8197.27,12805.00,10416.41,56.21,"YSH Internal:R$8197.27; YSH B2C:R$10246.95; Estimated:R$12805.00"
FOTUSKP04342KWPFIBROCIMENTOKITS,kits,unknown,3,9964.08,15415.00,12611.36,54.71,"YSH Internal:R$9964.08; YSH B2C:R$12454.99; Estimated:R$15415.00"
NEOSOLARKITS22691,kits,unknown,3,2500.00,3830.00,3131.29,53.20,"Estimated:R$2500.00; YSH Internal:R$3063.86; YSH B2C:R$3830.00"
FOTUSKP03KITS,kits,unknown,3,1645.42,2500.00,2067.47,51.94,"YSH Internal:R$1645.42; YSH B2C:R$2057.00; Estimated:R$2500.00"
IIN00190,componentes,unknown,3,793.81,1200.00,995.27,51.17,"YSH Internal:R$793.81; YSH B2C:R$991.99; Estimated:R$1200.00"
NEOSOLARKITS26968,kits,unknown,3,1676.72,2500.00,2090.91,49.10,"YSH Internal:R$1676.72; YSH B2C:R$2096.00; Estimated:R$2500.00"
FOTUSKP04120KWPCERAMICOKITSHIBRIDOS,kits,unknown,3,4373.31,6510.00,5450.09,48.86,"YSH Internal:R$4373.31; YSH B2C:R$5466.95; Estimated:R$6510.00"
NEOSOLARKITS26991,kits,unknown,3,2500.00,3704.95,3056.22,48.20,"Estimated:R$2500.00; YSH Internal:R$2963.71; YSH B2C:R$3704.95"
SKU19388319388317459249580491925,componentes,unknown,3,850.00,1256.99,1037.53,47.88,"Estimated:R$850.00; YSH Internal:R$1005.60; YSH B2C:R$1256.99"
NEOSOLARKITS25047,kits,unknown,3,2500.00,3693.99,3049.81,47.76,"Estimated:R$2500.00; YSH Internal:R$2955.44; YSH B2C:R$3693.99"
ODEXODEXINVGROWATT8000W,componentes,unknown,3,9497.75,14016.63,11795.46,47.58,"YSH Internal:R$9497.75; YSH B2C:R$11871.99; N/A:R$14016.63"
NEOSOLARCONTROLLERS20359,componentes,unknown,3,1200.00,1764.99,1459.07,47.08,"Estimated:R$1200.00; YSH Internal:R$1412.22; YSH B2C:R$1764.99"
ODEXODEXINVSOFAR3300W,componentes,unknown,3,3047.92,4471.80,3776.57,46.72,"YSH Internal:R$3047.92; YSH B2C:R$3810.00; Estimated:R$4471.80"
NEOSOLARKITS26975,kits,unknown,3,1709.54,2500.00,2115.51,46.24,"YSH Internal:R$1709.54; YSH B2C:R$2137.00; Estimated:R$2500.00"
SKU29959529959517467957208646910,componentes,unknown,3,2500.00,3654.99,3026.34,46.20,"Estimated:R$2500.00; YSH Internal:R$2924.04; YSH B2C:R$3654.99"
NEOSOLARCHARGERS23758,componentes,unknown,3,823.20,1200.00,1017.40,45.77,"YSH Internal:R$823.20; YSH B2C:R$1028.99; Estimated:R$1200.00"
NEOSOLARINVERTERS27156,componentes,unknown,3,1725.58,2500.00,2127.53,44.88,"YSH Internal:R$1725.58; YSH B2C:R$2157.00; Estimated:R$2500.00"
IMAGEPRODUCT600328,componentes,unknown,3,1729.78,2500.00,2130.59,44.53,"YSH Internal:R$1729.78; YSH B2C:R$2161.99; Estimated:R$2500.00"
IIN00350,componentes,unknown,3,1200.00,1724.99,1435.05,43.75,"Estimated:R$1200.00; YSH Internal:R$1380.16; YSH B2C:R$1724.99"
ODEXODEXINVGROWATT25000W,componentes,unknown,3,9792.51,14016.63,12016.70,43.14,"YSH Internal:R$9792.51; YSH B2C:R$12240.95; N/A:R$14016.63"
IMAGEPRODUCT600304,componentes,unknown,3,2500.00,3561.00,2969.90,42.44,"Estimated:R$2500.00; YSH Internal:R$2848.69; YSH B2C:R$3561.00"
LONGI630WPV2,componentes,unknown,3,843.09,1200.00,1032.36,42.33,"YSH Internal:R$843.09; YSH B2C:R$1054.00; Estimated:R$1200.00"
NEOSOLARINVERTERS26673,componentes,unknown,3,1759.10,2500.00,2152.70,42.12,"YSH Internal:R$1759.10; YSH B2C:R$2199.00; Estimated:R$2500.00"
FOTUSKP04114KWPFIBROCIMENTOKITS,kits,unknown,3,5155.00,7287.95,6091.01,41.38,"Estimated:R$5155.00; YSH Internal:R$5830.09; YSH B2C:R$7287.95"
NEOSOLARCHARGERS26359,componentes,unknown,3,1200.00,1692.95,1415.71,41.08,"Estimated:R$1200.00; YSH Internal:R$1354.17; YSH B2C:R$1692.95"
NEOSOLARINVERTERS26941,componentes,unknown,3,2500.00,3514.99,2942.41,40.60,"Estimated:R$2500.00; YSH Internal:R$2812.25; YSH B2C:R$3514.99"
IMAGEPRODUCT000607,componentes,unknown,3,3209.89,4500.00,3907.29,40.19,"YSH Internal:R$3209.89; YSH B2C:R$4011.99; Estimated:R$4500.00"
NEOSOLARCONTROLLERS20139,componentes,unknown,3,857.64,1200.00,1043.21,39.92,"YSH Internal:R$857.64; YSH B2C:R$1071.99; Estimated:R$1200.00"
GOODWEGW15KLVMTIMAGE,componentes,GOODWE,3,9334.34,13050.00,11350.78,39.81,"YSH Internal:R$9334.34; YSH B2C:R$11668.00; Estimated:R$13050.00"
SKU24676124676117460392268529534,componentes,unknown,3,1789.50,2500.00,2175.50,39.70,"YSH Internal:R$1789.50; YSH B2C:R$2237.00; Estimated:R$2500.00"
IMAGEPRODUCT600358,componentes,unknown,3,1793.26,2500.00,2178.40,39.41,"YSH Internal:R$1793.26; YSH B2C:R$2241.95; Estimated:R$2500.00"
ODEXODEXESTRUTURASOLARGROUPSOLO1,estrutura,unknown,3,2500.00,3484.49,2924.00,39.38,"Estimated:R$2500.00; YSH Internal:R$2787.52; YSH B2C:R$3484.49"
NEOSOLARINVERTERS22023,componentes,unknown,3,2500.00,3465.99,2912.93,38.64,"Estimated:R$2500.00; YSH Internal:R$2772.81; YSH B2C:R$3465.99"
NEOSOLARINVERTERS21640,componentes,unknown,3,2500.00,3465.95,2912.85,38.64,"Estimated:R$2500.00; YSH Internal:R$2772.60; YSH B2C:R$3465.95"
NEOSOLARCONTROLLERS20135,componentes,unknown,3,1200.00,1663.00,1397.77,38.58,"Estimated:R$1200.00; YSH Internal:R$1330.31; YSH B2C:R$1663.00"
NEOSOLARINVERTERS26753,componentes,unknown,3,2500.00,3435.00,2894.28,37.40,"Estimated:R$2500.00; YSH Internal:R$2747.84; YSH B2C:R$3435.00"
NEOSOLARINVERTERS27137,componentes,unknown,3,1829.39,2500.00,2205.45,36.66,"YSH Internal:R$1829.39; YSH B2C:R$2286.95; Estimated:R$2500.00"
289241,componentes,unknown,3,2500.00,3406.49,2877.21,36.26,"Estimated:R$2500.00; YSH Internal:R$2725.15; YSH B2C:R$3406.49"
FOTUSKP04120KWPMINITRILHOKITS,kits,unknown,3,5425.00,7375.95,6233.81,35.96,"Estimated:R$5425.00; YSH Internal:R$5900.48; YSH B2C:R$7375.95"
ODEXODEXESTRUTURASOLARGROUPCOLONIAL,estrutura,unknown,3,1842.41,2500.00,2215.13,35.69,"YSH Internal:R$1842.41; YSH B2C:R$2302.99; Estimated:R$2500.00"
IMAGEPRODUCT600329,componentes,unknown,3,1846.52,2500.00,2218.17,35.39,"YSH Internal:R$1846.52; YSH B2C:R$2307.99; Estimated:R$2500.00"
NEOSOLARINVERTERS27128,componentes,unknown,3,1854.19,2500.00,2224.05,34.83,"YSH Internal:R$1854.19; YSH B2C:R$2317.95; Estimated:R$2500.00"
IIN00271,componentes,unknown,3,1200.00,1608.49,1365.10,34.04,"Estimated:R$1200.00; YSH Internal:R$1286.80; YSH B2C:R$1608.49"
NEOSOLARINVERTERS26816,componentes,unknown,3,2500.00,3338.95,2836.60,33.56,"Estimated:R$2500.00; YSH Internal:R$2670.85; YSH B2C:R$3338.95"
IMAGEPRODUCT600142,componentes,unknown,3,2500.00,3335.95,2834.84,33.44,"Estimated:R$2500.00; YSH Internal:R$2668.56; YSH B2C:R$3335.95"
NEOSOLARKITS26696,kits,unknown,3,1875.59,2500.00,2240.03,33.29,"YSH Internal:R$1875.59; YSH B2C:R$2344.49; Estimated:R$2500.00"
DEYESUN5KGIMAGE,componentes,DEYE,3,5525.00,7349.00,6251.05,33.01,"Estimated:R$5525.00; YSH Internal:R$5879.15; YSH B2C:R$7349.00"
ODEXODEXINVSOLAX5000W,componentes,unknown,3,6500.00,8634.95,7347.54,32.85,"Estimated:R$6500.00; YSH Internal:R$6907.67; YSH B2C:R$8634.95"
NEOSOLARINVERTERS26817,componentes,unknown,3,1886.55,2500.00,2248.18,32.52,"YSH Internal:R$1886.55; YSH B2C:R$2357.99; Estimated:R$2500.00"
299591,componentes,unknown,3,1887.53,2500.00,2249.01,32.45,"YSH Internal:R$1887.53; YSH B2C:R$2359.49; Estimated:R$2500.00"
NEOSOLARKITS25048,kits,unknown,3,2500.00,3309.95,2819.25,32.40,"Estimated:R$2500.00; YSH Internal:R$2647.80; YSH B2C:R$3309.95"
FOTUSKP03284KWPFIBROCIMENTOKITS,kits,unknown,3,9675.02,12805.00,11524.67,32.35,"YSH Internal:R$9675.02; YSH B2C:R$12094.00; Estimated:R$12805.00"
IIN00040,componentes,unknown,3,907.22,1200.00,1080.40,32.27,"YSH Internal:R$907.22; YSH B2C:R$1133.99; Estimated:R$1200.00"
IEF00127,componentes,unknown,3,910.09,1200.00,1082.68,31.86,"YSH Internal:R$910.09; YSH B2C:R$1137.95; Estimated:R$1200.00"
NEOSOLARINVERTERS26783,componentes,unknown,3,1897.00,2500.00,2256.00,31.79,"YSH Internal:R$1897.00; YSH B2C:R$2370.99; Estimated:R$2500.00"
FOTUSKP04120KWPFIBROCIMENTOKITSHIBRIDOS,kits,unknown,3,6510.00,8577.99,7316.85,31.77,"Estimated:R$6510.00; YSH Internal:R$6862.57; YSH B2C:R$8577.99"
NEOSOLARINVERTERS26861,componentes,unknown,3,1898.11,2500.00,2257.02,31.71,"YSH Internal:R$1898.11; YSH B2C:R$2372.95; Estimated:R$2500.00"
NEOSOLARINVERTERS26934,componentes,unknown,3,2500.00,3285.95,2804.80,31.44,"Estimated:R$2500.00; YSH Internal:R$2628.44; YSH B2C:R$3285.95"
IIN00357,componentes,unknown,3,1200.00,1570.99,1342.65,30.92,"Estimated:R$1200.00; YSH Internal:R$1256.96; YSH B2C:R$1570.99"
NEOSOLARINVERTERS20266,componentes,unknown,3,1919.16,2500.00,2272.72,30.27,"YSH Internal:R$1919.16; YSH B2C:R$2399.00; Estimated:R$2500.00"
NEOSOLARCHARGERS20866,componentes,unknown,3,1200.00,1562.99,1337.85,30.25,"Estimated:R$1200.00; YSH Internal:R$1250.55; YSH B2C:R$1562.99"
NEOSOLARINVERTERS20256,componentes,unknown,3,1920.97,2500.00,2273.99,30.14,"YSH Internal:R$1920.97; YSH B2C:R$2400.99; Estimated:R$2500.00"
IIN00193,componentes,unknown,3,923.79,1200.00,1092.91,29.90,"YSH Internal:R$923.79; YSH B2C:R$1154.95; Estimated:R$1200.00"
NEOSOLARINVERTERS26931,componentes,unknown,3,1929.23,2500.00,2280.39,29.59,"YSH Internal:R$1929.23; YSH B2C:R$2411.95; Estimated:R$2500.00"
FOTUSKP03142KWPFIBROCIMENTOKITS,kits,unknown,3,4980.80,6415.00,5873.93,28.79,"YSH Internal:R$4980.80; YSH B2C:R$6225.99; Estimated:R$6415.00"
NEOSOLARINVERTERS20267,componentes,unknown,3,1943.35,2500.00,2290.78,28.64,"YSH Internal:R$1943.35; YSH B2C:R$2428.99; Estimated:R$2500.00"
IMO00135,componentes,unknown,3,933.26,1200.00,1100.07,28.58,"YSH Internal:R$933.26; YSH B2C:R$1166.95; Estimated:R$1200.00"
NEOSOLARCONTROLLERS20056,componentes,unknown,3,1200.00,1539.00,1323.37,28.25,"Estimated:R$1200.00; YSH Internal:R$1231.10; YSH B2C:R$1539.00"
NEOSOLARKITS27266,kits,unknown,3,1955.67,2500.00,2300.21,27.83,"YSH Internal:R$1955.67; YSH B2C:R$2444.95; Estimated:R$2500.00"
GOODWEGW10KMSG40AFCICRSDIMAGEPRODUCT600398,componentes,GOODWE,3,9450.00,12020.00,10361.94,27.20,"Estimated:R$9450.00; YSH Internal:R$9615.83; YSH B2C:R$12020.00"
DEYESUN8KGIMAGE,componentes,DEYE,3,7565.00,9578.49,8268.76,26.62,"Estimated:R$7565.00; YSH Internal:R$7662.80; YSH B2C:R$9578.49"
NEOSOLARCONTROLLERS23072,componentes,unknown,3,950.14,1200.00,1112.70,26.30,"YSH Internal:R$950.14; YSH B2C:R$1187.95; Estimated:R$1200.00"
NEOSOLARKITS24174,kits,unknown,3,2500.00,3150.99,2723.94,26.04,"Estimated:R$2500.00; YSH Internal:R$2520.82; YSH B2C:R$3150.99"
ODEXODEXINVSAJ10000W,componentes,unknown,3,8610.00,10834.99,9371.04,25.84,"Estimated:R$8610.00; YSH Internal:R$8668.12; YSH B2C:R$10834.99"
NEOSOLARCHARGERS24801,componentes,unknown,3,1200.00,1502.99,1301.81,25.25,"Estimated:R$1200.00; YSH Internal:R$1202.45; YSH B2C:R$1502.99"
CAIXA20DE20PASSAGEM,componentes,unknown,3,1120.62,1401.00,1240.54,25.02,"YSH Internal:R$1120.62; Estimated:R$1200.00; YSH B2C:R$1401.00"
304574,componentes,unknown,3,1138.22,1423.00,1253.74,25.02,"YSH Internal:R$1138.22; Estimated:R$1200.00; YSH B2C:R$1423.00"
ENPHASEIQ8P722BRIMAGEPRODUCT600340,componentes,ENPHASE,3,2248.42,2810.95,2508.57,25.02,"YSH Internal:R$2248.42; N/A:R$2466.33; YSH B2C:R$2810.95"
NEOSOLARKITS25156,kits,unknown,3,2158.07,2697.95,2452.01,25.02,"YSH Internal:R$2158.07; Estimated:R$2500.00; YSH B2C:R$2697.95"
NEOSOLARINVERTERS26669,componentes,unknown,3,2078.98,2598.95,2392.64,25.01,"YSH Internal:R$2078.98; Estimated:R$2500.00; YSH B2C:R$2598.95"
NEOSOLARKITS25130,kits,unknown,3,2472.66,3091.00,2687.89,25.01,"YSH Internal:R$2472.66; Estimated:R$2500.00; YSH B2C:R$3091.00"
ODEXODEXINVDEYE6000W,componentes,unknown,3,5527.67,6909.95,6214.21,25.01,"YSH Internal:R$5527.67; Estimated:R$6205.00; YSH B2C:R$6909.95"
NEOSOLARINVERTERS27146,componentes,unknown,3,2483.87,3105.00,2696.29,25.01,"YSH Internal:R$2483.87; Estimated:R$2500.00; YSH B2C:R$3105.00"
IIN00307,componentes,unknown,3,1013.55,1267.00,1160.18,25.01,"YSH Internal:R$1013.55; Estimated:R$1200.00; YSH B2C:R$1267.00"
NEOSOLARINVERTERS22024,componentes,unknown,3,2157.50,2697.00,2451.50,25.01,"YSH Internal:R$2157.50; Estimated:R$2500.00; YSH B2C:R$2697.00"
NEOSOLARCHARGERS26900,componentes,unknown,3,1098.35,1373.00,1223.78,25.01,"YSH Internal:R$1098.35; Estimated:R$1200.00; YSH B2C:R$1373.00"
FOTUSKP03142KWPMINITRILHOKITS,kits,unknown,3,5952.54,7440.95,6602.83,25.00,"YSH Internal:R$5952.54; Estimated:R$6415.00; YSH B2C:R$7440.95"
ODEXODEXESTRUTURASOLARGROUPFIBROCIMENTO,estrutura,unknown,3,2437.51,3047.00,2661.50,25.00,"YSH Internal:R$2437.51; Estimated:R$2500.00; YSH B2C:R$3047.00"
NEOSOLARKITS27299,kits,unknown,3,2082.34,2603.00,2395.11,25.00,"YSH Internal:R$2082.34; Estimated:R$2500.00; YSH B2C:R$2603.00"
NEOSOLARINVERTERS25050,componentes,unknown,3,2060.76,2576.00,2378.92,25.00,"YSH Internal:R$2060.76; Estimated:R$2500.00; YSH B2C:R$2576.00"
GOODWEGW12KLVMTIMAGE,componentes,GOODWE,3,9085.39,11356.95,10444.11,25.00,"YSH Internal:R$9085.39; Estimated:R$10890.00; YSH B2C:R$11356.95"
GOODWEGW10KMSG40AFCIIMAGEPRODUCT600463,componentes,GOODWE,3,8199.10,10249.00,9299.37,25.00,"YSH Internal:R$8199.10; Estimated:R$9450.00; YSH B2C:R$10249.00"
ODEXODEXINVCHINT8000W,componentes,unknown,3,8000.71,10001.00,8967.24,25.00,"YSH Internal:R$8000.71; Estimated:R$8900.00; YSH B2C:R$10001.00"
FOTUSKP04240KWPCERAMICOKITS,kits,unknown,3,9035.94,11295.00,10385.31,25.00,"YSH Internal:R$9035.94; Estimated:R$10825.00; YSH B2C:R$11295.00"
NEOSOLARKITS27270,kits,unknown,3,2077.60,2596.99,2391.53,25.00,"YSH Internal:R$2077.60; Estimated:R$2500.00; YSH B2C:R$2596.99"
ODEXODEXINVSOLAX10000W,componentes,unknown,3,8866.45,11082.99,10149.81,25.00,"YSH Internal:R$8866.45; Estimated:R$10500.00; YSH B2C:R$11082.99"
NEOSOLARINVERTERS26657,componentes,unknown,3,2402.41,3002.99,2635.13,25.00,"YSH Internal:R$2402.41; Estimated:R$2500.00; YSH B2C:R$3002.99"
ODEXODEXINVSAJ5000W,componentes,unknown,3,4277.64,5346.99,4984.88,25.00,"YSH Internal:R$4277.64; Estimated:R$5330.00; YSH B2C:R$5346.99"
ODEXODEXINVDEYE5000W,componentes,unknown,3,4805.75,6006.99,5445.91,25.00,"YSH Internal:R$4805.75; Estimated:R$5525.00; YSH B2C:R$6006.99"
GOODWEGW10KMS3020AAFCIIMAGE,componentes,GOODWE,3,8453.90,10566.99,9490.30,25.00,"YSH Internal:R$8453.90; Estimated:R$9450.00; YSH B2C:R$10566.99"
NEOSOLARINVERTERS21633,componentes,unknown,3,2059.29,2573.99,2377.76,24.99,"YSH Internal:R$2059.29; Estimated:R$2500.00; YSH B2C:R$2573.99"
NEOSOLARKITS25129,kits,unknown,3,2032.90,2540.99,2357.96,24.99,"YSH Internal:R$2032.90; Estimated:R$2500.00; YSH B2C:R$2540.99"
NEOSOLARINVERTERS20249,componentes,unknown,3,2063.31,2578.99,2380.77,24.99,"YSH Internal:R$2063.31; Estimated:R$2500.00; YSH B2C:R$2578.99"
IMAGEPRODUCT600314,componentes,unknown,3,2400.93,3000.99,2633.97,24.99,"YSH Internal:R$2400.93; Estimated:R$2500.00; YSH B2C:R$3000.99"
IMAGEPRODUCT600268,componentes,unknown,3,2497.11,3120.99,2706.03,24.98,"YSH Internal:R$2497.11; Estimated:R$2500.00; YSH B2C:R$3120.99"
222133,componentes,unknown,3,2062.68,2577.99,2380.22,24.98,"YSH Internal:R$2062.68; Estimated:R$2500.00; YSH B2C:R$2577.99"
NEOSOLARCONTROLLERS23071,componentes,unknown,3,1048.14,1309.99,1186.04,24.98,"YSH Internal:R$1048.14; Estimated:R$1200.00; YSH B2C:R$1309.99"
IIN00021,componentes,unknown,3,974.53,1217.99,1130.84,24.98,"YSH Internal:R$974.53; Estimated:R$1200.00; YSH B2C:R$1217.99"
NEOSOLARCHARGERS20868,componentes,unknown,3,1024.94,1280.99,1168.64,24.98,"YSH Internal:R$1024.94; Estimated:R$1200.00; YSH B2C:R$1280.99"
SKU12033612033617544835341752786,componentes,unknown,3,687.30,858.99,798.76,24.98,"YSH Internal:R$687.30; Estimated:R$850.00; YSH B2C:R$858.99"
NEOSOLARCHARGERS26902,componentes,unknown,3,1066.71,1332.99,1199.90,24.96,"YSH Internal:R$1066.71; Estimated:R$1200.00; YSH B2C:R$1332.99"
IMAGEPRODUCT052118,componentes,unknown,3,156.91,195.99,177.63,24.91,"YSH Internal:R$156.91; Estimated:R$180.00; YSH B2C:R$195.99"
NEOSOLARCABLES20077,componentes,unknown,3,151.31,188.99,173.43,24.90,"YSH Internal:R$151.31; Estimated:R$180.00; YSH B2C:R$188.99"