SKU,Categoria,Custo,Preco_Final,Markup_Base_%,Ajuste_%,Markup_Final_%,Margem_Bruta_%,Margem_Liquida_%,Cenario,Canal,Desconto_Canal,Charm_Pricing,Confianca,Ajuste_Tempo,Ajuste_Estoque,Ajuste_Competicao,Ajuste_Segmento,Ajuste_Urgencia,Total_Ajustes
FOTUSKP021704KWPCERAMICOKITS,kits,5324.30,6654.99,28,-3,25,20,11,neutro,b2c,0,Sim,high,0,0,0,0,0,0
FOTUSKP021704KWPFIBROCIMENTOKITS,kits,4228.69,5286.00,28,-3,25,20,11,neutro,b2c,0,Sim,high,0,0,0,0,0,0
FOTUSKP021704KWPMINITRILHOKITS,kits,9050.68,11312.99,28,-3,25,20,11,neutro,b2c,0,Sim,high,0,0,0,0,0,0
FOTUSKP041596KWPCERAMICOKITS,kits,3502.15,4377.95,28,-3,25,20,11,neutro,b2c,0,Sim,high,0,0,0,0,0,0
FOTUSKP041596KWPFIBROCIMENTOKITS,kits,6116.83,7645.99,28,-3,25,20,11,neutro,b2c,0,Sim,high,0,0,0,0,0,0
FOTUSKP041596KWPMINITRILHOKITS,kits,2812.79,3516.00,28,-3,25,20,11,neutro,b2c,0,Sim,high,0,0,0,0,0,0
FOTUSKP041482KWPCERAMICOKITS,kits,4065.52,5082.00,28,-3,25,20,11,neutro,b2c,0,Sim,high,0,0,0,0,0,0
FOTUSKP041482KWPFIBROCIMENTOKITS,kits,801.68,1001.99,28,-3,25,20,11,neutro,b2c,0,Sim,high,0,0,0,0,0,0
FOTUSKP041482KWPMINITRILHOKITS,kits,7798.83,9748.95,28,-3,25,20,11,neutro,b2c,0,Sim,high,0,0,0,0,0,0
FOTUSKP041368KWPCERAMICOKITS,kits,9933.10,12415.99,28,-3,25,20,11,neutro,b2c,0,Sim,high,0,0,0,0,0,0
FOTUSKP041368KWPFIBROCIMENTOKITS,kits,3646.55,4557.99,28,-3,25,20,11,neutro,b2c,0,Sim,high,0,0,0,0,0,0
FOTUSKP041368KWPMINITRILHOKITS,kits,1556.57,1945.95,28,-3,25,20,11,neutro,b2c,0,Sim,high,0,0,0,0,0,0
FOTUSKP041311KWPCERAMICOKITS,kits,7185.02,8980.99,28,-3,25,20,11,neutro,b2c,0,Sim,high,0,0,0,0,0,0
FOTUSKP041311KWPFIBROCIMENTOKITS,kits,3168.92,3960.99,28,-3,25,20,11,neutro,b2c,0,Sim,high,0,0,0,0,0,0
FOTUSKP041311KWPMINITRILHOKITS,kits,4131.40,5163.99,28,-3,25,20,11,neutro,b2c,0,Sim,high,0,0,0,0,0,0
FOTUSKP021278KWPCERAMICOKITS,kits,3215.92,4020.00,28,-3,25,20,11,neutro,b2c,0,Sim,high,0,0,0,0,0,0
FOTUSKP021278KWPFIBROCIMENTOKITS,kits,527.11,659.00,28,-3,25,20,11,neutro,b2c,0,Sim,high,0,0,0,0,0,0
FOTUSKP021278KWPMINITRILHOKITS,kits,7014.59,8767.99,28,-3,25,20,11,neutro,b2c,0,Sim,high,0,0,0,0,0,0
FOTUSKP041254KWPCERAMICOKITS,kits,4415.87,5520.00,28,-3,25,20,11,neutro,b2c,0,Sim,high,0,0,0,0,0,0
FOTUSKP041254KWPFIBROCIMENTOKITS,kits,6679.79,8349.95,28,-3,25,20,11,neutro,b2c,0,Sim,high,0,0,0,0,0,0
FOTUSKP041254KWPMINITRILHOKITS,kits,9087.78,11359.95,28,-3,25,20,11,neutro,b2c,0,Sim,high,0,0,0,0,0,0
FOTUSKP04960KWPCERAMICOKITSHIBRIDOS,kits,3146.90,3933.95,28,-3,25,20,11,neutro,b2c,0,Sim,high,0,0,0,0,0,0
FOTUSKP04960KWPFIBROCIMENTOKITSHIBRIDOS,kits,5678.11,7097.95,28,-3,25,20,11,neutro,b2c,0,Sim,high,0,0,0,0,0,0
FOTUSKP04960KWPMINITRILHOKITSHIBRIDOS,kits,5670.18,7087.95,28,-3,25,20,11,neutro,b2c,0,Sim,high,0,0,0,0,0,0
FOTUSKP021136KWPCERAMICOKITS,kits,8312.57,10390.95,28,-3,25,20,11,neutro,b2c,0,Sim,high,0,0,0,0,0,0
FOTUSKP021136KWPFIBROCIMENTOKITS,kits,8397.04,10495.99,28,-3,25,20,11,neutro,b2c,0,Sim,high,0,0,0,0,0,0
FOTUSKP021136KWPMINITRILHOKITS,kits,6058.32,7573.00,28,-3,25,20,11,neutro,b2c,0,Sim,high,0,0,0,0,0,0
FOTUSKP031136KWPCERAMICOKITS,kits,7451.77,9314.95,28,-3,25,20,11,neutro,b2c,0,Sim,high,0,0,0,0,0,0
FOTUSKP031136KWPFIBROCIMENTOKITS,kits,4110.79,5138.49,28,-3,25,20,11,neutro,b2c,0,Não,high,0,0,0,0,0,0
FOTUSKP031136KWPMINITRILHOKITS,kits,9238.31,11548.00,28,-3,25,20,11,neutro,b2c,0,Sim,high,0,0,0,0,0,0
FOTUSKP021065KWPCERAMICOKITS,kits,9035.33,11293.99,28,-3,25,20,11,neutro,b2c,0,Sim,high,0,0,0,0,0,0
FOTUSKP021065KWPFIBROCIMENTOKITS,kits,697.41,872.00,28,-3,25,20,11,neutro,b2c,0,Sim,high,0,0,0,0,0,0
FOTUSKP021065KWPMINITRILHOKITS,kits,6557.72,8196.99,28,-3,25,20,11,neutro,b2c,0,Sim,high,0,0,0,0,0,0
FOTUSKP041026KWPCERAMICOKITS,kits,4575.44,5718.99,28,-3,25,20,11,neutro,b2c,0,Sim,high,0,0,0,0,0,0
FOTUSKP041026KWPFIBROCIMENTOKITS,kits,783.78,979.95,28,-3,25,20,11,neutro,b2c,0,Sim,high,0,0,0,0,0,0
FOTUSKP041026KWPMINITRILHOKITS,kits,168.47,210.95,28,-3,25,20,11,neutro,b2c,0,Sim,high,0,0,0,0,0,0
FOTUSKP04840KWPCERAMICOKITSHIBRIDOS,kits,8164.95,10205.99,28,-3,25,20,11,neutro,b2c,0,Sim,high,0,0,0,0,0,0
FOTUSKP04840KWPFIBROCIMENTOKITSHIBRIDOS,kits,9355.07,11694.00,28,-3,25,20,11,neutro,b2c,0,Sim,high,0,0,0,0,0,0
FOTUSKP04840KWPMINITRILHOKITSHIBRIDOS,kits,6167.10,7709.00,28,-3,25,20,11,neutro,b2c,0,Sim,high,0,0,0,0,0,0
FOTUSKP02994KWPCERAMICOKITS,kits,3620.00,4525.00,28,-3,25,20,11,neutro,b2c,0,Sim,high,0,0,0,0,0,0
FOTUSKP02994KWPFIBROCIMENTOKITS,kits,9449.34,11811.95,28,-3,25,20,11,neutro,b2c,0,Sim,high,0,0,0,0,0,0
FOTUSKP02994KWPMINITRILHOKITS,kits,2119.35,2648.99,28,-3,25,20,11,neutro,b2c,0,Sim,high,0,0,0,0,0,0
FOTUSKP03994KWPCERAMICOKITS,kits,4585.42,5732.00,28,-3,25,20,11,neutro,b2c,0,Sim,high,0,0,0,0,0,0
FOTUSKP03994KWPFIBROCIMENTOKITS,kits,3669.57,4587.00,28,-3,25,20,11,neutro,b2c,0,Sim,high,0,0,0,0,0,0
FOTUSKP03994KWPMINITRILHOKITS,kits,2040.76,2551.00,28,-3,25,20,11,neutro,b2c,0,Sim,high,0,0,0,0,0,0
FOTUSKP04969KWPCERAMICOKITS,kits,9439.98,11800.00,28,-3,25,20,11,neutro,b2c,0,Sim,high,0,0,0,0,0,0
FOTUSKP04969KWPFIBROCIMENTOKITS,kits,7529.24,9411.95,28,-3,25,20,11,neutro,b2c,0,Sim,high,0,0,0,0,0,0
FOTUSKP04969KWPMINITRILHOKITS,kits,6272.47,7840.95,28,-3,25,20,11,neutro,b2c,0,Sim,high,0,0,0,0,0,0
FOTUSKP02960KWPCERAMICOKITS,kits,4485.84,5606.99,28,-3,25,20,11,neutro,b2c,0,Sim,high,0,0,0,0,0,0
FOTUSKP02960KWPFIBROCIMENTOKITS,kits,3078.14,3847.95,28,-3,25,20,11,neutro,b2c,0,Sim,high,0,0,0,0,0,0
FOTUSKP02960KWPMINITRILHOKITS,kits,1520.59,1900.95,28,-3,25,20,11,neutro,b2c,0,Sim,high,0,0,0,0,0,0
FOTUSKP04960KWPCERAMICOKITS,kits,6502.38,8128.00,28,-3,25,20,11,neutro,b2c,0,Sim,high,0,0,0,0,0,0
FOTUSKP04960KWPFIBROCIMENTOKITS,kits,3904.94,4880.99,28,-3,25,20,11,neutro,b2c,0,Sim,high,0,0,0,0,0,0
FOTUSKP04960KWPMINITRILHOKITS,kits,4361.74,5451.99,28,-3,25,20,11,neutro,b2c,0,Sim,high,0,0,0,0,0,0
FOTUSKP04912KWPCERAMICOKITS,kits,1374.81,1718.95,28,-3,25,20,11,neutro,b2c,0,Sim,high,0,0,0,0,0,0
FOTUSKP04912KWPFIBROCIMENTOKITS,kits,8700.27,10874.99,28,-3,25,20,11,neutro,b2c,0,Sim,high,0,0,0,0,0,0
FOTUSKP04912KWPMINITRILHOKITS,kits,5830.37,7288.00,28,-3,25,20,11,neutro,b2c,0,Sim,high,0,0,0,0,0,0
FOTUSKP04720KWPCERAMICOKITSHIBRIDOS,kits,6522.43,8152.99,28,-3,25,20,11,neutro,b2c,0,Sim,high,0,0,0,0,0,0
FOTUSKP04720KWPFIBROCIMENTOKITSHIBRIDOS,kits,1301.63,1626.99,28,-3,25,20,11,neutro,b2c,0,Sim,high,0,0,0,0,0,0
FOTUSKP04720KWPMINITRILHOKITSHIBRIDOS,kits,1439.19,1799.00,28,-3,25,20,11,neutro,b2c,0,Sim,high,0,0,0,0,0,0
FOTUSKP04855KWPCERAMICOKITS,kits,5797.56,7247.00,28,-3,25,20,11,neutro,b2c,0,Sim,high,0,0,0,0,0,0
FOTUSKP04855KWPFIBROCIMENTOKITS,kits,1152.63,1441.00,28,-3,25,20,11,neutro,b2c,0,Sim,high,0,0,0,0,0,0
FOTUSKP04855KWPMINITRILHOKITS,kits,4396.61,5496.00,28,-3,25,20,11,neutro,b2c,0,Sim,high,0,0,0,0,0,0
FOTUSKP02852KWPCERAMICOKITS,kits,2649.39,3311.95,28,-3,25,20,11,neutro,b2c,0,Sim,high,0,0,0,0,0,0
FOTUSKP02852KWPFIBROCIMENTOKITS,kits,7237.74,9046.99,28,-3,25,20,11,neutro,b2c,0,Sim,high,0,0,0,0,0,0
FOTUSKP02852KWPMINITRILHOKITS,kits,7316.29,9144.99,28,-3,25,20,11,neutro,b2c,0,Sim,high,0,0,0,0,0,0
FOTUSKP03852KWPCERAMICOKITS,kits,7968.32,9959.99,28,-3,25,20,11,neutro,b2c,0,Sim,high,0,0,0,0,0,0
FOTUSKP03852KWPFIBROCIMENTOKITS,kits,7421.79,9276.99,28,-3,25,20,11,neutro,b2c,0,Sim,high,0,0,0,0,0,0
FOTUSKP03852KWPMINITRILHOKITS,kits,8240.45,10300.95,28,-3,25,20,11,neutro,b2c,0,Sim,high,0,0,0,0,0,0
FOTUSKP02840KWPCERAMICOKITS,kits,9946.99,12433.95,28,-3,25,20,11,neutro,b2c,0,Sim,high,0,0,0,0,0,0
FOTUSKP02840KWPFIBROCIMENTOKITS,kits,7923.88,9905.00,28,-3,25,20,11,neutro,b2c,0,Sim,high,0,0,0,0,0,0
FOTUSKP02840KWPMINITRILHOKITS,kits,2034.16,2542.95,28,-3,25,20,11,neutro,b2c,0,Sim,high,0,0,0,0,0,0
FOTUSKP04840KWPCERAMICOKITS,kits,1632.51,2040.95,28,-3,25,20,11,neutro,b2c,0,Sim,high,0,0,0,0,0,0
FOTUSKP04840KWPFIBROCIMENTOKITS,kits,5771.99,7215.00,28,-3,25,20,11,neutro,b2c,0,Sim,high,0,0,0,0,0,0
FOTUSKP04840KWPMINITRILHOKITS,kits,7914.94,9893.95,28,-3,25,20,11,neutro,b2c,0,Sim,high,0,0,0,0,0,0
FOTUSKP04798KWPCERAMICOKITS,kits,5345.80,6681.99,28,-3,25,20,11,neutro,b2c,0,Sim,high,0,0,0,0,0,0
FOTUSKP04798KWPFIBROCIMENTOKITS,kits,2010.73,2513.49,28,-3,25,20,11,neutro,b2c,0,Sim,high,0,0,0,0,0,0
FOTUSKP04798KWPMINITRILHOKITS,kits,120.22,149.99,28,-3,25,20,11,neutro,b2c,0,Sim,high,0,0,0,0,0,0
FOTUSKP04600KWPCERAMICOKITSHIBRIDOS,kits,10070.55,12587.99,28,-3,25,20,11,neutro,b2c,0,Sim,high,0,0,0,0,0,0
FOTUSKP04600KWPFIBROCIMENTOKITSHIBRIDOS,kits,3197.84,3996.99,28,-3,25,20,11,neutro,b2c,0,Sim,high,0,0,0,0,0,0
FOTUSKP04600KWPMINITRILHOKITSHIBRIDOS,kits,4552.41,5690.95,28,-3,25,20,11,neutro,b2c,0,Sim,high,0,0,0,0,0,0
FOTUSKP02720KWPCERAMICOKITS,kits,6467.56,8084.49,28,-3,25,20,11,neutro,b2c,0,Sim,high,0,0,0,0,0,0
FOTUSKP02720KWPFIBROCIMENTOKITS,kits,8242.96,10303.95,28,-3,25,20,11,neutro,b2c,0,Sim,high,0,0,0,0,0,0
FOTUSKP02720KWPMINITRILHOKITS,kits,7716.60,9646.00,28,-3,25,20,11,neutro,b2c,0,Sim,high,0,0,0,0,0,0
FOTUSKP04720KWPCERAMICOKITS,kits,6322.65,7902.99,28,-3,25,20,11,neutro,b2c,0,Sim,high,0,0,0,0,0,0
FOTUSKP04720KWPFIBROCIMENTOKITS,kits,1366.25,1708.00,28,-3,25,20,11,neutro,b2c,0,Sim,high,0,0,0,0,0,0
FOTUSKP04720KWPMINITRILHOKITS,kits,6142.01,7677.95,28,-3,25,20,11,neutro,b2c,0,Sim,high,0,0,0,0,0,0
FOTUSKP02710KWPCERAMICOKITS,kits,5714.15,7142.95,28,-3,25,20,11,neutro,b2c,0,Sim,high,0,0,0,0,0,0
FOTUSKP02710KWPFIBROCIMENTOKITS,kits,2745.22,3431.95,28,-3,25,20,11,neutro,b2c,0,Sim,high,0,0,0,0,0,0
FOTUSKP02710KWPMINITRILHOKITS,kits,5422.58,6777.99,28,-3,25,20,11,neutro,b2c,0,Sim,high,0,0,0,0,0,0
FOTUSKP03710KWPCERAMICOKITS,kits,6639.65,8299.95,28,-3,25,20,11,neutro,b2c,0,Sim,high,0,0,0,0,0,0
FOTUSKP03710KWPFIBROCIMENTOKITS,kits,366.40,457.99,28,-3,25,20,11,neutro,b2c,0,Sim,high,0,0,0,0,0,0
FOTUSKP03710KWPMINITRILHOKITS,kits,3448.63,4311.00,28,-3,25,20,11,neutro,b2c,0,Sim,high,0,0,0,0,0,0
FOTUSKP04684KWPCERAMICOKITS,kits,7228.25,9034.99,28,-3,25,20,11,neutro,b2c,0,Sim,high,0,0,0,0,0,0
FOTUSKP04684KWPFIBROCIMENTOKITS,kits,598.11,747.95,28,-3,25,20,11,neutro,b2c,0,Sim,high,0,0,0,0,0,0
FOTUSKP04684KWPMINITRILHOKITS,kits,5463.97,6830.00,28,-3,25,20,11,neutro,b2c,0,Sim,high,0,0,0,0,0,0
FOTUSKP02600KWPCERAMICOKITS,kits,7721.83,9651.99,28,-3,25,20,11,neutro,b2c,0,Sim,high,0,0,0,0,0,0
FOTUSKP02600KWPFIBROCIMENTOKITS,kits,9692.89,12115.99,28,-3,25,20,11,neutro,b2c,0,Sim,high,0,0,0,0,0,0
FOTUSKP02600KWPMINITRILHOKITS,kits,5561.64,6951.99,28,-3,25,20,11,neutro,b2c,0,Sim,high,0,0,0,0,0,0
FOTUSKP04600KWPCERAMICOKITS,kits,1613.72,2016.99,28,-3,25,20,11,neutro,b2c,0,Sim,high,0,0,0,0,0,0
FOTUSKP04600KWPFIBROCIMENTOKITS,kits,8523.14,10654.00,28,-3,25,20,11,neutro,b2c,0,Sim,high,0,0,0,0,0,0
FOTUSKP04600KWPMINITRILHOKITS,kits,984.19,1229.99,28,-3,25,20,11,neutro,b2c,0,Sim,high,0,0,0,0,0,0
FOTUSKP04480KWPCERAMICOKITSHIBRIDOS,kits,5152.75,6441.00,28,-3,25,20,11,neutro,b2c,0,Sim,high,0,0,0,0,0,0
FOTUSKP04480KWPFIBROCIMENTOKITSHIBRIDOS,kits,8519.90,10650.00,28,-3,25,20,11,neutro,b2c,0,Sim,high,0,0,0,0,0,0
FOTUSKP04480KWPMINITRILHOKITSHIBRIDOS,kits,1468.01,1834.99,28,-3,25,20,11,neutro,b2c,0,Sim,high,0,0,0,0,0,0
FOTUSKP04570KWPCERAMICOKITS,kits,873.19,1091.49,28,-3,25,20,11,neutro,b2c,0,Não,high,0,0,0,0,0,0
FOTUSKP04570KWPFIBROCIMENTOKITS,kits,3710.74,4638.49,28,-3,25,20,11,neutro,b2c,0,Sim,high,0,0,0,0,0,0
FOTUSKP04570KWPMINITRILHOKITS,kits,1967.56,2459.49,28,-3,25,20,11,neutro,b2c,0,Sim,high,0,0,0,0,0,0
FOTUSKP02568KWPCERAMICOKITS,kits,2227.85,2785.00,28,-3,25,20,11,neutro,b2c,0,Sim,high,0,0,0,0,0,0
FOTUSKP02568KWPFIBROCIMENTOKITS,kits,451.20,563.99,28,-3,25,20,11,neutro,b2c,0,Sim,high,0,0,0,0,0,0
FOTUSKP02568KWPMINITRILHOKITS,kits,4896.28,6119.99,28,-3,25,20,11,neutro,b2c,0,Sim,high,0,0,0,0,0,0
FOTUSKP03568KWPCERAMICOKITS,kits,8958.37,11198.00,28,-3,25,20,11,neutro,b2c,0,Sim,high,0,0,0,0,0,0
FOTUSKP03568KWPFIBROCIMENTOKITS,kits,9103.98,11380.00,28,-3,25,20,11,neutro,b2c,0,Sim,high,0,0,0,0,0,0
FOTUSKP03568KWPMINITRILHOKITS,kits,4704.77,5881.00,28,-3,25,20,11,neutro,b2c,0,Sim,high,0,0,0,0,0,0
FOTUSKP04513KWPCERAMICOKITS,kits,4822.37,6028.00,28,-3,25,20,11,neutro,b2c,0,Sim,high,0,0,0,0,0,0
FOTUSKP04513KWPFIBROCIMENTOKITS,kits,7548.55,9435.95,28,-3,25,20,11,neutro,b2c,0,Sim,high,0,0,0,0,0,0
FOTUSKP04513KWPMINITRILHOKITS,kits,5308.16,6634.99,28,-3,25,20,11,neutro,b2c,0,Sim,high,0,0,0,0,0,0
FOTUSKP02480KWPCERAMICOKITS,kits,6269.93,7837.49,28,-3,25,20,11,neutro,b2c,0,Sim,high,0,0,0,0,0,0
FOTUSKP02480KWPFIBROCIMENTOKITS,kits,9411.12,11764.00,28,-3,25,20,11,neutro,b2c,0,Sim,high,0,0,0,0,0,0
FOTUSKP02480KWPMINITRILHOKITS,kits,4523.29,5653.99,28,-3,25,20,11,neutro,b2c,0,Sim,high,0,0,0,0,0,0
FOTUSKP04480KWPFIBROCIMENTOKITS,kits,9682.68,12102.99,28,-3,25,20,11,neutro,b2c,0,Sim,high,0,0,0,0,0,0
FOTUSKP04480KWPMINITRILHOKITS,kits,4792.90,5990.99,28,-3,25,20,11,neutro,b2c,0,Sim,high,0,0,0,0,0,0
FOTUSKP04456KWPCERAMICOKITS,kits,4608.41,5760.95,28,-3,25,20,11,neutro,b2c,0,Sim,high,0,0,0,0,0,0
FOTUSKP04456KWPFIBROCIMENTOKITS,kits,1232.47,1540.95,28,-3,25,20,11,neutro,b2c,0,Sim,high,0,0,0,0,0,0
FOTUSKP04456KWPMINITRILHOKITS,kits,7619.24,9523.99,28,-3,25,20,11,neutro,b2c,0,Sim,high,0,0,0,0,0,0
FOTUSKP04360KWPCERAMICOKITSHIBRIDOS,kits,5422.62,6777.99,28,-3,25,20,11,neutro,b2c,0,Sim,high,0,0,0,0,0,0
FOTUSKP04360KWPFIBROCIMENTOKITSHIBRIDOS,kits,3724.58,4655.95,28,-3,25,20,11,neutro,b2c,0,Sim,high,0,0,0,0,0,0
FOTUSKP04360KWPMINITRILHOKITSHIBRIDOS,kits,9586.41,11982.99,28,-3,25,20,11,neutro,b2c,0,Sim,high,0,0,0,0,0,0
FOTUSKP02426KWPCERAMICOKITS,kits,9053.65,11316.99,28,-3,25,20,11,neutro,b2c,0,Sim,high,0,0,0,0,0,0
FOTUSKP02426KWPFIBROCIMENTOKITS,kits,921.31,1151.95,28,-3,25,20,11,neutro,b2c,0,Sim,high,0,0,0,0,0,0
FOTUSKP02426KWPMINITRILHOKITS,kits,1686.81,2108.95,28,-3,25,20,11,neutro,b2c,0,Sim,high,0,0,0,0,0,0
FOTUSKP03426KWPCERAMICOKITS,kits,7923.56,9904.49,28,-3,25,20,11,neutro,b2c,0,Sim,high,0,0,0,0,0,0
FOTUSKP03426KWPFIBROCIMENTOKITS,kits,8923.60,11154.49,28,-3,25,20,11,neutro,b2c,0,Sim,high,0,0,0,0,0,0
FOTUSKP03426KWPMINITRILHOKITS,kits,1552.41,1940.95,28,-3,25,20,11,neutro,b2c,0,Sim,high,0,0,0,0,0,0
FOTUSKP04399KWPCERAMICOKITS,kits,2003.47,2503.99,28,-3,25,20,11,neutro,b2c,0,Sim,high,0,0,0,0,0,0
FOTUSKP04399KWPFIBROCIMENTOKITS,kits,9109.49,11387.00,28,-3,25,20,11,neutro,b2c,0,Sim,high,0,0,0,0,0,0
FOTUSKP04399KWPMINITRILHOKITS,kits,2045.92,2557.49,28,-3,25,20,11,neutro,b2c,0,Sim,high,0,0,0,0,0,0
FOTUSKP02360KWPFIBROCIMENTOKITS,kits,6560.85,8200.99,28,-3,25,20,11,neutro,b2c,0,Sim,high,0,0,0,0,0,0
FOTUSKP02360KWPMINITRILHOKITS,kits,7346.81,9183.95,28,-3,25,20,11,neutro,b2c,0,Sim,high,0,0,0,0,0,0
FOTUSKP04360KWPCERAMICOKITS,kits,6610.02,8262.95,28,-3,25,20,11,neutro,b2c,0,Sim,high,0,0,0,0,0,0
FOTUSKP04360KWPFIBROCIMENTOKITS,kits,5499.36,6873.99,28,-3,25,20,11,neutro,b2c,0,Sim,high,0,0,0,0,0,0
FOTUSKP04360KWPMINITRILHOKITS,kits,8870.32,11088.00,28,-3,25,20,11,neutro,b2c,0,Sim,high,0,0,0,0,0,0
FOTUSKP04342KWPCERAMICOKITS,kits,8357.00,10445.99,28,-3,25,20,11,neutro,b2c,0,Sim,high,0,0,0,0,0,0
FOTUSKP04342KWPFIBROCIMENTOKITS,kits,9964.08,12454.99,28,-3,25,20,11,neutro,b2c,0,Sim,high,0,0,0,0,0,0
FOTUSKP04342KWPMINITRILHOKITS,kits,9018.88,11273.95,28,-3,25,20,11,neutro,b2c,0,Sim,high,0,0,0,0,0,0
FOTUSKP04240KWPCERAMICOKITSHIBRIDOS,kits,1616.43,2020.95,28,-3,25,20,11,neutro,b2c,0,Sim,high,0,0,0,0,0,0
FOTUSKP04240KWPFIBROCIMENTOKITSHIBRIDOS,kits,8119.07,10149.00,28,-3,25,20,11,neutro,b2c,0,Sim,high,0,0,0,0,0,0
FOTUSKP04240KWPMINITRILHOKITSHIBRIDOS,kits,8018.38,10023.00,28,-3,25,20,11,neutro,b2c,0,Sim,high,0,0,0,0,0,0
FOTUSKP02284KWPCERAMICOKITS,kits,2149.15,2686.49,28,-3,25,20,11,neutro,b2c,0,Sim,high,0,0,0,0,0,0
FOTUSKP02284KWPFIBROCIMENTOKITS,kits,8197.27,10246.95,28,-3,25,20,11,neutro,b2c,0,Sim,high,0,0,0,0,0,0
FOTUSKP02284KWPMINITRILHOKITS,kits,3006.60,3757.99,28,-3,25,20,11,neutro,b2c,0,Sim,high,0,0,0,0,0,0
FOTUSKP03284KWPCERAMICOKITS,kits,3080.28,3849.99,28,-3,25,20,11,neutro,b2c,0,Sim,high,0,0,0,0,0,0
FOTUSKP03284KWPFIBROCIMENTOKITS,kits,9675.02,12094.00,28,-3,25,20,11,neutro,b2c,0,Sim,high,0,0,0,0,0,0
FOTUSKP03284KWPMINITRILHOKITS,kits,7315.75,9144.95,28,-3,25,20,11,neutro,b2c,0,Sim,high,0,0,0,0,0,0
FOTUSKP02240KWPCERAMICOKITS,kits,4777.22,5971.95,28,-3,25,20,11,neutro,b2c,0,Sim,high,0,0,0,0,0,0
FOTUSKP04240KWPCERAMICOKITS,kits,9035.94,11295.00,28,-3,25,20,11,neutro,b2c,0,Sim,high,0,0,0,0,0,0
FOTUSKP04240KWPFIBROCIMENTOKITS,kits,3616.31,4519.99,28,-3,25,20,11,neutro,b2c,0,Sim,high,0,0,0,0,0,0
FOTUSKP04240KWPMINITRILHOKITS,kits,1426.59,1782.99,28,-3,25,20,11,neutro,b2c,0,Sim,high,0,0,0,0,0,0
FOTUSKP04228KWPCERAMICOKITS,kits,3308.79,4136.00,28,-3,25,20,11,neutro,b2c,0,Sim,high,0,0,0,0,0,0
FOTUSKP04228KWPFIBROCIMENTOKITS,kits,3587.93,4485.00,28,-3,25,20,11,neutro,b2c,0,Sim,high,0,0,0,0,0,0
FOTUSKP04228KWPMINITRILHOKITS,kits,4647.28,5808.99,28,-3,25,20,11,neutro,b2c,0,Sim,high,0,0,0,0,0,0
FOTUSKP04120KWPCERAMICOKITSHIBRIDOS,kits,4373.31,5466.95,28,-3,25,20,11,neutro,b2c,0,Sim,high,0,0,0,0,0,0
FOTUSKP04120KWPFIBROCIMENTOKITSHIBRIDOS,kits,6862.57,8577.99,28,-3,25,20,11,neutro,b2c,0,Sim,high,0,0,0,0,0,0
FOTUSKP04120KWPMINITRILHOKITSHIBRIDOS,kits,3155.54,3944.49,28,-3,25,20,11,neutro,b2c,0,Sim,high,0,0,0,0,0,0
FOTUSKP02142KWPCERAMICOKITS,kits,8892.58,11115.95,28,-3,25,20,11,neutro,b2c,0,Sim,high,0,0,0,0,0,0
FOTUSKP02142KWPFIBROCIMENTOKITS,kits,3261.25,4076.95,28,-3,25,20,11,neutro,b2c,0,Sim,high,0,0,0,0,0,0
FOTUSKP02142KWPMINITRILHOKITS,kits,600.86,750.99,28,-3,25,20,11,neutro,b2c,0,Sim,high,0,0,0,0,0,0
FOTUSKP03142KWPCERAMICOKITS,kits,8520.16,10649.99,28,-3,25,20,11,neutro,b2c,0,Sim,high,0,0,0,0,0,0
FOTUSKP03142KWPFIBROCIMENTOKITS,kits,4980.80,6225.99,28,-3,25,20,11,neutro,b2c,0,Sim,high,0,0,0,0,0,0
FOTUSKP03142KWPMINITRILHOKITS,kits,5952.54,7440.95,28,-3,25,20,11,neutro,b2c,0,Sim,high,0,0,0,0,0,0
FOTUSKP02120KWPCERAMICOKITS,kits,1525.08,1905.99,28,-3,25,20,11,neutro,b2c,0,Sim,high,0,0,0,0,0,0
FOTUSKP02120KWPFIBROCIMENTOKITS,kits,379.65,474.95,28,-3,25,20,11,neutro,b2c,0,Sim,high,0,0,0,0,0,0
FOTUSKP04120KWPCERAMICOKITS,kits,9355.94,11695.00,28,-3,25,20,11,neutro,b2c,0,Sim,high,0,0,0,0,0,0
FOTUSKP04120KWPFIBROCIMENTOKITS,kits,7151.58,8939.49,28,-3,25,20,11,neutro,b2c,0,Sim,high,0,0,0,0,0,0
FOTUSKP04120KWPMINITRILHOKITS,kits,5900.48,7375.95,28,-3,25,20,11,neutro,b2c,0,Sim,high,0,0,0,0,0,0
FOTUSKP04114KWPCERAMICOKITS,kits,7586.33,9483.00,28,-3,25,20,11,neutro,b2c,0,Sim,high,0,0,0,0,0,0
FOTUSKP04114KWPFIBROCIMENTOKITS,kits,5830.09,7287.95,28,-3,25,20,11,neutro,b2c,0,Sim,high,0,0,0,0,0,0
FOTUSKP04114KWPMINITRILHOKITS,kits,7155.03,8944.00,28,-3,25,20,11,neutro,b2c,0,Sim,high,0,0,0,0,0,0
GOODWEGW250KHTIMAGEPRODUCT600142,componentes,2601.04,3250.99,28,-3,25,20,11,neutro,b2c,0,Sim,high,0,0,0,0,0,0
GOODWEGW250KHUTIMAGEPRODUCT600344,componentes,6520.85,8150.99,28,-3,25,20,11,neutro,b2c,0,Sim,high,0,0,0,0,0,0
GOODWEGW250KNHTIMAGE,componentes,6720.45,8400.95,28,-3,25,20,11,neutro,b2c,0,Sim,high,0,0,0,0,0,0
GOODWEGW110KHTIMAGEPRODUCT600023,componentes,5441.22,6801.95,28,-3,25,20,11,neutro,b2c,0,Sim,high,0,0,0,0,0,0
GOODWEGW100KHTIMAGEPRODUCT600066,componentes,4522.64,5652.99,28,-3,25,20,11,neutro,b2c,0,Sim,high,0,0,0,0,0,0
GOODWEGW100KGTAFCIIMAGEPRODUCT600342,componentes,2686.59,3357.99,28,-3,25,20,11,neutro,b2c,0,Sim,high,0,0,0,0,0,0
GOODWEGW100KHTIMAGEPRODUCT600126,componentes,6747.29,8433.99,28,-3,25,20,11,neutro,b2c,0,Sim,high,0,0,0,0,0,0
GOODWEGW75KSMTAFCIIMAGEPRODUCT600328,componentes,571.42,713.99,28,-3,25,20,11,neutro,b2c,0,Sim,high,0,0,0,0,0,0
GOODWEGW73KLVHTAFCIIMAGE,componentes,4113.81,5141.99,28,-3,25,20,11,neutro,b2c,0,Sim,high,0,0,0,0,0,0
DEYESUN75KG01P3LVIMAGE,componentes,4849.53,6062.00,28,-3,25,20,11,neutro,b2c,0,Sim,high,0,0,0,0,0,0
GOODWEGW60KSMTAFCIIMAGE,componentes,3073.39,3841.95,28,-3,25,20,11,neutro,b2c,0,Sim,high,0,0,0,0,0,0
GOODWEGW60KSMTIMAGE,componentes,8139.94,10175.00,28,-3,25,20,11,neutro,b2c,0,Sim,high,0,0,0,0,0,0
GOODWEGW50KSMTAFCIIMAGE,componentes,3493.96,4367.49,28,-3,25,20,11,neutro,b2c,0,Sim,high,0,0,0,0,0,0
GOODWEGW37K5SDTBR30AFCIIMAGEPRODUCT600350,componentes,171.75,214.95,28,-3,25,20,11,neutro,b2c,0,Sim,high,0,0,0,0,0,0
GOODWEGW36KMTAFCIIMAGE,componentes,8838.80,11048.49,28,-3,25,20,11,neutro,b2c,0,Sim,high,0,0,0,0,0,0
GOODWEGW35KLSMTAFCIIMAGE,componentes,331.17,414.00,28,-3,25,20,11,neutro,b2c,0,Sim,high,0,0,0,0,0,0
GOODWEGW35KLSMTIMAGEPRODUCT600109,componentes,291.07,364.00,28,-3,25,20,11,neutro,b2c,0,Sim,high,0,0,0,0,0,0
DEYESUN35KG02LVIMAGE,componentes,1276.62,1596.00,28,-3,25,20,11,neutro,b2c,0,Sim,high,0,0,0,0,0,0
GOODWEGW30KSDTC30AFCIIMAGE,componentes,2763.44,3453.99,28,-3,25,20,11,neutro,b2c,0,Sim,high,0,0,0,0,0,0
GOODWEGW30KLSMTAFCIREDIMAGEPRODUCT600483,componentes,2381.96,2977.49,28,-3,25,20,11,neutro,b2c,0,Sim,high,0,0,0,0,0,0
GOODWEGW30KLSMTAFCIIMAGEPRODUCT600268,componentes,8221.72,10276.99,28,-3,25,20,11,neutro,b2c,0,Sim,high,0,0,0,0,0,0
GOODWEGW30KETAFCIIMAGEPRODUCT600150,componentes,9263.32,11578.99,28,-3,25,20,11,neutro,b2c,0,Sim,high,0,0,0,0,0,0
HUAWEISUN200010KLC0AFCIIMAGEPRODUCT600386,componentes,2476.73,3096.00,28,-3,25,20,11,neutro,b2c,0,Sim,high,0,0,0,0,0,0
HUAWEISUN200012KMB0AFCIIMAGEPRODUCT600387,componentes,1371.28,1713.99,28,-3,25,20,11,neutro,b2c,0,Sim,high,0,0,0,0,0,0
HUAWEISUN200015KMB0AFCIIMAGEPRODUCT600388,componentes,5309.36,6636.95,28,-3,25,20,11,neutro,b2c,0,Sim,high,0,0,0,0,0,0
HUAWEISUN20003KTLL1AFCIIMAGEPRODUCT600382,componentes,8383.76,10479.95,28,-3,25,20,11,neutro,b2c,0,Sim,high,0,0,0,0,0,0
HUAWEISUN20004KTLL1AFCIIMAGEPRODUCT600423,componentes,8394.76,10493.49,28,-3,25,20,11,neutro,b2c,0,Sim,high,0,0,0,0,0,0
GOODWEGW25KSDTP31AFCICRSDIMAGEPRODUCT600452,componentes,4248.53,5310.95,28,-3,25,20,11,neutro,b2c,0,Sim,high,0,0,0,0,0,0
GOODWEGW25KSDTP31AFCIIMAGEPRODUCT600404,componentes,4004.87,5005.99,28,-3,25,20,11,neutro,b2c,0,Sim,high,0,0,0,0,0,0
SOFAR25KTLXG3LVAFCIIMAGEPRODUCT600381,componentes,3838.79,4798.49,28,-3,25,20,11,neutro,b2c,0,Sim,high,0,0,0,0,0,0
DEYESUN25KG02LVIMAGE,componentes,8841.59,11052.00,28,-3,25,20,11,neutro,b2c,0,Sim,high,0,0,0,0,0,0
GOODWEGW23KLVSDTBR30AFCIIMAGEPRODUCT600352,componentes,6368.24,7959.99,28,-3,25,20,11,neutro,b2c,0,Sim,high,0,0,0,0,0,0
ODEXODEXINVSAJ25000W,componentes,2267.76,2834.95,28,-3,25,20,11,neutro,b2c,0,Sim,high,0,0,0,0,0,0
GOODWEGW20KLVMTAFCIIMAGE,componentes,700.74,876.00,28,-3,25,20,11,neutro,b2c,0,Sim,high,0,0,0,0,0,0
GOODWEGW20KETAFCIIMAGEPRODUCT600149,componentes,8207.47,10258.99,28,-3,25,20,11,neutro,b2c,0,Sim,high,0,0,0,0,0,0
GOODWEGW20KSDT31AFCICRSDIMAGEPRODUCT600453,componentes,8819.02,11024.00,28,-3,25,20,11,neutro,b2c,0,Sim,high,0,0,0,0,0,0
ODEXODEXINVSAJ20000W,componentes,8414.67,10517.99,28,-3,25,20,11,neutro,b2c,0,Sim,high,0,0,0,0,0,0
GOODWEGW17KLVSDTC30AFCIIMAGEPRODUCT600275,componentes,6765.22,8456.95,28,-3,25,20,11,neutro,b2c,0,Sim,high,0,0,0,0,0,0
GROWATTMAC36KTL3XLAFCIIMAGEPRODUCT600303,componentes,4858.46,6072.99,28,-3,25,20,11,neutro,b2c,0,Sim,high,0,0,0,0,0,0
GROWATTMAX50KTL3XL2AFCIIMAGEPRODUCT600305,componentes,7887.34,9858.99,28,-3,25,20,11,neutro,b2c,0,Sim,high,0,0,0,0,0,0
GROWATTMAX50KTL3XL2IMAGE,componentes,6363.69,7954.95,28,-3,25,20,11,neutro,b2c,0,Sim,high,0,0,0,0,0,0
GROWATTMAX60KTL3XL2IMAGE,componentes,4879.68,6099.95,28,-3,25,20,11,neutro,b2c,0,Sim,high,0,0,0,0,0,0
GROWATTMID20KTL3XL2AFCIIMAGEPRODUCT600308,componentes,630.93,788.95,28,-3,25,20,11,neutro,b2c,0,Sim,high,0,0,0,0,0,0
GROWATTMID50KTL3X2AFCIIMAGEPRODUCT600314,componentes,385.13,481.49,28,-3,25,20,11,neutro,b2c,0,Sim,high,0,0,0,0,0,0
ODEXODEXINVGROWATT100000W,componentes,1525.29,1906.95,28,-3,25,20,11,neutro,b2c,0,Sim,high,0,0,0,0,0,0
ODEXODEXINVGROWATT10000W1,componentes,6768.98,8460.99,28,-3,25,20,11,neutro,b2c,0,Sim,high,0,0,0,0,0,0
ODEXODEXINVGROWATT10000W,componentes,5976.33,7470.49,28,-3,25,20,11,neutro,b2c,0,Sim,high,0,0,0,0,0,0
ODEXODEXINVGROWATT125000W,componentes,8632.88,10790.99,28,-3,25,20,11,neutro,b2c,0,Sim,high,0,0,0,0,0,0
ODEXODEXINVGROWATT15000W,componentes,8056.31,10069.99,28,-3,25,20,11,neutro,b2c,0,Sim,high,0,0,0,0,0,0
ODEXODEXINVGROWATT20000W,componentes,930.26,1163.00,28,-3,25,20,11,neutro,b2c,0,Sim,high,0,0,0,0,0,0
ODEXODEXINVGROWATT25000W,componentes,9792.51,12240.95,28,-3,25,20,11,neutro,b2c,0,Sim,high,0,0,0,0,0,0
ODEXODEXINVGROWATT3000W1,componentes,3471.55,4339.49,28,-3,25,20,11,neutro,b2c,0,Sim,high,0,0,0,0,0,0
ODEXODEXINVGROWATT3000W,componentes,6720.30,8399.99,28,-3,25,20,11,neutro,b2c,0,Sim,high,0,0,0,0,0,0
ODEXODEXINVGROWATT3300W,componentes,1232.90,1540.99,28,-3,25,20,11,neutro,b2c,0,Sim,high,0,0,0,0,0,0
ODEXODEXINVGROWATT4000W,componentes,7450.66,9312.99,28,-3,25,20,11,neutro,b2c,0,Sim,high,0,0,0,0,0,0
ODEXODEXINVGROWATT50000W,componentes,7609.52,9512.00,28,-3,25,20,11,neutro,b2c,0,Sim,high,0,0,0,0,0,0
ODEXODEXINVGROWATT5000W,componentes,5158.90,6448.95,28,-3,25,20,11,neutro,b2c,0,Sim,high,0,0,0,0,0,0
ODEXODEXINVGROWATT6000W1,componentes,465.94,582.49,28,-3,25,20,11,neutro,b2c,0,Sim,high,0,0,0,0,0,0
ODEXODEXINVGROWATT6000W,componentes,7010.83,8763.95,28,-3,25,20,11,neutro,b2c,0,Sim,high,0,0,0,0,0,0
ODEXODEXINVGROWATT75000W,componentes,6243.35,7803.99,28,-3,25,20,11,neutro,b2c,0,Sim,high,0,0,0,0,0,0
ODEXODEXINVGROWATT8000W1,componentes,2572.09,3214.99,28,-3,25,20,11,neutro,b2c,0,Sim,high,0,0,0,0,0,0
ODEXODEXINVGROWATT8000W,componentes,9497.75,11871.99,28,-3,25,20,11,neutro,b2c,0,Sim,high,0,0,0,0,0,0
ODEXODEXINVSAJ17000W,componentes,1634.43,2042.99,28,-3,25,20,11,neutro,b2c,0,Sim,high,0,0,0,0,0,0
GOODWEGW15KLVMTIMAGE,componentes,9334.34,11668.00,28,-3,25,20,11,neutro,b2c,0,Sim,high,0,0,0,0,0,0
GOODWEGW15KETAFCIIMAGEPRODUCT600348,componentes,4722.26,5903.00,28,-3,25,20,11,neutro,b2c,0,Sim,high,0,0,0,0,0,0
ODEXODEXINVSAJ15000W,componentes,1384.25,1729.99,28,-3,25,20,11,neutro,b2c,0,Sim,high,0,0,0,0,0,0
GOODWEGW12KLVMTIMAGE,componentes,9085.39,11356.95,28,-3,25,20,11,neutro,b2c,0,Sim,high,0,0,0,0,0,0
GOODWEGW12KLVSDTC30AFCIIMAGE,componentes,3711.99,4640.00,28,-3,25,20,11,neutro,b2c,0,Sim,high,0,0,0,0,0,0
GOODWEGW12KLETAFCIIMAGEPRODUCT600363,componentes,2698.52,3372.99,28,-3,25,20,11,neutro,b2c,0,Sim,high,0,0,0,0,0,0
GOODWEGW12KLVSDTC31AFCIIMAGEPRODUCT600400,componentes,5486.51,6857.99,28,-3,25,20,11,neutro,b2c,0,Sim,high,0,0,0,0,0,0
ODEXODEXINVCHINT10000W,componentes,5119.99,6400.00,28,-3,25,20,11,neutro,b2c,0,Sim,high,0,0,0,0,0,0
ODEXODEXINVSOLAX10000W,componentes,8866.45,11082.99,28,-3,25,20,11,neutro,b2c,0,Sim,high,0,0,0,0,0,0
ODEXODEXINVSAJ12000W,componentes,3781.30,4726.95,28,-3,25,20,11,neutro,b2c,0,Sim,high,0,0,0,0,0,0
GOODWEGW10KMS3020AAFCIIMAGE,componentes,8453.90,10566.99,28,-3,25,20,11,neutro,b2c,0,Sim,high,0,0,0,0,0,0
GOODWEGW10KBTIMAGE,componentes,4272.66,5341.00,28,-3,25,20,11,neutro,b2c,0,Sim,high,0,0,0,0,0,0
GOODWEGW10KMSG40AFCICRSDIMAGEPRODUCT600398,componentes,9615.83,12020.00,28,-3,25,20,11,neutro,b2c,0,Sim,high,0,0,0,0,0,0
GOODWEGW10KMSG40AFCIIMAGEPRODUCT600463,componentes,8199.10,10249.00,28,-3,25,20,11,neutro,b2c,0,Sim,high,0,0,0,0,0,0
ODEXODEXINVCHINT8000W,componentes,8000.71,10001.00,28,-3,25,20,11,neutro,b2c,0,Sim,high,0,0,0,0,0,0
ODEXODEXINVSOLAX8000W,componentes,3307.61,4134.95,28,-3,25,20,11,neutro,b2c,0,Sim,high,0,0,0,0,0,0
ODEXODEXINVSAJ10000W,componentes,8668.12,10834.99,28,-3,25,20,11,neutro,b2c,0,Sim,high,0,0,0,0,0,0
DEYESUN8KGIMAGE,componentes,7662.80,9578.49,28,-3,25,20,11,neutro,b2c,0,Sim,high,0,0,0,0,0,0
ODEXODEXINVDEYE8000W,componentes,1969.02,2460.99,28,-3,25,20,11,neutro,b2c,0,Sim,high,0,0,0,0,0,0
ODEXODEXINVSAJ8000W,componentes,1129.47,1412.00,28,-3,25,20,11,neutro,b2c,0,Sim,high,0,0,0,0,0,0
ODEXODEXINVCHINT5000W,componentes,698.67,872.99,28,-3,25,20,11,neutro,b2c,0,Sim,high,0,0,0,0,0,0
ODEXODEXINVSOLAX5000W,componentes,6907.67,8634.95,28,-3,25,20,11,neutro,b2c,0,Sim,high,0,0,0,0,0,0
ODEXODEXINVSOFAR6000W,componentes,9021.56,11277.00,28,-3,25,20,11,neutro,b2c,0,Sim,high,0,0,0,0,0,0
ODEXODEXINVDEYE6000W,componentes,5527.67,6909.95,28,-3,25,20,11,neutro,b2c,0,Sim,high,0,0,0,0,0,0
ODEXODEXINVSAJ6000W,componentes,585.18,731.49,28,-3,25,20,11,neutro,b2c,0,Sim,high,0,0,0,0,0,0
ODEXODEXINVSOFAR5000W,componentes,3109.58,3887.00,28,-3,25,20,11,neutro,b2c,0,Sim,high,0,0,0,0,0,0
SOFAR5KTLMG3AFCIIMAGEPRODUCT600369,componentes,682.19,852.95,28,-3,25,20,11,neutro,b2c,0,Sim,high,0,0,0,0,0,0
DEYESUN5KGIMAGE,componentes,5879.15,7349.00,28,-3,25,20,11,neutro,b2c,0,Sim,high,0,0,0,0,0,0
ODEXODEXINVDEYE5000W,componentes,4805.75,6006.99,28,-3,25,20,11,neutro,b2c,0,Sim,high,0,0,0,0,0,0
ODEXODEXINVSAJ5000W,componentes,4277.64,5346.99,28,-3,25,20,11,neutro,b2c,0,Sim,high,0,0,0,0,0,0
ODEXODEXINVCHINT3000W,componentes,6205.85,7756.99,28,-3,25,20,11,neutro,b2c,0,Sim,high,0,0,0,0,0,0
ODEXODEXINVSAJ4200W,componentes,7522.81,9403.95,28,-3,25,20,11,neutro,b2c,0,Sim,high,0,0,0,0,0,0
IMAGEPRODUCT000607,componentes,3209.89,4011.99,28,-3,25,20,11,neutro,b2c,0,Sim,high,0,0,0,0,0,0
IMAGEPRODUCT000612,componentes,6897.92,8621.99,28,-3,25,20,11,neutro,b2c,0,Sim,high,0,0,0,0,0,0
IMAGEPRODUCT850004,componentes,1004.43,1255.95,28,-3,25,20,11,neutro,b2c,0,Sim,high,0,0,0,0,0,0
ODEXODEXINVSOFAR3300W,componentes,3047.92,3810.00,28,-3,25,20,11,neutro,b2c,0,Sim,high,0,0,0,0,0,0
ODEXODEXINVSAJ3000W,componentes,9994.34,12493.00,28,-3,25,20,11,neutro,b2c,0,Sim,high,0,0,0,0,0,0
ODEXODEXINVDEYE2400W,componentes,2380.93,2975.99,28,-3,25,20,11,neutro,b2c,0,Sim,high,0,0,0,0,0,0
ODEXODEXPAINELODEX700W,paineis,7348.45,9185.95,28,-3,25,20,11,neutro,b2c,0,Sim,high,0,0,0,0,0,0
ODEXODEXPAINELODEX660W,paineis,375.50,468.99,28,-3,25,20,11,neutro,b2c,0,Sim,high,0,0,0,0,0,0
ODEXODEXPAINELJINKO615W,paineis,6225.23,7781.95,28,-3,25,20,11,neutro,b2c,0,Sim,high,0,0,0,0,0,0
ODEXODEXPAINELJINKO610W,paineis,1480.13,1849.99,28,-3,25,20,11,neutro,b2c,0,Sim,high,0,0,0,0,0,0
ODEXODEXPAINELODEX610W,paineis,882.51,1102.99,28,-3,25,20,11,neutro,b2c,0,Sim,high,0,0,0,0,0,0
ODEXODEXPAINELASTRONERGY600W,paineis,1499.08,1874.00,28,-3,25,20,11,neutro,b2c,0,Sim,high,0,0,0,0,0,0
ODEXODEXPAINELODEX600W,paineis,7204.61,9006.00,28,-3,25,20,11,neutro,b2c,0,Sim,high,0,0,0,0,0,0
ODEXODEXPAINELODEX585W,paineis,1886.89,2358.95,28,-3,25,20,11,neutro,b2c,0,Sim,high,0,0,0,0,0,0
ODEXODEXPAINELTSUN560W,paineis,7481.45,9352.00,28,-3,25,20,11,neutro,b2c,0,Sim,high,0,0,0,0,0,0
ODEXODEXINVDEYE1200W,componentes,1529.83,1911.99,28,-3,25,20,11,neutro,b2c,0,Sim,high,0,0,0,0,0,0
ODEXODEXINVDEYE800W,componentes,7894.73,9868.49,28,-3,25,20,11,neutro,b2c,0,Sim,high,0,0,0,0,0,0
112369,componentes,9091.03,11364.00,28,-3,25,20,11,neutro,b2c,0,Sim,high,0,0,0,0,0,0
135720,componentes,566.63,707.99,28,-3,25,20,11,neutro,b2c,0,Sim,high,0,0,0,0,0,0
145763,componentes,3750.85,4688.95,28,-3,25,20,11,neutro,b2c,0,Sim,high,0,0,0,0,0,0
152147,componentes,4203.67,5254.95,28,-3,25,20,11,neutro,b2c,0,Sim,high,0,0,0,0,0,0
192575,componentes,5967.54,7459.49,28,-3,25,20,11,neutro,b2c,0,Sim,high,0,0,0,0,0,0
192576,componentes,3570.51,4462.99,28,-3,25,20,11,neutro,b2c,0,Sim,high,0,0,0,0,0,0
222132,componentes,134.37,168.00,28,-3,25,20,11,neutro,b2c,0,Sim,high,0,0,0,0,0,0
222133,componentes,2062.68,2577.99,28,-3,25,20,11,neutro,b2c,0,Sim,high,0,0,0,0,0,0
246761,componentes,1024.79,1281.00,28,-3,25,20,11,neutro,b2c,0,Sim,high,0,0,0,0,0,0
246763,componentes,3427.87,4285.00,28,-3,25,20,11,neutro,b2c,0,Sim,high,0,0,0,0,0,0
246764,componentes,4552.15,5689.99,28,-3,25,20,11,neutro,b2c,0,Sim,high,0,0,0,0,0,0
267277,componentes,804.65,1006.00,28,-3,25,20,11,neutro,b2c,0,Sim,high,0,0,0,0,0,0
276954,componentes,9969.26,12461.95,28,-3,25,20,11,neutro,b2c,0,Sim,high,0,0,0,0,0,0
286844,componentes,4799.09,5999.00,28,-3,25,20,11,neutro,b2c,0,Sim,high,0,0,0,0,0,0
289241,componentes,2725.15,3406.49,28,-3,25,20,11,neutro,b2c,0,Sim,high,0,0,0,0,0,0
292421,componentes,10053.25,12566.95,28,-3,25,20,11,neutro,b2c,0,Sim,high,0,0,0,0,0,0
299591,componentes,1887.53,2359.49,28,-3,25,20,11,neutro,b2c,0,Sim,high,0,0,0,0,0,0
315148,componentes,3738.59,4672.99,28,-3,25,20,11,neutro,b2c,0,Sim,high,0,0,0,0,0,0
IMAGEPRODUCT600023,componentes,8713.52,10892.00,28,-3,25,20,11,neutro,b2c,0,Sim,high,0,0,0,0,0,0
IMAGEPRODUCT600066,componentes,5711.99,7140.00,28,-3,25,20,11,neutro,b2c,0,Sim,high,0,0,0,0,0,0
IMAGEPRODUCT600109,componentes,9007.13,11259.00,28,-3,25,20,11,neutro,b2c,0,Sim,high,0,0,0,0,0,0
IMAGEPRODUCT600126,componentes,8821.03,11025.99,28,-3,25,20,11,neutro,b2c,0,Sim,high,0,0,0,0,0,0
IMAGEPRODUCT600142,componentes,2668.56,3335.95,28,-3,25,20,11,neutro,b2c,0,Sim,high,0,0,0,0,0,0
IMAGEPRODUCT600149,componentes,4868.85,6085.99,28,-3,25,20,11,neutro,b2c,0,Sim,high,0,0,0,0,0,0
IMAGEPRODUCT600150,componentes,1359.57,1699.49,28,-3,25,20,11,neutro,b2c,0,Sim,high,0,0,0,0,0,0
IMAGEPRODUCT600243,componentes,6979.91,8725.00,28,-3,25,20,11,neutro,b2c,0,Sim,high,0,0,0,0,0,0
IMAGEPRODUCT600268,componentes,2497.11,3120.99,28,-3,25,20,11,neutro,b2c,0,Sim,high,0,0,0,0,0,0
IMAGEPRODUCT600275,componentes,939.74,1174.95,28,-3,25,20,11,neutro,b2c,0,Sim,high,0,0,0,0,0,0
IMAGEPRODUCT600303,componentes,4941.80,6176.99,28,-3,25,20,11,neutro,b2c,0,Sim,high,0,0,0,0,0,0
IMAGEPRODUCT600304,componentes,2848.69,3561.00,28,-3,25,20,11,neutro,b2c,0,Sim,high,0,0,0,0,0,0
IMAGEPRODUCT600305,componentes,9160.40,11450.49,28,-3,25,20,11,neutro,b2c,0,Sim,high,0,0,0,0,0,0
IMAGEPRODUCT600307,componentes,4458.05,5572.95,28,-3,25,20,11,neutro,b2c,0,Sim,high,0,0,0,0,0,0
IMAGEPRODUCT600308,componentes,8282.63,10352.99,28,-3,25,20,11,neutro,b2c,0,Sim,high,0,0,0,0,0,0
IMAGEPRODUCT600311,componentes,8671.18,10839.00,28,-3,25,20,11,neutro,b2c,0,Sim,high,0,0,0,0,0,0
IMAGEPRODUCT600314,componentes,2400.93,3000.99,28,-3,25,20,11,neutro,b2c,0,Sim,high,0,0,0,0,0,0
IMAGEPRODUCT600328,componentes,1729.78,2161.99,28,-3,25,20,11,neutro,b2c,0,Sim,high,0,0,0,0,0,0
IMAGEPRODUCT600329,componentes,1846.52,2307.99,28,-3,25,20,11,neutro,b2c,0,Sim,high,0,0,0,0,0,0
IMAGEPRODUCT600340,componentes,1501.15,1876.49,28,-3,25,20,11,neutro,b2c,0,Sim,high,0,0,0,0,0,0
IMAGEPRODUCT600342,componentes,1017.69,1271.99,28,-3,25,20,11,neutro,b2c,0,Sim,high,0,0,0,0,0,0
IMAGEPRODUCT600344,componentes,567.25,708.99,28,-3,25,20,11,neutro,b2c,0,Sim,high,0,0,0,0,0,0
IMAGEPRODUCT600348,componentes,5261.93,6577.49,28,-3,25,20,11,neutro,b2c,0,Sim,high,0,0,0,0,0,0
IMAGEPRODUCT600350,componentes,6438.76,8048.49,28,-3,25,20,11,neutro,b2c,0,Sim,high,0,0,0,0,0,0
IMAGEPRODUCT600352,componentes,1206.82,1508.95,28,-3,25,20,11,neutro,b2c,0,Sim,high,0,0,0,0,0,0
IMAGEPRODUCT600358,componentes,1793.26,2241.95,28,-3,25,20,11,neutro,b2c,0,Sim,high,0,0,0,0,0,0
IMAGEPRODUCT600361,componentes,7413.45,9267.00,28,-3,25,20,11,neutro,b2c,0,Sim,high,0,0,0,0,0,0
IMAGEPRODUCT600363,componentes,4348.69,5436.00,28,-3,25,20,11,neutro,b2c,0,Sim,high,0,0,0,0,0,0
IMAGEPRODUCT600369,componentes,4644.59,5805.95,28,-3,25,20,11,neutro,b2c,0,Sim,high,0,0,0,0,0,0
IMAGEPRODUCT600381,componentes,9149.11,11435.99,28,-3,25,20,11,neutro,b2c,0,Sim,high,0,0,0,0,0,0
IMAGEPRODUCT600382,componentes,8264.85,10330.99,28,-3,25,20,11,neutro,b2c,0,Sim,high,0,0,0,0,0,0
IMAGEPRODUCT600386,componentes,5646.53,7057.99,28,-3,25,20,11,neutro,b2c,0,Sim,high,0,0,0,0,0,0
IMAGEPRODUCT600387,componentes,6099.22,7623.99,28,-3,25,20,11,neutro,b2c,0,Sim,high,0,0,0,0,0,0
IMAGEPRODUCT600388,componentes,8856.95,11070.99,28,-3,25,20,11,neutro,b2c,0,Sim,high,0,0,0,0,0,0
IMAGEPRODUCT600398,componentes,6492.23,8114.99,28,-3,25,20,11,neutro,b2c,0,Sim,high,0,0,0,0,0,0
IMAGEPRODUCT600400,componentes,527.06,659.00,28,-3,25,20,11,neutro,b2c,0,Sim,high,0,0,0,0,0,0
IMAGEPRODUCT600404,componentes,7951.69,9939.95,28,-3,25,20,11,neutro,b2c,0,Sim,high,0,0,0,0,0,0
IMAGEPRODUCT600423,componentes,7020.61,8776.00,28,-3,25,20,11,neutro,b2c,0,Sim,high,0,0,0,0,0,0
IMAGEPRODUCT600452,componentes,544.96,680.99,28,-3,25,20,11,neutro,b2c,0,Sim,high,0,0,0,0,0,0
IMAGEPRODUCT600453,componentes,9481.21,11851.95,28,-3,25,20,11,neutro,b2c,0,Sim,high,0,0,0,0,0,0
IMAGEPRODUCT600463,componentes,4076.47,5095.95,28,-3,25,20,11,neutro,b2c,0,Sim,high,0,0,0,0,0,0
IMAGEPRODUCT600483,componentes,3176.36,3970.49,28,-3,25,20,11,neutro,b2c,0,Sim,high,0,0,0,0,0,0
NEOSOLARINVERTERS20217,componentes,5177.92,6471.99,28,-3,25,20,11,neutro,b2c,0,Sim,high,0,0,0,0,0,0
NEOSOLARINVERTERS20247,componentes,8162.31,10203.00,28,-3,25,20,11,neutro,b2c,0,Sim,high,0,0,0,0,0,0
NEOSOLARINVERTERS20249,componentes,2063.31,2578.99,28,-3,25,20,11,neutro,b2c,0,Sim,high,0,0,0,0,0,0
NEOSOLARINVERTERS20250,componentes,5627.23,7033.99,28,-3,25,20,11,neutro,b2c,0,Sim,high,0,0,0,0,0,0
NEOSOLARINVERTERS20252,componentes,3801.31,4751.95,28,-3,25,20,11,neutro,b2c,0,Sim,high,0,0,0,0,0,0
NEOSOLARINVERTERS20253,componentes,9237.89,11546.99,28,-3,25,20,11,neutro,b2c,0,Sim,high,0,0,0,0,0,0
NEOSOLARINVERTERS20255,componentes,4452.69,5566.00,28,-3,25,20,11,neutro,b2c,0,Sim,high,0,0,0,0,0,0
NEOSOLARINVERTERS20256,componentes,1920.97,2400.99,28,-3,25,20,11,neutro,b2c,0,Sim,high,0,0,0,0,0,0
NEOSOLARINVERTERS20258,componentes,5589.53,6987.00,28,-3,25,20,11,neutro,b2c,0,Sim,high,0,0,0,0,0,0
NEOSOLARINVERTERS20259,componentes,9375.08,11719.00,28,-3,25,20,11,neutro,b2c,0,Sim,high,0,0,0,0,0,0
NEOSOLARINVERTERS20260,componentes,577.78,721.99,28,-3,25,20,11,neutro,b2c,0,Sim,high,0,0,0,0,0,0
NEOSOLARINVERTERS20261,componentes,7657.84,9571.99,28,-3,25,20,11,neutro,b2c,0,Sim,high,0,0,0,0,0,0
NEOSOLARINVERTERS20262,componentes,5245.74,6556.99,28,-3,25,20,11,neutro,b2c,0,Sim,high,0,0,0,0,0,0
NEOSOLARINVERTERS20264,componentes,5846.55,7307.99,28,-3,25,20,11,neutro,b2c,0,Sim,high,0,0,0,0,0,0
NEOSOLARINVERTERS20265,componentes,5844.16,7304.99,28,-3,25,20,11,neutro,b2c,0,Sim,high,0,0,0,0,0,0
NEOSOLARINVERTERS20266,componentes,1919.16,2399.00,28,-3,25,20,11,neutro,b2c,0,Sim,high,0,0,0,0,0,0
NEOSOLARINVERTERS20267,componentes,1943.35,2428.99,28,-3,25,20,11,neutro,b2c,0,Sim,high,0,0,0,0,0,0
NEOSOLARINVERTERS20268,componentes,3196.05,3994.99,28,-3,25,20,11,neutro,b2c,0,Sim,high,0,0,0,0,0,0
NEOSOLARINVERTERS20269,componentes,7734.76,9668.49,28,-3,25,20,11,neutro,b2c,0,Sim,high,0,0,0,0,0,0
NEOSOLARINVERTERS20287,componentes,5183.63,6479.95,28,-3,25,20,11,neutro,b2c,0,Sim,high,0,0,0,0,0,0
NEOSOLARINVERTERS20525,componentes,8241.68,10301.99,28,-3,25,20,11,neutro,b2c,0,Sim,high,0,0,0,0,0,0
NEOSOLARINVERTERS20563,componentes,5339.00,6673.95,28,-3,25,20,11,neutro,b2c,0,Sim,high,0,0,0,0,0,0
NEOSOLARINVERTERS20564,componentes,5350.45,6687.99,28,-3,25,20,11,neutro,b2c,0,Sim,high,0,0,0,0,0,0
NEOSOLARINVERTERS20565,componentes,6179.02,7724.00,28,-3,25,20,11,neutro,b2c,0,Sim,high,0,0,0,0,0,0
NEOSOLARINVERTERS20566,componentes,3900.50,4875.95,28,-3,25,20,11,neutro,b2c,0,Sim,high,0,0,0,0,0,0
NEOSOLARINVERTERS20666,componentes,8866.13,11082.95,28,-3,25,20,11,neutro,b2c,0,Sim,high,0,0,0,0,0,0
NEOSOLARINVERTERS20778,componentes,3796.03,4744.99,28,-3,25,20,11,neutro,b2c,0,Sim,high,0,0,0,0,0,0
NEOSOLARINVERTERS20922,componentes,4520.22,5649.99,28,-3,25,20,11,neutro,b2c,0,Sim,high,0,0,0,0,0,0
NEOSOLARINVERTERS20924,componentes,5321.98,6652.49,28,-3,25,20,11,neutro,b2c,0,Sim,high,0,0,0,0,0,0
NEOSOLARINVERTERS21306,componentes,203.67,254.95,28,-3,25,20,11,neutro,b2c,0,Sim,high,0,0,0,0,0,0
NEOSOLARINVERTERS21442,componentes,8594.27,10743.00,28,-3,25,20,11,neutro,b2c,0,Sim,high,0,0,0,0,0,0
NEOSOLARINVERTERS21630,componentes,4850.79,6063.49,28,-3,25,20,11,neutro,b2c,0,Sim,high,0,0,0,0,0,0
NEOSOLARINVERTERS21631,componentes,772.08,964.99,28,-3,25,20,11,neutro,b2c,0,Sim,high,0,0,0,0,0,0
NEOSOLARINVERTERS21633,componentes,2059.29,2573.99,28,-3,25,20,11,neutro,b2c,0,Sim,high,0,0,0,0,0,0
NEOSOLARINVERTERS21634,componentes,9018.04,11272.95,28,-3,25,20,11,neutro,b2c,0,Sim,high,0,0,0,0,0,0
NEOSOLARINVERTERS21639,componentes,484.23,604.99,28,-3,25,20,11,neutro,b2c,0,Sim,high,0,0,0,0,0,0
NEOSOLARINVERTERS21640,componentes,2772.60,3465.95,28,-3,25,20,11,neutro,b2c,0,Sim,high,0,0,0,0,0,0
NEOSOLARINVERTERS21641,componentes,9088.09,11359.99,28,-3,25,20,11,neutro,b2c,0,Sim,high,0,0,0,0,0,0
NEOSOLARINVERTERS21642,componentes,7163.50,8953.99,28,-3,25,20,11,neutro,b2c,0,Sim,high,0,0,0,0,0,0
NEOSOLARINVERTERS21824,componentes,8759.96,10950.00,28,-3,25,20,11,neutro,b2c,0,Sim,high,0,0,0,0,0,0
NEOSOLARINVERTERS22021,componentes,9603.73,12004.95,28,-3,25,20,11,neutro,b2c,0,Sim,high,0,0,0,0,0,0
NEOSOLARINVERTERS22022,componentes,7186.77,8983.49,28,-3,25,20,11,neutro,b2c,0,Sim,high,0,0,0,0,0,0
NEOSOLARINVERTERS22023,componentes,2772.81,3465.99,28,-3,25,20,11,neutro,b2c,0,Sim,high,0,0,0,0,0,0
NEOSOLARINVERTERS22024,componentes,2157.50,2697.00,28,-3,25,20,11,neutro,b2c,0,Sim,high,0,0,0,0,0,0
NEOSOLARINVERTERS22025,componentes,7847.38,9808.99,28,-3,25,20,11,neutro,b2c,0,Sim,high,0,0,0,0,0,0
NEOSOLARINVERTERS22095,componentes,6772.20,8464.99,28,-3,25,20,11,neutro,b2c,0,Sim,high,0,0,0,0,0,0
NEOSOLARINVERTERS22099,componentes,8225.61,10281.99,28,-3,25,20,11,neutro,b2c,0,Sim,high,0,0,0,0,0,0
NEOSOLARINVERTERS22144,componentes,8421.66,10526.99,28,-3,25,20,11,neutro,b2c,0,Sim,high,0,0,0,0,0,0
NEOSOLARINVERTERS22159,componentes,8411.95,10515.00,28,-3,25,20,11,neutro,b2c,0,Sim,high,0,0,0,0,0,0
NEOSOLARINVERTERS22663,componentes,8194.63,10242.99,28,-3,25,20,11,neutro,b2c,0,Sim,high,0,0,0,0,0,0
NEOSOLARINVERTERS22671,componentes,849.57,1062.00,28,-3,25,20,11,neutro,b2c,0,Sim,high,0,0,0,0,0,0
NEOSOLARINVERTERS22675,componentes,5547.45,6933.99,28,-3,25,20,11,neutro,b2c,0,Sim,high,0,0,0,0,0,0
NEOSOLARINVERTERS22676,componentes,3815.30,4768.99,28,-3,25,20,11,neutro,b2c,0,Sim,high,0,0,0,0,0,0
NEOSOLARINVERTERS22677,componentes,5017.47,6272.00,28,-3,25,20,11,neutro,b2c,0,Sim,high,0,0,0,0,0,0
NEOSOLARINVERTERS22679,componentes,3674.46,4592.99,28,-3,25,20,11,neutro,b2c,0,Sim,high,0,0,0,0,0,0
NEOSOLARINVERTERS22684,componentes,9351.30,11688.99,28,-3,25,20,11,neutro,b2c,0,Sim,high,0,0,0,0,0,0
NEOSOLARINVERTERS22685,componentes,393.17,491.49,28,-3,25,20,11,neutro,b2c,0,Sim,high,0,0,0,0,0,0
NEOSOLARINVERTERS22689,componentes,5858.37,7323.00,28,-3,25,20,11,neutro,b2c,0,Sim,high,0,0,0,0,0,0
NEOSOLARINVERTERS22690,componentes,9762.79,12203.49,28,-3,25,20,11,neutro,b2c,0,Não,high,0,0,0,0,0,0
NEOSOLARINVERTERS22691,componentes,8185.99,10232.49,28,-3,25,20,11,neutro,b2c,0,Sim,high,0,0,0,0,0,0
NEOSOLARINVERTERS22692,componentes,3503.90,4380.00,28,-3,25,20,11,neutro,b2c,0,Sim,high,0,0,0,0,0,0
NEOSOLARINVERTERS22714,componentes,5670.77,7088.49,28,-3,25,20,11,neutro,b2c,0,Sim,high,0,0,0,0,0,0
NEOSOLARINVERTERS22734,componentes,3226.44,4032.99,28,-3,25,20,11,neutro,b2c,0,Sim,high,0,0,0,0,0,0
NEOSOLARINVERTERS22921,componentes,7313.26,9141.95,28,-3,25,20,11,neutro,b2c,0,Sim,high,0,0,0,0,0,0
NEOSOLARINVERTERS23309,componentes,4779.47,5973.99,28,-3,25,20,11,neutro,b2c,0,Sim,high,0,0,0,0,0,0
NEOSOLARINVERTERS23782,componentes,1243.64,1554.95,28,-3,25,20,11,neutro,b2c,0,Sim,high,0,0,0,0,0,0
NEOSOLARINVERTERS23783,componentes,5640.60,7050.95,28,-3,25,20,11,neutro,b2c,0,Sim,high,0,0,0,0,0,0
NEOSOLARINVERTERS24825,componentes,6879.31,8598.99,28,-3,25,20,11,neutro,b2c,0,Sim,high,0,0,0,0,0,0
NEOSOLARINVERTERS24870,componentes,9731.94,12165.00,28,-3,25,20,11,neutro,b2c,0,Sim,high,0,0,0,0,0,0
NEOSOLARINVERTERS24872,componentes,9556.27,11944.99,28,-3,25,20,11,neutro,b2c,0,Sim,high,0,0,0,0,0,0
NEOSOLARINVERTERS24874,componentes,4561.93,5702.49,28,-3,25,20,11,neutro,b2c,0,Sim,high,0,0,0,0,0,0
NEOSOLARINVERTERS24876,componentes,4611.19,5764.00,28,-3,25,20,11,neutro,b2c,0,Sim,high,0,0,0,0,0,0
NEOSOLARINVERTERS24877,componentes,9218.22,11523.00,28,-3,25,20,11,neutro,b2c,0,Sim,high,0,0,0,0,0,0
NEOSOLARINVERTERS24878,componentes,3445.03,4305.99,28,-3,25,20,11,neutro,b2c,0,Sim,high,0,0,0,0,0,0
NEOSOLARINVERTERS24972,componentes,9153.04,11440.99,28,-3,25,20,11,neutro,b2c,0,Sim,high,0,0,0,0,0,0
NEOSOLARINVERTERS24973,componentes,4688.94,5860.99,28,-3,25,20,11,neutro,b2c,0,Sim,high,0,0,0,0,0,0
NEOSOLARINVERTERS25046,componentes,8302.40,10377.99,28,-3,25,20,11,neutro,b2c,0,Sim,high,0,0,0,0,0,0
NEOSOLARINVERTERS25050,componentes,2060.76,2576.00,28,-3,25,20,11,neutro,b2c,0,Sim,high,0,0,0,0,0,0
NEOSOLARINVERTERS25055,componentes,9828.51,12285.95,28,-3,25,20,11,neutro,b2c,0,Sim,high,0,0,0,0,0,0
NEOSOLARINVERTERS26628,componentes,8567.29,10708.99,28,-3,25,20,11,neutro,b2c,0,Sim,high,0,0,0,0,0,0
NEOSOLARINVERTERS26630,componentes,6383.43,7978.99,28,-3,25,20,11,neutro,b2c,0,Sim,high,0,0,0,0,0,0
NEOSOLARINVERTERS26657,componentes,2402.41,3002.99,28,-3,25,20,11,neutro,b2c,0,Sim,high,0,0,0,0,0,0
NEOSOLARINVERTERS26669,componentes,2078.98,2598.95,28,-3,25,20,11,neutro,b2c,0,Sim,high,0,0,0,0,0,0
NEOSOLARINVERTERS26673,componentes,1759.10,2199.00,28,-3,25,20,11,neutro,b2c,0,Sim,high,0,0,0,0,0,0
NEOSOLARINVERTERS26674,componentes,6583.70,8229.95,28,-3,25,20,11,neutro,b2c,0,Sim,high,0,0,0,0,0,0
NEOSOLARINVERTERS26675,componentes,3128.99,3910.99,28,-3,25,20,11,neutro,b2c,0,Sim,high,0,0,0,0,0,0
NEOSOLARINVERTERS26689,componentes,5197.54,6497.00,28,-3,25,20,11,neutro,b2c,0,Sim,high,0,0,0,0,0,0
NEOSOLARINVERTERS26690,componentes,6528.88,8160.99,28,-3,25,20,11,neutro,b2c,0,Sim,high,0,0,0,0,0,0
NEOSOLARINVERTERS26691,componentes,6481.53,8102.00,28,-3,25,20,11,neutro,b2c,0,Sim,high,0,0,0,0,0,0
NEOSOLARINVERTERS26692,componentes,6943.01,8679.00,28,-3,25,20,11,neutro,b2c,0,Sim,high,0,0,0,0,0,0
NEOSOLARINVERTERS26693,componentes,6364.12,7954.99,28,-3,25,20,11,neutro,b2c,0,Sim,high,0,0,0,0,0,0
NEOSOLARINVERTERS26753,componentes,2747.84,3435.00,28,-3,25,20,11,neutro,b2c,0,Sim,high,0,0,0,0,0,0
NEOSOLARINVERTERS26754,componentes,938.49,1172.99,28,-3,25,20,11,neutro,b2c,0,Sim,high,0,0,0,0,0,0
NEOSOLARINVERTERS26755,componentes,4043.30,5053.99,28,-3,25,20,11,neutro,b2c,0,Sim,high,0,0,0,0,0,0
NEOSOLARINVERTERS26765,componentes,5803.85,7255.00,28,-3,25,20,11,neutro,b2c,0,Sim,high,0,0,0,0,0,0
NEOSOLARINVERTERS26766,componentes,7310.37,9138.00,28,-3,25,20,11,neutro,b2c,0,Sim,high,0,0,0,0,0,0
NEOSOLARINVERTERS26767,componentes,6959.51,8698.99,28,-3,25,20,11,neutro,b2c,0,Sim,high,0,0,0,0,0,0
NEOSOLARINVERTERS26768,componentes,8892.24,11114.99,28,-3,25,20,11,neutro,b2c,0,Sim,high,0,0,0,0,0,0
NEOSOLARINVERTERS26783,componentes,1897.00,2370.99,28,-3,25,20,11,neutro,b2c,0,Sim,high,0,0,0,0,0,0
NEOSOLARINVERTERS26785,componentes,5267.58,6584.49,28,-3,25,20,11,neutro,b2c,0,Sim,high,0,0,0,0,0,0
NEOSOLARINVERTERS26795,componentes,8062.14,10077.95,28,-3,25,20,11,neutro,b2c,0,Sim,high,0,0,0,0,0,0
NEOSOLARINVERTERS26799,componentes,816.54,1020.95,28,-3,25,20,11,neutro,b2c,0,Sim,high,0,0,0,0,0,0
NEOSOLARINVERTERS26815,componentes,8209.40,10261.95,28,-3,25,20,11,neutro,b2c,0,Sim,high,0,0,0,0,0,0
NEOSOLARINVERTERS26816,componentes,2670.85,3338.95,28,-3,25,20,11,neutro,b2c,0,Sim,high,0,0,0,0,0,0
NEOSOLARINVERTERS26817,componentes,1886.55,2357.99,28,-3,25,20,11,neutro,b2c,0,Sim,high,0,0,0,0,0,0
NEOSOLARINVERTERS26845,componentes,1479.43,1848.99,28,-3,25,20,11,neutro,b2c,0,Sim,high,0,0,0,0,0,0
NEOSOLARINVERTERS26846,componentes,6624.88,8280.99,28,-3,25,20,11,neutro,b2c,0,Sim,high,0,0,0,0,0,0
NEOSOLARINVERTERS26847,componentes,6339.74,7924.95,28,-3,25,20,11,neutro,b2c,0,Sim,high,0,0,0,0,0,0
NEOSOLARINVERTERS26848,componentes,9693.18,12116.49,28,-3,25,20,11,neutro,b2c,0,Sim,high,0,0,0,0,0,0
NEOSOLARINVERTERS26849,componentes,1481.04,1850.99,28,-3,25,20,11,neutro,b2c,0,Sim,high,0,0,0,0,0,0
NEOSOLARINVERTERS26857,componentes,6213.41,7767.00,28,-3,25,20,11,neutro,b2c,0,Sim,high,0,0,0,0,0,0
NEOSOLARINVERTERS26858,componentes,8108.10,10134.99,28,-3,25,20,11,neutro,b2c,0,Sim,high,0,0,0,0,0,0
NEOSOLARINVERTERS26859,componentes,5691.42,7113.99,28,-3,25,20,11,neutro,b2c,0,Sim,high,0,0,0,0,0,0
NEOSOLARINVERTERS26860,componentes,4005.50,5007.00,28,-3,25,20,11,neutro,b2c,0,Sim,high,0,0,0,0,0,0
NEOSOLARINVERTERS26861,componentes,1898.11,2372.95,28,-3,25,20,11,neutro,b2c,0,Sim,high,0,0,0,0,0,0
NEOSOLARINVERTERS26922,componentes,6224.80,7780.99,28,-3,25,20,11,neutro,b2c,0,Sim,high,0,0,0,0,0,0
NEOSOLARINVERTERS26923,componentes,4657.77,5821.99,28,-3,25,20,11,neutro,b2c,0,Sim,high,0,0,0,0,0,0
NEOSOLARINVERTERS26924,componentes,3779.95,4725.00,28,-3,25,20,11,neutro,b2c,0,Sim,high,0,0,0,0,0,0
NEOSOLARINVERTERS26927,componentes,6847.76,8559.95,28,-3,25,20,11,neutro,b2c,0,Sim,high,0,0,0,0,0,0
NEOSOLARINVERTERS26929,componentes,7311.72,9139.95,28,-3,25,20,11,neutro,b2c,0,Sim,high,0,0,0,0,0,0
NEOSOLARINVERTERS26930,componentes,9890.77,12363.49,28,-3,25,20,11,neutro,b2c,0,Sim,high,0,0,0,0,0,0
NEOSOLARINVERTERS26931,componentes,1929.23,2411.95,28,-3,25,20,11,neutro,b2c,0,Sim,high,0,0,0,0,0,0
NEOSOLARINVERTERS26934,componentes,2628.44,3285.95,28,-3,25,20,11,neutro,b2c,0,Sim,high,0,0,0,0,0,0
NEOSOLARINVERTERS26936,componentes,4295.33,5368.99,28,-3,25,20,11,neutro,b2c,0,Sim,high,0,0,0,0,0,0
NEOSOLARINVERTERS26937,componentes,487.17,609.00,28,-3,25,20,11,neutro,b2c,0,Sim,high,0,0,0,0,0,0
NEOSOLARINVERTERS26938,componentes,7248.21,9059.99,28,-3,25,20,11,neutro,b2c,0,Sim,high,0,0,0,0,0,0
NEOSOLARINVERTERS26941,componentes,2812.25,3514.99,28,-3,25,20,11,neutro,b2c,0,Sim,high,0,0,0,0,0,0
NEOSOLARINVERTERS26943,componentes,3492.09,4364.99,28,-3,25,20,11,neutro,b2c,0,Sim,high,0,0,0,0,0,0
NEOSOLARINVERTERS26944,componentes,8056.94,10070.99,28,-3,25,20,11,neutro,b2c,0,Sim,high,0,0,0,0,0,0
NEOSOLARINVERTERS26945,componentes,3642.84,4553.95,28,-3,25,20,11,neutro,b2c,0,Sim,high,0,0,0,0,0,0
NEOSOLARINVERTERS26948,componentes,9410.56,11762.99,28,-3,25,20,11,neutro,b2c,0,Sim,high,0,0,0,0,0,0
NEOSOLARINVERTERS27091,componentes,1333.23,1666.95,28,-3,25,20,11,neutro,b2c,0,Sim,high,0,0,0,0,0,0
NEOSOLARINVERTERS27093,componentes,9763.59,12204.49,28,-3,25,20,11,neutro,b2c,0,Não,high,0,0,0,0,0,0
NEOSOLARINVERTERS27128,componentes,1854.19,2317.95,28,-3,25,20,11,neutro,b2c,0,Sim,high,0,0,0,0,0,0
NEOSOLARINVERTERS27130,componentes,7175.89,8970.00,28,-3,25,20,11,neutro,b2c,0,Sim,high,0,0,0,0,0,0
NEOSOLARINVERTERS27131,componentes,8293.67,10366.99,28,-3,25,20,11,neutro,b2c,0,Sim,high,0,0,0,0,0,0
NEOSOLARINVERTERS27134,componentes,7941.43,9927.00,28,-3,25,20,11,neutro,b2c,0,Sim,high,0,0,0,0,0,0
NEOSOLARINVERTERS27136,componentes,4209.45,5262.00,28,-3,25,20,11,neutro,b2c,0,Sim,high,0,0,0,0,0,0
NEOSOLARINVERTERS27137,componentes,1829.39,2286.95,28,-3,25,20,11,neutro,b2c,0,Sim,high,0,0,0,0,0,0
NEOSOLARINVERTERS27141,componentes,3689.89,4611.99,28,-3,25,20,11,neutro,b2c,0,Sim,high,0,0,0,0,0,0
NEOSOLARINVERTERS27146,componentes,2483.87,3105.00,28,-3,25,20,11,neutro,b2c,0,Sim,high,0,0,0,0,0,0
NEOSOLARINVERTERS27149,componentes,9151.91,11440.00,28,-3,25,20,11,neutro,b2c,0,Sim,high,0,0,0,0,0,0
NEOSOLARINVERTERS27150,componentes,5127.31,6408.99,28,-3,25,20,11,neutro,b2c,0,Sim,high,0,0,0,0,0,0
NEOSOLARINVERTERS27152,componentes,9810.75,12263.49,28,-3,25,20,11,neutro,b2c,0,Sim,high,0,0,0,0,0,0
NEOSOLARINVERTERS27153,componentes,5318.21,6648.00,28,-3,25,20,11,neutro,b2c,0,Sim,high,0,0,0,0,0,0
NEOSOLARINVERTERS27156,componentes,1725.58,2157.00,28,-3,25,20,11,neutro,b2c,0,Sim,high,0,0,0,0,0,0
NEOSOLARINVERTERS27157,componentes,5913.31,7391.95,28,-3,25,20,11,neutro,b2c,0,Sim,high,0,0,0,0,0,0
NEOSOLARINVERTERS27160,componentes,7704.81,9630.99,28,-3,25,20,11,neutro,b2c,0,Sim,high,0,0,0,0,0,0
NEOSOLARINVERTERS27161,componentes,5451.15,6814.00,28,-3,25,20,11,neutro,b2c,0,Sim,high,0,0,0,0,0,0
NEOSOLARINVERTERS27162,componentes,10008.27,12509.99,28,-3,25,20,11,neutro,b2c,0,Sim,high,0,0,0,0,0,0
NEOSOLARINVERTERS27163,componentes,7775.66,9719.95,28,-3,25,20,11,neutro,b2c,0,Sim,high,0,0,0,0,0,0
NEOSOLARINVERTERS27166,componentes,6823.35,8528.99,28,-3,25,20,11,neutro,b2c,0,Sim,high,0,0,0,0,0,0
NEOSOLARINVERTERS27167,componentes,6017.50,7522.00,28,-3,25,20,11,neutro,b2c,0,Sim,high,0,0,0,0,0,0
NEOSOLARINVERTERS27171,componentes,8098.69,10122.99,28,-3,25,20,11,neutro,b2c,0,Sim,high,0,0,0,0,0,0
NEOSOLARINVERTERS27401,componentes,6206.68,7757.99,28,-3,25,20,11,neutro,b2c,0,Sim,high,0,0,0,0,0,0
NEOSOLARINVERTERS27406,componentes,7399.64,9249.95,28,-3,25,20,11,neutro,b2c,0,Sim,high,0,0,0,0,0,0
ODEXODEXESTRUTURASOLARGROUPCOLONIAL,estrutura,1842.41,2302.99,28,-3,25,20,11,neutro,b2c,0,Sim,high,0,0,0,0,0,0
ODEXODEXESTRUTURASOLARGROUPFIBROCIMENTO1,estrutura,9662.07,12077.95,28,-3,25,20,11,neutro,b2c,0,Sim,high,0,0,0,0,0,0
ODEXODEXESTRUTURASOLARGROUPFIBROCIMENTO,estrutura,2437.51,3047.00,28,-3,25,20,11,neutro,b2c,0,Sim,high,0,0,0,0,0,0
ODEXODEXESTRUTURASOLARGROUPMETALICO,estrutura,9522.24,11903.00,28,-3,25,20,11,neutro,b2c,0,Sim,high,0,0,0,0,0,0
ODEXODEXESTRUTURASOLARGROUPSOLO1,estrutura,2787.52,3484.49,28,-3,25,20,11,neutro,b2c,0,Sim,high,0,0,0,0,0,0
ODEXODEXESTRUTURASOLARGROUPSOLO,estrutura,6255.89,7820.00,28,-3,25,20,11,neutro,b2c,0,Sim,high,0,0,0,0,0,0
SKU112369117457314169194004,componentes,8157.97,10197.49,28,-3,25,20,11,neutro,b2c,0,Sim,high,0,0,0,0,0,0
SKU13572013572017458937387875142,componentes,7835.97,9795.00,28,-3,25,20,11,neutro,b2c,0,Sim,high,0,0,0,0,0,0
SKU14576314576317456925994814488,componentes,8849.13,11061.49,28,-3,25,20,11,neutro,b2c,0,Sim,high,0,0,0,0,0,0
SKU152147152147117507708324918071,componentes,186.41,232.99,28,-3,25,20,11,neutro,b2c,0,Sim,high,0,0,0,0,0,0
SKU165471165471117460424443329247,componentes,7952.80,9940.99,28,-3,25,20,11,neutro,b2c,0,Sim,high,0,0,0,0,0,0
SKU19257519257517460421976229660,componentes,1303.16,1629.00,28,-3,25,20,11,neutro,b2c,0,Sim,high,0,0,0,0,0,0
SKU19257619257617458855660881319,componentes,8451.61,10564.95,28,-3,25,20,11,neutro,b2c,0,Sim,high,0,0,0,0,0,0
SKU19402319402317460422066042496,componentes,8069.57,10087.00,28,-3,25,20,11,neutro,b2c,0,Sim,high,0,0,0,0,0,0
SKU24676124676117460392268529534,componentes,1789.50,2237.00,28,-3,25,20,11,neutro,b2c,0,Sim,high,0,0,0,0,0,0
SKU24676224676217460422357569937,componentes,4790.13,5987.95,28,-3,25,20,11,neutro,b2c,0,Sim,high,0,0,0,0,0,0
SKU24676324676317460422564036824,componentes,1007.64,1259.95,28,-3,25,20,11,neutro,b2c,0,Sim,high,0,0,0,0,0,0
SKU24676424676417458511580915488,componentes,1147.64,1434.95,28,-3,25,20,11,neutro,b2c,0,Sim,high,0,0,0,0,0,0
SKU24676524676517457436108364088,componentes,8451.80,10564.95,28,-3,25,20,11,neutro,b2c,0,Sim,high,0,0,0,0,0,0
SKU24676824676817459237636241276,componentes,9653.54,12067.00,28,-3,25,20,11,neutro,b2c,0,Sim,high,0,0,0,0,0,0
SKU24677624677617460419822698100,componentes,6206.49,7757.99,28,-3,25,20,11,neutro,b2c,0,Sim,high,0,0,0,0,0,0
SKU25851625851617459085227243203,componentes,7026.59,8782.99,28,-3,25,20,11,neutro,b2c,0,Sim,high,0,0,0,0,0,0
SKU26727726727717458727569694572,componentes,8488.56,10610.95,28,-3,25,20,11,neutro,b2c,0,Sim,high,0,0,0,0,0,0
SKU27695427695417460390182534484,componentes,9054.69,11317.99,28,-3,25,20,11,neutro,b2c,0,Sim,high,0,0,0,0,0,0
SKU28924100117457929059638740,componentes,7582.70,9477.99,28,-3,25,20,11,neutro,b2c,0,Sim,high,0,0,0,0,0,0
SKU29242129242117460422200014247,componentes,5250.19,6562.95,28,-3,25,20,11,neutro,b2c,0,Sim,high,0,0,0,0,0,0
SKU29242329242317459265882555020,componentes,4896.74,6121.00,28,-3,25,20,11,neutro,b2c,0,Sim,high,0,0,0,0,0,0
SKU29242429242417457928091181215,componentes,6723.95,8405.00,28,-3,25,20,11,neutro,b2c,0,Sim,high,0,0,0,0,0,0
SKU29243129243117458504394775074,componentes,7843.83,9805.00,28,-3,25,20,11,neutro,b2c,0,Sim,high,0,0,0,0,0,0
SKU29243329243317459162631168039,componentes,8852.66,11066.00,28,-3,25,20,11,neutro,b2c,0,Sim,high,0,0,0,0,0,0
SKU29243529243517460420086945208,componentes,6217.51,7772.00,28,-3,25,20,11,neutro,b2c,0,Sim,high,0,0,0,0,0,0
SKU29243729243717458999759611785,componentes,5442.89,6803.95,28,-3,25,20,11,neutro,b2c,0,Sim,high,0,0,0,0,0,0
SKU29243829243817459034566372442,componentes,9660.19,12074.99,28,-3,25,20,11,neutro,b2c,0,Sim,high,0,0,0,0,0,0
SKU29244229244217457818261091625,componentes,7972.49,9965.95,28,-3,25,20,11,neutro,b2c,0,Sim,high,0,0,0,0,0,0
SKU29959129959117467236965391281,componentes,7704.42,9630.95,28,-3,25,20,11,neutro,b2c,0,Sim,high,0,0,0,0,0,0
SKU29959529959517467957208646910,componentes,2924.04,3654.99,28,-3,25,20,11,neutro,b2c,0,Sim,high,0,0,0,0,0,0
SKU30615530615517479477829824229,componentes,9341.27,11676.95,28,-3,25,20,11,neutro,b2c,0,Sim,high,0,0,0,0,0,0
SKU31514831514817551159943964186,componentes,9511.15,11889.00,28,-3,25,20,11,neutro,b2c,0,Sim,high,0,0,0,0,0,0
FOTUSKP02KITS,kits,4702.22,5878.00,28,-3,25,20,11,neutro,b2c,0,Sim,high,0,0,0,0,0,0
FOTUSKP03KITS,kits,1645.42,2057.00,28,-3,25,20,11,neutro,b2c,0,Sim,high,0,0,0,0,0,0
FOTUSKP04KITSHIBRIDOS,kits,5831.58,7289.49,28,-3,25,20,11,neutro,b2c,0,Sim,high,0,0,0,0,0,0
FOTUSKP04KITS,kits,3658.06,4572.95,28,-3,25,20,11,neutro,b2c,0,Sim,high,0,0,0,0,0,0
NEOSOLARKITS22690,kits,8521.81,10651.99,28,-3,25,20,11,neutro,b2c,0,Sim,high,0,0,0,0,0,0
NEOSOLARKITS22691,kits,3063.86,3830.00,28,-3,25,20,11,neutro,b2c,0,Sim,high,0,0,0,0,0,0
NEOSOLARKITS23586,kits,7155.07,8944.00,28,-3,25,20,11,neutro,b2c,0,Sim,high,0,0,0,0,0,0
NEOSOLARKITS23699,kits,6743.96,8430.00,28,-3,25,20,11,neutro,b2c,0,Sim,high,0,0,0,0,0,0
NEOSOLARKITS23703,kits,5283.50,6603.99,28,-3,25,20,11,neutro,b2c,0,Sim,high,0,0,0,0,0,0
NEOSOLARKITS23927,kits,8073.36,10091.95,28,-3,25,20,11,neutro,b2c,0,Sim,high,0,0,0,0,0,0
NEOSOLARKITS23928,kits,827.02,1034.00,28,-3,25,20,11,neutro,b2c,0,Sim,high,0,0,0,0,0,0
NEOSOLARKITS23929,kits,9516.79,11896.00,28,-3,25,20,11,neutro,b2c,0,Sim,high,0,0,0,0,0,0
NEOSOLARKITS24170,kits,4910.18,6137.95,28,-3,25,20,11,neutro,b2c,0,Sim,high,0,0,0,0,0,0
NEOSOLARKITS24171,kits,9017.25,11271.95,28,-3,25,20,11,neutro,b2c,0,Sim,high,0,0,0,0,0,0
NEOSOLARKITS24172,kits,9870.54,12337.99,28,-3,25,20,11,neutro,b2c,0,Sim,high,0,0,0,0,0,0
NEOSOLARKITS24173,kits,576.87,720.99,28,-3,25,20,11,neutro,b2c,0,Sim,high,0,0,0,0,0,0
NEOSOLARKITS24174,kits,2520.82,3150.99,28,-3,25,20,11,neutro,b2c,0,Sim,high,0,0,0,0,0,0
NEOSOLARKITS24175,kits,171.98,215.00,28,-3,25,20,11,neutro,b2c,0,Sim,high,0,0,0,0,0,0
NEOSOLARKITS25043,kits,7264.74,9081.00,28,-3,25,20,11,neutro,b2c,0,Sim,high,0,0,0,0,0,0
NEOSOLARKITS25044,kits,7467.48,9333.99,28,-3,25,20,11,neutro,b2c,0,Sim,high,0,0,0,0,0,0
NEOSOLARKITS25045,kits,1121.88,1401.99,28,-3,25,20,11,neutro,b2c,0,Sim,high,0,0,0,0,0,0
NEOSOLARKITS25046,kits,105.72,131.99,28,-3,25,20,11,neutro,b2c,0,Sim,high,0,0,0,0,0,0
NEOSOLARKITS25047,kits,2955.44,3693.99,28,-3,25,20,11,neutro,b2c,0,Sim,high,0,0,0,0,0,0
NEOSOLARKITS25048,kits,2647.80,3309.95,28,-3,25,20,11,neutro,b2c,0,Sim,high,0,0,0,0,0,0
NEOSOLARKITS25049,kits,141.17,176.49,28,-3,25,20,11,neutro,b2c,0,Sim,high,0,0,0,0,0,0
NEOSOLARKITS25053,kits,4328.78,5411.00,28,-3,25,20,11,neutro,b2c,0,Sim,high,0,0,0,0,0,0
NEOSOLARKITS25129,kits,2032.90,2540.99,28,-3,25,20,11,neutro,b2c,0,Sim,high,0,0,0,0,0,0
NEOSOLARKITS25130,kits,2472.66,3091.00,28,-3,25,20,11,neutro,b2c,0,Sim,high,0,0,0,0,0,0
NEOSOLARKITS25131,kits,6252.30,7814.99,28,-3,25,20,11,neutro,b2c,0,Sim,high,0,0,0,0,0,0
NEOSOLARKITS25132,kits,8202.27,10253.00,28,-3,25,20,11,neutro,b2c,0,Sim,high,0,0,0,0,0,0
NEOSOLARKITS25154,kits,608.49,760.95,28,-3,25,20,11,neutro,b2c,0,Sim,high,0,0,0,0,0,0
NEOSOLARKITS25156,kits,2158.07,2697.95,28,-3,25,20,11,neutro,b2c,0,Sim,high,0,0,0,0,0,0
NEOSOLARKITS25158,kits,4145.71,5181.99,28,-3,25,20,11,neutro,b2c,0,Sim,high,0,0,0,0,0,0
NEOSOLARKITS25160,kits,7300.84,9125.99,28,-3,25,20,11,neutro,b2c,0,Sim,high,0,0,0,0,0,0
NEOSOLARKITS25162,kits,522.37,653.00,28,-3,25,20,11,neutro,b2c,0,Sim,high,0,0,0,0,0,0
NEOSOLARKITS25163,kits,8974.26,11218.00,28,-3,25,20,11,neutro,b2c,0,Sim,high,0,0,0,0,0,0
NEOSOLARKITS25164,kits,273.16,341.49,28,-3,25,20,11,neutro,b2c,0,Sim,high,0,0,0,0,0,0
NEOSOLARKITS26694,kits,978.57,1222.99,28,-3,25,20,11,neutro,b2c,0,Sim,high,0,0,0,0,0,0
NEOSOLARKITS26695,kits,5458.00,6822.49,28,-3,25,20,11,neutro,b2c,0,Sim,high,0,0,0,0,0,0
NEOSOLARKITS26696,kits,1875.59,2344.49,28,-3,25,20,11,neutro,b2c,0,Não,high,0,0,0,0,0,0
NEOSOLARKITS26697,kits,7313.13,9141.49,28,-3,25,20,11,neutro,b2c,0,Sim,high,0,0,0,0,0,0
NEOSOLARKITS26698,kits,5689.90,7111.99,28,-3,25,20,11,neutro,b2c,0,Sim,high,0,0,0,0,0,0
NEOSOLARKITS26699,kits,472.40,590.49,28,-3,25,20,11,neutro,b2c,0,Não,high,0,0,0,0,0,0
NEOSOLARKITS26700,kits,9542.80,11928.49,28,-3,25,20,11,neutro,b2c,0,Sim,high,0,0,0,0,0,0
NEOSOLARKITS26701,kits,9970.29,12463.00,28,-3,25,20,11,neutro,b2c,0,Sim,high,0,0,0,0,0,0
NEOSOLARKITS26720,kits,7531.33,9413.99,28,-3,25,20,11,neutro,b2c,0,Sim,high,0,0,0,0,0,0
NEOSOLARKITS26721,kits,4244.34,5305.49,28,-3,25,20,11,neutro,b2c,0,Sim,high,0,0,0,0,0,0
NEOSOLARKITS26722,kits,9994.93,12493.95,28,-3,25,20,11,neutro,b2c,0,Sim,high,0,0,0,0,0,0
NEOSOLARKITS26723,kits,6622.01,8277.95,28,-3,25,20,11,neutro,b2c,0,Sim,high,0,0,0,0,0,0
NEOSOLARKITS26968,kits,1676.72,2096.00,28,-3,25,20,11,neutro,b2c,0,Sim,high,0,0,0,0,0,0
NEOSOLARKITS26969,kits,5477.09,6845.99,28,-3,25,20,11,neutro,b2c,0,Sim,high,0,0,0,0,0,0
NEOSOLARKITS26970,kits,5929.06,7410.99,28,-3,25,20,11,neutro,b2c,0,Sim,high,0,0,0,0,0,0
NEOSOLARKITS26971,kits,8932.22,11164.99,28,-3,25,20,11,neutro,b2c,0,Sim,high,0,0,0,0,0,0
NEOSOLARKITS26972,kits,8664.42,10830.95,28,-3,25,20,11,neutro,b2c,0,Sim,high,0,0,0,0,0,0
NEOSOLARKITS26975,kits,1709.54,2137.00,28,-3,25,20,11,neutro,b2c,0,Sim,high,0,0,0,0,0,0
NEOSOLARKITS26984,kits,8725.46,10907.00,28,-3,25,20,11,neutro,b2c,0,Sim,high,0,0,0,0,0,0
NEOSOLARKITS26985,kits,242.38,303.00,28,-3,25,20,11,neutro,b2c,0,Sim,high,0,0,0,0,0,0
NEOSOLARKITS26986,kits,9245.79,11556.99,28,-3,25,20,11,neutro,b2c,0,Sim,high,0,0,0,0,0,0
NEOSOLARKITS26987,kits,8432.38,10540.49,28,-3,25,20,11,neutro,b2c,0,Sim,high,0,0,0,0,0,0
NEOSOLARKITS26988,kits,3992.79,4991.00,28,-3,25,20,11,neutro,b2c,0,Sim,high,0,0,0,0,0,0
NEOSOLARKITS26991,kits,2963.71,3704.95,28,-3,25,20,11,neutro,b2c,0,Sim,high,0,0,0,0,0,0
NEOSOLARKITS27259,kits,6928.69,8661.00,28,-3,25,20,11,neutro,b2c,0,Sim,high,0,0,0,0,0,0
NEOSOLARKITS27260,kits,446.23,558.00,28,-3,25,20,11,neutro,b2c,0,Sim,high,0,0,0,0,0,0
NEOSOLARKITS27261,kits,6774.47,8467.99,28,-3,25,20,11,neutro,b2c,0,Sim,high,0,0,0,0,0,0
NEOSOLARKITS27262,kits,9331.12,11664.00,28,-3,25,20,11,neutro,b2c,0,Sim,high,0,0,0,0,0,0
NEOSOLARKITS27263,kits,206.79,258.49,28,-3,25,20,11,neutro,b2c,0,Sim,high,0,0,0,0,0,0
NEOSOLARKITS27264,kits,5775.81,7220.00,28,-3,25,20,11,neutro,b2c,0,Sim,high,0,0,0,0,0,0
NEOSOLARKITS27265,kits,4157.61,5196.99,28,-3,25,20,11,neutro,b2c,0,Sim,high,0,0,0,0,0,0
NEOSOLARKITS27266,kits,1955.67,2444.95,28,-3,25,20,11,neutro,b2c,0,Sim,high,0,0,0,0,0,0
NEOSOLARKITS27267,kits,8079.37,10098.99,28,-3,25,20,11,neutro,b2c,0,Sim,high,0,0,0,0,0,0
NEOSOLARKITS27268,kits,9375.97,11720.00,28,-3,25,20,11,neutro,b2c,0,Sim,high,0,0,0,0,0,0
NEOSOLARKITS27269,kits,5633.49,7042.00,28,-3,25,20,11,neutro,b2c,0,Sim,high,0,0,0,0,0,0
NEOSOLARKITS27270,kits,2077.60,2596.99,28,-3,25,20,11,neutro,b2c,0,Sim,high,0,0,0,0,0,0
NEOSOLARKITS27296,kits,333.72,416.99,28,-3,25,20,11,neutro,b2c,0,Sim,high,0,0,0,0,0,0
NEOSOLARKITS27297,kits,6039.30,7548.99,28,-3,25,20,11,neutro,b2c,0,Sim,high,0,0,0,0,0,0
NEOSOLARKITS27298,kits,5436.07,6794.99,28,-3,25,20,11,neutro,b2c,0,Sim,high,0,0,0,0,0,0
NEOSOLARKITS27299,kits,2082.34,2603.00,28,-3,25,20,11,neutro,b2c,0,Sim,high,0,0,0,0,0,0
NEOSOLARKITS27300,kits,8421.40,10526.95,28,-3,25,20,11,neutro,b2c,0,Sim,high,0,0,0,0,0,0
NEOSOLARKITS27301,kits,1377.49,1722.00,28,-3,25,20,11,neutro,b2c,0,Sim,high,0,0,0,0,0,0
NEOSOLARKITS27302,kits,6261.64,7826.99,28,-3,25,20,11,neutro,b2c,0,Sim,high,0,0,0,0,0,0
NEOSOLARKITS27303,kits,8728.75,10911.00,28,-3,25,20,11,neutro,b2c,0,Sim,high,0,0,0,0,0,0
NEOSOLARKITS27304,kits,3688.83,4610.99,28,-3,25,20,11,neutro,b2c,0,Sim,high,0,0,0,0,0,0
NEOSOLARKITS27305,kits,4524.15,5654.99,28,-3,25,20,11,neutro,b2c,0,Sim,high,0,0,0,0,0,0
NEOSOLARKITS27306,kits,9417.82,11771.99,28,-3,25,20,11,neutro,b2c,0,Sim,high,0,0,0,0,0,0
NEOSOLARKITS27313,kits,4269.91,5336.99,28,-3,25,20,11,neutro,b2c,0,Sim,high,0,0,0,0,0,0
NEOSOLARKITS27314,kits,9096.24,11369.99,28,-3,25,20,11,neutro,b2c,0,Sim,high,0,0,0,0,0,0
NEOSOLARKITS27315,kits,8663.14,10829.00,28,-3,25,20,11,neutro,b2c,0,Sim,high,0,0,0,0,0,0
NEOSOLARKITS27339,kits,525.79,656.99,28,-3,25,20,11,neutro,b2c,0,Sim,high,0,0,0,0,0,0
NEOSOLARKITS27347,kits,3236.56,4045.95,28,-3,25,20,11,neutro,b2c,0,Sim,high,0,0,0,0,0,0
NEOSOLARKITS27348,kits,4655.30,5818.99,28,-3,25,20,11,neutro,b2c,0,Sim,high,0,0,0,0,0,0
NEOSOLARKITS27349,kits,5835.35,7293.99,28,-3,25,20,11,neutro,b2c,0,Sim,high,0,0,0,0,0,0
NEOSOLARKITS27378,kits,6536.20,8169.99,28,-3,25,20,11,neutro,b2c,0,Sim,high,0,0,0,0,0,0
NEOSOLARKITS27475,kits,9533.70,11916.99,28,-3,25,20,11,neutro,b2c,0,Sim,high,0,0,0,0,0,0
NEOSOLARKITS27476,kits,9822.92,12278.95,28,-3,25,20,11,neutro,b2c,0,Sim,high,0,0,0,0,0,0
ENPHASEIQ8P722BRIMAGEPRODUCT600340,componentes,2248.42,2810.95,28,-3,25,20,11,neutro,b2c,0,Sim,high,0,0,0,0,0,0
GOODWEEZLOGGERPROIMAGE,componentes,6856.15,8569.99,28,-3,25,20,11,neutro,b2c,0,Sim,high,0,0,0,0,0,0
GOODWEGW3300XS30AFCIIMAGE,componentes,7122.88,8903.95,28,-3,25,20,11,neutro,b2c,0,Sim,high,0,0,0,0,0,0
GOODWEGW5000DNS3016AAFCIIMAGE,componentes,7641.85,9551.99,28,-3,25,20,11,neutro,b2c,0,Sim,high,0,0,0,0,0,0
GOODWEGW2000MISIMAGEPRODUCT600329,componentes,4610.84,5763.95,28,-3,25,20,11,neutro,b2c,0,Sim,high,0,0,0,0,0,0
GOODWEGW3500LESBR20IMAGEPRODUCT600361,componentes,698.19,872.95,28,-3,25,20,11,neutro,b2c,0,Sim,high,0,0,0,0,0,0
GOODWEGW3600ESBR20AFCIIMAGE,componentes,3484.18,4354.99,28,-3,25,20,11,neutro,b2c,0,Sim,high,0,0,0,0,0,0
GOODWEGW6000ESBR20AFCIIMAGE,componentes,3602.91,4503.95,28,-3,25,20,11,neutro,b2c,0,Sim,high,0,0,0,0,0,0
GOODWEGW6000SBP20IMAGE,componentes,9269.82,11586.99,28,-3,25,20,11,neutro,b2c,0,Sim,high,0,0,0,0,0,0
192068,componentes,8908.39,11135.49,28,-3,25,20,11,neutro,b2c,0,Não,high,0,0,0,0,0,0
215563,componentes,1980.98,2475.99,28,-3,25,20,11,neutro,b2c,0,Sim,high,0,0,0,0,0,0
289244,componentes,3730.19,4662.95,28,-3,25,20,11,neutro,b2c,0,Sim,high,0,0,0,0,0,0
291808,componentes,435.15,544.00,28,-3,25,20,11,neutro,b2c,0,Sim,high,0,0,0,0,0,0
299586,componentes,4102.59,5127.99,28,-3,25,20,11,neutro,b2c,0,Sim,high,0,0,0,0,0,0
299589,componentes,752.30,939.99,28,-3,25,20,11,neutro,b2c,0,Sim,high,0,0,0,0,0,0
300585,componentes,7281.58,9102.00,28,-3,25,20,11,neutro,b2c,0,Sim,high,0,0,0,0,0,0
304574,componentes,1138.22,1423.00,28,-3,25,20,11,neutro,b2c,0,Sim,high,0,0,0,0,0,0
IMAGE,componentes,8720.13,10899.99,28,-3,25,20,11,neutro,b2c,0,Sim,high,0,0,0,0,0,0
IMAGEPRODUCT450083,componentes,2966.54,3707.99,28,-3,25,20,11,neutro,b2c,0,Sim,high,0,0,0,0,0,0
IMAGEPRODUCT450094,componentes,7868.66,9836.00,28,-3,25,20,11,neutro,b2c,0,Sim,high,0,0,0,0,0,0
IMAGEPRODUCT450114,componentes,6626.96,8283.95,28,-3,25,20,11,neutro,b2c,0,Sim,high,0,0,0,0,0,0
IMAGEPRODUCT450118,componentes,3964.56,4955.95,28,-3,25,20,11,neutro,b2c,0,Sim,high,0,0,0,0,0,0
IMAGEPRODUCT450123,componentes,6909.59,8637.00,28,-3,25,20,11,neutro,b2c,0,Sim,high,0,0,0,0,0,0
PAINELBYDBYD530WMLK36530W,paineis,764.64,956.00,28,-3,25,20,11,neutro,b2c,0,Sim,high,0,0,0,0,0,0
NEOSOLARCHARGERS20031,componentes,3558.57,4447.99,28,-3,25,20,11,neutro,b2c,0,Sim,high,0,0,0,0,0,0
NEOSOLARCHARGERS20034,componentes,6837.89,8546.99,28,-3,25,20,11,neutro,b2c,0,Sim,high,0,0,0,0,0,0
NEOSOLARCHARGERS20035,componentes,4268.62,5336.00,28,-3,25,20,11,neutro,b2c,0,Sim,high,0,0,0,0,0,0
NEOSOLARCHARGERS20043,componentes,9396.15,11744.99,28,-3,25,20,11,neutro,b2c,0,Sim,high,0,0,0,0,0,0
NEOSOLARCHARGERS20044,componentes,4746.52,5932.99,28,-3,25,20,11,neutro,b2c,0,Sim,high,0,0,0,0,0,0
NEOSOLARCHARGERS20045,componentes,286.69,357.99,28,-3,25,20,11,neutro,b2c,0,Sim,high,0,0,0,0,0,0
NEOSOLARCHARGERS20858,componentes,9846.50,12307.99,28,-3,25,20,11,neutro,b2c,0,Sim,high,0,0,0,0,0,0
NEOSOLARCHARGERS20859,componentes,8805.26,11006.95,28,-3,25,20,11,neutro,b2c,0,Sim,high,0,0,0,0,0,0
NEOSOLARCHARGERS20860,componentes,5610.24,7013.00,28,-3,25,20,11,neutro,b2c,0,Sim,high,0,0,0,0,0,0
NEOSOLARCHARGERS20861,componentes,3512.78,4391.00,28,-3,25,20,11,neutro,b2c,0,Sim,high,0,0,0,0,0,0
NEOSOLARCHARGERS20862,componentes,6613.96,8267.49,28,-3,25,20,11,neutro,b2c,0,Sim,high,0,0,0,0,0,0
NEOSOLARCHARGERS20863,componentes,6598.41,8247.99,28,-3,25,20,11,neutro,b2c,0,Sim,high,0,0,0,0,0,0
NEOSOLARCHARGERS20864,componentes,4050.60,5062.99,28,-3,25,20,11,neutro,b2c,0,Sim,high,0,0,0,0,0,0
NEOSOLARCHARGERS20865,componentes,3006.37,3758.00,28,-3,25,20,11,neutro,b2c,0,Sim,high,0,0,0,0,0,0
NEOSOLARCHARGERS20866,componentes,1250.55,1562.99,28,-3,25,20,11,neutro,b2c,0,Sim,high,0,0,0,0,0,0
NEOSOLARCHARGERS20868,componentes,1024.94,1280.99,28,-3,25,20,11,neutro,b2c,0,Sim,high,0,0,0,0,0,0
NEOSOLARCHARGERS20870,componentes,8792.06,10989.99,28,-3,25,20,11,neutro,b2c,0,Sim,high,0,0,0,0,0,0
NEOSOLARCHARGERS20871,componentes,6839.92,8550.00,28,-3,25,20,11,neutro,b2c,0,Sim,high,0,0,0,0,0,0
NEOSOLARCHARGERS20872,componentes,6232.48,7790.95,28,-3,25,20,11,neutro,b2c,0,Sim,high,0,0,0,0,0,0
NEOSOLARCHARGERS20873,componentes,7827.46,9783.99,28,-3,25,20,11,neutro,b2c,0,Sim,high,0,0,0,0,0,0
NEOSOLARCHARGERS21294,componentes,3555.60,4444.49,28,-3,25,20,11,neutro,b2c,0,Sim,high,0,0,0,0,0,0
NEOSOLARCHARGERS21295,componentes,8003.89,10005.00,28,-3,25,20,11,neutro,b2c,0,Sim,high,0,0,0,0,0,0
NEOSOLARCHARGERS21741,componentes,679.82,850.00,28,-3,25,20,11,neutro,b2c,0,Sim,high,0,0,0,0,0,0
NEOSOLARCHARGERS21742,componentes,4125.41,5157.00,28,-3,25,20,11,neutro,b2c,0,Sim,high,0,0,0,0,0,0
NEOSOLARCHARGERS21743,componentes,5030.29,6288.00,28,-3,25,20,11,neutro,b2c,0,Sim,high,0,0,0,0,0,0
NEOSOLARCHARGERS21751,componentes,6393.99,7992.49,28,-3,25,20,11,neutro,b2c,0,Sim,high,0,0,0,0,0,0
NEOSOLARCHARGERS21755,componentes,3131.45,3913.99,28,-3,25,20,11,neutro,b2c,0,Sim,high,0,0,0,0,0,0
NEOSOLARCHARGERS21756,componentes,3480.12,4349.99,28,-3,25,20,11,neutro,b2c,0,Sim,high,0,0,0,0,0,0
NEOSOLARCHARGERS21757,componentes,4923.74,6154.95,28,-3,25,20,11,neutro,b2c,0,Sim,high,0,0,0,0,0,0
NEOSOLARCHARGERS22154,componentes,6630.09,8287.95,28,-3,25,20,11,neutro,b2c,0,Sim,high,0,0,0,0,0,0
NEOSOLARCHARGERS23757,componentes,6550.35,8188.00,28,-3,25,20,11,neutro,b2c,0,Sim,high,0,0,0,0,0,0
NEOSOLARCHARGERS23758,componentes,823.20,1028.99,28,-3,25,20,11,neutro,b2c,0,Sim,high,0,0,0,0,0,0
NEOSOLARCHARGERS23759,componentes,9760.62,12201.00,28,-3,25,20,11,neutro,b2c,0,Sim,high,0,0,0,0,0,0
NEOSOLARCHARGERS23760,componentes,380.78,476.00,28,-3,25,20,11,neutro,b2c,0,Sim,high,0,0,0,0,0,0
NEOSOLARCHARGERS23761,componentes,9281.80,11601.99,28,-3,25,20,11,neutro,b2c,0,Sim,high,0,0,0,0,0,0
NEOSOLARCHARGERS23762,componentes,10013.16,12516.49,28,-3,25,20,11,neutro,b2c,0,Sim,high,0,0,0,0,0,0
NEOSOLARCHARGERS24019,componentes,1997.78,2496.99,28,-3,25,20,11,neutro,b2c,0,Sim,high,0,0,0,0,0,0
NEOSOLARCHARGERS24021,componentes,2850.85,3563.95,28,-3,25,20,11,neutro,b2c,0,Sim,high,0,0,0,0,0,0
NEOSOLARCHARGERS24072,componentes,3230.03,4037.95,28,-3,25,20,11,neutro,b2c,0,Sim,high,0,0,0,0,0,0
NEOSOLARCHARGERS24249,componentes,3734.61,4667.99,28,-3,25,20,11,neutro,b2c,0,Sim,high,0,0,0,0,0,0
NEOSOLARCHARGERS24467,componentes,5986.45,7482.99,28,-3,25,20,11,neutro,b2c,0,Sim,high,0,0,0,0,0,0
NEOSOLARCHARGERS24468,componentes,7071.07,8839.00,28,-3,25,20,11,neutro,b2c,0,Sim,high,0,0,0,0,0,0
NEOSOLARCHARGERS24473,componentes,7940.44,9925.95,28,-3,25,20,11,neutro,b2c,0,Sim,high,0,0,0,0,0,0
NEOSOLARCHARGERS24474,componentes,6358.39,7948.00,28,-3,25,20,11,neutro,b2c,0,Sim,high,0,0,0,0,0,0
NEOSOLARCHARGERS24475,componentes,5877.53,7347.00,28,-3,25,20,11,neutro,b2c,0,Sim,high,0,0,0,0,0,0
NEOSOLARCHARGERS24593,componentes,3826.76,4783.49,28,-3,25,20,11,neutro,b2c,0,Sim,high,0,0,0,0,0,0
NEOSOLARCHARGERS24594,componentes,2850.75,3563.49,28,-3,25,20,11,neutro,b2c,0,Sim,high,0,0,0,0,0,0
NEOSOLARCHARGERS24606,componentes,7468.79,9336.00,28,-3,25,20,11,neutro,b2c,0,Sim,high,0,0,0,0,0,0
NEOSOLARCHARGERS24607,componentes,4989.61,6236.99,28,-3,25,20,11,neutro,b2c,0,Sim,high,0,0,0,0,0,0
NEOSOLARCHARGERS24608,componentes,4436.49,5545.95,28,-3,25,20,11,neutro,b2c,0,Sim,high,0,0,0,0,0,0
NEOSOLARCHARGERS24609,componentes,9779.67,12224.95,28,-3,25,20,11,neutro,b2c,0,Sim,high,0,0,0,0,0,0
NEOSOLARCHARGERS24713,componentes,7417.89,9271.99,28,-3,25,20,11,neutro,b2c,0,Sim,high,0,0,0,0,0,0
NEOSOLARCHARGERS24714,componentes,8448.57,10560.95,28,-3,25,20,11,neutro,b2c,0,Sim,high,0,0,0,0,0,0
NEOSOLARCHARGERS24715,componentes,3507.43,4383.99,28,-3,25,20,11,neutro,b2c,0,Sim,high,0,0,0,0,0,0
NEOSOLARCHARGERS24716,componentes,8841.05,11050.99,28,-3,25,20,11,neutro,b2c,0,Sim,high,0,0,0,0,0,0
NEOSOLARCHARGERS24717,componentes,5856.97,7320.99,28,-3,25,20,11,neutro,b2c,0,Sim,high,0,0,0,0,0,0
NEOSOLARCHARGERS24718,componentes,9201.67,11501.99,28,-3,25,20,11,neutro,b2c,0,Sim,high,0,0,0,0,0,0
NEOSOLARCHARGERS24795,componentes,5950.81,7438.95,28,-3,25,20,11,neutro,b2c,0,Sim,high,0,0,0,0,0,0
NEOSOLARCHARGERS24801,componentes,1202.45,1502.99,28,-3,25,20,11,neutro,b2c,0,Sim,high,0,0,0,0,0,0
NEOSOLARCHARGERS24802,componentes,2219.35,2773.99,28,-3,25,20,11,neutro,b2c,0,Sim,high,0,0,0,0,0,0
NEOSOLARCHARGERS25012,componentes,8621.36,10776.95,28,-3,25,20,11,neutro,b2c,0,Sim,high,0,0,0,0,0,0
NEOSOLARCHARGERS25023,componentes,9080.13,11349.99,28,-3,25,20,11,neutro,b2c,0,Sim,high,0,0,0,0,0,0
NEOSOLARCHARGERS25024,componentes,9905.74,12381.99,28,-3,25,20,11,neutro,b2c,0,Sim,high,0,0,0,0,0,0
NEOSOLARCHARGERS25025,componentes,8767.66,10959.95,28,-3,25,20,11,neutro,b2c,0,Sim,high,0,0,0,0,0,0
NEOSOLARCHARGERS25128,componentes,3514.72,4392.99,28,-3,25,20,11,neutro,b2c,0,Sim,high,0,0,0,0,0,0
NEOSOLARCHARGERS25220,componentes,9492.08,11864.99,28,-3,25,20,11,neutro,b2c,0,Sim,high,0,0,0,0,0,0
NEOSOLARCHARGERS26359,componentes,1354.17,1692.95,28,-3,25,20,11,neutro,b2c,0,Sim,high,0,0,0,0,0,0
NEOSOLARCHARGERS26360,componentes,4023.20,5028.99,28,-3,25,20,11,neutro,b2c,0,Sim,high,0,0,0,0,0,0
NEOSOLARCHARGERS26361,componentes,8536.02,10669.99,28,-3,25,20,11,neutro,b2c,0,Sim,high,0,0,0,0,0,0
NEOSOLARCHARGERS26525,componentes,3356.23,4194.99,28,-3,25,20,11,neutro,b2c,0,Sim,high,0,0,0,0,0,0
NEOSOLARCHARGERS26526,componentes,541.41,677.00,28,-3,25,20,11,neutro,b2c,0,Sim,high,0,0,0,0,0,0
NEOSOLARCHARGERS26900,componentes,1098.35,1373.00,28,-3,25,20,11,neutro,b2c,0,Sim,high,0,0,0,0,0,0
NEOSOLARCHARGERS26901,componentes,7726.50,9657.99,28,-3,25,20,11,neutro,b2c,0,Sim,high,0,0,0,0,0,0
NEOSOLARCHARGERS26902,componentes,1066.71,1332.99,28,-3,25,20,11,neutro,b2c,0,Sim,high,0,0,0,0,0,0
NEOSOLARCHARGERS26903,componentes,2669.13,3336.49,28,-3,25,20,11,neutro,b2c,0,Sim,high,0,0,0,0,0,0
NEOSOLARCHARGERS26904,componentes,5794.92,7243.95,28,-3,25,20,11,neutro,b2c,0,Sim,high,0,0,0,0,0,0
NEOSOLARCHARGERS27327,componentes,2608.05,3259.99,28,-3,25,20,11,neutro,b2c,0,Sim,high,0,0,0,0,0,0
NEOSOLARCHARGERS27328,componentes,4615.98,5770.00,28,-3,25,20,11,neutro,b2c,0,Sim,high,0,0,0,0,0,0
NEOSOLARCHARGERS27329,componentes,9726.51,12157.99,28,-3,25,20,11,neutro,b2c,0,Sim,high,0,0,0,0,0,0
NEOSOLARCHARGERS27330,componentes,6444.63,8056.00,28,-3,25,20,11,neutro,b2c,0,Sim,high,0,0,0,0,0,0
NEOSOLARCHARGERS27386,componentes,4740.70,5926.00,28,-3,25,20,11,neutro,b2c,0,Sim,high,0,0,0,0,0,0
NEOSOLARCONTROLLERS20055,componentes,2286.16,2857.95,28,-3,25,20,11,neutro,b2c,0,Sim,high,0,0,0,0,0,0
NEOSOLARCONTROLLERS20056,componentes,1231.10,1539.00,28,-3,25,20,11,neutro,b2c,0,Sim,high,0,0,0,0,0,0
NEOSOLARCONTROLLERS20057,componentes,5968.94,7460.99,28,-3,25,20,11,neutro,b2c,0,Sim,high,0,0,0,0,0,0
NEOSOLARCONTROLLERS20079,componentes,4098.03,5122.95,28,-3,25,20,11,neutro,b2c,0,Sim,high,0,0,0,0,0,0
NEOSOLARCONTROLLERS20080,componentes,7989.20,9986.49,28,-3,25,20,11,neutro,b2c,0,Sim,high,0,0,0,0,0,0
NEOSOLARCONTROLLERS20082,componentes,1607.29,2008.99,28,-3,25,20,11,neutro,b2c,0,Sim,high,0,0,0,0,0,0
NEOSOLARCONTROLLERS20084,componentes,756.31,944.99,28,-3,25,20,11,neutro,b2c,0,Sim,high,0,0,0,0,0,0
NEOSOLARCONTROLLERS20085,componentes,7785.86,9731.99,28,-3,25,20,11,neutro,b2c,0,Sim,high,0,0,0,0,0,0
NEOSOLARCONTROLLERS20105,componentes,2628.58,3285.95,28,-3,25,20,11,neutro,b2c,0,Sim,high,0,0,0,0,0,0
NEOSOLARCONTROLLERS20106,componentes,5504.90,6880.99,28,-3,25,20,11,neutro,b2c,0,Sim,high,0,0,0,0,0,0
NEOSOLARCONTROLLERS20107,componentes,4838.16,6047.95,28,-3,25,20,11,neutro,b2c,0,Sim,high,0,0,0,0,0,0
NEOSOLARCONTROLLERS20109,componentes,8644.45,10805.95,28,-3,25,20,11,neutro,b2c,0,Sim,high,0,0,0,0,0,0
NEOSOLARCONTROLLERS20110,componentes,4873.39,6091.95,28,-3,25,20,11,neutro,b2c,0,Sim,high,0,0,0,0,0,0
NEOSOLARCONTROLLERS20112,componentes,7121.39,8901.95,28,-3,25,20,11,neutro,b2c,0,Sim,high,0,0,0,0,0,0
NEOSOLARCONTROLLERS20114,componentes,5107.47,6383.99,28,-3,25,20,11,neutro,b2c,0,Sim,high,0,0,0,0,0,0
NEOSOLARCONTROLLERS20126,componentes,5726.13,7157.95,28,-3,25,20,11,neutro,b2c,0,Sim,high,0,0,0,0,0,0
NEOSOLARCONTROLLERS20127,componentes,3603.33,4503.99,28,-3,25,20,11,neutro,b2c,0,Sim,high,0,0,0,0,0,0
NEOSOLARCONTROLLERS20128,componentes,4602.31,5753.00,28,-3,25,20,11,neutro,b2c,0,Sim,high,0,0,0,0,0,0
NEOSOLARCONTROLLERS20131,componentes,7735.43,9668.99,28,-3,25,20,11,neutro,b2c,0,Sim,high,0,0,0,0,0,0
NEOSOLARCONTROLLERS20132,componentes,8067.07,10084.00,28,-3,25,20,11,neutro,b2c,0,Sim,high,0,0,0,0,0,0
NEOSOLARCONTROLLERS20134,componentes,8786.01,10982.95,28,-3,25,20,11,neutro,b2c,0,Sim,high,0,0,0,0,0,0
NEOSOLARCONTROLLERS20135,componentes,1330.31,1663.00,28,-3,25,20,11,neutro,b2c,0,Sim,high,0,0,0,0,0,0
NEOSOLARCONTROLLERS20137,componentes,1554.46,1942.99,28,-3,25,20,11,neutro,b2c,0,Sim,high,0,0,0,0,0,0
NEOSOLARCONTROLLERS20139,componentes,857.64,1071.99,28,-3,25,20,11,neutro,b2c,0,Sim,high,0,0,0,0,0,0
NEOSOLARCONTROLLERS20142,componentes,2189.62,2736.99,28,-3,25,20,11,neutro,b2c,0,Sim,high,0,0,0,0,0,0
NEOSOLARCONTROLLERS20356,componentes,3852.87,4815.99,28,-3,25,20,11,neutro,b2c,0,Sim,high,0,0,0,0,0,0
NEOSOLARCONTROLLERS20357,componentes,1890.41,2362.99,28,-3,25,20,11,neutro,b2c,0,Sim,high,0,0,0,0,0,0
NEOSOLARCONTROLLERS20358,componentes,6675.13,8344.00,28,-3,25,20,11,neutro,b2c,0,Sim,high,0,0,0,0,0,0
NEOSOLARCONTROLLERS20359,componentes,1412.22,1764.99,28,-3,25,20,11,neutro,b2c,0,Sim,high,0,0,0,0,0,0
NEOSOLARCONTROLLERS20392,componentes,263.67,329.95,28,-3,25,20,11,neutro,b2c,0,Sim,high,0,0,0,0,0,0
NEOSOLARCONTROLLERS20781,componentes,5116.83,6395.99,28,-3,25,20,11,neutro,b2c,0,Sim,high,0,0,0,0,0,0
NEOSOLARCONTROLLERS21564,componentes,9102.97,11378.95,28,-3,25,20,11,neutro,b2c,0,Sim,high,0,0,0,0,0,0
NEOSOLARCONTROLLERS21565,componentes,9398.05,11747.95,28,-3,25,20,11,neutro,b2c,0,Sim,high,0,0,0,0,0,0
NEOSOLARCONTROLLERS21708,componentes,4516.12,5644.99,28,-3,25,20,11,neutro,b2c,0,Sim,high,0,0,0,0,0,0
NEOSOLARCONTROLLERS21709,componentes,8305.03,10380.99,28,-3,25,20,11,neutro,b2c,0,Sim,high,0,0,0,0,0,0
NEOSOLARCONTROLLERS21998,componentes,3737.55,4672.00,28,-3,25,20,11,neutro,b2c,0,Sim,high,0,0,0,0,0,0
NEOSOLARCONTROLLERS22397,componentes,2024.40,2530.49,28,-3,25,20,11,neutro,b2c,0,Sim,high,0,0,0,0,0,0
NEOSOLARCONTROLLERS22724,componentes,6932.28,8664.99,28,-3,25,20,11,neutro,b2c,0,Sim,high,0,0,0,0,0,0
NEOSOLARCONTROLLERS22725,componentes,2746.22,3433.00,28,-3,25,20,11,neutro,b2c,0,Sim,high,0,0,0,0,0,0
NEOSOLARCONTROLLERS23052,componentes,1940.08,2424.99,28,-3,25,20,11,neutro,b2c,0,Sim,high,0,0,0,0,0,0
NEOSOLARCONTROLLERS23053,componentes,254.23,318.00,28,-3,25,20,11,neutro,b2c,0,Sim,high,0,0,0,0,0,0
NEOSOLARCONTROLLERS23054,componentes,547.22,683.99,28,-3,25,20,11,neutro,b2c,0,Sim,high,0,0,0,0,0,0
NEOSOLARCONTROLLERS23055,componentes,5328.50,6660.95,28,-3,25,20,11,neutro,b2c,0,Sim,high,0,0,0,0,0,0
NEOSOLARCONTROLLERS23071,componentes,1048.14,1309.99,28,-3,25,20,11,neutro,b2c,0,Sim,high,0,0,0,0,0,0
NEOSOLARCONTROLLERS23072,componentes,950.14,1187.95,28,-3,25,20,11,neutro,b2c,0,Sim,high,0,0,0,0,0,0
NEOSOLARCONTROLLERS23354,componentes,4548.40,5685.95,28,-3,25,20,11,neutro,b2c,0,Sim,high,0,0,0,0,0,0
NEOSOLARCONTROLLERS23355,componentes,7760.96,9700.99,28,-3,25,20,11,neutro,b2c,0,Sim,high,0,0,0,0,0,0
NEOSOLARCONTROLLERS23500,componentes,4113.95,5142.49,28,-3,25,20,11,neutro,b2c,0,Sim,high,0,0,0,0,0,0
NEOSOLARCONTROLLERS24166,componentes,6691.68,8364.95,28,-3,25,20,11,neutro,b2c,0,Sim,high,0,0,0,0,0,0
NEOSOLARCONTROLLERS24241,componentes,4394.09,5492.95,28,-3,25,20,11,neutro,b2c,0,Sim,high,0,0,0,0,0,0
NEOSOLARCONTROLLERS24245,componentes,9402.63,11752.99,28,-3,25,20,11,neutro,b2c,0,Sim,high,0,0,0,0,0,0
NEOSOLARCONTROLLERS24349,componentes,9102.14,11377.95,28,-3,25,20,11,neutro,b2c,0,Sim,high,0,0,0,0,0,0
NEOSOLARCONTROLLERS24798,componentes,1600.94,2000.99,28,-3,25,20,11,neutro,b2c,0,Sim,high,0,0,0,0,0,0
ENPHASEIQRELAYLLBR,componentes,3713.72,4641.99,28,-3,25,20,11,neutro,b2c,0,Sim,high,0,0,0,0,0,0
ENPHASEIQB,componentes,6251.99,7815.00,28,-3,25,20,11,neutro,b2c,0,Sim,high,0,0,0,0,0,0
NEOSOLARSTATIONS20077,componentes,253.53,317.00,28,-3,25,20,11,neutro,b2c,0,Sim,high,0,0,0,0,0,0
NEOSOLARSTATIONS20078,componentes,7182.51,8977.99,28,-3,25,20,11,neutro,b2c,0,Sim,high,0,0,0,0,0,0
NEOSOLARSTATIONS20121,componentes,9925.68,12406.99,28,-3,25,20,11,neutro,b2c,0,Sim,high,0,0,0,0,0,0
NEOSOLARSTATIONS20122,componentes,2408.04,3009.99,28,-3,25,20,11,neutro,b2c,0,Sim,high,0,0,0,0,0,0
NEOSOLARSTATIONS20286,componentes,6030.45,7537.99,28,-3,25,20,11,neutro,b2c,0,Sim,high,0,0,0,0,0,0
NEOSOLARSTATIONS20369,componentes,1811.58,2264.49,28,-3,25,20,11,neutro,b2c,0,Sim,high,0,0,0,0,0,0
NEOSOLARSTATIONS20371,componentes,1972.31,2464.99,28,-3,25,20,11,neutro,b2c,0,Sim,high,0,0,0,0,0,0
NEOSOLARSTATIONS20789,componentes,5237.95,6547.49,28,-3,25,20,11,neutro,b2c,0,Sim,high,0,0,0,0,0,0
NEOSOLARSTATIONS20925,componentes,9668.26,12084.99,28,-3,25,20,11,neutro,b2c,0,Sim,high,0,0,0,0,0,0
NEOSOLARSTATIONS21769,componentes,9924.49,12405.95,28,-3,25,20,11,neutro,b2c,0,Sim,high,0,0,0,0,0,0
NEOSOLARSTATIONS21770,componentes,598.93,748.95,28,-3,25,20,11,neutro,b2c,0,Sim,high,0,0,0,0,0,0
NEOSOLARSTATIONS21771,componentes,2495.46,3118.99,28,-3,25,20,11,neutro,b2c,0,Sim,high,0,0,0,0,0,0
NEOSOLARSTATIONS21772,componentes,1997.08,2495.99,28,-3,25,20,11,neutro,b2c,0,Sim,high,0,0,0,0,0,0
NEOSOLARSTATIONS23503,componentes,1696.21,2119.99,28,-3,25,20,11,neutro,b2c,0,Sim,high,0,0,0,0,0,0
NEOSOLARSTATIONS23504,componentes,6081.40,7601.95,28,-3,25,20,11,neutro,b2c,0,Sim,high,0,0,0,0,0,0
NEOSOLARSTATIONS23505,componentes,7906.46,9882.99,28,-3,25,20,11,neutro,b2c,0,Sim,high,0,0,0,0,0,0
NEOSOLARSTATIONS23780,componentes,2578.14,3222.95,28,-3,25,20,11,neutro,b2c,0,Sim,high,0,0,0,0,0,0
NEOSOLARSTATIONS25205,componentes,10000.41,12500.95,28,-3,25,20,11,neutro,b2c,0,Sim,high,0,0,0,0,0,0
NEOSOLARSTATIONS27352,componentes,7213.43,9017.00,28,-3,25,20,11,neutro,b2c,0,Sim,high,0,0,0,0,0,0
IIN00021,componentes,974.53,1217.99,28,-3,25,20,11,neutro,b2c,0,Sim,high,0,0,0,0,0,0
IIN00033,componentes,2541.29,3176.95,28,-3,25,20,11,neutro,b2c,0,Sim,high,0,0,0,0,0,0
IIN00034,componentes,316.33,395.49,28,-3,25,20,11,neutro,b2c,0,Sim,high,0,0,0,0,0,0
IIN00040,componentes,907.22,1133.99,28,-3,25,20,11,neutro,b2c,0,Sim,high,0,0,0,0,0,0
IIN00071,componentes,2488.70,3111.00,28,-3,25,20,11,neutro,b2c,0,Sim,high,0,0,0,0,0,0
IIN00079,componentes,6166.28,7708.00,28,-3,25,20,11,neutro,b2c,0,Sim,high,0,0,0,0,0,0
IIN00081,componentes,1904.82,2380.99,28,-3,25,20,11,neutro,b2c,0,Sim,high,0,0,0,0,0,0
IIN00082,componentes,6447.42,8058.99,28,-3,25,20,11,neutro,b2c,0,Sim,high,0,0,0,0,0,0
IIN00083,componentes,2332.56,2915.95,28,-3,25,20,11,neutro,b2c,0,Sim,high,0,0,0,0,0,0
IIN00110,componentes,5108.62,6386.00,28,-3,25,20,11,neutro,b2c,0,Sim,high,0,0,0,0,0,0
IIN00126,componentes,3729.13,4661.49,28,-3,25,20,11,neutro,b2c,0,Sim,high,0,0,0,0,0,0
IIN00144,componentes,5374.03,6717.95,28,-3,25,20,11,neutro,b2c,0,Sim,high,0,0,0,0,0,0
IIN00148,componentes,3473.74,4341.99,28,-3,25,20,11,neutro,b2c,0,Sim,high,0,0,0,0,0,0
IIN00158,componentes,7384.39,9230.49,28,-3,25,20,11,neutro,b2c,0,Sim,high,0,0,0,0,0,0
IIN00162,componentes,2510.21,3138.00,28,-3,25,20,11,neutro,b2c,0,Sim,high,0,0,0,0,0,0
IIN00168,componentes,3843.90,4805.00,28,-3,25,20,11,neutro,b2c,0,Sim,high,0,0,0,0,0,0
IIN00169,componentes,7221.89,9026.99,28,-3,25,20,11,neutro,b2c,0,Sim,high,0,0,0,0,0,0
IIN00170,componentes,483.41,603.99,28,-3,25,20,11,neutro,b2c,0,Sim,high,0,0,0,0,0,0
IIN00174,componentes,6176.36,7720.49,28,-3,25,20,11,neutro,b2c,0,Sim,high,0,0,0,0,0,0
IIN00180,componentes,1723.26,2153.99,28,-3,25,20,11,neutro,b2c,0,Sim,high,0,0,0,0,0,0
IIN00182,componentes,9029.93,11287.49,28,-3,25,20,11,neutro,b2c,0,Sim,high,0,0,0,0,0,0
IIN00184,componentes,5262.66,6577.99,28,-3,25,20,11,neutro,b2c,0,Sim,high,0,0,0,0,0,0
IIN00185,componentes,3981.40,4976.95,28,-3,25,20,11,neutro,b2c,0,Sim,high,0,0,0,0,0,0
IIN00188,componentes,2380.04,2974.99,28,-3,25,20,11,neutro,b2c,0,Sim,high,0,0,0,0,0,0
IIN00189,componentes,490.62,612.99,28,-3,25,20,11,neutro,b2c,0,Sim,high,0,0,0,0,0,0
IIN00190,componentes,793.81,991.99,28,-3,25,20,11,neutro,b2c,0,Sim,high,0,0,0,0,0,0
IIN00193,componentes,923.79,1154.95,28,-3,25,20,11,neutro,b2c,0,Sim,high,0,0,0,0,0,0
IIN00194,componentes,1981.68,2476.99,28,-3,25,20,11,neutro,b2c,0,Sim,high,0,0,0,0,0,0
IIN00195,componentes,9181.82,11476.99,28,-3,25,20,11,neutro,b2c,0,Sim,high,0,0,0,0,0,0
IIN00196,componentes,8741.61,10926.99,28,-3,25,20,11,neutro,b2c,0,Sim,high,0,0,0,0,0,0
IIN00210,componentes,6880.54,8600.95,28,-3,25,20,11,neutro,b2c,0,Sim,high,0,0,0,0,0,0
IIN00211,componentes,8689.46,10862.00,28,-3,25,20,11,neutro,b2c,0,Sim,high,0,0,0,0,0,0
IIN00212,componentes,5661.55,7077.00,28,-3,25,20,11,neutro,b2c,0,Sim,high,0,0,0,0,0,0
IIN00214,componentes,4740.88,5925.99,28,-3,25,20,11,neutro,b2c,0,Sim,high,0,0,0,0,0,0
IIN00215,componentes,8072.64,10091.00,28,-3,25,20,11,neutro,b2c,0,Sim,high,0,0,0,0,0,0
IIN00216,componentes,450.45,562.99,28,-3,25,20,11,neutro,b2c,0,Sim,high,0,0,0,0,0,0
IIN00217,componentes,2401.51,3002.00,28,-3,25,20,11,neutro,b2c,0,Sim,high,0,0,0,0,0,0
IIN00218,componentes,591.89,740.00,28,-3,25,20,11,neutro,b2c,0,Sim,high,0,0,0,0,0,0
IIN00221,componentes,4541.13,5676.49,28,-3,25,20,11,neutro,b2c,0,Sim,high,0,0,0,0,0,0
IIN00224,componentes,8227.34,10283.99,28,-3,25,20,11,neutro,b2c,0,Sim,high,0,0,0,0,0,0
IIN00225,componentes,7483.56,9354.49,28,-3,25,20,11,neutro,b2c,0,Sim,high,0,0,0,0,0,0
IIN00230,componentes,1923.77,2404.95,28,-3,25,20,11,neutro,b2c,0,Sim,high,0,0,0,0,0,0
IIN00231,componentes,4622.29,5778.00,28,-3,25,20,11,neutro,b2c,0,Sim,high,0,0,0,0,0,0
IIN00235,componentes,10069.57,12587.00,28,-3,25,20,11,neutro,b2c,0,Sim,high,0,0,0,0,0,0
IIN00236,componentes,737.19,921.49,28,-3,25,20,11,neutro,b2c,0,Não,high,0,0,0,0,0,0
IIN00237,componentes,8732.74,10916.00,28,-3,25,20,11,neutro,b2c,0,Sim,high,0,0,0,0,0,0
IIN00238,componentes,7254.08,9067.95,28,-3,25,20,11,neutro,b2c,0,Sim,high,0,0,0,0,0,0
IIN00239,componentes,9184.44,11480.95,28,-3,25,20,11,neutro,b2c,0,Sim,high,0,0,0,0,0,0
IIN00241,componentes,9581.49,11977.00,28,-3,25,20,11,neutro,b2c,0,Sim,high,0,0,0,0,0,0
IIN00242,componentes,3745.05,4680.99,28,-3,25,20,11,neutro,b2c,0,Sim,high,0,0,0,0,0,0
IIN00250,componentes,552.98,690.99,28,-3,25,20,11,neutro,b2c,0,Sim,high,0,0,0,0,0,0
IIN00251,componentes,6603.90,8255.00,28,-3,25,20,11,neutro,b2c,0,Sim,high,0,0,0,0,0,0
IIN00256,componentes,9041.68,11301.99,28,-3,25,20,11,neutro,b2c,0,Sim,high,0,0,0,0,0,0
IIN00257,componentes,8085.74,10106.99,28,-3,25,20,11,neutro,b2c,0,Sim,high,0,0,0,0,0,0
IIN00258,componentes,4517.93,5647.49,28,-3,25,20,11,neutro,b2c,0,Sim,high,0,0,0,0,0,0
IIN00259,componentes,8159.75,10199.95,28,-3,25,20,11,neutro,b2c,0,Sim,high,0,0,0,0,0,0
IIN00260,componentes,5567.03,6959.00,28,-3,25,20,11,neutro,b2c,0,Sim,high,0,0,0,0,0,0
IIN00261,componentes,9453.54,11817.00,28,-3,25,20,11,neutro,b2c,0,Sim,high,0,0,0,0,0,0
IIN00262,componentes,4177.52,5222.00,28,-3,25,20,11,neutro,b2c,0,Sim,high,0,0,0,0,0,0
IIN00263,componentes,6742.89,8428.95,28,-3,25,20,11,neutro,b2c,0,Sim,high,0,0,0,0,0,0
IIN00264,componentes,394.76,493.49,28,-3,25,20,11,neutro,b2c,0,Sim,high,0,0,0,0,0,0
IIN00265,componentes,1562.44,1952.99,28,-3,25,20,11,neutro,b2c,0,Sim,high,0,0,0,0,0,0
IIN00271,componentes,1286.80,1608.49,28,-3,25,20,11,neutro,b2c,0,Não,high,0,0,0,0,0,0
IIN0028220NEP20RAPID20SHUTDOWN2020A20MC4V2,componentes,9664.83,12080.99,28,-3,25,20,11,neutro,b2c,0,Sim,high,0,0,0,0,0,0
IIN00288,componentes,8159.94,10200.00,28,-3,25,20,11,neutro,b2c,0,Sim,high,0,0,0,0,0,0
IIN00289,componentes,9633.87,12041.99,28,-3,25,20,11,neutro,b2c,0,Sim,high,0,0,0,0,0,0
IIN00290,componentes,5542.55,6927.99,28,-3,25,20,11,neutro,b2c,0,Sim,high,0,0,0,0,0,0
IIN00291,componentes,7044.89,8805.99,28,-3,25,20,11,neutro,b2c,0,Sim,high,0,0,0,0,0,0
IIN00292,componentes,6517.27,8146.95,28,-3,25,20,11,neutro,b2c,0,Sim,high,0,0,0,0,0,0
IIN00296,componentes,2138.94,2673.95,28,-3,25,20,11,neutro,b2c,0,Sim,high,0,0,0,0,0,0
IIN00301V2,componentes,3709.73,4636.99,28,-3,25,20,11,neutro,b2c,0,Sim,high,0,0,0,0,0,0
IIN00302,componentes,2954.46,3692.99,28,-3,25,20,11,neutro,b2c,0,Sim,high,0,0,0,0,0,0
IIN00303,componentes,7134.07,8917.95,28,-3,25,20,11,neutro,b2c,0,Sim,high,0,0,0,0,0,0
IIN00304,componentes,2699.05,3374.00,28,-3,25,20,11,neutro,b2c,0,Sim,high,0,0,0,0,0,0
IIN00305,componentes,4563.13,5704.00,28,-3,25,20,11,neutro,b2c,0,Sim,high,0,0,0,0,0,0
IIN00307,componentes,1013.55,1267.00,28,-3,25,20,11,neutro,b2c,0,Sim,high,0,0,0,0,0,0
IIN00308,componentes,4503.08,5629.00,28,-3,25,20,11,neutro,b2c,0,Sim,high,0,0,0,0,0,0
IIN00309,componentes,1713.40,2141.95,28,-3,25,20,11,neutro,b2c,0,Sim,high,0,0,0,0,0,0
IIN00310,componentes,9859.30,12323.99,28,-3,25,20,11,neutro,b2c,0,Sim,high,0,0,0,0,0,0
IIN00311,componentes,9031.43,11288.99,28,-3,25,20,11,neutro,b2c,0,Sim,high,0,0,0,0,0,0
IIN00312,componentes,5026.24,6283.00,28,-3,25,20,11,neutro,b2c,0,Sim,high,0,0,0,0,0,0
IIN00313,componentes,6354.81,7943.95,28,-3,25,20,11,neutro,b2c,0,Sim,high,0,0,0,0,0,0
IIN00318,componentes,5619.55,7024.49,28,-3,25,20,11,neutro,b2c,0,Sim,high,0,0,0,0,0,0
IIN00319,componentes,7306.69,9132.99,28,-3,25,20,11,neutro,b2c,0,Sim,high,0,0,0,0,0,0
IIN00325,componentes,3250.73,4063.49,28,-3,25,20,11,neutro,b2c,0,Sim,high,0,0,0,0,0,0
IIN00326,componentes,5876.03,7344.99,28,-3,25,20,11,neutro,b2c,0,Sim,high,0,0,0,0,0,0
IIN00335,componentes,7436.29,9294.99,28,-3,25,20,11,neutro,b2c,0,Sim,high,0,0,0,0,0,0
IIN00336,componentes,3417.13,4271.49,28,-3,25,20,11,neutro,b2c,0,Sim,high,0,0,0,0,0,0
IIN00337,componentes,7052.47,8815.95,28,-3,25,20,11,neutro,b2c,0,Sim,high,0,0,0,0,0,0
IIN00338,componentes,2739.01,3424.00,28,-3,25,20,11,neutro,b2c,0,Sim,high,0,0,0,0,0,0
IIN00339,componentes,3657.88,4571.99,28,-3,25,20,11,neutro,b2c,0,Sim,high,0,0,0,0,0,0
IIN00340,componentes,7379.83,9225.00,28,-3,25,20,11,neutro,b2c,0,Sim,high,0,0,0,0,0,0
IIN00341,componentes,7518.60,9397.99,28,-3,25,20,11,neutro,b2c,0,Sim,high,0,0,0,0,0,0
IIN00342201,componentes,7184.17,8979.99,28,-3,25,20,11,neutro,b2c,0,Sim,high,0,0,0,0,0,0
IIN00343,componentes,7101.87,8876.99,28,-3,25,20,11,neutro,b2c,0,Sim,high,0,0,0,0,0,0
IIN00344,componentes,7131.93,8915.00,28,-3,25,20,11,neutro,b2c,0,Sim,high,0,0,0,0,0,0
IIN00345,componentes,4511.33,5638.99,28,-3,25,20,11,neutro,b2c,0,Sim,high,0,0,0,0,0,0
IIN00347,componentes,5249.03,6560.99,28,-3,25,20,11,neutro,b2c,0,Sim,high,0,0,0,0,0,0
IIN00348,componentes,1892.31,2364.99,28,-3,25,20,11,neutro,b2c,0,Sim,high,0,0,0,0,0,0
IIN00349,componentes,7377.61,9221.99,28,-3,25,20,11,neutro,b2c,0,Sim,high,0,0,0,0,0,0
IIN00350,componentes,1380.16,1724.99,28,-3,25,20,11,neutro,b2c,0,Sim,high,0,0,0,0,0,0
IIN00352,componentes,4795.34,5993.99,28,-3,25,20,11,neutro,b2c,0,Sim,high,0,0,0,0,0,0
IIN00357,componentes,1256.96,1570.99,28,-3,25,20,11,neutro,b2c,0,Sim,high,0,0,0,0,0,0
IIN00358,componentes,1884.43,2355.95,28,-3,25,20,11,neutro,b2c,0,Sim,high,0,0,0,0,0,0
IIN00364,componentes,9358.56,11697.99,28,-3,25,20,11,neutro,b2c,0,Sim,high,0,0,0,0,0,0
IIN00365,componentes,5621.69,7026.99,28,-3,25,20,11,neutro,b2c,0,Sim,high,0,0,0,0,0,0
IIN00366,componentes,8275.65,10344.95,28,-3,25,20,11,neutro,b2c,0,Sim,high,0,0,0,0,0,0
IIN00367,componentes,5125.97,6407.49,28,-3,25,20,11,neutro,b2c,0,Sim,high,0,0,0,0,0,0
IIN00368,componentes,7901.99,9877.49,28,-3,25,20,11,neutro,b2c,0,Não,high,0,0,0,0,0,0
IIN00369,componentes,6085.27,7606.95,28,-3,25,20,11,neutro,b2c,0,Sim,high,0,0,0,0,0,0
IIN00370,componentes,4492.38,5615.49,28,-3,25,20,11,neutro,b2c,0,Sim,high,0,0,0,0,0,0
IIN00371,componentes,2653.17,3316.49,28,-3,25,20,11,neutro,b2c,0,Sim,high,0,0,0,0,0,0
IIN00376V2,componentes,4923.25,6153.99,28,-3,25,20,11,neutro,b2c,0,Sim,high,0,0,0,0,0,0
IIN00377,componentes,9284.54,11605.95,28,-3,25,20,11,neutro,b2c,0,Sim,high,0,0,0,0,0,0
IIN00378,componentes,4406.40,5507.99,28,-3,25,20,11,neutro,b2c,0,Sim,high,0,0,0,0,0,0
IIN00379,componentes,7063.09,8829.00,28,-3,25,20,11,neutro,b2c,0,Sim,high,0,0,0,0,0,0
IIN00380,componentes,3185.06,3980.99,28,-3,25,20,11,neutro,b2c,0,Sim,high,0,0,0,0,0,0
IIN00381,componentes,2463.21,3078.99,28,-3,25,20,11,neutro,b2c,0,Sim,high,0,0,0,0,0,0
IIN00382,componentes,313.04,390.99,28,-3,25,20,11,neutro,b2c,0,Sim,high,0,0,0,0,0,0
IIN00383,componentes,7544.99,9430.99,28,-3,25,20,11,neutro,b2c,0,Sim,high,0,0,0,0,0,0
IIN00384,componentes,2393.78,2991.99,28,-3,25,20,11,neutro,b2c,0,Sim,high,0,0,0,0,0,0
IIN00386,componentes,4382.59,5477.99,28,-3,25,20,11,neutro,b2c,0,Sim,high,0,0,0,0,0,0
IMO00093,componentes,138.65,172.99,28,-3,25,20,11,neutro,b2c,0,Sim,high,0,0,0,0,0,0
IMO00135,componentes,933.26,1166.95,28,-3,25,20,11,neutro,b2c,0,Sim,high,0,0,0,0,0,0
CORRUGADO,componentes,728.84,910.99,28,-3,25,20,11,neutro,b2c,0,Sim,high,0,0,0,0,0,0
DUTOCORRUGADO,componentes,3040.63,3801.00,28,-3,25,20,11,neutro,b2c,0,Sim,high,0,0,0,0,0,0
IMAGEM,componentes,9794.52,12242.99,28,-3,25,20,11,neutro,b2c,0,Sim,high,0,0,0,0,0,0
GROWATT20MIC3000TLX20220V20201MPPT,componentes,303.74,379.95,28,-3,25,20,11,neutro,b2c,0,Sim,high,0,0,0,0,0,0
GROWATTMIC3000TLX2220V1MPPT,componentes,7329.78,9161.99,28,-3,25,20,11,neutro,b2c,0,Sim,high,0,0,0,0,0,0
GROWATTMID40KTL3X2380V4MPPTV2,componentes,5547.95,6935.00,28,-3,25,20,11,neutro,b2c,0,Sim,high,0,0,0,0,0,0
GROWATTMIN7500TLX2220V2MPPT,componentes,2794.41,3492.99,28,-3,25,20,11,neutro,b2c,0,Sim,high,0,0,0,0,0,0
GROWATTMOD15KTL3X2380V2MPPT,componentes,4635.13,5794.00,28,-3,25,20,11,neutro,b2c,0,Sim,high,0,0,0,0,0,0
GROWATTNEO225,componentes,4632.24,5789.99,28,-3,25,20,11,neutro,b2c,0,Sim,high,0,0,0,0,0,0
GROWATTNEO2000MX2000W220V,componentes,3755.29,4693.99,28,-3,25,20,11,neutro,b2c,0,Sim,high,0,0,0,0,0,0
ICV0000220CARREGADOR20VEICULAR20WALLBOX20GROWATT20THOR07ASP20THO,componentes,299.16,374.00,28,-3,25,20,11,neutro,b2c,0,Sim,high,0,0,0,0,0,0
IIN00232GROWATTMAX75KTL3XL2220V8MPPT,componentes,5865.70,7331.99,28,-3,25,20,11,neutro,b2c,0,Sim,high,0,0,0,0,0,0
IIN00316HUAWEISUN2000100KTLM2380V10MPPT,componentes,4631.65,5789.95,28,-3,25,20,11,neutro,b2c,0,Sim,high,0,0,0,0,0,0
LONGI585W,componentes,8794.61,10992.99,28,-3,25,20,11,neutro,b2c,0,Sim,high,0,0,0,0,0,0
LONGI630WPV2,componentes,843.09,1054.00,28,-3,25,20,11,neutro,b2c,0,Sim,high,0,0,0,0,0,0
CONTENTINGRESSPORTALB2BNEOSOLARCOMBR,componentes,5726.13,7157.95,28,-3,25,20,11,neutro,b2c,0,Sim,high,0,0,0,0,0,0
DAHDHN72X16DGIMAGEPRODUCT559376,componentes,3390.63,4237.99,28,-3,25,20,11,neutro,b2c,0,Sim,high,0,0,0,0,0,0
HANERSUNHJTHN21H66HTIMAGEPRODUCT573429,componentes,2859.24,3573.99,28,-3,25,20,11,neutro,b2c,0,Sim,high,0,0,0,0,0,0
HANERSUNHN18N72HIMAGEPRODUCT559375,componentes,7027.69,8784.95,28,-3,25,20,11,neutro,b2c,0,Sim,high,0,0,0,0,0,0
IMAGEPRODUCT559375,componentes,5910.28,7388.00,28,-3,25,20,11,neutro,b2c,0,Sim,high,0,0,0,0,0,0
IMAGEPRODUCT559376,componentes,6282.66,7852.99,28,-3,25,20,11,neutro,b2c,0,Sim,high,0,0,0,0,0,0
IMAGEPRODUCT559380,componentes,9344.23,11679.99,28,-3,25,20,11,neutro,b2c,0,Sim,high,0,0,0,0,0,0
IMAGEPRODUCT559381,componentes,8032.27,10039.99,28,-3,25,20,11,neutro,b2c,0,Sim,high,0,0,0,0,0,0
IMAGEPRODUCT573429,componentes,2148.54,2685.95,28,-3,25,20,11,neutro,b2c,0,Sim,high,0,0,0,0,0,0
MINASOLMS545IMAGE,componentes,5764.92,7205.99,28,-3,25,20,11,neutro,b2c,0,Sim,high,0,0,0,0,0,0
OSDA33VMHDRZIMAGEPRODUCT559381,componentes,4536.64,5671.00,28,-3,25,20,11,neutro,b2c,0,Sim,high,0,0,0,0,0,0
SKU21556321556317587472203114354,componentes,4897.84,6121.99,28,-3,25,20,11,neutro,b2c,0,Sim,high,0,0,0,0,0,0
SKU280440280440117460389183888406,componentes,7157.41,8947.00,28,-3,25,20,11,neutro,b2c,0,Sim,high,0,0,0,0,0,0
SKU28798928798917459120523305528,componentes,10028.96,12535.99,28,-3,25,20,11,neutro,b2c,0,Sim,high,0,0,0,0,0,0
SKU289244289244117460389447419270,componentes,2700.98,3375.99,28,-3,25,20,11,neutro,b2c,0,Sim,high,0,0,0,0,0,0
SKU29180829180817458456460969248,componentes,8745.46,10932.00,28,-3,25,20,11,neutro,b2c,0,Sim,high,0,0,0,0,0,0
SKU29958629958617471562636241354,componentes,4784.03,5979.99,28,-3,25,20,11,neutro,b2c,0,Sim,high,0,0,0,0,0,0
SKU29958929958917471414377421707,componentes,6066.61,7582.99,28,-3,25,20,11,neutro,b2c,0,Sim,high,0,0,0,0,0,0
SKU30058530058517476745737964615,componentes,2170.50,2712.99,28,-3,25,20,11,neutro,b2c,0,Sim,high,0,0,0,0,0,0
SKU30457430457417516416575985705,componentes,573.60,716.99,28,-3,25,20,11,neutro,b2c,0,Sim,high,0,0,0,0,0,0
NEOSOLARPOSTS23327,componentes,9068.61,11336.00,28,-3,25,20,11,neutro,b2c,0,Sim,high,0,0,0,0,0,0
NEOSOLARPOSTS23586,componentes,2901.88,3626.99,28,-3,25,20,11,neutro,b2c,0,Sim,high,0,0,0,0,0,0
NEOSOLARPOSTS23587,componentes,9476.69,11846.00,28,-3,25,20,11,neutro,b2c,0,Sim,high,0,0,0,0,0,0
NEOSOLARPOSTS24170,componentes,1760.72,2201.00,28,-3,25,20,11,neutro,b2c,0,Sim,high,0,0,0,0,0,0
NEOSOLARPOSTS24171,componentes,585.32,731.95,28,-3,25,20,11,neutro,b2c,0,Sim,high,0,0,0,0,0,0
NEOSOLARPOSTS24172,componentes,6549.98,8187.49,28,-3,25,20,11,neutro,b2c,0,Sim,high,0,0,0,0,0,0
NEOSOLARPOSTS24173,componentes,104.53,130.95,28,-3,25,20,11,neutro,b2c,0,Sim,high,0,0,0,0,0,0
NEOSOLARPOSTS24174,componentes,8086.49,10107.99,28,-3,25,20,11,neutro,b2c,0,Sim,high,0,0,0,0,0,0
NEOSOLARPOSTS24175,componentes,5671.65,7089.95,28,-3,25,20,11,neutro,b2c,0,Sim,high,0,0,0,0,0,0
RISEN700W,componentes,7389.15,9236.49,28,-3,25,20,11,neutro,b2c,0,Sim,high,0,0,0,0,0,0
SKU12298012298017544826815777105,componentes,5724.90,7155.99,28,-3,25,20,11,neutro,b2c,0,Sim,high,0,0,0,0,0,0
SKU13598513598517544833546238906,componentes,4353.43,5442.00,28,-3,25,20,11,neutro,b2c,0,Sim,high,0,0,0,0,0,0
SKU19176819176817460425002977694,componentes,6186.99,7733.95,28,-3,25,20,11,neutro,b2c,0,Sim,high,0,0,0,0,0,0
SKU19176919176917485312150104210,componentes,6380.28,7974.99,28,-3,25,20,11,neutro,b2c,0,Sim,high,0,0,0,0,0,0
SKU19206819206817459124742242879,componentes,196.25,244.99,28,-3,25,20,11,neutro,b2c,0,Sim,high,0,0,0,0,0,0
SKU19934719934717460425385827504,componentes,1988.79,2486.00,28,-3,25,20,11,neutro,b2c,0,Sim,high,0,0,0,0,0,0
SKU19934819934817458717534237239,componentes,3623.25,4528.99,28,-3,25,20,11,neutro,b2c,0,Sim,high,0,0,0,0,0,0
SKU19935119935117459269345762408,componentes,7789.28,9736.95,28,-3,25,20,11,neutro,b2c,0,Sim,high,0,0,0,0,0,0
SKU210836210836117458977870704374,componentes,8422.01,10527.95,28,-3,25,20,11,neutro,b2c,0,Sim,high,0,0,0,0,0,0
SKU31166831166817458944783606561,componentes,8244.58,10305.95,28,-3,25,20,11,neutro,b2c,0,Sim,high,0,0,0,0,0,0
SKU327540327540117514830300259600,componentes,9661.83,12076.99,28,-3,25,20,11,neutro,b2c,0,Sim,high,0,0,0,0,0,0
SKU327541327541117514904188633219,componentes,3148.25,3934.99,28,-3,25,20,11,neutro,b2c,0,Sim,high,0,0,0,0,0,0
SKU375553755517545438599901052,componentes,6201.96,7752.49,28,-3,25,20,11,neutro,b2c,0,Sim,high,0,0,0,0,0,0
SUNGROW20SG12RT2020380V20202MPPT,componentes,1877.46,2347.00,28,-3,25,20,11,neutro,b2c,0,Sim,high,0,0,0,0,0,0
SUNGROWSG15RTP2AFCI380V2MPPT201,componentes,2581.28,3226.95,28,-3,25,20,11,neutro,b2c,0,Sim,high,0,0,0,0,0,0
SUNGROWSG20RTP2AFCI380V2MPPT,componentes,6493.75,8116.99,28,-3,25,20,11,neutro,b2c,0,Sim,high,0,0,0,0,0,0
SUNGROWSG30RS220V1MPPT,componentes,7318.17,9147.95,28,-3,25,20,11,neutro,b2c,0,Sim,high,0,0,0,0,0,0
SUNGROWSG40RS220V2MPPT,componentes,7714.91,9643.95,28,-3,25,20,11,neutro,b2c,0,Sim,high,0,0,0,0,0,0
SUNGROWSG50RS220V2MPPT,componentes,4069.82,5086.99,28,-3,25,20,11,neutro,b2c,0,Sim,high,0,0,0,0,0,0
SUNGROWSG75CXLV,componentes,8708.17,10884.99,28,-3,25,20,11,neutro,b2c,0,Sim,high,0,0,0,0,0,0
SUNGROWSG90RS220V3MPPT,componentes,412.63,516.00,28,-3,25,20,11,neutro,b2c,0,Sim,high,0,0,0,0,0,0
CAIXA20DE20PASSAGEM,componentes,1120.62,1401.00,28,-3,25,20,11,neutro,b2c,0,Sim,high,0,0,0,0,0,0
DISPOSITIVODEDESCONEXAOIQRELAYLNBR,componentes,8058.94,10073.95,28,-3,25,20,11,neutro,b2c,0,Sim,high,0,0,0,0,0,0
IBT00001,componentes,681.79,851.99,28,-3,25,20,11,neutro,b2c,0,Sim,high,0,0,0,0,0,0
IBT00002,componentes,9257.45,11572.00,28,-3,25,20,11,neutro,b2c,0,Sim,high,0,0,0,0,0,0
IBT00003,componentes,1719.93,2150.00,28,-3,25,20,11,neutro,b2c,0,Sim,high,0,0,0,0,0,0
IBT00004,componentes,3616.20,4519.99,28,-3,25,20,11,neutro,b2c,0,Sim,high,0,0,0,0,0,0
ICA00008,componentes,1665.40,2081.95,28,-3,25,20,11,neutro,b2c,0,Sim,high,0,0,0,0,0,0
ICA00009,componentes,4665.45,5832.00,28,-3,25,20,11,neutro,b2c,0,Sim,high,0,0,0,0,0,0
ICA00010,componentes,6410.96,8013.95,28,-3,25,20,11,neutro,b2c,0,Sim,high,0,0,0,0,0,0
ICA00011,componentes,7355.14,9194.00,28,-3,25,20,11,neutro,b2c,0,Sim,high,0,0,0,0,0,0
ICO00001,componentes,6331.82,7915.00,28,-3,25,20,11,neutro,b2c,0,Sim,high,0,0,0,0,0,0
ICON318X647,componentes,1681.19,2101.49,28,-3,25,20,11,neutro,b2c,0,Não,high,0,0,0,0,0,0
ICV0000320CARREGADOR20VEICULAR20FOXESS20A7300P1E220207320KW,componentes,6935.89,8670.00,28,-3,25,20,11,neutro,b2c,0,Sim,high,0,0,0,0,0,0
ICV0000420CARREGADOR20VEICULAR20FOXESS20A022KP1E222KW,componentes,6530.95,8163.95,28,-3,25,20,11,neutro,b2c,0,Sim,high,0,0,0,0,0,0
IEF00009,componentes,2159.11,2699.00,28,-3,25,20,11,neutro,b2c,0,Sim,high,0,0,0,0,0,0
IEF00016,componentes,4250.38,5313.00,28,-3,25,20,11,neutro,b2c,0,Sim,high,0,0,0,0,0,0
IEF00023,componentes,9951.85,12440.00,28,-3,25,20,11,neutro,b2c,0,Sim,high,0,0,0,0,0,0
IEF00040,componentes,7367.90,9210.00,28,-3,25,20,11,neutro,b2c,0,Sim,high,0,0,0,0,0,0
IEF00044,componentes,9895.00,12369.00,28,-3,25,20,11,neutro,b2c,0,Sim,high,0,0,0,0,0,0
IEF00045,componentes,4666.31,5833.00,28,-3,25,20,11,neutro,b2c,0,Sim,high,0,0,0,0,0,0
IEF00073,componentes,4715.99,5895.00,28,-3,25,20,11,neutro,b2c,0,Sim,high,0,0,0,0,0,0
IEF00090,componentes,9733.43,12167.00,28,-3,25,20,11,neutro,b2c,0,Sim,high,0,0,0,0,0,0
IEF00096,componentes,3628.71,4536.00,28,-3,25,20,11,neutro,b2c,0,Sim,high,0,0,0,0,0,0
IEF00098,componentes,6078.16,7597.95,28,-3,25,20,11,neutro,b2c,0,Sim,high,0,0,0,0,0,0
IEF00100,componentes,4630.65,5787.99,28,-3,25,20,11,neutro,b2c,0,Sim,high,0,0,0,0,0,0
IEF00127,componentes,910.09,1137.95,28,-3,25,20,11,neutro,b2c,0,Sim,high,0,0,0,0,0,0
IEF00129,componentes,2794.21,3493.00,28,-3,25,20,11,neutro,b2c,0,Sim,high,0,0,0,0,0,0
IEF00131,componentes,10001.17,12501.49,28,-3,25,20,11,neutro,b2c,0,Sim,high,0,0,0,0,0,0
IEF00132,componentes,8129.93,10162.49,28,-3,25,20,11,neutro,b2c,0,Sim,high,0,0,0,0,0,0
IEF00133,componentes,256.35,320.49,28,-3,25,20,11,neutro,b2c,0,Sim,high,0,0,0,0,0,0
IEF00144,componentes,7517.09,9395.99,28,-3,25,20,11,neutro,b2c,0,Sim,high,0,0,0,0,0,0
IEF00154,componentes,1701.88,2126.99,28,-3,25,20,11,neutro,b2c,0,Sim,high,0,0,0,0,0,0
IEF00163,componentes,6998.72,8748.49,28,-3,25,20,11,neutro,b2c,0,Sim,high,0,0,0,0,0,0
IEF00166,componentes,5544.81,6930.99,28,-3,25,20,11,neutro,b2c,0,Sim,high,0,0,0,0,0,0
IEF00168,componentes,5908.75,7386.00,28,-3,25,20,11,neutro,b2c,0,Sim,high,0,0,0,0,0,0
IEF00173,componentes,1731.81,2165.00,28,-3,25,20,11,neutro,b2c,0,Sim,high,0,0,0,0,0,0
IEF00203,componentes,4898.95,6123.95,28,-3,25,20,11,neutro,b2c,0,Sim,high,0,0,0,0,0,0
ILS00003,componentes,8890.48,11112.99,28,-3,25,20,11,neutro,b2c,0,Sim,high,0,0,0,0,0,0
ILS00004,componentes,3136.77,3921.00,28,-3,25,20,11,neutro,b2c,0,Sim,high,0,0,0,0,0,0
ILS00008,componentes,1682.55,2102.99,28,-3,25,20,11,neutro,b2c,0,Sim,high,0,0,0,0,0,0
ILS00009,componentes,8612.71,10766.00,28,-3,25,20,11,neutro,b2c,0,Sim,high,0,0,0,0,0,0
ILS00010,componentes,8522.10,10652.95,28,-3,25,20,11,neutro,b2c,0,Sim,high,0,0,0,0,0,0
ILS00012,componentes,9126.15,11407.95,28,-3,25,20,11,neutro,b2c,0,Sim,high,0,0,0,0,0,0
ILS00019,componentes,339.19,424.00,28,-3,25,20,11,neutro,b2c,0,Sim,high,0,0,0,0,0,0
IMS00003,componentes,2850.46,3562.99,28,-3,25,20,11,neutro,b2c,0,Sim,high,0,0,0,0,0,0
IMS00004,componentes,701.26,876.95,28,-3,25,20,11,neutro,b2c,0,Sim,high,0,0,0,0,0,0
ISB00004,componentes,5698.62,7122.99,28,-3,25,20,11,neutro,b2c,0,Sim,high,0,0,0,0,0,0
ISB00006,componentes,2005.92,2507.49,28,-3,25,20,11,neutro,b2c,0,Sim,high,0,0,0,0,0,0
ISB00007,componentes,297.95,372.49,28,-3,25,20,11,neutro,b2c,0,Sim,high,0,0,0,0,0,0
ITF00002,componentes,7530.37,9413.00,28,-3,25,20,11,neutro,b2c,0,Sim,high,0,0,0,0,0,0
ITF00005,componentes,6258.41,7822.99,28,-3,25,20,11,neutro,b2c,0,Sim,high,0,0,0,0,0,0
ITR00056,componentes,4589.89,5736.99,28,-3,25,20,11,neutro,b2c,0,Sim,high,0,0,0,0,0,0
ITR00085,componentes,6977.66,8721.99,28,-3,25,20,11,neutro,b2c,0,Sim,high,0,0,0,0,0,0
PERFILREFORC3A7ADOSMART240,componentes,7855.57,9819.49,28,-3,25,20,11,neutro,b2c,0,Sim,high,0,0,0,0,0,0
124358,componentes,8912.52,11140.95,28,-3,25,20,11,neutro,b2c,0,Sim,high,0,0,0,0,0,0
313801,componentes,6759.02,8449.00,28,-3,25,20,11,neutro,b2c,0,Sim,high,0,0,0,0,0,0
313834,componentes,1397.44,1747.00,28,-3,25,20,11,neutro,b2c,0,Sim,high,0,0,0,0,0,0
IMAGEPRODUCT400187,componentes,1723.36,2153.99,28,-3,25,20,11,neutro,b2c,0,Sim,high,0,0,0,0,0,0
IMAGEPRODUCT400188,componentes,8631.24,10788.99,28,-3,25,20,11,neutro,b2c,0,Sim,high,0,0,0,0,0,0
IMAGEPRODUCT400190,componentes,2633.79,3291.99,28,-3,25,20,11,neutro,b2c,0,Sim,high,0,0,0,0,0,0
IMAGEPRODUCT401949,componentes,2129.12,2661.49,28,-3,25,20,11,neutro,b2c,0,Sim,high,0,0,0,0,0,0
SKU10678310678317545443332146339,componentes,9186.73,11483.49,28,-3,25,20,11,neutro,b2c,0,Sim,high,0,0,0,0,0,0
SKU12033612033617544835341752786,componentes,687.30,858.99,28,-3,25,20,11,neutro,b2c,0,Sim,high,0,0,0,0,0,0
SKU12435812435817544827976815683,componentes,4630.73,5788.49,28,-3,25,20,11,neutro,b2c,0,Sim,high,0,0,0,0,0,0
SKU133930133930717458510676818108,componentes,7369.93,9212.49,28,-3,25,20,11,neutro,b2c,0,Sim,high,0,0,0,0,0,0
SKU192098192098617459006542584963,componentes,9905.37,12381.95,28,-3,25,20,11,neutro,b2c,0,Sim,high,0,0,0,0,0,0
SKU19240619240617458660592386008,componentes,4325.22,5406.95,28,-3,25,20,11,neutro,b2c,0,Sim,high,0,0,0,0,0,0
SKU19269719269717459129405742263,componentes,8434.17,10542.95,28,-3,25,20,11,neutro,b2c,0,Sim,high,0,0,0,0,0,0
SKU19388319388317459249580491925,componentes,1005.60,1256.99,28,-3,25,20,11,neutro,b2c,0,Sim,high,0,0,0,0,0,0
SKU19508919508917460393803631309,componentes,4407.54,5509.49,28,-3,25,20,11,neutro,b2c,0,Sim,high,0,0,0,0,0,0
SKU195201195201417458881777253997,componentes,7377.49,9222.00,28,-3,25,20,11,neutro,b2c,0,Sim,high,0,0,0,0,0,0
SKU211022211022117476865605809426,componentes,3077.08,3845.99,28,-3,25,20,11,neutro,b2c,0,Sim,high,0,0,0,0,0,0
SKU215006215006317458331023668129,componentes,429.61,536.99,28,-3,25,20,11,neutro,b2c,0,Sim,high,0,0,0,0,0,0
SKU215008215008317458709303606537,componentes,8622.79,10778.49,28,-3,25,20,11,neutro,b2c,0,Sim,high,0,0,0,0,0,0
SKU309203309203417460398486954422,componentes,8420.80,10525.99,28,-3,25,20,11,neutro,b2c,0,Sim,high,0,0,0,0,0,0
SKU31380131380117466238930555038,componentes,3739.25,4673.99,28,-3,25,20,11,neutro,b2c,0,Sim,high,0,0,0,0,0,0
SKU313817313817117466373123721087,componentes,6895.21,8618.99,28,-3,25,20,11,neutro,b2c,0,Sim,high,0,0,0,0,0,0
SKU313827313827217466255076298648,componentes,2904.67,3631.00,28,-3,25,20,11,neutro,b2c,0,Sim,high,0,0,0,0,0,0
SKU31383231383217466237808078788,componentes,9275.22,11593.99,28,-3,25,20,11,neutro,b2c,0,Sim,high,0,0,0,0,0,0
SKU313834313834117466239027672907,componentes,3670.29,4588.00,28,-3,25,20,11,neutro,b2c,0,Sim,high,0,0,0,0,0,0
SKU320786320786517496510879977488,componentes,8946.37,11183.00,28,-3,25,20,11,neutro,b2c,0,Sim,high,0,0,0,0,0,0
SKU342425342425217591697083547384,componentes,9621.65,12026.99,28,-3,25,20,11,neutro,b2c,0,Sim,high,0,0,0,0,0,0
IMAGEPRODUCT052113,componentes,7312.65,9141.00,28,-3,25,20,11,neutro,b2c,0,Sim,high,0,0,0,0,0,0
IMAGEPRODUCT052115,componentes,501.34,626.95,28,-3,25,20,11,neutro,b2c,0,Sim,high,0,0,0,0,0,0
IMAGEPRODUCT052117,componentes,8691.51,10863.99,28,-3,25,20,11,neutro,b2c,0,Sim,high,0,0,0,0,0,0
IMAGEPRODUCT052118,componentes,156.91,195.99,28,-3,25,20,11,neutro,b2c,0,Sim,high,0,0,0,0,0,0
IMAGEPRODUCT052119,componentes,614.72,768.49,28,-3,25,20,11,neutro,b2c,0,Sim,high,0,0,0,0,0,0
IMAGEPRODUCT052121,componentes,8188.44,10235.95,28,-3,25,20,11,neutro,b2c,0,Sim,high,0,0,0,0,0,0
IMAGEPRODUCT052122,componentes,3231.92,4040.00,28,-3,25,20,11,neutro,b2c,0,Sim,high,0,0,0,0,0,0
IMAGEPRODUCT052123,componentes,1134.67,1417.99,28,-3,25,20,11,neutro,b2c,0,Sim,high,0,0,0,0,0,0
IMAGEPRODUCT052124,componentes,7857.38,9821.95,28,-3,25,20,11,neutro,b2c,0,Sim,high,0,0,0,0,0,0
IMAGEPRODUCT052125,componentes,4232.53,5290.95,28,-3,25,20,11,neutro,b2c,0,Sim,high,0,0,0,0,0,0
IMAGEPRODUCT052126,componentes,2359.09,2949.00,28,-3,25,20,11,neutro,b2c,0,Sim,high,0,0,0,0,0,0
IMAGEPRODUCT052127,componentes,8297.29,10371.95,28,-3,25,20,11,neutro,b2c,0,Sim,high,0,0,0,0,0,0
IMAGEPRODUCT052128,componentes,9672.81,12090.99,28,-3,25,20,11,neutro,b2c,0,Sim,high,0,0,0,0,0,0
IMAGEPRODUCT052129,componentes,5119.44,6398.99,28,-3,25,20,11,neutro,b2c,0,Sim,high,0,0,0,0,0,0
IMAGEPRODUCT052130,componentes,5629.97,7037.49,28,-3,25,20,11,neutro,b2c,0,Sim,high,0,0,0,0,0,0
NEOSOLARCABLES20077,componentes,151.31,188.99,28,-3,25,20,11,neutro,b2c,0,Sim,high,0,0,0,0,0,0
NEOSOLARCABLES20078,componentes,6019.72,7524.95,28,-3,25,20,11,neutro,b2c,0,Sim,high,0,0,0,0,0,0
NEOSOLARCABLES20121,componentes,8309.98,10387.49,28,-3,25,20,11,neutro,b2c,0,Sim,high,0,0,0,0,0,0
NEOSOLARCABLES20122,componentes,9322.70,11652.99,28,-3,25,20,11,neutro,b2c,0,Sim,high,0,0,0,0,0,0
NEOSOLARCABLES20126,componentes,2911.87,3640.00,28,-3,25,20,11,neutro,b2c,0,Sim,high,0,0,0,0,0,0
NEOSOLARCABLES20127,componentes,240.44,300.95,28,-3,25,20,11,neutro,b2c,0,Sim,high,0,0,0,0,0,0
NEOSOLARCABLES20128,componentes,9945.25,12431.95,28,-3,25,20,11,neutro,b2c,0,Sim,high,0,0,0,0,0,0
NEOSOLARCABLES20131,componentes,7623.42,9528.99,28,-3,25,20,11,neutro,b2c,0,Sim,high,0,0,0,0,0,0
NEOSOLARCABLES20132,componentes,849.38,1061.95,28,-3,25,20,11,neutro,b2c,0,Sim,high,0,0,0,0,0,0
NEOSOLARCABLES20134,componentes,4986.77,6233.49,28,-3,25,20,11,neutro,b2c,0,Sim,high,0,0,0,0,0,0
NEOSOLARCABLES20135,componentes,4963.46,6203.99,28,-3,25,20,11,neutro,b2c,0,Sim,high,0,0,0,0,0,0
NEOSOLARCABLES20137,componentes,1107.75,1384.95,28,-3,25,20,11,neutro,b2c,0,Sim,high,0,0,0,0,0,0
NEOSOLARCABLES20139,componentes,6428.14,8034.99,28,-3,25,20,11,neutro,b2c,0,Sim,high,0,0,0,0,0,0
NEOSOLARCABLES20142,componentes,8694.91,10868.95,28,-3,25,20,11,neutro,b2c,0,Sim,high,0,0,0,0,0,0
NEOSOLARCABLES20286,componentes,8255.71,10319.95,28,-3,25,20,11,neutro,b2c,0,Sim,high,0,0,0,0,0,0
NEOSOLARCABLES20369,componentes,1058.02,1322.95,28,-3,25,20,11,neutro,b2c,0,Sim,high,0,0,0,0,0,0
NEOSOLARCABLES20371,componentes,3242.60,4052.99,28,-3,25,20,11,neutro,b2c,0,Sim,high,0,0,0,0,0,0
NEOSOLARCABLES20789,componentes,5415.37,6768.99,28,-3,25,20,11,neutro,b2c,0,Sim,high,0,0,0,0,0,0
NEOSOLARCABLES20925,componentes,5747.66,7184.95,28,-3,25,20,11,neutro,b2c,0,Sim,high,0,0,0,0,0,0
NEOSOLARCABLES21769,componentes,6895.83,8620.00,28,-3,25,20,11,neutro,b2c,0,Sim,high,0,0,0,0,0,0
NEOSOLARCABLES21770,componentes,2345.50,2932.00,28,-3,25,20,11,neutro,b2c,0,Sim,high,0,0,0,0,0,0
NEOSOLARCABLES21771,componentes,7521.48,9402.00,28,-3,25,20,11,neutro,b2c,0,Sim,high,0,0,0,0,0,0
NEOSOLARCABLES21772,componentes,4640.58,5800.95,28,-3,25,20,11,neutro,b2c,0,Sim,high,0,0,0,0,0,0
NEOSOLARCABLES21998,componentes,8459.92,10575.00,28,-3,25,20,11,neutro,b2c,0,Sim,high,0,0,0,0,0,0
NEOSOLARCABLES23052,componentes,5420.51,6775.95,28,-3,25,20,11,neutro,b2c,0,Sim,high,0,0,0,0,0,0
NEOSOLARCABLES23053,componentes,2373.92,2967.49,28,-3,25,20,11,neutro,b2c,0,Sim,high,0,0,0,0,0,0
NEOSOLARCABLES23054,componentes,7083.74,8854.95,28,-3,25,20,11,neutro,b2c,0,Sim,high,0,0,0,0,0,0
NEOSOLARCABLES23055,componentes,1882.49,2352.99,28,-3,25,20,11,neutro,b2c,0,Sim,high,0,0,0,0,0,0
NEOSOLARCABLES23503,componentes,9371.31,11713.99,28,-3,25,20,11,neutro,b2c,0,Sim,high,0,0,0,0,0,0
NEOSOLARCABLES23504,componentes,7034.02,8792.95,28,-3,25,20,11,neutro,b2c,0,Sim,high,0,0,0,0,0,0
NEOSOLARCABLES23505,componentes,4317.58,5397.00,28,-3,25,20,11,neutro,b2c,0,Sim,high,0,0,0,0,0,0
NEOSOLARCABLES23780,componentes,6286.22,7858.00,28,-3,25,20,11,neutro,b2c,0,Sim,high,0,0,0,0,0,0
NEOSOLARCABLES25205,componentes,10076.56,12595.95,28,-3,25,20,11,neutro,b2c,0,Sim,high,0,0,0,0,0,0
NEOSOLARCABLES27352,componentes,948.86,1185.99,28,-3,25,20,11,neutro,b2c,0,Sim,high,0,0,0,0,0,0