sku,primary_image,all_images,source,score,price_brl,gross_margin_percent,weight_kg,candidate_urls
"FOTUSKP021704KWPCERAMICOKITS","https://cdn.yellosolarhub.com/products/kits/FOTUS-KP02-1704kWp-Ceramico-kits.jpg","https://cdn.yellosolarhub.com/products/kits/FOTUS-KP02-1704kWp-Ceramico-kits.jpg|FOTUS-KP02-1704kWp-Ceramico-kits.jpg","imgs-index",100,6654.99,20,0,"https://cdn.yellosolarhub.com/products/kits/FOTUS-KP02-1704kWp-Ceramico-kits.jpg|[object Object]"
"FOTUSKP021704KWPFIBROCIMENTOKITS","https://cdn.yellosolarhub.com/products/kits/FOTUS-KP02-1704kWp-Fibrocimento-kits.jpg","https://cdn.yellosolarhub.com/products/kits/FOTUS-KP02-1704kWp-Fibrocimento-kits.jpg|FOTUS-KP02-1704kWp-Fibrocimento-kits.jpg","imgs-index",100,5286,20,0,"https://cdn.yellosolarhub.com/products/kits/FOTUS-KP02-1704kWp-Fibrocimento-kits.jpg|[object Object]"
"FOTUSKP021704KWPMINITRILHOKITS","https://cdn.yellosolarhub.com/products/kits/FOTUS-KP02-1704kWp-MiniTrilho-kits.jpg","https://cdn.yellosolarhub.com/products/kits/FOTUS-KP02-1704kWp-MiniTrilho-kits.jpg|FOTUS-KP02-1704kWp-MiniTrilho-kits.jpg","imgs-index",100,11312.99,20,0,"https://cdn.yellosolarhub.com/products/kits/FOTUS-KP02-1704kWp-MiniTrilho-kits.jpg|[object Object]"
"FOTUSKP041596KWPCERAMICOKITS","https://cdn.yellosolarhub.com/products/kits/FOTUS-KP04-1596kWp-Ceramico-kits.jpg","https://cdn.yellosolarhub.com/products/kits/FOTUS-KP04-1596kWp-Ceramico-kits.jpg|FOTUS-KP04-1596kWp-Ceramico-kits.jpg","imgs-index",100,4377.95,20,0,"https://cdn.yellosolarhub.com/products/kits/FOTUS-KP04-1596kWp-Ceramico-kits.jpg|[object Object]"
"FOTUSKP041596KWPFIBROCIMENTOKITS","https://cdn.yellosolarhub.com/products/kits/FOTUS-KP04-1596kWp-Fibrocimento-kits.jpg","https://cdn.yellosolarhub.com/products/kits/FOTUS-KP04-1596kWp-Fibrocimento-kits.jpg|FOTUS-KP04-1596kWp-Fibrocimento-kits.jpg","imgs-index",100,7645.99,20,0,"https://cdn.yellosolarhub.com/products/kits/FOTUS-KP04-1596kWp-Fibrocimento-kits.jpg|[object Object]"
"FOTUSKP041596KWPMINITRILHOKITS","https://cdn.yellosolarhub.com/products/kits/FOTUS-KP04-1596kWp-MiniTrilho-kits.jpg","https://cdn.yellosolarhub.com/products/kits/FOTUS-KP04-1596kWp-MiniTrilho-kits.jpg|FOTUS-KP04-1596kWp-MiniTrilho-kits.jpg","imgs-index",100,3516,20,0,"https://cdn.yellosolarhub.com/products/kits/FOTUS-KP04-1596kWp-MiniTrilho-kits.jpg|[object Object]"
"FOTUSKP041482KWPCERAMICOKITS","https://cdn.yellosolarhub.com/products/kits/FOTUS-KP04-1482kWp-Ceramico-kits.jpg","https://cdn.yellosolarhub.com/products/kits/FOTUS-KP04-1482kWp-Ceramico-kits.jpg|FOTUS-KP04-1482kWp-Ceramico-kits.jpg","imgs-index",100,5082,20,0,"https://cdn.yellosolarhub.com/products/kits/FOTUS-KP04-1482kWp-Ceramico-kits.jpg|[object Object]"
"FOTUSKP041482KWPFIBROCIMENTOKITS","https://cdn.yellosolarhub.com/products/kits/FOTUS-KP04-1482kWp-Fibrocimento-kits.jpg","https://cdn.yellosolarhub.com/products/kits/FOTUS-KP04-1482kWp-Fibrocimento-kits.jpg|FOTUS-KP04-1482kWp-Fibrocimento-kits.jpg","imgs-index",100,1001.99,20,0,"https://cdn.yellosolarhub.com/products/kits/FOTUS-KP04-1482kWp-Fibrocimento-kits.jpg|[object Object]"
"FOTUSKP041482KWPMINITRILHOKITS","https://cdn.yellosolarhub.com/products/kits/FOTUS-KP04-1482kWp-MiniTrilho-kits.jpg","https://cdn.yellosolarhub.com/products/kits/FOTUS-KP04-1482kWp-MiniTrilho-kits.jpg|FOTUS-KP04-1482kWp-MiniTrilho-kits.jpg","imgs-index",100,9748.95,20,0,"https://cdn.yellosolarhub.com/products/kits/FOTUS-KP04-1482kWp-MiniTrilho-kits.jpg|[object Object]"
"FOTUSKP041368KWPCERAMICOKITS","https://cdn.yellosolarhub.com/products/kits/FOTUS-KP04-1368kWp-Ceramico-kits.jpg","https://cdn.yellosolarhub.com/products/kits/FOTUS-KP04-1368kWp-Ceramico-kits.jpg|FOTUS-KP04-1368kWp-Ceramico-kits.jpg","imgs-index",100,12415.99,20,0,"https://cdn.yellosolarhub.com/products/kits/FOTUS-KP04-1368kWp-Ceramico-kits.jpg|[object Object]"
"FOTUSKP041368KWPFIBROCIMENTOKITS","https://cdn.yellosolarhub.com/products/kits/FOTUS-KP04-1368kWp-Fibrocimento-kits.jpg","https://cdn.yellosolarhub.com/products/kits/FOTUS-KP04-1368kWp-Fibrocimento-kits.jpg|FOTUS-KP04-1368kWp-Fibrocimento-kits.jpg","imgs-index",100,4557.99,20,0,"https://cdn.yellosolarhub.com/products/kits/FOTUS-KP04-1368kWp-Fibrocimento-kits.jpg|[object Object]"
"FOTUSKP041368KWPMINITRILHOKITS","https://cdn.yellosolarhub.com/products/kits/FOTUS-KP04-1368kWp-MiniTrilho-kits.jpg","https://cdn.yellosolarhub.com/products/kits/FOTUS-KP04-1368kWp-MiniTrilho-kits.jpg|FOTUS-KP04-1368kWp-MiniTrilho-kits.jpg","imgs-index",100,1945.95,20,0,"https://cdn.yellosolarhub.com/products/kits/FOTUS-KP04-1368kWp-MiniTrilho-kits.jpg|[object Object]"
"FOTUSKP041311KWPCERAMICOKITS","https://cdn.yellosolarhub.com/products/kits/FOTUS-KP04-1311kWp-Ceramico-kits.jpg","https://cdn.yellosolarhub.com/products/kits/FOTUS-KP04-1311kWp-Ceramico-kits.jpg|FOTUS-KP04-1311kWp-Ceramico-kits.jpg","imgs-index",100,8980.99,20,0,"https://cdn.yellosolarhub.com/products/kits/FOTUS-KP04-1311kWp-Ceramico-kits.jpg|[object Object]"
"FOTUSKP041311KWPFIBROCIMENTOKITS","https://cdn.yellosolarhub.com/products/kits/FOTUS-KP04-1311kWp-Fibrocimento-kits.jpg","https://cdn.yellosolarhub.com/products/kits/FOTUS-KP04-1311kWp-Fibrocimento-kits.jpg|FOTUS-KP04-1311kWp-Fibrocimento-kits.jpg","imgs-index",100,3960.99,20,0,"https://cdn.yellosolarhub.com/products/kits/FOTUS-KP04-1311kWp-Fibrocimento-kits.jpg|[object Object]"
"FOTUSKP041311KWPMINITRILHOKITS","https://cdn.yellosolarhub.com/products/kits/FOTUS-KP04-1311kWp-MiniTrilho-kits.jpg","https://cdn.yellosolarhub.com/products/kits/FOTUS-KP04-1311kWp-MiniTrilho-kits.jpg|FOTUS-KP04-1311kWp-MiniTrilho-kits.jpg","imgs-index",100,5163.99,20,0,"https://cdn.yellosolarhub.com/products/kits/FOTUS-KP04-1311kWp-MiniTrilho-kits.jpg|[object Object]"
"FOTUSKP021278KWPCERAMICOKITS","https://cdn.yellosolarhub.com/products/kits/FOTUS-KP02-1278kWp-Ceramico-kits.jpg","https://cdn.yellosolarhub.com/products/kits/FOTUS-KP02-1278kWp-Ceramico-kits.jpg|FOTUS-KP02-1278kWp-Ceramico-kits.jpg","imgs-index",100,4020,20,0,"https://cdn.yellosolarhub.com/products/kits/FOTUS-KP02-1278kWp-Ceramico-kits.jpg|[object Object]"
"FOTUSKP021278KWPFIBROCIMENTOKITS","https://cdn.yellosolarhub.com/products/kits/FOTUS-KP02-1278kWp-Fibrocimento-kits.jpg","https://cdn.yellosolarhub.com/products/kits/FOTUS-KP02-1278kWp-Fibrocimento-kits.jpg|FOTUS-KP02-1278kWp-Fibrocimento-kits.jpg","imgs-index",100,659,20,0,"https://cdn.yellosolarhub.com/products/kits/FOTUS-KP02-1278kWp-Fibrocimento-kits.jpg|[object Object]"
"FOTUSKP021278KWPMINITRILHOKITS","https://cdn.yellosolarhub.com/products/kits/FOTUS-KP02-1278kWp-MiniTrilho-kits.jpg","https://cdn.yellosolarhub.com/products/kits/FOTUS-KP02-1278kWp-MiniTrilho-kits.jpg|FOTUS-KP02-1278kWp-MiniTrilho-kits.jpg","imgs-index",100,8767.99,20,0,"https://cdn.yellosolarhub.com/products/kits/FOTUS-KP02-1278kWp-MiniTrilho-kits.jpg|[object Object]"
"FOTUSKP041254KWPCERAMICOKITS","https://cdn.yellosolarhub.com/products/kits/FOTUS-KP04-1254kWp-Ceramico-kits.jpg","https://cdn.yellosolarhub.com/products/kits/FOTUS-KP04-1254kWp-Ceramico-kits.jpg|FOTUS-KP04-1254kWp-Ceramico-kits.jpg","imgs-index",100,5520,20,0,"https://cdn.yellosolarhub.com/products/kits/FOTUS-KP04-1254kWp-Ceramico-kits.jpg|[object Object]"
"FOTUSKP041254KWPFIBROCIMENTOKITS","https://cdn.yellosolarhub.com/products/kits/FOTUS-KP04-1254kWp-Fibrocimento-kits.jpg","https://cdn.yellosolarhub.com/products/kits/FOTUS-KP04-1254kWp-Fibrocimento-kits.jpg|FOTUS-KP04-1254kWp-Fibrocimento-kits.jpg","imgs-index",100,8349.95,20,0,"https://cdn.yellosolarhub.com/products/kits/FOTUS-KP04-1254kWp-Fibrocimento-kits.jpg|[object Object]"
"FOTUSKP041254KWPMINITRILHOKITS","https://cdn.yellosolarhub.com/products/kits/FOTUS-KP04-1254kWp-MiniTrilho-kits.jpg","https://cdn.yellosolarhub.com/products/kits/FOTUS-KP04-1254kWp-MiniTrilho-kits.jpg|FOTUS-KP04-1254kWp-MiniTrilho-kits.jpg","imgs-index",100,11359.95,20,0,"https://cdn.yellosolarhub.com/products/kits/FOTUS-KP04-1254kWp-MiniTrilho-kits.jpg|[object Object]"
"FOTUSKP04960KWPCERAMICOKITSHIBRIDOS","https://cdn.yellosolarhub.com/products/kits/FOTUS-KP04-960kWp-Ceramico-kits-hibridos.jpg","https://cdn.yellosolarhub.com/products/kits/FOTUS-KP04-960kWp-Ceramico-kits-hibridos.jpg|FOTUS-KP04-960kWp-Ceramico-kits-hibridos.jpg","imgs-index",100,3933.95,20,0,"https://cdn.yellosolarhub.com/products/kits/FOTUS-KP04-960kWp-Ceramico-kits-hibridos.jpg|[object Object]"
"FOTUSKP04960KWPFIBROCIMENTOKITSHIBRIDOS","https://cdn.yellosolarhub.com/products/kits/FOTUS-KP04-960kWp-Fibrocimento-kits-hibridos.jpg","https://cdn.yellosolarhub.com/products/kits/FOTUS-KP04-960kWp-Fibrocimento-kits-hibridos.jpg|FOTUS-KP04-960kWp-Fibrocimento-kits-hibridos.jpg","imgs-index",100,7097.95,20,0,"https://cdn.yellosolarhub.com/products/kits/FOTUS-KP04-960kWp-Fibrocimento-kits-hibridos.jpg|[object Object]"
"FOTUSKP04960KWPMINITRILHOKITSHIBRIDOS","https://cdn.yellosolarhub.com/products/kits/FOTUS-KP04-960kWp-MiniTrilho-kits-hibridos.jpg","https://cdn.yellosolarhub.com/products/kits/FOTUS-KP04-960kWp-MiniTrilho-kits-hibridos.jpg|FOTUS-KP04-960kWp-MiniTrilho-kits-hibridos.jpg","imgs-index",100,7087.95,20,0,"https://cdn.yellosolarhub.com/products/kits/FOTUS-KP04-960kWp-MiniTrilho-kits-hibridos.jpg|[object Object]"
"FOTUSKP021136KWPCERAMICOKITS","https://cdn.yellosolarhub.com/products/kits/FOTUS-KP02-1136kWp-Ceramico-kits.jpg","https://cdn.yellosolarhub.com/products/kits/FOTUS-KP02-1136kWp-Ceramico-kits.jpg|FOTUS-KP02-1136kWp-Ceramico-kits.jpg","imgs-index",100,10390.95,20,0,"https://cdn.yellosolarhub.com/products/kits/FOTUS-KP02-1136kWp-Ceramico-kits.jpg|[object Object]"
"FOTUSKP021136KWPFIBROCIMENTOKITS","https://cdn.yellosolarhub.com/products/kits/FOTUS-KP02-1136kWp-Fibrocimento-kits.jpg","https://cdn.yellosolarhub.com/products/kits/FOTUS-KP02-1136kWp-Fibrocimento-kits.jpg|FOTUS-KP02-1136kWp-Fibrocimento-kits.jpg","imgs-index",100,10495.99,20,0,"https://cdn.yellosolarhub.com/products/kits/FOTUS-KP02-1136kWp-Fibrocimento-kits.jpg|[object Object]"
"FOTUSKP021136KWPMINITRILHOKITS","https://cdn.yellosolarhub.com/products/kits/FOTUS-KP02-1136kWp-MiniTrilho-kits.jpg","https://cdn.yellosolarhub.com/products/kits/FOTUS-KP02-1136kWp-MiniTrilho-kits.jpg|FOTUS-KP02-1136kWp-MiniTrilho-kits.jpg","imgs-index",100,7573,20,0,"https://cdn.yellosolarhub.com/products/kits/FOTUS-KP02-1136kWp-MiniTrilho-kits.jpg|[object Object]"
"FOTUSKP031136KWPCERAMICOKITS","https://cdn.yellosolarhub.com/products/kits/FOTUS-KP03-1136kWp-Ceramico-kits.jpg","https://cdn.yellosolarhub.com/products/kits/FOTUS-KP03-1136kWp-Ceramico-kits.jpg|FOTUS-KP03-1136kWp-Ceramico-kits.jpg","imgs-index",100,9314.95,20,0,"https://cdn.yellosolarhub.com/products/kits/FOTUS-KP03-1136kWp-Ceramico-kits.jpg|[object Object]"
"FOTUSKP031136KWPFIBROCIMENTOKITS","https://cdn.yellosolarhub.com/products/kits/FOTUS-KP03-1136kWp-Fibrocimento-kits.jpg","https://cdn.yellosolarhub.com/products/kits/FOTUS-KP03-1136kWp-Fibrocimento-kits.jpg|FOTUS-KP03-1136kWp-Fibrocimento-kits.jpg","imgs-index",100,5138.49,20,0,"https://cdn.yellosolarhub.com/products/kits/FOTUS-KP03-1136kWp-Fibrocimento-kits.jpg|[object Object]"
"FOTUSKP031136KWPMINITRILHOKITS","https://cdn.yellosolarhub.com/products/kits/FOTUS-KP03-1136kWp-MiniTrilho-kits.jpg","https://cdn.yellosolarhub.com/products/kits/FOTUS-KP03-1136kWp-MiniTrilho-kits.jpg|FOTUS-KP03-1136kWp-MiniTrilho-kits.jpg","imgs-index",100,11548,20,0,"https://cdn.yellosolarhub.com/products/kits/FOTUS-KP03-1136kWp-MiniTrilho-kits.jpg|[object Object]"
"FOTUSKP021065KWPCERAMICOKITS","https://cdn.yellosolarhub.com/products/kits/FOTUS-KP02-1065kWp-Ceramico-kits.jpg","https://cdn.yellosolarhub.com/products/kits/FOTUS-KP02-1065kWp-Ceramico-kits.jpg|FOTUS-KP02-1065kWp-Ceramico-kits.jpg","imgs-index",100,11293.99,20,0,"https://cdn.yellosolarhub.com/products/kits/FOTUS-KP02-1065kWp-Ceramico-kits.jpg|[object Object]"
"FOTUSKP021065KWPFIBROCIMENTOKITS","https://cdn.yellosolarhub.com/products/kits/FOTUS-KP02-1065kWp-Fibrocimento-kits.jpg","https://cdn.yellosolarhub.com/products/kits/FOTUS-KP02-1065kWp-Fibrocimento-kits.jpg|FOTUS-KP02-1065kWp-Fibrocimento-kits.jpg","imgs-index",100,872,20,0,"https://cdn.yellosolarhub.com/products/kits/FOTUS-KP02-1065kWp-Fibrocimento-kits.jpg|[object Object]"
"FOTUSKP021065KWPMINITRILHOKITS","https://cdn.yellosolarhub.com/products/kits/FOTUS-KP02-1065kWp-MiniTrilho-kits.jpg","https://cdn.yellosolarhub.com/products/kits/FOTUS-KP02-1065kWp-MiniTrilho-kits.jpg|FOTUS-KP02-1065kWp-MiniTrilho-kits.jpg","imgs-index",100,8196.99,20,0,"https://cdn.yellosolarhub.com/products/kits/FOTUS-KP02-1065kWp-MiniTrilho-kits.jpg|[object Object]"
"FOTUSKP041026KWPCERAMICOKITS","https://cdn.yellosolarhub.com/products/kits/FOTUS-KP04-1026kWp-Ceramico-kits.jpg","https://cdn.yellosolarhub.com/products/kits/FOTUS-KP04-1026kWp-Ceramico-kits.jpg|FOTUS-KP04-1026kWp-Ceramico-kits.jpg","imgs-index",100,5718.99,20,0,"https://cdn.yellosolarhub.com/products/kits/FOTUS-KP04-1026kWp-Ceramico-kits.jpg|[object Object]"
"FOTUSKP041026KWPFIBROCIMENTOKITS","https://cdn.yellosolarhub.com/products/kits/FOTUS-KP04-1026kWp-Fibrocimento-kits.jpg","https://cdn.yellosolarhub.com/products/kits/FOTUS-KP04-1026kWp-Fibrocimento-kits.jpg|FOTUS-KP04-1026kWp-Fibrocimento-kits.jpg","imgs-index",100,979.95,20,0,"https://cdn.yellosolarhub.com/products/kits/FOTUS-KP04-1026kWp-Fibrocimento-kits.jpg|[object Object]"
"FOTUSKP041026KWPMINITRILHOKITS","https://cdn.yellosolarhub.com/products/kits/FOTUS-KP04-1026kWp-MiniTrilho-kits.jpg","https://cdn.yellosolarhub.com/products/kits/FOTUS-KP04-1026kWp-MiniTrilho-kits.jpg|FOTUS-KP04-1026kWp-MiniTrilho-kits.jpg","imgs-index",100,210.95,20,0,"https://cdn.yellosolarhub.com/products/kits/FOTUS-KP04-1026kWp-MiniTrilho-kits.jpg|[object Object]"
"FOTUSKP04840KWPCERAMICOKITSHIBRIDOS","https://cdn.yellosolarhub.com/products/kits/FOTUS-KP04-840kWp-Ceramico-kits-hibridos.jpg","https://cdn.yellosolarhub.com/products/kits/FOTUS-KP04-840kWp-Ceramico-kits-hibridos.jpg|FOTUS-KP04-840kWp-Ceramico-kits-hibridos.jpg","imgs-index",100,10205.99,20,0,"https://cdn.yellosolarhub.com/products/kits/FOTUS-KP04-840kWp-Ceramico-kits-hibridos.jpg|[object Object]"
"FOTUSKP04840KWPFIBROCIMENTOKITSHIBRIDOS","https://cdn.yellosolarhub.com/products/kits/FOTUS-KP04-840kWp-Fibrocimento-kits-hibridos.jpg","https://cdn.yellosolarhub.com/products/kits/FOTUS-KP04-840kWp-Fibrocimento-kits-hibridos.jpg|FOTUS-KP04-840kWp-Fibrocimento-kits-hibridos.jpg","imgs-index",100,11694,20,0,"https://cdn.yellosolarhub.com/products/kits/FOTUS-KP04-840kWp-Fibrocimento-kits-hibridos.jpg|[object Object]"
"FOTUSKP04840KWPMINITRILHOKITSHIBRIDOS","https://cdn.yellosolarhub.com/products/kits/FOTUS-KP04-840kWp-MiniTrilho-kits-hibridos.jpg","https://cdn.yellosolarhub.com/products/kits/FOTUS-KP04-840kWp-MiniTrilho-kits-hibridos.jpg|FOTUS-KP04-840kWp-MiniTrilho-kits-hibridos.jpg","imgs-index",100,7709,20,0,"https://cdn.yellosolarhub.com/products/kits/FOTUS-KP04-840kWp-MiniTrilho-kits-hibridos.jpg|[object Object]"
"FOTUSKP02994KWPCERAMICOKITS","https://cdn.yellosolarhub.com/products/kits/FOTUS-KP02-994kWp-Ceramico-kits.jpg","https://cdn.yellosolarhub.com/products/kits/FOTUS-KP02-994kWp-Ceramico-kits.jpg|FOTUS-KP02-994kWp-Ceramico-kits.jpg","imgs-index",100,4525,20,0,"https://cdn.yellosolarhub.com/products/kits/FOTUS-KP02-994kWp-Ceramico-kits.jpg|[object Object]"
"FOTUSKP02994KWPFIBROCIMENTOKITS","https://cdn.yellosolarhub.com/products/kits/FOTUS-KP02-994kWp-Fibrocimento-kits.jpg","https://cdn.yellosolarhub.com/products/kits/FOTUS-KP02-994kWp-Fibrocimento-kits.jpg|FOTUS-KP02-994kWp-Fibrocimento-kits.jpg","imgs-index",100,11811.95,20,0,"https://cdn.yellosolarhub.com/products/kits/FOTUS-KP02-994kWp-Fibrocimento-kits.jpg|[object Object]"
"FOTUSKP02994KWPMINITRILHOKITS","https://cdn.yellosolarhub.com/products/kits/FOTUS-KP02-994kWp-MiniTrilho-kits.jpg","https://cdn.yellosolarhub.com/products/kits/FOTUS-KP02-994kWp-MiniTrilho-kits.jpg|FOTUS-KP02-994kWp-MiniTrilho-kits.jpg","imgs-index",100,2648.99,20,0,"https://cdn.yellosolarhub.com/products/kits/FOTUS-KP02-994kWp-MiniTrilho-kits.jpg|[object Object]"
"FOTUSKP03994KWPCERAMICOKITS","https://cdn.yellosolarhub.com/products/kits/FOTUS-KP03-994kWp-Ceramico-kits.jpg","https://cdn.yellosolarhub.com/products/kits/FOTUS-KP03-994kWp-Ceramico-kits.jpg|FOTUS-KP03-994kWp-Ceramico-kits.jpg","imgs-index",100,5732,20,0,"https://cdn.yellosolarhub.com/products/kits/FOTUS-KP03-994kWp-Ceramico-kits.jpg|[object Object]"
"FOTUSKP03994KWPFIBROCIMENTOKITS","https://cdn.yellosolarhub.com/products/kits/FOTUS-KP03-994kWp-Fibrocimento-kits.jpg","https://cdn.yellosolarhub.com/products/kits/FOTUS-KP03-994kWp-Fibrocimento-kits.jpg|FOTUS-KP03-994kWp-Fibrocimento-kits.jpg","imgs-index",100,4587,20,0,"https://cdn.yellosolarhub.com/products/kits/FOTUS-KP03-994kWp-Fibrocimento-kits.jpg|[object Object]"
"FOTUSKP03994KWPMINITRILHOKITS","https://cdn.yellosolarhub.com/products/kits/FOTUS-KP03-994kWp-MiniTrilho-kits.jpg","https://cdn.yellosolarhub.com/products/kits/FOTUS-KP03-994kWp-MiniTrilho-kits.jpg|FOTUS-KP03-994kWp-MiniTrilho-kits.jpg","imgs-index",100,2551,20,0,"https://cdn.yellosolarhub.com/products/kits/FOTUS-KP03-994kWp-MiniTrilho-kits.jpg|[object Object]"
"FOTUSKP04969KWPCERAMICOKITS","https://cdn.yellosolarhub.com/products/kits/FOTUS-KP04-969kWp-Ceramico-kits.jpg","https://cdn.yellosolarhub.com/products/kits/FOTUS-KP04-969kWp-Ceramico-kits.jpg|FOTUS-KP04-969kWp-Ceramico-kits.jpg","imgs-index",100,11800,20,0,"https://cdn.yellosolarhub.com/products/kits/FOTUS-KP04-969kWp-Ceramico-kits.jpg|[object Object]"
"FOTUSKP04969KWPFIBROCIMENTOKITS","https://cdn.yellosolarhub.com/products/kits/FOTUS-KP04-969kWp-Fibrocimento-kits.jpg","https://cdn.yellosolarhub.com/products/kits/FOTUS-KP04-969kWp-Fibrocimento-kits.jpg|FOTUS-KP04-969kWp-Fibrocimento-kits.jpg","imgs-index",100,9411.95,20,0,"https://cdn.yellosolarhub.com/products/kits/FOTUS-KP04-969kWp-Fibrocimento-kits.jpg|[object Object]"
"FOTUSKP04969KWPMINITRILHOKITS","https://cdn.yellosolarhub.com/products/kits/FOTUS-KP04-969kWp-MiniTrilho-kits.jpg","https://cdn.yellosolarhub.com/products/kits/FOTUS-KP04-969kWp-MiniTrilho-kits.jpg|FOTUS-KP04-969kWp-MiniTrilho-kits.jpg","imgs-index",100,7840.95,20,0,"https://cdn.yellosolarhub.com/products/kits/FOTUS-KP04-969kWp-MiniTrilho-kits.jpg|[object Object]"
"FOTUSKP02960KWPCERAMICOKITS","https://cdn.yellosolarhub.com/products/kits/FOTUS-KP02-960kWp-Ceramico-kits.jpg","https://cdn.yellosolarhub.com/products/kits/FOTUS-KP02-960kWp-Ceramico-kits.jpg|FOTUS-KP02-960kWp-Ceramico-kits.jpg","imgs-index",100,5606.99,20,0,"https://cdn.yellosolarhub.com/products/kits/FOTUS-KP02-960kWp-Ceramico-kits.jpg|[object Object]"
"FOTUSKP02960KWPFIBROCIMENTOKITS","https://cdn.yellosolarhub.com/products/kits/FOTUS-KP02-960kWp-Fibrocimento-kits.jpg","https://cdn.yellosolarhub.com/products/kits/FOTUS-KP02-960kWp-Fibrocimento-kits.jpg|FOTUS-KP02-960kWp-Fibrocimento-kits.jpg","imgs-index",100,3847.95,20,0,"https://cdn.yellosolarhub.com/products/kits/FOTUS-KP02-960kWp-Fibrocimento-kits.jpg|[object Object]"
"FOTUSKP02960KWPMINITRILHOKITS","https://cdn.yellosolarhub.com/products/kits/FOTUS-KP02-960kWp-MiniTrilho-kits.jpg","https://cdn.yellosolarhub.com/products/kits/FOTUS-KP02-960kWp-MiniTrilho-kits.jpg|FOTUS-KP02-960kWp-MiniTrilho-kits.jpg","imgs-index",100,1900.95,20,0,"https://cdn.yellosolarhub.com/products/kits/FOTUS-KP02-960kWp-MiniTrilho-kits.jpg|[object Object]"
"FOTUSKP04960KWPCERAMICOKITS","https://cdn.yellosolarhub.com/products/kits/FOTUS-KP04-960kWp-Ceramico-kits.jpg","https://cdn.yellosolarhub.com/products/kits/FOTUS-KP04-960kWp-Ceramico-kits.jpg|FOTUS-KP04-960kWp-Ceramico-kits.jpg","imgs-index",100,8128,20,0,"https://cdn.yellosolarhub.com/products/kits/FOTUS-KP04-960kWp-Ceramico-kits.jpg|[object Object]"
"FOTUSKP04960KWPFIBROCIMENTOKITS","https://cdn.yellosolarhub.com/products/kits/FOTUS-KP04-960kWp-Fibrocimento-kits.jpg","https://cdn.yellosolarhub.com/products/kits/FOTUS-KP04-960kWp-Fibrocimento-kits.jpg|FOTUS-KP04-960kWp-Fibrocimento-kits.jpg","imgs-index",100,4880.99,20,0,"https://cdn.yellosolarhub.com/products/kits/FOTUS-KP04-960kWp-Fibrocimento-kits.jpg|[object Object]"
"FOTUSKP04960KWPMINITRILHOKITS","https://cdn.yellosolarhub.com/products/kits/FOTUS-KP04-960kWp-MiniTrilho-kits.jpg","https://cdn.yellosolarhub.com/products/kits/FOTUS-KP04-960kWp-MiniTrilho-kits.jpg|FOTUS-KP04-960kWp-MiniTrilho-kits.jpg","imgs-index",100,5451.99,20,0,"https://cdn.yellosolarhub.com/products/kits/FOTUS-KP04-960kWp-MiniTrilho-kits.jpg|[object Object]"
"FOTUSKP04912KWPCERAMICOKITS","https://cdn.yellosolarhub.com/products/kits/FOTUS-KP04-912kWp-Ceramico-kits.jpg","https://cdn.yellosolarhub.com/products/kits/FOTUS-KP04-912kWp-Ceramico-kits.jpg|FOTUS-KP04-912kWp-Ceramico-kits.jpg","imgs-index",100,1718.95,20,0,"https://cdn.yellosolarhub.com/products/kits/FOTUS-KP04-912kWp-Ceramico-kits.jpg|[object Object]"
"FOTUSKP04912KWPFIBROCIMENTOKITS","https://cdn.yellosolarhub.com/products/kits/FOTUS-KP04-912kWp-Fibrocimento-kits.jpg","https://cdn.yellosolarhub.com/products/kits/FOTUS-KP04-912kWp-Fibrocimento-kits.jpg|FOTUS-KP04-912kWp-Fibrocimento-kits.jpg","imgs-index",100,10874.99,20,0,"https://cdn.yellosolarhub.com/products/kits/FOTUS-KP04-912kWp-Fibrocimento-kits.jpg|[object Object]"
"FOTUSKP04912KWPMINITRILHOKITS","https://cdn.yellosolarhub.com/products/kits/FOTUS-KP04-912kWp-MiniTrilho-kits.jpg","https://cdn.yellosolarhub.com/products/kits/FOTUS-KP04-912kWp-MiniTrilho-kits.jpg|FOTUS-KP04-912kWp-MiniTrilho-kits.jpg","imgs-index",100,7288,20,0,"https://cdn.yellosolarhub.com/products/kits/FOTUS-KP04-912kWp-MiniTrilho-kits.jpg|[object Object]"
"FOTUSKP04720KWPCERAMICOKITSHIBRIDOS","https://cdn.yellosolarhub.com/products/kits/FOTUS-KP04-720kWp-Ceramico-kits-hibridos.jpg","https://cdn.yellosolarhub.com/products/kits/FOTUS-KP04-720kWp-Ceramico-kits-hibridos.jpg|FOTUS-KP04-720kWp-Ceramico-kits-hibridos.jpg","imgs-index",100,8152.99,20,0,"https://cdn.yellosolarhub.com/products/kits/FOTUS-KP04-720kWp-Ceramico-kits-hibridos.jpg|[object Object]"
"FOTUSKP04720KWPFIBROCIMENTOKITSHIBRIDOS","https://cdn.yellosolarhub.com/products/kits/FOTUS-KP04-720kWp-Fibrocimento-kits-hibridos.jpg","https://cdn.yellosolarhub.com/products/kits/FOTUS-KP04-720kWp-Fibrocimento-kits-hibridos.jpg|FOTUS-KP04-720kWp-Fibrocimento-kits-hibridos.jpg","imgs-index",100,1626.99,20,0,"https://cdn.yellosolarhub.com/products/kits/FOTUS-KP04-720kWp-Fibrocimento-kits-hibridos.jpg|[object Object]"
"FOTUSKP04720KWPMINITRILHOKITSHIBRIDOS","https://cdn.yellosolarhub.com/products/kits/FOTUS-KP04-720kWp-MiniTrilho-kits-hibridos.jpg","https://cdn.yellosolarhub.com/products/kits/FOTUS-KP04-720kWp-MiniTrilho-kits-hibridos.jpg|FOTUS-KP04-720kWp-MiniTrilho-kits-hibridos.jpg","imgs-index",100,1799,20,0,"https://cdn.yellosolarhub.com/products/kits/FOTUS-KP04-720kWp-MiniTrilho-kits-hibridos.jpg|[object Object]"
"FOTUSKP04855KWPCERAMICOKITS","https://cdn.yellosolarhub.com/products/kits/FOTUS-KP04-855kWp-Ceramico-kits.jpg","https://cdn.yellosolarhub.com/products/kits/FOTUS-KP04-855kWp-Ceramico-kits.jpg|FOTUS-KP04-855kWp-Ceramico-kits.jpg","imgs-index",100,7247,20,0,"https://cdn.yellosolarhub.com/products/kits/FOTUS-KP04-855kWp-Ceramico-kits.jpg|[object Object]"
"FOTUSKP04855KWPFIBROCIMENTOKITS","https://cdn.yellosolarhub.com/products/kits/FOTUS-KP04-855kWp-Fibrocimento-kits.jpg","https://cdn.yellosolarhub.com/products/kits/FOTUS-KP04-855kWp-Fibrocimento-kits.jpg|FOTUS-KP04-855kWp-Fibrocimento-kits.jpg","imgs-index",100,1441,20,0,"https://cdn.yellosolarhub.com/products/kits/FOTUS-KP04-855kWp-Fibrocimento-kits.jpg|[object Object]"
"FOTUSKP04855KWPMINITRILHOKITS","https://cdn.yellosolarhub.com/products/kits/FOTUS-KP04-855kWp-MiniTrilho-kits.jpg","https://cdn.yellosolarhub.com/products/kits/FOTUS-KP04-855kWp-MiniTrilho-kits.jpg|FOTUS-KP04-855kWp-MiniTrilho-kits.jpg","imgs-index",100,5496,20,0,"https://cdn.yellosolarhub.com/products/kits/FOTUS-KP04-855kWp-MiniTrilho-kits.jpg|[object Object]"
"FOTUSKP02852KWPCERAMICOKITS","https://cdn.yellosolarhub.com/products/kits/FOTUS-KP02-852kWp-Ceramico-kits.jpg","https://cdn.yellosolarhub.com/products/kits/FOTUS-KP02-852kWp-Ceramico-kits.jpg|FOTUS-KP02-852kWp-Ceramico-kits.jpg","imgs-index",100,3311.95,20,0,"https://cdn.yellosolarhub.com/products/kits/FOTUS-KP02-852kWp-Ceramico-kits.jpg|[object Object]"
"FOTUSKP02852KWPFIBROCIMENTOKITS","https://cdn.yellosolarhub.com/products/kits/FOTUS-KP02-852kWp-Fibrocimento-kits.jpg","https://cdn.yellosolarhub.com/products/kits/FOTUS-KP02-852kWp-Fibrocimento-kits.jpg|FOTUS-KP02-852kWp-Fibrocimento-kits.jpg","imgs-index",100,9046.99,20,0,"https://cdn.yellosolarhub.com/products/kits/FOTUS-KP02-852kWp-Fibrocimento-kits.jpg|[object Object]"
"FOTUSKP02852KWPMINITRILHOKITS","https://cdn.yellosolarhub.com/products/kits/FOTUS-KP02-852kWp-MiniTrilho-kits.jpg","https://cdn.yellosolarhub.com/products/kits/FOTUS-KP02-852kWp-MiniTrilho-kits.jpg|FOTUS-KP02-852kWp-MiniTrilho-kits.jpg","imgs-index",100,9144.99,20,0,"https://cdn.yellosolarhub.com/products/kits/FOTUS-KP02-852kWp-MiniTrilho-kits.jpg|[object Object]"
"FOTUSKP03852KWPCERAMICOKITS","https://cdn.yellosolarhub.com/products/kits/FOTUS-KP03-852kWp-Ceramico-kits.jpg","https://cdn.yellosolarhub.com/products/kits/FOTUS-KP03-852kWp-Ceramico-kits.jpg|FOTUS-KP03-852kWp-Ceramico-kits.jpg","imgs-index",100,9959.99,20,0,"https://cdn.yellosolarhub.com/products/kits/FOTUS-KP03-852kWp-Ceramico-kits.jpg|[object Object]"
"FOTUSKP03852KWPFIBROCIMENTOKITS","https://cdn.yellosolarhub.com/products/kits/FOTUS-KP03-852kWp-Fibrocimento-kits.jpg","https://cdn.yellosolarhub.com/products/kits/FOTUS-KP03-852kWp-Fibrocimento-kits.jpg|FOTUS-KP03-852kWp-Fibrocimento-kits.jpg","imgs-index",100,9276.99,20,0,"https://cdn.yellosolarhub.com/products/kits/FOTUS-KP03-852kWp-Fibrocimento-kits.jpg|[object Object]"
"FOTUSKP03852KWPMINITRILHOKITS","https://cdn.yellosolarhub.com/products/kits/FOTUS-KP03-852kWp-MiniTrilho-kits.jpg","https://cdn.yellosolarhub.com/products/kits/FOTUS-KP03-852kWp-MiniTrilho-kits.jpg|FOTUS-KP03-852kWp-MiniTrilho-kits.jpg","imgs-index",100,10300.95,20,0,"https://cdn.yellosolarhub.com/products/kits/FOTUS-KP03-852kWp-MiniTrilho-kits.jpg|[object Object]"
"FOTUSKP02840KWPCERAMICOKITS","https://cdn.yellosolarhub.com/products/kits/FOTUS-KP02-840kWp-Ceramico-kits.jpg","https://cdn.yellosolarhub.com/products/kits/FOTUS-KP02-840kWp-Ceramico-kits.jpg|FOTUS-KP02-840kWp-Ceramico-kits.jpg","imgs-index",100,12433.95,20,0,"https://cdn.yellosolarhub.com/products/kits/FOTUS-KP02-840kWp-Ceramico-kits.jpg|[object Object]"
"FOTUSKP02840KWPFIBROCIMENTOKITS","https://cdn.yellosolarhub.com/products/kits/FOTUS-KP02-840kWp-Fibrocimento-kits.jpg","https://cdn.yellosolarhub.com/products/kits/FOTUS-KP02-840kWp-Fibrocimento-kits.jpg|FOTUS-KP02-840kWp-Fibrocimento-kits.jpg","imgs-index",100,9905,20,0,"https://cdn.yellosolarhub.com/products/kits/FOTUS-KP02-840kWp-Fibrocimento-kits.jpg|[object Object]"
"FOTUSKP02840KWPMINITRILHOKITS","https://cdn.yellosolarhub.com/products/kits/FOTUS-KP02-840kWp-MiniTrilho-kits.jpg","https://cdn.yellosolarhub.com/products/kits/FOTUS-KP02-840kWp-MiniTrilho-kits.jpg|FOTUS-KP02-840kWp-MiniTrilho-kits.jpg","imgs-index",100,2542.95,20,0,"https://cdn.yellosolarhub.com/products/kits/FOTUS-KP02-840kWp-MiniTrilho-kits.jpg|[object Object]"
"FOTUSKP04840KWPCERAMICOKITS","https://cdn.yellosolarhub.com/products/kits/FOTUS-KP04-840kWp-Ceramico-kits.jpg","https://cdn.yellosolarhub.com/products/kits/FOTUS-KP04-840kWp-Ceramico-kits.jpg|FOTUS-KP04-840kWp-Ceramico-kits.jpg","imgs-index",100,2040.95,20,0,"https://cdn.yellosolarhub.com/products/kits/FOTUS-KP04-840kWp-Ceramico-kits.jpg|[object Object]"
"FOTUSKP04840KWPFIBROCIMENTOKITS","https://cdn.yellosolarhub.com/products/kits/FOTUS-KP04-840kWp-Fibrocimento-kits.jpg","https://cdn.yellosolarhub.com/products/kits/FOTUS-KP04-840kWp-Fibrocimento-kits.jpg|FOTUS-KP04-840kWp-Fibrocimento-kits.jpg","imgs-index",100,7215,20,0,"https://cdn.yellosolarhub.com/products/kits/FOTUS-KP04-840kWp-Fibrocimento-kits.jpg|[object Object]"
"FOTUSKP04840KWPMINITRILHOKITS","https://cdn.yellosolarhub.com/products/kits/FOTUS-KP04-840kWp-MiniTrilho-kits.jpg","https://cdn.yellosolarhub.com/products/kits/FOTUS-KP04-840kWp-MiniTrilho-kits.jpg|FOTUS-KP04-840kWp-MiniTrilho-kits.jpg","imgs-index",100,9893.95,20,0,"https://cdn.yellosolarhub.com/products/kits/FOTUS-KP04-840kWp-MiniTrilho-kits.jpg|[object Object]"
"FOTUSKP04798KWPCERAMICOKITS","https://cdn.yellosolarhub.com/products/kits/FOTUS-KP04-798kWp-Ceramico-kits.jpg","https://cdn.yellosolarhub.com/products/kits/FOTUS-KP04-798kWp-Ceramico-kits.jpg|FOTUS-KP04-798kWp-Ceramico-kits.jpg","imgs-index",100,6681.99,20,0,"https://cdn.yellosolarhub.com/products/kits/FOTUS-KP04-798kWp-Ceramico-kits.jpg|[object Object]"
"FOTUSKP04798KWPFIBROCIMENTOKITS","https://cdn.yellosolarhub.com/products/kits/FOTUS-KP04-798kWp-Fibrocimento-kits.jpg","https://cdn.yellosolarhub.com/products/kits/FOTUS-KP04-798kWp-Fibrocimento-kits.jpg|FOTUS-KP04-798kWp-Fibrocimento-kits.jpg","imgs-index",100,2513.49,20,0,"https://cdn.yellosolarhub.com/products/kits/FOTUS-KP04-798kWp-Fibrocimento-kits.jpg|[object Object]"
"FOTUSKP04798KWPMINITRILHOKITS","https://cdn.yellosolarhub.com/products/kits/FOTUS-KP04-798kWp-MiniTrilho-kits.jpg","https://cdn.yellosolarhub.com/products/kits/FOTUS-KP04-798kWp-MiniTrilho-kits.jpg|FOTUS-KP04-798kWp-MiniTrilho-kits.jpg","imgs-index",100,149.99,20,0,"https://cdn.yellosolarhub.com/products/kits/FOTUS-KP04-798kWp-MiniTrilho-kits.jpg|[object Object]"
"FOTUSKP04600KWPCERAMICOKITSHIBRIDOS","https://cdn.yellosolarhub.com/products/kits/FOTUS-KP04-600kWp-Ceramico-kits-hibridos.jpg","https://cdn.yellosolarhub.com/products/kits/FOTUS-KP04-600kWp-Ceramico-kits-hibridos.jpg|FOTUS-KP04-600kWp-Ceramico-kits-hibridos.jpg","imgs-index",100,12587.99,20,0,"https://cdn.yellosolarhub.com/products/kits/FOTUS-KP04-600kWp-Ceramico-kits-hibridos.jpg|[object Object]"
"FOTUSKP04600KWPFIBROCIMENTOKITSHIBRIDOS","https://cdn.yellosolarhub.com/products/kits/FOTUS-KP04-600kWp-Fibrocimento-kits-hibridos.jpg","https://cdn.yellosolarhub.com/products/kits/FOTUS-KP04-600kWp-Fibrocimento-kits-hibridos.jpg|FOTUS-KP04-600kWp-Fibrocimento-kits-hibridos.jpg","imgs-index",100,3996.99,20,0,"https://cdn.yellosolarhub.com/products/kits/FOTUS-KP04-600kWp-Fibrocimento-kits-hibridos.jpg|[object Object]"
"FOTUSKP04600KWPMINITRILHOKITSHIBRIDOS","https://cdn.yellosolarhub.com/products/kits/FOTUS-KP04-600kWp-MiniTrilho-kits-hibridos.jpg","https://cdn.yellosolarhub.com/products/kits/FOTUS-KP04-600kWp-MiniTrilho-kits-hibridos.jpg|FOTUS-KP04-600kWp-MiniTrilho-kits-hibridos.jpg","imgs-index",100,5690.95,20,0,"https://cdn.yellosolarhub.com/products/kits/FOTUS-KP04-600kWp-MiniTrilho-kits-hibridos.jpg|[object Object]"
"FOTUSKP02720KWPCERAMICOKITS","https://cdn.yellosolarhub.com/products/kits/FOTUS-KP02-720kWp-Ceramico-kits.jpg","https://cdn.yellosolarhub.com/products/kits/FOTUS-KP02-720kWp-Ceramico-kits.jpg|FOTUS-KP02-720kWp-Ceramico-kits.jpg","imgs-index",100,8084.49,20,0,"https://cdn.yellosolarhub.com/products/kits/FOTUS-KP02-720kWp-Ceramico-kits.jpg|[object Object]"
"FOTUSKP02720KWPFIBROCIMENTOKITS","https://cdn.yellosolarhub.com/products/kits/FOTUS-KP02-720kWp-Fibrocimento-kits.jpg","https://cdn.yellosolarhub.com/products/kits/FOTUS-KP02-720kWp-Fibrocimento-kits.jpg|FOTUS-KP02-720kWp-Fibrocimento-kits.jpg","imgs-index",100,10303.95,20,0,"https://cdn.yellosolarhub.com/products/kits/FOTUS-KP02-720kWp-Fibrocimento-kits.jpg|[object Object]"
"FOTUSKP02720KWPMINITRILHOKITS","https://cdn.yellosolarhub.com/products/kits/FOTUS-KP02-720kWp-MiniTrilho-kits.jpg","https://cdn.yellosolarhub.com/products/kits/FOTUS-KP02-720kWp-MiniTrilho-kits.jpg|FOTUS-KP02-720kWp-MiniTrilho-kits.jpg","imgs-index",100,9646,20,0,"https://cdn.yellosolarhub.com/products/kits/FOTUS-KP02-720kWp-MiniTrilho-kits.jpg|[object Object]"
"FOTUSKP04720KWPCERAMICOKITS","https://cdn.yellosolarhub.com/products/kits/FOTUS-KP04-720kWp-Ceramico-kits.jpg","https://cdn.yellosolarhub.com/products/kits/FOTUS-KP04-720kWp-Ceramico-kits.jpg|FOTUS-KP04-720kWp-Ceramico-kits.jpg","imgs-index",100,7902.99,20,0,"https://cdn.yellosolarhub.com/products/kits/FOTUS-KP04-720kWp-Ceramico-kits.jpg|[object Object]"
"FOTUSKP04720KWPFIBROCIMENTOKITS","https://cdn.yellosolarhub.com/products/kits/FOTUS-KP04-720kWp-Fibrocimento-kits.jpg","https://cdn.yellosolarhub.com/products/kits/FOTUS-KP04-720kWp-Fibrocimento-kits.jpg|FOTUS-KP04-720kWp-Fibrocimento-kits.jpg","imgs-index",100,1708,20,0,"https://cdn.yellosolarhub.com/products/kits/FOTUS-KP04-720kWp-Fibrocimento-kits.jpg|[object Object]"
"FOTUSKP04720KWPMINITRILHOKITS","https://cdn.yellosolarhub.com/products/kits/FOTUS-KP04-720kWp-MiniTrilho-kits.jpg","https://cdn.yellosolarhub.com/products/kits/FOTUS-KP04-720kWp-MiniTrilho-kits.jpg|FOTUS-KP04-720kWp-MiniTrilho-kits.jpg","imgs-index",100,7677.95,20,0,"https://cdn.yellosolarhub.com/products/kits/FOTUS-KP04-720kWp-MiniTrilho-kits.jpg|[object Object]"
"FOTUSKP02710KWPCERAMICOKITS","https://cdn.yellosolarhub.com/products/kits/FOTUS-KP02-710kWp-Ceramico-kits.jpg","https://cdn.yellosolarhub.com/products/kits/FOTUS-KP02-710kWp-Ceramico-kits.jpg|FOTUS-KP02-710kWp-Ceramico-kits.jpg","imgs-index",100,7142.95,20,0,"https://cdn.yellosolarhub.com/products/kits/FOTUS-KP02-710kWp-Ceramico-kits.jpg|[object Object]"
"FOTUSKP02710KWPFIBROCIMENTOKITS","https://cdn.yellosolarhub.com/products/kits/FOTUS-KP02-710kWp-Fibrocimento-kits.jpg","https://cdn.yellosolarhub.com/products/kits/FOTUS-KP02-710kWp-Fibrocimento-kits.jpg|FOTUS-KP02-710kWp-Fibrocimento-kits.jpg","imgs-index",100,3431.95,20,0,"https://cdn.yellosolarhub.com/products/kits/FOTUS-KP02-710kWp-Fibrocimento-kits.jpg|[object Object]"
"FOTUSKP02710KWPMINITRILHOKITS","https://cdn.yellosolarhub.com/products/kits/FOTUS-KP02-710kWp-MiniTrilho-kits.jpg","https://cdn.yellosolarhub.com/products/kits/FOTUS-KP02-710kWp-MiniTrilho-kits.jpg|FOTUS-KP02-710kWp-MiniTrilho-kits.jpg","imgs-index",100,6777.99,20,0,"https://cdn.yellosolarhub.com/products/kits/FOTUS-KP02-710kWp-MiniTrilho-kits.jpg|[object Object]"
"FOTUSKP03710KWPCERAMICOKITS","https://cdn.yellosolarhub.com/products/kits/FOTUS-KP03-710kWp-Ceramico-kits.jpg","https://cdn.yellosolarhub.com/products/kits/FOTUS-KP03-710kWp-Ceramico-kits.jpg|FOTUS-KP03-710kWp-Ceramico-kits.jpg","imgs-index",100,8299.95,20,0,"https://cdn.yellosolarhub.com/products/kits/FOTUS-KP03-710kWp-Ceramico-kits.jpg|[object Object]"
"FOTUSKP03710KWPFIBROCIMENTOKITS","https://cdn.yellosolarhub.com/products/kits/FOTUS-KP03-710kWp-Fibrocimento-kits.jpg","https://cdn.yellosolarhub.com/products/kits/FOTUS-KP03-710kWp-Fibrocimento-kits.jpg|FOTUS-KP03-710kWp-Fibrocimento-kits.jpg","imgs-index",100,457.99,20,0,"https://cdn.yellosolarhub.com/products/kits/FOTUS-KP03-710kWp-Fibrocimento-kits.jpg|[object Object]"
"FOTUSKP03710KWPMINITRILHOKITS","https://cdn.yellosolarhub.com/products/kits/FOTUS-KP03-710kWp-MiniTrilho-kits.jpg","https://cdn.yellosolarhub.com/products/kits/FOTUS-KP03-710kWp-MiniTrilho-kits.jpg|FOTUS-KP03-710kWp-MiniTrilho-kits.jpg","imgs-index",100,4311,20,0,"https://cdn.yellosolarhub.com/products/kits/FOTUS-KP03-710kWp-MiniTrilho-kits.jpg|[object Object]"
"FOTUSKP04684KWPCERAMICOKITS","https://cdn.yellosolarhub.com/products/kits/FOTUS-KP04-684kWp-Ceramico-kits.jpg","https://cdn.yellosolarhub.com/products/kits/FOTUS-KP04-684kWp-Ceramico-kits.jpg|FOTUS-KP04-684kWp-Ceramico-kits.jpg","imgs-index",100,9034.99,20,0,"https://cdn.yellosolarhub.com/products/kits/FOTUS-KP04-684kWp-Ceramico-kits.jpg|[object Object]"
"FOTUSKP04684KWPFIBROCIMENTOKITS","https://cdn.yellosolarhub.com/products/kits/FOTUS-KP04-684kWp-Fibrocimento-kits.jpg","https://cdn.yellosolarhub.com/products/kits/FOTUS-KP04-684kWp-Fibrocimento-kits.jpg|FOTUS-KP04-684kWp-Fibrocimento-kits.jpg","imgs-index",100,747.95,20,0,"https://cdn.yellosolarhub.com/products/kits/FOTUS-KP04-684kWp-Fibrocimento-kits.jpg|[object Object]"
"FOTUSKP04684KWPMINITRILHOKITS","https://cdn.yellosolarhub.com/products/kits/FOTUS-KP04-684kWp-MiniTrilho-kits.jpg","https://cdn.yellosolarhub.com/products/kits/FOTUS-KP04-684kWp-MiniTrilho-kits.jpg|FOTUS-KP04-684kWp-MiniTrilho-kits.jpg","imgs-index",100,6830,20,0,"https://cdn.yellosolarhub.com/products/kits/FOTUS-KP04-684kWp-MiniTrilho-kits.jpg|[object Object]"
"FOTUSKP02600KWPCERAMICOKITS","https://cdn.yellosolarhub.com/products/kits/FOTUS-KP02-600kWp-Ceramico-kits.jpg","https://cdn.yellosolarhub.com/products/kits/FOTUS-KP02-600kWp-Ceramico-kits.jpg|FOTUS-KP02-600kWp-Ceramico-kits.jpg","imgs-index",100,9651.99,20,0,"https://cdn.yellosolarhub.com/products/kits/FOTUS-KP02-600kWp-Ceramico-kits.jpg|[object Object]"
"FOTUSKP02600KWPFIBROCIMENTOKITS","https://cdn.yellosolarhub.com/products/kits/FOTUS-KP02-600kWp-Fibrocimento-kits.jpg","https://cdn.yellosolarhub.com/products/kits/FOTUS-KP02-600kWp-Fibrocimento-kits.jpg|FOTUS-KP02-600kWp-Fibrocimento-kits.jpg","imgs-index",100,12115.99,20,0,"https://cdn.yellosolarhub.com/products/kits/FOTUS-KP02-600kWp-Fibrocimento-kits.jpg|[object Object]"
"FOTUSKP02600KWPMINITRILHOKITS","https://cdn.yellosolarhub.com/products/kits/FOTUS-KP02-600kWp-MiniTrilho-kits.jpg","https://cdn.yellosolarhub.com/products/kits/FOTUS-KP02-600kWp-MiniTrilho-kits.jpg|FOTUS-KP02-600kWp-MiniTrilho-kits.jpg","imgs-index",100,6951.99,20,0,"https://cdn.yellosolarhub.com/products/kits/FOTUS-KP02-600kWp-MiniTrilho-kits.jpg|[object Object]"
"FOTUSKP04600KWPCERAMICOKITS","https://cdn.yellosolarhub.com/products/kits/FOTUS-KP04-600kWp-Ceramico-kits.jpg","https://cdn.yellosolarhub.com/products/kits/FOTUS-KP04-600kWp-Ceramico-kits.jpg|FOTUS-KP04-600kWp-Ceramico-kits.jpg","imgs-index",100,2016.99,20,0,"https://cdn.yellosolarhub.com/products/kits/FOTUS-KP04-600kWp-Ceramico-kits.jpg|[object Object]"
"FOTUSKP04600KWPFIBROCIMENTOKITS","https://cdn.yellosolarhub.com/products/kits/FOTUS-KP04-600kWp-Fibrocimento-kits.jpg","https://cdn.yellosolarhub.com/products/kits/FOTUS-KP04-600kWp-Fibrocimento-kits.jpg|FOTUS-KP04-600kWp-Fibrocimento-kits.jpg","imgs-index",100,10654,20,0,"https://cdn.yellosolarhub.com/products/kits/FOTUS-KP04-600kWp-Fibrocimento-kits.jpg|[object Object]"
"FOTUSKP04600KWPMINITRILHOKITS","https://cdn.yellosolarhub.com/products/kits/FOTUS-KP04-600kWp-MiniTrilho-kits.jpg","https://cdn.yellosolarhub.com/products/kits/FOTUS-KP04-600kWp-MiniTrilho-kits.jpg|FOTUS-KP04-600kWp-MiniTrilho-kits.jpg","imgs-index",100,1229.99,20,0,"https://cdn.yellosolarhub.com/products/kits/FOTUS-KP04-600kWp-MiniTrilho-kits.jpg|[object Object]"
"FOTUSKP04480KWPCERAMICOKITSHIBRIDOS","https://cdn.yellosolarhub.com/products/kits/FOTUS-KP04-480kWp-Ceramico-kits-hibridos.jpg","https://cdn.yellosolarhub.com/products/kits/FOTUS-KP04-480kWp-Ceramico-kits-hibridos.jpg|FOTUS-KP04-480kWp-Ceramico-kits-hibridos.jpg","imgs-index",100,6441,20,0,"https://cdn.yellosolarhub.com/products/kits/FOTUS-KP04-480kWp-Ceramico-kits-hibridos.jpg|[object Object]"
"FOTUSKP04480KWPFIBROCIMENTOKITSHIBRIDOS","https://cdn.yellosolarhub.com/products/kits/FOTUS-KP04-480kWp-Fibrocimento-kits-hibridos.jpg","https://cdn.yellosolarhub.com/products/kits/FOTUS-KP04-480kWp-Fibrocimento-kits-hibridos.jpg|FOTUS-KP04-480kWp-Fibrocimento-kits-hibridos.jpg","imgs-index",100,10650,20,0,"https://cdn.yellosolarhub.com/products/kits/FOTUS-KP04-480kWp-Fibrocimento-kits-hibridos.jpg|[object Object]"
"FOTUSKP04480KWPMINITRILHOKITSHIBRIDOS","https://cdn.yellosolarhub.com/products/kits/FOTUS-KP04-480kWp-MiniTrilho-kits-hibridos.jpg","https://cdn.yellosolarhub.com/products/kits/FOTUS-KP04-480kWp-MiniTrilho-kits-hibridos.jpg|FOTUS-KP04-480kWp-MiniTrilho-kits-hibridos.jpg","imgs-index",100,1834.99,20,0,"https://cdn.yellosolarhub.com/products/kits/FOTUS-KP04-480kWp-MiniTrilho-kits-hibridos.jpg|[object Object]"
"FOTUSKP04570KWPCERAMICOKITS","https://cdn.yellosolarhub.com/products/kits/FOTUS-KP04-570kWp-Ceramico-kits.jpg","https://cdn.yellosolarhub.com/products/kits/FOTUS-KP04-570kWp-Ceramico-kits.jpg|FOTUS-KP04-570kWp-Ceramico-kits.jpg","imgs-index",100,1091.49,20,0,"https://cdn.yellosolarhub.com/products/kits/FOTUS-KP04-570kWp-Ceramico-kits.jpg|[object Object]"
"FOTUSKP04570KWPFIBROCIMENTOKITS","https://cdn.yellosolarhub.com/products/kits/FOTUS-KP04-570kWp-Fibrocimento-kits.jpg","https://cdn.yellosolarhub.com/products/kits/FOTUS-KP04-570kWp-Fibrocimento-kits.jpg|FOTUS-KP04-570kWp-Fibrocimento-kits.jpg","imgs-index",100,4638.49,20,0,"https://cdn.yellosolarhub.com/products/kits/FOTUS-KP04-570kWp-Fibrocimento-kits.jpg|[object Object]"
"FOTUSKP04570KWPMINITRILHOKITS","https://cdn.yellosolarhub.com/products/kits/FOTUS-KP04-570kWp-MiniTrilho-kits.jpg","https://cdn.yellosolarhub.com/products/kits/FOTUS-KP04-570kWp-MiniTrilho-kits.jpg|FOTUS-KP04-570kWp-MiniTrilho-kits.jpg","imgs-index",100,2459.49,20,0,"https://cdn.yellosolarhub.com/products/kits/FOTUS-KP04-570kWp-MiniTrilho-kits.jpg|[object Object]"
"FOTUSKP02568KWPCERAMICOKITS","https://cdn.yellosolarhub.com/products/kits/FOTUS-KP02-568kWp-Ceramico-kits.jpg","https://cdn.yellosolarhub.com/products/kits/FOTUS-KP02-568kWp-Ceramico-kits.jpg|FOTUS-KP02-568kWp-Ceramico-kits.jpg","imgs-index",100,2785,20,0,"https://cdn.yellosolarhub.com/products/kits/FOTUS-KP02-568kWp-Ceramico-kits.jpg|[object Object]"
"FOTUSKP02568KWPFIBROCIMENTOKITS","https://cdn.yellosolarhub.com/products/kits/FOTUS-KP02-568kWp-Fibrocimento-kits.jpg","https://cdn.yellosolarhub.com/products/kits/FOTUS-KP02-568kWp-Fibrocimento-kits.jpg|FOTUS-KP02-568kWp-Fibrocimento-kits.jpg","imgs-index",100,563.99,20,0,"https://cdn.yellosolarhub.com/products/kits/FOTUS-KP02-568kWp-Fibrocimento-kits.jpg|[object Object]"
"FOTUSKP02568KWPMINITRILHOKITS","https://cdn.yellosolarhub.com/products/kits/FOTUS-KP02-568kWp-MiniTrilho-kits.jpg","https://cdn.yellosolarhub.com/products/kits/FOTUS-KP02-568kWp-MiniTrilho-kits.jpg|FOTUS-KP02-568kWp-MiniTrilho-kits.jpg","imgs-index",100,6119.99,20,0,"https://cdn.yellosolarhub.com/products/kits/FOTUS-KP02-568kWp-MiniTrilho-kits.jpg|[object Object]"
"FOTUSKP03568KWPCERAMICOKITS","https://cdn.yellosolarhub.com/products/kits/FOTUS-KP03-568kWp-Ceramico-kits.jpg","https://cdn.yellosolarhub.com/products/kits/FOTUS-KP03-568kWp-Ceramico-kits.jpg|FOTUS-KP03-568kWp-Ceramico-kits.jpg","imgs-index",100,11198,20,0,"https://cdn.yellosolarhub.com/products/kits/FOTUS-KP03-568kWp-Ceramico-kits.jpg|[object Object]"
"FOTUSKP03568KWPFIBROCIMENTOKITS","https://cdn.yellosolarhub.com/products/kits/FOTUS-KP03-568kWp-Fibrocimento-kits.jpg","https://cdn.yellosolarhub.com/products/kits/FOTUS-KP03-568kWp-Fibrocimento-kits.jpg|FOTUS-KP03-568kWp-Fibrocimento-kits.jpg","imgs-index",100,11380,20,0,"https://cdn.yellosolarhub.com/products/kits/FOTUS-KP03-568kWp-Fibrocimento-kits.jpg|[object Object]"
"FOTUSKP03568KWPMINITRILHOKITS","https://cdn.yellosolarhub.com/products/kits/FOTUS-KP03-568kWp-MiniTrilho-kits.jpg","https://cdn.yellosolarhub.com/products/kits/FOTUS-KP03-568kWp-MiniTrilho-kits.jpg|FOTUS-KP03-568kWp-MiniTrilho-kits.jpg","imgs-index",100,5881,20,0,"https://cdn.yellosolarhub.com/products/kits/FOTUS-KP03-568kWp-MiniTrilho-kits.jpg|[object Object]"
"FOTUSKP04513KWPCERAMICOKITS","https://cdn.yellosolarhub.com/products/kits/FOTUS-KP04-513kWp-Ceramico-kits.jpg","https://cdn.yellosolarhub.com/products/kits/FOTUS-KP04-513kWp-Ceramico-kits.jpg|FOTUS-KP04-513kWp-Ceramico-kits.jpg","imgs-index",100,6028,20,0,"https://cdn.yellosolarhub.com/products/kits/FOTUS-KP04-513kWp-Ceramico-kits.jpg|[object Object]"
"FOTUSKP04513KWPFIBROCIMENTOKITS","https://cdn.yellosolarhub.com/products/kits/FOTUS-KP04-513kWp-Fibrocimento-kits.jpg","https://cdn.yellosolarhub.com/products/kits/FOTUS-KP04-513kWp-Fibrocimento-kits.jpg|FOTUS-KP04-513kWp-Fibrocimento-kits.jpg","imgs-index",100,9435.95,20,0,"https://cdn.yellosolarhub.com/products/kits/FOTUS-KP04-513kWp-Fibrocimento-kits.jpg|[object Object]"
"FOTUSKP04513KWPMINITRILHOKITS","https://cdn.yellosolarhub.com/products/kits/FOTUS-KP04-513kWp-MiniTrilho-kits.jpg","https://cdn.yellosolarhub.com/products/kits/FOTUS-KP04-513kWp-MiniTrilho-kits.jpg|FOTUS-KP04-513kWp-MiniTrilho-kits.jpg","imgs-index",100,6634.99,20,0,"https://cdn.yellosolarhub.com/products/kits/FOTUS-KP04-513kWp-MiniTrilho-kits.jpg|[object Object]"
"FOTUSKP02480KWPCERAMICOKITS","https://cdn.yellosolarhub.com/products/kits/FOTUS-KP02-480kWp-Ceramico-kits.jpg","https://cdn.yellosolarhub.com/products/kits/FOTUS-KP02-480kWp-Ceramico-kits.jpg|FOTUS-KP02-480kWp-Ceramico-kits.jpg","imgs-index",100,7837.49,20,0,"https://cdn.yellosolarhub.com/products/kits/FOTUS-KP02-480kWp-Ceramico-kits.jpg|[object Object]"
"FOTUSKP02480KWPFIBROCIMENTOKITS","https://cdn.yellosolarhub.com/products/kits/FOTUS-KP02-480kWp-Fibrocimento-kits.jpg","https://cdn.yellosolarhub.com/products/kits/FOTUS-KP02-480kWp-Fibrocimento-kits.jpg|FOTUS-KP02-480kWp-Fibrocimento-kits.jpg","imgs-index",100,11764,20,0,"https://cdn.yellosolarhub.com/products/kits/FOTUS-KP02-480kWp-Fibrocimento-kits.jpg|[object Object]"
"FOTUSKP02480KWPMINITRILHOKITS","https://cdn.yellosolarhub.com/products/kits/FOTUS-KP02-480kWp-MiniTrilho-kits.jpg","https://cdn.yellosolarhub.com/products/kits/FOTUS-KP02-480kWp-MiniTrilho-kits.jpg|FOTUS-KP02-480kWp-MiniTrilho-kits.jpg","imgs-index",100,5653.99,20,0,"https://cdn.yellosolarhub.com/products/kits/FOTUS-KP02-480kWp-MiniTrilho-kits.jpg|[object Object]"
"FOTUSKP04480KWPFIBROCIMENTOKITS","https://cdn.yellosolarhub.com/products/kits/FOTUS-KP04-480kWp-Fibrocimento-kits.jpg","https://cdn.yellosolarhub.com/products/kits/FOTUS-KP04-480kWp-Fibrocimento-kits.jpg|FOTUS-KP04-480kWp-Fibrocimento-kits.jpg","imgs-index",100,12102.99,20,0,"https://cdn.yellosolarhub.com/products/kits/FOTUS-KP04-480kWp-Fibrocimento-kits.jpg|[object Object]"
"FOTUSKP04480KWPMINITRILHOKITS","https://cdn.yellosolarhub.com/products/kits/FOTUS-KP04-480kWp-MiniTrilho-kits.jpg","https://cdn.yellosolarhub.com/products/kits/FOTUS-KP04-480kWp-MiniTrilho-kits.jpg|FOTUS-KP04-480kWp-MiniTrilho-kits.jpg","imgs-index",100,5990.99,20,0,"https://cdn.yellosolarhub.com/products/kits/FOTUS-KP04-480kWp-MiniTrilho-kits.jpg|[object Object]"
"FOTUSKP04456KWPCERAMICOKITS","https://cdn.yellosolarhub.com/products/kits/FOTUS-KP04-456kWp-Ceramico-kits.jpg","https://cdn.yellosolarhub.com/products/kits/FOTUS-KP04-456kWp-Ceramico-kits.jpg|FOTUS-KP04-456kWp-Ceramico-kits.jpg","imgs-index",100,5760.95,20,0,"https://cdn.yellosolarhub.com/products/kits/FOTUS-KP04-456kWp-Ceramico-kits.jpg|[object Object]"
"FOTUSKP04456KWPFIBROCIMENTOKITS","https://cdn.yellosolarhub.com/products/kits/FOTUS-KP04-456kWp-Fibrocimento-kits.jpg","https://cdn.yellosolarhub.com/products/kits/FOTUS-KP04-456kWp-Fibrocimento-kits.jpg|FOTUS-KP04-456kWp-Fibrocimento-kits.jpg","imgs-index",100,1540.95,20,0,"https://cdn.yellosolarhub.com/products/kits/FOTUS-KP04-456kWp-Fibrocimento-kits.jpg|[object Object]"
"FOTUSKP04456KWPMINITRILHOKITS","https://cdn.yellosolarhub.com/products/kits/FOTUS-KP04-456kWp-MiniTrilho-kits.jpg","https://cdn.yellosolarhub.com/products/kits/FOTUS-KP04-456kWp-MiniTrilho-kits.jpg|FOTUS-KP04-456kWp-MiniTrilho-kits.jpg","imgs-index",100,9523.99,20,0,"https://cdn.yellosolarhub.com/products/kits/FOTUS-KP04-456kWp-MiniTrilho-kits.jpg|[object Object]"
"FOTUSKP04360KWPCERAMICOKITSHIBRIDOS","https://cdn.yellosolarhub.com/products/kits/FOTUS-KP04-360kWp-Ceramico-kits-hibridos.jpg","https://cdn.yellosolarhub.com/products/kits/FOTUS-KP04-360kWp-Ceramico-kits-hibridos.jpg|FOTUS-KP04-360kWp-Ceramico-kits-hibridos.jpg","imgs-index",100,6777.99,20,0,"https://cdn.yellosolarhub.com/products/kits/FOTUS-KP04-360kWp-Ceramico-kits-hibridos.jpg|[object Object]"
"FOTUSKP04360KWPFIBROCIMENTOKITSHIBRIDOS","https://cdn.yellosolarhub.com/products/kits/FOTUS-KP04-360kWp-Fibrocimento-kits-hibridos.jpg","https://cdn.yellosolarhub.com/products/kits/FOTUS-KP04-360kWp-Fibrocimento-kits-hibridos.jpg|FOTUS-KP04-360kWp-Fibrocimento-kits-hibridos.jpg","imgs-index",100,4655.95,20,0,"https://cdn.yellosolarhub.com/products/kits/FOTUS-KP04-360kWp-Fibrocimento-kits-hibridos.jpg|[object Object]"
"FOTUSKP04360KWPMINITRILHOKITSHIBRIDOS","https://cdn.yellosolarhub.com/products/kits/FOTUS-KP04-360kWp-MiniTrilho-kits-hibridos.jpg","https://cdn.yellosolarhub.com/products/kits/FOTUS-KP04-360kWp-MiniTrilho-kits-hibridos.jpg|FOTUS-KP04-360kWp-MiniTrilho-kits-hibridos.jpg","imgs-index",100,11982.99,20,0,"https://cdn.yellosolarhub.com/products/kits/FOTUS-KP04-360kWp-MiniTrilho-kits-hibridos.jpg|[object Object]"
"FOTUSKP02426KWPCERAMICOKITS","https://cdn.yellosolarhub.com/products/kits/FOTUS-KP02-426kWp-Ceramico-kits.jpg","https://cdn.yellosolarhub.com/products/kits/FOTUS-KP02-426kWp-Ceramico-kits.jpg|FOTUS-KP02-426kWp-Ceramico-kits.jpg","imgs-index",100,11316.99,20,0,"https://cdn.yellosolarhub.com/products/kits/FOTUS-KP02-426kWp-Ceramico-kits.jpg|[object Object]"
"FOTUSKP02426KWPFIBROCIMENTOKITS","https://cdn.yellosolarhub.com/products/kits/FOTUS-KP02-426kWp-Fibrocimento-kits.jpg","https://cdn.yellosolarhub.com/products/kits/FOTUS-KP02-426kWp-Fibrocimento-kits.jpg|FOTUS-KP02-426kWp-Fibrocimento-kits.jpg","imgs-index",100,1151.95,20,0,"https://cdn.yellosolarhub.com/products/kits/FOTUS-KP02-426kWp-Fibrocimento-kits.jpg|[object Object]"
"FOTUSKP02426KWPMINITRILHOKITS","https://cdn.yellosolarhub.com/products/kits/FOTUS-KP02-426kWp-MiniTrilho-kits.jpg","https://cdn.yellosolarhub.com/products/kits/FOTUS-KP02-426kWp-MiniTrilho-kits.jpg|FOTUS-KP02-426kWp-MiniTrilho-kits.jpg","imgs-index",100,2108.95,20,0,"https://cdn.yellosolarhub.com/products/kits/FOTUS-KP02-426kWp-MiniTrilho-kits.jpg|[object Object]"
"FOTUSKP03426KWPCERAMICOKITS","https://cdn.yellosolarhub.com/products/kits/FOTUS-KP03-426kWp-Ceramico-kits.jpg","https://cdn.yellosolarhub.com/products/kits/FOTUS-KP03-426kWp-Ceramico-kits.jpg|FOTUS-KP03-426kWp-Ceramico-kits.jpg","imgs-index",100,9904.49,20,0,"https://cdn.yellosolarhub.com/products/kits/FOTUS-KP03-426kWp-Ceramico-kits.jpg|[object Object]"
"FOTUSKP03426KWPFIBROCIMENTOKITS","https://cdn.yellosolarhub.com/products/kits/FOTUS-KP03-426kWp-Fibrocimento-kits.jpg","https://cdn.yellosolarhub.com/products/kits/FOTUS-KP03-426kWp-Fibrocimento-kits.jpg|FOTUS-KP03-426kWp-Fibrocimento-kits.jpg","imgs-index",100,11154.49,20,0,"https://cdn.yellosolarhub.com/products/kits/FOTUS-KP03-426kWp-Fibrocimento-kits.jpg|[object Object]"
"FOTUSKP03426KWPMINITRILHOKITS","https://cdn.yellosolarhub.com/products/kits/FOTUS-KP03-426kWp-MiniTrilho-kits.jpg","https://cdn.yellosolarhub.com/products/kits/FOTUS-KP03-426kWp-MiniTrilho-kits.jpg|FOTUS-KP03-426kWp-MiniTrilho-kits.jpg","imgs-index",100,1940.95,20,0,"https://cdn.yellosolarhub.com/products/kits/FOTUS-KP03-426kWp-MiniTrilho-kits.jpg|[object Object]"
"FOTUSKP04399KWPCERAMICOKITS","https://cdn.yellosolarhub.com/products/kits/FOTUS-KP04-399kWp-Ceramico-kits.jpg","https://cdn.yellosolarhub.com/products/kits/FOTUS-KP04-399kWp-Ceramico-kits.jpg|FOTUS-KP04-399kWp-Ceramico-kits.jpg","imgs-index",100,2503.99,20,0,"https://cdn.yellosolarhub.com/products/kits/FOTUS-KP04-399kWp-Ceramico-kits.jpg|[object Object]"
"FOTUSKP04399KWPFIBROCIMENTOKITS","https://cdn.yellosolarhub.com/products/kits/FOTUS-KP04-399kWp-Fibrocimento-kits.jpg","https://cdn.yellosolarhub.com/products/kits/FOTUS-KP04-399kWp-Fibrocimento-kits.jpg|FOTUS-KP04-399kWp-Fibrocimento-kits.jpg","imgs-index",100,11387,20,0,"https://cdn.yellosolarhub.com/products/kits/FOTUS-KP04-399kWp-Fibrocimento-kits.jpg|[object Object]"
"FOTUSKP04399KWPMINITRILHOKITS","https://cdn.yellosolarhub.com/products/kits/FOTUS-KP04-399kWp-MiniTrilho-kits.jpg","https://cdn.yellosolarhub.com/products/kits/FOTUS-KP04-399kWp-MiniTrilho-kits.jpg|FOTUS-KP04-399kWp-MiniTrilho-kits.jpg","imgs-index",100,2557.49,20,0,"https://cdn.yellosolarhub.com/products/kits/FOTUS-KP04-399kWp-MiniTrilho-kits.jpg|[object Object]"
"FOTUSKP02360KWPFIBROCIMENTOKITS","https://cdn.yellosolarhub.com/products/kits/FOTUS-KP02-360kWp-Fibrocimento-kits.jpg","https://cdn.yellosolarhub.com/products/kits/FOTUS-KP02-360kWp-Fibrocimento-kits.jpg|FOTUS-KP02-360kWp-Fibrocimento-kits.jpg","imgs-index",100,8200.99,20,0,"https://cdn.yellosolarhub.com/products/kits/FOTUS-KP02-360kWp-Fibrocimento-kits.jpg|[object Object]"
"FOTUSKP02360KWPMINITRILHOKITS","https://cdn.yellosolarhub.com/products/kits/FOTUS-KP02-360kWp-MiniTrilho-kits.jpg","https://cdn.yellosolarhub.com/products/kits/FOTUS-KP02-360kWp-MiniTrilho-kits.jpg|FOTUS-KP02-360kWp-MiniTrilho-kits.jpg","imgs-index",100,9183.95,20,0,"https://cdn.yellosolarhub.com/products/kits/FOTUS-KP02-360kWp-MiniTrilho-kits.jpg|[object Object]"
"FOTUSKP04360KWPCERAMICOKITS","https://cdn.yellosolarhub.com/products/kits/FOTUS-KP04-360kWp-Ceramico-kits.jpg","https://cdn.yellosolarhub.com/products/kits/FOTUS-KP04-360kWp-Ceramico-kits.jpg|FOTUS-KP04-360kWp-Ceramico-kits.jpg","imgs-index",100,8262.95,20,0,"https://cdn.yellosolarhub.com/products/kits/FOTUS-KP04-360kWp-Ceramico-kits.jpg|[object Object]"
"FOTUSKP04360KWPFIBROCIMENTOKITS","https://cdn.yellosolarhub.com/products/kits/FOTUS-KP04-360kWp-Fibrocimento-kits.jpg","https://cdn.yellosolarhub.com/products/kits/FOTUS-KP04-360kWp-Fibrocimento-kits.jpg|FOTUS-KP04-360kWp-Fibrocimento-kits.jpg","imgs-index",100,6873.99,20,0,"https://cdn.yellosolarhub.com/products/kits/FOTUS-KP04-360kWp-Fibrocimento-kits.jpg|[object Object]"
"FOTUSKP04360KWPMINITRILHOKITS","https://cdn.yellosolarhub.com/products/kits/FOTUS-KP04-360kWp-MiniTrilho-kits.jpg","https://cdn.yellosolarhub.com/products/kits/FOTUS-KP04-360kWp-MiniTrilho-kits.jpg|FOTUS-KP04-360kWp-MiniTrilho-kits.jpg","imgs-index",100,11088,20,0,"https://cdn.yellosolarhub.com/products/kits/FOTUS-KP04-360kWp-MiniTrilho-kits.jpg|[object Object]"
"FOTUSKP04342KWPCERAMICOKITS","https://cdn.yellosolarhub.com/products/kits/FOTUS-KP04-342kWp-Ceramico-kits.jpg","https://cdn.yellosolarhub.com/products/kits/FOTUS-KP04-342kWp-Ceramico-kits.jpg|FOTUS-KP04-342kWp-Ceramico-kits.jpg","imgs-index",100,10445.99,20,0,"https://cdn.yellosolarhub.com/products/kits/FOTUS-KP04-342kWp-Ceramico-kits.jpg|[object Object]"
"FOTUSKP04342KWPFIBROCIMENTOKITS","https://cdn.yellosolarhub.com/products/kits/FOTUS-KP04-342kWp-Fibrocimento-kits.jpg","https://cdn.yellosolarhub.com/products/kits/FOTUS-KP04-342kWp-Fibrocimento-kits.jpg|FOTUS-KP04-342kWp-Fibrocimento-kits.jpg","imgs-index",100,12454.99,20,0,"https://cdn.yellosolarhub.com/products/kits/FOTUS-KP04-342kWp-Fibrocimento-kits.jpg|[object Object]"
"FOTUSKP04342KWPMINITRILHOKITS","https://cdn.yellosolarhub.com/products/kits/FOTUS-KP04-342kWp-MiniTrilho-kits.jpg","https://cdn.yellosolarhub.com/products/kits/FOTUS-KP04-342kWp-MiniTrilho-kits.jpg|FOTUS-KP04-342kWp-MiniTrilho-kits.jpg","imgs-index",100,11273.95,20,0,"https://cdn.yellosolarhub.com/products/kits/FOTUS-KP04-342kWp-MiniTrilho-kits.jpg|[object Object]"
"FOTUSKP04240KWPCERAMICOKITSHIBRIDOS","https://cdn.yellosolarhub.com/products/kits/FOTUS-KP04-240kWp-Ceramico-kits-hibridos.jpg","https://cdn.yellosolarhub.com/products/kits/FOTUS-KP04-240kWp-Ceramico-kits-hibridos.jpg|FOTUS-KP04-240kWp-Ceramico-kits-hibridos.jpg","imgs-index",100,2020.95,20,0,"https://cdn.yellosolarhub.com/products/kits/FOTUS-KP04-240kWp-Ceramico-kits-hibridos.jpg|[object Object]"
"FOTUSKP04240KWPFIBROCIMENTOKITSHIBRIDOS","https://cdn.yellosolarhub.com/products/kits/FOTUS-KP04-240kWp-Fibrocimento-kits-hibridos.jpg","https://cdn.yellosolarhub.com/products/kits/FOTUS-KP04-240kWp-Fibrocimento-kits-hibridos.jpg|FOTUS-KP04-240kWp-Fibrocimento-kits-hibridos.jpg","imgs-index",100,10149,20,0,"https://cdn.yellosolarhub.com/products/kits/FOTUS-KP04-240kWp-Fibrocimento-kits-hibridos.jpg|[object Object]"
"FOTUSKP04240KWPMINITRILHOKITSHIBRIDOS","https://cdn.yellosolarhub.com/products/kits/FOTUS-KP04-240kWp-MiniTrilho-kits-hibridos.jpg","https://cdn.yellosolarhub.com/products/kits/FOTUS-KP04-240kWp-MiniTrilho-kits-hibridos.jpg|FOTUS-KP04-240kWp-MiniTrilho-kits-hibridos.jpg","imgs-index",100,10023,20,0,"https://cdn.yellosolarhub.com/products/kits/FOTUS-KP04-240kWp-MiniTrilho-kits-hibridos.jpg|[object Object]"
"FOTUSKP02284KWPCERAMICOKITS","https://cdn.yellosolarhub.com/products/kits/FOTUS-KP02-284kWp-Ceramico-kits.jpg","https://cdn.yellosolarhub.com/products/kits/FOTUS-KP02-284kWp-Ceramico-kits.jpg|FOTUS-KP02-284kWp-Ceramico-kits.jpg","imgs-index",100,2686.49,20,0,"https://cdn.yellosolarhub.com/products/kits/FOTUS-KP02-284kWp-Ceramico-kits.jpg|[object Object]"
"FOTUSKP02284KWPFIBROCIMENTOKITS","https://cdn.yellosolarhub.com/products/kits/FOTUS-KP02-284kWp-Fibrocimento-kits.jpg","https://cdn.yellosolarhub.com/products/kits/FOTUS-KP02-284kWp-Fibrocimento-kits.jpg|FOTUS-KP02-284kWp-Fibrocimento-kits.jpg","imgs-index",100,10246.95,20,0,"https://cdn.yellosolarhub.com/products/kits/FOTUS-KP02-284kWp-Fibrocimento-kits.jpg|[object Object]"
"FOTUSKP02284KWPMINITRILHOKITS","https://cdn.yellosolarhub.com/products/kits/FOTUS-KP02-284kWp-MiniTrilho-kits.jpg","https://cdn.yellosolarhub.com/products/kits/FOTUS-KP02-284kWp-MiniTrilho-kits.jpg|FOTUS-KP02-284kWp-MiniTrilho-kits.jpg","imgs-index",100,3757.99,20,0,"https://cdn.yellosolarhub.com/products/kits/FOTUS-KP02-284kWp-MiniTrilho-kits.jpg|[object Object]"
"FOTUSKP03284KWPCERAMICOKITS","https://cdn.yellosolarhub.com/products/kits/FOTUS-KP03-284kWp-Ceramico-kits.jpg","https://cdn.yellosolarhub.com/products/kits/FOTUS-KP03-284kWp-Ceramico-kits.jpg|FOTUS-KP03-284kWp-Ceramico-kits.jpg","imgs-index",100,3849.99,20,0,"https://cdn.yellosolarhub.com/products/kits/FOTUS-KP03-284kWp-Ceramico-kits.jpg|[object Object]"
"FOTUSKP03284KWPFIBROCIMENTOKITS","https://cdn.yellosolarhub.com/products/kits/FOTUS-KP03-284kWp-Fibrocimento-kits.jpg","https://cdn.yellosolarhub.com/products/kits/FOTUS-KP03-284kWp-Fibrocimento-kits.jpg|FOTUS-KP03-284kWp-Fibrocimento-kits.jpg","imgs-index",100,12094,20,0,"https://cdn.yellosolarhub.com/products/kits/FOTUS-KP03-284kWp-Fibrocimento-kits.jpg|[object Object]"
"FOTUSKP03284KWPMINITRILHOKITS","https://cdn.yellosolarhub.com/products/kits/FOTUS-KP03-284kWp-MiniTrilho-kits.jpg","https://cdn.yellosolarhub.com/products/kits/FOTUS-KP03-284kWp-MiniTrilho-kits.jpg|FOTUS-KP03-284kWp-MiniTrilho-kits.jpg","imgs-index",100,9144.95,20,0,"https://cdn.yellosolarhub.com/products/kits/FOTUS-KP03-284kWp-MiniTrilho-kits.jpg|[object Object]"
"FOTUSKP02240KWPCERAMICOKITS","https://cdn.yellosolarhub.com/products/kits/FOTUS-KP02-240kWp-Ceramico-kits.jpg","https://cdn.yellosolarhub.com/products/kits/FOTUS-KP02-240kWp-Ceramico-kits.jpg|FOTUS-KP02-240kWp-Ceramico-kits.jpg","imgs-index",100,5971.95,20,0,"https://cdn.yellosolarhub.com/products/kits/FOTUS-KP02-240kWp-Ceramico-kits.jpg|[object Object]"
"FOTUSKP04240KWPCERAMICOKITS","https://cdn.yellosolarhub.com/products/kits/FOTUS-KP04-240kWp-Ceramico-kits.jpg","https://cdn.yellosolarhub.com/products/kits/FOTUS-KP04-240kWp-Ceramico-kits.jpg|FOTUS-KP04-240kWp-Ceramico-kits.jpg","imgs-index",100,11295,20,0,"https://cdn.yellosolarhub.com/products/kits/FOTUS-KP04-240kWp-Ceramico-kits.jpg|[object Object]"
"FOTUSKP04240KWPFIBROCIMENTOKITS","https://cdn.yellosolarhub.com/products/kits/FOTUS-KP04-240kWp-Fibrocimento-kits.jpg","https://cdn.yellosolarhub.com/products/kits/FOTUS-KP04-240kWp-Fibrocimento-kits.jpg|FOTUS-KP04-240kWp-Fibrocimento-kits.jpg","imgs-index",100,4519.99,20,0,"https://cdn.yellosolarhub.com/products/kits/FOTUS-KP04-240kWp-Fibrocimento-kits.jpg|[object Object]"
"FOTUSKP04240KWPMINITRILHOKITS","https://cdn.yellosolarhub.com/products/kits/FOTUS-KP04-240kWp-MiniTrilho-kits.jpg","https://cdn.yellosolarhub.com/products/kits/FOTUS-KP04-240kWp-MiniTrilho-kits.jpg|FOTUS-KP04-240kWp-MiniTrilho-kits.jpg","imgs-index",100,1782.99,20,0,"https://cdn.yellosolarhub.com/products/kits/FOTUS-KP04-240kWp-MiniTrilho-kits.jpg|[object Object]"
"FOTUSKP04228KWPCERAMICOKITS","https://cdn.yellosolarhub.com/products/kits/FOTUS-KP04-228kWp-Ceramico-kits.jpg","https://cdn.yellosolarhub.com/products/kits/FOTUS-KP04-228kWp-Ceramico-kits.jpg|FOTUS-KP04-228kWp-Ceramico-kits.jpg","imgs-index",100,4136,20,0,"https://cdn.yellosolarhub.com/products/kits/FOTUS-KP04-228kWp-Ceramico-kits.jpg|[object Object]"
"FOTUSKP04228KWPFIBROCIMENTOKITS","https://cdn.yellosolarhub.com/products/kits/FOTUS-KP04-228kWp-Fibrocimento-kits.jpg","https://cdn.yellosolarhub.com/products/kits/FOTUS-KP04-228kWp-Fibrocimento-kits.jpg|FOTUS-KP04-228kWp-Fibrocimento-kits.jpg","imgs-index",100,4485,20,0,"https://cdn.yellosolarhub.com/products/kits/FOTUS-KP04-228kWp-Fibrocimento-kits.jpg|[object Object]"
"FOTUSKP04228KWPMINITRILHOKITS","https://cdn.yellosolarhub.com/products/kits/FOTUS-KP04-228kWp-MiniTrilho-kits.jpg","https://cdn.yellosolarhub.com/products/kits/FOTUS-KP04-228kWp-MiniTrilho-kits.jpg|FOTUS-KP04-228kWp-MiniTrilho-kits.jpg","imgs-index",100,5808.99,20,0,"https://cdn.yellosolarhub.com/products/kits/FOTUS-KP04-228kWp-MiniTrilho-kits.jpg|[object Object]"
"FOTUSKP04120KWPCERAMICOKITSHIBRIDOS","https://cdn.yellosolarhub.com/products/kits/FOTUS-KP04-120kWp-Ceramico-kits-hibridos.jpg","https://cdn.yellosolarhub.com/products/kits/FOTUS-KP04-120kWp-Ceramico-kits-hibridos.jpg|FOTUS-KP04-120kWp-Ceramico-kits-hibridos.jpg","imgs-index",100,5466.95,20,0,"https://cdn.yellosolarhub.com/products/kits/FOTUS-KP04-120kWp-Ceramico-kits-hibridos.jpg|[object Object]"
"FOTUSKP04120KWPFIBROCIMENTOKITSHIBRIDOS","https://cdn.yellosolarhub.com/products/kits/FOTUS-KP04-120kWp-Fibrocimento-kits-hibridos.jpg","https://cdn.yellosolarhub.com/products/kits/FOTUS-KP04-120kWp-Fibrocimento-kits-hibridos.jpg|FOTUS-KP04-120kWp-Fibrocimento-kits-hibridos.jpg","imgs-index",100,8577.99,20,0,"https://cdn.yellosolarhub.com/products/kits/FOTUS-KP04-120kWp-Fibrocimento-kits-hibridos.jpg|[object Object]"
"FOTUSKP04120KWPMINITRILHOKITSHIBRIDOS","https://cdn.yellosolarhub.com/products/kits/FOTUS-KP04-120kWp-MiniTrilho-kits-hibridos.jpg","https://cdn.yellosolarhub.com/products/kits/FOTUS-KP04-120kWp-MiniTrilho-kits-hibridos.jpg|FOTUS-KP04-120kWp-MiniTrilho-kits-hibridos.jpg","imgs-index",100,3944.49,20,0,"https://cdn.yellosolarhub.com/products/kits/FOTUS-KP04-120kWp-MiniTrilho-kits-hibridos.jpg|[object Object]"
"FOTUSKP02142KWPCERAMICOKITS","https://cdn.yellosolarhub.com/products/kits/FOTUS-KP02-142kWp-Ceramico-kits.jpg","https://cdn.yellosolarhub.com/products/kits/FOTUS-KP02-142kWp-Ceramico-kits.jpg|FOTUS-KP02-142kWp-Ceramico-kits.jpg","imgs-index",100,11115.95,20,0,"https://cdn.yellosolarhub.com/products/kits/FOTUS-KP02-142kWp-Ceramico-kits.jpg|[object Object]"
"FOTUSKP02142KWPFIBROCIMENTOKITS","https://cdn.yellosolarhub.com/products/kits/FOTUS-KP02-142kWp-Fibrocimento-kits.jpg","https://cdn.yellosolarhub.com/products/kits/FOTUS-KP02-142kWp-Fibrocimento-kits.jpg|FOTUS-KP02-142kWp-Fibrocimento-kits.jpg","imgs-index",100,4076.95,20,0,"https://cdn.yellosolarhub.com/products/kits/FOTUS-KP02-142kWp-Fibrocimento-kits.jpg|[object Object]"
"FOTUSKP02142KWPMINITRILHOKITS","https://cdn.yellosolarhub.com/products/kits/FOTUS-KP02-142kWp-MiniTrilho-kits.jpg","https://cdn.yellosolarhub.com/products/kits/FOTUS-KP02-142kWp-MiniTrilho-kits.jpg|FOTUS-KP02-142kWp-MiniTrilho-kits.jpg","imgs-index",100,750.99,20,0,"https://cdn.yellosolarhub.com/products/kits/FOTUS-KP02-142kWp-MiniTrilho-kits.jpg|[object Object]"
"FOTUSKP03142KWPCERAMICOKITS","https://cdn.yellosolarhub.com/products/kits/FOTUS-KP03-142kWp-Ceramico-kits.jpg","https://cdn.yellosolarhub.com/products/kits/FOTUS-KP03-142kWp-Ceramico-kits.jpg|FOTUS-KP03-142kWp-Ceramico-kits.jpg","imgs-index",100,10649.99,20,0,"https://cdn.yellosolarhub.com/products/kits/FOTUS-KP03-142kWp-Ceramico-kits.jpg|[object Object]"
"FOTUSKP03142KWPFIBROCIMENTOKITS","https://cdn.yellosolarhub.com/products/kits/FOTUS-KP03-142kWp-Fibrocimento-kits.jpg","https://cdn.yellosolarhub.com/products/kits/FOTUS-KP03-142kWp-Fibrocimento-kits.jpg|FOTUS-KP03-142kWp-Fibrocimento-kits.jpg","imgs-index",100,6225.99,20,0,"https://cdn.yellosolarhub.com/products/kits/FOTUS-KP03-142kWp-Fibrocimento-kits.jpg|[object Object]"
"FOTUSKP03142KWPMINITRILHOKITS","https://cdn.yellosolarhub.com/products/kits/FOTUS-KP03-142kWp-MiniTrilho-kits.jpg","https://cdn.yellosolarhub.com/products/kits/FOTUS-KP03-142kWp-MiniTrilho-kits.jpg|FOTUS-KP03-142kWp-MiniTrilho-kits.jpg","imgs-index",100,7440.95,20,0,"https://cdn.yellosolarhub.com/products/kits/FOTUS-KP03-142kWp-MiniTrilho-kits.jpg|[object Object]"
"FOTUSKP02120KWPCERAMICOKITS","https://cdn.yellosolarhub.com/products/kits/FOTUS-KP02-120kWp-Ceramico-kits.jpg","https://cdn.yellosolarhub.com/products/kits/FOTUS-KP02-120kWp-Ceramico-kits.jpg|FOTUS-KP02-120kWp-Ceramico-kits.jpg","imgs-index",100,1905.99,20,0,"https://cdn.yellosolarhub.com/products/kits/FOTUS-KP02-120kWp-Ceramico-kits.jpg|[object Object]"
"FOTUSKP02120KWPFIBROCIMENTOKITS","https://cdn.yellosolarhub.com/products/kits/FOTUS-KP02-120kWp-Fibrocimento-kits.jpg","https://cdn.yellosolarhub.com/products/kits/FOTUS-KP02-120kWp-Fibrocimento-kits.jpg|FOTUS-KP02-120kWp-Fibrocimento-kits.jpg","imgs-index",100,474.95,20,0,"https://cdn.yellosolarhub.com/products/kits/FOTUS-KP02-120kWp-Fibrocimento-kits.jpg|[object Object]"
"FOTUSKP04120KWPCERAMICOKITS","https://cdn.yellosolarhub.com/products/kits/FOTUS-KP04-120kWp-Ceramico-kits.jpg","https://cdn.yellosolarhub.com/products/kits/FOTUS-KP04-120kWp-Ceramico-kits.jpg|FOTUS-KP04-120kWp-Ceramico-kits.jpg","imgs-index",100,11695,20,0,"https://cdn.yellosolarhub.com/products/kits/FOTUS-KP04-120kWp-Ceramico-kits.jpg|[object Object]"
"FOTUSKP04120KWPFIBROCIMENTOKITS","https://cdn.yellosolarhub.com/products/kits/FOTUS-KP04-120kWp-Fibrocimento-kits.jpg","https://cdn.yellosolarhub.com/products/kits/FOTUS-KP04-120kWp-Fibrocimento-kits.jpg|FOTUS-KP04-120kWp-Fibrocimento-kits.jpg","imgs-index",100,8939.49,20,0,"https://cdn.yellosolarhub.com/products/kits/FOTUS-KP04-120kWp-Fibrocimento-kits.jpg|[object Object]"
"FOTUSKP04120KWPMINITRILHOKITS","https://cdn.yellosolarhub.com/products/kits/FOTUS-KP04-120kWp-MiniTrilho-kits.jpg","https://cdn.yellosolarhub.com/products/kits/FOTUS-KP04-120kWp-MiniTrilho-kits.jpg|FOTUS-KP04-120kWp-MiniTrilho-kits.jpg","imgs-index",100,7375.95,20,0,"https://cdn.yellosolarhub.com/products/kits/FOTUS-KP04-120kWp-MiniTrilho-kits.jpg|[object Object]"
"FOTUSKP04114KWPCERAMICOKITS","https://cdn.yellosolarhub.com/products/kits/FOTUS-KP04-114kWp-Ceramico-kits.jpg","https://cdn.yellosolarhub.com/products/kits/FOTUS-KP04-114kWp-Ceramico-kits.jpg|FOTUS-KP04-114kWp-Ceramico-kits.jpg","imgs-index",100,9483,20,0,"https://cdn.yellosolarhub.com/products/kits/FOTUS-KP04-114kWp-Ceramico-kits.jpg|[object Object]"
"FOTUSKP04114KWPFIBROCIMENTOKITS","https://cdn.yellosolarhub.com/products/kits/FOTUS-KP04-114kWp-Fibrocimento-kits.jpg","https://cdn.yellosolarhub.com/products/kits/FOTUS-KP04-114kWp-Fibrocimento-kits.jpg|FOTUS-KP04-114kWp-Fibrocimento-kits.jpg","imgs-index",100,7287.95,20,0,"https://cdn.yellosolarhub.com/products/kits/FOTUS-KP04-114kWp-Fibrocimento-kits.jpg|[object Object]"
"FOTUSKP04114KWPMINITRILHOKITS","https://cdn.yellosolarhub.com/products/kits/FOTUS-KP04-114kWp-MiniTrilho-kits.jpg","https://cdn.yellosolarhub.com/products/kits/FOTUS-KP04-114kWp-MiniTrilho-kits.jpg|FOTUS-KP04-114kWp-MiniTrilho-kits.jpg","imgs-index",100,8944,20,0,"https://cdn.yellosolarhub.com/products/kits/FOTUS-KP04-114kWp-MiniTrilho-kits.jpg|[object Object]"
"GOODWEGW250KHTIMAGEPRODUCT600142","https://cdn.yellosolarhub.com/products/inversores/GOODWE-GW250K-HT_IMAGE_PRODUCT_600142.png","https://cdn.yellosolarhub.com/products/inversores/GOODWE-GW250K-HT_IMAGE_PRODUCT_600142.png|GOODWE-GW250K-HT_IMAGE_PRODUCT_600142.png","imgs-index",100,3250.99,20,0,"https://cdn.yellosolarhub.com/products/inversores/GOODWE-GW250K-HT_IMAGE_PRODUCT_600142.png|[object Object]"
"GOODWEGW250KHUTIMAGEPRODUCT600344","https://cdn.yellosolarhub.com/products/inversores/GOODWE-GW250KH-UT_IMAGE_PRODUCT_600344.png","https://cdn.yellosolarhub.com/products/inversores/GOODWE-GW250KH-UT_IMAGE_PRODUCT_600344.png|GOODWE-GW250KH-UT_IMAGE_PRODUCT_600344.png","imgs-index",100,8150.99,20,0,"https://cdn.yellosolarhub.com/products/inversores/GOODWE-GW250KH-UT_IMAGE_PRODUCT_600344.png|[object Object]"
"GOODWEGW250KNHTIMAGE","https://cdn.yellosolarhub.com/products/inversores/GOODWE-GW250KN-HT_image.png","https://cdn.yellosolarhub.com/products/inversores/GOODWE-GW250KN-HT_image.png|GOODWE-GW250KN-HT_image.png","imgs-index",100,8400.95,20,0,"https://cdn.yellosolarhub.com/products/inversores/GOODWE-GW250KN-HT_image.png|[object Object]"
"GOODWEGW110KHTIMAGEPRODUCT600023","https://cdn.yellosolarhub.com/products/inversores/GOODWE-GW 110K-HT_IMAGE_PRODUCT_600023.png","https://cdn.yellosolarhub.com/products/inversores/GOODWE-GW 110K-HT_IMAGE_PRODUCT_600023.png|GOODWE-GW 110K-HT_IMAGE_PRODUCT_600023.png","imgs-index",100,6801.95,20,0,"https://cdn.yellosolarhub.com/products/inversores/GOODWE-GW 110K-HT_IMAGE_PRODUCT_600023.png|[object Object]"
"GOODWEGW100KHTIMAGEPRODUCT600066","https://cdn.yellosolarhub.com/products/inversores/GOODWE-GW 100K-HT_IMAGE_PRODUCT_600066.png","https://cdn.yellosolarhub.com/products/inversores/GOODWE-GW 100K-HT_IMAGE_PRODUCT_600066.png|GOODWE-GW 100K-HT_IMAGE_PRODUCT_600066.png","imgs-index",100,5652.99,20,0,"https://cdn.yellosolarhub.com/products/inversores/GOODWE-GW 100K-HT_IMAGE_PRODUCT_600066.png|[object Object]"
"GOODWEGW100KGTAFCIIMAGEPRODUCT600342","https://cdn.yellosolarhub.com/products/inversores/GOODWE-GW100K-GT - AFCI_IMAGE_PRODUCT_600342.jpg","https://cdn.yellosolarhub.com/products/inversores/GOODWE-GW100K-GT - AFCI_IMAGE_PRODUCT_600342.jpg|GOODWE-GW100K-GT - AFCI_IMAGE_PRODUCT_600342.jpg","imgs-index",100,3357.99,20,0,"https://cdn.yellosolarhub.com/products/inversores/GOODWE-GW100K-GT - AFCI_IMAGE_PRODUCT_600342.jpg|[object Object]"
"GOODWEGW100KHTIMAGEPRODUCT600126","https://cdn.yellosolarhub.com/products/inversores/GOODWE-GW100K-HT_IMAGE_PRODUCT_600126.png","https://cdn.yellosolarhub.com/products/inversores/GOODWE-GW100K-HT_IMAGE_PRODUCT_600126.png|GOODWE-GW100K-HT_IMAGE_PRODUCT_600126.png","imgs-index",100,8433.99,20,0,"https://cdn.yellosolarhub.com/products/inversores/GOODWE-GW100K-HT_IMAGE_PRODUCT_600126.png|[object Object]"
"GOODWEGW75KSMTAFCIIMAGEPRODUCT600328","https://cdn.yellosolarhub.com/products/inversores/GOODWE-GW75K-SMT - AFCI_IMAGE_PRODUCT_600328.png","https://cdn.yellosolarhub.com/products/inversores/GOODWE-GW75K-SMT - AFCI_IMAGE_PRODUCT_600328.png|GOODWE-GW75K-SMT - AFCI_IMAGE_PRODUCT_600328.png","imgs-index",100,713.99,20,0,"https://cdn.yellosolarhub.com/products/inversores/GOODWE-GW75K-SMT - AFCI_IMAGE_PRODUCT_600328.png|[object Object]"
"GOODWEGW73KLVHTAFCIIMAGE","https://cdn.yellosolarhub.com/products/inversores/GOODWE-GW 73KLV-HT - AFCI_image.png","https://cdn.yellosolarhub.com/products/inversores/GOODWE-GW 73KLV-HT - AFCI_image.png|GOODWE-GW 73KLV-HT - AFCI_image.png","imgs-index",100,5141.99,20,0,"https://cdn.yellosolarhub.com/products/inversores/GOODWE-GW 73KLV-HT - AFCI_image.png|[object Object]"
"DEYESUN75KG01P3LVIMAGE","https://cdn.yellosolarhub.com/products/inversores/DEYE-SUN-75K-G01P3-LV_image.png","https://cdn.yellosolarhub.com/products/inversores/DEYE-SUN-75K-G01P3-LV_image.png|DEYE-SUN-75K-G01P3-LV_image.png","imgs-index",100,6062,20,0,"https://cdn.yellosolarhub.com/products/inversores/DEYE-SUN-75K-G01P3-LV_image.png|[object Object]"
"GOODWEGW60KSMTAFCIIMAGE","https://cdn.yellosolarhub.com/products/inversores/GOODWE-GW 60KS-MT - AFCI_image.png","https://cdn.yellosolarhub.com/products/inversores/GOODWE-GW 60KS-MT - AFCI_image.png|GOODWE-GW 60KS-MT - AFCI_image.png","imgs-index",100,3841.95,20,0,"https://cdn.yellosolarhub.com/products/inversores/GOODWE-GW 60KS-MT - AFCI_image.png|[object Object]"
"GOODWEGW60KSMTIMAGE","https://cdn.yellosolarhub.com/products/inversores/GOODWE-GW 60KS-MT_image.png","https://cdn.yellosolarhub.com/products/inversores/GOODWE-GW 60KS-MT_image.png|GOODWE-GW 60KS-MT_image.png","imgs-index",100,10175,20,0,"https://cdn.yellosolarhub.com/products/inversores/GOODWE-GW 60KS-MT_image.png|[object Object]"
"GOODWEGW50KSMTAFCIIMAGE","https://cdn.yellosolarhub.com/products/inversores/GOODWE-GW 50KS-MT - AFCI_image.png","https://cdn.yellosolarhub.com/products/inversores/GOODWE-GW 50KS-MT - AFCI_image.png|GOODWE-GW 50KS-MT - AFCI_image.png","imgs-index",100,4367.49,20,0,"https://cdn.yellosolarhub.com/products/inversores/GOODWE-GW 50KS-MT - AFCI_image.png|[object Object]"
"GOODWEGW37K5SDTBR30AFCIIMAGEPRODUCT600350","https://cdn.yellosolarhub.com/products/inversores/GOODWE-GW37K5-SDT-BR30 - AFCI_IMAGE_PRODUCT_600350.jpg","https://cdn.yellosolarhub.com/products/inversores/GOODWE-GW37K5-SDT-BR30 - AFCI_IMAGE_PRODUCT_600350.jpg|GOODWE-GW37K5-SDT-BR30 - AFCI_IMAGE_PRODUCT_600350.jpg","imgs-index",100,214.95,20,0,"https://cdn.yellosolarhub.com/products/inversores/GOODWE-GW37K5-SDT-BR30 - AFCI_IMAGE_PRODUCT_600350.jpg|[object Object]"
"GOODWEGW36KMTAFCIIMAGE","https://cdn.yellosolarhub.com/products/inversores/GOODWE-GW 36K-MT - AFCI_image.jpeg","https://cdn.yellosolarhub.com/products/inversores/GOODWE-GW 36K-MT - AFCI_image.jpeg|GOODWE-GW 36K-MT - AFCI_image.jpeg","imgs-index",100,11048.49,20,0,"https://cdn.yellosolarhub.com/products/inversores/GOODWE-GW 36K-MT - AFCI_image.jpeg|[object Object]"
"GOODWEGW35KLSMTAFCIIMAGE","https://cdn.yellosolarhub.com/products/inversores/GOODWE-GW 35KLS-MT - AFCI_image.png","https://cdn.yellosolarhub.com/products/inversores/GOODWE-GW 35KLS-MT - AFCI_image.png|GOODWE-GW 35KLS-MT - AFCI_image.png","imgs-index",100,414,20,0,"https://cdn.yellosolarhub.com/products/inversores/GOODWE-GW 35KLS-MT - AFCI_image.png|[object Object]"
"GOODWEGW35KLSMTIMAGEPRODUCT600109","https://cdn.yellosolarhub.com/products/inversores/GOODWE-GW 35KLS-MT_IMAGE_PRODUCT_600109.png","https://cdn.yellosolarhub.com/products/inversores/GOODWE-GW 35KLS-MT_IMAGE_PRODUCT_600109.png|GOODWE-GW 35KLS-MT_IMAGE_PRODUCT_600109.png","imgs-index",100,364,20,0,"https://cdn.yellosolarhub.com/products/inversores/GOODWE-GW 35KLS-MT_IMAGE_PRODUCT_600109.png|[object Object]"
"DEYESUN35KG02LVIMAGE","https://cdn.yellosolarhub.com/products/inversores/DEYE-SUN-35K-G02-LV_image.jpeg","https://cdn.yellosolarhub.com/products/inversores/DEYE-SUN-35K-G02-LV_image.jpeg|DEYE-SUN-35K-G02-LV_image.jpeg","imgs-index",100,1596,20,0,"https://cdn.yellosolarhub.com/products/inversores/DEYE-SUN-35K-G02-LV_image.jpeg|[object Object]"
"GOODWEGW30KSDTC30AFCIIMAGE","https://cdn.yellosolarhub.com/products/inversores/GOODWE-GW 30K-SDT-C30 - AFCI_image.png","https://cdn.yellosolarhub.com/products/inversores/GOODWE-GW 30K-SDT-C30 - AFCI_image.png|GOODWE-GW 30K-SDT-C30 - AFCI_image.png","imgs-index",100,3453.99,20,0,"https://cdn.yellosolarhub.com/products/inversores/GOODWE-GW 30K-SDT-C30 - AFCI_image.png|[object Object]"
"GOODWEGW30KLSMTAFCIREDIMAGEPRODUCT600483","https://cdn.yellosolarhub.com/products/inversores/GOODWE-GW 30KLS-MT - AFCI RED_IMAGE_PRODUCT_600483.png","https://cdn.yellosolarhub.com/products/inversores/GOODWE-GW 30KLS-MT - AFCI RED_IMAGE_PRODUCT_600483.png|GOODWE-GW 30KLS-MT - AFCI RED_IMAGE_PRODUCT_600483.png","imgs-index",100,2977.49,20,0,"https://cdn.yellosolarhub.com/products/inversores/GOODWE-GW 30KLS-MT - AFCI RED_IMAGE_PRODUCT_600483.png|[object Object]"
"GOODWEGW30KLSMTAFCIIMAGEPRODUCT600268","https://cdn.yellosolarhub.com/products/inversores/GOODWE-GW 30KLS-MT - AFCI_IMAGE_PRODUCT_600268.png","https://cdn.yellosolarhub.com/products/inversores/GOODWE-GW 30KLS-MT - AFCI_IMAGE_PRODUCT_600268.png|GOODWE-GW 30KLS-MT - AFCI_IMAGE_PRODUCT_600268.png","imgs-index",100,10276.99,20,0,"https://cdn.yellosolarhub.com/products/inversores/GOODWE-GW 30KLS-MT - AFCI_IMAGE_PRODUCT_600268.png|[object Object]"
"GOODWEGW30KETAFCIIMAGEPRODUCT600150","https://cdn.yellosolarhub.com/products/inversores/GOODWE-GW30K-ET - AFCI_IMAGE_PRODUCT_600150.png","https://cdn.yellosolarhub.com/products/inversores/GOODWE-GW30K-ET - AFCI_IMAGE_PRODUCT_600150.png|GOODWE-GW30K-ET - AFCI_IMAGE_PRODUCT_600150.png","imgs-index",100,11578.99,20,0,"https://cdn.yellosolarhub.com/products/inversores/GOODWE-GW30K-ET - AFCI_IMAGE_PRODUCT_600150.png|[object Object]"
"HUAWEISUN200010KLC0AFCIIMAGEPRODUCT600386","https://cdn.yellosolarhub.com/products/inversores/HUAWEI-SUN2000-10K-LC0 - AFCI_IMAGE_PRODUCT_600386.png","https://cdn.yellosolarhub.com/products/inversores/HUAWEI-SUN2000-10K-LC0 - AFCI_IMAGE_PRODUCT_600386.png|HUAWEI-SUN2000-10K-LC0 - AFCI_IMAGE_PRODUCT_600386.png","imgs-index",100,3096,20,0,"https://cdn.yellosolarhub.com/products/inversores/HUAWEI-SUN2000-10K-LC0 - AFCI_IMAGE_PRODUCT_600386.png|[object Object]"
"HUAWEISUN200012KMB0AFCIIMAGEPRODUCT600387","https://cdn.yellosolarhub.com/products/inversores/HUAWEI-SUN2000-12K-MB0 - AFCI_IMAGE_PRODUCT_600387.png","https://cdn.yellosolarhub.com/products/inversores/HUAWEI-SUN2000-12K-MB0 - AFCI_IMAGE_PRODUCT_600387.png|HUAWEI-SUN2000-12K-MB0 - AFCI_IMAGE_PRODUCT_600387.png","imgs-index",100,1713.99,20,0,"https://cdn.yellosolarhub.com/products/inversores/HUAWEI-SUN2000-12K-MB0 - AFCI_IMAGE_PRODUCT_600387.png|[object Object]"
"HUAWEISUN200015KMB0AFCIIMAGEPRODUCT600388","https://cdn.yellosolarhub.com/products/inversores/HUAWEI-SUN2000-15K-MB0 - AFCI_IMAGE_PRODUCT_600388.png","https://cdn.yellosolarhub.com/products/inversores/HUAWEI-SUN2000-15K-MB0 - AFCI_IMAGE_PRODUCT_600388.png|HUAWEI-SUN2000-15K-MB0 - AFCI_IMAGE_PRODUCT_600388.png","imgs-index",100,6636.95,20,0,"https://cdn.yellosolarhub.com/products/inversores/HUAWEI-SUN2000-15K-MB0 - AFCI_IMAGE_PRODUCT_600388.png|[object Object]"
"HUAWEISUN20003KTLL1AFCIIMAGEPRODUCT600382","https://cdn.yellosolarhub.com/products/inversores/HUAWEI-SUN2000-3KTL-L1 - AFCI_IMAGE_PRODUCT_600382.png","https://cdn.yellosolarhub.com/products/inversores/HUAWEI-SUN2000-3KTL-L1 - AFCI_IMAGE_PRODUCT_600382.png|HUAWEI-SUN2000-3KTL-L1 - AFCI_IMAGE_PRODUCT_600382.png","imgs-index",100,10479.95,20,0,"https://cdn.yellosolarhub.com/products/inversores/HUAWEI-SUN2000-3KTL-L1 - AFCI_IMAGE_PRODUCT_600382.png|[object Object]"
"HUAWEISUN20004KTLL1AFCIIMAGEPRODUCT600423","https://cdn.yellosolarhub.com/products/inversores/HUAWEI-SUN2000-4KTL-L1 - AFCI_IMAGE_PRODUCT_600423.png","https://cdn.yellosolarhub.com/products/inversores/HUAWEI-SUN2000-4KTL-L1 - AFCI_IMAGE_PRODUCT_600423.png|HUAWEI-SUN2000-4KTL-L1 - AFCI_IMAGE_PRODUCT_600423.png","imgs-index",100,10493.49,20,0,"https://cdn.yellosolarhub.com/products/inversores/HUAWEI-SUN2000-4KTL-L1 - AFCI_IMAGE_PRODUCT_600423.png|[object Object]"
"GOODWEGW25KSDTP31AFCICRSDIMAGEPRODUCT600452","https://cdn.yellosolarhub.com/products/inversores/GOODWE-GW25K-SDT-P31 - AFCI C- RSD_IMAGE_PRODUCT_600452.png","https://cdn.yellosolarhub.com/products/inversores/GOODWE-GW25K-SDT-P31 - AFCI C- RSD_IMAGE_PRODUCT_600452.png|GOODWE-GW25K-SDT-P31 - AFCI C- RSD_IMAGE_PRODUCT_600452.png","imgs-index",100,5310.95,20,0,"https://cdn.yellosolarhub.com/products/inversores/GOODWE-GW25K-SDT-P31 - AFCI C- RSD_IMAGE_PRODUCT_600452.png|[object Object]"
"GOODWEGW25KSDTP31AFCIIMAGEPRODUCT600404","https://cdn.yellosolarhub.com/products/inversores/GOODWE-GW25K-SDT-P31 - AFCI_IMAGE_PRODUCT_600404.png","https://cdn.yellosolarhub.com/products/inversores/GOODWE-GW25K-SDT-P31 - AFCI_IMAGE_PRODUCT_600404.png|GOODWE-GW25K-SDT-P31 - AFCI_IMAGE_PRODUCT_600404.png","imgs-index",100,5005.99,20,0,"https://cdn.yellosolarhub.com/products/inversores/GOODWE-GW25K-SDT-P31 - AFCI_IMAGE_PRODUCT_600404.png|[object Object]"
"SOFAR25KTLXG3LVAFCIIMAGEPRODUCT600381","https://cdn.yellosolarhub.com/products/inversores/SOFAR-25KTLX-G3-LV - AFCI_IMAGE_PRODUCT_600381.png","https://cdn.yellosolarhub.com/products/inversores/SOFAR-25KTLX-G3-LV - AFCI_IMAGE_PRODUCT_600381.png|SOFAR-25KTLX-G3-LV - AFCI_IMAGE_PRODUCT_600381.png","imgs-index",100,4798.49,20,0,"https://cdn.yellosolarhub.com/products/inversores/SOFAR-25KTLX-G3-LV - AFCI_IMAGE_PRODUCT_600381.png|[object Object]"
"DEYESUN25KG02LVIMAGE","https://cdn.yellosolarhub.com/products/inversores/DEYE-SUN-25K-G02-LV_image.png","https://cdn.yellosolarhub.com/products/inversores/DEYE-SUN-25K-G02-LV_image.png|DEYE-SUN-25K-G02-LV_image.png","imgs-index",100,11052,20,0,"https://cdn.yellosolarhub.com/products/inversores/DEYE-SUN-25K-G02-LV_image.png|[object Object]"
"GOODWEGW23KLVSDTBR30AFCIIMAGEPRODUCT600352","https://cdn.yellosolarhub.com/products/inversores/GOODWE-GW23KLV-SDT-BR30 - AFCI_IMAGE_PRODUCT_600352.jpg","https://cdn.yellosolarhub.com/products/inversores/GOODWE-GW23KLV-SDT-BR30 - AFCI_IMAGE_PRODUCT_600352.jpg|GOODWE-GW23KLV-SDT-BR30 - AFCI_IMAGE_PRODUCT_600352.jpg","imgs-index",100,7959.99,20,0,"https://cdn.yellosolarhub.com/products/inversores/GOODWE-GW23KLV-SDT-BR30 - AFCI_IMAGE_PRODUCT_600352.jpg|[object Object]"
"ODEXODEXINVSAJ25000W","https://cdn.yellosolarhub.com/products/inversores/ODEX-ODEX-INV-SAJ-25000W.jpg","https://cdn.yellosolarhub.com/products/inversores/ODEX-ODEX-INV-SAJ-25000W.jpg|ODEX-ODEX-INV-SAJ-25000W.jpg","imgs-index",100,2834.95,20,0,"https://cdn.yellosolarhub.com/products/inversores/ODEX-ODEX-INV-SAJ-25000W.jpg|[object Object]"
"GOODWEGW20KLVMTAFCIIMAGE","https://cdn.yellosolarhub.com/products/inversores/GOODWE-GW 20KLV-MT - AFCI_image.png","https://cdn.yellosolarhub.com/products/inversores/GOODWE-GW 20KLV-MT - AFCI_image.png|GOODWE-GW 20KLV-MT - AFCI_image.png","imgs-index",100,876,20,0,"https://cdn.yellosolarhub.com/products/inversores/GOODWE-GW 20KLV-MT - AFCI_image.png|[object Object]"
"GOODWEGW20KETAFCIIMAGEPRODUCT600149","https://cdn.yellosolarhub.com/products/inversores/GOODWE-GW20K-ET - AFCI_IMAGE_PRODUCT_600149.png","https://cdn.yellosolarhub.com/products/inversores/GOODWE-GW20K-ET - AFCI_IMAGE_PRODUCT_600149.png|GOODWE-GW20K-ET - AFCI_IMAGE_PRODUCT_600149.png","imgs-index",100,10258.99,20,0,"https://cdn.yellosolarhub.com/products/inversores/GOODWE-GW20K-ET - AFCI_IMAGE_PRODUCT_600149.png|[object Object]"
"GOODWEGW20KSDT31AFCICRSDIMAGEPRODUCT600453","https://cdn.yellosolarhub.com/products/inversores/GOODWE-GW20K-SDT-31 - AFCI C- RSD_IMAGE_PRODUCT_600453.png","https://cdn.yellosolarhub.com/products/inversores/GOODWE-GW20K-SDT-31 - AFCI C- RSD_IMAGE_PRODUCT_600453.png|GOODWE-GW20K-SDT-31 - AFCI C- RSD_IMAGE_PRODUCT_600453.png","imgs-index",100,11024,20,0,"https://cdn.yellosolarhub.com/products/inversores/GOODWE-GW20K-SDT-31 - AFCI C- RSD_IMAGE_PRODUCT_600453.png|[object Object]"
"ODEXODEXINVSAJ20000W","https://cdn.yellosolarhub.com/products/inversores/ODEX-ODEX-INV-SAJ-20000W.jpg","https://cdn.yellosolarhub.com/products/inversores/ODEX-ODEX-INV-SAJ-20000W.jpg|ODEX-ODEX-INV-SAJ-20000W.jpg","imgs-index",100,10517.99,20,0,"https://cdn.yellosolarhub.com/products/inversores/ODEX-ODEX-INV-SAJ-20000W.jpg|[object Object]"
"GOODWEGW17KLVSDTC30AFCIIMAGEPRODUCT600275","https://cdn.yellosolarhub.com/products/inversores/GOODWE-GW17KLV-SDT-C30 - AFCI_IMAGE_PRODUCT_600275.png","https://cdn.yellosolarhub.com/products/inversores/GOODWE-GW17KLV-SDT-C30 - AFCI_IMAGE_PRODUCT_600275.png|GOODWE-GW17KLV-SDT-C30 - AFCI_IMAGE_PRODUCT_600275.png","imgs-index",100,8456.95,20,0,"https://cdn.yellosolarhub.com/products/inversores/GOODWE-GW17KLV-SDT-C30 - AFCI_IMAGE_PRODUCT_600275.png|[object Object]"
"GROWATTMAC36KTL3XLAFCIIMAGEPRODUCT600303","https://cdn.yellosolarhub.com/products/inversores/GROWATT-MAC 36KTL3-XL - AFCI_IMAGE_PRODUCT_600303.png","https://cdn.yellosolarhub.com/products/inversores/GROWATT-MAC 36KTL3-XL - AFCI_IMAGE_PRODUCT_600303.png|GROWATT-MAC 36KTL3-XL - AFCI_IMAGE_PRODUCT_600303.png","imgs-index",100,6072.99,20,0,"https://cdn.yellosolarhub.com/products/inversores/GROWATT-MAC 36KTL3-XL - AFCI_IMAGE_PRODUCT_600303.png|[object Object]"
"GROWATTMAX50KTL3XL2AFCIIMAGEPRODUCT600305","https://cdn.yellosolarhub.com/products/inversores/GROWATT-MAX 50KTL3-XL2 - AFCI_IMAGE_PRODUCT_600305.png","https://cdn.yellosolarhub.com/products/inversores/GROWATT-MAX 50KTL3-XL2 - AFCI_IMAGE_PRODUCT_600305.png|GROWATT-MAX 50KTL3-XL2 - AFCI_IMAGE_PRODUCT_600305.png","imgs-index",100,9858.99,20,0,"https://cdn.yellosolarhub.com/products/inversores/GROWATT-MAX 50KTL3-XL2 - AFCI_IMAGE_PRODUCT_600305.png|[object Object]"
"GROWATTMAX50KTL3XL2IMAGE","https://cdn.yellosolarhub.com/products/inversores/GROWATT-MAX 50KTL3-XL2_image.webp","https://cdn.yellosolarhub.com/products/inversores/GROWATT-MAX 50KTL3-XL2_image.webp|GROWATT-MAX 50KTL3-XL2_image.webp","imgs-index",100,7954.95,20,0,"https://cdn.yellosolarhub.com/products/inversores/GROWATT-MAX 50KTL3-XL2_image.webp|[object Object]"
"GROWATTMAX60KTL3XL2IMAGE","https://cdn.yellosolarhub.com/products/inversores/GROWATT-MAX60KTL3-XL 2_image.webp","https://cdn.yellosolarhub.com/products/inversores/GROWATT-MAX60KTL3-XL 2_image.webp|GROWATT-MAX60KTL3-XL 2_image.webp","imgs-index",100,6099.95,20,0,"https://cdn.yellosolarhub.com/products/inversores/GROWATT-MAX60KTL3-XL 2_image.webp|[object Object]"
"GROWATTMID20KTL3XL2AFCIIMAGEPRODUCT600308","https://cdn.yellosolarhub.com/products/inversores/GROWATT-MID 20KTL3 XL2 - AFCI_IMAGE_PRODUCT_600308.png","https://cdn.yellosolarhub.com/products/inversores/GROWATT-MID 20KTL3 XL2 - AFCI_IMAGE_PRODUCT_600308.png|GROWATT-MID 20KTL3 XL2 - AFCI_IMAGE_PRODUCT_600308.png","imgs-index",100,788.95,20,0,"https://cdn.yellosolarhub.com/products/inversores/GROWATT-MID 20KTL3 XL2 - AFCI_IMAGE_PRODUCT_600308.png|[object Object]"
"GROWATTMID50KTL3X2AFCIIMAGEPRODUCT600314","https://cdn.yellosolarhub.com/products/inversores/GROWATT-MID 50KTL3-X2 - AFCI_IMAGE_PRODUCT_600314.png","https://cdn.yellosolarhub.com/products/inversores/GROWATT-MID 50KTL3-X2 - AFCI_IMAGE_PRODUCT_600314.png|GROWATT-MID 50KTL3-X2 - AFCI_IMAGE_PRODUCT_600314.png","imgs-index",100,481.49,20,0,"https://cdn.yellosolarhub.com/products/inversores/GROWATT-MID 50KTL3-X2 - AFCI_IMAGE_PRODUCT_600314.png|[object Object]"
"ODEXODEXINVGROWATT100000W","https://cdn.yellosolarhub.com/products/inversores/ODEX-ODEX-INV-GROWATT-100000W.jpg","https://cdn.yellosolarhub.com/products/inversores/ODEX-ODEX-INV-GROWATT-100000W.jpg|ODEX-ODEX-INV-GROWATT-100000W.jpg","imgs-index",100,1906.95,20,0,"https://cdn.yellosolarhub.com/products/inversores/ODEX-ODEX-INV-GROWATT-100000W.jpg|[object Object]"
"ODEXODEXINVGROWATT10000W1","https://cdn.yellosolarhub.com/products/inversores/ODEX-ODEX-INV-GROWATT-10000W-1.jpg","https://cdn.yellosolarhub.com/products/inversores/ODEX-ODEX-INV-GROWATT-10000W-1.jpg|ODEX-ODEX-INV-GROWATT-10000W-1.jpg","imgs-index",100,8460.99,20,0,"https://cdn.yellosolarhub.com/products/inversores/ODEX-ODEX-INV-GROWATT-10000W-1.jpg|[object Object]"
"ODEXODEXINVGROWATT10000W","https://cdn.yellosolarhub.com/products/inversores/ODEX-ODEX-INV-GROWATT-10000W.jpg","https://cdn.yellosolarhub.com/products/inversores/ODEX-ODEX-INV-GROWATT-10000W.jpg|ODEX-ODEX-INV-GROWATT-10000W.jpg","imgs-index",100,7470.49,20,0,"https://cdn.yellosolarhub.com/products/inversores/ODEX-ODEX-INV-GROWATT-10000W.jpg|[object Object]"
"ODEXODEXINVGROWATT125000W","https://cdn.yellosolarhub.com/products/inversores/ODEX-ODEX-INV-GROWATT-125000W.jpg","https://cdn.yellosolarhub.com/products/inversores/ODEX-ODEX-INV-GROWATT-125000W.jpg|ODEX-ODEX-INV-GROWATT-125000W.jpg","imgs-index",100,10790.99,20,0,"https://cdn.yellosolarhub.com/products/inversores/ODEX-ODEX-INV-GROWATT-125000W.jpg|[object Object]"
"ODEXODEXINVGROWATT15000W","https://cdn.yellosolarhub.com/products/inversores/ODEX-ODEX-INV-GROWATT-15000W.jpg","https://cdn.yellosolarhub.com/products/inversores/ODEX-ODEX-INV-GROWATT-15000W.jpg|ODEX-ODEX-INV-GROWATT-15000W.jpg","imgs-index",100,10069.99,20,0,"https://cdn.yellosolarhub.com/products/inversores/ODEX-ODEX-INV-GROWATT-15000W.jpg|[object Object]"
"ODEXODEXINVGROWATT20000W","https://cdn.yellosolarhub.com/products/inversores/ODEX-ODEX-INV-GROWATT-20000W.jpg","https://cdn.yellosolarhub.com/products/inversores/ODEX-ODEX-INV-GROWATT-20000W.jpg|ODEX-ODEX-INV-GROWATT-20000W.jpg","imgs-index",100,1163,20,0,"https://cdn.yellosolarhub.com/products/inversores/ODEX-ODEX-INV-GROWATT-20000W.jpg|[object Object]"
"ODEXODEXINVGROWATT25000W","https://cdn.yellosolarhub.com/products/inversores/ODEX-ODEX-INV-GROWATT-25000W.jpg","https://cdn.yellosolarhub.com/products/inversores/ODEX-ODEX-INV-GROWATT-25000W.jpg|ODEX-ODEX-INV-GROWATT-25000W.jpg","imgs-index",100,12240.95,20,0,"https://cdn.yellosolarhub.com/products/inversores/ODEX-ODEX-INV-GROWATT-25000W.jpg|[object Object]"
"ODEXODEXINVGROWATT3000W1","https://cdn.yellosolarhub.com/products/inversores/ODEX-ODEX-INV-GROWATT-3000W-1.jpg","https://cdn.yellosolarhub.com/products/inversores/ODEX-ODEX-INV-GROWATT-3000W-1.jpg|ODEX-ODEX-INV-GROWATT-3000W-1.jpg","imgs-index",100,4339.49,20,0,"https://cdn.yellosolarhub.com/products/inversores/ODEX-ODEX-INV-GROWATT-3000W-1.jpg|[object Object]"
"ODEXODEXINVGROWATT3000W","https://cdn.yellosolarhub.com/products/inversores/ODEX-ODEX-INV-GROWATT-3000W.jpg","https://cdn.yellosolarhub.com/products/inversores/ODEX-ODEX-INV-GROWATT-3000W.jpg|ODEX-ODEX-INV-GROWATT-3000W.jpg","imgs-index",100,8399.99,20,0,"https://cdn.yellosolarhub.com/products/inversores/ODEX-ODEX-INV-GROWATT-3000W.jpg|[object Object]"
"ODEXODEXINVGROWATT3300W","https://cdn.yellosolarhub.com/products/inversores/ODEX-ODEX-INV-GROWATT-3300W.jpg","https://cdn.yellosolarhub.com/products/inversores/ODEX-ODEX-INV-GROWATT-3300W.jpg|ODEX-ODEX-INV-GROWATT-3300W.jpg","imgs-index",100,1540.99,20,0,"https://cdn.yellosolarhub.com/products/inversores/ODEX-ODEX-INV-GROWATT-3300W.jpg|[object Object]"
"ODEXODEXINVGROWATT4000W","https://cdn.yellosolarhub.com/products/inversores/ODEX-ODEX-INV-GROWATT-4000W.jpg","https://cdn.yellosolarhub.com/products/inversores/ODEX-ODEX-INV-GROWATT-4000W.jpg|ODEX-ODEX-INV-GROWATT-4000W.jpg","imgs-index",100,9312.99,20,0,"https://cdn.yellosolarhub.com/products/inversores/ODEX-ODEX-INV-GROWATT-4000W.jpg|[object Object]"
"ODEXODEXINVGROWATT50000W","https://cdn.yellosolarhub.com/products/inversores/ODEX-ODEX-INV-GROWATT-50000W.jpg","https://cdn.yellosolarhub.com/products/inversores/ODEX-ODEX-INV-GROWATT-50000W.jpg|ODEX-ODEX-INV-GROWATT-50000W.jpg","imgs-index",100,9512,20,0,"https://cdn.yellosolarhub.com/products/inversores/ODEX-ODEX-INV-GROWATT-50000W.jpg|[object Object]"
"ODEXODEXINVGROWATT5000W","https://cdn.yellosolarhub.com/products/inversores/ODEX-ODEX-INV-GROWATT-5000W.jpg","https://cdn.yellosolarhub.com/products/inversores/ODEX-ODEX-INV-GROWATT-5000W.jpg|ODEX-ODEX-INV-GROWATT-5000W.jpg","imgs-index",100,6448.95,20,0,"https://cdn.yellosolarhub.com/products/inversores/ODEX-ODEX-INV-GROWATT-5000W.jpg|[object Object]"
"ODEXODEXINVGROWATT6000W1","https://cdn.yellosolarhub.com/products/inversores/ODEX-ODEX-INV-GROWATT-6000W-1.jpg","https://cdn.yellosolarhub.com/products/inversores/ODEX-ODEX-INV-GROWATT-6000W-1.jpg|ODEX-ODEX-INV-GROWATT-6000W-1.jpg","imgs-index",100,582.49,20,0,"https://cdn.yellosolarhub.com/products/inversores/ODEX-ODEX-INV-GROWATT-6000W-1.jpg|[object Object]"
"ODEXODEXINVGROWATT6000W","https://cdn.yellosolarhub.com/products/inversores/ODEX-ODEX-INV-GROWATT-6000W.jpg","https://cdn.yellosolarhub.com/products/inversores/ODEX-ODEX-INV-GROWATT-6000W.jpg|ODEX-ODEX-INV-GROWATT-6000W.jpg","imgs-index",100,8763.95,20,0,"https://cdn.yellosolarhub.com/products/inversores/ODEX-ODEX-INV-GROWATT-6000W.jpg|[object Object]"
"ODEXODEXINVGROWATT75000W","https://cdn.yellosolarhub.com/products/inversores/ODEX-ODEX-INV-GROWATT-75000W.jpg","https://cdn.yellosolarhub.com/products/inversores/ODEX-ODEX-INV-GROWATT-75000W.jpg|ODEX-ODEX-INV-GROWATT-75000W.jpg","imgs-index",100,7803.99,20,0,"https://cdn.yellosolarhub.com/products/inversores/ODEX-ODEX-INV-GROWATT-75000W.jpg|[object Object]"
"ODEXODEXINVGROWATT8000W1","https://cdn.yellosolarhub.com/products/inversores/ODEX-ODEX-INV-GROWATT-8000W-1.jpg","https://cdn.yellosolarhub.com/products/inversores/ODEX-ODEX-INV-GROWATT-8000W-1.jpg|ODEX-ODEX-INV-GROWATT-8000W-1.jpg","imgs-index",100,3214.99,20,0,"https://cdn.yellosolarhub.com/products/inversores/ODEX-ODEX-INV-GROWATT-8000W-1.jpg|[object Object]"
"ODEXODEXINVGROWATT8000W","https://cdn.yellosolarhub.com/products/inversores/ODEX-ODEX-INV-GROWATT-8000W.jpg","https://cdn.yellosolarhub.com/products/inversores/ODEX-ODEX-INV-GROWATT-8000W.jpg|ODEX-ODEX-INV-GROWATT-8000W.jpg","imgs-index",100,11871.99,20,0,"https://cdn.yellosolarhub.com/products/inversores/ODEX-ODEX-INV-GROWATT-8000W.jpg|[object Object]"
"ODEXODEXINVSAJ17000W","https://cdn.yellosolarhub.com/products/inversores/ODEX-ODEX-INV-SAJ-17000W.jpg","https://cdn.yellosolarhub.com/products/inversores/ODEX-ODEX-INV-SAJ-17000W.jpg|ODEX-ODEX-INV-SAJ-17000W.jpg","imgs-index",100,2042.99,20,0,"https://cdn.yellosolarhub.com/products/inversores/ODEX-ODEX-INV-SAJ-17000W.jpg|[object Object]"
"GOODWEGW15KLVMTIMAGE","https://cdn.yellosolarhub.com/products/inversores/GOODWE-GW 15KLV-MT_image.jpeg","https://cdn.yellosolarhub.com/products/inversores/GOODWE-GW 15KLV-MT_image.jpeg|GOODWE-GW 15KLV-MT_image.jpeg","imgs-index",100,11668,20,0,"https://cdn.yellosolarhub.com/products/inversores/GOODWE-GW 15KLV-MT_image.jpeg|[object Object]"
"GOODWEGW15KETAFCIIMAGEPRODUCT600348","https://cdn.yellosolarhub.com/products/inversores/GOODWE-GW15K-ET - AFCI_IMAGE_PRODUCT_600348.png","https://cdn.yellosolarhub.com/products/inversores/GOODWE-GW15K-ET - AFCI_IMAGE_PRODUCT_600348.png|GOODWE-GW15K-ET - AFCI_IMAGE_PRODUCT_600348.png","imgs-index",100,5903,20,0,"https://cdn.yellosolarhub.com/products/inversores/GOODWE-GW15K-ET - AFCI_IMAGE_PRODUCT_600348.png|[object Object]"
"ODEXODEXINVSAJ15000W","https://cdn.yellosolarhub.com/products/inversores/ODEX-ODEX-INV-SAJ-15000W.jpg","https://cdn.yellosolarhub.com/products/inversores/ODEX-ODEX-INV-SAJ-15000W.jpg|ODEX-ODEX-INV-SAJ-15000W.jpg","imgs-index",100,1729.99,20,0,"https://cdn.yellosolarhub.com/products/inversores/ODEX-ODEX-INV-SAJ-15000W.jpg|[object Object]"
"GOODWEGW12KLVMTIMAGE","https://cdn.yellosolarhub.com/products/inversores/GOODWE-GW 12KLV-MT_image.jpg","https://cdn.yellosolarhub.com/products/inversores/GOODWE-GW 12KLV-MT_image.jpg|GOODWE-GW 12KLV-MT_image.jpg","imgs-index",100,11356.95,20,0,"https://cdn.yellosolarhub.com/products/inversores/GOODWE-GW 12KLV-MT_image.jpg|[object Object]"
"GOODWEGW12KLVSDTC30AFCIIMAGE","https://cdn.yellosolarhub.com/products/inversores/GOODWE-GW 12KLV-SDT-C30 - AFCI_image.png","https://cdn.yellosolarhub.com/products/inversores/GOODWE-GW 12KLV-SDT-C30 - AFCI_image.png|GOODWE-GW 12KLV-SDT-C30 - AFCI_image.png","imgs-index",100,4640,20,0,"https://cdn.yellosolarhub.com/products/inversores/GOODWE-GW 12KLV-SDT-C30 - AFCI_image.png|[object Object]"
"GOODWEGW12KLETAFCIIMAGEPRODUCT600363","https://cdn.yellosolarhub.com/products/inversores/GOODWE-GW12KL-ET - AFCI_IMAGE_PRODUCT_600363.png","https://cdn.yellosolarhub.com/products/inversores/GOODWE-GW12KL-ET - AFCI_IMAGE_PRODUCT_600363.png|GOODWE-GW12KL-ET - AFCI_IMAGE_PRODUCT_600363.png","imgs-index",100,3372.99,20,0,"https://cdn.yellosolarhub.com/products/inversores/GOODWE-GW12KL-ET - AFCI_IMAGE_PRODUCT_600363.png|[object Object]"
"GOODWEGW12KLVSDTC31AFCIIMAGEPRODUCT600400","https://cdn.yellosolarhub.com/products/inversores/GOODWE-GW12KLV-SDT-C31 - AFCI_IMAGE_PRODUCT_600400.png","https://cdn.yellosolarhub.com/products/inversores/GOODWE-GW12KLV-SDT-C31 - AFCI_IMAGE_PRODUCT_600400.png|GOODWE-GW12KLV-SDT-C31 - AFCI_IMAGE_PRODUCT_600400.png","imgs-index",100,6857.99,20,0,"https://cdn.yellosolarhub.com/products/inversores/GOODWE-GW12KLV-SDT-C31 - AFCI_IMAGE_PRODUCT_600400.png|[object Object]"
"ODEXODEXINVCHINT10000W","https://cdn.yellosolarhub.com/products/inversores/ODEX-ODEX-INV-CHINT-10000W.jpg","https://cdn.yellosolarhub.com/products/inversores/ODEX-ODEX-INV-CHINT-10000W.jpg|ODEX-ODEX-INV-CHINT-10000W.jpg","imgs-index",100,6400,20,0,"https://cdn.yellosolarhub.com/products/inversores/ODEX-ODEX-INV-CHINT-10000W.jpg|[object Object]"
"ODEXODEXINVSOLAX10000W","https://cdn.yellosolarhub.com/products/inversores/ODEX-ODEX-INV-SOLAX-10000W.jpg","https://cdn.yellosolarhub.com/products/inversores/ODEX-ODEX-INV-SOLAX-10000W.jpg|ODEX-ODEX-INV-SOLAX-10000W.jpg","imgs-index",100,11082.99,20,0,"https://cdn.yellosolarhub.com/products/inversores/ODEX-ODEX-INV-SOLAX-10000W.jpg|[object Object]"
"ODEXODEXINVSAJ12000W","https://cdn.yellosolarhub.com/products/inversores/ODEX-ODEX-INV-SAJ-12000W.jpg","https://cdn.yellosolarhub.com/products/inversores/ODEX-ODEX-INV-SAJ-12000W.jpg|ODEX-ODEX-INV-SAJ-12000W.jpg","imgs-index",100,4726.95,20,0,"https://cdn.yellosolarhub.com/products/inversores/ODEX-ODEX-INV-SAJ-12000W.jpg|[object Object]"
"GOODWEGW10KMS3020AAFCIIMAGE","https://cdn.yellosolarhub.com/products/inversores/GOODWE-GW 10K-MS-30 (20A) - AFCI_image.png","https://cdn.yellosolarhub.com/products/inversores/GOODWE-GW 10K-MS-30 (20A) - AFCI_image.png|GOODWE-GW 10K-MS-30 (20A) - AFCI_image.png","imgs-index",100,10566.99,20,0,"https://cdn.yellosolarhub.com/products/inversores/GOODWE-GW 10K-MS-30 (20A) - AFCI_image.png|[object Object]"
"GOODWEGW10KBTIMAGE","https://cdn.yellosolarhub.com/products/inversores/GOODWE-GW10K-BT_image.webp","https://cdn.yellosolarhub.com/products/inversores/GOODWE-GW10K-BT_image.webp|GOODWE-GW10K-BT_image.webp","imgs-index",100,5341,20,0,"https://cdn.yellosolarhub.com/products/inversores/GOODWE-GW10K-BT_image.webp|[object Object]"
"GOODWEGW10KMSG40AFCICRSDIMAGEPRODUCT600398","https://cdn.yellosolarhub.com/products/inversores/GOODWE-GW10K-MS-G40 - AFCI C- RSD_IMAGE_PRODUCT_600398.png","https://cdn.yellosolarhub.com/products/inversores/GOODWE-GW10K-MS-G40 - AFCI C- RSD_IMAGE_PRODUCT_600398.png|GOODWE-GW10K-MS-G40 - AFCI C- RSD_IMAGE_PRODUCT_600398.png","imgs-index",100,12020,20,0,"https://cdn.yellosolarhub.com/products/inversores/GOODWE-GW10K-MS-G40 - AFCI C- RSD_IMAGE_PRODUCT_600398.png|[object Object]"
"GOODWEGW10KMSG40AFCIIMAGEPRODUCT600463","https://cdn.yellosolarhub.com/products/inversores/GOODWE-GW10K-MS-G40 - AFCI_IMAGE_PRODUCT_600463.png","https://cdn.yellosolarhub.com/products/inversores/GOODWE-GW10K-MS-G40 - AFCI_IMAGE_PRODUCT_600463.png|GOODWE-GW10K-MS-G40 - AFCI_IMAGE_PRODUCT_600463.png","imgs-index",100,10249,20,0,"https://cdn.yellosolarhub.com/products/inversores/GOODWE-GW10K-MS-G40 - AFCI_IMAGE_PRODUCT_600463.png|[object Object]"
"ODEXODEXINVCHINT8000W","https://cdn.yellosolarhub.com/products/inversores/ODEX-ODEX-INV-CHINT-8000W.jpg","https://cdn.yellosolarhub.com/products/inversores/ODEX-ODEX-INV-CHINT-8000W.jpg|ODEX-ODEX-INV-CHINT-8000W.jpg","imgs-index",100,10001,20,0,"https://cdn.yellosolarhub.com/products/inversores/ODEX-ODEX-INV-CHINT-8000W.jpg|[object Object]"
"ODEXODEXINVSOLAX8000W","https://cdn.yellosolarhub.com/products/inversores/ODEX-ODEX-INV-SOLAX-8000W.jpg","https://cdn.yellosolarhub.com/products/inversores/ODEX-ODEX-INV-SOLAX-8000W.jpg|ODEX-ODEX-INV-SOLAX-8000W.jpg","imgs-index",100,4134.95,20,0,"https://cdn.yellosolarhub.com/products/inversores/ODEX-ODEX-INV-SOLAX-8000W.jpg|[object Object]"
"ODEXODEXINVSAJ10000W","https://cdn.yellosolarhub.com/products/inversores/ODEX-ODEX-INV-SAJ-10000W.jpg","https://cdn.yellosolarhub.com/products/inversores/ODEX-ODEX-INV-SAJ-10000W.jpg|ODEX-ODEX-INV-SAJ-10000W.jpg","imgs-index",100,10834.99,20,0,"https://cdn.yellosolarhub.com/products/inversores/ODEX-ODEX-INV-SAJ-10000W.jpg|[object Object]"
"DEYESUN8KGIMAGE","https://cdn.yellosolarhub.com/products/inversores/DEYE-SUN-8K-G_image.jpg","https://cdn.yellosolarhub.com/products/inversores/DEYE-SUN-8K-G_image.jpg|DEYE-SUN-8K-G_image.jpg","imgs-index",100,9578.49,20,0,"https://cdn.yellosolarhub.com/products/inversores/DEYE-SUN-8K-G_image.jpg|[object Object]"
"ODEXODEXINVDEYE8000W","https://cdn.yellosolarhub.com/products/inversores/ODEX-ODEX-INV-DEYE-8000W.jpg","https://cdn.yellosolarhub.com/products/inversores/ODEX-ODEX-INV-DEYE-8000W.jpg|ODEX-ODEX-INV-DEYE-8000W.jpg","imgs-index",100,2460.99,20,0,"https://cdn.yellosolarhub.com/products/inversores/ODEX-ODEX-INV-DEYE-8000W.jpg|[object Object]"
"ODEXODEXINVSAJ8000W","https://cdn.yellosolarhub.com/products/inversores/ODEX-ODEX-INV-SAJ-8000W.jpg","https://cdn.yellosolarhub.com/products/inversores/ODEX-ODEX-INV-SAJ-8000W.jpg|ODEX-ODEX-INV-SAJ-8000W.jpg","imgs-index",100,1412,20,0,"https://cdn.yellosolarhub.com/products/inversores/ODEX-ODEX-INV-SAJ-8000W.jpg|[object Object]"
"ODEXODEXINVCHINT5000W","https://cdn.yellosolarhub.com/products/inversores/ODEX-ODEX-INV-CHINT-5000W.jpg","https://cdn.yellosolarhub.com/products/inversores/ODEX-ODEX-INV-CHINT-5000W.jpg|ODEX-ODEX-INV-CHINT-5000W.jpg","imgs-index",100,872.99,20,0,"https://cdn.yellosolarhub.com/products/inversores/ODEX-ODEX-INV-CHINT-5000W.jpg|[object Object]"
"ODEXODEXINVSOLAX5000W","https://cdn.yellosolarhub.com/products/inversores/ODEX-ODEX-INV-SOLAX-5000W.jpg","https://cdn.yellosolarhub.com/products/inversores/ODEX-ODEX-INV-SOLAX-5000W.jpg|ODEX-ODEX-INV-SOLAX-5000W.jpg","imgs-index",100,8634.95,20,0,"https://cdn.yellosolarhub.com/products/inversores/ODEX-ODEX-INV-SOLAX-5000W.jpg|[object Object]"
"ODEXODEXINVSOFAR6000W","https://cdn.yellosolarhub.com/products/inversores/ODEX-ODEX-INV-SOFAR-6000W.jpg","https://cdn.yellosolarhub.com/products/inversores/ODEX-ODEX-INV-SOFAR-6000W.jpg|ODEX-ODEX-INV-SOFAR-6000W.jpg","imgs-index",100,11277,20,0,"https://cdn.yellosolarhub.com/products/inversores/ODEX-ODEX-INV-SOFAR-6000W.jpg|[object Object]"
"ODEXODEXINVDEYE6000W","https://cdn.yellosolarhub.com/products/inversores/ODEX-ODEX-INV-DEYE-6000W.jpg","https://cdn.yellosolarhub.com/products/inversores/ODEX-ODEX-INV-DEYE-6000W.jpg|ODEX-ODEX-INV-DEYE-6000W.jpg","imgs-index",100,6909.95,20,0,"https://cdn.yellosolarhub.com/products/inversores/ODEX-ODEX-INV-DEYE-6000W.jpg|[object Object]"
"ODEXODEXINVSAJ6000W","https://cdn.yellosolarhub.com/products/inversores/ODEX-ODEX-INV-SAJ-6000W.jpg","https://cdn.yellosolarhub.com/products/inversores/ODEX-ODEX-INV-SAJ-6000W.jpg|ODEX-ODEX-INV-SAJ-6000W.jpg","imgs-index",100,731.49,20,0,"https://cdn.yellosolarhub.com/products/inversores/ODEX-ODEX-INV-SAJ-6000W.jpg|[object Object]"
"ODEXODEXINVSOFAR5000W","https://cdn.yellosolarhub.com/products/inversores/ODEX-ODEX-INV-SOFAR-5000W.jpg","https://cdn.yellosolarhub.com/products/inversores/ODEX-ODEX-INV-SOFAR-5000W.jpg|ODEX-ODEX-INV-SOFAR-5000W.jpg","imgs-index",100,3887,20,0,"https://cdn.yellosolarhub.com/products/inversores/ODEX-ODEX-INV-SOFAR-5000W.jpg|[object Object]"
"SOFAR5KTLMG3AFCIIMAGEPRODUCT600369","https://cdn.yellosolarhub.com/products/inversores/SOFAR-5KTLM-G3 - AFCI_IMAGE_PRODUCT_600369.png","https://cdn.yellosolarhub.com/products/inversores/SOFAR-5KTLM-G3 - AFCI_IMAGE_PRODUCT_600369.png|SOFAR-5KTLM-G3 - AFCI_IMAGE_PRODUCT_600369.png","imgs-index",100,852.95,20,0,"https://cdn.yellosolarhub.com/products/inversores/SOFAR-5KTLM-G3 - AFCI_IMAGE_PRODUCT_600369.png|[object Object]"
"DEYESUN5KGIMAGE","https://cdn.yellosolarhub.com/products/inversores/DEYE-SUN-5K-G_image.webp","https://cdn.yellosolarhub.com/products/inversores/DEYE-SUN-5K-G_image.webp|DEYE-SUN-5K-G_image.webp","imgs-index",100,7349,20,0,"https://cdn.yellosolarhub.com/products/inversores/DEYE-SUN-5K-G_image.webp|[object Object]"
"ODEXODEXINVDEYE5000W","https://cdn.yellosolarhub.com/products/inversores/ODEX-ODEX-INV-DEYE-5000W.jpg","https://cdn.yellosolarhub.com/products/inversores/ODEX-ODEX-INV-DEYE-5000W.jpg|ODEX-ODEX-INV-DEYE-5000W.jpg","imgs-index",100,6006.99,20,0,"https://cdn.yellosolarhub.com/products/inversores/ODEX-ODEX-INV-DEYE-5000W.jpg|[object Object]"
"ODEXODEXINVSAJ5000W","https://cdn.yellosolarhub.com/products/inversores/ODEX-ODEX-INV-SAJ-5000W.jpg","https://cdn.yellosolarhub.com/products/inversores/ODEX-ODEX-INV-SAJ-5000W.jpg|ODEX-ODEX-INV-SAJ-5000W.jpg","imgs-index",100,5346.99,20,0,"https://cdn.yellosolarhub.com/products/inversores/ODEX-ODEX-INV-SAJ-5000W.jpg|[object Object]"
"ODEXODEXINVCHINT3000W","https://cdn.yellosolarhub.com/products/inversores/ODEX-ODEX-INV-CHINT-3000W.jpg","https://cdn.yellosolarhub.com/products/inversores/ODEX-ODEX-INV-CHINT-3000W.jpg|ODEX-ODEX-INV-CHINT-3000W.jpg","imgs-index",100,7756.99,20,0,"https://cdn.yellosolarhub.com/products/inversores/ODEX-ODEX-INV-CHINT-3000W.jpg|[object Object]"
"ODEXODEXINVSAJ4200W","https://cdn.yellosolarhub.com/products/inversores/ODEX-ODEX-INV-SAJ-4200W.jpg","https://cdn.yellosolarhub.com/products/inversores/ODEX-ODEX-INV-SAJ-4200W.jpg|ODEX-ODEX-INV-SAJ-4200W.jpg","imgs-index",100,9403.95,20,0,"https://cdn.yellosolarhub.com/products/inversores/ODEX-ODEX-INV-SAJ-4200W.jpg|[object Object]"
"IMAGEPRODUCT000607","https://cdn.yellosolarhub.com/products/baterias/IMAGE_PRODUCT_000607.jpg","https://cdn.yellosolarhub.com/products/baterias/IMAGE_PRODUCT_000607.jpg|IMAGE_PRODUCT_000607.jpg","imgs-index",100,4011.99,20,0,"https://cdn.yellosolarhub.com/products/baterias/IMAGE_PRODUCT_000607.jpg|[object Object]"
"IMAGEPRODUCT000612","https://cdn.yellosolarhub.com/products/baterias/IMAGE_PRODUCT_000612.jpg","https://cdn.yellosolarhub.com/products/baterias/IMAGE_PRODUCT_000612.jpg|IMAGE_PRODUCT_000612.jpg","imgs-index",100,8621.99,20,0,"https://cdn.yellosolarhub.com/products/baterias/IMAGE_PRODUCT_000612.jpg|[object Object]"
"IMAGEPRODUCT850004","https://cdn.yellosolarhub.com/products/baterias/IMAGE_PRODUCT_850004.png","https://cdn.yellosolarhub.com/products/baterias/IMAGE_PRODUCT_850004.png|IMAGE_PRODUCT_850004.png","imgs-index",100,1255.95,20,0,"https://cdn.yellosolarhub.com/products/baterias/IMAGE_PRODUCT_850004.png|[object Object]"
"ODEXODEXINVSOFAR3300W","https://cdn.yellosolarhub.com/products/inversores/ODEX-ODEX-INV-SOFAR-3300W.jpg","https://cdn.yellosolarhub.com/products/inversores/ODEX-ODEX-INV-SOFAR-3300W.jpg|ODEX-ODEX-INV-SOFAR-3300W.jpg","imgs-index",100,3810,20,0,"https://cdn.yellosolarhub.com/products/inversores/ODEX-ODEX-INV-SOFAR-3300W.jpg|[object Object]"
"ODEXODEXINVSAJ3000W","https://cdn.yellosolarhub.com/products/inversores/ODEX-ODEX-INV-SAJ-3000W.jpg","https://cdn.yellosolarhub.com/products/inversores/ODEX-ODEX-INV-SAJ-3000W.jpg|ODEX-ODEX-INV-SAJ-3000W.jpg","imgs-index",100,12493,20,0,"https://cdn.yellosolarhub.com/products/inversores/ODEX-ODEX-INV-SAJ-3000W.jpg|[object Object]"
"ODEXODEXINVDEYE2400W","https://cdn.yellosolarhub.com/products/inversores/ODEX-ODEX-INV-DEYE-2400W.jpg","https://cdn.yellosolarhub.com/products/inversores/ODEX-ODEX-INV-DEYE-2400W.jpg|ODEX-ODEX-INV-DEYE-2400W.jpg","imgs-index",100,2975.99,20,0,"https://cdn.yellosolarhub.com/products/inversores/ODEX-ODEX-INV-DEYE-2400W.jpg|[object Object]"
"ODEXODEXPAINELODEX700W","https://cdn.yellosolarhub.com/products/inversores/ODEX-ODEX-PAINEL-ODEX-700W.jpg","https://cdn.yellosolarhub.com/products/inversores/ODEX-ODEX-PAINEL-ODEX-700W.jpg|ODEX-ODEX-PAINEL-ODEX-700W.jpg","imgs-index",100,9185.95,20,0,"https://cdn.yellosolarhub.com/products/inversores/ODEX-ODEX-PAINEL-ODEX-700W.jpg|[object Object]"
"ODEXODEXPAINELODEX660W","https://cdn.yellosolarhub.com/products/inversores/ODEX-ODEX-PAINEL-ODEX-660W.jpg","https://cdn.yellosolarhub.com/products/inversores/ODEX-ODEX-PAINEL-ODEX-660W.jpg|ODEX-ODEX-PAINEL-ODEX-660W.jpg","imgs-index",100,468.99,20,0,"https://cdn.yellosolarhub.com/products/inversores/ODEX-ODEX-PAINEL-ODEX-660W.jpg|[object Object]"
"ODEXODEXPAINELJINKO615W","https://cdn.yellosolarhub.com/products/inversores/ODEX-ODEX-PAINEL-JINKO-615W.jpg","https://cdn.yellosolarhub.com/products/inversores/ODEX-ODEX-PAINEL-JINKO-615W.jpg|ODEX-ODEX-PAINEL-JINKO-615W.jpg","imgs-index",100,7781.95,20,0,"https://cdn.yellosolarhub.com/products/inversores/ODEX-ODEX-PAINEL-JINKO-615W.jpg|[object Object]"
"ODEXODEXPAINELJINKO610W","https://cdn.yellosolarhub.com/products/inversores/ODEX-ODEX-PAINEL-JINKO-610W.jpg","https://cdn.yellosolarhub.com/products/inversores/ODEX-ODEX-PAINEL-JINKO-610W.jpg|ODEX-ODEX-PAINEL-JINKO-610W.jpg","imgs-index",100,1849.99,20,0,"https://cdn.yellosolarhub.com/products/inversores/ODEX-ODEX-PAINEL-JINKO-610W.jpg|[object Object]"
"ODEXODEXPAINELODEX610W","https://cdn.yellosolarhub.com/products/inversores/ODEX-ODEX-PAINEL-ODEX-610W.jpg","https://cdn.yellosolarhub.com/products/inversores/ODEX-ODEX-PAINEL-ODEX-610W.jpg|ODEX-ODEX-PAINEL-ODEX-610W.jpg","imgs-index",100,1102.99,20,0,"https://cdn.yellosolarhub.com/products/inversores/ODEX-ODEX-PAINEL-ODEX-610W.jpg|[object Object]"
"ODEXODEXPAINELASTRONERGY600W","https://cdn.yellosolarhub.com/products/inversores/ODEX-ODEX-PAINEL-ASTRONERGY-600W.jpg","https://cdn.yellosolarhub.com/products/inversores/ODEX-ODEX-PAINEL-ASTRONERGY-600W.jpg|ODEX-ODEX-PAINEL-ASTRONERGY-600W.jpg","imgs-index",100,1874,20,0,"https://cdn.yellosolarhub.com/products/inversores/ODEX-ODEX-PAINEL-ASTRONERGY-600W.jpg|[object Object]"
"ODEXODEXPAINELODEX600W","https://cdn.yellosolarhub.com/products/inversores/ODEX-ODEX-PAINEL-ODEX-600W.jpg","https://cdn.yellosolarhub.com/products/inversores/ODEX-ODEX-PAINEL-ODEX-600W.jpg|ODEX-ODEX-PAINEL-ODEX-600W.jpg","imgs-index",100,9006,20,0,"https://cdn.yellosolarhub.com/products/inversores/ODEX-ODEX-PAINEL-ODEX-600W.jpg|[object Object]"
"ODEXODEXPAINELODEX585W","https://cdn.yellosolarhub.com/products/inversores/ODEX-ODEX-PAINEL-ODEX-585W.jpg","https://cdn.yellosolarhub.com/products/inversores/ODEX-ODEX-PAINEL-ODEX-585W.jpg|ODEX-ODEX-PAINEL-ODEX-585W.jpg","imgs-index",100,2358.95,20,0,"https://cdn.yellosolarhub.com/products/inversores/ODEX-ODEX-PAINEL-ODEX-585W.jpg|[object Object]"
"ODEXODEXPAINELTSUN560W","https://cdn.yellosolarhub.com/products/inversores/ODEX-ODEX-PAINEL-TSUN-560W.jpg","https://cdn.yellosolarhub.com/products/inversores/ODEX-ODEX-PAINEL-TSUN-560W.jpg|ODEX-ODEX-PAINEL-TSUN-560W.jpg","imgs-index",100,9352,20,0,"https://cdn.yellosolarhub.com/products/inversores/ODEX-ODEX-PAINEL-TSUN-560W.jpg|[object Object]"
"ODEXODEXINVDEYE1200W","https://cdn.yellosolarhub.com/products/inversores/ODEX-ODEX-INV-DEYE-1200W.jpg","https://cdn.yellosolarhub.com/products/inversores/ODEX-ODEX-INV-DEYE-1200W.jpg|ODEX-ODEX-INV-DEYE-1200W.jpg","imgs-index",100,1911.99,20,0,"https://cdn.yellosolarhub.com/products/inversores/ODEX-ODEX-INV-DEYE-1200W.jpg|[object Object]"
"ODEXODEXINVDEYE800W","https://cdn.yellosolarhub.com/products/inversores/ODEX-ODEX-INV-DEYE-800W.jpg","https://cdn.yellosolarhub.com/products/inversores/ODEX-ODEX-INV-DEYE-800W.jpg|ODEX-ODEX-INV-DEYE-800W.jpg","imgs-index",100,9868.49,20,0,"https://cdn.yellosolarhub.com/products/inversores/ODEX-ODEX-INV-DEYE-800W.jpg|[object Object]"
"112369","https://cdn.yellosolarhub.com/products/inversores/112369.jpg","https://cdn.yellosolarhub.com/products/inversores/112369.jpg|112369.jpg","imgs-index",100,11364,20,0,"https://cdn.yellosolarhub.com/products/inversores/112369.jpg|[object Object]"
"135720","https://cdn.yellosolarhub.com/products/inversores/135720.jpg","https://cdn.yellosolarhub.com/products/inversores/135720.jpg|135720.jpg","imgs-index",100,707.99,20,0,"https://cdn.yellosolarhub.com/products/inversores/135720.jpg|[object Object]"
"145763","https://cdn.yellosolarhub.com/products/inversores/145763.jpg","https://cdn.yellosolarhub.com/products/inversores/145763.jpg|145763.jpg","imgs-index",100,4688.95,20,0,"https://cdn.yellosolarhub.com/products/inversores/145763.jpg|[object Object]"
"152147","https://cdn.yellosolarhub.com/products/inversores/152147.jpg","https://cdn.yellosolarhub.com/products/inversores/152147.jpg|152147.jpg","imgs-index",100,5254.95,20,0,"https://cdn.yellosolarhub.com/products/inversores/152147.jpg|[object Object]"
"192575","https://cdn.yellosolarhub.com/products/inversores/192575.jpg","https://cdn.yellosolarhub.com/products/inversores/192575.jpg|192575.jpg","imgs-index",100,7459.49,20,0,"https://cdn.yellosolarhub.com/products/inversores/192575.jpg|[object Object]"
"192576","https://cdn.yellosolarhub.com/products/inversores/192576.jpg","https://cdn.yellosolarhub.com/products/inversores/192576.jpg|192576.jpg","imgs-index",100,4462.99,20,0,"https://cdn.yellosolarhub.com/products/inversores/192576.jpg|[object Object]"
"222132","https://cdn.yellosolarhub.com/products/inversores/222132.png","https://cdn.yellosolarhub.com/products/inversores/222132.png|222132.png","imgs-index",100,168,20,0,"https://cdn.yellosolarhub.com/products/inversores/222132.png|[object Object]"
"222133","https://cdn.yellosolarhub.com/products/inversores/222133.png","https://cdn.yellosolarhub.com/products/inversores/222133.png|222133.png","imgs-index",100,2577.99,20,0,"https://cdn.yellosolarhub.com/products/inversores/222133.png|[object Object]"
"246761","https://cdn.yellosolarhub.com/products/inversores/246761.jpg","https://cdn.yellosolarhub.com/products/inversores/246761.jpg|246761.jpg","imgs-index",100,1281,20,0,"https://cdn.yellosolarhub.com/products/inversores/246761.jpg|[object Object]"
"246763","https://cdn.yellosolarhub.com/products/inversores/246763.jpg","https://cdn.yellosolarhub.com/products/inversores/246763.jpg|246763.jpg","imgs-index",100,4285,20,0,"https://cdn.yellosolarhub.com/products/inversores/246763.jpg|[object Object]"
"246764","https://cdn.yellosolarhub.com/products/inversores/246764.jpg","https://cdn.yellosolarhub.com/products/inversores/246764.jpg|246764.jpg","imgs-index",100,5689.99,20,0,"https://cdn.yellosolarhub.com/products/inversores/246764.jpg|[object Object]"
"267277","https://cdn.yellosolarhub.com/products/inversores/267277.jpg","https://cdn.yellosolarhub.com/products/inversores/267277.jpg|267277.jpg","imgs-index",100,1006,20,0,"https://cdn.yellosolarhub.com/products/inversores/267277.jpg|[object Object]"
"276954","https://cdn.yellosolarhub.com/products/inversores/276954.jpg","https://cdn.yellosolarhub.com/products/inversores/276954.jpg|276954.jpg","imgs-index",100,12461.95,20,0,"https://cdn.yellosolarhub.com/products/inversores/276954.jpg|[object Object]"
"286844","https://cdn.yellosolarhub.com/products/inversores/286844.png","https://cdn.yellosolarhub.com/products/inversores/286844.png|286844.png","imgs-index",100,5999,20,0,"https://cdn.yellosolarhub.com/products/inversores/286844.png|[object Object]"
"289241","https://cdn.yellosolarhub.com/products/inversores/289241.jpg","https://cdn.yellosolarhub.com/products/inversores/289241.jpg|289241.jpg","imgs-index",100,3406.49,20,0,"https://cdn.yellosolarhub.com/products/inversores/289241.jpg|[object Object]"
"292421","https://cdn.yellosolarhub.com/products/inversores/292421.jpg","https://cdn.yellosolarhub.com/products/inversores/292421.jpg|292421.jpg","imgs-index",100,12566.95,20,0,"https://cdn.yellosolarhub.com/products/inversores/292421.jpg|[object Object]"
"299591","https://cdn.yellosolarhub.com/products/inversores/299591.jpg","https://cdn.yellosolarhub.com/products/inversores/299591.jpg|299591.jpg","imgs-index",100,2359.49,20,0,"https://cdn.yellosolarhub.com/products/inversores/299591.jpg|[object Object]"
"315148","https://cdn.yellosolarhub.com/products/inversores/315148.jpg","https://cdn.yellosolarhub.com/products/inversores/315148.jpg|315148.jpg","imgs-index",100,4672.99,20,0,"https://cdn.yellosolarhub.com/products/inversores/315148.jpg|[object Object]"
"IMAGEPRODUCT600023","https://cdn.yellosolarhub.com/products/inversores/IMAGE_PRODUCT_600023.png","https://cdn.yellosolarhub.com/products/inversores/IMAGE_PRODUCT_600023.png|IMAGE_PRODUCT_600023.png","imgs-index",100,10892,20,0,"https://cdn.yellosolarhub.com/products/inversores/IMAGE_PRODUCT_600023.png|[object Object]"
"IMAGEPRODUCT600066","https://cdn.yellosolarhub.com/products/inversores/IMAGE_PRODUCT_600066.png","https://cdn.yellosolarhub.com/products/inversores/IMAGE_PRODUCT_600066.png|IMAGE_PRODUCT_600066.png","imgs-index",100,7140,20,0,"https://cdn.yellosolarhub.com/products/inversores/IMAGE_PRODUCT_600066.png|[object Object]"
"IMAGEPRODUCT600109","https://cdn.yellosolarhub.com/products/inversores/IMAGE_PRODUCT_600109.png","https://cdn.yellosolarhub.com/products/inversores/IMAGE_PRODUCT_600109.png|IMAGE_PRODUCT_600109.png","imgs-index",100,11259,20,0,"https://cdn.yellosolarhub.com/products/inversores/IMAGE_PRODUCT_600109.png|[object Object]"
"IMAGEPRODUCT600126","https://cdn.yellosolarhub.com/products/inversores/IMAGE_PRODUCT_600126.png","https://cdn.yellosolarhub.com/products/inversores/IMAGE_PRODUCT_600126.png|IMAGE_PRODUCT_600126.png","imgs-index",100,11025.99,20,0,"https://cdn.yellosolarhub.com/products/inversores/IMAGE_PRODUCT_600126.png|[object Object]"
"IMAGEPRODUCT600142","https://cdn.yellosolarhub.com/products/inversores/IMAGE_PRODUCT_600142.png","https://cdn.yellosolarhub.com/products/inversores/IMAGE_PRODUCT_600142.png|IMAGE_PRODUCT_600142.png","imgs-index",100,3335.95,20,0,"https://cdn.yellosolarhub.com/products/inversores/IMAGE_PRODUCT_600142.png|[object Object]"
"IMAGEPRODUCT600149","https://cdn.yellosolarhub.com/products/inversores/IMAGE_PRODUCT_600149.png","https://cdn.yellosolarhub.com/products/inversores/IMAGE_PRODUCT_600149.png|IMAGE_PRODUCT_600149.png","imgs-index",100,6085.99,20,0,"https://cdn.yellosolarhub.com/products/inversores/IMAGE_PRODUCT_600149.png|[object Object]"
"IMAGEPRODUCT600150","https://cdn.yellosolarhub.com/products/inversores/IMAGE_PRODUCT_600150.png","https://cdn.yellosolarhub.com/products/inversores/IMAGE_PRODUCT_600150.png|IMAGE_PRODUCT_600150.png","imgs-index",100,1699.49,20,0,"https://cdn.yellosolarhub.com/products/inversores/IMAGE_PRODUCT_600150.png|[object Object]"
"IMAGEPRODUCT600243","https://cdn.yellosolarhub.com/products/inversores/IMAGE_PRODUCT_600243.png","https://cdn.yellosolarhub.com/products/inversores/IMAGE_PRODUCT_600243.png|IMAGE_PRODUCT_600243.png","imgs-index",100,8725,20,0,"https://cdn.yellosolarhub.com/products/inversores/IMAGE_PRODUCT_600243.png|[object Object]"
"IMAGEPRODUCT600268","https://cdn.yellosolarhub.com/products/inversores/IMAGE_PRODUCT_600268.png","https://cdn.yellosolarhub.com/products/inversores/IMAGE_PRODUCT_600268.png|IMAGE_PRODUCT_600268.png","imgs-index",100,3120.99,20,0,"https://cdn.yellosolarhub.com/products/inversores/IMAGE_PRODUCT_600268.png|[object Object]"
"IMAGEPRODUCT600275","https://cdn.yellosolarhub.com/products/inversores/IMAGE_PRODUCT_600275.png","https://cdn.yellosolarhub.com/products/inversores/IMAGE_PRODUCT_600275.png|IMAGE_PRODUCT_600275.png","imgs-index",100,1174.95,20,0,"https://cdn.yellosolarhub.com/products/inversores/IMAGE_PRODUCT_600275.png|[object Object]"
"IMAGEPRODUCT600303","https://cdn.yellosolarhub.com/products/inversores/IMAGE_PRODUCT_600303.png","https://cdn.yellosolarhub.com/products/inversores/IMAGE_PRODUCT_600303.png|IMAGE_PRODUCT_600303.png","imgs-index",100,6176.99,20,0,"https://cdn.yellosolarhub.com/products/inversores/IMAGE_PRODUCT_600303.png|[object Object]"
"IMAGEPRODUCT600304","https://cdn.yellosolarhub.com/products/inversores/IMAGE_PRODUCT_600304.png","https://cdn.yellosolarhub.com/products/inversores/IMAGE_PRODUCT_600304.png|IMAGE_PRODUCT_600304.png","imgs-index",100,3561,20,0,"https://cdn.yellosolarhub.com/products/inversores/IMAGE_PRODUCT_600304.png|[object Object]"
"IMAGEPRODUCT600305","https://cdn.yellosolarhub.com/products/inversores/IMAGE_PRODUCT_600305.png","https://cdn.yellosolarhub.com/products/inversores/IMAGE_PRODUCT_600305.png|IMAGE_PRODUCT_600305.png","imgs-index",100,11450.49,20,0,"https://cdn.yellosolarhub.com/products/inversores/IMAGE_PRODUCT_600305.png|[object Object]"
"IMAGEPRODUCT600307","https://cdn.yellosolarhub.com/products/inversores/IMAGE_PRODUCT_600307.png","https://cdn.yellosolarhub.com/products/inversores/IMAGE_PRODUCT_600307.png|IMAGE_PRODUCT_600307.png","imgs-index",100,5572.95,20,0,"https://cdn.yellosolarhub.com/products/inversores/IMAGE_PRODUCT_600307.png|[object Object]"
"IMAGEPRODUCT600308","https://cdn.yellosolarhub.com/products/inversores/IMAGE_PRODUCT_600308.png","https://cdn.yellosolarhub.com/products/inversores/IMAGE_PRODUCT_600308.png|IMAGE_PRODUCT_600308.png","imgs-index",100,10352.99,20,0,"https://cdn.yellosolarhub.com/products/inversores/IMAGE_PRODUCT_600308.png|[object Object]"
"IMAGEPRODUCT600311","https://cdn.yellosolarhub.com/products/inversores/IMAGE_PRODUCT_600311.png","https://cdn.yellosolarhub.com/products/inversores/IMAGE_PRODUCT_600311.png|IMAGE_PRODUCT_600311.png","imgs-index",100,10839,20,0,"https://cdn.yellosolarhub.com/products/inversores/IMAGE_PRODUCT_600311.png|[object Object]"
"IMAGEPRODUCT600314","https://cdn.yellosolarhub.com/products/inversores/IMAGE_PRODUCT_600314.png","https://cdn.yellosolarhub.com/products/inversores/IMAGE_PRODUCT_600314.png|IMAGE_PRODUCT_600314.png","imgs-index",100,3000.99,20,0,"https://cdn.yellosolarhub.com/products/inversores/IMAGE_PRODUCT_600314.png|[object Object]"
"IMAGEPRODUCT600328","https://cdn.yellosolarhub.com/products/inversores/IMAGE_PRODUCT_600328.png","https://cdn.yellosolarhub.com/products/inversores/IMAGE_PRODUCT_600328.png|IMAGE_PRODUCT_600328.png","imgs-index",100,2161.99,20,0,"https://cdn.yellosolarhub.com/products/inversores/IMAGE_PRODUCT_600328.png|[object Object]"
"IMAGEPRODUCT600329","https://cdn.yellosolarhub.com/products/inversores/IMAGE_PRODUCT_600329.jpg","https://cdn.yellosolarhub.com/products/inversores/IMAGE_PRODUCT_600329.jpg|IMAGE_PRODUCT_600329.jpg","imgs-index",100,2307.99,20,0,"https://cdn.yellosolarhub.com/products/inversores/IMAGE_PRODUCT_600329.jpg|[object Object]"
"IMAGEPRODUCT600340","https://cdn.yellosolarhub.com/products/inversores/IMAGE_PRODUCT_600340.jpeg","https://cdn.yellosolarhub.com/products/inversores/IMAGE_PRODUCT_600340.jpeg|IMAGE_PRODUCT_600340.jpeg","imgs-index",100,1876.49,20,0,"https://cdn.yellosolarhub.com/products/inversores/IMAGE_PRODUCT_600340.jpeg|[object Object]"
"IMAGEPRODUCT600342","https://cdn.yellosolarhub.com/products/inversores/IMAGE_PRODUCT_600342.jpg","https://cdn.yellosolarhub.com/products/inversores/IMAGE_PRODUCT_600342.jpg|IMAGE_PRODUCT_600342.jpg","imgs-index",100,1271.99,20,0,"https://cdn.yellosolarhub.com/products/inversores/IMAGE_PRODUCT_600342.jpg|[object Object]"
"IMAGEPRODUCT600344","https://cdn.yellosolarhub.com/products/inversores/IMAGE_PRODUCT_600344.png","https://cdn.yellosolarhub.com/products/inversores/IMAGE_PRODUCT_600344.png|IMAGE_PRODUCT_600344.png","imgs-index",100,708.99,20,0,"https://cdn.yellosolarhub.com/products/inversores/IMAGE_PRODUCT_600344.png|[object Object]"
"IMAGEPRODUCT600348","https://cdn.yellosolarhub.com/products/inversores/IMAGE_PRODUCT_600348.png","https://cdn.yellosolarhub.com/products/inversores/IMAGE_PRODUCT_600348.png|IMAGE_PRODUCT_600348.png","imgs-index",100,6577.49,20,0,"https://cdn.yellosolarhub.com/products/inversores/IMAGE_PRODUCT_600348.png|[object Object]"
"IMAGEPRODUCT600350","https://cdn.yellosolarhub.com/products/inversores/IMAGE_PRODUCT_600350.jpg","https://cdn.yellosolarhub.com/products/inversores/IMAGE_PRODUCT_600350.jpg|IMAGE_PRODUCT_600350.jpg","imgs-index",100,8048.49,20,0,"https://cdn.yellosolarhub.com/products/inversores/IMAGE_PRODUCT_600350.jpg|[object Object]"
"IMAGEPRODUCT600352","https://cdn.yellosolarhub.com/products/inversores/IMAGE_PRODUCT_600352.jpg","https://cdn.yellosolarhub.com/products/inversores/IMAGE_PRODUCT_600352.jpg|IMAGE_PRODUCT_600352.jpg","imgs-index",100,1508.95,20,0,"https://cdn.yellosolarhub.com/products/inversores/IMAGE_PRODUCT_600352.jpg|[object Object]"
"IMAGEPRODUCT600358","https://cdn.yellosolarhub.com/products/inversores/IMAGE_PRODUCT_600358.png","https://cdn.yellosolarhub.com/products/inversores/IMAGE_PRODUCT_600358.png|IMAGE_PRODUCT_600358.png","imgs-index",100,2241.95,20,0,"https://cdn.yellosolarhub.com/products/inversores/IMAGE_PRODUCT_600358.png|[object Object]"
"IMAGEPRODUCT600361","https://cdn.yellosolarhub.com/products/inversores/IMAGE_PRODUCT_600361.png","https://cdn.yellosolarhub.com/products/inversores/IMAGE_PRODUCT_600361.png|IMAGE_PRODUCT_600361.png","imgs-index",100,9267,20,0,"https://cdn.yellosolarhub.com/products/inversores/IMAGE_PRODUCT_600361.png|[object Object]"
"IMAGEPRODUCT600363","https://cdn.yellosolarhub.com/products/inversores/IMAGE_PRODUCT_600363.png","https://cdn.yellosolarhub.com/products/inversores/IMAGE_PRODUCT_600363.png|IMAGE_PRODUCT_600363.png","imgs-index",100,5436,20,0,"https://cdn.yellosolarhub.com/products/inversores/IMAGE_PRODUCT_600363.png|[object Object]"
"IMAGEPRODUCT600369","https://cdn.yellosolarhub.com/products/inversores/IMAGE_PRODUCT_600369.png","https://cdn.yellosolarhub.com/products/inversores/IMAGE_PRODUCT_600369.png|IMAGE_PRODUCT_600369.png","imgs-index",100,5805.95,20,0,"https://cdn.yellosolarhub.com/products/inversores/IMAGE_PRODUCT_600369.png|[object Object]"
"IMAGEPRODUCT600381","https://cdn.yellosolarhub.com/products/inversores/IMAGE_PRODUCT_600381.png","https://cdn.yellosolarhub.com/products/inversores/IMAGE_PRODUCT_600381.png|IMAGE_PRODUCT_600381.png","imgs-index",100,11435.99,20,0,"https://cdn.yellosolarhub.com/products/inversores/IMAGE_PRODUCT_600381.png|[object Object]"
"IMAGEPRODUCT600382","https://cdn.yellosolarhub.com/products/inversores/IMAGE_PRODUCT_600382.png","https://cdn.yellosolarhub.com/products/inversores/IMAGE_PRODUCT_600382.png|IMAGE_PRODUCT_600382.png","imgs-index",100,10330.99,20,0,"https://cdn.yellosolarhub.com/products/inversores/IMAGE_PRODUCT_600382.png|[object Object]"
"IMAGEPRODUCT600386","https://cdn.yellosolarhub.com/products/inversores/IMAGE_PRODUCT_600386.png","https://cdn.yellosolarhub.com/products/inversores/IMAGE_PRODUCT_600386.png|IMAGE_PRODUCT_600386.png","imgs-index",100,7057.99,20,0,"https://cdn.yellosolarhub.com/products/inversores/IMAGE_PRODUCT_600386.png|[object Object]"
"IMAGEPRODUCT600387","https://cdn.yellosolarhub.com/products/inversores/IMAGE_PRODUCT_600387.png","https://cdn.yellosolarhub.com/products/inversores/IMAGE_PRODUCT_600387.png|IMAGE_PRODUCT_600387.png","imgs-index",100,7623.99,20,0,"https://cdn.yellosolarhub.com/products/inversores/IMAGE_PRODUCT_600387.png|[object Object]"
"IMAGEPRODUCT600388","https://cdn.yellosolarhub.com/products/inversores/IMAGE_PRODUCT_600388.png","https://cdn.yellosolarhub.com/products/inversores/IMAGE_PRODUCT_600388.png|IMAGE_PRODUCT_600388.png","imgs-index",100,11070.99,20,0,"https://cdn.yellosolarhub.com/products/inversores/IMAGE_PRODUCT_600388.png|[object Object]"
"IMAGEPRODUCT600398","https://cdn.yellosolarhub.com/products/inversores/IMAGE_PRODUCT_600398.png","https://cdn.yellosolarhub.com/products/inversores/IMAGE_PRODUCT_600398.png|IMAGE_PRODUCT_600398.png","imgs-index",100,8114.99,20,0,"https://cdn.yellosolarhub.com/products/inversores/IMAGE_PRODUCT_600398.png|[object Object]"
"IMAGEPRODUCT600400","https://cdn.yellosolarhub.com/products/inversores/IMAGE_PRODUCT_600400.png","https://cdn.yellosolarhub.com/products/inversores/IMAGE_PRODUCT_600400.png|IMAGE_PRODUCT_600400.png","imgs-index",100,659,20,0,"https://cdn.yellosolarhub.com/products/inversores/IMAGE_PRODUCT_600400.png|[object Object]"
"IMAGEPRODUCT600404","https://cdn.yellosolarhub.com/products/inversores/IMAGE_PRODUCT_600404.png","https://cdn.yellosolarhub.com/products/inversores/IMAGE_PRODUCT_600404.png|IMAGE_PRODUCT_600404.png","imgs-index",100,9939.95,20,0,"https://cdn.yellosolarhub.com/products/inversores/IMAGE_PRODUCT_600404.png|[object Object]"
"IMAGEPRODUCT600423","https://cdn.yellosolarhub.com/products/inversores/IMAGE_PRODUCT_600423.png","https://cdn.yellosolarhub.com/products/inversores/IMAGE_PRODUCT_600423.png|IMAGE_PRODUCT_600423.png","imgs-index",100,8776,20,0,"https://cdn.yellosolarhub.com/products/inversores/IMAGE_PRODUCT_600423.png|[object Object]"
"IMAGEPRODUCT600452","https://cdn.yellosolarhub.com/products/inversores/IMAGE_PRODUCT_600452.png","https://cdn.yellosolarhub.com/products/inversores/IMAGE_PRODUCT_600452.png|IMAGE_PRODUCT_600452.png","imgs-index",100,680.99,20,0,"https://cdn.yellosolarhub.com/products/inversores/IMAGE_PRODUCT_600452.png|[object Object]"
"IMAGEPRODUCT600453","https://cdn.yellosolarhub.com/products/inversores/IMAGE_PRODUCT_600453.png","https://cdn.yellosolarhub.com/products/inversores/IMAGE_PRODUCT_600453.png|IMAGE_PRODUCT_600453.png","imgs-index",100,11851.95,20,0,"https://cdn.yellosolarhub.com/products/inversores/IMAGE_PRODUCT_600453.png|[object Object]"
"IMAGEPRODUCT600463","https://cdn.yellosolarhub.com/products/inversores/IMAGE_PRODUCT_600463.png","https://cdn.yellosolarhub.com/products/inversores/IMAGE_PRODUCT_600463.png|IMAGE_PRODUCT_600463.png","imgs-index",100,5095.95,20,0,"https://cdn.yellosolarhub.com/products/inversores/IMAGE_PRODUCT_600463.png|[object Object]"
"IMAGEPRODUCT600483","https://cdn.yellosolarhub.com/products/inversores/IMAGE_PRODUCT_600483.png","https://cdn.yellosolarhub.com/products/inversores/IMAGE_PRODUCT_600483.png|IMAGE_PRODUCT_600483.png","imgs-index",100,3970.49,20,0,"https://cdn.yellosolarhub.com/products/inversores/IMAGE_PRODUCT_600483.png|[object Object]"
"NEOSOLARINVERTERS20217","https://cdn.yellosolarhub.com/products/inversores/neosolar_inverters_20217.jpg","https://cdn.yellosolarhub.com/products/inversores/neosolar_inverters_20217.jpg|neosolar_inverters_20217.jpg","imgs-index",100,6471.99,20,0,"https://cdn.yellosolarhub.com/products/inversores/neosolar_inverters_20217.jpg|[object Object]"
"NEOSOLARINVERTERS20247","https://cdn.yellosolarhub.com/products/inversores/neosolar_inverters_20247.jpg","https://cdn.yellosolarhub.com/products/inversores/neosolar_inverters_20247.jpg|neosolar_inverters_20247.jpg","imgs-index",100,10203,20,0,"https://cdn.yellosolarhub.com/products/inversores/neosolar_inverters_20247.jpg|[object Object]"
"NEOSOLARINVERTERS20249","https://cdn.yellosolarhub.com/products/inversores/neosolar_inverters_20249.jpg","https://cdn.yellosolarhub.com/products/inversores/neosolar_inverters_20249.jpg|neosolar_inverters_20249.jpg","imgs-index",100,2578.99,20,0,"https://cdn.yellosolarhub.com/products/inversores/neosolar_inverters_20249.jpg|[object Object]"
"NEOSOLARINVERTERS20250","https://cdn.yellosolarhub.com/products/inversores/neosolar_inverters_20250.jpg","https://cdn.yellosolarhub.com/products/inversores/neosolar_inverters_20250.jpg|neosolar_inverters_20250.jpg","imgs-index",100,7033.99,20,0,"https://cdn.yellosolarhub.com/products/inversores/neosolar_inverters_20250.jpg|[object Object]"
"NEOSOLARINVERTERS20252","https://cdn.yellosolarhub.com/products/inversores/neosolar_inverters_20252.jpg","https://cdn.yellosolarhub.com/products/inversores/neosolar_inverters_20252.jpg|neosolar_inverters_20252.jpg","imgs-index",100,4751.95,20,0,"https://cdn.yellosolarhub.com/products/inversores/neosolar_inverters_20252.jpg|[object Object]"
"NEOSOLARINVERTERS20253","https://cdn.yellosolarhub.com/products/inversores/neosolar_inverters_20253.jpg","https://cdn.yellosolarhub.com/products/inversores/neosolar_inverters_20253.jpg|neosolar_inverters_20253.jpg","imgs-index",100,11546.99,20,0,"https://cdn.yellosolarhub.com/products/inversores/neosolar_inverters_20253.jpg|[object Object]"
"NEOSOLARINVERTERS20255","https://cdn.yellosolarhub.com/products/inversores/neosolar_inverters_20255.jpg","https://cdn.yellosolarhub.com/products/inversores/neosolar_inverters_20255.jpg|neosolar_inverters_20255.jpg","imgs-index",100,5566,20,0,"https://cdn.yellosolarhub.com/products/inversores/neosolar_inverters_20255.jpg|[object Object]"
"NEOSOLARINVERTERS20256","https://cdn.yellosolarhub.com/products/inversores/neosolar_inverters_20256.jpg","https://cdn.yellosolarhub.com/products/inversores/neosolar_inverters_20256.jpg|neosolar_inverters_20256.jpg","imgs-index",100,2400.99,20,0,"https://cdn.yellosolarhub.com/products/inversores/neosolar_inverters_20256.jpg|[object Object]"
"NEOSOLARINVERTERS20258","https://cdn.yellosolarhub.com/products/inversores/neosolar_inverters_20258.jpg","https://cdn.yellosolarhub.com/products/inversores/neosolar_inverters_20258.jpg|neosolar_inverters_20258.jpg","imgs-index",100,6987,20,0,"https://cdn.yellosolarhub.com/products/inversores/neosolar_inverters_20258.jpg|[object Object]"
"NEOSOLARINVERTERS20259","https://cdn.yellosolarhub.com/products/inversores/neosolar_inverters_20259.jpg","https://cdn.yellosolarhub.com/products/inversores/neosolar_inverters_20259.jpg|neosolar_inverters_20259.jpg","imgs-index",100,11719,20,0,"https://cdn.yellosolarhub.com/products/inversores/neosolar_inverters_20259.jpg|[object Object]"
"NEOSOLARINVERTERS20260","https://cdn.yellosolarhub.com/products/inversores/neosolar_inverters_20260.jpg","https://cdn.yellosolarhub.com/products/inversores/neosolar_inverters_20260.jpg|neosolar_inverters_20260.jpg","imgs-index",100,721.99,20,0,"https://cdn.yellosolarhub.com/products/inversores/neosolar_inverters_20260.jpg|[object Object]"
"NEOSOLARINVERTERS20261","https://cdn.yellosolarhub.com/products/inversores/neosolar_inverters_20261.jpg","https://cdn.yellosolarhub.com/products/inversores/neosolar_inverters_20261.jpg|neosolar_inverters_20261.jpg","imgs-index",100,9571.99,20,0,"https://cdn.yellosolarhub.com/products/inversores/neosolar_inverters_20261.jpg|[object Object]"
"NEOSOLARINVERTERS20262","https://cdn.yellosolarhub.com/products/inversores/neosolar_inverters_20262.jpg","https://cdn.yellosolarhub.com/products/inversores/neosolar_inverters_20262.jpg|neosolar_inverters_20262.jpg","imgs-index",100,6556.99,20,0,"https://cdn.yellosolarhub.com/products/inversores/neosolar_inverters_20262.jpg|[object Object]"
"NEOSOLARINVERTERS20264","https://cdn.yellosolarhub.com/products/inversores/neosolar_inverters_20264.jpg","https://cdn.yellosolarhub.com/products/inversores/neosolar_inverters_20264.jpg|neosolar_inverters_20264.jpg","imgs-index",100,7307.99,20,0,"https://cdn.yellosolarhub.com/products/inversores/neosolar_inverters_20264.jpg|[object Object]"
"NEOSOLARINVERTERS20265","https://cdn.yellosolarhub.com/products/inversores/neosolar_inverters_20265.jpg","https://cdn.yellosolarhub.com/products/inversores/neosolar_inverters_20265.jpg|neosolar_inverters_20265.jpg","imgs-index",100,7304.99,20,0,"https://cdn.yellosolarhub.com/products/inversores/neosolar_inverters_20265.jpg|[object Object]"
"NEOSOLARINVERTERS20266","https://cdn.yellosolarhub.com/products/inversores/neosolar_inverters_20266.jpg","https://cdn.yellosolarhub.com/products/inversores/neosolar_inverters_20266.jpg|neosolar_inverters_20266.jpg","imgs-index",100,2399,20,0,"https://cdn.yellosolarhub.com/products/inversores/neosolar_inverters_20266.jpg|[object Object]"
"NEOSOLARINVERTERS20267","https://cdn.yellosolarhub.com/products/inversores/neosolar_inverters_20267.jpg","https://cdn.yellosolarhub.com/products/inversores/neosolar_inverters_20267.jpg|neosolar_inverters_20267.jpg","imgs-index",100,2428.99,20,0,"https://cdn.yellosolarhub.com/products/inversores/neosolar_inverters_20267.jpg|[object Object]"
"NEOSOLARINVERTERS20268","https://cdn.yellosolarhub.com/products/inversores/neosolar_inverters_20268.jpg","https://cdn.yellosolarhub.com/products/inversores/neosolar_inverters_20268.jpg|neosolar_inverters_20268.jpg","imgs-index",100,3994.99,20,0,"https://cdn.yellosolarhub.com/products/inversores/neosolar_inverters_20268.jpg|[object Object]"
"NEOSOLARINVERTERS20269","https://cdn.yellosolarhub.com/products/inversores/neosolar_inverters_20269.jpg","https://cdn.yellosolarhub.com/products/inversores/neosolar_inverters_20269.jpg|neosolar_inverters_20269.jpg","imgs-index",100,9668.49,20,0,"https://cdn.yellosolarhub.com/products/inversores/neosolar_inverters_20269.jpg|[object Object]"
"NEOSOLARINVERTERS20287","https://cdn.yellosolarhub.com/products/inversores/neosolar_inverters_20287.jpg","https://cdn.yellosolarhub.com/products/inversores/neosolar_inverters_20287.jpg|neosolar_inverters_20287.jpg","imgs-index",100,6479.95,20,0,"https://cdn.yellosolarhub.com/products/inversores/neosolar_inverters_20287.jpg|[object Object]"
"NEOSOLARINVERTERS20525","https://cdn.yellosolarhub.com/products/inversores/neosolar_inverters_20525.jpg","https://cdn.yellosolarhub.com/products/inversores/neosolar_inverters_20525.jpg|neosolar_inverters_20525.jpg","imgs-index",100,10301.99,20,0,"https://cdn.yellosolarhub.com/products/inversores/neosolar_inverters_20525.jpg|[object Object]"
"NEOSOLARINVERTERS20563","https://cdn.yellosolarhub.com/products/inversores/neosolar_inverters_20563.jpg","https://cdn.yellosolarhub.com/products/inversores/neosolar_inverters_20563.jpg|neosolar_inverters_20563.jpg","imgs-index",100,6673.95,20,0,"https://cdn.yellosolarhub.com/products/inversores/neosolar_inverters_20563.jpg|[object Object]"
"NEOSOLARINVERTERS20564","https://cdn.yellosolarhub.com/products/inversores/neosolar_inverters_20564.jpg","https://cdn.yellosolarhub.com/products/inversores/neosolar_inverters_20564.jpg|neosolar_inverters_20564.jpg","imgs-index",100,6687.99,20,0,"https://cdn.yellosolarhub.com/products/inversores/neosolar_inverters_20564.jpg|[object Object]"
"NEOSOLARINVERTERS20565","https://cdn.yellosolarhub.com/products/inversores/neosolar_inverters_20565.jpg","https://cdn.yellosolarhub.com/products/inversores/neosolar_inverters_20565.jpg|neosolar_inverters_20565.jpg","imgs-index",100,7724,20,0,"https://cdn.yellosolarhub.com/products/inversores/neosolar_inverters_20565.jpg|[object Object]"
"NEOSOLARINVERTERS20566","https://cdn.yellosolarhub.com/products/inversores/neosolar_inverters_20566.jpg","https://cdn.yellosolarhub.com/products/inversores/neosolar_inverters_20566.jpg|neosolar_inverters_20566.jpg","imgs-index",100,4875.95,20,0,"https://cdn.yellosolarhub.com/products/inversores/neosolar_inverters_20566.jpg|[object Object]"
"NEOSOLARINVERTERS20666","https://cdn.yellosolarhub.com/products/inversores/neosolar_inverters_20666.jpg","https://cdn.yellosolarhub.com/products/inversores/neosolar_inverters_20666.jpg|neosolar_inverters_20666.jpg","imgs-index",100,11082.95,20,0,"https://cdn.yellosolarhub.com/products/inversores/neosolar_inverters_20666.jpg|[object Object]"
"NEOSOLARINVERTERS20778","https://cdn.yellosolarhub.com/products/inversores/neosolar_inverters_20778.jpg","https://cdn.yellosolarhub.com/products/inversores/neosolar_inverters_20778.jpg|neosolar_inverters_20778.jpg","imgs-index",100,4744.99,20,0,"https://cdn.yellosolarhub.com/products/inversores/neosolar_inverters_20778.jpg|[object Object]"
"NEOSOLARINVERTERS20922","https://cdn.yellosolarhub.com/products/inversores/neosolar_inverters_20922.jpg","https://cdn.yellosolarhub.com/products/inversores/neosolar_inverters_20922.jpg|neosolar_inverters_20922.jpg","imgs-index",100,5649.99,20,0,"https://cdn.yellosolarhub.com/products/inversores/neosolar_inverters_20922.jpg|[object Object]"
"NEOSOLARINVERTERS20924","https://cdn.yellosolarhub.com/products/inversores/neosolar_inverters_20924.jpg","https://cdn.yellosolarhub.com/products/inversores/neosolar_inverters_20924.jpg|neosolar_inverters_20924.jpg","imgs-index",100,6652.49,20,0,"https://cdn.yellosolarhub.com/products/inversores/neosolar_inverters_20924.jpg|[object Object]"
"NEOSOLARINVERTERS21306","https://cdn.yellosolarhub.com/products/inversores/neosolar_inverters_21306.jpg","https://cdn.yellosolarhub.com/products/inversores/neosolar_inverters_21306.jpg|neosolar_inverters_21306.jpg","imgs-index",100,254.95,20,0,"https://cdn.yellosolarhub.com/products/inversores/neosolar_inverters_21306.jpg|[object Object]"
"NEOSOLARINVERTERS21442","https://cdn.yellosolarhub.com/products/inversores/neosolar_inverters_21442.jpg","https://cdn.yellosolarhub.com/products/inversores/neosolar_inverters_21442.jpg|neosolar_inverters_21442.jpg","imgs-index",100,10743,20,0,"https://cdn.yellosolarhub.com/products/inversores/neosolar_inverters_21442.jpg|[object Object]"
"NEOSOLARINVERTERS21630","https://cdn.yellosolarhub.com/products/inversores/neosolar_inverters_21630.jpg","https://cdn.yellosolarhub.com/products/inversores/neosolar_inverters_21630.jpg|neosolar_inverters_21630.jpg","imgs-index",100,6063.49,20,0,"https://cdn.yellosolarhub.com/products/inversores/neosolar_inverters_21630.jpg|[object Object]"
"NEOSOLARINVERTERS21631","https://cdn.yellosolarhub.com/products/inversores/neosolar_inverters_21631.jpg","https://cdn.yellosolarhub.com/products/inversores/neosolar_inverters_21631.jpg|neosolar_inverters_21631.jpg","imgs-index",100,964.99,20,0,"https://cdn.yellosolarhub.com/products/inversores/neosolar_inverters_21631.jpg|[object Object]"
"NEOSOLARINVERTERS21633","https://cdn.yellosolarhub.com/products/inversores/neosolar_inverters_21633.jpg","https://cdn.yellosolarhub.com/products/inversores/neosolar_inverters_21633.jpg|neosolar_inverters_21633.jpg","imgs-index",100,2573.99,20,0,"https://cdn.yellosolarhub.com/products/inversores/neosolar_inverters_21633.jpg|[object Object]"
"NEOSOLARINVERTERS21634","https://cdn.yellosolarhub.com/products/inversores/neosolar_inverters_21634.jpg","https://cdn.yellosolarhub.com/products/inversores/neosolar_inverters_21634.jpg|neosolar_inverters_21634.jpg","imgs-index",100,11272.95,20,0,"https://cdn.yellosolarhub.com/products/inversores/neosolar_inverters_21634.jpg|[object Object]"
"NEOSOLARINVERTERS21639","https://cdn.yellosolarhub.com/products/inversores/neosolar_inverters_21639.jpg","https://cdn.yellosolarhub.com/products/inversores/neosolar_inverters_21639.jpg|neosolar_inverters_21639.jpg","imgs-index",100,604.99,20,0,"https://cdn.yellosolarhub.com/products/inversores/neosolar_inverters_21639.jpg|[object Object]"
"NEOSOLARINVERTERS21640","https://cdn.yellosolarhub.com/products/inversores/neosolar_inverters_21640.jpg","https://cdn.yellosolarhub.com/products/inversores/neosolar_inverters_21640.jpg|neosolar_inverters_21640.jpg","imgs-index",100,3465.95,20,0,"https://cdn.yellosolarhub.com/products/inversores/neosolar_inverters_21640.jpg|[object Object]"
"NEOSOLARINVERTERS21641","https://cdn.yellosolarhub.com/products/inversores/neosolar_inverters_21641.jpg","https://cdn.yellosolarhub.com/products/inversores/neosolar_inverters_21641.jpg|neosolar_inverters_21641.jpg","imgs-index",100,11359.99,20,0,"https://cdn.yellosolarhub.com/products/inversores/neosolar_inverters_21641.jpg|[object Object]"
"NEOSOLARINVERTERS21642","https://cdn.yellosolarhub.com/products/inversores/neosolar_inverters_21642.jpg","https://cdn.yellosolarhub.com/products/inversores/neosolar_inverters_21642.jpg|neosolar_inverters_21642.jpg","imgs-index",100,8953.99,20,0,"https://cdn.yellosolarhub.com/products/inversores/neosolar_inverters_21642.jpg|[object Object]"
"NEOSOLARINVERTERS21824","https://cdn.yellosolarhub.com/products/inversores/neosolar_inverters_21824.jpg","https://cdn.yellosolarhub.com/products/inversores/neosolar_inverters_21824.jpg|neosolar_inverters_21824.jpg","imgs-index",100,10950,20,0,"https://cdn.yellosolarhub.com/products/inversores/neosolar_inverters_21824.jpg|[object Object]"
"NEOSOLARINVERTERS22021","https://cdn.yellosolarhub.com/products/inversores/neosolar_inverters_22021.jpg","https://cdn.yellosolarhub.com/products/inversores/neosolar_inverters_22021.jpg|neosolar_inverters_22021.jpg","imgs-index",100,12004.95,20,0,"https://cdn.yellosolarhub.com/products/inversores/neosolar_inverters_22021.jpg|[object Object]"
"NEOSOLARINVERTERS22022","https://cdn.yellosolarhub.com/products/inversores/neosolar_inverters_22022.jpg","https://cdn.yellosolarhub.com/products/inversores/neosolar_inverters_22022.jpg|neosolar_inverters_22022.jpg","imgs-index",100,8983.49,20,0,"https://cdn.yellosolarhub.com/products/inversores/neosolar_inverters_22022.jpg|[object Object]"
"NEOSOLARINVERTERS22023","https://cdn.yellosolarhub.com/products/inversores/neosolar_inverters_22023.jpg","https://cdn.yellosolarhub.com/products/inversores/neosolar_inverters_22023.jpg|neosolar_inverters_22023.jpg","imgs-index",100,3465.99,20,0,"https://cdn.yellosolarhub.com/products/inversores/neosolar_inverters_22023.jpg|[object Object]"
"NEOSOLARINVERTERS22024","https://cdn.yellosolarhub.com/products/inversores/neosolar_inverters_22024.jpg","https://cdn.yellosolarhub.com/products/inversores/neosolar_inverters_22024.jpg|neosolar_inverters_22024.jpg","imgs-index",100,2697,20,0,"https://cdn.yellosolarhub.com/products/inversores/neosolar_inverters_22024.jpg|[object Object]"
"NEOSOLARINVERTERS22025","https://cdn.yellosolarhub.com/products/inversores/neosolar_inverters_22025.jpg","https://cdn.yellosolarhub.com/products/inversores/neosolar_inverters_22025.jpg|neosolar_inverters_22025.jpg","imgs-index",100,9808.99,20,0,"https://cdn.yellosolarhub.com/products/inversores/neosolar_inverters_22025.jpg|[object Object]"
"NEOSOLARINVERTERS22095","https://cdn.yellosolarhub.com/products/inversores/neosolar_inverters_22095.jpg","https://cdn.yellosolarhub.com/products/inversores/neosolar_inverters_22095.jpg|neosolar_inverters_22095.jpg","imgs-index",100,8464.99,20,0,"https://cdn.yellosolarhub.com/products/inversores/neosolar_inverters_22095.jpg|[object Object]"
"NEOSOLARINVERTERS22099","https://cdn.yellosolarhub.com/products/inversores/neosolar_inverters_22099.jpg","https://cdn.yellosolarhub.com/products/inversores/neosolar_inverters_22099.jpg|neosolar_inverters_22099.jpg","imgs-index",100,10281.99,20,0,"https://cdn.yellosolarhub.com/products/inversores/neosolar_inverters_22099.jpg|[object Object]"
"NEOSOLARINVERTERS22144","https://cdn.yellosolarhub.com/products/inversores/neosolar_inverters_22144.jpg","https://cdn.yellosolarhub.com/products/inversores/neosolar_inverters_22144.jpg|neosolar_inverters_22144.jpg","imgs-index",100,10526.99,20,0,"https://cdn.yellosolarhub.com/products/inversores/neosolar_inverters_22144.jpg|[object Object]"
"NEOSOLARINVERTERS22159","https://cdn.yellosolarhub.com/products/inversores/neosolar_inverters_22159.jpg","https://cdn.yellosolarhub.com/products/inversores/neosolar_inverters_22159.jpg|neosolar_inverters_22159.jpg","imgs-index",100,10515,20,0,"https://cdn.yellosolarhub.com/products/inversores/neosolar_inverters_22159.jpg|[object Object]"
"NEOSOLARINVERTERS22663","https://cdn.yellosolarhub.com/products/inversores/NEOSOLAR_INVERTERS_22663.jpg","https://cdn.yellosolarhub.com/products/inversores/NEOSOLAR_INVERTERS_22663.jpg|NEOSOLAR_INVERTERS_22663.jpg","imgs-index",100,10242.99,20,0,"https://cdn.yellosolarhub.com/products/inversores/NEOSOLAR_INVERTERS_22663.jpg|[object Object]"
"NEOSOLARINVERTERS22671","https://cdn.yellosolarhub.com/products/inversores/NEOSOLAR_INVERTERS_22671.jpg","https://cdn.yellosolarhub.com/products/inversores/NEOSOLAR_INVERTERS_22671.jpg|NEOSOLAR_INVERTERS_22671.jpg","imgs-index",100,1062,20,0,"https://cdn.yellosolarhub.com/products/inversores/NEOSOLAR_INVERTERS_22671.jpg|[object Object]"
"NEOSOLARINVERTERS22675","https://cdn.yellosolarhub.com/products/inversores/NEOSOLAR_INVERTERS_22675.jpg","https://cdn.yellosolarhub.com/products/inversores/NEOSOLAR_INVERTERS_22675.jpg|NEOSOLAR_INVERTERS_22675.jpg","imgs-index",100,6933.99,20,0,"https://cdn.yellosolarhub.com/products/inversores/NEOSOLAR_INVERTERS_22675.jpg|[object Object]"
"NEOSOLARINVERTERS22676","https://cdn.yellosolarhub.com/products/inversores/NEOSOLAR_INVERTERS_22676.jpg","https://cdn.yellosolarhub.com/products/inversores/NEOSOLAR_INVERTERS_22676.jpg|NEOSOLAR_INVERTERS_22676.jpg","imgs-index",100,4768.99,20,0,"https://cdn.yellosolarhub.com/products/inversores/NEOSOLAR_INVERTERS_22676.jpg|[object Object]"
"NEOSOLARINVERTERS22677","https://cdn.yellosolarhub.com/products/inversores/NEOSOLAR_INVERTERS_22677.jpg","https://cdn.yellosolarhub.com/products/inversores/NEOSOLAR_INVERTERS_22677.jpg|NEOSOLAR_INVERTERS_22677.jpg","imgs-index",100,6272,20,0,"https://cdn.yellosolarhub.com/products/inversores/NEOSOLAR_INVERTERS_22677.jpg|[object Object]"
"NEOSOLARINVERTERS22679","https://cdn.yellosolarhub.com/products/inversores/NEOSOLAR_INVERTERS_22679.jpg","https://cdn.yellosolarhub.com/products/inversores/NEOSOLAR_INVERTERS_22679.jpg|NEOSOLAR_INVERTERS_22679.jpg","imgs-index",100,4592.99,20,0,"https://cdn.yellosolarhub.com/products/inversores/NEOSOLAR_INVERTERS_22679.jpg|[object Object]"
"NEOSOLARINVERTERS22684","https://cdn.yellosolarhub.com/products/inversores/NEOSOLAR_INVERTERS_22684.jpg","https://cdn.yellosolarhub.com/products/inversores/NEOSOLAR_INVERTERS_22684.jpg|NEOSOLAR_INVERTERS_22684.jpg","imgs-index",100,11688.99,20,0,"https://cdn.yellosolarhub.com/products/inversores/NEOSOLAR_INVERTERS_22684.jpg|[object Object]"
"NEOSOLARINVERTERS22685","https://cdn.yellosolarhub.com/products/inversores/NEOSOLAR_INVERTERS_22685.jpg","https://cdn.yellosolarhub.com/products/inversores/NEOSOLAR_INVERTERS_22685.jpg|NEOSOLAR_INVERTERS_22685.jpg","imgs-index",100,491.49,20,0,"https://cdn.yellosolarhub.com/products/inversores/NEOSOLAR_INVERTERS_22685.jpg|[object Object]"
"NEOSOLARINVERTERS22689","https://cdn.yellosolarhub.com/products/inversores/NEOSOLAR_INVERTERS_22689.jpg","https://cdn.yellosolarhub.com/products/inversores/NEOSOLAR_INVERTERS_22689.jpg|NEOSOLAR_INVERTERS_22689.jpg","imgs-index",100,7323,20,0,"https://cdn.yellosolarhub.com/products/inversores/NEOSOLAR_INVERTERS_22689.jpg|[object Object]"
"NEOSOLARINVERTERS22690","https://cdn.yellosolarhub.com/products/inversores/NEOSOLAR_INVERTERS_22690.jpg","https://cdn.yellosolarhub.com/products/inversores/NEOSOLAR_INVERTERS_22690.jpg|NEOSOLAR_INVERTERS_22690.jpg","imgs-index",100,12203.49,20,0,"https://cdn.yellosolarhub.com/products/inversores/NEOSOLAR_INVERTERS_22690.jpg|[object Object]"
"NEOSOLARINVERTERS22691","https://cdn.yellosolarhub.com/products/inversores/NEOSOLAR_INVERTERS_22691.jpg","https://cdn.yellosolarhub.com/products/inversores/NEOSOLAR_INVERTERS_22691.jpg|NEOSOLAR_INVERTERS_22691.jpg","imgs-index",100,10232.49,20,0,"https://cdn.yellosolarhub.com/products/inversores/NEOSOLAR_INVERTERS_22691.jpg|[object Object]"
"NEOSOLARINVERTERS22692","https://cdn.yellosolarhub.com/products/inversores/NEOSOLAR_INVERTERS_22692.jpg","https://cdn.yellosolarhub.com/products/inversores/NEOSOLAR_INVERTERS_22692.jpg|NEOSOLAR_INVERTERS_22692.jpg","imgs-index",100,4380,20,0,"https://cdn.yellosolarhub.com/products/inversores/NEOSOLAR_INVERTERS_22692.jpg|[object Object]"
"NEOSOLARINVERTERS22714","https://cdn.yellosolarhub.com/products/inversores/neosolar_inverters_22714.jpg","https://cdn.yellosolarhub.com/products/inversores/neosolar_inverters_22714.jpg|neosolar_inverters_22714.jpg","imgs-index",100,7088.49,20,0,"https://cdn.yellosolarhub.com/products/inversores/neosolar_inverters_22714.jpg|[object Object]"
"NEOSOLARINVERTERS22734","https://cdn.yellosolarhub.com/products/inversores/neosolar_inverters_22734.jpg","https://cdn.yellosolarhub.com/products/inversores/neosolar_inverters_22734.jpg|neosolar_inverters_22734.jpg","imgs-index",100,4032.99,20,0,"https://cdn.yellosolarhub.com/products/inversores/neosolar_inverters_22734.jpg|[object Object]"
"NEOSOLARINVERTERS22921","https://cdn.yellosolarhub.com/products/inversores/neosolar_inverters_22921.jpg","https://cdn.yellosolarhub.com/products/inversores/neosolar_inverters_22921.jpg|neosolar_inverters_22921.jpg","imgs-index",100,9141.95,20,0,"https://cdn.yellosolarhub.com/products/inversores/neosolar_inverters_22921.jpg|[object Object]"
"NEOSOLARINVERTERS23309","https://cdn.yellosolarhub.com/products/inversores/neosolar_inverters_23309.jpg","https://cdn.yellosolarhub.com/products/inversores/neosolar_inverters_23309.jpg|neosolar_inverters_23309.jpg","imgs-index",100,5973.99,20,0,"https://cdn.yellosolarhub.com/products/inversores/neosolar_inverters_23309.jpg|[object Object]"
"NEOSOLARINVERTERS23782","https://cdn.yellosolarhub.com/products/inversores/neosolar_inverters_23782.jpg","https://cdn.yellosolarhub.com/products/inversores/neosolar_inverters_23782.jpg|neosolar_inverters_23782.jpg","imgs-index",100,1554.95,20,0,"https://cdn.yellosolarhub.com/products/inversores/neosolar_inverters_23782.jpg|[object Object]"
"NEOSOLARINVERTERS23783","https://cdn.yellosolarhub.com/products/inversores/neosolar_inverters_23783.jpg","https://cdn.yellosolarhub.com/products/inversores/neosolar_inverters_23783.jpg|neosolar_inverters_23783.jpg","imgs-index",100,7050.95,20,0,"https://cdn.yellosolarhub.com/products/inversores/neosolar_inverters_23783.jpg|[object Object]"
"NEOSOLARINVERTERS24825","https://cdn.yellosolarhub.com/products/inversores/neosolar_inverters_24825.jpg","https://cdn.yellosolarhub.com/products/inversores/neosolar_inverters_24825.jpg|neosolar_inverters_24825.jpg","imgs-index",100,8598.99,20,0,"https://cdn.yellosolarhub.com/products/inversores/neosolar_inverters_24825.jpg|[object Object]"
"NEOSOLARINVERTERS24870","https://cdn.yellosolarhub.com/products/inversores/neosolar_inverters_24870.jpg","https://cdn.yellosolarhub.com/products/inversores/neosolar_inverters_24870.jpg|neosolar_inverters_24870.jpg","imgs-index",100,12165,20,0,"https://cdn.yellosolarhub.com/products/inversores/neosolar_inverters_24870.jpg|[object Object]"
"NEOSOLARINVERTERS24872","https://cdn.yellosolarhub.com/products/inversores/neosolar_inverters_24872.jpg","https://cdn.yellosolarhub.com/products/inversores/neosolar_inverters_24872.jpg|neosolar_inverters_24872.jpg","imgs-index",100,11944.99,20,0,"https://cdn.yellosolarhub.com/products/inversores/neosolar_inverters_24872.jpg|[object Object]"
"NEOSOLARINVERTERS24874","https://cdn.yellosolarhub.com/products/inversores/neosolar_inverters_24874.jpg","https://cdn.yellosolarhub.com/products/inversores/neosolar_inverters_24874.jpg|neosolar_inverters_24874.jpg","imgs-index",100,5702.49,20,0,"https://cdn.yellosolarhub.com/products/inversores/neosolar_inverters_24874.jpg|[object Object]"
"NEOSOLARINVERTERS24876","https://cdn.yellosolarhub.com/products/inversores/neosolar_inverters_24876.jpg","https://cdn.yellosolarhub.com/products/inversores/neosolar_inverters_24876.jpg|neosolar_inverters_24876.jpg","imgs-index",100,5764,20,0,"https://cdn.yellosolarhub.com/products/inversores/neosolar_inverters_24876.jpg|[object Object]"
"NEOSOLARINVERTERS24877","https://cdn.yellosolarhub.com/products/inversores/neosolar_inverters_24877.jpg","https://cdn.yellosolarhub.com/products/inversores/neosolar_inverters_24877.jpg|neosolar_inverters_24877.jpg","imgs-index",100,11523,20,0,"https://cdn.yellosolarhub.com/products/inversores/neosolar_inverters_24877.jpg|[object Object]"
"NEOSOLARINVERTERS24878","https://cdn.yellosolarhub.com/products/inversores/neosolar_inverters_24878.jpg","https://cdn.yellosolarhub.com/products/inversores/neosolar_inverters_24878.jpg|neosolar_inverters_24878.jpg","imgs-index",100,4305.99,20,0,"https://cdn.yellosolarhub.com/products/inversores/neosolar_inverters_24878.jpg|[object Object]"
"NEOSOLARINVERTERS24972","https://cdn.yellosolarhub.com/products/inversores/neosolar_inverters_24972.jpg","https://cdn.yellosolarhub.com/products/inversores/neosolar_inverters_24972.jpg|neosolar_inverters_24972.jpg","imgs-index",100,11440.99,20,0,"https://cdn.yellosolarhub.com/products/inversores/neosolar_inverters_24972.jpg|[object Object]"
"NEOSOLARINVERTERS24973","https://cdn.yellosolarhub.com/products/inversores/neosolar_inverters_24973.jpg","https://cdn.yellosolarhub.com/products/inversores/neosolar_inverters_24973.jpg|neosolar_inverters_24973.jpg","imgs-index",100,5860.99,20,0,"https://cdn.yellosolarhub.com/products/inversores/neosolar_inverters_24973.jpg|[object Object]"
"NEOSOLARINVERTERS25046","https://cdn.yellosolarhub.com/products/inversores/NEOSOLAR_INVERTERS_25046.jpg","https://cdn.yellosolarhub.com/products/inversores/NEOSOLAR_INVERTERS_25046.jpg|NEOSOLAR_INVERTERS_25046.jpg","imgs-index",100,10377.99,20,0,"https://cdn.yellosolarhub.com/products/inversores/NEOSOLAR_INVERTERS_25046.jpg|[object Object]"
"NEOSOLARINVERTERS25050","https://cdn.yellosolarhub.com/products/inversores/NEOSOLAR_INVERTERS_25050.jpg","https://cdn.yellosolarhub.com/products/inversores/NEOSOLAR_INVERTERS_25050.jpg|NEOSOLAR_INVERTERS_25050.jpg","imgs-index",100,2576,20,0,"https://cdn.yellosolarhub.com/products/inversores/NEOSOLAR_INVERTERS_25050.jpg|[object Object]"
"NEOSOLARINVERTERS25055","https://cdn.yellosolarhub.com/products/inversores/NEOSOLAR_INVERTERS_25055.jpg","https://cdn.yellosolarhub.com/products/inversores/NEOSOLAR_INVERTERS_25055.jpg|NEOSOLAR_INVERTERS_25055.jpg","imgs-index",100,12285.95,20,0,"https://cdn.yellosolarhub.com/products/inversores/NEOSOLAR_INVERTERS_25055.jpg|[object Object]"
"NEOSOLARINVERTERS26628","https://cdn.yellosolarhub.com/products/inversores/NEOSOLAR_INVERTERS_26628.jpg","https://cdn.yellosolarhub.com/products/inversores/NEOSOLAR_INVERTERS_26628.jpg|NEOSOLAR_INVERTERS_26628.jpg","imgs-index",100,10708.99,20,0,"https://cdn.yellosolarhub.com/products/inversores/NEOSOLAR_INVERTERS_26628.jpg|[object Object]"
"NEOSOLARINVERTERS26630","https://cdn.yellosolarhub.com/products/inversores/NEOSOLAR_INVERTERS_26630.jpg","https://cdn.yellosolarhub.com/products/inversores/NEOSOLAR_INVERTERS_26630.jpg|NEOSOLAR_INVERTERS_26630.jpg","imgs-index",100,7978.99,20,0,"https://cdn.yellosolarhub.com/products/inversores/NEOSOLAR_INVERTERS_26630.jpg|[object Object]"
"NEOSOLARINVERTERS26657","https://cdn.yellosolarhub.com/products/inversores/NEOSOLAR_INVERTERS_26657.jpg","https://cdn.yellosolarhub.com/products/inversores/NEOSOLAR_INVERTERS_26657.jpg|NEOSOLAR_INVERTERS_26657.jpg","imgs-index",100,3002.99,20,0,"https://cdn.yellosolarhub.com/products/inversores/NEOSOLAR_INVERTERS_26657.jpg|[object Object]"
"NEOSOLARINVERTERS26669","https://cdn.yellosolarhub.com/products/inversores/NEOSOLAR_INVERTERS_26669.jpg","https://cdn.yellosolarhub.com/products/inversores/NEOSOLAR_INVERTERS_26669.jpg|NEOSOLAR_INVERTERS_26669.jpg","imgs-index",100,2598.95,20,0,"https://cdn.yellosolarhub.com/products/inversores/NEOSOLAR_INVERTERS_26669.jpg|[object Object]"
"NEOSOLARINVERTERS26673","https://cdn.yellosolarhub.com/products/inversores/NEOSOLAR_INVERTERS_26673.jpg","https://cdn.yellosolarhub.com/products/inversores/NEOSOLAR_INVERTERS_26673.jpg|NEOSOLAR_INVERTERS_26673.jpg","imgs-index",100,2199,20,0,"https://cdn.yellosolarhub.com/products/inversores/NEOSOLAR_INVERTERS_26673.jpg|[object Object]"
"NEOSOLARINVERTERS26674","https://cdn.yellosolarhub.com/products/inversores/NEOSOLAR_INVERTERS_26674.jpg","https://cdn.yellosolarhub.com/products/inversores/NEOSOLAR_INVERTERS_26674.jpg|NEOSOLAR_INVERTERS_26674.jpg","imgs-index",100,8229.95,20,0,"https://cdn.yellosolarhub.com/products/inversores/NEOSOLAR_INVERTERS_26674.jpg|[object Object]"
"NEOSOLARINVERTERS26675","https://cdn.yellosolarhub.com/products/inversores/NEOSOLAR_INVERTERS_26675.jpg","https://cdn.yellosolarhub.com/products/inversores/NEOSOLAR_INVERTERS_26675.jpg|NEOSOLAR_INVERTERS_26675.jpg","imgs-index",100,3910.99,20,0,"https://cdn.yellosolarhub.com/products/inversores/NEOSOLAR_INVERTERS_26675.jpg|[object Object]"
"NEOSOLARINVERTERS26689","https://cdn.yellosolarhub.com/products/inversores/NEOSOLAR_INVERTERS_26689.jpg","https://cdn.yellosolarhub.com/products/inversores/NEOSOLAR_INVERTERS_26689.jpg|NEOSOLAR_INVERTERS_26689.jpg","imgs-index",100,6497,20,0,"https://cdn.yellosolarhub.com/products/inversores/NEOSOLAR_INVERTERS_26689.jpg|[object Object]"
"NEOSOLARINVERTERS26690","https://cdn.yellosolarhub.com/products/inversores/NEOSOLAR_INVERTERS_26690.jpg","https://cdn.yellosolarhub.com/products/inversores/NEOSOLAR_INVERTERS_26690.jpg|NEOSOLAR_INVERTERS_26690.jpg","imgs-index",100,8160.99,20,0,"https://cdn.yellosolarhub.com/products/inversores/NEOSOLAR_INVERTERS_26690.jpg|[object Object]"
"NEOSOLARINVERTERS26691","https://cdn.yellosolarhub.com/products/inversores/NEOSOLAR_INVERTERS_26691.jpg","https://cdn.yellosolarhub.com/products/inversores/NEOSOLAR_INVERTERS_26691.jpg|NEOSOLAR_INVERTERS_26691.jpg","imgs-index",100,8102,20,0,"https://cdn.yellosolarhub.com/products/inversores/NEOSOLAR_INVERTERS_26691.jpg|[object Object]"
"NEOSOLARINVERTERS26692","https://cdn.yellosolarhub.com/products/inversores/NEOSOLAR_INVERTERS_26692.jpg","https://cdn.yellosolarhub.com/products/inversores/NEOSOLAR_INVERTERS_26692.jpg|NEOSOLAR_INVERTERS_26692.jpg","imgs-index",100,8679,20,0,"https://cdn.yellosolarhub.com/products/inversores/NEOSOLAR_INVERTERS_26692.jpg|[object Object]"
"NEOSOLARINVERTERS26693","https://cdn.yellosolarhub.com/products/inversores/NEOSOLAR_INVERTERS_26693.jpg","https://cdn.yellosolarhub.com/products/inversores/NEOSOLAR_INVERTERS_26693.jpg|NEOSOLAR_INVERTERS_26693.jpg","imgs-index",100,7954.99,20,0,"https://cdn.yellosolarhub.com/products/inversores/NEOSOLAR_INVERTERS_26693.jpg|[object Object]"
"NEOSOLARINVERTERS26753","https://cdn.yellosolarhub.com/products/inversores/NEOSOLAR_INVERTERS_26753.jpg","https://cdn.yellosolarhub.com/products/inversores/NEOSOLAR_INVERTERS_26753.jpg|NEOSOLAR_INVERTERS_26753.jpg","imgs-index",100,3435,20,0,"https://cdn.yellosolarhub.com/products/inversores/NEOSOLAR_INVERTERS_26753.jpg|[object Object]"
"NEOSOLARINVERTERS26754","https://cdn.yellosolarhub.com/products/inversores/NEOSOLAR_INVERTERS_26754.jpg","https://cdn.yellosolarhub.com/products/inversores/NEOSOLAR_INVERTERS_26754.jpg|NEOSOLAR_INVERTERS_26754.jpg","imgs-index",100,1172.99,20,0,"https://cdn.yellosolarhub.com/products/inversores/NEOSOLAR_INVERTERS_26754.jpg|[object Object]"
"NEOSOLARINVERTERS26755","https://cdn.yellosolarhub.com/products/inversores/NEOSOLAR_INVERTERS_26755.jpg","https://cdn.yellosolarhub.com/products/inversores/NEOSOLAR_INVERTERS_26755.jpg|NEOSOLAR_INVERTERS_26755.jpg","imgs-index",100,5053.99,20,0,"https://cdn.yellosolarhub.com/products/inversores/NEOSOLAR_INVERTERS_26755.jpg|[object Object]"
"NEOSOLARINVERTERS26765","https://cdn.yellosolarhub.com/products/inversores/NEOSOLAR_INVERTERS_26765.jpg","https://cdn.yellosolarhub.com/products/inversores/NEOSOLAR_INVERTERS_26765.jpg|NEOSOLAR_INVERTERS_26765.jpg","imgs-index",100,7255,20,0,"https://cdn.yellosolarhub.com/products/inversores/NEOSOLAR_INVERTERS_26765.jpg|[object Object]"
"NEOSOLARINVERTERS26766","https://cdn.yellosolarhub.com/products/inversores/NEOSOLAR_INVERTERS_26766.jpg","https://cdn.yellosolarhub.com/products/inversores/NEOSOLAR_INVERTERS_26766.jpg|NEOSOLAR_INVERTERS_26766.jpg","imgs-index",100,9138,20,0,"https://cdn.yellosolarhub.com/products/inversores/NEOSOLAR_INVERTERS_26766.jpg|[object Object]"
"NEOSOLARINVERTERS26767","https://cdn.yellosolarhub.com/products/inversores/NEOSOLAR_INVERTERS_26767.jpg","https://cdn.yellosolarhub.com/products/inversores/NEOSOLAR_INVERTERS_26767.jpg|NEOSOLAR_INVERTERS_26767.jpg","imgs-index",100,8698.99,20,0,"https://cdn.yellosolarhub.com/products/inversores/NEOSOLAR_INVERTERS_26767.jpg|[object Object]"
"NEOSOLARINVERTERS26768","https://cdn.yellosolarhub.com/products/inversores/NEOSOLAR_INVERTERS_26768.jpg","https://cdn.yellosolarhub.com/products/inversores/NEOSOLAR_INVERTERS_26768.jpg|NEOSOLAR_INVERTERS_26768.jpg","imgs-index",100,11114.99,20,0,"https://cdn.yellosolarhub.com/products/inversores/NEOSOLAR_INVERTERS_26768.jpg|[object Object]"
"NEOSOLARINVERTERS26783","https://cdn.yellosolarhub.com/products/inversores/NEOSOLAR_INVERTERS_26783.jpg","https://cdn.yellosolarhub.com/products/inversores/NEOSOLAR_INVERTERS_26783.jpg|NEOSOLAR_INVERTERS_26783.jpg","imgs-index",100,2370.99,20,0,"https://cdn.yellosolarhub.com/products/inversores/NEOSOLAR_INVERTERS_26783.jpg|[object Object]"
"NEOSOLARINVERTERS26785","https://cdn.yellosolarhub.com/products/inversores/NEOSOLAR_INVERTERS_26785.jpg","https://cdn.yellosolarhub.com/products/inversores/NEOSOLAR_INVERTERS_26785.jpg|NEOSOLAR_INVERTERS_26785.jpg","imgs-index",100,6584.49,20,0,"https://cdn.yellosolarhub.com/products/inversores/NEOSOLAR_INVERTERS_26785.jpg|[object Object]"
"NEOSOLARINVERTERS26795","https://cdn.yellosolarhub.com/products/inversores/NEOSOLAR_INVERTERS_26795.jpg","https://cdn.yellosolarhub.com/products/inversores/NEOSOLAR_INVERTERS_26795.jpg|NEOSOLAR_INVERTERS_26795.jpg","imgs-index",100,10077.95,20,0,"https://cdn.yellosolarhub.com/products/inversores/NEOSOLAR_INVERTERS_26795.jpg|[object Object]"
"NEOSOLARINVERTERS26799","https://cdn.yellosolarhub.com/products/inversores/NEOSOLAR_INVERTERS_26799.jpg","https://cdn.yellosolarhub.com/products/inversores/NEOSOLAR_INVERTERS_26799.jpg|NEOSOLAR_INVERTERS_26799.jpg","imgs-index",100,1020.95,20,0,"https://cdn.yellosolarhub.com/products/inversores/NEOSOLAR_INVERTERS_26799.jpg|[object Object]"
"NEOSOLARINVERTERS26815","https://cdn.yellosolarhub.com/products/inversores/NEOSOLAR_INVERTERS_26815.jpg","https://cdn.yellosolarhub.com/products/inversores/NEOSOLAR_INVERTERS_26815.jpg|NEOSOLAR_INVERTERS_26815.jpg","imgs-index",100,10261.95,20,0,"https://cdn.yellosolarhub.com/products/inversores/NEOSOLAR_INVERTERS_26815.jpg|[object Object]"
"NEOSOLARINVERTERS26816","https://cdn.yellosolarhub.com/products/inversores/NEOSOLAR_INVERTERS_26816.jpg","https://cdn.yellosolarhub.com/products/inversores/NEOSOLAR_INVERTERS_26816.jpg|NEOSOLAR_INVERTERS_26816.jpg","imgs-index",100,3338.95,20,0,"https://cdn.yellosolarhub.com/products/inversores/NEOSOLAR_INVERTERS_26816.jpg|[object Object]"
"NEOSOLARINVERTERS26817","https://cdn.yellosolarhub.com/products/inversores/NEOSOLAR_INVERTERS_26817.jpg","https://cdn.yellosolarhub.com/products/inversores/NEOSOLAR_INVERTERS_26817.jpg|NEOSOLAR_INVERTERS_26817.jpg","imgs-index",100,2357.99,20,0,"https://cdn.yellosolarhub.com/products/inversores/NEOSOLAR_INVERTERS_26817.jpg|[object Object]"
"NEOSOLARINVERTERS26845","https://cdn.yellosolarhub.com/products/inversores/NEOSOLAR_INVERTERS_26845.jpg","https://cdn.yellosolarhub.com/products/inversores/NEOSOLAR_INVERTERS_26845.jpg|NEOSOLAR_INVERTERS_26845.jpg","imgs-index",100,1848.99,20,0,"https://cdn.yellosolarhub.com/products/inversores/NEOSOLAR_INVERTERS_26845.jpg|[object Object]"
"NEOSOLARINVERTERS26846","https://cdn.yellosolarhub.com/products/inversores/NEOSOLAR_INVERTERS_26846.jpg","https://cdn.yellosolarhub.com/products/inversores/NEOSOLAR_INVERTERS_26846.jpg|NEOSOLAR_INVERTERS_26846.jpg","imgs-index",100,8280.99,20,0,"https://cdn.yellosolarhub.com/products/inversores/NEOSOLAR_INVERTERS_26846.jpg|[object Object]"
"NEOSOLARINVERTERS26847","https://cdn.yellosolarhub.com/products/inversores/NEOSOLAR_INVERTERS_26847.jpg","https://cdn.yellosolarhub.com/products/inversores/NEOSOLAR_INVERTERS_26847.jpg|NEOSOLAR_INVERTERS_26847.jpg","imgs-index",100,7924.95,20,0,"https://cdn.yellosolarhub.com/products/inversores/NEOSOLAR_INVERTERS_26847.jpg|[object Object]"
"NEOSOLARINVERTERS26848","https://cdn.yellosolarhub.com/products/inversores/NEOSOLAR_INVERTERS_26848.jpg","https://cdn.yellosolarhub.com/products/inversores/NEOSOLAR_INVERTERS_26848.jpg|NEOSOLAR_INVERTERS_26848.jpg","imgs-index",100,12116.49,20,0,"https://cdn.yellosolarhub.com/products/inversores/NEOSOLAR_INVERTERS_26848.jpg|[object Object]"
"NEOSOLARINVERTERS26849","https://cdn.yellosolarhub.com/products/inversores/NEOSOLAR_INVERTERS_26849.jpg","https://cdn.yellosolarhub.com/products/inversores/NEOSOLAR_INVERTERS_26849.jpg|NEOSOLAR_INVERTERS_26849.jpg","imgs-index",100,1850.99,20,0,"https://cdn.yellosolarhub.com/products/inversores/NEOSOLAR_INVERTERS_26849.jpg|[object Object]"
"NEOSOLARINVERTERS26857","https://cdn.yellosolarhub.com/products/inversores/NEOSOLAR_INVERTERS_26857.jpg","https://cdn.yellosolarhub.com/products/inversores/NEOSOLAR_INVERTERS_26857.jpg|NEOSOLAR_INVERTERS_26857.jpg","imgs-index",100,7767,20,0,"https://cdn.yellosolarhub.com/products/inversores/NEOSOLAR_INVERTERS_26857.jpg|[object Object]"
"NEOSOLARINVERTERS26858","https://cdn.yellosolarhub.com/products/inversores/NEOSOLAR_INVERTERS_26858.jpg","https://cdn.yellosolarhub.com/products/inversores/NEOSOLAR_INVERTERS_26858.jpg|NEOSOLAR_INVERTERS_26858.jpg","imgs-index",100,10134.99,20,0,"https://cdn.yellosolarhub.com/products/inversores/NEOSOLAR_INVERTERS_26858.jpg|[object Object]"
"NEOSOLARINVERTERS26859","https://cdn.yellosolarhub.com/products/inversores/NEOSOLAR_INVERTERS_26859.jpg","https://cdn.yellosolarhub.com/products/inversores/NEOSOLAR_INVERTERS_26859.jpg|NEOSOLAR_INVERTERS_26859.jpg","imgs-index",100,7113.99,20,0,"https://cdn.yellosolarhub.com/products/inversores/NEOSOLAR_INVERTERS_26859.jpg|[object Object]"
"NEOSOLARINVERTERS26860","https://cdn.yellosolarhub.com/products/inversores/NEOSOLAR_INVERTERS_26860.jpg","https://cdn.yellosolarhub.com/products/inversores/NEOSOLAR_INVERTERS_26860.jpg|NEOSOLAR_INVERTERS_26860.jpg","imgs-index",100,5007,20,0,"https://cdn.yellosolarhub.com/products/inversores/NEOSOLAR_INVERTERS_26860.jpg|[object Object]"
"NEOSOLARINVERTERS26861","https://cdn.yellosolarhub.com/products/inversores/NEOSOLAR_INVERTERS_26861.jpg","https://cdn.yellosolarhub.com/products/inversores/NEOSOLAR_INVERTERS_26861.jpg|NEOSOLAR_INVERTERS_26861.jpg","imgs-index",100,2372.95,20,0,"https://cdn.yellosolarhub.com/products/inversores/NEOSOLAR_INVERTERS_26861.jpg|[object Object]"
"NEOSOLARINVERTERS26922","https://cdn.yellosolarhub.com/products/inversores/NEOSOLAR_INVERTERS_26922.jpg","https://cdn.yellosolarhub.com/products/inversores/NEOSOLAR_INVERTERS_26922.jpg|NEOSOLAR_INVERTERS_26922.jpg","imgs-index",100,7780.99,20,0,"https://cdn.yellosolarhub.com/products/inversores/NEOSOLAR_INVERTERS_26922.jpg|[object Object]"
"NEOSOLARINVERTERS26923","https://cdn.yellosolarhub.com/products/inversores/NEOSOLAR_INVERTERS_26923.jpg","https://cdn.yellosolarhub.com/products/inversores/NEOSOLAR_INVERTERS_26923.jpg|NEOSOLAR_INVERTERS_26923.jpg","imgs-index",100,5821.99,20,0,"https://cdn.yellosolarhub.com/products/inversores/NEOSOLAR_INVERTERS_26923.jpg|[object Object]"
"NEOSOLARINVERTERS26924","https://cdn.yellosolarhub.com/products/inversores/NEOSOLAR_INVERTERS_26924.jpg","https://cdn.yellosolarhub.com/products/inversores/NEOSOLAR_INVERTERS_26924.jpg|NEOSOLAR_INVERTERS_26924.jpg","imgs-index",100,4725,20,0,"https://cdn.yellosolarhub.com/products/inversores/NEOSOLAR_INVERTERS_26924.jpg|[object Object]"
"NEOSOLARINVERTERS26927","https://cdn.yellosolarhub.com/products/inversores/NEOSOLAR_INVERTERS_26927.jpg","https://cdn.yellosolarhub.com/products/inversores/NEOSOLAR_INVERTERS_26927.jpg|NEOSOLAR_INVERTERS_26927.jpg","imgs-index",100,8559.95,20,0,"https://cdn.yellosolarhub.com/products/inversores/NEOSOLAR_INVERTERS_26927.jpg|[object Object]"
"NEOSOLARINVERTERS26929","https://cdn.yellosolarhub.com/products/inversores/NEOSOLAR_INVERTERS_26929.jpg","https://cdn.yellosolarhub.com/products/inversores/NEOSOLAR_INVERTERS_26929.jpg|NEOSOLAR_INVERTERS_26929.jpg","imgs-index",100,9139.95,20,0,"https://cdn.yellosolarhub.com/products/inversores/NEOSOLAR_INVERTERS_26929.jpg|[object Object]"
"NEOSOLARINVERTERS26930","https://cdn.yellosolarhub.com/products/inversores/NEOSOLAR_INVERTERS_26930.jpg","https://cdn.yellosolarhub.com/products/inversores/NEOSOLAR_INVERTERS_26930.jpg|NEOSOLAR_INVERTERS_26930.jpg","imgs-index",100,12363.49,20,0,"https://cdn.yellosolarhub.com/products/inversores/NEOSOLAR_INVERTERS_26930.jpg|[object Object]"
"NEOSOLARINVERTERS26931","https://cdn.yellosolarhub.com/products/inversores/NEOSOLAR_INVERTERS_26931.jpg","https://cdn.yellosolarhub.com/products/inversores/NEOSOLAR_INVERTERS_26931.jpg|NEOSOLAR_INVERTERS_26931.jpg","imgs-index",100,2411.95,20,0,"https://cdn.yellosolarhub.com/products/inversores/NEOSOLAR_INVERTERS_26931.jpg|[object Object]"
"NEOSOLARINVERTERS26934","https://cdn.yellosolarhub.com/products/inversores/NEOSOLAR_INVERTERS_26934.jpg","https://cdn.yellosolarhub.com/products/inversores/NEOSOLAR_INVERTERS_26934.jpg|NEOSOLAR_INVERTERS_26934.jpg","imgs-index",100,3285.95,20,0,"https://cdn.yellosolarhub.com/products/inversores/NEOSOLAR_INVERTERS_26934.jpg|[object Object]"
"NEOSOLARINVERTERS26936","https://cdn.yellosolarhub.com/products/inversores/NEOSOLAR_INVERTERS_26936.jpg","https://cdn.yellosolarhub.com/products/inversores/NEOSOLAR_INVERTERS_26936.jpg|NEOSOLAR_INVERTERS_26936.jpg","imgs-index",100,5368.99,20,0,"https://cdn.yellosolarhub.com/products/inversores/NEOSOLAR_INVERTERS_26936.jpg|[object Object]"
"NEOSOLARINVERTERS26937","https://cdn.yellosolarhub.com/products/inversores/NEOSOLAR_INVERTERS_26937.jpg","https://cdn.yellosolarhub.com/products/inversores/NEOSOLAR_INVERTERS_26937.jpg|NEOSOLAR_INVERTERS_26937.jpg","imgs-index",100,609,20,0,"https://cdn.yellosolarhub.com/products/inversores/NEOSOLAR_INVERTERS_26937.jpg|[object Object]"
"NEOSOLARINVERTERS26938","https://cdn.yellosolarhub.com/products/inversores/NEOSOLAR_INVERTERS_26938.jpg","https://cdn.yellosolarhub.com/products/inversores/NEOSOLAR_INVERTERS_26938.jpg|NEOSOLAR_INVERTERS_26938.jpg","imgs-index",100,9059.99,20,0,"https://cdn.yellosolarhub.com/products/inversores/NEOSOLAR_INVERTERS_26938.jpg|[object Object]"
"NEOSOLARINVERTERS26941","https://cdn.yellosolarhub.com/products/inversores/NEOSOLAR_INVERTERS_26941.jpg","https://cdn.yellosolarhub.com/products/inversores/NEOSOLAR_INVERTERS_26941.jpg|NEOSOLAR_INVERTERS_26941.jpg","imgs-index",100,3514.99,20,0,"https://cdn.yellosolarhub.com/products/inversores/NEOSOLAR_INVERTERS_26941.jpg|[object Object]"
"NEOSOLARINVERTERS26943","https://cdn.yellosolarhub.com/products/inversores/NEOSOLAR_INVERTERS_26943.jpg","https://cdn.yellosolarhub.com/products/inversores/NEOSOLAR_INVERTERS_26943.jpg|NEOSOLAR_INVERTERS_26943.jpg","imgs-index",100,4364.99,20,0,"https://cdn.yellosolarhub.com/products/inversores/NEOSOLAR_INVERTERS_26943.jpg|[object Object]"
"NEOSOLARINVERTERS26944","https://cdn.yellosolarhub.com/products/inversores/NEOSOLAR_INVERTERS_26944.jpg","https://cdn.yellosolarhub.com/products/inversores/NEOSOLAR_INVERTERS_26944.jpg|NEOSOLAR_INVERTERS_26944.jpg","imgs-index",100,10070.99,20,0,"https://cdn.yellosolarhub.com/products/inversores/NEOSOLAR_INVERTERS_26944.jpg|[object Object]"
"NEOSOLARINVERTERS26945","https://cdn.yellosolarhub.com/products/inversores/NEOSOLAR_INVERTERS_26945.jpg","https://cdn.yellosolarhub.com/products/inversores/NEOSOLAR_INVERTERS_26945.jpg|NEOSOLAR_INVERTERS_26945.jpg","imgs-index",100,4553.95,20,0,"https://cdn.yellosolarhub.com/products/inversores/NEOSOLAR_INVERTERS_26945.jpg|[object Object]"
"NEOSOLARINVERTERS26948","https://cdn.yellosolarhub.com/products/inversores/NEOSOLAR_INVERTERS_26948.jpg","https://cdn.yellosolarhub.com/products/inversores/NEOSOLAR_INVERTERS_26948.jpg|NEOSOLAR_INVERTERS_26948.jpg","imgs-index",100,11762.99,20,0,"https://cdn.yellosolarhub.com/products/inversores/NEOSOLAR_INVERTERS_26948.jpg|[object Object]"
"NEOSOLARINVERTERS27091","https://cdn.yellosolarhub.com/products/inversores/NEOSOLAR_INVERTERS_27091.jpg","https://cdn.yellosolarhub.com/products/inversores/NEOSOLAR_INVERTERS_27091.jpg|NEOSOLAR_INVERTERS_27091.jpg","imgs-index",100,1666.95,20,0,"https://cdn.yellosolarhub.com/products/inversores/NEOSOLAR_INVERTERS_27091.jpg|[object Object]"
"NEOSOLARINVERTERS27093","https://cdn.yellosolarhub.com/products/inversores/NEOSOLAR_INVERTERS_27093.jpg","https://cdn.yellosolarhub.com/products/inversores/NEOSOLAR_INVERTERS_27093.jpg|NEOSOLAR_INVERTERS_27093.jpg","imgs-index",100,12204.49,20,0,"https://cdn.yellosolarhub.com/products/inversores/NEOSOLAR_INVERTERS_27093.jpg|[object Object]"
"NEOSOLARINVERTERS27128","https://cdn.yellosolarhub.com/products/inversores/NEOSOLAR_INVERTERS_27128.jpg","https://cdn.yellosolarhub.com/products/inversores/NEOSOLAR_INVERTERS_27128.jpg|NEOSOLAR_INVERTERS_27128.jpg","imgs-index",100,2317.95,20,0,"https://cdn.yellosolarhub.com/products/inversores/NEOSOLAR_INVERTERS_27128.jpg|[object Object]"
"NEOSOLARINVERTERS27130","https://cdn.yellosolarhub.com/products/inversores/NEOSOLAR_INVERTERS_27130.jpg","https://cdn.yellosolarhub.com/products/inversores/NEOSOLAR_INVERTERS_27130.jpg|NEOSOLAR_INVERTERS_27130.jpg","imgs-index",100,8970,20,0,"https://cdn.yellosolarhub.com/products/inversores/NEOSOLAR_INVERTERS_27130.jpg|[object Object]"
"NEOSOLARINVERTERS27131","https://cdn.yellosolarhub.com/products/inversores/NEOSOLAR_INVERTERS_27131.jpg","https://cdn.yellosolarhub.com/products/inversores/NEOSOLAR_INVERTERS_27131.jpg|NEOSOLAR_INVERTERS_27131.jpg","imgs-index",100,10366.99,20,0,"https://cdn.yellosolarhub.com/products/inversores/NEOSOLAR_INVERTERS_27131.jpg|[object Object]"
"NEOSOLARINVERTERS27134","https://cdn.yellosolarhub.com/products/inversores/NEOSOLAR_INVERTERS_27134.jpg","https://cdn.yellosolarhub.com/products/inversores/NEOSOLAR_INVERTERS_27134.jpg|NEOSOLAR_INVERTERS_27134.jpg","imgs-index",100,9927,20,0,"https://cdn.yellosolarhub.com/products/inversores/NEOSOLAR_INVERTERS_27134.jpg|[object Object]"
"NEOSOLARINVERTERS27136","https://cdn.yellosolarhub.com/products/inversores/NEOSOLAR_INVERTERS_27136.jpg","https://cdn.yellosolarhub.com/products/inversores/NEOSOLAR_INVERTERS_27136.jpg|NEOSOLAR_INVERTERS_27136.jpg","imgs-index",100,5262,20,0,"https://cdn.yellosolarhub.com/products/inversores/NEOSOLAR_INVERTERS_27136.jpg|[object Object]"
"NEOSOLARINVERTERS27137","https://cdn.yellosolarhub.com/products/inversores/NEOSOLAR_INVERTERS_27137.jpg","https://cdn.yellosolarhub.com/products/inversores/NEOSOLAR_INVERTERS_27137.jpg|NEOSOLAR_INVERTERS_27137.jpg","imgs-index",100,2286.95,20,0,"https://cdn.yellosolarhub.com/products/inversores/NEOSOLAR_INVERTERS_27137.jpg|[object Object]"
"NEOSOLARINVERTERS27141","https://cdn.yellosolarhub.com/products/inversores/NEOSOLAR_INVERTERS_27141.jpg","https://cdn.yellosolarhub.com/products/inversores/NEOSOLAR_INVERTERS_27141.jpg|NEOSOLAR_INVERTERS_27141.jpg","imgs-index",100,4611.99,20,0,"https://cdn.yellosolarhub.com/products/inversores/NEOSOLAR_INVERTERS_27141.jpg|[object Object]"
"NEOSOLARINVERTERS27146","https://cdn.yellosolarhub.com/products/inversores/NEOSOLAR_INVERTERS_27146.jpg","https://cdn.yellosolarhub.com/products/inversores/NEOSOLAR_INVERTERS_27146.jpg|NEOSOLAR_INVERTERS_27146.jpg","imgs-index",100,3105,20,0,"https://cdn.yellosolarhub.com/products/inversores/NEOSOLAR_INVERTERS_27146.jpg|[object Object]"
"NEOSOLARINVERTERS27149","https://cdn.yellosolarhub.com/products/inversores/NEOSOLAR_INVERTERS_27149.jpg","https://cdn.yellosolarhub.com/products/inversores/NEOSOLAR_INVERTERS_27149.jpg|NEOSOLAR_INVERTERS_27149.jpg","imgs-index",100,11440,20,0,"https://cdn.yellosolarhub.com/products/inversores/NEOSOLAR_INVERTERS_27149.jpg|[object Object]"
"NEOSOLARINVERTERS27150","https://cdn.yellosolarhub.com/products/inversores/NEOSOLAR_INVERTERS_27150.jpg","https://cdn.yellosolarhub.com/products/inversores/NEOSOLAR_INVERTERS_27150.jpg|NEOSOLAR_INVERTERS_27150.jpg","imgs-index",100,6408.99,20,0,"https://cdn.yellosolarhub.com/products/inversores/NEOSOLAR_INVERTERS_27150.jpg|[object Object]"
"NEOSOLARINVERTERS27152","https://cdn.yellosolarhub.com/products/inversores/NEOSOLAR_INVERTERS_27152.jpg","https://cdn.yellosolarhub.com/products/inversores/NEOSOLAR_INVERTERS_27152.jpg|NEOSOLAR_INVERTERS_27152.jpg","imgs-index",100,12263.49,20,0,"https://cdn.yellosolarhub.com/products/inversores/NEOSOLAR_INVERTERS_27152.jpg|[object Object]"
"NEOSOLARINVERTERS27153","https://cdn.yellosolarhub.com/products/inversores/NEOSOLAR_INVERTERS_27153.jpg","https://cdn.yellosolarhub.com/products/inversores/NEOSOLAR_INVERTERS_27153.jpg|NEOSOLAR_INVERTERS_27153.jpg","imgs-index",100,6648,20,0,"https://cdn.yellosolarhub.com/products/inversores/NEOSOLAR_INVERTERS_27153.jpg|[object Object]"
"NEOSOLARINVERTERS27156","https://cdn.yellosolarhub.com/products/inversores/NEOSOLAR_INVERTERS_27156.jpg","https://cdn.yellosolarhub.com/products/inversores/NEOSOLAR_INVERTERS_27156.jpg|NEOSOLAR_INVERTERS_27156.jpg","imgs-index",100,2157,20,0,"https://cdn.yellosolarhub.com/products/inversores/NEOSOLAR_INVERTERS_27156.jpg|[object Object]"
"NEOSOLARINVERTERS27157","https://cdn.yellosolarhub.com/products/inversores/NEOSOLAR_INVERTERS_27157.jpg","https://cdn.yellosolarhub.com/products/inversores/NEOSOLAR_INVERTERS_27157.jpg|NEOSOLAR_INVERTERS_27157.jpg","imgs-index",100,7391.95,20,0,"https://cdn.yellosolarhub.com/products/inversores/NEOSOLAR_INVERTERS_27157.jpg|[object Object]"
"NEOSOLARINVERTERS27160","https://cdn.yellosolarhub.com/products/inversores/NEOSOLAR_INVERTERS_27160.jpg","https://cdn.yellosolarhub.com/products/inversores/NEOSOLAR_INVERTERS_27160.jpg|NEOSOLAR_INVERTERS_27160.jpg","imgs-index",100,9630.99,20,0,"https://cdn.yellosolarhub.com/products/inversores/NEOSOLAR_INVERTERS_27160.jpg|[object Object]"
"NEOSOLARINVERTERS27161","https://cdn.yellosolarhub.com/products/inversores/NEOSOLAR_INVERTERS_27161.jpg","https://cdn.yellosolarhub.com/products/inversores/NEOSOLAR_INVERTERS_27161.jpg|NEOSOLAR_INVERTERS_27161.jpg","imgs-index",100,6814,20,0,"https://cdn.yellosolarhub.com/products/inversores/NEOSOLAR_INVERTERS_27161.jpg|[object Object]"
"NEOSOLARINVERTERS27162","https://cdn.yellosolarhub.com/products/inversores/NEOSOLAR_INVERTERS_27162.jpg","https://cdn.yellosolarhub.com/products/inversores/NEOSOLAR_INVERTERS_27162.jpg|NEOSOLAR_INVERTERS_27162.jpg","imgs-index",100,12509.99,20,0,"https://cdn.yellosolarhub.com/products/inversores/NEOSOLAR_INVERTERS_27162.jpg|[object Object]"
"NEOSOLARINVERTERS27163","https://cdn.yellosolarhub.com/products/inversores/NEOSOLAR_INVERTERS_27163.jpg","https://cdn.yellosolarhub.com/products/inversores/NEOSOLAR_INVERTERS_27163.jpg|NEOSOLAR_INVERTERS_27163.jpg","imgs-index",100,9719.95,20,0,"https://cdn.yellosolarhub.com/products/inversores/NEOSOLAR_INVERTERS_27163.jpg|[object Object]"
"NEOSOLARINVERTERS27166","https://cdn.yellosolarhub.com/products/inversores/NEOSOLAR_INVERTERS_27166.jpg","https://cdn.yellosolarhub.com/products/inversores/NEOSOLAR_INVERTERS_27166.jpg|NEOSOLAR_INVERTERS_27166.jpg","imgs-index",100,8528.99,20,0,"https://cdn.yellosolarhub.com/products/inversores/NEOSOLAR_INVERTERS_27166.jpg|[object Object]"
"NEOSOLARINVERTERS27167","https://cdn.yellosolarhub.com/products/inversores/NEOSOLAR_INVERTERS_27167.jpg","https://cdn.yellosolarhub.com/products/inversores/NEOSOLAR_INVERTERS_27167.jpg|NEOSOLAR_INVERTERS_27167.jpg","imgs-index",100,7522,20,0,"https://cdn.yellosolarhub.com/products/inversores/NEOSOLAR_INVERTERS_27167.jpg|[object Object]"
"NEOSOLARINVERTERS27171","https://cdn.yellosolarhub.com/products/inversores/NEOSOLAR_INVERTERS_27171.jpg","https://cdn.yellosolarhub.com/products/inversores/NEOSOLAR_INVERTERS_27171.jpg|NEOSOLAR_INVERTERS_27171.jpg","imgs-index",100,10122.99,20,0,"https://cdn.yellosolarhub.com/products/inversores/NEOSOLAR_INVERTERS_27171.jpg|[object Object]"
"NEOSOLARINVERTERS27401","https://cdn.yellosolarhub.com/products/inversores/NEOSOLAR_INVERTERS_27401.jpg","https://cdn.yellosolarhub.com/products/inversores/NEOSOLAR_INVERTERS_27401.jpg|NEOSOLAR_INVERTERS_27401.jpg","imgs-index",100,7757.99,20,0,"https://cdn.yellosolarhub.com/products/inversores/NEOSOLAR_INVERTERS_27401.jpg|[object Object]"
"NEOSOLARINVERTERS27406","https://cdn.yellosolarhub.com/products/inversores/NEOSOLAR_INVERTERS_27406.jpg","https://cdn.yellosolarhub.com/products/inversores/NEOSOLAR_INVERTERS_27406.jpg|NEOSOLAR_INVERTERS_27406.jpg","imgs-index",100,9249.95,20,0,"https://cdn.yellosolarhub.com/products/inversores/NEOSOLAR_INVERTERS_27406.jpg|[object Object]"
"ODEXODEXESTRUTURASOLARGROUPCOLONIAL","https://cdn.yellosolarhub.com/products/inversores/ODEX-ODEX-ESTRUTURA-SOLARGROUP-COLONIAL.jpg","https://cdn.yellosolarhub.com/products/inversores/ODEX-ODEX-ESTRUTURA-SOLARGROUP-COLONIAL.jpg|ODEX-ODEX-ESTRUTURA-SOLARGROUP-COLONIAL.jpg","imgs-index",100,2302.99,20,0,"https://cdn.yellosolarhub.com/products/inversores/ODEX-ODEX-ESTRUTURA-SOLARGROUP-COLONIAL.jpg|[object Object]"
"ODEXODEXESTRUTURASOLARGROUPFIBROCIMENTO1","https://cdn.yellosolarhub.com/products/inversores/ODEX-ODEX-ESTRUTURA-SOLARGROUP-FIBROCIMENTO-1.jpg","https://cdn.yellosolarhub.com/products/inversores/ODEX-ODEX-ESTRUTURA-SOLARGROUP-FIBROCIMENTO-1.jpg|ODEX-ODEX-ESTRUTURA-SOLARGROUP-FIBROCIMENTO-1.jpg","imgs-index",100,12077.95,20,0,"https://cdn.yellosolarhub.com/products/inversores/ODEX-ODEX-ESTRUTURA-SOLARGROUP-FIBROCIMENTO-1.jpg|[object Object]"
"ODEXODEXESTRUTURASOLARGROUPFIBROCIMENTO","https://cdn.yellosolarhub.com/products/inversores/ODEX-ODEX-ESTRUTURA-SOLARGROUP-FIBROCIMENTO.jpg","https://cdn.yellosolarhub.com/products/inversores/ODEX-ODEX-ESTRUTURA-SOLARGROUP-FIBROCIMENTO.jpg|ODEX-ODEX-ESTRUTURA-SOLARGROUP-FIBROCIMENTO.jpg","imgs-index",100,3047,20,0,"https://cdn.yellosolarhub.com/products/inversores/ODEX-ODEX-ESTRUTURA-SOLARGROUP-FIBROCIMENTO.jpg|[object Object]"
"ODEXODEXESTRUTURASOLARGROUPMETALICO","https://cdn.yellosolarhub.com/products/inversores/ODEX-ODEX-ESTRUTURA-SOLARGROUP-METALICO.jpg","https://cdn.yellosolarhub.com/products/inversores/ODEX-ODEX-ESTRUTURA-SOLARGROUP-METALICO.jpg|ODEX-ODEX-ESTRUTURA-SOLARGROUP-METALICO.jpg","imgs-index",100,11903,20,0,"https://cdn.yellosolarhub.com/products/inversores/ODEX-ODEX-ESTRUTURA-SOLARGROUP-METALICO.jpg|[object Object]"
"ODEXODEXESTRUTURASOLARGROUPSOLO1","https://cdn.yellosolarhub.com/products/inversores/ODEX-ODEX-ESTRUTURA-SOLARGROUP-SOLO-1.jpg","https://cdn.yellosolarhub.com/products/inversores/ODEX-ODEX-ESTRUTURA-SOLARGROUP-SOLO-1.jpg|ODEX-ODEX-ESTRUTURA-SOLARGROUP-SOLO-1.jpg","imgs-index",100,3484.49,20,0,"https://cdn.yellosolarhub.com/products/inversores/ODEX-ODEX-ESTRUTURA-SOLARGROUP-SOLO-1.jpg|[object Object]"
"ODEXODEXESTRUTURASOLARGROUPSOLO","https://cdn.yellosolarhub.com/products/inversores/ODEX-ODEX-ESTRUTURA-SOLARGROUP-SOLO.jpg","https://cdn.yellosolarhub.com/products/inversores/ODEX-ODEX-ESTRUTURA-SOLARGROUP-SOLO.jpg|ODEX-ODEX-ESTRUTURA-SOLARGROUP-SOLO.jpg","imgs-index",100,7820,20,0,"https://cdn.yellosolarhub.com/products/inversores/ODEX-ODEX-ESTRUTURA-SOLARGROUP-SOLO.jpg|[object Object]"
"SKU112369117457314169194004","https://cdn.yellosolarhub.com/products/inversores/sku_112369_1-17457314169194004.jpeg","https://cdn.yellosolarhub.com/products/inversores/sku_112369_1-17457314169194004.jpeg|sku_112369_1-17457314169194004.jpeg","imgs-index",100,10197.49,20,0,"https://cdn.yellosolarhub.com/products/inversores/sku_112369_1-17457314169194004.jpeg|[object Object]"
"SKU13572013572017458937387875142","https://cdn.yellosolarhub.com/products/inversores/sku_135720_135720-17458937387875142.jpeg","https://cdn.yellosolarhub.com/products/inversores/sku_135720_135720-17458937387875142.jpeg|sku_135720_135720-17458937387875142.jpeg","imgs-index",100,9795,20,0,"https://cdn.yellosolarhub.com/products/inversores/sku_135720_135720-17458937387875142.jpeg|[object Object]"
"SKU14576314576317456925994814488","https://cdn.yellosolarhub.com/products/inversores/sku_145763_145763-17456925994814488.jpeg","https://cdn.yellosolarhub.com/products/inversores/sku_145763_145763-17456925994814488.jpeg|sku_145763_145763-17456925994814488.jpeg","imgs-index",100,11061.49,20,0,"https://cdn.yellosolarhub.com/products/inversores/sku_145763_145763-17456925994814488.jpeg|[object Object]"
"SKU152147152147117507708324918071","https://cdn.yellosolarhub.com/products/inversores/sku_152147_152147-1-17507708324918071.jpeg","https://cdn.yellosolarhub.com/products/inversores/sku_152147_152147-1-17507708324918071.jpeg|sku_152147_152147-1-17507708324918071.jpeg","imgs-index",100,232.99,20,0,"https://cdn.yellosolarhub.com/products/inversores/sku_152147_152147-1-17507708324918071.jpeg|[object Object]"
"SKU165471165471117460424443329247","https://cdn.yellosolarhub.com/products/inversores/sku_165471_165471-1-17460424443329247.jpeg","https://cdn.yellosolarhub.com/products/inversores/sku_165471_165471-1-17460424443329247.jpeg|sku_165471_165471-1-17460424443329247.jpeg","imgs-index",100,9940.99,20,0,"https://cdn.yellosolarhub.com/products/inversores/sku_165471_165471-1-17460424443329247.jpeg|[object Object]"
"SKU19257519257517460421976229660","https://cdn.yellosolarhub.com/products/inversores/sku_192575_192575-17460421976229660.jpeg","https://cdn.yellosolarhub.com/products/inversores/sku_192575_192575-17460421976229660.jpeg|sku_192575_192575-17460421976229660.jpeg","imgs-index",100,1629,20,0,"https://cdn.yellosolarhub.com/products/inversores/sku_192575_192575-17460421976229660.jpeg|[object Object]"
"SKU19257619257617458855660881319","https://cdn.yellosolarhub.com/products/inversores/sku_192576_192576-17458855660881319.jpeg","https://cdn.yellosolarhub.com/products/inversores/sku_192576_192576-17458855660881319.jpeg|sku_192576_192576-17458855660881319.jpeg","imgs-index",100,10564.95,20,0,"https://cdn.yellosolarhub.com/products/inversores/sku_192576_192576-17458855660881319.jpeg|[object Object]"
"SKU19402319402317460422066042496","https://cdn.yellosolarhub.com/products/inversores/sku_194023_194023-17460422066042496.jpeg","https://cdn.yellosolarhub.com/products/inversores/sku_194023_194023-17460422066042496.jpeg|sku_194023_194023-17460422066042496.jpeg","imgs-index",100,10087,20,0,"https://cdn.yellosolarhub.com/products/inversores/sku_194023_194023-17460422066042496.jpeg|[object Object]"
"SKU24676124676117460392268529534","https://cdn.yellosolarhub.com/products/inversores/sku_246761_246761-17460392268529534.jpeg","https://cdn.yellosolarhub.com/products/inversores/sku_246761_246761-17460392268529534.jpeg|sku_246761_246761-17460392268529534.jpeg","imgs-index",100,2237,20,0,"https://cdn.yellosolarhub.com/products/inversores/sku_246761_246761-17460392268529534.jpeg|[object Object]"
"SKU24676224676217460422357569937","https://cdn.yellosolarhub.com/products/inversores/sku_246762_246762-17460422357569937.jpeg","https://cdn.yellosolarhub.com/products/inversores/sku_246762_246762-17460422357569937.jpeg|sku_246762_246762-17460422357569937.jpeg","imgs-index",100,5987.95,20,0,"https://cdn.yellosolarhub.com/products/inversores/sku_246762_246762-17460422357569937.jpeg|[object Object]"
"SKU24676324676317460422564036824","https://cdn.yellosolarhub.com/products/inversores/sku_246763_246763-17460422564036824.jpeg","https://cdn.yellosolarhub.com/products/inversores/sku_246763_246763-17460422564036824.jpeg|sku_246763_246763-17460422564036824.jpeg","imgs-index",100,1259.95,20,0,"https://cdn.yellosolarhub.com/products/inversores/sku_246763_246763-17460422564036824.jpeg|[object Object]"
"SKU24676424676417458511580915488","https://cdn.yellosolarhub.com/products/inversores/sku_246764_246764-17458511580915488.jpeg","https://cdn.yellosolarhub.com/products/inversores/sku_246764_246764-17458511580915488.jpeg|sku_246764_246764-17458511580915488.jpeg","imgs-index",100,1434.95,20,0,"https://cdn.yellosolarhub.com/products/inversores/sku_246764_246764-17458511580915488.jpeg|[object Object]"
"SKU24676524676517457436108364088","https://cdn.yellosolarhub.com/products/inversores/sku_246765_246765-17457436108364088.jpeg","https://cdn.yellosolarhub.com/products/inversores/sku_246765_246765-17457436108364088.jpeg|sku_246765_246765-17457436108364088.jpeg","imgs-index",100,10564.95,20,0,"https://cdn.yellosolarhub.com/products/inversores/sku_246765_246765-17457436108364088.jpeg|[object Object]"
"SKU24676824676817459237636241276","https://cdn.yellosolarhub.com/products/inversores/sku_246768_246768-17459237636241276.jpeg","https://cdn.yellosolarhub.com/products/inversores/sku_246768_246768-17459237636241276.jpeg|sku_246768_246768-17459237636241276.jpeg","imgs-index",100,12067,20,0,"https://cdn.yellosolarhub.com/products/inversores/sku_246768_246768-17459237636241276.jpeg|[object Object]"
"SKU24677624677617460419822698100","https://cdn.yellosolarhub.com/products/inversores/sku_246776_246776-17460419822698100.jpeg","https://cdn.yellosolarhub.com/products/inversores/sku_246776_246776-17460419822698100.jpeg|sku_246776_246776-17460419822698100.jpeg","imgs-index",100,7757.99,20,0,"https://cdn.yellosolarhub.com/products/inversores/sku_246776_246776-17460419822698100.jpeg|[object Object]"
"SKU25851625851617459085227243203","https://cdn.yellosolarhub.com/products/inversores/sku_258516_258516-17459085227243203.jpeg","https://cdn.yellosolarhub.com/products/inversores/sku_258516_258516-17459085227243203.jpeg|sku_258516_258516-17459085227243203.jpeg","imgs-index",100,8782.99,20,0,"https://cdn.yellosolarhub.com/products/inversores/sku_258516_258516-17459085227243203.jpeg|[object Object]"
"SKU26727726727717458727569694572","https://cdn.yellosolarhub.com/products/inversores/sku_267277_267277-17458727569694572.jpeg","https://cdn.yellosolarhub.com/products/inversores/sku_267277_267277-17458727569694572.jpeg|sku_267277_267277-17458727569694572.jpeg","imgs-index",100,10610.95,20,0,"https://cdn.yellosolarhub.com/products/inversores/sku_267277_267277-17458727569694572.jpeg|[object Object]"
"SKU27695427695417460390182534484","https://cdn.yellosolarhub.com/products/inversores/sku_276954_276954-17460390182534484.jpeg","https://cdn.yellosolarhub.com/products/inversores/sku_276954_276954-17460390182534484.jpeg|sku_276954_276954-17460390182534484.jpeg","imgs-index",100,11317.99,20,0,"https://cdn.yellosolarhub.com/products/inversores/sku_276954_276954-17460390182534484.jpeg|[object Object]"
"SKU28924100117457929059638740","https://cdn.yellosolarhub.com/products/inversores/sku_289241_001-17457929059638740.jpeg","https://cdn.yellosolarhub.com/products/inversores/sku_289241_001-17457929059638740.jpeg|sku_289241_001-17457929059638740.jpeg","imgs-index",100,9477.99,20,0,"https://cdn.yellosolarhub.com/products/inversores/sku_289241_001-17457929059638740.jpeg|[object Object]"
"SKU29242129242117460422200014247","https://cdn.yellosolarhub.com/products/inversores/sku_292421_292421-17460422200014247.jpeg","https://cdn.yellosolarhub.com/products/inversores/sku_292421_292421-17460422200014247.jpeg|sku_292421_292421-17460422200014247.jpeg","imgs-index",100,6562.95,20,0,"https://cdn.yellosolarhub.com/products/inversores/sku_292421_292421-17460422200014247.jpeg|[object Object]"
"SKU29242329242317459265882555020","https://cdn.yellosolarhub.com/products/inversores/sku_292423_292423-17459265882555020.jpeg","https://cdn.yellosolarhub.com/products/inversores/sku_292423_292423-17459265882555020.jpeg|sku_292423_292423-17459265882555020.jpeg","imgs-index",100,6121,20,0,"https://cdn.yellosolarhub.com/products/inversores/sku_292423_292423-17459265882555020.jpeg|[object Object]"
"SKU29242429242417457928091181215","https://cdn.yellosolarhub.com/products/inversores/sku_292424_292424-17457928091181215.jpeg","https://cdn.yellosolarhub.com/products/inversores/sku_292424_292424-17457928091181215.jpeg|sku_292424_292424-17457928091181215.jpeg","imgs-index",100,8405,20,0,"https://cdn.yellosolarhub.com/products/inversores/sku_292424_292424-17457928091181215.jpeg|[object Object]"
"SKU29243129243117458504394775074","https://cdn.yellosolarhub.com/products/inversores/sku_292431_292431-17458504394775074.jpeg","https://cdn.yellosolarhub.com/products/inversores/sku_292431_292431-17458504394775074.jpeg|sku_292431_292431-17458504394775074.jpeg","imgs-index",100,9805,20,0,"https://cdn.yellosolarhub.com/products/inversores/sku_292431_292431-17458504394775074.jpeg|[object Object]"
"SKU29243329243317459162631168039","https://cdn.yellosolarhub.com/products/inversores/sku_292433_292433-17459162631168039.jpeg","https://cdn.yellosolarhub.com/products/inversores/sku_292433_292433-17459162631168039.jpeg|sku_292433_292433-17459162631168039.jpeg","imgs-index",100,11066,20,0,"https://cdn.yellosolarhub.com/products/inversores/sku_292433_292433-17459162631168039.jpeg|[object Object]"
"SKU29243529243517460420086945208","https://cdn.yellosolarhub.com/products/inversores/sku_292435_292435-17460420086945208.jpeg","https://cdn.yellosolarhub.com/products/inversores/sku_292435_292435-17460420086945208.jpeg|sku_292435_292435-17460420086945208.jpeg","imgs-index",100,7772,20,0,"https://cdn.yellosolarhub.com/products/inversores/sku_292435_292435-17460420086945208.jpeg|[object Object]"
"SKU29243729243717458999759611785","https://cdn.yellosolarhub.com/products/inversores/sku_292437_292437-17458999759611785.jpeg","https://cdn.yellosolarhub.com/products/inversores/sku_292437_292437-17458999759611785.jpeg|sku_292437_292437-17458999759611785.jpeg","imgs-index",100,6803.95,20,0,"https://cdn.yellosolarhub.com/products/inversores/sku_292437_292437-17458999759611785.jpeg|[object Object]"
"SKU29243829243817459034566372442","https://cdn.yellosolarhub.com/products/inversores/sku_292438_292438-17459034566372442.jpeg","https://cdn.yellosolarhub.com/products/inversores/sku_292438_292438-17459034566372442.jpeg|sku_292438_292438-17459034566372442.jpeg","imgs-index",100,12074.99,20,0,"https://cdn.yellosolarhub.com/products/inversores/sku_292438_292438-17459034566372442.jpeg|[object Object]"
"SKU29244229244217457818261091625","https://cdn.yellosolarhub.com/products/inversores/sku_292442_292442-17457818261091625.jpeg","https://cdn.yellosolarhub.com/products/inversores/sku_292442_292442-17457818261091625.jpeg|sku_292442_292442-17457818261091625.jpeg","imgs-index",100,9965.95,20,0,"https://cdn.yellosolarhub.com/products/inversores/sku_292442_292442-17457818261091625.jpeg|[object Object]"
"SKU29959129959117467236965391281","https://cdn.yellosolarhub.com/products/inversores/sku_299591_299591-17467236965391281.jpeg","https://cdn.yellosolarhub.com/products/inversores/sku_299591_299591-17467236965391281.jpeg|sku_299591_299591-17467236965391281.jpeg","imgs-index",100,9630.95,20,0,"https://cdn.yellosolarhub.com/products/inversores/sku_299591_299591-17467236965391281.jpeg|[object Object]"
"SKU29959529959517467957208646910","https://cdn.yellosolarhub.com/products/inversores/sku_299595_299595-17467957208646910.jpeg","https://cdn.yellosolarhub.com/products/inversores/sku_299595_299595-17467957208646910.jpeg|sku_299595_299595-17467957208646910.jpeg","imgs-index",100,3654.99,20,0,"https://cdn.yellosolarhub.com/products/inversores/sku_299595_299595-17467957208646910.jpeg|[object Object]"
"SKU30615530615517479477829824229","https://cdn.yellosolarhub.com/products/inversores/sku_306155_306155-17479477829824229.jpeg","https://cdn.yellosolarhub.com/products/inversores/sku_306155_306155-17479477829824229.jpeg|sku_306155_306155-17479477829824229.jpeg","imgs-index",100,11676.95,20,0,"https://cdn.yellosolarhub.com/products/inversores/sku_306155_306155-17479477829824229.jpeg|[object Object]"
"SKU31514831514817551159943964186","https://cdn.yellosolarhub.com/products/inversores/sku_315148_315148-17551159943964186.jpeg","https://cdn.yellosolarhub.com/products/inversores/sku_315148_315148-17551159943964186.jpeg|sku_315148_315148-17551159943964186.jpeg","imgs-index",100,11889,20,0,"https://cdn.yellosolarhub.com/products/inversores/sku_315148_315148-17551159943964186.jpeg|[object Object]"
"FOTUSKP02KITS","https://cdn.yellosolarhub.com/products/kits/FOTUS-KP02-kits.jpg","https://cdn.yellosolarhub.com/products/kits/FOTUS-KP02-kits.jpg|FOTUS-KP02-kits.jpg","imgs-index",100,5878,20,0,"https://cdn.yellosolarhub.com/products/kits/FOTUS-KP02-kits.jpg|[object Object]"
"FOTUSKP03KITS","https://cdn.yellosolarhub.com/products/kits/FOTUS-KP03-kits.jpg","https://cdn.yellosolarhub.com/products/kits/FOTUS-KP03-kits.jpg|FOTUS-KP03-kits.jpg","imgs-index",100,2057,20,0,"https://cdn.yellosolarhub.com/products/kits/FOTUS-KP03-kits.jpg|[object Object]"
"FOTUSKP04KITSHIBRIDOS","https://cdn.yellosolarhub.com/products/kits/FOTUS-KP04-kits-hibridos.jpg","https://cdn.yellosolarhub.com/products/kits/FOTUS-KP04-kits-hibridos.jpg|FOTUS-KP04-kits-hibridos.jpg","imgs-index",100,7289.49,20,0,"https://cdn.yellosolarhub.com/products/kits/FOTUS-KP04-kits-hibridos.jpg|[object Object]"
"FOTUSKP04KITS","https://cdn.yellosolarhub.com/products/kits/FOTUS-KP04-kits.jpg","https://cdn.yellosolarhub.com/products/kits/FOTUS-KP04-kits.jpg|FOTUS-KP04-kits.jpg","imgs-index",100,4572.95,20,0,"https://cdn.yellosolarhub.com/products/kits/FOTUS-KP04-kits.jpg|[object Object]"
"NEOSOLARKITS22690","https://cdn.yellosolarhub.com/products/kits/neosolar_kits_22690.jpg","https://cdn.yellosolarhub.com/products/kits/neosolar_kits_22690.jpg|neosolar_kits_22690.jpg","imgs-index",100,10651.99,20,0,"https://cdn.yellosolarhub.com/products/kits/neosolar_kits_22690.jpg|[object Object]"
"NEOSOLARKITS22691","https://cdn.yellosolarhub.com/products/kits/neosolar_kits_22691.jpg","https://cdn.yellosolarhub.com/products/kits/neosolar_kits_22691.jpg|neosolar_kits_22691.jpg","imgs-index",100,3830,20,0,"https://cdn.yellosolarhub.com/products/kits/neosolar_kits_22691.jpg|[object Object]"
"NEOSOLARKITS23586","https://cdn.yellosolarhub.com/products/kits/neosolar_kits_23586.jpg","https://cdn.yellosolarhub.com/products/kits/neosolar_kits_23586.jpg|neosolar_kits_23586.jpg","imgs-index",100,8944,20,0,"https://cdn.yellosolarhub.com/products/kits/neosolar_kits_23586.jpg|[object Object]"
"NEOSOLARKITS23699","https://cdn.yellosolarhub.com/products/kits/neosolar_kits_23699.jpg","https://cdn.yellosolarhub.com/products/kits/neosolar_kits_23699.jpg|neosolar_kits_23699.jpg","imgs-index",100,8430,20,0,"https://cdn.yellosolarhub.com/products/kits/neosolar_kits_23699.jpg|[object Object]"
"NEOSOLARKITS23703","https://cdn.yellosolarhub.com/products/kits/neosolar_kits_23703.jpg","https://cdn.yellosolarhub.com/products/kits/neosolar_kits_23703.jpg|neosolar_kits_23703.jpg","imgs-index",100,6603.99,20,0,"https://cdn.yellosolarhub.com/products/kits/neosolar_kits_23703.jpg|[object Object]"
"NEOSOLARKITS23927","https://cdn.yellosolarhub.com/products/kits/neosolar_kits_23927.jpg","https://cdn.yellosolarhub.com/products/kits/neosolar_kits_23927.jpg|neosolar_kits_23927.jpg","imgs-index",100,10091.95,20,0,"https://cdn.yellosolarhub.com/products/kits/neosolar_kits_23927.jpg|[object Object]"
"NEOSOLARKITS23928","https://cdn.yellosolarhub.com/products/kits/neosolar_kits_23928.jpg","https://cdn.yellosolarhub.com/products/kits/neosolar_kits_23928.jpg|neosolar_kits_23928.jpg","imgs-index",100,1034,20,0,"https://cdn.yellosolarhub.com/products/kits/neosolar_kits_23928.jpg|[object Object]"
"NEOSOLARKITS23929","https://cdn.yellosolarhub.com/products/kits/neosolar_kits_23929.jpg","https://cdn.yellosolarhub.com/products/kits/neosolar_kits_23929.jpg|neosolar_kits_23929.jpg","imgs-index",100,11896,20,0,"https://cdn.yellosolarhub.com/products/kits/neosolar_kits_23929.jpg|[object Object]"
"NEOSOLARKITS24170","https://cdn.yellosolarhub.com/products/kits/NEOSOLAR_KITS_24170.jpg","https://cdn.yellosolarhub.com/products/kits/NEOSOLAR_KITS_24170.jpg|NEOSOLAR_KITS_24170.jpg","imgs-index",100,6137.95,20,0,"https://cdn.yellosolarhub.com/products/kits/NEOSOLAR_KITS_24170.jpg|[object Object]"
"NEOSOLARKITS24171","https://cdn.yellosolarhub.com/products/kits/NEOSOLAR_KITS_24171.jpg","https://cdn.yellosolarhub.com/products/kits/NEOSOLAR_KITS_24171.jpg|NEOSOLAR_KITS_24171.jpg","imgs-index",100,11271.95,20,0,"https://cdn.yellosolarhub.com/products/kits/NEOSOLAR_KITS_24171.jpg|[object Object]"
"NEOSOLARKITS24172","https://cdn.yellosolarhub.com/products/kits/NEOSOLAR_KITS_24172.jpg","https://cdn.yellosolarhub.com/products/kits/NEOSOLAR_KITS_24172.jpg|NEOSOLAR_KITS_24172.jpg","imgs-index",100,12337.99,20,0,"https://cdn.yellosolarhub.com/products/kits/NEOSOLAR_KITS_24172.jpg|[object Object]"
"NEOSOLARKITS24173","https://cdn.yellosolarhub.com/products/kits/NEOSOLAR_KITS_24173.jpg","https://cdn.yellosolarhub.com/products/kits/NEOSOLAR_KITS_24173.jpg|NEOSOLAR_KITS_24173.jpg","imgs-index",100,720.99,20,0,"https://cdn.yellosolarhub.com/products/kits/NEOSOLAR_KITS_24173.jpg|[object Object]"
"NEOSOLARKITS24174","https://cdn.yellosolarhub.com/products/kits/NEOSOLAR_KITS_24174.jpg","https://cdn.yellosolarhub.com/products/kits/NEOSOLAR_KITS_24174.jpg|NEOSOLAR_KITS_24174.jpg","imgs-index",100,3150.99,20,0,"https://cdn.yellosolarhub.com/products/kits/NEOSOLAR_KITS_24174.jpg|[object Object]"
"NEOSOLARKITS24175","https://cdn.yellosolarhub.com/products/kits/NEOSOLAR_KITS_24175.jpg","https://cdn.yellosolarhub.com/products/kits/NEOSOLAR_KITS_24175.jpg|NEOSOLAR_KITS_24175.jpg","imgs-index",100,215,20,0,"https://cdn.yellosolarhub.com/products/kits/NEOSOLAR_KITS_24175.jpg|[object Object]"
"NEOSOLARKITS25043","https://cdn.yellosolarhub.com/products/kits/neosolar_kits_25043.jpg","https://cdn.yellosolarhub.com/products/kits/neosolar_kits_25043.jpg|neosolar_kits_25043.jpg","imgs-index",100,9081,20,0,"https://cdn.yellosolarhub.com/products/kits/neosolar_kits_25043.jpg|[object Object]"
"NEOSOLARKITS25044","https://cdn.yellosolarhub.com/products/kits/neosolar_kits_25044.jpg","https://cdn.yellosolarhub.com/products/kits/neosolar_kits_25044.jpg|neosolar_kits_25044.jpg","imgs-index",100,9333.99,20,0,"https://cdn.yellosolarhub.com/products/kits/neosolar_kits_25044.jpg|[object Object]"
"NEOSOLARKITS25045","https://cdn.yellosolarhub.com/products/kits/neosolar_kits_25045.jpg","https://cdn.yellosolarhub.com/products/kits/neosolar_kits_25045.jpg|neosolar_kits_25045.jpg","imgs-index",100,1401.99,20,0,"https://cdn.yellosolarhub.com/products/kits/neosolar_kits_25045.jpg|[object Object]"
"NEOSOLARKITS25046","https://cdn.yellosolarhub.com/products/kits/neosolar_kits_25046.jpg","https://cdn.yellosolarhub.com/products/kits/neosolar_kits_25046.jpg|neosolar_kits_25046.jpg","imgs-index",100,131.99,20,0,"https://cdn.yellosolarhub.com/products/kits/neosolar_kits_25046.jpg|[object Object]"
"NEOSOLARKITS25047","https://cdn.yellosolarhub.com/products/kits/neosolar_kits_25047.jpg","https://cdn.yellosolarhub.com/products/kits/neosolar_kits_25047.jpg|neosolar_kits_25047.jpg","imgs-index",100,3693.99,20,0,"https://cdn.yellosolarhub.com/products/kits/neosolar_kits_25047.jpg|[object Object]"
"NEOSOLARKITS25048","https://cdn.yellosolarhub.com/products/kits/neosolar_kits_25048.jpg","https://cdn.yellosolarhub.com/products/kits/neosolar_kits_25048.jpg|neosolar_kits_25048.jpg","imgs-index",100,3309.95,20,0,"https://cdn.yellosolarhub.com/products/kits/neosolar_kits_25048.jpg|[object Object]"
"NEOSOLARKITS25049","https://cdn.yellosolarhub.com/products/kits/neosolar_kits_25049.jpg","https://cdn.yellosolarhub.com/products/kits/neosolar_kits_25049.jpg|neosolar_kits_25049.jpg","imgs-index",100,176.49,20,0,"https://cdn.yellosolarhub.com/products/kits/neosolar_kits_25049.jpg|[object Object]"
"NEOSOLARKITS25053","https://cdn.yellosolarhub.com/products/kits/neosolar_kits_25053.jpg","https://cdn.yellosolarhub.com/products/kits/neosolar_kits_25053.jpg|neosolar_kits_25053.jpg","imgs-index",100,5411,20,0,"https://cdn.yellosolarhub.com/products/kits/neosolar_kits_25053.jpg|[object Object]"
"NEOSOLARKITS25129","https://cdn.yellosolarhub.com/products/kits/neosolar_kits_25129.jpg","https://cdn.yellosolarhub.com/products/kits/neosolar_kits_25129.jpg|neosolar_kits_25129.jpg","imgs-index",100,2540.99,20,0,"https://cdn.yellosolarhub.com/products/kits/neosolar_kits_25129.jpg|[object Object]"
"NEOSOLARKITS25130","https://cdn.yellosolarhub.com/products/kits/neosolar_kits_25130.jpg","https://cdn.yellosolarhub.com/products/kits/neosolar_kits_25130.jpg|neosolar_kits_25130.jpg","imgs-index",100,3091,20,0,"https://cdn.yellosolarhub.com/products/kits/neosolar_kits_25130.jpg|[object Object]"
"NEOSOLARKITS25131","https://cdn.yellosolarhub.com/products/kits/neosolar_kits_25131.jpg","https://cdn.yellosolarhub.com/products/kits/neosolar_kits_25131.jpg|neosolar_kits_25131.jpg","imgs-index",100,7814.99,20,0,"https://cdn.yellosolarhub.com/products/kits/neosolar_kits_25131.jpg|[object Object]"
"NEOSOLARKITS25132","https://cdn.yellosolarhub.com/products/kits/neosolar_kits_25132.jpg","https://cdn.yellosolarhub.com/products/kits/neosolar_kits_25132.jpg|neosolar_kits_25132.jpg","imgs-index",100,10253,20,0,"https://cdn.yellosolarhub.com/products/kits/neosolar_kits_25132.jpg|[object Object]"
"NEOSOLARKITS25154","https://cdn.yellosolarhub.com/products/kits/neosolar_kits_25154.jpg","https://cdn.yellosolarhub.com/products/kits/neosolar_kits_25154.jpg|neosolar_kits_25154.jpg","imgs-index",100,760.95,20,0,"https://cdn.yellosolarhub.com/products/kits/neosolar_kits_25154.jpg|[object Object]"
"NEOSOLARKITS25156","https://cdn.yellosolarhub.com/products/kits/neosolar_kits_25156.jpg","https://cdn.yellosolarhub.com/products/kits/neosolar_kits_25156.jpg|neosolar_kits_25156.jpg","imgs-index",100,2697.95,20,0,"https://cdn.yellosolarhub.com/products/kits/neosolar_kits_25156.jpg|[object Object]"
"NEOSOLARKITS25158","https://cdn.yellosolarhub.com/products/kits/neosolar_kits_25158.jpg","https://cdn.yellosolarhub.com/products/kits/neosolar_kits_25158.jpg|neosolar_kits_25158.jpg","imgs-index",100,5181.99,20,0,"https://cdn.yellosolarhub.com/products/kits/neosolar_kits_25158.jpg|[object Object]"
"NEOSOLARKITS25160","https://cdn.yellosolarhub.com/products/kits/neosolar_kits_25160.jpg","https://cdn.yellosolarhub.com/products/kits/neosolar_kits_25160.jpg|neosolar_kits_25160.jpg","imgs-index",100,9125.99,20,0,"https://cdn.yellosolarhub.com/products/kits/neosolar_kits_25160.jpg|[object Object]"
"NEOSOLARKITS25162","https://cdn.yellosolarhub.com/products/kits/neosolar_kits_25162.jpg","https://cdn.yellosolarhub.com/products/kits/neosolar_kits_25162.jpg|neosolar_kits_25162.jpg","imgs-index",100,653,20,0,"https://cdn.yellosolarhub.com/products/kits/neosolar_kits_25162.jpg|[object Object]"
"NEOSOLARKITS25163","https://cdn.yellosolarhub.com/products/kits/neosolar_kits_25163.jpg","https://cdn.yellosolarhub.com/products/kits/neosolar_kits_25163.jpg|neosolar_kits_25163.jpg","imgs-index",100,11218,20,0,"https://cdn.yellosolarhub.com/products/kits/neosolar_kits_25163.jpg|[object Object]"
"NEOSOLARKITS25164","https://cdn.yellosolarhub.com/products/kits/neosolar_kits_25164.jpg","https://cdn.yellosolarhub.com/products/kits/neosolar_kits_25164.jpg|neosolar_kits_25164.jpg","imgs-index",100,341.49,20,0,"https://cdn.yellosolarhub.com/products/kits/neosolar_kits_25164.jpg|[object Object]"
"NEOSOLARKITS26694","https://cdn.yellosolarhub.com/products/kits/neosolar_kits_26694.jpg","https://cdn.yellosolarhub.com/products/kits/neosolar_kits_26694.jpg|neosolar_kits_26694.jpg","imgs-index",100,1222.99,20,0,"https://cdn.yellosolarhub.com/products/kits/neosolar_kits_26694.jpg|[object Object]"
"NEOSOLARKITS26695","https://cdn.yellosolarhub.com/products/kits/neosolar_kits_26695.jpg","https://cdn.yellosolarhub.com/products/kits/neosolar_kits_26695.jpg|neosolar_kits_26695.jpg","imgs-index",100,6822.49,20,0,"https://cdn.yellosolarhub.com/products/kits/neosolar_kits_26695.jpg|[object Object]"
"NEOSOLARKITS26696","https://cdn.yellosolarhub.com/products/kits/neosolar_kits_26696.jpg","https://cdn.yellosolarhub.com/products/kits/neosolar_kits_26696.jpg|neosolar_kits_26696.jpg","imgs-index",100,2344.49,20,0,"https://cdn.yellosolarhub.com/products/kits/neosolar_kits_26696.jpg|[object Object]"
"NEOSOLARKITS26697","https://cdn.yellosolarhub.com/products/kits/neosolar_kits_26697.jpg","https://cdn.yellosolarhub.com/products/kits/neosolar_kits_26697.jpg|neosolar_kits_26697.jpg","imgs-index",100,9141.49,20,0,"https://cdn.yellosolarhub.com/products/kits/neosolar_kits_26697.jpg|[object Object]"
"NEOSOLARKITS26698","https://cdn.yellosolarhub.com/products/kits/neosolar_kits_26698.jpg","https://cdn.yellosolarhub.com/products/kits/neosolar_kits_26698.jpg|neosolar_kits_26698.jpg","imgs-index",100,7111.99,20,0,"https://cdn.yellosolarhub.com/products/kits/neosolar_kits_26698.jpg|[object Object]"
"NEOSOLARKITS26699","https://cdn.yellosolarhub.com/products/kits/neosolar_kits_26699.jpg","https://cdn.yellosolarhub.com/products/kits/neosolar_kits_26699.jpg|neosolar_kits_26699.jpg","imgs-index",100,590.49,20,0,"https://cdn.yellosolarhub.com/products/kits/neosolar_kits_26699.jpg|[object Object]"
"NEOSOLARKITS26700","https://cdn.yellosolarhub.com/products/kits/neosolar_kits_26700.jpg","https://cdn.yellosolarhub.com/products/kits/neosolar_kits_26700.jpg|neosolar_kits_26700.jpg","imgs-index",100,11928.49,20,0,"https://cdn.yellosolarhub.com/products/kits/neosolar_kits_26700.jpg|[object Object]"
"NEOSOLARKITS26701","https://cdn.yellosolarhub.com/products/kits/neosolar_kits_26701.jpg","https://cdn.yellosolarhub.com/products/kits/neosolar_kits_26701.jpg|neosolar_kits_26701.jpg","imgs-index",100,12463,20,0,"https://cdn.yellosolarhub.com/products/kits/neosolar_kits_26701.jpg|[object Object]"
"NEOSOLARKITS26720","https://cdn.yellosolarhub.com/products/kits/neosolar_kits_26720.jpg","https://cdn.yellosolarhub.com/products/kits/neosolar_kits_26720.jpg|neosolar_kits_26720.jpg","imgs-index",100,9413.99,20,0,"https://cdn.yellosolarhub.com/products/kits/neosolar_kits_26720.jpg|[object Object]"
"NEOSOLARKITS26721","https://cdn.yellosolarhub.com/products/kits/neosolar_kits_26721.jpg","https://cdn.yellosolarhub.com/products/kits/neosolar_kits_26721.jpg|neosolar_kits_26721.jpg","imgs-index",100,5305.49,20,0,"https://cdn.yellosolarhub.com/products/kits/neosolar_kits_26721.jpg|[object Object]"
"NEOSOLARKITS26722","https://cdn.yellosolarhub.com/products/kits/neosolar_kits_26722.jpg","https://cdn.yellosolarhub.com/products/kits/neosolar_kits_26722.jpg|neosolar_kits_26722.jpg","imgs-index",100,12493.95,20,0,"https://cdn.yellosolarhub.com/products/kits/neosolar_kits_26722.jpg|[object Object]"
"NEOSOLARKITS26723","https://cdn.yellosolarhub.com/products/kits/neosolar_kits_26723.jpg","https://cdn.yellosolarhub.com/products/kits/neosolar_kits_26723.jpg|neosolar_kits_26723.jpg","imgs-index",100,8277.95,20,0,"https://cdn.yellosolarhub.com/products/kits/neosolar_kits_26723.jpg|[object Object]"
"NEOSOLARKITS26968","https://cdn.yellosolarhub.com/products/kits/neosolar_kits_26968.jpg","https://cdn.yellosolarhub.com/products/kits/neosolar_kits_26968.jpg|neosolar_kits_26968.jpg","imgs-index",100,2096,20,0,"https://cdn.yellosolarhub.com/products/kits/neosolar_kits_26968.jpg|[object Object]"
"NEOSOLARKITS26969","https://cdn.yellosolarhub.com/products/kits/neosolar_kits_26969.jpg","https://cdn.yellosolarhub.com/products/kits/neosolar_kits_26969.jpg|neosolar_kits_26969.jpg","imgs-index",100,6845.99,20,0,"https://cdn.yellosolarhub.com/products/kits/neosolar_kits_26969.jpg|[object Object]"
"NEOSOLARKITS26970","https://cdn.yellosolarhub.com/products/kits/neosolar_kits_26970.jpg","https://cdn.yellosolarhub.com/products/kits/neosolar_kits_26970.jpg|neosolar_kits_26970.jpg","imgs-index",100,7410.99,20,0,"https://cdn.yellosolarhub.com/products/kits/neosolar_kits_26970.jpg|[object Object]"
"NEOSOLARKITS26971","https://cdn.yellosolarhub.com/products/kits/neosolar_kits_26971.jpg","https://cdn.yellosolarhub.com/products/kits/neosolar_kits_26971.jpg|neosolar_kits_26971.jpg","imgs-index",100,11164.99,20,0,"https://cdn.yellosolarhub.com/products/kits/neosolar_kits_26971.jpg|[object Object]"
"NEOSOLARKITS26972","https://cdn.yellosolarhub.com/products/kits/neosolar_kits_26972.jpg","https://cdn.yellosolarhub.com/products/kits/neosolar_kits_26972.jpg|neosolar_kits_26972.jpg","imgs-index",100,10830.95,20,0,"https://cdn.yellosolarhub.com/products/kits/neosolar_kits_26972.jpg|[object Object]"
"NEOSOLARKITS26975","https://cdn.yellosolarhub.com/products/kits/neosolar_kits_26975.jpg","https://cdn.yellosolarhub.com/products/kits/neosolar_kits_26975.jpg|neosolar_kits_26975.jpg","imgs-index",100,2137,20,0,"https://cdn.yellosolarhub.com/products/kits/neosolar_kits_26975.jpg|[object Object]"
"NEOSOLARKITS26984","https://cdn.yellosolarhub.com/products/kits/neosolar_kits_26984.jpg","https://cdn.yellosolarhub.com/products/kits/neosolar_kits_26984.jpg|neosolar_kits_26984.jpg","imgs-index",100,10907,20,0,"https://cdn.yellosolarhub.com/products/kits/neosolar_kits_26984.jpg|[object Object]"
"NEOSOLARKITS26985","https://cdn.yellosolarhub.com/products/kits/neosolar_kits_26985.jpg","https://cdn.yellosolarhub.com/products/kits/neosolar_kits_26985.jpg|neosolar_kits_26985.jpg","imgs-index",100,303,20,0,"https://cdn.yellosolarhub.com/products/kits/neosolar_kits_26985.jpg|[object Object]"
"NEOSOLARKITS26986","https://cdn.yellosolarhub.com/products/kits/neosolar_kits_26986.jpg","https://cdn.yellosolarhub.com/products/kits/neosolar_kits_26986.jpg|neosolar_kits_26986.jpg","imgs-index",100,11556.99,20,0,"https://cdn.yellosolarhub.com/products/kits/neosolar_kits_26986.jpg|[object Object]"
"NEOSOLARKITS26987","https://cdn.yellosolarhub.com/products/kits/neosolar_kits_26987.jpg","https://cdn.yellosolarhub.com/products/kits/neosolar_kits_26987.jpg|neosolar_kits_26987.jpg","imgs-index",100,10540.49,20,0,"https://cdn.yellosolarhub.com/products/kits/neosolar_kits_26987.jpg|[object Object]"
"NEOSOLARKITS26988","https://cdn.yellosolarhub.com/products/kits/neosolar_kits_26988.jpg","https://cdn.yellosolarhub.com/products/kits/neosolar_kits_26988.jpg|neosolar_kits_26988.jpg","imgs-index",100,4991,20,0,"https://cdn.yellosolarhub.com/products/kits/neosolar_kits_26988.jpg|[object Object]"
"NEOSOLARKITS26991","https://cdn.yellosolarhub.com/products/kits/neosolar_kits_26991.jpg","https://cdn.yellosolarhub.com/products/kits/neosolar_kits_26991.jpg|neosolar_kits_26991.jpg","imgs-index",100,3704.95,20,0,"https://cdn.yellosolarhub.com/products/kits/neosolar_kits_26991.jpg|[object Object]"
"NEOSOLARKITS27259","https://cdn.yellosolarhub.com/products/kits/neosolar_kits_27259.jpg","https://cdn.yellosolarhub.com/products/kits/neosolar_kits_27259.jpg|neosolar_kits_27259.jpg","imgs-index",100,8661,20,0,"https://cdn.yellosolarhub.com/products/kits/neosolar_kits_27259.jpg|[object Object]"
"NEOSOLARKITS27260","https://cdn.yellosolarhub.com/products/kits/neosolar_kits_27260.jpg","https://cdn.yellosolarhub.com/products/kits/neosolar_kits_27260.jpg|neosolar_kits_27260.jpg","imgs-index",100,558,20,0,"https://cdn.yellosolarhub.com/products/kits/neosolar_kits_27260.jpg|[object Object]"
"NEOSOLARKITS27261","https://cdn.yellosolarhub.com/products/kits/neosolar_kits_27261.jpg","https://cdn.yellosolarhub.com/products/kits/neosolar_kits_27261.jpg|neosolar_kits_27261.jpg","imgs-index",100,8467.99,20,0,"https://cdn.yellosolarhub.com/products/kits/neosolar_kits_27261.jpg|[object Object]"
"NEOSOLARKITS27262","https://cdn.yellosolarhub.com/products/kits/neosolar_kits_27262.jpg","https://cdn.yellosolarhub.com/products/kits/neosolar_kits_27262.jpg|neosolar_kits_27262.jpg","imgs-index",100,11664,20,0,"https://cdn.yellosolarhub.com/products/kits/neosolar_kits_27262.jpg|[object Object]"
"NEOSOLARKITS27263","https://cdn.yellosolarhub.com/products/kits/neosolar_kits_27263.jpg","https://cdn.yellosolarhub.com/products/kits/neosolar_kits_27263.jpg|neosolar_kits_27263.jpg","imgs-index",100,258.49,20,0,"https://cdn.yellosolarhub.com/products/kits/neosolar_kits_27263.jpg|[object Object]"
"NEOSOLARKITS27264","https://cdn.yellosolarhub.com/products/kits/neosolar_kits_27264.jpg","https://cdn.yellosolarhub.com/products/kits/neosolar_kits_27264.jpg|neosolar_kits_27264.jpg","imgs-index",100,7220,20,0,"https://cdn.yellosolarhub.com/products/kits/neosolar_kits_27264.jpg|[object Object]"
"NEOSOLARKITS27265","https://cdn.yellosolarhub.com/products/kits/neosolar_kits_27265.jpg","https://cdn.yellosolarhub.com/products/kits/neosolar_kits_27265.jpg|neosolar_kits_27265.jpg","imgs-index",100,5196.99,20,0,"https://cdn.yellosolarhub.com/products/kits/neosolar_kits_27265.jpg|[object Object]"
"NEOSOLARKITS27266","https://cdn.yellosolarhub.com/products/kits/neosolar_kits_27266.jpg","https://cdn.yellosolarhub.com/products/kits/neosolar_kits_27266.jpg|neosolar_kits_27266.jpg","imgs-index",100,2444.95,20,0,"https://cdn.yellosolarhub.com/products/kits/neosolar_kits_27266.jpg|[object Object]"
"NEOSOLARKITS27267","https://cdn.yellosolarhub.com/products/kits/neosolar_kits_27267.jpg","https://cdn.yellosolarhub.com/products/kits/neosolar_kits_27267.jpg|neosolar_kits_27267.jpg","imgs-index",100,10098.99,20,0,"https://cdn.yellosolarhub.com/products/kits/neosolar_kits_27267.jpg|[object Object]"
"NEOSOLARKITS27268","https://cdn.yellosolarhub.com/products/kits/neosolar_kits_27268.jpg","https://cdn.yellosolarhub.com/products/kits/neosolar_kits_27268.jpg|neosolar_kits_27268.jpg","imgs-index",100,11720,20,0,"https://cdn.yellosolarhub.com/products/kits/neosolar_kits_27268.jpg|[object Object]"
"NEOSOLARKITS27269","https://cdn.yellosolarhub.com/products/kits/neosolar_kits_27269.jpg","https://cdn.yellosolarhub.com/products/kits/neosolar_kits_27269.jpg|neosolar_kits_27269.jpg","imgs-index",100,7042,20,0,"https://cdn.yellosolarhub.com/products/kits/neosolar_kits_27269.jpg|[object Object]"
"NEOSOLARKITS27270","https://cdn.yellosolarhub.com/products/kits/neosolar_kits_27270.jpg","https://cdn.yellosolarhub.com/products/kits/neosolar_kits_27270.jpg|neosolar_kits_27270.jpg","imgs-index",100,2596.99,20,0,"https://cdn.yellosolarhub.com/products/kits/neosolar_kits_27270.jpg|[object Object]"
"NEOSOLARKITS27296","https://cdn.yellosolarhub.com/products/kits/neosolar_kits_27296.jpg","https://cdn.yellosolarhub.com/products/kits/neosolar_kits_27296.jpg|neosolar_kits_27296.jpg","imgs-index",100,416.99,20,0,"https://cdn.yellosolarhub.com/products/kits/neosolar_kits_27296.jpg|[object Object]"
"NEOSOLARKITS27297","https://cdn.yellosolarhub.com/products/kits/neosolar_kits_27297.jpg","https://cdn.yellosolarhub.com/products/kits/neosolar_kits_27297.jpg|neosolar_kits_27297.jpg","imgs-index",100,7548.99,20,0,"https://cdn.yellosolarhub.com/products/kits/neosolar_kits_27297.jpg|[object Object]"
"NEOSOLARKITS27298","https://cdn.yellosolarhub.com/products/kits/neosolar_kits_27298.jpg","https://cdn.yellosolarhub.com/products/kits/neosolar_kits_27298.jpg|neosolar_kits_27298.jpg","imgs-index",100,6794.99,20,0,"https://cdn.yellosolarhub.com/products/kits/neosolar_kits_27298.jpg|[object Object]"
"NEOSOLARKITS27299","https://cdn.yellosolarhub.com/products/kits/neosolar_kits_27299.jpg","https://cdn.yellosolarhub.com/products/kits/neosolar_kits_27299.jpg|neosolar_kits_27299.jpg","imgs-index",100,2603,20,0,"https://cdn.yellosolarhub.com/products/kits/neosolar_kits_27299.jpg|[object Object]"
"NEOSOLARKITS27300","https://cdn.yellosolarhub.com/products/kits/neosolar_kits_27300.jpg","https://cdn.yellosolarhub.com/products/kits/neosolar_kits_27300.jpg|neosolar_kits_27300.jpg","imgs-index",100,10526.95,20,0,"https://cdn.yellosolarhub.com/products/kits/neosolar_kits_27300.jpg|[object Object]"
"NEOSOLARKITS27301","https://cdn.yellosolarhub.com/products/kits/neosolar_kits_27301.jpg","https://cdn.yellosolarhub.com/products/kits/neosolar_kits_27301.jpg|neosolar_kits_27301.jpg","imgs-index",100,1722,20,0,"https://cdn.yellosolarhub.com/products/kits/neosolar_kits_27301.jpg|[object Object]"
"NEOSOLARKITS27302","https://cdn.yellosolarhub.com/products/kits/neosolar_kits_27302.jpg","https://cdn.yellosolarhub.com/products/kits/neosolar_kits_27302.jpg|neosolar_kits_27302.jpg","imgs-index",100,7826.99,20,0,"https://cdn.yellosolarhub.com/products/kits/neosolar_kits_27302.jpg|[object Object]"
"NEOSOLARKITS27303","https://cdn.yellosolarhub.com/products/kits/neosolar_kits_27303.jpg","https://cdn.yellosolarhub.com/products/kits/neosolar_kits_27303.jpg|neosolar_kits_27303.jpg","imgs-index",100,10911,20,0,"https://cdn.yellosolarhub.com/products/kits/neosolar_kits_27303.jpg|[object Object]"
"NEOSOLARKITS27304","https://cdn.yellosolarhub.com/products/kits/neosolar_kits_27304.jpg","https://cdn.yellosolarhub.com/products/kits/neosolar_kits_27304.jpg|neosolar_kits_27304.jpg","imgs-index",100,4610.99,20,0,"https://cdn.yellosolarhub.com/products/kits/neosolar_kits_27304.jpg|[object Object]"
"NEOSOLARKITS27305","https://cdn.yellosolarhub.com/products/kits/neosolar_kits_27305.jpg","https://cdn.yellosolarhub.com/products/kits/neosolar_kits_27305.jpg|neosolar_kits_27305.jpg","imgs-index",100,5654.99,20,0,"https://cdn.yellosolarhub.com/products/kits/neosolar_kits_27305.jpg|[object Object]"
"NEOSOLARKITS27306","https://cdn.yellosolarhub.com/products/kits/neosolar_kits_27306.jpg","https://cdn.yellosolarhub.com/products/kits/neosolar_kits_27306.jpg|neosolar_kits_27306.jpg","imgs-index",100,11771.99,20,0,"https://cdn.yellosolarhub.com/products/kits/neosolar_kits_27306.jpg|[object Object]"
"NEOSOLARKITS27313","https://cdn.yellosolarhub.com/products/kits/neosolar_kits_27313.jpg","https://cdn.yellosolarhub.com/products/kits/neosolar_kits_27313.jpg|neosolar_kits_27313.jpg","imgs-index",100,5336.99,20,0,"https://cdn.yellosolarhub.com/products/kits/neosolar_kits_27313.jpg|[object Object]"
"NEOSOLARKITS27314","https://cdn.yellosolarhub.com/products/kits/neosolar_kits_27314.jpg","https://cdn.yellosolarhub.com/products/kits/neosolar_kits_27314.jpg|neosolar_kits_27314.jpg","imgs-index",100,11369.99,20,0,"https://cdn.yellosolarhub.com/products/kits/neosolar_kits_27314.jpg|[object Object]"
"NEOSOLARKITS27315","https://cdn.yellosolarhub.com/products/kits/neosolar_kits_27315.jpg","https://cdn.yellosolarhub.com/products/kits/neosolar_kits_27315.jpg|neosolar_kits_27315.jpg","imgs-index",100,10829,20,0,"https://cdn.yellosolarhub.com/products/kits/neosolar_kits_27315.jpg|[object Object]"
"NEOSOLARKITS27339","https://cdn.yellosolarhub.com/products/kits/neosolar_kits_27339.jpg","https://cdn.yellosolarhub.com/products/kits/neosolar_kits_27339.jpg|neosolar_kits_27339.jpg","imgs-index",100,656.99,20,0,"https://cdn.yellosolarhub.com/products/kits/neosolar_kits_27339.jpg|[object Object]"
"NEOSOLARKITS27347","https://cdn.yellosolarhub.com/products/kits/neosolar_kits_27347.jpg","https://cdn.yellosolarhub.com/products/kits/neosolar_kits_27347.jpg|neosolar_kits_27347.jpg","imgs-index",100,4045.95,20,0,"https://cdn.yellosolarhub.com/products/kits/neosolar_kits_27347.jpg|[object Object]"
"NEOSOLARKITS27348","https://cdn.yellosolarhub.com/products/kits/neosolar_kits_27348.jpg","https://cdn.yellosolarhub.com/products/kits/neosolar_kits_27348.jpg|neosolar_kits_27348.jpg","imgs-index",100,5818.99,20,0,"https://cdn.yellosolarhub.com/products/kits/neosolar_kits_27348.jpg|[object Object]"
"NEOSOLARKITS27349","https://cdn.yellosolarhub.com/products/kits/neosolar_kits_27349.jpg","https://cdn.yellosolarhub.com/products/kits/neosolar_kits_27349.jpg|neosolar_kits_27349.jpg","imgs-index",100,7293.99,20,0,"https://cdn.yellosolarhub.com/products/kits/neosolar_kits_27349.jpg|[object Object]"
"NEOSOLARKITS27378","https://cdn.yellosolarhub.com/products/kits/neosolar_kits_27378.jpg","https://cdn.yellosolarhub.com/products/kits/neosolar_kits_27378.jpg|neosolar_kits_27378.jpg","imgs-index",100,8169.99,20,0,"https://cdn.yellosolarhub.com/products/kits/neosolar_kits_27378.jpg|[object Object]"
"NEOSOLARKITS27475","https://cdn.yellosolarhub.com/products/kits/neosolar_kits_27475.jpg","https://cdn.yellosolarhub.com/products/kits/neosolar_kits_27475.jpg|neosolar_kits_27475.jpg","imgs-index",100,11916.99,20,0,"https://cdn.yellosolarhub.com/products/kits/neosolar_kits_27475.jpg|[object Object]"
"NEOSOLARKITS27476","https://cdn.yellosolarhub.com/products/kits/neosolar_kits_27476.jpg","https://cdn.yellosolarhub.com/products/kits/neosolar_kits_27476.jpg|neosolar_kits_27476.jpg","imgs-index",100,12278.95,20,0,"https://cdn.yellosolarhub.com/products/kits/neosolar_kits_27476.jpg|[object Object]"
"ENPHASEIQ8P722BRIMAGEPRODUCT600340","https://cdn.yellosolarhub.com/products/inversores/ENPHASE-IQ8P-72-2-BR_IMAGE_PRODUCT_600340.jpeg","https://cdn.yellosolarhub.com/products/inversores/ENPHASE-IQ8P-72-2-BR_IMAGE_PRODUCT_600340.jpeg|ENPHASE-IQ8P-72-2-BR_IMAGE_PRODUCT_600340.jpeg","imgs-index",100,2810.95,20,0,"https://cdn.yellosolarhub.com/products/inversores/ENPHASE-IQ8P-72-2-BR_IMAGE_PRODUCT_600340.jpeg|[object Object]"
"GOODWEEZLOGGERPROIMAGE","https://cdn.yellosolarhub.com/products/inversores/GOODWE-EZLOGGER PRO_image.png","https://cdn.yellosolarhub.com/products/inversores/GOODWE-EZLOGGER PRO_image.png|GOODWE-EZLOGGER PRO_image.png","imgs-index",100,8569.99,20,0,"https://cdn.yellosolarhub.com/products/inversores/GOODWE-EZLOGGER PRO_image.png|[object Object]"
"GOODWEGW3300XS30AFCIIMAGE","https://cdn.yellosolarhub.com/products/inversores/GOODWE-GW 3300-XS-30 - AFCI_image.png","https://cdn.yellosolarhub.com/products/inversores/GOODWE-GW 3300-XS-30 - AFCI_image.png|GOODWE-GW 3300-XS-30 - AFCI_image.png","imgs-index",100,8903.95,20,0,"https://cdn.yellosolarhub.com/products/inversores/GOODWE-GW 3300-XS-30 - AFCI_image.png|[object Object]"
"GOODWEGW5000DNS3016AAFCIIMAGE","https://cdn.yellosolarhub.com/products/inversores/GOODWE-GW 5000-DNS-30 (16A) - AFCI_image.png","https://cdn.yellosolarhub.com/products/inversores/GOODWE-GW 5000-DNS-30 (16A) - AFCI_image.png|GOODWE-GW 5000-DNS-30 (16A) - AFCI_image.png","imgs-index",100,9551.99,20,0,"https://cdn.yellosolarhub.com/products/inversores/GOODWE-GW 5000-DNS-30 (16A) - AFCI_image.png|[object Object]"
"GOODWEGW2000MISIMAGEPRODUCT600329","https://cdn.yellosolarhub.com/products/inversores/GOODWE-GW2000-MIS_IMAGE_PRODUCT_600329.jpg","https://cdn.yellosolarhub.com/products/inversores/GOODWE-GW2000-MIS_IMAGE_PRODUCT_600329.jpg|GOODWE-GW2000-MIS_IMAGE_PRODUCT_600329.jpg","imgs-index",100,5763.95,20,0,"https://cdn.yellosolarhub.com/products/inversores/GOODWE-GW2000-MIS_IMAGE_PRODUCT_600329.jpg|[object Object]"
"GOODWEGW3500LESBR20IMAGEPRODUCT600361","https://cdn.yellosolarhub.com/products/inversores/GOODWE-GW3500L-ES-BR20_IMAGE_PRODUCT_600361.png","https://cdn.yellosolarhub.com/products/inversores/GOODWE-GW3500L-ES-BR20_IMAGE_PRODUCT_600361.png|GOODWE-GW3500L-ES-BR20_IMAGE_PRODUCT_600361.png","imgs-index",100,872.95,20,0,"https://cdn.yellosolarhub.com/products/inversores/GOODWE-GW3500L-ES-BR20_IMAGE_PRODUCT_600361.png|[object Object]"
"GOODWEGW3600ESBR20AFCIIMAGE","https://cdn.yellosolarhub.com/products/inversores/GOODWE-GW3600-ES-BR20 - AFCI_image.png","https://cdn.yellosolarhub.com/products/inversores/GOODWE-GW3600-ES-BR20 - AFCI_image.png|GOODWE-GW3600-ES-BR20 - AFCI_image.png","imgs-index",100,4354.99,20,0,"https://cdn.yellosolarhub.com/products/inversores/GOODWE-GW3600-ES-BR20 - AFCI_image.png|[object Object]"
"GOODWEGW6000ESBR20AFCIIMAGE","https://cdn.yellosolarhub.com/products/inversores/GOODWE-GW6000-ES-BR20 - AFCI_image.png","https://cdn.yellosolarhub.com/products/inversores/GOODWE-GW6000-ES-BR20 - AFCI_image.png|GOODWE-GW6000-ES-BR20 - AFCI_image.png","imgs-index",100,4503.95,20,0,"https://cdn.yellosolarhub.com/products/inversores/GOODWE-GW6000-ES-BR20 - AFCI_image.png|[object Object]"
"GOODWEGW6000SBP20IMAGE","https://cdn.yellosolarhub.com/products/inversores/GOODWE-GW6000-SBP-20_image.webp","https://cdn.yellosolarhub.com/products/inversores/GOODWE-GW6000-SBP-20_image.webp|GOODWE-GW6000-SBP-20_image.webp","imgs-index",100,11586.99,20,0,"https://cdn.yellosolarhub.com/products/inversores/GOODWE-GW6000-SBP-20_image.webp|[object Object]"
"192068","https://cdn.yellosolarhub.com/products/stringboxes/192068.jpg","https://cdn.yellosolarhub.com/products/stringboxes/192068.jpg|192068.jpg","imgs-index",100,11135.49,20,0,"https://cdn.yellosolarhub.com/products/stringboxes/192068.jpg|[object Object]"
"215563","https://cdn.yellosolarhub.com/products/paineis/215563.jpg","https://cdn.yellosolarhub.com/products/paineis/215563.jpg|215563.jpg","imgs-index",100,2475.99,20,0,"https://cdn.yellosolarhub.com/products/paineis/215563.jpg|[object Object]"
"289244","https://cdn.yellosolarhub.com/products/paineis/289244.jpg","https://cdn.yellosolarhub.com/products/paineis/289244.jpg|289244.jpg","imgs-index",100,4662.95,20,0,"https://cdn.yellosolarhub.com/products/paineis/289244.jpg|[object Object]"
"291808","https://cdn.yellosolarhub.com/products/paineis/291808.jpg","https://cdn.yellosolarhub.com/products/paineis/291808.jpg|291808.jpg","imgs-index",100,544,20,0,"https://cdn.yellosolarhub.com/products/paineis/291808.jpg|[object Object]"
"299586","https://cdn.yellosolarhub.com/products/paineis/299586.jpg","https://cdn.yellosolarhub.com/products/paineis/299586.jpg|299586.jpg","imgs-index",100,5127.99,20,0,"https://cdn.yellosolarhub.com/products/paineis/299586.jpg|[object Object]"
"299589","https://cdn.yellosolarhub.com/products/paineis/299589.jpg","https://cdn.yellosolarhub.com/products/paineis/299589.jpg|299589.jpg","imgs-index",100,939.99,20,0,"https://cdn.yellosolarhub.com/products/paineis/299589.jpg|[object Object]"
"300585","https://cdn.yellosolarhub.com/products/paineis/300585.jpg","https://cdn.yellosolarhub.com/products/paineis/300585.jpg|300585.jpg","imgs-index",100,9102,20,0,"https://cdn.yellosolarhub.com/products/paineis/300585.jpg|[object Object]"
"304574","https://cdn.yellosolarhub.com/products/paineis/304574.jpg","https://cdn.yellosolarhub.com/products/paineis/304574.jpg|304574.jpg","imgs-index",100,1423,20,0,"https://cdn.yellosolarhub.com/products/paineis/304574.jpg|[object Object]"
"IMAGE","https://cdn.yellosolarhub.com/products/acessorios/image.png","https://cdn.yellosolarhub.com/products/acessorios/image.png|image.png","imgs-index",100,10899.99,20,0,"https://cdn.yellosolarhub.com/products/acessorios/image.png|https://cdn.yellosolarhub.com/products/cabos/image.png|https://cdn.yellosolarhub.com/products/cabos/image.webp|https://cdn.yellosolarhub.com/products/inversores/image.jpeg|https://cdn.yellosolarhub.com/products/inversores/image.jpg"
"IMAGEPRODUCT450083","https://cdn.yellosolarhub.com/products/acessorios/IMAGE_PRODUCT_450083.png","https://cdn.yellosolarhub.com/products/acessorios/IMAGE_PRODUCT_450083.png|IMAGE_PRODUCT_450083.png","imgs-index",100,3707.99,20,0,"https://cdn.yellosolarhub.com/products/acessorios/IMAGE_PRODUCT_450083.png|[object Object]"
"IMAGEPRODUCT450094","https://cdn.yellosolarhub.com/products/acessorios/IMAGE_PRODUCT_450094.png","https://cdn.yellosolarhub.com/products/acessorios/IMAGE_PRODUCT_450094.png|IMAGE_PRODUCT_450094.png","imgs-index",100,9836,20,0,"https://cdn.yellosolarhub.com/products/acessorios/IMAGE_PRODUCT_450094.png|[object Object]"
"IMAGEPRODUCT450114","https://cdn.yellosolarhub.com/products/acessorios/IMAGE_PRODUCT_450114.png","https://cdn.yellosolarhub.com/products/acessorios/IMAGE_PRODUCT_450114.png|IMAGE_PRODUCT_450114.png","imgs-index",100,8283.95,20,0,"https://cdn.yellosolarhub.com/products/acessorios/IMAGE_PRODUCT_450114.png|[object Object]"
"IMAGEPRODUCT450118","https://cdn.yellosolarhub.com/products/acessorios/IMAGE_PRODUCT_450118.jpg","https://cdn.yellosolarhub.com/products/acessorios/IMAGE_PRODUCT_450118.jpg|IMAGE_PRODUCT_450118.jpg","imgs-index",100,4955.95,20,0,"https://cdn.yellosolarhub.com/products/acessorios/IMAGE_PRODUCT_450118.jpg|[object Object]"
"IMAGEPRODUCT450123","https://cdn.yellosolarhub.com/products/acessorios/IMAGE_PRODUCT_450123.png","https://cdn.yellosolarhub.com/products/acessorios/IMAGE_PRODUCT_450123.png|IMAGE_PRODUCT_450123.png","imgs-index",100,8637,20,0,"https://cdn.yellosolarhub.com/products/acessorios/IMAGE_PRODUCT_450123.png|[object Object]"
"PAINELBYDBYD530WMLK36530W","https://cdn.yellosolarhub.com/products/BYD/PAINEL-BYD-BYD-530W-MLK-36---530W.png","https://cdn.yellosolarhub.com/products/BYD/PAINEL-BYD-BYD-530W-MLK-36---530W.png|PAINEL-BYD-BYD-530W-MLK-36---530W.png","imgs-index",100,956,20,0,"https://cdn.yellosolarhub.com/products/BYD/PAINEL-BYD-BYD-530W-MLK-36---530W.png|[object Object]"
"NEOSOLARCHARGERS20031","https://cdn.yellosolarhub.com/products/carregadores/NEOSOLAR_CHARGERS_20031.jpg","https://cdn.yellosolarhub.com/products/carregadores/NEOSOLAR_CHARGERS_20031.jpg|NEOSOLAR_CHARGERS_20031.jpg","imgs-index",100,4447.99,20,0,"https://cdn.yellosolarhub.com/products/carregadores/NEOSOLAR_CHARGERS_20031.jpg|[object Object]"
"NEOSOLARCHARGERS20034","https://cdn.yellosolarhub.com/products/carregadores/NEOSOLAR_CHARGERS_20034.jpg","https://cdn.yellosolarhub.com/products/carregadores/NEOSOLAR_CHARGERS_20034.jpg|NEOSOLAR_CHARGERS_20034.jpg","imgs-index",100,8546.99,20,0,"https://cdn.yellosolarhub.com/products/carregadores/NEOSOLAR_CHARGERS_20034.jpg|[object Object]"
"NEOSOLARCHARGERS20035","https://cdn.yellosolarhub.com/products/carregadores/NEOSOLAR_CHARGERS_20035.jpg","https://cdn.yellosolarhub.com/products/carregadores/NEOSOLAR_CHARGERS_20035.jpg|NEOSOLAR_CHARGERS_20035.jpg","imgs-index",100,5336,20,0,"https://cdn.yellosolarhub.com/products/carregadores/NEOSOLAR_CHARGERS_20035.jpg|[object Object]"
"NEOSOLARCHARGERS20043","https://cdn.yellosolarhub.com/products/carregadores/NEOSOLAR_CHARGERS_20043.jpg","https://cdn.yellosolarhub.com/products/carregadores/NEOSOLAR_CHARGERS_20043.jpg|NEOSOLAR_CHARGERS_20043.jpg","imgs-index",100,11744.99,20,0,"https://cdn.yellosolarhub.com/products/carregadores/NEOSOLAR_CHARGERS_20043.jpg|[object Object]"
"NEOSOLARCHARGERS20044","https://cdn.yellosolarhub.com/products/carregadores/NEOSOLAR_CHARGERS_20044.jpg","https://cdn.yellosolarhub.com/products/carregadores/NEOSOLAR_CHARGERS_20044.jpg|NEOSOLAR_CHARGERS_20044.jpg","imgs-index",100,5932.99,20,0,"https://cdn.yellosolarhub.com/products/carregadores/NEOSOLAR_CHARGERS_20044.jpg|[object Object]"
"NEOSOLARCHARGERS20045","https://cdn.yellosolarhub.com/products/carregadores/NEOSOLAR_CHARGERS_20045.jpg","https://cdn.yellosolarhub.com/products/carregadores/NEOSOLAR_CHARGERS_20045.jpg|NEOSOLAR_CHARGERS_20045.jpg","imgs-index",100,357.99,20,0,"https://cdn.yellosolarhub.com/products/carregadores/NEOSOLAR_CHARGERS_20045.jpg|[object Object]"
"NEOSOLARCHARGERS20858","https://cdn.yellosolarhub.com/products/carregadores/neosolar_chargers_20858.jpg","https://cdn.yellosolarhub.com/products/carregadores/neosolar_chargers_20858.jpg|neosolar_chargers_20858.jpg","imgs-index",100,12307.99,20,0,"https://cdn.yellosolarhub.com/products/carregadores/neosolar_chargers_20858.jpg|[object Object]"
"NEOSOLARCHARGERS20859","https://cdn.yellosolarhub.com/products/carregadores/NEOSOLAR_CHARGERS_20859.jpg","https://cdn.yellosolarhub.com/products/carregadores/NEOSOLAR_CHARGERS_20859.jpg|NEOSOLAR_CHARGERS_20859.jpg","imgs-index",100,11006.95,20,0,"https://cdn.yellosolarhub.com/products/carregadores/NEOSOLAR_CHARGERS_20859.jpg|[object Object]"
"NEOSOLARCHARGERS20860","https://cdn.yellosolarhub.com/products/carregadores/NEOSOLAR_CHARGERS_20860.jpg","https://cdn.yellosolarhub.com/products/carregadores/NEOSOLAR_CHARGERS_20860.jpg|NEOSOLAR_CHARGERS_20860.jpg","imgs-index",100,7013,20,0,"https://cdn.yellosolarhub.com/products/carregadores/NEOSOLAR_CHARGERS_20860.jpg|[object Object]"
"NEOSOLARCHARGERS20861","https://cdn.yellosolarhub.com/products/carregadores/NEOSOLAR_CHARGERS_20861.jpg","https://cdn.yellosolarhub.com/products/carregadores/NEOSOLAR_CHARGERS_20861.jpg|NEOSOLAR_CHARGERS_20861.jpg","imgs-index",100,4391,20,0,"https://cdn.yellosolarhub.com/products/carregadores/NEOSOLAR_CHARGERS_20861.jpg|[object Object]"
"NEOSOLARCHARGERS20862","https://cdn.yellosolarhub.com/products/carregadores/NEOSOLAR_CHARGERS_20862.jpg","https://cdn.yellosolarhub.com/products/carregadores/NEOSOLAR_CHARGERS_20862.jpg|NEOSOLAR_CHARGERS_20862.jpg","imgs-index",100,8267.49,20,0,"https://cdn.yellosolarhub.com/products/carregadores/NEOSOLAR_CHARGERS_20862.jpg|[object Object]"
"NEOSOLARCHARGERS20863","https://cdn.yellosolarhub.com/products/carregadores/NEOSOLAR_CHARGERS_20863.jpg","https://cdn.yellosolarhub.com/products/carregadores/NEOSOLAR_CHARGERS_20863.jpg|NEOSOLAR_CHARGERS_20863.jpg","imgs-index",100,8247.99,20,0,"https://cdn.yellosolarhub.com/products/carregadores/NEOSOLAR_CHARGERS_20863.jpg|[object Object]"
"NEOSOLARCHARGERS20864","https://cdn.yellosolarhub.com/products/carregadores/NEOSOLAR_CHARGERS_20864.jpg","https://cdn.yellosolarhub.com/products/carregadores/NEOSOLAR_CHARGERS_20864.jpg|NEOSOLAR_CHARGERS_20864.jpg","imgs-index",100,5062.99,20,0,"https://cdn.yellosolarhub.com/products/carregadores/NEOSOLAR_CHARGERS_20864.jpg|[object Object]"
"NEOSOLARCHARGERS20865","https://cdn.yellosolarhub.com/products/carregadores/neosolar_chargers_20865.jpg","https://cdn.yellosolarhub.com/products/carregadores/neosolar_chargers_20865.jpg|neosolar_chargers_20865.jpg","imgs-index",100,3758,20,0,"https://cdn.yellosolarhub.com/products/carregadores/neosolar_chargers_20865.jpg|[object Object]"
"NEOSOLARCHARGERS20866","https://cdn.yellosolarhub.com/products/carregadores/neosolar_chargers_20866.jpg","https://cdn.yellosolarhub.com/products/carregadores/neosolar_chargers_20866.jpg|neosolar_chargers_20866.jpg","imgs-index",100,1562.99,20,0,"https://cdn.yellosolarhub.com/products/carregadores/neosolar_chargers_20866.jpg|[object Object]"
"NEOSOLARCHARGERS20868","https://cdn.yellosolarhub.com/products/carregadores/NEOSOLAR_CHARGERS_20868.jpg","https://cdn.yellosolarhub.com/products/carregadores/NEOSOLAR_CHARGERS_20868.jpg|NEOSOLAR_CHARGERS_20868.jpg","imgs-index",100,1280.99,20,0,"https://cdn.yellosolarhub.com/products/carregadores/NEOSOLAR_CHARGERS_20868.jpg|[object Object]"
"NEOSOLARCHARGERS20870","https://cdn.yellosolarhub.com/products/carregadores/NEOSOLAR_CHARGERS_20870.jpg","https://cdn.yellosolarhub.com/products/carregadores/NEOSOLAR_CHARGERS_20870.jpg|NEOSOLAR_CHARGERS_20870.jpg","imgs-index",100,10989.99,20,0,"https://cdn.yellosolarhub.com/products/carregadores/NEOSOLAR_CHARGERS_20870.jpg|[object Object]"
"NEOSOLARCHARGERS20871","https://cdn.yellosolarhub.com/products/carregadores/NEOSOLAR_CHARGERS_20871.jpg","https://cdn.yellosolarhub.com/products/carregadores/NEOSOLAR_CHARGERS_20871.jpg|NEOSOLAR_CHARGERS_20871.jpg","imgs-index",100,8550,20,0,"https://cdn.yellosolarhub.com/products/carregadores/NEOSOLAR_CHARGERS_20871.jpg|[object Object]"
"NEOSOLARCHARGERS20872","https://cdn.yellosolarhub.com/products/carregadores/NEOSOLAR_CHARGERS_20872.jpg","https://cdn.yellosolarhub.com/products/carregadores/NEOSOLAR_CHARGERS_20872.jpg|NEOSOLAR_CHARGERS_20872.jpg","imgs-index",100,7790.95,20,0,"https://cdn.yellosolarhub.com/products/carregadores/NEOSOLAR_CHARGERS_20872.jpg|[object Object]"
"NEOSOLARCHARGERS20873","https://cdn.yellosolarhub.com/products/carregadores/neosolar_chargers_20873.jpg","https://cdn.yellosolarhub.com/products/carregadores/neosolar_chargers_20873.jpg|neosolar_chargers_20873.jpg","imgs-index",100,9783.99,20,0,"https://cdn.yellosolarhub.com/products/carregadores/neosolar_chargers_20873.jpg|[object Object]"
"NEOSOLARCHARGERS21294","https://cdn.yellosolarhub.com/products/carregadores/NEOSOLAR_CHARGERS_21294.jpg","https://cdn.yellosolarhub.com/products/carregadores/NEOSOLAR_CHARGERS_21294.jpg|NEOSOLAR_CHARGERS_21294.jpg","imgs-index",100,4444.49,20,0,"https://cdn.yellosolarhub.com/products/carregadores/NEOSOLAR_CHARGERS_21294.jpg|[object Object]"
"NEOSOLARCHARGERS21295","https://cdn.yellosolarhub.com/products/carregadores/NEOSOLAR_CHARGERS_21295.jpg","https://cdn.yellosolarhub.com/products/carregadores/NEOSOLAR_CHARGERS_21295.jpg|NEOSOLAR_CHARGERS_21295.jpg","imgs-index",100,10005,20,0,"https://cdn.yellosolarhub.com/products/carregadores/NEOSOLAR_CHARGERS_21295.jpg|[object Object]"
"NEOSOLARCHARGERS21741","https://cdn.yellosolarhub.com/products/carregadores/neosolar_chargers_21741.jpg","https://cdn.yellosolarhub.com/products/carregadores/neosolar_chargers_21741.jpg|neosolar_chargers_21741.jpg","imgs-index",100,850,20,0,"https://cdn.yellosolarhub.com/products/carregadores/neosolar_chargers_21741.jpg|[object Object]"
"NEOSOLARCHARGERS21742","https://cdn.yellosolarhub.com/products/carregadores/neosolar_chargers_21742.jpg","https://cdn.yellosolarhub.com/products/carregadores/neosolar_chargers_21742.jpg|neosolar_chargers_21742.jpg","imgs-index",100,5157,20,0,"https://cdn.yellosolarhub.com/products/carregadores/neosolar_chargers_21742.jpg|[object Object]"
"NEOSOLARCHARGERS21743","https://cdn.yellosolarhub.com/products/carregadores/neosolar_chargers_21743.jpg","https://cdn.yellosolarhub.com/products/carregadores/neosolar_chargers_21743.jpg|neosolar_chargers_21743.jpg","imgs-index",100,6288,20,0,"https://cdn.yellosolarhub.com/products/carregadores/neosolar_chargers_21743.jpg|[object Object]"
"NEOSOLARCHARGERS21751","https://cdn.yellosolarhub.com/products/carregadores/neosolar_chargers_21751.jpg","https://cdn.yellosolarhub.com/products/carregadores/neosolar_chargers_21751.jpg|neosolar_chargers_21751.jpg","imgs-index",100,7992.49,20,0,"https://cdn.yellosolarhub.com/products/carregadores/neosolar_chargers_21751.jpg|[object Object]"
"NEOSOLARCHARGERS21755","https://cdn.yellosolarhub.com/products/carregadores/neosolar_chargers_21755.jpg","https://cdn.yellosolarhub.com/products/carregadores/neosolar_chargers_21755.jpg|neosolar_chargers_21755.jpg","imgs-index",100,3913.99,20,0,"https://cdn.yellosolarhub.com/products/carregadores/neosolar_chargers_21755.jpg|[object Object]"
"NEOSOLARCHARGERS21756","https://cdn.yellosolarhub.com/products/carregadores/neosolar_chargers_21756.jpg","https://cdn.yellosolarhub.com/products/carregadores/neosolar_chargers_21756.jpg|neosolar_chargers_21756.jpg","imgs-index",100,4349.99,20,0,"https://cdn.yellosolarhub.com/products/carregadores/neosolar_chargers_21756.jpg|[object Object]"
"NEOSOLARCHARGERS21757","https://cdn.yellosolarhub.com/products/carregadores/NEOSOLAR_CHARGERS_21757.jpg","https://cdn.yellosolarhub.com/products/carregadores/NEOSOLAR_CHARGERS_21757.jpg|NEOSOLAR_CHARGERS_21757.jpg","imgs-index",100,6154.95,20,0,"https://cdn.yellosolarhub.com/products/carregadores/NEOSOLAR_CHARGERS_21757.jpg|[object Object]"
"NEOSOLARCHARGERS22154","https://cdn.yellosolarhub.com/products/carregadores/NEOSOLAR_CHARGERS_22154.jpg","https://cdn.yellosolarhub.com/products/carregadores/NEOSOLAR_CHARGERS_22154.jpg|NEOSOLAR_CHARGERS_22154.jpg","imgs-index",100,8287.95,20,0,"https://cdn.yellosolarhub.com/products/carregadores/NEOSOLAR_CHARGERS_22154.jpg|[object Object]"
"NEOSOLARCHARGERS23757","https://cdn.yellosolarhub.com/products/carregadores/NEOSOLAR_CHARGERS_23757.jpg","https://cdn.yellosolarhub.com/products/carregadores/NEOSOLAR_CHARGERS_23757.jpg|NEOSOLAR_CHARGERS_23757.jpg","imgs-index",100,8188,20,0,"https://cdn.yellosolarhub.com/products/carregadores/NEOSOLAR_CHARGERS_23757.jpg|[object Object]"
"NEOSOLARCHARGERS23758","https://cdn.yellosolarhub.com/products/carregadores/NEOSOLAR_CHARGERS_23758.jpg","https://cdn.yellosolarhub.com/products/carregadores/NEOSOLAR_CHARGERS_23758.jpg|NEOSOLAR_CHARGERS_23758.jpg","imgs-index",100,1028.99,20,0,"https://cdn.yellosolarhub.com/products/carregadores/NEOSOLAR_CHARGERS_23758.jpg|[object Object]"
"NEOSOLARCHARGERS23759","https://cdn.yellosolarhub.com/products/carregadores/NEOSOLAR_CHARGERS_23759.jpg","https://cdn.yellosolarhub.com/products/carregadores/NEOSOLAR_CHARGERS_23759.jpg|NEOSOLAR_CHARGERS_23759.jpg","imgs-index",100,12201,20,0,"https://cdn.yellosolarhub.com/products/carregadores/NEOSOLAR_CHARGERS_23759.jpg|[object Object]"
"NEOSOLARCHARGERS23760","https://cdn.yellosolarhub.com/products/carregadores/NEOSOLAR_CHARGERS_23760.jpg","https://cdn.yellosolarhub.com/products/carregadores/NEOSOLAR_CHARGERS_23760.jpg|NEOSOLAR_CHARGERS_23760.jpg","imgs-index",100,476,20,0,"https://cdn.yellosolarhub.com/products/carregadores/NEOSOLAR_CHARGERS_23760.jpg|[object Object]"
"NEOSOLARCHARGERS23761","https://cdn.yellosolarhub.com/products/carregadores/NEOSOLAR_CHARGERS_23761.jpg","https://cdn.yellosolarhub.com/products/carregadores/NEOSOLAR_CHARGERS_23761.jpg|NEOSOLAR_CHARGERS_23761.jpg","imgs-index",100,11601.99,20,0,"https://cdn.yellosolarhub.com/products/carregadores/NEOSOLAR_CHARGERS_23761.jpg|[object Object]"
"NEOSOLARCHARGERS23762","https://cdn.yellosolarhub.com/products/carregadores/neosolar_chargers_23762.jpg","https://cdn.yellosolarhub.com/products/carregadores/neosolar_chargers_23762.jpg|neosolar_chargers_23762.jpg","imgs-index",100,12516.49,20,0,"https://cdn.yellosolarhub.com/products/carregadores/neosolar_chargers_23762.jpg|[object Object]"
"NEOSOLARCHARGERS24019","https://cdn.yellosolarhub.com/products/carregadores/NEOSOLAR_CHARGERS_24019.jpg","https://cdn.yellosolarhub.com/products/carregadores/NEOSOLAR_CHARGERS_24019.jpg|NEOSOLAR_CHARGERS_24019.jpg","imgs-index",100,2496.99,20,0,"https://cdn.yellosolarhub.com/products/carregadores/NEOSOLAR_CHARGERS_24019.jpg|[object Object]"
"NEOSOLARCHARGERS24021","https://cdn.yellosolarhub.com/products/carregadores/NEOSOLAR_CHARGERS_24021.jpg","https://cdn.yellosolarhub.com/products/carregadores/NEOSOLAR_CHARGERS_24021.jpg|NEOSOLAR_CHARGERS_24021.jpg","imgs-index",100,3563.95,20,0,"https://cdn.yellosolarhub.com/products/carregadores/NEOSOLAR_CHARGERS_24021.jpg|[object Object]"
"NEOSOLARCHARGERS24072","https://cdn.yellosolarhub.com/products/carregadores/NEOSOLAR_CHARGERS_24072.jpg","https://cdn.yellosolarhub.com/products/carregadores/NEOSOLAR_CHARGERS_24072.jpg|NEOSOLAR_CHARGERS_24072.jpg","imgs-index",100,4037.95,20,0,"https://cdn.yellosolarhub.com/products/carregadores/NEOSOLAR_CHARGERS_24072.jpg|[object Object]"
"NEOSOLARCHARGERS24249","https://cdn.yellosolarhub.com/products/carregadores/NEOSOLAR_CHARGERS_24249.jpg","https://cdn.yellosolarhub.com/products/carregadores/NEOSOLAR_CHARGERS_24249.jpg|NEOSOLAR_CHARGERS_24249.jpg","imgs-index",100,4667.99,20,0,"https://cdn.yellosolarhub.com/products/carregadores/NEOSOLAR_CHARGERS_24249.jpg|[object Object]"
"NEOSOLARCHARGERS24467","https://cdn.yellosolarhub.com/products/carregadores/NEOSOLAR_CHARGERS_24467.jpg","https://cdn.yellosolarhub.com/products/carregadores/NEOSOLAR_CHARGERS_24467.jpg|NEOSOLAR_CHARGERS_24467.jpg","imgs-index",100,7482.99,20,0,"https://cdn.yellosolarhub.com/products/carregadores/NEOSOLAR_CHARGERS_24467.jpg|[object Object]"
"NEOSOLARCHARGERS24468","https://cdn.yellosolarhub.com/products/carregadores/neosolar_chargers_24468.jpg","https://cdn.yellosolarhub.com/products/carregadores/neosolar_chargers_24468.jpg|neosolar_chargers_24468.jpg","imgs-index",100,8839,20,0,"https://cdn.yellosolarhub.com/products/carregadores/neosolar_chargers_24468.jpg|[object Object]"
"NEOSOLARCHARGERS24473","https://cdn.yellosolarhub.com/products/carregadores/NEOSOLAR_CHARGERS_24473.jpg","https://cdn.yellosolarhub.com/products/carregadores/NEOSOLAR_CHARGERS_24473.jpg|NEOSOLAR_CHARGERS_24473.jpg","imgs-index",100,9925.95,20,0,"https://cdn.yellosolarhub.com/products/carregadores/NEOSOLAR_CHARGERS_24473.jpg|[object Object]"
"NEOSOLARCHARGERS24474","https://cdn.yellosolarhub.com/products/carregadores/NEOSOLAR_CHARGERS_24474.jpg","https://cdn.yellosolarhub.com/products/carregadores/NEOSOLAR_CHARGERS_24474.jpg|NEOSOLAR_CHARGERS_24474.jpg","imgs-index",100,7948,20,0,"https://cdn.yellosolarhub.com/products/carregadores/NEOSOLAR_CHARGERS_24474.jpg|[object Object]"
"NEOSOLARCHARGERS24475","https://cdn.yellosolarhub.com/products/carregadores/NEOSOLAR_CHARGERS_24475.jpg","https://cdn.yellosolarhub.com/products/carregadores/NEOSOLAR_CHARGERS_24475.jpg|NEOSOLAR_CHARGERS_24475.jpg","imgs-index",100,7347,20,0,"https://cdn.yellosolarhub.com/products/carregadores/NEOSOLAR_CHARGERS_24475.jpg|[object Object]"
"NEOSOLARCHARGERS24593","https://cdn.yellosolarhub.com/products/carregadores/neosolar_chargers_24593.jpg","https://cdn.yellosolarhub.com/products/carregadores/neosolar_chargers_24593.jpg|neosolar_chargers_24593.jpg","imgs-index",100,4783.49,20,0,"https://cdn.yellosolarhub.com/products/carregadores/neosolar_chargers_24593.jpg|[object Object]"
"NEOSOLARCHARGERS24594","https://cdn.yellosolarhub.com/products/carregadores/neosolar_chargers_24594.jpg","https://cdn.yellosolarhub.com/products/carregadores/neosolar_chargers_24594.jpg|neosolar_chargers_24594.jpg","imgs-index",100,3563.49,20,0,"https://cdn.yellosolarhub.com/products/carregadores/neosolar_chargers_24594.jpg|[object Object]"
"NEOSOLARCHARGERS24606","https://cdn.yellosolarhub.com/products/carregadores/NEOSOLAR_CHARGERS_24606.jpg","https://cdn.yellosolarhub.com/products/carregadores/NEOSOLAR_CHARGERS_24606.jpg|NEOSOLAR_CHARGERS_24606.jpg","imgs-index",100,9336,20,0,"https://cdn.yellosolarhub.com/products/carregadores/NEOSOLAR_CHARGERS_24606.jpg|[object Object]"
"NEOSOLARCHARGERS24607","https://cdn.yellosolarhub.com/products/carregadores/NEOSOLAR_CHARGERS_24607.jpg","https://cdn.yellosolarhub.com/products/carregadores/NEOSOLAR_CHARGERS_24607.jpg|NEOSOLAR_CHARGERS_24607.jpg","imgs-index",100,6236.99,20,0,"https://cdn.yellosolarhub.com/products/carregadores/NEOSOLAR_CHARGERS_24607.jpg|[object Object]"
"NEOSOLARCHARGERS24608","https://cdn.yellosolarhub.com/products/carregadores/NEOSOLAR_CHARGERS_24608.jpg","https://cdn.yellosolarhub.com/products/carregadores/NEOSOLAR_CHARGERS_24608.jpg|NEOSOLAR_CHARGERS_24608.jpg","imgs-index",100,5545.95,20,0,"https://cdn.yellosolarhub.com/products/carregadores/NEOSOLAR_CHARGERS_24608.jpg|[object Object]"
"NEOSOLARCHARGERS24609","https://cdn.yellosolarhub.com/products/carregadores/neosolar_chargers_24609.jpg","https://cdn.yellosolarhub.com/products/carregadores/neosolar_chargers_24609.jpg|neosolar_chargers_24609.jpg","imgs-index",100,12224.95,20,0,"https://cdn.yellosolarhub.com/products/carregadores/neosolar_chargers_24609.jpg|[object Object]"
"NEOSOLARCHARGERS24713","https://cdn.yellosolarhub.com/products/carregadores/neosolar_chargers_24713.jpg","https://cdn.yellosolarhub.com/products/carregadores/neosolar_chargers_24713.jpg|neosolar_chargers_24713.jpg","imgs-index",100,9271.99,20,0,"https://cdn.yellosolarhub.com/products/carregadores/neosolar_chargers_24713.jpg|[object Object]"
"NEOSOLARCHARGERS24714","https://cdn.yellosolarhub.com/products/carregadores/neosolar_chargers_24714.jpg","https://cdn.yellosolarhub.com/products/carregadores/neosolar_chargers_24714.jpg|neosolar_chargers_24714.jpg","imgs-index",100,10560.95,20,0,"https://cdn.yellosolarhub.com/products/carregadores/neosolar_chargers_24714.jpg|[object Object]"
"NEOSOLARCHARGERS24715","https://cdn.yellosolarhub.com/products/carregadores/NEOSOLAR_CHARGERS_24715.jpg","https://cdn.yellosolarhub.com/products/carregadores/NEOSOLAR_CHARGERS_24715.jpg|NEOSOLAR_CHARGERS_24715.jpg","imgs-index",100,4383.99,20,0,"https://cdn.yellosolarhub.com/products/carregadores/NEOSOLAR_CHARGERS_24715.jpg|[object Object]"
"NEOSOLARCHARGERS24716","https://cdn.yellosolarhub.com/products/carregadores/NEOSOLAR_CHARGERS_24716.jpg","https://cdn.yellosolarhub.com/products/carregadores/NEOSOLAR_CHARGERS_24716.jpg|NEOSOLAR_CHARGERS_24716.jpg","imgs-index",100,11050.99,20,0,"https://cdn.yellosolarhub.com/products/carregadores/NEOSOLAR_CHARGERS_24716.jpg|[object Object]"
"NEOSOLARCHARGERS24717","https://cdn.yellosolarhub.com/products/carregadores/NEOSOLAR_CHARGERS_24717.jpg","https://cdn.yellosolarhub.com/products/carregadores/NEOSOLAR_CHARGERS_24717.jpg|NEOSOLAR_CHARGERS_24717.jpg","imgs-index",100,7320.99,20,0,"https://cdn.yellosolarhub.com/products/carregadores/NEOSOLAR_CHARGERS_24717.jpg|[object Object]"
"NEOSOLARCHARGERS24718","https://cdn.yellosolarhub.com/products/carregadores/NEOSOLAR_CHARGERS_24718.jpg","https://cdn.yellosolarhub.com/products/carregadores/NEOSOLAR_CHARGERS_24718.jpg|NEOSOLAR_CHARGERS_24718.jpg","imgs-index",100,11501.99,20,0,"https://cdn.yellosolarhub.com/products/carregadores/NEOSOLAR_CHARGERS_24718.jpg|[object Object]"
"NEOSOLARCHARGERS24795","https://cdn.yellosolarhub.com/products/carregadores/NEOSOLAR_CHARGERS_24795.jpg","https://cdn.yellosolarhub.com/products/carregadores/NEOSOLAR_CHARGERS_24795.jpg|NEOSOLAR_CHARGERS_24795.jpg","imgs-index",100,7438.95,20,0,"https://cdn.yellosolarhub.com/products/carregadores/NEOSOLAR_CHARGERS_24795.jpg|[object Object]"
"NEOSOLARCHARGERS24801","https://cdn.yellosolarhub.com/products/carregadores/NEOSOLAR_CHARGERS_24801.jpg","https://cdn.yellosolarhub.com/products/carregadores/NEOSOLAR_CHARGERS_24801.jpg|NEOSOLAR_CHARGERS_24801.jpg","imgs-index",100,1502.99,20,0,"https://cdn.yellosolarhub.com/products/carregadores/NEOSOLAR_CHARGERS_24801.jpg|[object Object]"
"NEOSOLARCHARGERS24802","https://cdn.yellosolarhub.com/products/carregadores/NEOSOLAR_CHARGERS_24802.jpg","https://cdn.yellosolarhub.com/products/carregadores/NEOSOLAR_CHARGERS_24802.jpg|NEOSOLAR_CHARGERS_24802.jpg","imgs-index",100,2773.99,20,0,"https://cdn.yellosolarhub.com/products/carregadores/NEOSOLAR_CHARGERS_24802.jpg|[object Object]"
"NEOSOLARCHARGERS25012","https://cdn.yellosolarhub.com/products/carregadores/NEOSOLAR_CHARGERS_25012.jpg","https://cdn.yellosolarhub.com/products/carregadores/NEOSOLAR_CHARGERS_25012.jpg|NEOSOLAR_CHARGERS_25012.jpg","imgs-index",100,10776.95,20,0,"https://cdn.yellosolarhub.com/products/carregadores/NEOSOLAR_CHARGERS_25012.jpg|[object Object]"
"NEOSOLARCHARGERS25023","https://cdn.yellosolarhub.com/products/carregadores/NEOSOLAR_CHARGERS_25023.jpg","https://cdn.yellosolarhub.com/products/carregadores/NEOSOLAR_CHARGERS_25023.jpg|NEOSOLAR_CHARGERS_25023.jpg","imgs-index",100,11349.99,20,0,"https://cdn.yellosolarhub.com/products/carregadores/NEOSOLAR_CHARGERS_25023.jpg|[object Object]"
"NEOSOLARCHARGERS25024","https://cdn.yellosolarhub.com/products/carregadores/NEOSOLAR_CHARGERS_25024.jpg","https://cdn.yellosolarhub.com/products/carregadores/NEOSOLAR_CHARGERS_25024.jpg|NEOSOLAR_CHARGERS_25024.jpg","imgs-index",100,12381.99,20,0,"https://cdn.yellosolarhub.com/products/carregadores/NEOSOLAR_CHARGERS_25024.jpg|[object Object]"
"NEOSOLARCHARGERS25025","https://cdn.yellosolarhub.com/products/carregadores/NEOSOLAR_CHARGERS_25025.jpg","https://cdn.yellosolarhub.com/products/carregadores/NEOSOLAR_CHARGERS_25025.jpg|NEOSOLAR_CHARGERS_25025.jpg","imgs-index",100,10959.95,20,0,"https://cdn.yellosolarhub.com/products/carregadores/NEOSOLAR_CHARGERS_25025.jpg|[object Object]"
"NEOSOLARCHARGERS25128","https://cdn.yellosolarhub.com/products/carregadores/NEOSOLAR_CHARGERS_25128.jpg","https://cdn.yellosolarhub.com/products/carregadores/NEOSOLAR_CHARGERS_25128.jpg|NEOSOLAR_CHARGERS_25128.jpg","imgs-index",100,4392.99,20,0,"https://cdn.yellosolarhub.com/products/carregadores/NEOSOLAR_CHARGERS_25128.jpg|[object Object]"
"NEOSOLARCHARGERS25220","https://cdn.yellosolarhub.com/products/carregadores/NEOSOLAR_CHARGERS_25220.jpg","https://cdn.yellosolarhub.com/products/carregadores/NEOSOLAR_CHARGERS_25220.jpg|NEOSOLAR_CHARGERS_25220.jpg","imgs-index",100,11864.99,20,0,"https://cdn.yellosolarhub.com/products/carregadores/NEOSOLAR_CHARGERS_25220.jpg|[object Object]"
"NEOSOLARCHARGERS26359","https://cdn.yellosolarhub.com/products/carregadores/neosolar_chargers_26359.jpg","https://cdn.yellosolarhub.com/products/carregadores/neosolar_chargers_26359.jpg|neosolar_chargers_26359.jpg","imgs-index",100,1692.95,20,0,"https://cdn.yellosolarhub.com/products/carregadores/neosolar_chargers_26359.jpg|[object Object]"
"NEOSOLARCHARGERS26360","https://cdn.yellosolarhub.com/products/carregadores/NEOSOLAR_CHARGERS_26360.jpg","https://cdn.yellosolarhub.com/products/carregadores/NEOSOLAR_CHARGERS_26360.jpg|NEOSOLAR_CHARGERS_26360.jpg","imgs-index",100,5028.99,20,0,"https://cdn.yellosolarhub.com/products/carregadores/NEOSOLAR_CHARGERS_26360.jpg|[object Object]"
"NEOSOLARCHARGERS26361","https://cdn.yellosolarhub.com/products/carregadores/neosolar_chargers_26361.jpg","https://cdn.yellosolarhub.com/products/carregadores/neosolar_chargers_26361.jpg|neosolar_chargers_26361.jpg","imgs-index",100,10669.99,20,0,"https://cdn.yellosolarhub.com/products/carregadores/neosolar_chargers_26361.jpg|[object Object]"
"NEOSOLARCHARGERS26525","https://cdn.yellosolarhub.com/products/carregadores/neosolar_chargers_26525.jpg","https://cdn.yellosolarhub.com/products/carregadores/neosolar_chargers_26525.jpg|neosolar_chargers_26525.jpg","imgs-index",100,4194.99,20,0,"https://cdn.yellosolarhub.com/products/carregadores/neosolar_chargers_26525.jpg|[object Object]"
"NEOSOLARCHARGERS26526","https://cdn.yellosolarhub.com/products/carregadores/neosolar_chargers_26526.jpg","https://cdn.yellosolarhub.com/products/carregadores/neosolar_chargers_26526.jpg|neosolar_chargers_26526.jpg","imgs-index",100,677,20,0,"https://cdn.yellosolarhub.com/products/carregadores/neosolar_chargers_26526.jpg|[object Object]"
"NEOSOLARCHARGERS26900","https://cdn.yellosolarhub.com/products/carregadores/NEOSOLAR_CHARGERS_26900.jpg","https://cdn.yellosolarhub.com/products/carregadores/NEOSOLAR_CHARGERS_26900.jpg|NEOSOLAR_CHARGERS_26900.jpg","imgs-index",100,1373,20,0,"https://cdn.yellosolarhub.com/products/carregadores/NEOSOLAR_CHARGERS_26900.jpg|[object Object]"
"NEOSOLARCHARGERS26901","https://cdn.yellosolarhub.com/products/carregadores/NEOSOLAR_CHARGERS_26901.jpg","https://cdn.yellosolarhub.com/products/carregadores/NEOSOLAR_CHARGERS_26901.jpg|NEOSOLAR_CHARGERS_26901.jpg","imgs-index",100,9657.99,20,0,"https://cdn.yellosolarhub.com/products/carregadores/NEOSOLAR_CHARGERS_26901.jpg|[object Object]"
"NEOSOLARCHARGERS26902","https://cdn.yellosolarhub.com/products/carregadores/NEOSOLAR_CHARGERS_26902.jpg","https://cdn.yellosolarhub.com/products/carregadores/NEOSOLAR_CHARGERS_26902.jpg|NEOSOLAR_CHARGERS_26902.jpg","imgs-index",100,1332.99,20,0,"https://cdn.yellosolarhub.com/products/carregadores/NEOSOLAR_CHARGERS_26902.jpg|[object Object]"
"NEOSOLARCHARGERS26903","https://cdn.yellosolarhub.com/products/carregadores/NEOSOLAR_CHARGERS_26903.jpg","https://cdn.yellosolarhub.com/products/carregadores/NEOSOLAR_CHARGERS_26903.jpg|NEOSOLAR_CHARGERS_26903.jpg","imgs-index",100,3336.49,20,0,"https://cdn.yellosolarhub.com/products/carregadores/NEOSOLAR_CHARGERS_26903.jpg|[object Object]"
"NEOSOLARCHARGERS26904","https://cdn.yellosolarhub.com/products/carregadores/NEOSOLAR_CHARGERS_26904.jpg","https://cdn.yellosolarhub.com/products/carregadores/NEOSOLAR_CHARGERS_26904.jpg|NEOSOLAR_CHARGERS_26904.jpg","imgs-index",100,7243.95,20,0,"https://cdn.yellosolarhub.com/products/carregadores/NEOSOLAR_CHARGERS_26904.jpg|[object Object]"
"NEOSOLARCHARGERS27327","https://cdn.yellosolarhub.com/products/carregadores/NEOSOLAR_CHARGERS_27327.jpg","https://cdn.yellosolarhub.com/products/carregadores/NEOSOLAR_CHARGERS_27327.jpg|NEOSOLAR_CHARGERS_27327.jpg","imgs-index",100,3259.99,20,0,"https://cdn.yellosolarhub.com/products/carregadores/NEOSOLAR_CHARGERS_27327.jpg|[object Object]"
"NEOSOLARCHARGERS27328","https://cdn.yellosolarhub.com/products/carregadores/NEOSOLAR_CHARGERS_27328.jpg","https://cdn.yellosolarhub.com/products/carregadores/NEOSOLAR_CHARGERS_27328.jpg|NEOSOLAR_CHARGERS_27328.jpg","imgs-index",100,5770,20,0,"https://cdn.yellosolarhub.com/products/carregadores/NEOSOLAR_CHARGERS_27328.jpg|[object Object]"
"NEOSOLARCHARGERS27329","https://cdn.yellosolarhub.com/products/carregadores/NEOSOLAR_CHARGERS_27329.jpg","https://cdn.yellosolarhub.com/products/carregadores/NEOSOLAR_CHARGERS_27329.jpg|NEOSOLAR_CHARGERS_27329.jpg","imgs-index",100,12157.99,20,0,"https://cdn.yellosolarhub.com/products/carregadores/NEOSOLAR_CHARGERS_27329.jpg|[object Object]"
"NEOSOLARCHARGERS27330","https://cdn.yellosolarhub.com/products/carregadores/NEOSOLAR_CHARGERS_27330.jpg","https://cdn.yellosolarhub.com/products/carregadores/NEOSOLAR_CHARGERS_27330.jpg|NEOSOLAR_CHARGERS_27330.jpg","imgs-index",100,8056,20,0,"https://cdn.yellosolarhub.com/products/carregadores/NEOSOLAR_CHARGERS_27330.jpg|[object Object]"
"NEOSOLARCHARGERS27386","https://cdn.yellosolarhub.com/products/carregadores/NEOSOLAR_CHARGERS_27386.jpg","https://cdn.yellosolarhub.com/products/carregadores/NEOSOLAR_CHARGERS_27386.jpg|NEOSOLAR_CHARGERS_27386.jpg","imgs-index",100,5926,20,0,"https://cdn.yellosolarhub.com/products/carregadores/NEOSOLAR_CHARGERS_27386.jpg|[object Object]"
"NEOSOLARCONTROLLERS20055","https://cdn.yellosolarhub.com/products/controladores/NEOSOLAR_CONTROLLERS_20055.jpg","https://cdn.yellosolarhub.com/products/controladores/NEOSOLAR_CONTROLLERS_20055.jpg|NEOSOLAR_CONTROLLERS_20055.jpg","imgs-index",100,2857.95,20,0,"https://cdn.yellosolarhub.com/products/controladores/NEOSOLAR_CONTROLLERS_20055.jpg|[object Object]"
"NEOSOLARCONTROLLERS20056","https://cdn.yellosolarhub.com/products/controladores/NEOSOLAR_CONTROLLERS_20056.jpg","https://cdn.yellosolarhub.com/products/controladores/NEOSOLAR_CONTROLLERS_20056.jpg|NEOSOLAR_CONTROLLERS_20056.jpg","imgs-index",100,1539,20,0,"https://cdn.yellosolarhub.com/products/controladores/NEOSOLAR_CONTROLLERS_20056.jpg|[object Object]"
"NEOSOLARCONTROLLERS20057","https://cdn.yellosolarhub.com/products/controladores/NEOSOLAR_CONTROLLERS_20057.jpg","https://cdn.yellosolarhub.com/products/controladores/NEOSOLAR_CONTROLLERS_20057.jpg|NEOSOLAR_CONTROLLERS_20057.jpg","imgs-index",100,7460.99,20,0,"https://cdn.yellosolarhub.com/products/controladores/NEOSOLAR_CONTROLLERS_20057.jpg|[object Object]"
"NEOSOLARCONTROLLERS20079","https://cdn.yellosolarhub.com/products/controladores/NEOSOLAR_CONTROLLERS_20079.jpg","https://cdn.yellosolarhub.com/products/controladores/NEOSOLAR_CONTROLLERS_20079.jpg|NEOSOLAR_CONTROLLERS_20079.jpg","imgs-index",100,5122.95,20,0,"https://cdn.yellosolarhub.com/products/controladores/NEOSOLAR_CONTROLLERS_20079.jpg|[object Object]"
"NEOSOLARCONTROLLERS20080","https://cdn.yellosolarhub.com/products/controladores/NEOSOLAR_CONTROLLERS_20080.jpg","https://cdn.yellosolarhub.com/products/controladores/NEOSOLAR_CONTROLLERS_20080.jpg|NEOSOLAR_CONTROLLERS_20080.jpg","imgs-index",100,9986.49,20,0,"https://cdn.yellosolarhub.com/products/controladores/NEOSOLAR_CONTROLLERS_20080.jpg|[object Object]"
"NEOSOLARCONTROLLERS20082","https://cdn.yellosolarhub.com/products/controladores/NEOSOLAR_CONTROLLERS_20082.jpg","https://cdn.yellosolarhub.com/products/controladores/NEOSOLAR_CONTROLLERS_20082.jpg|NEOSOLAR_CONTROLLERS_20082.jpg","imgs-index",100,2008.99,20,0,"https://cdn.yellosolarhub.com/products/controladores/NEOSOLAR_CONTROLLERS_20082.jpg|[object Object]"
"NEOSOLARCONTROLLERS20084","https://cdn.yellosolarhub.com/products/controladores/NEOSOLAR_CONTROLLERS_20084.jpg","https://cdn.yellosolarhub.com/products/controladores/NEOSOLAR_CONTROLLERS_20084.jpg|NEOSOLAR_CONTROLLERS_20084.jpg","imgs-index",100,944.99,20,0,"https://cdn.yellosolarhub.com/products/controladores/NEOSOLAR_CONTROLLERS_20084.jpg|[object Object]"
"NEOSOLARCONTROLLERS20085","https://cdn.yellosolarhub.com/products/controladores/NEOSOLAR_CONTROLLERS_20085.jpg","https://cdn.yellosolarhub.com/products/controladores/NEOSOLAR_CONTROLLERS_20085.jpg|NEOSOLAR_CONTROLLERS_20085.jpg","imgs-index",100,9731.99,20,0,"https://cdn.yellosolarhub.com/products/controladores/NEOSOLAR_CONTROLLERS_20085.jpg|[object Object]"
"NEOSOLARCONTROLLERS20105","https://cdn.yellosolarhub.com/products/controladores/NEOSOLAR_CONTROLLERS_20105.jpg","https://cdn.yellosolarhub.com/products/controladores/NEOSOLAR_CONTROLLERS_20105.jpg|NEOSOLAR_CONTROLLERS_20105.jpg","imgs-index",100,3285.95,20,0,"https://cdn.yellosolarhub.com/products/controladores/NEOSOLAR_CONTROLLERS_20105.jpg|[object Object]"
"NEOSOLARCONTROLLERS20106","https://cdn.yellosolarhub.com/products/controladores/NEOSOLAR_CONTROLLERS_20106.jpg","https://cdn.yellosolarhub.com/products/controladores/NEOSOLAR_CONTROLLERS_20106.jpg|NEOSOLAR_CONTROLLERS_20106.jpg","imgs-index",100,6880.99,20,0,"https://cdn.yellosolarhub.com/products/controladores/NEOSOLAR_CONTROLLERS_20106.jpg|[object Object]"
"NEOSOLARCONTROLLERS20107","https://cdn.yellosolarhub.com/products/controladores/NEOSOLAR_CONTROLLERS_20107.jpg","https://cdn.yellosolarhub.com/products/controladores/NEOSOLAR_CONTROLLERS_20107.jpg|NEOSOLAR_CONTROLLERS_20107.jpg","imgs-index",100,6047.95,20,0,"https://cdn.yellosolarhub.com/products/controladores/NEOSOLAR_CONTROLLERS_20107.jpg|[object Object]"
"NEOSOLARCONTROLLERS20109","https://cdn.yellosolarhub.com/products/controladores/NEOSOLAR_CONTROLLERS_20109.jpg","https://cdn.yellosolarhub.com/products/controladores/NEOSOLAR_CONTROLLERS_20109.jpg|NEOSOLAR_CONTROLLERS_20109.jpg","imgs-index",100,10805.95,20,0,"https://cdn.yellosolarhub.com/products/controladores/NEOSOLAR_CONTROLLERS_20109.jpg|[object Object]"
"NEOSOLARCONTROLLERS20110","https://cdn.yellosolarhub.com/products/controladores/NEOSOLAR_CONTROLLERS_20110.jpg","https://cdn.yellosolarhub.com/products/controladores/NEOSOLAR_CONTROLLERS_20110.jpg|NEOSOLAR_CONTROLLERS_20110.jpg","imgs-index",100,6091.95,20,0,"https://cdn.yellosolarhub.com/products/controladores/NEOSOLAR_CONTROLLERS_20110.jpg|[object Object]"
"NEOSOLARCONTROLLERS20112","https://cdn.yellosolarhub.com/products/controladores/NEOSOLAR_CONTROLLERS_20112.jpg","https://cdn.yellosolarhub.com/products/controladores/NEOSOLAR_CONTROLLERS_20112.jpg|NEOSOLAR_CONTROLLERS_20112.jpg","imgs-index",100,8901.95,20,0,"https://cdn.yellosolarhub.com/products/controladores/NEOSOLAR_CONTROLLERS_20112.jpg|[object Object]"
"NEOSOLARCONTROLLERS20114","https://cdn.yellosolarhub.com/products/controladores/NEOSOLAR_CONTROLLERS_20114.jpg","https://cdn.yellosolarhub.com/products/controladores/NEOSOLAR_CONTROLLERS_20114.jpg|NEOSOLAR_CONTROLLERS_20114.jpg","imgs-index",100,6383.99,20,0,"https://cdn.yellosolarhub.com/products/controladores/NEOSOLAR_CONTROLLERS_20114.jpg|[object Object]"
"NEOSOLARCONTROLLERS20126","https://cdn.yellosolarhub.com/products/controladores/neosolar_controllers_20126.jpg","https://cdn.yellosolarhub.com/products/controladores/neosolar_controllers_20126.jpg|neosolar_controllers_20126.jpg","imgs-index",100,7157.95,20,0,"https://cdn.yellosolarhub.com/products/controladores/neosolar_controllers_20126.jpg|[object Object]"
"NEOSOLARCONTROLLERS20127","https://cdn.yellosolarhub.com/products/controladores/neosolar_controllers_20127.jpg","https://cdn.yellosolarhub.com/products/controladores/neosolar_controllers_20127.jpg|neosolar_controllers_20127.jpg","imgs-index",100,4503.99,20,0,"https://cdn.yellosolarhub.com/products/controladores/neosolar_controllers_20127.jpg|[object Object]"
"NEOSOLARCONTROLLERS20128","https://cdn.yellosolarhub.com/products/controladores/neosolar_controllers_20128.jpg","https://cdn.yellosolarhub.com/products/controladores/neosolar_controllers_20128.jpg|neosolar_controllers_20128.jpg","imgs-index",100,5753,20,0,"https://cdn.yellosolarhub.com/products/controladores/neosolar_controllers_20128.jpg|[object Object]"
"NEOSOLARCONTROLLERS20131","https://cdn.yellosolarhub.com/products/controladores/neosolar_controllers_20131.jpg","https://cdn.yellosolarhub.com/products/controladores/neosolar_controllers_20131.jpg|neosolar_controllers_20131.jpg","imgs-index",100,9668.99,20,0,"https://cdn.yellosolarhub.com/products/controladores/neosolar_controllers_20131.jpg|[object Object]"
"NEOSOLARCONTROLLERS20132","https://cdn.yellosolarhub.com/products/controladores/neosolar_controllers_20132.jpg","https://cdn.yellosolarhub.com/products/controladores/neosolar_controllers_20132.jpg|neosolar_controllers_20132.jpg","imgs-index",100,10084,20,0,"https://cdn.yellosolarhub.com/products/controladores/neosolar_controllers_20132.jpg|[object Object]"
"NEOSOLARCONTROLLERS20134","https://cdn.yellosolarhub.com/products/controladores/neosolar_controllers_20134.jpg","https://cdn.yellosolarhub.com/products/controladores/neosolar_controllers_20134.jpg|neosolar_controllers_20134.jpg","imgs-index",100,10982.95,20,0,"https://cdn.yellosolarhub.com/products/controladores/neosolar_controllers_20134.jpg|[object Object]"
"NEOSOLARCONTROLLERS20135","https://cdn.yellosolarhub.com/products/controladores/neosolar_controllers_20135.jpg","https://cdn.yellosolarhub.com/products/controladores/neosolar_controllers_20135.jpg|neosolar_controllers_20135.jpg","imgs-index",100,1663,20,0,"https://cdn.yellosolarhub.com/products/controladores/neosolar_controllers_20135.jpg|[object Object]"
"NEOSOLARCONTROLLERS20137","https://cdn.yellosolarhub.com/products/controladores/neosolar_controllers_20137.jpg","https://cdn.yellosolarhub.com/products/controladores/neosolar_controllers_20137.jpg|neosolar_controllers_20137.jpg","imgs-index",100,1942.99,20,0,"https://cdn.yellosolarhub.com/products/controladores/neosolar_controllers_20137.jpg|[object Object]"
"NEOSOLARCONTROLLERS20139","https://cdn.yellosolarhub.com/products/controladores/neosolar_controllers_20139.jpg","https://cdn.yellosolarhub.com/products/controladores/neosolar_controllers_20139.jpg|neosolar_controllers_20139.jpg","imgs-index",100,1071.99,20,0,"https://cdn.yellosolarhub.com/products/controladores/neosolar_controllers_20139.jpg|[object Object]"
"NEOSOLARCONTROLLERS20142","https://cdn.yellosolarhub.com/products/controladores/neosolar_controllers_20142.jpg","https://cdn.yellosolarhub.com/products/controladores/neosolar_controllers_20142.jpg|neosolar_controllers_20142.jpg","imgs-index",100,2736.99,20,0,"https://cdn.yellosolarhub.com/products/controladores/neosolar_controllers_20142.jpg|[object Object]"
"NEOSOLARCONTROLLERS20356","https://cdn.yellosolarhub.com/products/controladores/NEOSOLAR_CONTROLLERS_20356.jpg","https://cdn.yellosolarhub.com/products/controladores/NEOSOLAR_CONTROLLERS_20356.jpg|NEOSOLAR_CONTROLLERS_20356.jpg","imgs-index",100,4815.99,20,0,"https://cdn.yellosolarhub.com/products/controladores/NEOSOLAR_CONTROLLERS_20356.jpg|[object Object]"
"NEOSOLARCONTROLLERS20357","https://cdn.yellosolarhub.com/products/controladores/NEOSOLAR_CONTROLLERS_20357.jpg","https://cdn.yellosolarhub.com/products/controladores/NEOSOLAR_CONTROLLERS_20357.jpg|NEOSOLAR_CONTROLLERS_20357.jpg","imgs-index",100,2362.99,20,0,"https://cdn.yellosolarhub.com/products/controladores/NEOSOLAR_CONTROLLERS_20357.jpg|[object Object]"
"NEOSOLARCONTROLLERS20358","https://cdn.yellosolarhub.com/products/controladores/NEOSOLAR_CONTROLLERS_20358.jpg","https://cdn.yellosolarhub.com/products/controladores/NEOSOLAR_CONTROLLERS_20358.jpg|NEOSOLAR_CONTROLLERS_20358.jpg","imgs-index",100,8344,20,0,"https://cdn.yellosolarhub.com/products/controladores/NEOSOLAR_CONTROLLERS_20358.jpg|[object Object]"
"NEOSOLARCONTROLLERS20359","https://cdn.yellosolarhub.com/products/controladores/NEOSOLAR_CONTROLLERS_20359.jpg","https://cdn.yellosolarhub.com/products/controladores/NEOSOLAR_CONTROLLERS_20359.jpg|NEOSOLAR_CONTROLLERS_20359.jpg","imgs-index",100,1764.99,20,0,"https://cdn.yellosolarhub.com/products/controladores/NEOSOLAR_CONTROLLERS_20359.jpg|[object Object]"
"NEOSOLARCONTROLLERS20392","https://cdn.yellosolarhub.com/products/controladores/NEOSOLAR_CONTROLLERS_20392.jpg","https://cdn.yellosolarhub.com/products/controladores/NEOSOLAR_CONTROLLERS_20392.jpg|NEOSOLAR_CONTROLLERS_20392.jpg","imgs-index",100,329.95,20,0,"https://cdn.yellosolarhub.com/products/controladores/NEOSOLAR_CONTROLLERS_20392.jpg|[object Object]"
"NEOSOLARCONTROLLERS20781","https://cdn.yellosolarhub.com/products/controladores/NEOSOLAR_CONTROLLERS_20781.jpg","https://cdn.yellosolarhub.com/products/controladores/NEOSOLAR_CONTROLLERS_20781.jpg|NEOSOLAR_CONTROLLERS_20781.jpg","imgs-index",100,6395.99,20,0,"https://cdn.yellosolarhub.com/products/controladores/NEOSOLAR_CONTROLLERS_20781.jpg|[object Object]"
"NEOSOLARCONTROLLERS21564","https://cdn.yellosolarhub.com/products/controladores/NEOSOLAR_CONTROLLERS_21564.jpg","https://cdn.yellosolarhub.com/products/controladores/NEOSOLAR_CONTROLLERS_21564.jpg|NEOSOLAR_CONTROLLERS_21564.jpg","imgs-index",100,11378.95,20,0,"https://cdn.yellosolarhub.com/products/controladores/NEOSOLAR_CONTROLLERS_21564.jpg|[object Object]"
"NEOSOLARCONTROLLERS21565","https://cdn.yellosolarhub.com/products/controladores/NEOSOLAR_CONTROLLERS_21565.jpg","https://cdn.yellosolarhub.com/products/controladores/NEOSOLAR_CONTROLLERS_21565.jpg|NEOSOLAR_CONTROLLERS_21565.jpg","imgs-index",100,11747.95,20,0,"https://cdn.yellosolarhub.com/products/controladores/NEOSOLAR_CONTROLLERS_21565.jpg|[object Object]"
"NEOSOLARCONTROLLERS21708","https://cdn.yellosolarhub.com/products/controladores/NEOSOLAR_CONTROLLERS_21708.jpg","https://cdn.yellosolarhub.com/products/controladores/NEOSOLAR_CONTROLLERS_21708.jpg|NEOSOLAR_CONTROLLERS_21708.jpg","imgs-index",100,5644.99,20,0,"https://cdn.yellosolarhub.com/products/controladores/NEOSOLAR_CONTROLLERS_21708.jpg|[object Object]"
"NEOSOLARCONTROLLERS21709","https://cdn.yellosolarhub.com/products/controladores/NEOSOLAR_CONTROLLERS_21709.jpg","https://cdn.yellosolarhub.com/products/controladores/NEOSOLAR_CONTROLLERS_21709.jpg|NEOSOLAR_CONTROLLERS_21709.jpg","imgs-index",100,10380.99,20,0,"https://cdn.yellosolarhub.com/products/controladores/NEOSOLAR_CONTROLLERS_21709.jpg|[object Object]"
"NEOSOLARCONTROLLERS21998","https://cdn.yellosolarhub.com/products/controladores/neosolar_controllers_21998.jpg","https://cdn.yellosolarhub.com/products/controladores/neosolar_controllers_21998.jpg|neosolar_controllers_21998.jpg","imgs-index",100,4672,20,0,"https://cdn.yellosolarhub.com/products/controladores/neosolar_controllers_21998.jpg|[object Object]"
"NEOSOLARCONTROLLERS22397","https://cdn.yellosolarhub.com/products/controladores/NEOSOLAR_CONTROLLERS_22397.jpg","https://cdn.yellosolarhub.com/products/controladores/NEOSOLAR_CONTROLLERS_22397.jpg|NEOSOLAR_CONTROLLERS_22397.jpg","imgs-index",100,2530.49,20,0,"https://cdn.yellosolarhub.com/products/controladores/NEOSOLAR_CONTROLLERS_22397.jpg|[object Object]"
"NEOSOLARCONTROLLERS22724","https://cdn.yellosolarhub.com/products/controladores/NEOSOLAR_CONTROLLERS_22724.jpg","https://cdn.yellosolarhub.com/products/controladores/NEOSOLAR_CONTROLLERS_22724.jpg|NEOSOLAR_CONTROLLERS_22724.jpg","imgs-index",100,8664.99,20,0,"https://cdn.yellosolarhub.com/products/controladores/NEOSOLAR_CONTROLLERS_22724.jpg|[object Object]"
"NEOSOLARCONTROLLERS22725","https://cdn.yellosolarhub.com/products/controladores/NEOSOLAR_CONTROLLERS_22725.jpg","https://cdn.yellosolarhub.com/products/controladores/NEOSOLAR_CONTROLLERS_22725.jpg|NEOSOLAR_CONTROLLERS_22725.jpg","imgs-index",100,3433,20,0,"https://cdn.yellosolarhub.com/products/controladores/NEOSOLAR_CONTROLLERS_22725.jpg|[object Object]"
"NEOSOLARCONTROLLERS23052","https://cdn.yellosolarhub.com/products/controladores/neosolar_controllers_23052.jpg","https://cdn.yellosolarhub.com/products/controladores/neosolar_controllers_23052.jpg|neosolar_controllers_23052.jpg","imgs-index",100,2424.99,20,0,"https://cdn.yellosolarhub.com/products/controladores/neosolar_controllers_23052.jpg|[object Object]"
"NEOSOLARCONTROLLERS23053","https://cdn.yellosolarhub.com/products/controladores/neosolar_controllers_23053.jpg","https://cdn.yellosolarhub.com/products/controladores/neosolar_controllers_23053.jpg|neosolar_controllers_23053.jpg","imgs-index",100,318,20,0,"https://cdn.yellosolarhub.com/products/controladores/neosolar_controllers_23053.jpg|[object Object]"
"NEOSOLARCONTROLLERS23054","https://cdn.yellosolarhub.com/products/controladores/neosolar_controllers_23054.jpg","https://cdn.yellosolarhub.com/products/controladores/neosolar_controllers_23054.jpg|neosolar_controllers_23054.jpg","imgs-index",100,683.99,20,0,"https://cdn.yellosolarhub.com/products/controladores/neosolar_controllers_23054.jpg|[object Object]"
"NEOSOLARCONTROLLERS23055","https://cdn.yellosolarhub.com/products/controladores/neosolar_controllers_23055.jpg","https://cdn.yellosolarhub.com/products/controladores/neosolar_controllers_23055.jpg|neosolar_controllers_23055.jpg","imgs-index",100,6660.95,20,0,"https://cdn.yellosolarhub.com/products/controladores/neosolar_controllers_23055.jpg|[object Object]"
"NEOSOLARCONTROLLERS23071","https://cdn.yellosolarhub.com/products/controladores/NEOSOLAR_CONTROLLERS_23071.jpg","https://cdn.yellosolarhub.com/products/controladores/NEOSOLAR_CONTROLLERS_23071.jpg|NEOSOLAR_CONTROLLERS_23071.jpg","imgs-index",100,1309.99,20,0,"https://cdn.yellosolarhub.com/products/controladores/NEOSOLAR_CONTROLLERS_23071.jpg|[object Object]"
"NEOSOLARCONTROLLERS23072","https://cdn.yellosolarhub.com/products/controladores/NEOSOLAR_CONTROLLERS_23072.jpg","https://cdn.yellosolarhub.com/products/controladores/NEOSOLAR_CONTROLLERS_23072.jpg|NEOSOLAR_CONTROLLERS_23072.jpg","imgs-index",100,1187.95,20,0,"https://cdn.yellosolarhub.com/products/controladores/NEOSOLAR_CONTROLLERS_23072.jpg|[object Object]"
"NEOSOLARCONTROLLERS23354","https://cdn.yellosolarhub.com/products/controladores/NEOSOLAR_CONTROLLERS_23354.jpg","https://cdn.yellosolarhub.com/products/controladores/NEOSOLAR_CONTROLLERS_23354.jpg|NEOSOLAR_CONTROLLERS_23354.jpg","imgs-index",100,5685.95,20,0,"https://cdn.yellosolarhub.com/products/controladores/NEOSOLAR_CONTROLLERS_23354.jpg|[object Object]"
"NEOSOLARCONTROLLERS23355","https://cdn.yellosolarhub.com/products/controladores/NEOSOLAR_CONTROLLERS_23355.jpg","https://cdn.yellosolarhub.com/products/controladores/NEOSOLAR_CONTROLLERS_23355.jpg|NEOSOLAR_CONTROLLERS_23355.jpg","imgs-index",100,9700.99,20,0,"https://cdn.yellosolarhub.com/products/controladores/NEOSOLAR_CONTROLLERS_23355.jpg|[object Object]"
"NEOSOLARCONTROLLERS23500","https://cdn.yellosolarhub.com/products/controladores/NEOSOLAR_CONTROLLERS_23500.jpg","https://cdn.yellosolarhub.com/products/controladores/NEOSOLAR_CONTROLLERS_23500.jpg|NEOSOLAR_CONTROLLERS_23500.jpg","imgs-index",100,5142.49,20,0,"https://cdn.yellosolarhub.com/products/controladores/NEOSOLAR_CONTROLLERS_23500.jpg|[object Object]"
"NEOSOLARCONTROLLERS24166","https://cdn.yellosolarhub.com/products/controladores/NEOSOLAR_CONTROLLERS_24166.jpg","https://cdn.yellosolarhub.com/products/controladores/NEOSOLAR_CONTROLLERS_24166.jpg|NEOSOLAR_CONTROLLERS_24166.jpg","imgs-index",100,8364.95,20,0,"https://cdn.yellosolarhub.com/products/controladores/NEOSOLAR_CONTROLLERS_24166.jpg|[object Object]"
"NEOSOLARCONTROLLERS24241","https://cdn.yellosolarhub.com/products/controladores/NEOSOLAR_CONTROLLERS_24241.jpg","https://cdn.yellosolarhub.com/products/controladores/NEOSOLAR_CONTROLLERS_24241.jpg|NEOSOLAR_CONTROLLERS_24241.jpg","imgs-index",100,5492.95,20,0,"https://cdn.yellosolarhub.com/products/controladores/NEOSOLAR_CONTROLLERS_24241.jpg|[object Object]"
"NEOSOLARCONTROLLERS24245","https://cdn.yellosolarhub.com/products/controladores/NEOSOLAR_CONTROLLERS_24245.jpg","https://cdn.yellosolarhub.com/products/controladores/NEOSOLAR_CONTROLLERS_24245.jpg|NEOSOLAR_CONTROLLERS_24245.jpg","imgs-index",100,11752.99,20,0,"https://cdn.yellosolarhub.com/products/controladores/NEOSOLAR_CONTROLLERS_24245.jpg|[object Object]"
"NEOSOLARCONTROLLERS24349","https://cdn.yellosolarhub.com/products/controladores/NEOSOLAR_CONTROLLERS_24349.jpg","https://cdn.yellosolarhub.com/products/controladores/NEOSOLAR_CONTROLLERS_24349.jpg|NEOSOLAR_CONTROLLERS_24349.jpg","imgs-index",100,11377.95,20,0,"https://cdn.yellosolarhub.com/products/controladores/NEOSOLAR_CONTROLLERS_24349.jpg|[object Object]"
"NEOSOLARCONTROLLERS24798","https://cdn.yellosolarhub.com/products/controladores/NEOSOLAR_CONTROLLERS_24798.jpg","https://cdn.yellosolarhub.com/products/controladores/NEOSOLAR_CONTROLLERS_24798.jpg|NEOSOLAR_CONTROLLERS_24798.jpg","imgs-index",100,2000.99,20,0,"https://cdn.yellosolarhub.com/products/controladores/NEOSOLAR_CONTROLLERS_24798.jpg|[object Object]"
"ENPHASEIQRELAYLLBR","https://cdn.yellosolarhub.com/products/ENPHASE/ENPHASE-IQ-RELAY-LL-BR.png","https://cdn.yellosolarhub.com/products/ENPHASE/ENPHASE-IQ-RELAY-LL-BR.png|ENPHASE-IQ-RELAY-LL-BR.png","imgs-index",100,4641.99,20,0,"https://cdn.yellosolarhub.com/products/ENPHASE/ENPHASE-IQ-RELAY-LL-BR.png|[object Object]"
"ENPHASEIQB","https://cdn.yellosolarhub.com/products/ENPHASE/Enphase-IQB.png","https://cdn.yellosolarhub.com/products/ENPHASE/Enphase-IQB.png|Enphase-IQB.png","imgs-index",100,7815,20,0,"https://cdn.yellosolarhub.com/products/ENPHASE/Enphase-IQB.png|[object Object]"
"NEOSOLARSTATIONS20077","https://cdn.yellosolarhub.com/products/estacoes/NEOSOLAR_STATIONS_20077.jpg","https://cdn.yellosolarhub.com/products/estacoes/NEOSOLAR_STATIONS_20077.jpg|NEOSOLAR_STATIONS_20077.jpg","imgs-index",100,317,20,0,"https://cdn.yellosolarhub.com/products/estacoes/NEOSOLAR_STATIONS_20077.jpg|[object Object]"
"NEOSOLARSTATIONS20078","https://cdn.yellosolarhub.com/products/estacoes/NEOSOLAR_STATIONS_20078.jpg","https://cdn.yellosolarhub.com/products/estacoes/NEOSOLAR_STATIONS_20078.jpg|NEOSOLAR_STATIONS_20078.jpg","imgs-index",100,8977.99,20,0,"https://cdn.yellosolarhub.com/products/estacoes/NEOSOLAR_STATIONS_20078.jpg|[object Object]"
"NEOSOLARSTATIONS20121","https://cdn.yellosolarhub.com/products/estacoes/NEOSOLAR_STATIONS_20121.jpg","https://cdn.yellosolarhub.com/products/estacoes/NEOSOLAR_STATIONS_20121.jpg|NEOSOLAR_STATIONS_20121.jpg","imgs-index",100,12406.99,20,0,"https://cdn.yellosolarhub.com/products/estacoes/NEOSOLAR_STATIONS_20121.jpg|[object Object]"
"NEOSOLARSTATIONS20122","https://cdn.yellosolarhub.com/products/estacoes/NEOSOLAR_STATIONS_20122.jpg","https://cdn.yellosolarhub.com/products/estacoes/NEOSOLAR_STATIONS_20122.jpg|NEOSOLAR_STATIONS_20122.jpg","imgs-index",100,3009.99,20,0,"https://cdn.yellosolarhub.com/products/estacoes/NEOSOLAR_STATIONS_20122.jpg|[object Object]"
"NEOSOLARSTATIONS20286","https://cdn.yellosolarhub.com/products/estacoes/NEOSOLAR_STATIONS_20286.jpg","https://cdn.yellosolarhub.com/products/estacoes/NEOSOLAR_STATIONS_20286.jpg|NEOSOLAR_STATIONS_20286.jpg","imgs-index",100,7537.99,20,0,"https://cdn.yellosolarhub.com/products/estacoes/NEOSOLAR_STATIONS_20286.jpg|[object Object]"
"NEOSOLARSTATIONS20369","https://cdn.yellosolarhub.com/products/estacoes/NEOSOLAR_STATIONS_20369.jpg","https://cdn.yellosolarhub.com/products/estacoes/NEOSOLAR_STATIONS_20369.jpg|NEOSOLAR_STATIONS_20369.jpg","imgs-index",100,2264.49,20,0,"https://cdn.yellosolarhub.com/products/estacoes/NEOSOLAR_STATIONS_20369.jpg|[object Object]"
"NEOSOLARSTATIONS20371","https://cdn.yellosolarhub.com/products/estacoes/NEOSOLAR_STATIONS_20371.jpg","https://cdn.yellosolarhub.com/products/estacoes/NEOSOLAR_STATIONS_20371.jpg|NEOSOLAR_STATIONS_20371.jpg","imgs-index",100,2464.99,20,0,"https://cdn.yellosolarhub.com/products/estacoes/NEOSOLAR_STATIONS_20371.jpg|[object Object]"
"NEOSOLARSTATIONS20789","https://cdn.yellosolarhub.com/products/estacoes/NEOSOLAR_STATIONS_20789.jpg","https://cdn.yellosolarhub.com/products/estacoes/NEOSOLAR_STATIONS_20789.jpg|NEOSOLAR_STATIONS_20789.jpg","imgs-index",100,6547.49,20,0,"https://cdn.yellosolarhub.com/products/estacoes/NEOSOLAR_STATIONS_20789.jpg|[object Object]"
"NEOSOLARSTATIONS20925","https://cdn.yellosolarhub.com/products/estacoes/NEOSOLAR_STATIONS_20925.jpg","https://cdn.yellosolarhub.com/products/estacoes/NEOSOLAR_STATIONS_20925.jpg|NEOSOLAR_STATIONS_20925.jpg","imgs-index",100,12084.99,20,0,"https://cdn.yellosolarhub.com/products/estacoes/NEOSOLAR_STATIONS_20925.jpg|[object Object]"
"NEOSOLARSTATIONS21769","https://cdn.yellosolarhub.com/products/estacoes/NEOSOLAR_STATIONS_21769.jpg","https://cdn.yellosolarhub.com/products/estacoes/NEOSOLAR_STATIONS_21769.jpg|NEOSOLAR_STATIONS_21769.jpg","imgs-index",100,12405.95,20,0,"https://cdn.yellosolarhub.com/products/estacoes/NEOSOLAR_STATIONS_21769.jpg|[object Object]"
"NEOSOLARSTATIONS21770","https://cdn.yellosolarhub.com/products/estacoes/NEOSOLAR_STATIONS_21770.jpg","https://cdn.yellosolarhub.com/products/estacoes/NEOSOLAR_STATIONS_21770.jpg|NEOSOLAR_STATIONS_21770.jpg","imgs-index",100,748.95,20,0,"https://cdn.yellosolarhub.com/products/estacoes/NEOSOLAR_STATIONS_21770.jpg|[object Object]"
"NEOSOLARSTATIONS21771","https://cdn.yellosolarhub.com/products/estacoes/NEOSOLAR_STATIONS_21771.jpg","https://cdn.yellosolarhub.com/products/estacoes/NEOSOLAR_STATIONS_21771.jpg|NEOSOLAR_STATIONS_21771.jpg","imgs-index",100,3118.99,20,0,"https://cdn.yellosolarhub.com/products/estacoes/NEOSOLAR_STATIONS_21771.jpg|[object Object]"
"NEOSOLARSTATIONS21772","https://cdn.yellosolarhub.com/products/estacoes/NEOSOLAR_STATIONS_21772.jpg","https://cdn.yellosolarhub.com/products/estacoes/NEOSOLAR_STATIONS_21772.jpg|NEOSOLAR_STATIONS_21772.jpg","imgs-index",100,2495.99,20,0,"https://cdn.yellosolarhub.com/products/estacoes/NEOSOLAR_STATIONS_21772.jpg|[object Object]"
"NEOSOLARSTATIONS23503","https://cdn.yellosolarhub.com/products/estacoes/NEOSOLAR_STATIONS_23503.jpg","https://cdn.yellosolarhub.com/products/estacoes/NEOSOLAR_STATIONS_23503.jpg|NEOSOLAR_STATIONS_23503.jpg","imgs-index",100,2119.99,20,0,"https://cdn.yellosolarhub.com/products/estacoes/NEOSOLAR_STATIONS_23503.jpg|[object Object]"
"NEOSOLARSTATIONS23504","https://cdn.yellosolarhub.com/products/estacoes/NEOSOLAR_STATIONS_23504.jpg","https://cdn.yellosolarhub.com/products/estacoes/NEOSOLAR_STATIONS_23504.jpg|NEOSOLAR_STATIONS_23504.jpg","imgs-index",100,7601.95,20,0,"https://cdn.yellosolarhub.com/products/estacoes/NEOSOLAR_STATIONS_23504.jpg|[object Object]"
"NEOSOLARSTATIONS23505","https://cdn.yellosolarhub.com/products/estacoes/NEOSOLAR_STATIONS_23505.jpg","https://cdn.yellosolarhub.com/products/estacoes/NEOSOLAR_STATIONS_23505.jpg|NEOSOLAR_STATIONS_23505.jpg","imgs-index",100,9882.99,20,0,"https://cdn.yellosolarhub.com/products/estacoes/NEOSOLAR_STATIONS_23505.jpg|[object Object]"
"NEOSOLARSTATIONS23780","https://cdn.yellosolarhub.com/products/estacoes/NEOSOLAR_STATIONS_23780.jpg","https://cdn.yellosolarhub.com/products/estacoes/NEOSOLAR_STATIONS_23780.jpg|NEOSOLAR_STATIONS_23780.jpg","imgs-index",100,3222.95,20,0,"https://cdn.yellosolarhub.com/products/estacoes/NEOSOLAR_STATIONS_23780.jpg|[object Object]"
"NEOSOLARSTATIONS25205","https://cdn.yellosolarhub.com/products/estacoes/NEOSOLAR_STATIONS_25205.jpg","https://cdn.yellosolarhub.com/products/estacoes/NEOSOLAR_STATIONS_25205.jpg|NEOSOLAR_STATIONS_25205.jpg","imgs-index",100,12500.95,20,0,"https://cdn.yellosolarhub.com/products/estacoes/NEOSOLAR_STATIONS_25205.jpg|[object Object]"
"NEOSOLARSTATIONS27352","https://cdn.yellosolarhub.com/products/estacoes/NEOSOLAR_STATIONS_27352.jpg","https://cdn.yellosolarhub.com/products/estacoes/NEOSOLAR_STATIONS_27352.jpg|NEOSOLAR_STATIONS_27352.jpg","imgs-index",100,9017,20,0,"https://cdn.yellosolarhub.com/products/estacoes/NEOSOLAR_STATIONS_27352.jpg|[object Object]"
"IIN00021","https://cdn.yellosolarhub.com/products/FORTLEV/IIN00021.png","https://cdn.yellosolarhub.com/products/FORTLEV/IIN00021.png|IIN00021.png","imgs-index",100,1217.99,20,0,"https://cdn.yellosolarhub.com/products/FORTLEV/IIN00021.png|[object Object]"
"IIN00033","https://cdn.yellosolarhub.com/products/FORTLEV/IIN00033.png","https://cdn.yellosolarhub.com/products/FORTLEV/IIN00033.png|IIN00033.png","imgs-index",100,3176.95,20,0,"https://cdn.yellosolarhub.com/products/FORTLEV/IIN00033.png|[object Object]"
"IIN00034","https://cdn.yellosolarhub.com/products/FORTLEV/IIN00034.png","https://cdn.yellosolarhub.com/products/FORTLEV/IIN00034.png|IIN00034.png","imgs-index",100,395.49,20,0,"https://cdn.yellosolarhub.com/products/FORTLEV/IIN00034.png|[object Object]"
"IIN00040","https://cdn.yellosolarhub.com/products/FORTLEV/IIN00040.png","https://cdn.yellosolarhub.com/products/FORTLEV/IIN00040.png|IIN00040.png","imgs-index",100,1133.99,20,0,"https://cdn.yellosolarhub.com/products/FORTLEV/IIN00040.png|[object Object]"
"IIN00071","https://cdn.yellosolarhub.com/products/FORTLEV/IIN00071.png","https://cdn.yellosolarhub.com/products/FORTLEV/IIN00071.png|IIN00071.png","imgs-index",100,3111,20,0,"https://cdn.yellosolarhub.com/products/FORTLEV/IIN00071.png|[object Object]"
"IIN00079","https://cdn.yellosolarhub.com/products/FORTLEV/IIN00079.png","https://cdn.yellosolarhub.com/products/FORTLEV/IIN00079.png|IIN00079.png","imgs-index",100,7708,20,0,"https://cdn.yellosolarhub.com/products/FORTLEV/IIN00079.png|[object Object]"
"IIN00081","https://cdn.yellosolarhub.com/products/FORTLEV/IIN00081.png","https://cdn.yellosolarhub.com/products/FORTLEV/IIN00081.png|IIN00081.png","imgs-index",100,2380.99,20,0,"https://cdn.yellosolarhub.com/products/FORTLEV/IIN00081.png|[object Object]"
"IIN00082","https://cdn.yellosolarhub.com/products/FORTLEV/IIN00082.png","https://cdn.yellosolarhub.com/products/FORTLEV/IIN00082.png|IIN00082.png","imgs-index",100,8058.99,20,0,"https://cdn.yellosolarhub.com/products/FORTLEV/IIN00082.png|[object Object]"
"IIN00083","https://cdn.yellosolarhub.com/products/FORTLEV/IIN00083.png","https://cdn.yellosolarhub.com/products/FORTLEV/IIN00083.png|IIN00083.png","imgs-index",100,2915.95,20,0,"https://cdn.yellosolarhub.com/products/FORTLEV/IIN00083.png|[object Object]"
"IIN00110","https://cdn.yellosolarhub.com/products/FORTLEV/IIN00110.png","https://cdn.yellosolarhub.com/products/FORTLEV/IIN00110.png|IIN00110.png","imgs-index",100,6386,20,0,"https://cdn.yellosolarhub.com/products/FORTLEV/IIN00110.png|[object Object]"
"IIN00126","https://cdn.yellosolarhub.com/products/FORTLEV/IIN00126.png","https://cdn.yellosolarhub.com/products/FORTLEV/IIN00126.png|IIN00126.png","imgs-index",100,4661.49,20,0,"https://cdn.yellosolarhub.com/products/FORTLEV/IIN00126.png|[object Object]"
"IIN00144","https://cdn.yellosolarhub.com/products/FORTLEV/IIN00144.png","https://cdn.yellosolarhub.com/products/FORTLEV/IIN00144.png|IIN00144.png","imgs-index",100,6717.95,20,0,"https://cdn.yellosolarhub.com/products/FORTLEV/IIN00144.png|[object Object]"
"IIN00148","https://cdn.yellosolarhub.com/products/FORTLEV/IIN00148.png","https://cdn.yellosolarhub.com/products/FORTLEV/IIN00148.png|IIN00148.png","imgs-index",100,4341.99,20,0,"https://cdn.yellosolarhub.com/products/FORTLEV/IIN00148.png|[object Object]"
"IIN00158","https://cdn.yellosolarhub.com/products/FORTLEV/IIN00158.png","https://cdn.yellosolarhub.com/products/FORTLEV/IIN00158.png|IIN00158.png","imgs-index",100,9230.49,20,0,"https://cdn.yellosolarhub.com/products/FORTLEV/IIN00158.png|[object Object]"
"IIN00162","https://cdn.yellosolarhub.com/products/FORTLEV/IIN00162.png","https://cdn.yellosolarhub.com/products/FORTLEV/IIN00162.png|IIN00162.png","imgs-index",100,3138,20,0,"https://cdn.yellosolarhub.com/products/FORTLEV/IIN00162.png|[object Object]"
"IIN00168","https://cdn.yellosolarhub.com/products/FORTLEV/IIN00168.png","https://cdn.yellosolarhub.com/products/FORTLEV/IIN00168.png|IIN00168.png","imgs-index",100,4805,20,0,"https://cdn.yellosolarhub.com/products/FORTLEV/IIN00168.png|[object Object]"
"IIN00169","https://cdn.yellosolarhub.com/products/FORTLEV/IIN00169.png","https://cdn.yellosolarhub.com/products/FORTLEV/IIN00169.png|IIN00169.png","imgs-index",100,9026.99,20,0,"https://cdn.yellosolarhub.com/products/FORTLEV/IIN00169.png|[object Object]"
"IIN00170","https://cdn.yellosolarhub.com/products/FORTLEV/IIN00170.png","https://cdn.yellosolarhub.com/products/FORTLEV/IIN00170.png|IIN00170.png","imgs-index",100,603.99,20,0,"https://cdn.yellosolarhub.com/products/FORTLEV/IIN00170.png|[object Object]"
"IIN00174","https://cdn.yellosolarhub.com/products/FORTLEV/IIN00174.png","https://cdn.yellosolarhub.com/products/FORTLEV/IIN00174.png|IIN00174.png","imgs-index",100,7720.49,20,0,"https://cdn.yellosolarhub.com/products/FORTLEV/IIN00174.png|[object Object]"
"IIN00180","https://cdn.yellosolarhub.com/products/FORTLEV/IIN00180.png","https://cdn.yellosolarhub.com/products/FORTLEV/IIN00180.png|IIN00180.png","imgs-index",100,2153.99,20,0,"https://cdn.yellosolarhub.com/products/FORTLEV/IIN00180.png|[object Object]"
"IIN00182","https://cdn.yellosolarhub.com/products/FORTLEV/IIN00182.png","https://cdn.yellosolarhub.com/products/FORTLEV/IIN00182.png|IIN00182.png","imgs-index",100,11287.49,20,0,"https://cdn.yellosolarhub.com/products/FORTLEV/IIN00182.png|[object Object]"
"IIN00184","https://cdn.yellosolarhub.com/products/FORTLEV/IIN00184.png","https://cdn.yellosolarhub.com/products/FORTLEV/IIN00184.png|IIN00184.png","imgs-index",100,6577.99,20,0,"https://cdn.yellosolarhub.com/products/FORTLEV/IIN00184.png|[object Object]"
"IIN00185","https://cdn.yellosolarhub.com/products/FORTLEV/IIN00185.png","https://cdn.yellosolarhub.com/products/FORTLEV/IIN00185.png|IIN00185.png","imgs-index",100,4976.95,20,0,"https://cdn.yellosolarhub.com/products/FORTLEV/IIN00185.png|[object Object]"
"IIN00188","https://cdn.yellosolarhub.com/products/FORTLEV/IIN00188.png","https://cdn.yellosolarhub.com/products/FORTLEV/IIN00188.png|IIN00188.png","imgs-index",100,2974.99,20,0,"https://cdn.yellosolarhub.com/products/FORTLEV/IIN00188.png|[object Object]"
"IIN00189","https://cdn.yellosolarhub.com/products/FORTLEV/IIN00189.png","https://cdn.yellosolarhub.com/products/FORTLEV/IIN00189.png|IIN00189.png","imgs-index",100,612.99,20,0,"https://cdn.yellosolarhub.com/products/FORTLEV/IIN00189.png|[object Object]"
"IIN00190","https://cdn.yellosolarhub.com/products/FORTLEV/IIN00190.png","https://cdn.yellosolarhub.com/products/FORTLEV/IIN00190.png|IIN00190.png","imgs-index",100,991.99,20,0,"https://cdn.yellosolarhub.com/products/FORTLEV/IIN00190.png|[object Object]"
"IIN00193","https://cdn.yellosolarhub.com/products/FORTLEV/IIN00193.png","https://cdn.yellosolarhub.com/products/FORTLEV/IIN00193.png|IIN00193.png","imgs-index",100,1154.95,20,0,"https://cdn.yellosolarhub.com/products/FORTLEV/IIN00193.png|[object Object]"
"IIN00194","https://cdn.yellosolarhub.com/products/FORTLEV/IIN00194.png","https://cdn.yellosolarhub.com/products/FORTLEV/IIN00194.png|IIN00194.png","imgs-index",100,2476.99,20,0,"https://cdn.yellosolarhub.com/products/FORTLEV/IIN00194.png|[object Object]"
"IIN00195","https://cdn.yellosolarhub.com/products/FORTLEV/IIN00195.png","https://cdn.yellosolarhub.com/products/FORTLEV/IIN00195.png|IIN00195.png","imgs-index",100,11476.99,20,0,"https://cdn.yellosolarhub.com/products/FORTLEV/IIN00195.png|[object Object]"
"IIN00196","https://cdn.yellosolarhub.com/products/FORTLEV/IIN00196.png","https://cdn.yellosolarhub.com/products/FORTLEV/IIN00196.png|IIN00196.png","imgs-index",100,10926.99,20,0,"https://cdn.yellosolarhub.com/products/FORTLEV/IIN00196.png|[object Object]"
"IIN00210","https://cdn.yellosolarhub.com/products/FORTLEV/IIN00210.png","https://cdn.yellosolarhub.com/products/FORTLEV/IIN00210.png|IIN00210.png","imgs-index",100,8600.95,20,0,"https://cdn.yellosolarhub.com/products/FORTLEV/IIN00210.png|[object Object]"
"IIN00211","https://cdn.yellosolarhub.com/products/FORTLEV/IIN00211.png","https://cdn.yellosolarhub.com/products/FORTLEV/IIN00211.png|IIN00211.png","imgs-index",100,10862,20,0,"https://cdn.yellosolarhub.com/products/FORTLEV/IIN00211.png|[object Object]"
"IIN00212","https://cdn.yellosolarhub.com/products/FORTLEV/IIN00212.png","https://cdn.yellosolarhub.com/products/FORTLEV/IIN00212.png|IIN00212.png","imgs-index",100,7077,20,0,"https://cdn.yellosolarhub.com/products/FORTLEV/IIN00212.png|[object Object]"
"IIN00214","https://cdn.yellosolarhub.com/products/FORTLEV/IIN00214.png","https://cdn.yellosolarhub.com/products/FORTLEV/IIN00214.png|IIN00214.png","imgs-index",100,5925.99,20,0,"https://cdn.yellosolarhub.com/products/FORTLEV/IIN00214.png|[object Object]"
"IIN00215","https://cdn.yellosolarhub.com/products/FORTLEV/IIN00215.png","https://cdn.yellosolarhub.com/products/FORTLEV/IIN00215.png|IIN00215.png","imgs-index",100,10091,20,0,"https://cdn.yellosolarhub.com/products/FORTLEV/IIN00215.png|[object Object]"
"IIN00216","https://cdn.yellosolarhub.com/products/FORTLEV/IIN00216.png","https://cdn.yellosolarhub.com/products/FORTLEV/IIN00216.png|IIN00216.png","imgs-index",100,562.99,20,0,"https://cdn.yellosolarhub.com/products/FORTLEV/IIN00216.png|[object Object]"
"IIN00217","https://cdn.yellosolarhub.com/products/FORTLEV/IIN00217.png","https://cdn.yellosolarhub.com/products/FORTLEV/IIN00217.png|IIN00217.png","imgs-index",100,3002,20,0,"https://cdn.yellosolarhub.com/products/FORTLEV/IIN00217.png|[object Object]"
"IIN00218","https://cdn.yellosolarhub.com/products/FORTLEV/IIN00218.png","https://cdn.yellosolarhub.com/products/FORTLEV/IIN00218.png|IIN00218.png","imgs-index",100,740,20,0,"https://cdn.yellosolarhub.com/products/FORTLEV/IIN00218.png|[object Object]"
"IIN00221","https://cdn.yellosolarhub.com/products/FORTLEV/IIN00221.png","https://cdn.yellosolarhub.com/products/FORTLEV/IIN00221.png|IIN00221.png","imgs-index",100,5676.49,20,0,"https://cdn.yellosolarhub.com/products/FORTLEV/IIN00221.png|[object Object]"
"IIN00224","https://cdn.yellosolarhub.com/products/FORTLEV/IIN00224.png","https://cdn.yellosolarhub.com/products/FORTLEV/IIN00224.png|IIN00224.png","imgs-index",100,10283.99,20,0,"https://cdn.yellosolarhub.com/products/FORTLEV/IIN00224.png|[object Object]"
"IIN00225","https://cdn.yellosolarhub.com/products/FORTLEV/IIN00225.png","https://cdn.yellosolarhub.com/products/FORTLEV/IIN00225.png|IIN00225.png","imgs-index",100,9354.49,20,0,"https://cdn.yellosolarhub.com/products/FORTLEV/IIN00225.png|[object Object]"
"IIN00230","https://cdn.yellosolarhub.com/products/FORTLEV/IIN00230.png","https://cdn.yellosolarhub.com/products/FORTLEV/IIN00230.png|IIN00230.png","imgs-index",100,2404.95,20,0,"https://cdn.yellosolarhub.com/products/FORTLEV/IIN00230.png|[object Object]"
"IIN00231","https://cdn.yellosolarhub.com/products/FORTLEV/IIN00231.png","https://cdn.yellosolarhub.com/products/FORTLEV/IIN00231.png|IIN00231.png","imgs-index",100,5778,20,0,"https://cdn.yellosolarhub.com/products/FORTLEV/IIN00231.png|[object Object]"
"IIN00235","https://cdn.yellosolarhub.com/products/FORTLEV/IIN00235.png","https://cdn.yellosolarhub.com/products/FORTLEV/IIN00235.png|IIN00235.png","imgs-index",100,12587,20,0,"https://cdn.yellosolarhub.com/products/FORTLEV/IIN00235.png|[object Object]"
"IIN00236","https://cdn.yellosolarhub.com/products/FORTLEV/IIN00236.png","https://cdn.yellosolarhub.com/products/FORTLEV/IIN00236.png|IIN00236.png","imgs-index",100,921.49,20,0,"https://cdn.yellosolarhub.com/products/FORTLEV/IIN00236.png|[object Object]"
"IIN00237","https://cdn.yellosolarhub.com/products/FORTLEV/IIN00237.png","https://cdn.yellosolarhub.com/products/FORTLEV/IIN00237.png|IIN00237.png","imgs-index",100,10916,20,0,"https://cdn.yellosolarhub.com/products/FORTLEV/IIN00237.png|[object Object]"
"IIN00238","https://cdn.yellosolarhub.com/products/FORTLEV/IIN00238.png","https://cdn.yellosolarhub.com/products/FORTLEV/IIN00238.png|IIN00238.png","imgs-index",100,9067.95,20,0,"https://cdn.yellosolarhub.com/products/FORTLEV/IIN00238.png|[object Object]"
"IIN00239","https://cdn.yellosolarhub.com/products/FORTLEV/IIN00239.png","https://cdn.yellosolarhub.com/products/FORTLEV/IIN00239.png|IIN00239.png","imgs-index",100,11480.95,20,0,"https://cdn.yellosolarhub.com/products/FORTLEV/IIN00239.png|[object Object]"
"IIN00241","https://cdn.yellosolarhub.com/products/FORTLEV/IIN00241.png","https://cdn.yellosolarhub.com/products/FORTLEV/IIN00241.png|IIN00241.png","imgs-index",100,11977,20,0,"https://cdn.yellosolarhub.com/products/FORTLEV/IIN00241.png|[object Object]"
"IIN00242","https://cdn.yellosolarhub.com/products/FORTLEV/IIN00242.png","https://cdn.yellosolarhub.com/products/FORTLEV/IIN00242.png|IIN00242.png","imgs-index",100,4680.99,20,0,"https://cdn.yellosolarhub.com/products/FORTLEV/IIN00242.png|[object Object]"
"IIN00250","https://cdn.yellosolarhub.com/products/FORTLEV/IIN00250.png","https://cdn.yellosolarhub.com/products/FORTLEV/IIN00250.png|IIN00250.png","imgs-index",100,690.99,20,0,"https://cdn.yellosolarhub.com/products/FORTLEV/IIN00250.png|[object Object]"
"IIN00251","https://cdn.yellosolarhub.com/products/FORTLEV/IIN00251.png","https://cdn.yellosolarhub.com/products/FORTLEV/IIN00251.png|IIN00251.png","imgs-index",100,8255,20,0,"https://cdn.yellosolarhub.com/products/FORTLEV/IIN00251.png|[object Object]"
"IIN00256","https://cdn.yellosolarhub.com/products/FORTLEV/IIN00256.png","https://cdn.yellosolarhub.com/products/FORTLEV/IIN00256.png|IIN00256.png","imgs-index",100,11301.99,20,0,"https://cdn.yellosolarhub.com/products/FORTLEV/IIN00256.png|[object Object]"
"IIN00257","https://cdn.yellosolarhub.com/products/FORTLEV/IIN00257.png","https://cdn.yellosolarhub.com/products/FORTLEV/IIN00257.png|IIN00257.png","imgs-index",100,10106.99,20,0,"https://cdn.yellosolarhub.com/products/FORTLEV/IIN00257.png|[object Object]"
"IIN00258","https://cdn.yellosolarhub.com/products/FORTLEV/IIN00258.png","https://cdn.yellosolarhub.com/products/FORTLEV/IIN00258.png|IIN00258.png","imgs-index",100,5647.49,20,0,"https://cdn.yellosolarhub.com/products/FORTLEV/IIN00258.png|[object Object]"
"IIN00259","https://cdn.yellosolarhub.com/products/FORTLEV/IIN00259.png","https://cdn.yellosolarhub.com/products/FORTLEV/IIN00259.png|IIN00259.png","imgs-index",100,10199.95,20,0,"https://cdn.yellosolarhub.com/products/FORTLEV/IIN00259.png|[object Object]"
"IIN00260","https://cdn.yellosolarhub.com/products/FORTLEV/IIN00260.png","https://cdn.yellosolarhub.com/products/FORTLEV/IIN00260.png|IIN00260.png","imgs-index",100,6959,20,0,"https://cdn.yellosolarhub.com/products/FORTLEV/IIN00260.png|[object Object]"
"IIN00261","https://cdn.yellosolarhub.com/products/FORTLEV/IIN00261.png","https://cdn.yellosolarhub.com/products/FORTLEV/IIN00261.png|IIN00261.png","imgs-index",100,11817,20,0,"https://cdn.yellosolarhub.com/products/FORTLEV/IIN00261.png|[object Object]"
"IIN00262","https://cdn.yellosolarhub.com/products/FORTLEV/IIN00262.png","https://cdn.yellosolarhub.com/products/FORTLEV/IIN00262.png|IIN00262.png","imgs-index",100,5222,20,0,"https://cdn.yellosolarhub.com/products/FORTLEV/IIN00262.png|[object Object]"
"IIN00263","https://cdn.yellosolarhub.com/products/FORTLEV/IIN00263.png","https://cdn.yellosolarhub.com/products/FORTLEV/IIN00263.png|IIN00263.png","imgs-index",100,8428.95,20,0,"https://cdn.yellosolarhub.com/products/FORTLEV/IIN00263.png|[object Object]"
"IIN00264","https://cdn.yellosolarhub.com/products/FORTLEV/IIN00264.png","https://cdn.yellosolarhub.com/products/FORTLEV/IIN00264.png|IIN00264.png","imgs-index",100,493.49,20,0,"https://cdn.yellosolarhub.com/products/FORTLEV/IIN00264.png|[object Object]"
"IIN00265","https://cdn.yellosolarhub.com/products/FORTLEV/IIN00265.png","https://cdn.yellosolarhub.com/products/FORTLEV/IIN00265.png|IIN00265.png","imgs-index",100,1952.99,20,0,"https://cdn.yellosolarhub.com/products/FORTLEV/IIN00265.png|[object Object]"
"IIN00271","https://cdn.yellosolarhub.com/products/FORTLEV/IIN00271.png","https://cdn.yellosolarhub.com/products/FORTLEV/IIN00271.png|IIN00271.png","imgs-index",100,1608.49,20,0,"https://cdn.yellosolarhub.com/products/FORTLEV/IIN00271.png|[object Object]"
"IIN0028220NEP20RAPID20SHUTDOWN2020A20MC4V2","https://cdn.yellosolarhub.com/products/FORTLEV/IIN00282%20NEP%20RAPID%20SHUTDOWN%2020A%20(MC4)_v2.png","https://cdn.yellosolarhub.com/products/FORTLEV/IIN00282%20NEP%20RAPID%20SHUTDOWN%2020A%20(MC4)_v2.png|IIN00282%20NEP%20RAPID%20SHUTDOWN%2020A%20(MC4)_v2.png","imgs-index",100,12080.99,20,0,"https://cdn.yellosolarhub.com/products/FORTLEV/IIN00282%20NEP%20RAPID%20SHUTDOWN%2020A%20(MC4)_v2.png|[object Object]"
"IIN00288","https://cdn.yellosolarhub.com/products/FORTLEV/IIN00288.png","https://cdn.yellosolarhub.com/products/FORTLEV/IIN00288.png|IIN00288.png","imgs-index",100,10200,20,0,"https://cdn.yellosolarhub.com/products/FORTLEV/IIN00288.png|[object Object]"
"IIN00289","https://cdn.yellosolarhub.com/products/FORTLEV/IIN00289.png","https://cdn.yellosolarhub.com/products/FORTLEV/IIN00289.png|IIN00289.png","imgs-index",100,12041.99,20,0,"https://cdn.yellosolarhub.com/products/FORTLEV/IIN00289.png|[object Object]"
"IIN00290","https://cdn.yellosolarhub.com/products/FORTLEV/IIN00290.png","https://cdn.yellosolarhub.com/products/FORTLEV/IIN00290.png|IIN00290.png","imgs-index",100,6927.99,20,0,"https://cdn.yellosolarhub.com/products/FORTLEV/IIN00290.png|[object Object]"
"IIN00291","https://cdn.yellosolarhub.com/products/FORTLEV/IIN00291.png","https://cdn.yellosolarhub.com/products/FORTLEV/IIN00291.png|IIN00291.png","imgs-index",100,8805.99,20,0,"https://cdn.yellosolarhub.com/products/FORTLEV/IIN00291.png|[object Object]"
"IIN00292","https://cdn.yellosolarhub.com/products/FORTLEV/IIN00292.png","https://cdn.yellosolarhub.com/products/FORTLEV/IIN00292.png|IIN00292.png","imgs-index",100,8146.95,20,0,"https://cdn.yellosolarhub.com/products/FORTLEV/IIN00292.png|[object Object]"
"IIN00296","https://cdn.yellosolarhub.com/products/FORTLEV/IIN00296.png","https://cdn.yellosolarhub.com/products/FORTLEV/IIN00296.png|IIN00296.png","imgs-index",100,2673.95,20,0,"https://cdn.yellosolarhub.com/products/FORTLEV/IIN00296.png|[object Object]"
"IIN00301V2","https://cdn.yellosolarhub.com/products/FORTLEV/IIN00301_v2.png","https://cdn.yellosolarhub.com/products/FORTLEV/IIN00301_v2.png|IIN00301_v2.png","imgs-index",100,4636.99,20,0,"https://cdn.yellosolarhub.com/products/FORTLEV/IIN00301_v2.png|[object Object]"
"IIN00302","https://cdn.yellosolarhub.com/products/FORTLEV/IIN00302.png","https://cdn.yellosolarhub.com/products/FORTLEV/IIN00302.png|IIN00302.png","imgs-index",100,3692.99,20,0,"https://cdn.yellosolarhub.com/products/FORTLEV/IIN00302.png|[object Object]"
"IIN00303","https://cdn.yellosolarhub.com/products/FORTLEV/IIN00303.png","https://cdn.yellosolarhub.com/products/FORTLEV/IIN00303.png|IIN00303.png","imgs-index",100,8917.95,20,0,"https://cdn.yellosolarhub.com/products/FORTLEV/IIN00303.png|[object Object]"
"IIN00304","https://cdn.yellosolarhub.com/products/FORTLEV/IIN00304.png","https://cdn.yellosolarhub.com/products/FORTLEV/IIN00304.png|IIN00304.png","imgs-index",100,3374,20,0,"https://cdn.yellosolarhub.com/products/FORTLEV/IIN00304.png|[object Object]"
"IIN00305","https://cdn.yellosolarhub.com/products/FORTLEV/IIN00305.png","https://cdn.yellosolarhub.com/products/FORTLEV/IIN00305.png|IIN00305.png","imgs-index",100,5704,20,0,"https://cdn.yellosolarhub.com/products/FORTLEV/IIN00305.png|[object Object]"
"IIN00307","https://cdn.yellosolarhub.com/products/FORTLEV/IIN00307.png","https://cdn.yellosolarhub.com/products/FORTLEV/IIN00307.png|IIN00307.png","imgs-index",100,1267,20,0,"https://cdn.yellosolarhub.com/products/FORTLEV/IIN00307.png|[object Object]"
"IIN00308","https://cdn.yellosolarhub.com/products/FORTLEV/IIN00308.png","https://cdn.yellosolarhub.com/products/FORTLEV/IIN00308.png|IIN00308.png","imgs-index",100,5629,20,0,"https://cdn.yellosolarhub.com/products/FORTLEV/IIN00308.png|[object Object]"
"IIN00309","https://cdn.yellosolarhub.com/products/FORTLEV/IIN00309.png","https://cdn.yellosolarhub.com/products/FORTLEV/IIN00309.png|IIN00309.png","imgs-index",100,2141.95,20,0,"https://cdn.yellosolarhub.com/products/FORTLEV/IIN00309.png|[object Object]"
"IIN00310","https://cdn.yellosolarhub.com/products/FORTLEV/IIN00310.png","https://cdn.yellosolarhub.com/products/FORTLEV/IIN00310.png|IIN00310.png","imgs-index",100,12323.99,20,0,"https://cdn.yellosolarhub.com/products/FORTLEV/IIN00310.png|[object Object]"
"IIN00311","https://cdn.yellosolarhub.com/products/FORTLEV/IIN00311.png","https://cdn.yellosolarhub.com/products/FORTLEV/IIN00311.png|IIN00311.png","imgs-index",100,11288.99,20,0,"https://cdn.yellosolarhub.com/products/FORTLEV/IIN00311.png|[object Object]"
"IIN00312","https://cdn.yellosolarhub.com/products/FORTLEV/IIN00312.png","https://cdn.yellosolarhub.com/products/FORTLEV/IIN00312.png|IIN00312.png","imgs-index",100,6283,20,0,"https://cdn.yellosolarhub.com/products/FORTLEV/IIN00312.png|[object Object]"
"IIN00313","https://cdn.yellosolarhub.com/products/FORTLEV/IIN00313.png","https://cdn.yellosolarhub.com/products/FORTLEV/IIN00313.png|IIN00313.png","imgs-index",100,7943.95,20,0,"https://cdn.yellosolarhub.com/products/FORTLEV/IIN00313.png|[object Object]"
"IIN00318","https://cdn.yellosolarhub.com/products/FORTLEV/IIN00318.png","https://cdn.yellosolarhub.com/products/FORTLEV/IIN00318.png|IIN00318.png","imgs-index",100,7024.49,20,0,"https://cdn.yellosolarhub.com/products/FORTLEV/IIN00318.png|[object Object]"
"IIN00319","https://cdn.yellosolarhub.com/products/FORTLEV/IIN00319.png","https://cdn.yellosolarhub.com/products/FORTLEV/IIN00319.png|IIN00319.png","imgs-index",100,9132.99,20,0,"https://cdn.yellosolarhub.com/products/FORTLEV/IIN00319.png|[object Object]"
"IIN00325","https://cdn.yellosolarhub.com/products/FORTLEV/IIN00325.png","https://cdn.yellosolarhub.com/products/FORTLEV/IIN00325.png|IIN00325.png","imgs-index",100,4063.49,20,0,"https://cdn.yellosolarhub.com/products/FORTLEV/IIN00325.png|[object Object]"
"IIN00326","https://cdn.yellosolarhub.com/products/FORTLEV/IIN00326.png","https://cdn.yellosolarhub.com/products/FORTLEV/IIN00326.png|IIN00326.png","imgs-index",100,7344.99,20,0,"https://cdn.yellosolarhub.com/products/FORTLEV/IIN00326.png|[object Object]"
"IIN00335","https://cdn.yellosolarhub.com/products/FORTLEV/IIN00335.png","https://cdn.yellosolarhub.com/products/FORTLEV/IIN00335.png|IIN00335.png","imgs-index",100,9294.99,20,0,"https://cdn.yellosolarhub.com/products/FORTLEV/IIN00335.png|[object Object]"
"IIN00336","https://cdn.yellosolarhub.com/products/FORTLEV/IIN00336.png","https://cdn.yellosolarhub.com/products/FORTLEV/IIN00336.png|IIN00336.png","imgs-index",100,4271.49,20,0,"https://cdn.yellosolarhub.com/products/FORTLEV/IIN00336.png|[object Object]"
"IIN00337","https://cdn.yellosolarhub.com/products/FORTLEV/IIN00337.png","https://cdn.yellosolarhub.com/products/FORTLEV/IIN00337.png|IIN00337.png","imgs-index",100,8815.95,20,0,"https://cdn.yellosolarhub.com/products/FORTLEV/IIN00337.png|[object Object]"
"IIN00338","https://cdn.yellosolarhub.com/products/FORTLEV/IIN00338.png","https://cdn.yellosolarhub.com/products/FORTLEV/IIN00338.png|IIN00338.png","imgs-index",100,3424,20,0,"https://cdn.yellosolarhub.com/products/FORTLEV/IIN00338.png|[object Object]"
"IIN00339","https://cdn.yellosolarhub.com/products/FORTLEV/IIN00339.png","https://cdn.yellosolarhub.com/products/FORTLEV/IIN00339.png|IIN00339.png","imgs-index",100,4571.99,20,0,"https://cdn.yellosolarhub.com/products/FORTLEV/IIN00339.png|[object Object]"
"IIN00340","https://cdn.yellosolarhub.com/products/FORTLEV/IIN00340.png","https://cdn.yellosolarhub.com/products/FORTLEV/IIN00340.png|IIN00340.png","imgs-index",100,9225,20,0,"https://cdn.yellosolarhub.com/products/FORTLEV/IIN00340.png|[object Object]"
"IIN00341","https://cdn.yellosolarhub.com/products/FORTLEV/IIN00341.png","https://cdn.yellosolarhub.com/products/FORTLEV/IIN00341.png|IIN00341.png","imgs-index",100,9397.99,20,0,"https://cdn.yellosolarhub.com/products/FORTLEV/IIN00341.png|[object Object]"
"IIN00342201","https://cdn.yellosolarhub.com/products/FORTLEV/IIN00342%20(1).png","https://cdn.yellosolarhub.com/products/FORTLEV/IIN00342%20(1).png|IIN00342%20(1).png","imgs-index",100,8979.99,20,0,"https://cdn.yellosolarhub.com/products/FORTLEV/IIN00342%20(1).png|[object Object]"
"IIN00343","https://cdn.yellosolarhub.com/products/FORTLEV/IIN00343.png","https://cdn.yellosolarhub.com/products/FORTLEV/IIN00343.png|IIN00343.png","imgs-index",100,8876.99,20,0,"https://cdn.yellosolarhub.com/products/FORTLEV/IIN00343.png|[object Object]"
"IIN00344","https://cdn.yellosolarhub.com/products/FORTLEV/IIN00344.png","https://cdn.yellosolarhub.com/products/FORTLEV/IIN00344.png|IIN00344.png","imgs-index",100,8915,20,0,"https://cdn.yellosolarhub.com/products/FORTLEV/IIN00344.png|[object Object]"
"IIN00345","https://cdn.yellosolarhub.com/products/FORTLEV/IIN00345.png","https://cdn.yellosolarhub.com/products/FORTLEV/IIN00345.png|IIN00345.png","imgs-index",100,5638.99,20,0,"https://cdn.yellosolarhub.com/products/FORTLEV/IIN00345.png|[object Object]"
"IIN00347","https://cdn.yellosolarhub.com/products/FORTLEV/IIN00347.png","https://cdn.yellosolarhub.com/products/FORTLEV/IIN00347.png|IIN00347.png","imgs-index",100,6560.99,20,0,"https://cdn.yellosolarhub.com/products/FORTLEV/IIN00347.png|[object Object]"
"IIN00348","https://cdn.yellosolarhub.com/products/FORTLEV/IIN00348.png","https://cdn.yellosolarhub.com/products/FORTLEV/IIN00348.png|IIN00348.png","imgs-index",100,2364.99,20,0,"https://cdn.yellosolarhub.com/products/FORTLEV/IIN00348.png|[object Object]"
"IIN00349","https://cdn.yellosolarhub.com/products/FORTLEV/IIN00349.png","https://cdn.yellosolarhub.com/products/FORTLEV/IIN00349.png|IIN00349.png","imgs-index",100,9221.99,20,0,"https://cdn.yellosolarhub.com/products/FORTLEV/IIN00349.png|[object Object]"
"IIN00350","https://cdn.yellosolarhub.com/products/FORTLEV/IIN00350.png","https://cdn.yellosolarhub.com/products/FORTLEV/IIN00350.png|IIN00350.png","imgs-index",100,1724.99,20,0,"https://cdn.yellosolarhub.com/products/FORTLEV/IIN00350.png|[object Object]"
"IIN00352","https://cdn.yellosolarhub.com/products/FORTLEV/IIN00352.png","https://cdn.yellosolarhub.com/products/FORTLEV/IIN00352.png|IIN00352.png","imgs-index",100,5993.99,20,0,"https://cdn.yellosolarhub.com/products/FORTLEV/IIN00352.png|[object Object]"
"IIN00357","https://cdn.yellosolarhub.com/products/FORTLEV/IIN00357.png","https://cdn.yellosolarhub.com/products/FORTLEV/IIN00357.png|IIN00357.png","imgs-index",100,1570.99,20,0,"https://cdn.yellosolarhub.com/products/FORTLEV/IIN00357.png|[object Object]"
"IIN00358","https://cdn.yellosolarhub.com/products/FORTLEV/IIN00358.png","https://cdn.yellosolarhub.com/products/FORTLEV/IIN00358.png|IIN00358.png","imgs-index",100,2355.95,20,0,"https://cdn.yellosolarhub.com/products/FORTLEV/IIN00358.png|[object Object]"
"IIN00364","https://cdn.yellosolarhub.com/products/FORTLEV/IIN00364.png","https://cdn.yellosolarhub.com/products/FORTLEV/IIN00364.png|IIN00364.png","imgs-index",100,11697.99,20,0,"https://cdn.yellosolarhub.com/products/FORTLEV/IIN00364.png|[object Object]"
"IIN00365","https://cdn.yellosolarhub.com/products/FORTLEV/IIN00365.png","https://cdn.yellosolarhub.com/products/FORTLEV/IIN00365.png|IIN00365.png","imgs-index",100,7026.99,20,0,"https://cdn.yellosolarhub.com/products/FORTLEV/IIN00365.png|[object Object]"
"IIN00366","https://cdn.yellosolarhub.com/products/FORTLEV/IIN00366.png","https://cdn.yellosolarhub.com/products/FORTLEV/IIN00366.png|IIN00366.png","imgs-index",100,10344.95,20,0,"https://cdn.yellosolarhub.com/products/FORTLEV/IIN00366.png|[object Object]"
"IIN00367","https://cdn.yellosolarhub.com/products/FORTLEV/IIN00367.png","https://cdn.yellosolarhub.com/products/FORTLEV/IIN00367.png|IIN00367.png","imgs-index",100,6407.49,20,0,"https://cdn.yellosolarhub.com/products/FORTLEV/IIN00367.png|[object Object]"
"IIN00368","https://cdn.yellosolarhub.com/products/FORTLEV/IIN00368.png","https://cdn.yellosolarhub.com/products/FORTLEV/IIN00368.png|IIN00368.png","imgs-index",100,9877.49,20,0,"https://cdn.yellosolarhub.com/products/FORTLEV/IIN00368.png|[object Object]"
"IIN00369","https://cdn.yellosolarhub.com/products/FORTLEV/IIN00369.png","https://cdn.yellosolarhub.com/products/FORTLEV/IIN00369.png|IIN00369.png","imgs-index",100,7606.95,20,0,"https://cdn.yellosolarhub.com/products/FORTLEV/IIN00369.png|[object Object]"
"IIN00370","https://cdn.yellosolarhub.com/products/FORTLEV/IIN00370.png","https://cdn.yellosolarhub.com/products/FORTLEV/IIN00370.png|IIN00370.png","imgs-index",100,5615.49,20,0,"https://cdn.yellosolarhub.com/products/FORTLEV/IIN00370.png|[object Object]"
"IIN00371","https://cdn.yellosolarhub.com/products/FORTLEV/IIN00371.png","https://cdn.yellosolarhub.com/products/FORTLEV/IIN00371.png|IIN00371.png","imgs-index",100,3316.49,20,0,"https://cdn.yellosolarhub.com/products/FORTLEV/IIN00371.png|[object Object]"
"IIN00376V2","https://cdn.yellosolarhub.com/products/FORTLEV/IIN00376_v2.png","https://cdn.yellosolarhub.com/products/FORTLEV/IIN00376_v2.png|IIN00376_v2.png","imgs-index",100,6153.99,20,0,"https://cdn.yellosolarhub.com/products/FORTLEV/IIN00376_v2.png|[object Object]"
"IIN00377","https://cdn.yellosolarhub.com/products/FORTLEV/IIN00377.png","https://cdn.yellosolarhub.com/products/FORTLEV/IIN00377.png|IIN00377.png","imgs-index",100,11605.95,20,0,"https://cdn.yellosolarhub.com/products/FORTLEV/IIN00377.png|[object Object]"
"IIN00378","https://cdn.yellosolarhub.com/products/FORTLEV/IIN00378.png","https://cdn.yellosolarhub.com/products/FORTLEV/IIN00378.png|IIN00378.png","imgs-index",100,5507.99,20,0,"https://cdn.yellosolarhub.com/products/FORTLEV/IIN00378.png|[object Object]"
"IIN00379","https://cdn.yellosolarhub.com/products/FORTLEV/IIN00379.png","https://cdn.yellosolarhub.com/products/FORTLEV/IIN00379.png|IIN00379.png","imgs-index",100,8829,20,0,"https://cdn.yellosolarhub.com/products/FORTLEV/IIN00379.png|[object Object]"
"IIN00380","https://cdn.yellosolarhub.com/products/FORTLEV/IIN00380.png","https://cdn.yellosolarhub.com/products/FORTLEV/IIN00380.png|IIN00380.png","imgs-index",100,3980.99,20,0,"https://cdn.yellosolarhub.com/products/FORTLEV/IIN00380.png|[object Object]"
"IIN00381","https://cdn.yellosolarhub.com/products/FORTLEV/IIN00381.png","https://cdn.yellosolarhub.com/products/FORTLEV/IIN00381.png|IIN00381.png","imgs-index",100,3078.99,20,0,"https://cdn.yellosolarhub.com/products/FORTLEV/IIN00381.png|[object Object]"
"IIN00382","https://cdn.yellosolarhub.com/products/FORTLEV/IIN00382.png","https://cdn.yellosolarhub.com/products/FORTLEV/IIN00382.png|IIN00382.png","imgs-index",100,390.99,20,0,"https://cdn.yellosolarhub.com/products/FORTLEV/IIN00382.png|[object Object]"
"IIN00383","https://cdn.yellosolarhub.com/products/FORTLEV/IIN00383.png","https://cdn.yellosolarhub.com/products/FORTLEV/IIN00383.png|IIN00383.png","imgs-index",100,9430.99,20,0,"https://cdn.yellosolarhub.com/products/FORTLEV/IIN00383.png|[object Object]"
"IIN00384","https://cdn.yellosolarhub.com/products/FORTLEV/IIN00384.png","https://cdn.yellosolarhub.com/products/FORTLEV/IIN00384.png|IIN00384.png","imgs-index",100,2991.99,20,0,"https://cdn.yellosolarhub.com/products/FORTLEV/IIN00384.png|[object Object]"
"IIN00386","https://cdn.yellosolarhub.com/products/FORTLEV/IIN00386.png","https://cdn.yellosolarhub.com/products/FORTLEV/IIN00386.png|IIN00386.png","imgs-index",100,5477.99,20,0,"https://cdn.yellosolarhub.com/products/FORTLEV/IIN00386.png|[object Object]"
"IMO00093","https://cdn.yellosolarhub.com/products/FORTLEV/IMO00093.png","https://cdn.yellosolarhub.com/products/FORTLEV/IMO00093.png|IMO00093.png","imgs-index",100,172.99,20,0,"https://cdn.yellosolarhub.com/products/FORTLEV/IMO00093.png|[object Object]"
"IMO00135","https://cdn.yellosolarhub.com/products/FORTLEV/IMO00135.png","https://cdn.yellosolarhub.com/products/FORTLEV/IMO00135.png|IMO00135.png","imgs-index",100,1166.95,20,0,"https://cdn.yellosolarhub.com/products/FORTLEV/IMO00135.png|[object Object]"
"CORRUGADO","https://cdn.yellosolarhub.com/products/GENERIC-COMPONENTS/corrugado.png","https://cdn.yellosolarhub.com/products/GENERIC-COMPONENTS/corrugado.png|corrugado.png","imgs-index",100,910.99,20,0,"https://cdn.yellosolarhub.com/products/GENERIC-COMPONENTS/corrugado.png|[object Object]"
"DUTOCORRUGADO","https://cdn.yellosolarhub.com/products/GENERIC-COMPONENTS/duto_corrugado.png","https://cdn.yellosolarhub.com/products/GENERIC-COMPONENTS/duto_corrugado.png|duto_corrugado.png","imgs-index",100,3801,20,0,"https://cdn.yellosolarhub.com/products/GENERIC-COMPONENTS/duto_corrugado.png|[object Object]"
"IMAGEM","https://cdn.yellosolarhub.com/products/GENERIC-COMPONENTS/imagem.png","https://cdn.yellosolarhub.com/products/GENERIC-COMPONENTS/imagem.png|imagem.png","imgs-index",100,12242.99,20,0,"https://cdn.yellosolarhub.com/products/GENERIC-COMPONENTS/imagem.png|[object Object]"
"GROWATT20MIC3000TLX20220V20201MPPT","https://cdn.yellosolarhub.com/products/GROWATT/GROWATT%20MIC3000TL-X%20-220V%20-%201MPPT.png","https://cdn.yellosolarhub.com/products/GROWATT/GROWATT%20MIC3000TL-X%20-220V%20-%201MPPT.png|GROWATT%20MIC3000TL-X%20-220V%20-%201MPPT.png","imgs-index",100,379.95,20,0,"https://cdn.yellosolarhub.com/products/GROWATT/GROWATT%20MIC3000TL-X%20-220V%20-%201MPPT.png|[object Object]"
"GROWATTMIC3000TLX2220V1MPPT","https://cdn.yellosolarhub.com/products/GROWATT/GROWATT-MIC-3000TL-X2-220V-1MPPT.png","https://cdn.yellosolarhub.com/products/GROWATT/GROWATT-MIC-3000TL-X2-220V-1MPPT.png|GROWATT-MIC-3000TL-X2-220V-1MPPT.png","imgs-index",100,9161.99,20,0,"https://cdn.yellosolarhub.com/products/GROWATT/GROWATT-MIC-3000TL-X2-220V-1MPPT.png|[object Object]"
"GROWATTMID40KTL3X2380V4MPPTV2","https://cdn.yellosolarhub.com/products/GROWATT/GROWATT-MID40KTL3-X2---380V---4MPPT_v2.png","https://cdn.yellosolarhub.com/products/GROWATT/GROWATT-MID40KTL3-X2---380V---4MPPT_v2.png|GROWATT-MID40KTL3-X2---380V---4MPPT_v2.png","imgs-index",100,6935,20,0,"https://cdn.yellosolarhub.com/products/GROWATT/GROWATT-MID40KTL3-X2---380V---4MPPT_v2.png|[object Object]"
"GROWATTMIN7500TLX2220V2MPPT","https://cdn.yellosolarhub.com/products/GROWATT/GROWATT-MIN7500TL-X2-220V-2MPPT.png","https://cdn.yellosolarhub.com/products/GROWATT/GROWATT-MIN7500TL-X2-220V-2MPPT.png|GROWATT-MIN7500TL-X2-220V-2MPPT.png","imgs-index",100,3492.99,20,0,"https://cdn.yellosolarhub.com/products/GROWATT/GROWATT-MIN7500TL-X2-220V-2MPPT.png|[object Object]"
"GROWATTMOD15KTL3X2380V2MPPT","https://cdn.yellosolarhub.com/products/GROWATT/GROWATT-MOD15KTL3-X2-380V-2-MPPT.png","https://cdn.yellosolarhub.com/products/GROWATT/GROWATT-MOD15KTL3-X2-380V-2-MPPT.png|GROWATT-MOD15KTL3-X2-380V-2-MPPT.png","imgs-index",100,5794,20,0,"https://cdn.yellosolarhub.com/products/GROWATT/GROWATT-MOD15KTL3-X2-380V-2-MPPT.png|[object Object]"
"GROWATTNEO225","https://cdn.yellosolarhub.com/products/GROWATT/GROWATT-NEO-2,25.png","https://cdn.yellosolarhub.com/products/GROWATT/GROWATT-NEO-2,25.png|GROWATT-NEO-2,25.png","imgs-index",100,5789.99,20,0,"https://cdn.yellosolarhub.com/products/GROWATT/GROWATT-NEO-2,25.png|[object Object]"
"GROWATTNEO2000MX2000W220V","https://cdn.yellosolarhub.com/products/GROWATT/GROWATT-NEO-2000M-X-2000W-220V.png","https://cdn.yellosolarhub.com/products/GROWATT/GROWATT-NEO-2000M-X-2000W-220V.png|GROWATT-NEO-2000M-X-2000W-220V.png","imgs-index",100,4693.99,20,0,"https://cdn.yellosolarhub.com/products/GROWATT/GROWATT-NEO-2000M-X-2000W-220V.png|[object Object]"
"ICV0000220CARREGADOR20VEICULAR20WALLBOX20GROWATT20THOR07ASP20THO","https://cdn.yellosolarhub.com/products/GROWATT/ICV00002%20CARREGADOR%20VEICULAR%20WALLBOX%20GROWATT%20THOR07AS-P%20THO.png","https://cdn.yellosolarhub.com/products/GROWATT/ICV00002%20CARREGADOR%20VEICULAR%20WALLBOX%20GROWATT%20THOR07AS-P%20THO.png|ICV00002%20CARREGADOR%20VEICULAR%20WALLBOX%20GROWATT%20THOR07AS-P%20THO.png","imgs-index",100,374,20,0,"https://cdn.yellosolarhub.com/products/GROWATT/ICV00002%20CARREGADOR%20VEICULAR%20WALLBOX%20GROWATT%20THOR07AS-P%20THO.png|[object Object]"
"IIN00232GROWATTMAX75KTL3XL2220V8MPPT","https://cdn.yellosolarhub.com/products/GROWATT/IIN00232-GROWATT-MAX-75KTL3-XL2-220V-8MPPT.png","https://cdn.yellosolarhub.com/products/GROWATT/IIN00232-GROWATT-MAX-75KTL3-XL2-220V-8MPPT.png|IIN00232-GROWATT-MAX-75KTL3-XL2-220V-8MPPT.png","imgs-index",100,7331.99,20,0,"https://cdn.yellosolarhub.com/products/GROWATT/IIN00232-GROWATT-MAX-75KTL3-XL2-220V-8MPPT.png|[object Object]"
"IIN00316HUAWEISUN2000100KTLM2380V10MPPT","https://cdn.yellosolarhub.com/products/HUAWEI/IIN00316-HUAWEI-SUN2000-100KTL-M2-380V-10MPPT.png","https://cdn.yellosolarhub.com/products/HUAWEI/IIN00316-HUAWEI-SUN2000-100KTL-M2-380V-10MPPT.png|IIN00316-HUAWEI-SUN2000-100KTL-M2-380V-10MPPT.png","imgs-index",100,5789.95,20,0,"https://cdn.yellosolarhub.com/products/HUAWEI/IIN00316-HUAWEI-SUN2000-100KTL-M2-380V-10MPPT.png|[object Object]"
"LONGI585W","https://cdn.yellosolarhub.com/products/LONGI/LONGI-585W.png","https://cdn.yellosolarhub.com/products/LONGI/LONGI-585W.png|LONGI-585W.png","imgs-index",100,10992.99,20,0,"https://cdn.yellosolarhub.com/products/LONGI/LONGI-585W.png|[object Object]"
"LONGI630WPV2","https://cdn.yellosolarhub.com/products/LONGI/LONGI-630Wp_v2.png","https://cdn.yellosolarhub.com/products/LONGI/LONGI-630Wp_v2.png|LONGI-630Wp_v2.png","imgs-index",100,1054,20,0,"https://cdn.yellosolarhub.com/products/LONGI/LONGI-630Wp_v2.png|[object Object]"
"CONTENTINGRESSPORTALB2BNEOSOLARCOMBR","https://cdn.yellosolarhub.com/products/outros/content_ingress=portalb2b.neosolar.com.br.png","https://cdn.yellosolarhub.com/products/outros/content_ingress=portalb2b.neosolar.com.br.png|content_ingress=portalb2b.neosolar.com.br.png","imgs-index",100,7157.95,20,0,"https://cdn.yellosolarhub.com/products/outros/content_ingress=portalb2b.neosolar.com.br.png|[object Object]"
"DAHDHN72X16DGIMAGEPRODUCT559376","https://cdn.yellosolarhub.com/products/paineis/DAH-DHN-72X16-DG_IMAGE_PRODUCT_559376.jpeg","https://cdn.yellosolarhub.com/products/paineis/DAH-DHN-72X16-DG_IMAGE_PRODUCT_559376.jpeg|DAH-DHN-72X16-DG_IMAGE_PRODUCT_559376.jpeg","imgs-index",100,4237.99,20,0,"https://cdn.yellosolarhub.com/products/paineis/DAH-DHN-72X16-DG_IMAGE_PRODUCT_559376.jpeg|[object Object]"
"HANERSUNHJTHN21H66HTIMAGEPRODUCT573429","https://cdn.yellosolarhub.com/products/paineis/HANERSUN-HJT HN21H-66HT_IMAGE_PRODUCT_573429.png","https://cdn.yellosolarhub.com/products/paineis/HANERSUN-HJT HN21H-66HT_IMAGE_PRODUCT_573429.png|HANERSUN-HJT HN21H-66HT_IMAGE_PRODUCT_573429.png","imgs-index",100,3573.99,20,0,"https://cdn.yellosolarhub.com/products/paineis/HANERSUN-HJT HN21H-66HT_IMAGE_PRODUCT_573429.png|[object Object]"
"HANERSUNHN18N72HIMAGEPRODUCT559375","https://cdn.yellosolarhub.com/products/paineis/HANERSUN-HN18N-72H_IMAGE_PRODUCT_559375.jpeg","https://cdn.yellosolarhub.com/products/paineis/HANERSUN-HN18N-72H_IMAGE_PRODUCT_559375.jpeg|HANERSUN-HN18N-72H_IMAGE_PRODUCT_559375.jpeg","imgs-index",100,8784.95,20,0,"https://cdn.yellosolarhub.com/products/paineis/HANERSUN-HN18N-72H_IMAGE_PRODUCT_559375.jpeg|[object Object]"
"IMAGEPRODUCT559375","https://cdn.yellosolarhub.com/products/paineis/IMAGE_PRODUCT_559375.jpeg","https://cdn.yellosolarhub.com/products/paineis/IMAGE_PRODUCT_559375.jpeg|IMAGE_PRODUCT_559375.jpeg","imgs-index",100,7388,20,0,"https://cdn.yellosolarhub.com/products/paineis/IMAGE_PRODUCT_559375.jpeg|[object Object]"
"IMAGEPRODUCT559376","https://cdn.yellosolarhub.com/products/paineis/IMAGE_PRODUCT_559376.jpeg","https://cdn.yellosolarhub.com/products/paineis/IMAGE_PRODUCT_559376.jpeg|IMAGE_PRODUCT_559376.jpeg","imgs-index",100,7852.99,20,0,"https://cdn.yellosolarhub.com/products/paineis/IMAGE_PRODUCT_559376.jpeg|[object Object]"
"IMAGEPRODUCT559380","https://cdn.yellosolarhub.com/products/paineis/IMAGE_PRODUCT_559380.jpeg","https://cdn.yellosolarhub.com/products/paineis/IMAGE_PRODUCT_559380.jpeg|IMAGE_PRODUCT_559380.jpeg","imgs-index",100,11679.99,20,0,"https://cdn.yellosolarhub.com/products/paineis/IMAGE_PRODUCT_559380.jpeg|[object Object]"
"IMAGEPRODUCT559381","https://cdn.yellosolarhub.com/products/paineis/IMAGE_PRODUCT_559381.png","https://cdn.yellosolarhub.com/products/paineis/IMAGE_PRODUCT_559381.png|IMAGE_PRODUCT_559381.png","imgs-index",100,10039.99,20,0,"https://cdn.yellosolarhub.com/products/paineis/IMAGE_PRODUCT_559381.png|[object Object]"
"IMAGEPRODUCT573429","https://cdn.yellosolarhub.com/products/paineis/IMAGE_PRODUCT_573429.png","https://cdn.yellosolarhub.com/products/paineis/IMAGE_PRODUCT_573429.png|IMAGE_PRODUCT_573429.png","imgs-index",100,2685.95,20,0,"https://cdn.yellosolarhub.com/products/paineis/IMAGE_PRODUCT_573429.png|[object Object]"
"MINASOLMS545IMAGE","https://cdn.yellosolarhub.com/products/paineis/MINASOL-MS-545_image.png","https://cdn.yellosolarhub.com/products/paineis/MINASOL-MS-545_image.png|MINASOL-MS-545_image.png","imgs-index",100,7205.99,20,0,"https://cdn.yellosolarhub.com/products/paineis/MINASOL-MS-545_image.png|[object Object]"
"OSDA33VMHDRZIMAGEPRODUCT559381","https://cdn.yellosolarhub.com/products/paineis/OSDA-33V-MHDRZ_IMAGE_PRODUCT_559381.png","https://cdn.yellosolarhub.com/products/paineis/OSDA-33V-MHDRZ_IMAGE_PRODUCT_559381.png|OSDA-33V-MHDRZ_IMAGE_PRODUCT_559381.png","imgs-index",100,5671,20,0,"https://cdn.yellosolarhub.com/products/paineis/OSDA-33V-MHDRZ_IMAGE_PRODUCT_559381.png|[object Object]"
"SKU21556321556317587472203114354","https://cdn.yellosolarhub.com/products/paineis/sku_215563_215563-17587472203114354.jpeg","https://cdn.yellosolarhub.com/products/paineis/sku_215563_215563-17587472203114354.jpeg|sku_215563_215563-17587472203114354.jpeg","imgs-index",100,6121.99,20,0,"https://cdn.yellosolarhub.com/products/paineis/sku_215563_215563-17587472203114354.jpeg|[object Object]"
"SKU280440280440117460389183888406","https://cdn.yellosolarhub.com/products/paineis/sku_280440_280440_1-17460389183888406.jpeg","https://cdn.yellosolarhub.com/products/paineis/sku_280440_280440_1-17460389183888406.jpeg|sku_280440_280440_1-17460389183888406.jpeg","imgs-index",100,8947,20,0,"https://cdn.yellosolarhub.com/products/paineis/sku_280440_280440_1-17460389183888406.jpeg|[object Object]"
"SKU28798928798917459120523305528","https://cdn.yellosolarhub.com/products/paineis/sku_287989_287989-17459120523305528.jpeg","https://cdn.yellosolarhub.com/products/paineis/sku_287989_287989-17459120523305528.jpeg|sku_287989_287989-17459120523305528.jpeg","imgs-index",100,12535.99,20,0,"https://cdn.yellosolarhub.com/products/paineis/sku_287989_287989-17459120523305528.jpeg|[object Object]"
"SKU289244289244117460389447419270","https://cdn.yellosolarhub.com/products/paineis/sku_289244_289244_1-17460389447419270.jpeg","https://cdn.yellosolarhub.com/products/paineis/sku_289244_289244_1-17460389447419270.jpeg|sku_289244_289244_1-17460389447419270.jpeg","imgs-index",100,3375.99,20,0,"https://cdn.yellosolarhub.com/products/paineis/sku_289244_289244_1-17460389447419270.jpeg|[object Object]"
"SKU29180829180817458456460969248","https://cdn.yellosolarhub.com/products/paineis/sku_291808_291808-17458456460969248.jpeg","https://cdn.yellosolarhub.com/products/paineis/sku_291808_291808-17458456460969248.jpeg|sku_291808_291808-17458456460969248.jpeg","imgs-index",100,10932,20,0,"https://cdn.yellosolarhub.com/products/paineis/sku_291808_291808-17458456460969248.jpeg|[object Object]"
"SKU29958629958617471562636241354","https://cdn.yellosolarhub.com/products/paineis/sku_299586_299586-17471562636241354.jpeg","https://cdn.yellosolarhub.com/products/paineis/sku_299586_299586-17471562636241354.jpeg|sku_299586_299586-17471562636241354.jpeg","imgs-index",100,5979.99,20,0,"https://cdn.yellosolarhub.com/products/paineis/sku_299586_299586-17471562636241354.jpeg|[object Object]"
"SKU29958929958917471414377421707","https://cdn.yellosolarhub.com/products/paineis/sku_299589_299589-17471414377421707.jpeg","https://cdn.yellosolarhub.com/products/paineis/sku_299589_299589-17471414377421707.jpeg|sku_299589_299589-17471414377421707.jpeg","imgs-index",100,7582.99,20,0,"https://cdn.yellosolarhub.com/products/paineis/sku_299589_299589-17471414377421707.jpeg|[object Object]"
"SKU30058530058517476745737964615","https://cdn.yellosolarhub.com/products/paineis/sku_300585_300585-17476745737964615.jpeg","https://cdn.yellosolarhub.com/products/paineis/sku_300585_300585-17476745737964615.jpeg|sku_300585_300585-17476745737964615.jpeg","imgs-index",100,2712.99,20,0,"https://cdn.yellosolarhub.com/products/paineis/sku_300585_300585-17476745737964615.jpeg|[object Object]"
"SKU30457430457417516416575985705","https://cdn.yellosolarhub.com/products/paineis/sku_304574_304574-17516416575985705.jpeg","https://cdn.yellosolarhub.com/products/paineis/sku_304574_304574-17516416575985705.jpeg|sku_304574_304574-17516416575985705.jpeg","imgs-index",100,716.99,20,0,"https://cdn.yellosolarhub.com/products/paineis/sku_304574_304574-17516416575985705.jpeg|[object Object]"
"NEOSOLARPOSTS23327","https://cdn.yellosolarhub.com/products/postes/NEOSOLAR_POSTS_23327.jpg","https://cdn.yellosolarhub.com/products/postes/NEOSOLAR_POSTS_23327.jpg|NEOSOLAR_POSTS_23327.jpg","imgs-index",100,11336,20,0,"https://cdn.yellosolarhub.com/products/postes/NEOSOLAR_POSTS_23327.jpg|[object Object]"
"NEOSOLARPOSTS23586","https://cdn.yellosolarhub.com/products/postes/NEOSOLAR_POSTS_23586.jpg","https://cdn.yellosolarhub.com/products/postes/NEOSOLAR_POSTS_23586.jpg|NEOSOLAR_POSTS_23586.jpg","imgs-index",100,3626.99,20,0,"https://cdn.yellosolarhub.com/products/postes/NEOSOLAR_POSTS_23586.jpg|[object Object]"
"NEOSOLARPOSTS23587","https://cdn.yellosolarhub.com/products/postes/NEOSOLAR_POSTS_23587.jpg","https://cdn.yellosolarhub.com/products/postes/NEOSOLAR_POSTS_23587.jpg|NEOSOLAR_POSTS_23587.jpg","imgs-index",100,11846,20,0,"https://cdn.yellosolarhub.com/products/postes/NEOSOLAR_POSTS_23587.jpg|[object Object]"
"NEOSOLARPOSTS24170","https://cdn.yellosolarhub.com/products/postes/neosolar_posts_24170.jpg","https://cdn.yellosolarhub.com/products/postes/neosolar_posts_24170.jpg|neosolar_posts_24170.jpg","imgs-index",100,2201,20,0,"https://cdn.yellosolarhub.com/products/postes/neosolar_posts_24170.jpg|[object Object]"
"NEOSOLARPOSTS24171","https://cdn.yellosolarhub.com/products/postes/neosolar_posts_24171.jpg","https://cdn.yellosolarhub.com/products/postes/neosolar_posts_24171.jpg|neosolar_posts_24171.jpg","imgs-index",100,731.95,20,0,"https://cdn.yellosolarhub.com/products/postes/neosolar_posts_24171.jpg|[object Object]"
"NEOSOLARPOSTS24172","https://cdn.yellosolarhub.com/products/postes/neosolar_posts_24172.jpg","https://cdn.yellosolarhub.com/products/postes/neosolar_posts_24172.jpg|neosolar_posts_24172.jpg","imgs-index",100,8187.49,20,0,"https://cdn.yellosolarhub.com/products/postes/neosolar_posts_24172.jpg|[object Object]"
"NEOSOLARPOSTS24173","https://cdn.yellosolarhub.com/products/postes/neosolar_posts_24173.jpg","https://cdn.yellosolarhub.com/products/postes/neosolar_posts_24173.jpg|neosolar_posts_24173.jpg","imgs-index",100,130.95,20,0,"https://cdn.yellosolarhub.com/products/postes/neosolar_posts_24173.jpg|[object Object]"
"NEOSOLARPOSTS24174","https://cdn.yellosolarhub.com/products/postes/neosolar_posts_24174.jpg","https://cdn.yellosolarhub.com/products/postes/neosolar_posts_24174.jpg|neosolar_posts_24174.jpg","imgs-index",100,10107.99,20,0,"https://cdn.yellosolarhub.com/products/postes/neosolar_posts_24174.jpg|[object Object]"
"NEOSOLARPOSTS24175","https://cdn.yellosolarhub.com/products/postes/neosolar_posts_24175.jpg","https://cdn.yellosolarhub.com/products/postes/neosolar_posts_24175.jpg|neosolar_posts_24175.jpg","imgs-index",100,7089.95,20,0,"https://cdn.yellosolarhub.com/products/postes/neosolar_posts_24175.jpg|[object Object]"
"RISEN700W","https://cdn.yellosolarhub.com/products/RISEN/RISEN-700W.png","https://cdn.yellosolarhub.com/products/RISEN/RISEN-700W.png|RISEN-700W.png","imgs-index",100,9236.49,20,0,"https://cdn.yellosolarhub.com/products/RISEN/RISEN-700W.png|[object Object]"
"SKU12298012298017544826815777105","https://cdn.yellosolarhub.com/products/stringboxes/sku_122980_122980-17544826815777105.jpeg","https://cdn.yellosolarhub.com/products/stringboxes/sku_122980_122980-17544826815777105.jpeg|sku_122980_122980-17544826815777105.jpeg","imgs-index",100,7155.99,20,0,"https://cdn.yellosolarhub.com/products/stringboxes/sku_122980_122980-17544826815777105.jpeg|[object Object]"
"SKU13598513598517544833546238906","https://cdn.yellosolarhub.com/products/stringboxes/sku_135985_135985-17544833546238906.jpeg","https://cdn.yellosolarhub.com/products/stringboxes/sku_135985_135985-17544833546238906.jpeg|sku_135985_135985-17544833546238906.jpeg","imgs-index",100,5442,20,0,"https://cdn.yellosolarhub.com/products/stringboxes/sku_135985_135985-17544833546238906.jpeg|[object Object]"
"SKU19176819176817460425002977694","https://cdn.yellosolarhub.com/products/stringboxes/sku_191768_191768-17460425002977694.jpeg","https://cdn.yellosolarhub.com/products/stringboxes/sku_191768_191768-17460425002977694.jpeg|sku_191768_191768-17460425002977694.jpeg","imgs-index",100,7733.95,20,0,"https://cdn.yellosolarhub.com/products/stringboxes/sku_191768_191768-17460425002977694.jpeg|[object Object]"
"SKU19176919176917485312150104210","https://cdn.yellosolarhub.com/products/stringboxes/sku_191769_191769-17485312150104210.jpeg","https://cdn.yellosolarhub.com/products/stringboxes/sku_191769_191769-17485312150104210.jpeg|sku_191769_191769-17485312150104210.jpeg","imgs-index",100,7974.99,20,0,"https://cdn.yellosolarhub.com/products/stringboxes/sku_191769_191769-17485312150104210.jpeg|[object Object]"
"SKU19206819206817459124742242879","https://cdn.yellosolarhub.com/products/stringboxes/sku_192068_192068-17459124742242879.jpeg","https://cdn.yellosolarhub.com/products/stringboxes/sku_192068_192068-17459124742242879.jpeg|sku_192068_192068-17459124742242879.jpeg","imgs-index",100,244.99,20,0,"https://cdn.yellosolarhub.com/products/stringboxes/sku_192068_192068-17459124742242879.jpeg|[object Object]"
"SKU19934719934717460425385827504","https://cdn.yellosolarhub.com/products/stringboxes/sku_199347_199347-17460425385827504.jpeg","https://cdn.yellosolarhub.com/products/stringboxes/sku_199347_199347-17460425385827504.jpeg|sku_199347_199347-17460425385827504.jpeg","imgs-index",100,2486,20,0,"https://cdn.yellosolarhub.com/products/stringboxes/sku_199347_199347-17460425385827504.jpeg|[object Object]"
"SKU19934819934817458717534237239","https://cdn.yellosolarhub.com/products/stringboxes/sku_199348_199348-17458717534237239.jpeg","https://cdn.yellosolarhub.com/products/stringboxes/sku_199348_199348-17458717534237239.jpeg|sku_199348_199348-17458717534237239.jpeg","imgs-index",100,4528.99,20,0,"https://cdn.yellosolarhub.com/products/stringboxes/sku_199348_199348-17458717534237239.jpeg|[object Object]"
"SKU19935119935117459269345762408","https://cdn.yellosolarhub.com/products/stringboxes/sku_199351_199351-17459269345762408.jpeg","https://cdn.yellosolarhub.com/products/stringboxes/sku_199351_199351-17459269345762408.jpeg|sku_199351_199351-17459269345762408.jpeg","imgs-index",100,9736.95,20,0,"https://cdn.yellosolarhub.com/products/stringboxes/sku_199351_199351-17459269345762408.jpeg|[object Object]"
"SKU210836210836117458977870704374","https://cdn.yellosolarhub.com/products/stringboxes/sku_210836_210836_1-17458977870704374.jpeg","https://cdn.yellosolarhub.com/products/stringboxes/sku_210836_210836_1-17458977870704374.jpeg|sku_210836_210836_1-17458977870704374.jpeg","imgs-index",100,10527.95,20,0,"https://cdn.yellosolarhub.com/products/stringboxes/sku_210836_210836_1-17458977870704374.jpeg|[object Object]"
"SKU31166831166817458944783606561","https://cdn.yellosolarhub.com/products/stringboxes/sku_311668_311668-17458944783606561.jpeg","https://cdn.yellosolarhub.com/products/stringboxes/sku_311668_311668-17458944783606561.jpeg|sku_311668_311668-17458944783606561.jpeg","imgs-index",100,10305.95,20,0,"https://cdn.yellosolarhub.com/products/stringboxes/sku_311668_311668-17458944783606561.jpeg|[object Object]"
"SKU327540327540117514830300259600","https://cdn.yellosolarhub.com/products/stringboxes/sku_327540_327540_1-17514830300259600.jpeg","https://cdn.yellosolarhub.com/products/stringboxes/sku_327540_327540_1-17514830300259600.jpeg|sku_327540_327540_1-17514830300259600.jpeg","imgs-index",100,12076.99,20,0,"https://cdn.yellosolarhub.com/products/stringboxes/sku_327540_327540_1-17514830300259600.jpeg|[object Object]"
"SKU327541327541117514904188633219","https://cdn.yellosolarhub.com/products/stringboxes/sku_327541_327541_1-17514904188633219.jpeg","https://cdn.yellosolarhub.com/products/stringboxes/sku_327541_327541_1-17514904188633219.jpeg|sku_327541_327541_1-17514904188633219.jpeg","imgs-index",100,3934.99,20,0,"https://cdn.yellosolarhub.com/products/stringboxes/sku_327541_327541_1-17514904188633219.jpeg|[object Object]"
"SKU375553755517545438599901052","https://cdn.yellosolarhub.com/products/stringboxes/sku_37555_37555-17545438599901052.jpeg","https://cdn.yellosolarhub.com/products/stringboxes/sku_37555_37555-17545438599901052.jpeg|sku_37555_37555-17545438599901052.jpeg","imgs-index",100,7752.49,20,0,"https://cdn.yellosolarhub.com/products/stringboxes/sku_37555_37555-17545438599901052.jpeg|[object Object]"
"SUNGROW20SG12RT2020380V20202MPPT","https://cdn.yellosolarhub.com/products/SUNGROW/SUNGROW%20SG12RT%20-%20380V%20-%202MPPT.png","https://cdn.yellosolarhub.com/products/SUNGROW/SUNGROW%20SG12RT%20-%20380V%20-%202MPPT.png|SUNGROW%20SG12RT%20-%20380V%20-%202MPPT.png","imgs-index",100,2347,20,0,"https://cdn.yellosolarhub.com/products/SUNGROW/SUNGROW%20SG12RT%20-%20380V%20-%202MPPT.png|[object Object]"
"SUNGROWSG15RTP2AFCI380V2MPPT201","https://cdn.yellosolarhub.com/products/SUNGROW/SUNGROW-SG15RT-P2-(AFCI)---380V---2MPPT%201.png","https://cdn.yellosolarhub.com/products/SUNGROW/SUNGROW-SG15RT-P2-(AFCI)---380V---2MPPT%201.png|SUNGROW-SG15RT-P2-(AFCI)---380V---2MPPT%201.png","imgs-index",100,3226.95,20,0,"https://cdn.yellosolarhub.com/products/SUNGROW/SUNGROW-SG15RT-P2-(AFCI)---380V---2MPPT%201.png|[object Object]"
"SUNGROWSG20RTP2AFCI380V2MPPT","https://cdn.yellosolarhub.com/products/SUNGROW/SUNGROW-SG20RT-P2-(AFCI)-380V-2MPPT.png","https://cdn.yellosolarhub.com/products/SUNGROW/SUNGROW-SG20RT-P2-(AFCI)-380V-2MPPT.png|SUNGROW-SG20RT-P2-(AFCI)-380V-2MPPT.png","imgs-index",100,8116.99,20,0,"https://cdn.yellosolarhub.com/products/SUNGROW/SUNGROW-SG20RT-P2-(AFCI)-380V-2MPPT.png|[object Object]"
"SUNGROWSG30RS220V1MPPT","https://cdn.yellosolarhub.com/products/SUNGROW/SUNGROW-SG3.0RS-220V-1MPPT.png","https://cdn.yellosolarhub.com/products/SUNGROW/SUNGROW-SG3.0RS-220V-1MPPT.png|SUNGROW-SG3.0RS-220V-1MPPT.png","imgs-index",100,9147.95,20,0,"https://cdn.yellosolarhub.com/products/SUNGROW/SUNGROW-SG3.0RS-220V-1MPPT.png|[object Object]"
"SUNGROWSG40RS220V2MPPT","https://cdn.yellosolarhub.com/products/SUNGROW/SUNGROW-SG4.0RS-220V-2MPPT.png","https://cdn.yellosolarhub.com/products/SUNGROW/SUNGROW-SG4.0RS-220V-2MPPT.png|SUNGROW-SG4.0RS-220V-2MPPT.png","imgs-index",100,9643.95,20,0,"https://cdn.yellosolarhub.com/products/SUNGROW/SUNGROW-SG4.0RS-220V-2MPPT.png|[object Object]"
"SUNGROWSG50RS220V2MPPT","https://cdn.yellosolarhub.com/products/SUNGROW/SUNGROW-SG5.0RS-220V-2MPPT.png","https://cdn.yellosolarhub.com/products/SUNGROW/SUNGROW-SG5.0RS-220V-2MPPT.png|SUNGROW-SG5.0RS-220V-2MPPT.png","imgs-index",100,5086.99,20,0,"https://cdn.yellosolarhub.com/products/SUNGROW/SUNGROW-SG5.0RS-220V-2MPPT.png|[object Object]"
"SUNGROWSG75CXLV","https://cdn.yellosolarhub.com/products/SUNGROW/SUNGROW-SG75CX-LV.png","https://cdn.yellosolarhub.com/products/SUNGROW/SUNGROW-SG75CX-LV.png|SUNGROW-SG75CX-LV.png","imgs-index",100,10884.99,20,0,"https://cdn.yellosolarhub.com/products/SUNGROW/SUNGROW-SG75CX-LV.png|[object Object]"
"SUNGROWSG90RS220V3MPPT","https://cdn.yellosolarhub.com/products/SUNGROW/SUNGROW-SG9.0RS-220V-3MPPT.png","https://cdn.yellosolarhub.com/products/SUNGROW/SUNGROW-SG9.0RS-220V-3MPPT.png|SUNGROW-SG9.0RS-220V-3MPPT.png","imgs-index",100,516,20,0,"https://cdn.yellosolarhub.com/products/SUNGROW/SUNGROW-SG9.0RS-220V-3MPPT.png|[object Object]"
"CAIXA20DE20PASSAGEM","https://cdn.yellosolarhub.com/products/UNKNOWN-MANUFACTURER/caixa%20de%20passagem.png","https://cdn.yellosolarhub.com/products/UNKNOWN-MANUFACTURER/caixa%20de%20passagem.png|caixa%20de%20passagem.png","imgs-index",100,1401,20,0,"https://cdn.yellosolarhub.com/products/UNKNOWN-MANUFACTURER/caixa%20de%20passagem.png|[object Object]"
"DISPOSITIVODEDESCONEXAOIQRELAYLNBR","https://cdn.yellosolarhub.com/products/UNKNOWN-MANUFACTURER/DISPOSITIVO-DE-DESCONEXAO-IQ-RELAY-LN-BR.png","https://cdn.yellosolarhub.com/products/UNKNOWN-MANUFACTURER/DISPOSITIVO-DE-DESCONEXAO-IQ-RELAY-LN-BR.png|DISPOSITIVO-DE-DESCONEXAO-IQ-RELAY-LN-BR.png","imgs-index",100,10073.95,20,0,"https://cdn.yellosolarhub.com/products/UNKNOWN-MANUFACTURER/DISPOSITIVO-DE-DESCONEXAO-IQ-RELAY-LN-BR.png|[object Object]"
"IBT00001","https://cdn.yellosolarhub.com/products/UNKNOWN-MANUFACTURER/IBT00001.png","https://cdn.yellosolarhub.com/products/UNKNOWN-MANUFACTURER/IBT00001.png|IBT00001.png","imgs-index",100,851.99,20,0,"https://cdn.yellosolarhub.com/products/UNKNOWN-MANUFACTURER/IBT00001.png|[object Object]"
"IBT00002","https://cdn.yellosolarhub.com/products/UNKNOWN-MANUFACTURER/IBT00002.png","https://cdn.yellosolarhub.com/products/UNKNOWN-MANUFACTURER/IBT00002.png|IBT00002.png","imgs-index",100,11572,20,0,"https://cdn.yellosolarhub.com/products/UNKNOWN-MANUFACTURER/IBT00002.png|[object Object]"
"IBT00003","https://cdn.yellosolarhub.com/products/UNKNOWN-MANUFACTURER/IBT00003.png","https://cdn.yellosolarhub.com/products/UNKNOWN-MANUFACTURER/IBT00003.png|IBT00003.png","imgs-index",100,2150,20,0,"https://cdn.yellosolarhub.com/products/UNKNOWN-MANUFACTURER/IBT00003.png|[object Object]"
"IBT00004","https://cdn.yellosolarhub.com/products/UNKNOWN-MANUFACTURER/IBT00004.png","https://cdn.yellosolarhub.com/products/UNKNOWN-MANUFACTURER/IBT00004.png|IBT00004.png","imgs-index",100,4519.99,20,0,"https://cdn.yellosolarhub.com/products/UNKNOWN-MANUFACTURER/IBT00004.png|[object Object]"
"ICA00008","https://cdn.yellosolarhub.com/products/UNKNOWN-MANUFACTURER/ICA00008.png","https://cdn.yellosolarhub.com/products/UNKNOWN-MANUFACTURER/ICA00008.png|ICA00008.png","imgs-index",100,2081.95,20,0,"https://cdn.yellosolarhub.com/products/UNKNOWN-MANUFACTURER/ICA00008.png|[object Object]"
"ICA00009","https://cdn.yellosolarhub.com/products/UNKNOWN-MANUFACTURER/ICA00009.png","https://cdn.yellosolarhub.com/products/UNKNOWN-MANUFACTURER/ICA00009.png|ICA00009.png","imgs-index",100,5832,20,0,"https://cdn.yellosolarhub.com/products/UNKNOWN-MANUFACTURER/ICA00009.png|[object Object]"
"ICA00010","https://cdn.yellosolarhub.com/products/UNKNOWN-MANUFACTURER/ICA00010.png","https://cdn.yellosolarhub.com/products/UNKNOWN-MANUFACTURER/ICA00010.png|ICA00010.png","imgs-index",100,8013.95,20,0,"https://cdn.yellosolarhub.com/products/UNKNOWN-MANUFACTURER/ICA00010.png|[object Object]"
"ICA00011","https://cdn.yellosolarhub.com/products/UNKNOWN-MANUFACTURER/ICA00011.png","https://cdn.yellosolarhub.com/products/UNKNOWN-MANUFACTURER/ICA00011.png|ICA00011.png","imgs-index",100,9194,20,0,"https://cdn.yellosolarhub.com/products/UNKNOWN-MANUFACTURER/ICA00011.png|[object Object]"
"ICO00001","https://cdn.yellosolarhub.com/products/UNKNOWN-MANUFACTURER/ICO00001.png","https://cdn.yellosolarhub.com/products/UNKNOWN-MANUFACTURER/ICO00001.png|ICO00001.png","imgs-index",100,7915,20,0,"https://cdn.yellosolarhub.com/products/UNKNOWN-MANUFACTURER/ICO00001.png|[object Object]"
"ICON318X647","https://cdn.yellosolarhub.com/products/UNKNOWN-MANUFACTURER/icon-318x647.png","https://cdn.yellosolarhub.com/products/UNKNOWN-MANUFACTURER/icon-318x647.png|icon-318x647.png","imgs-index",100,2101.49,20,0,"https://cdn.yellosolarhub.com/products/UNKNOWN-MANUFACTURER/icon-318x647.png|[object Object]"
"ICV0000320CARREGADOR20VEICULAR20FOXESS20A7300P1E220207320KW","https://cdn.yellosolarhub.com/products/UNKNOWN-MANUFACTURER/ICV00003%20CARREGADOR%20VEICULAR%20FOXESS%20A7300P1-E-2%20-%207,3%20KW.png","https://cdn.yellosolarhub.com/products/UNKNOWN-MANUFACTURER/ICV00003%20CARREGADOR%20VEICULAR%20FOXESS%20A7300P1-E-2%20-%207,3%20KW.png|ICV00003%20CARREGADOR%20VEICULAR%20FOXESS%20A7300P1-E-2%20-%207,3%20KW.png","imgs-index",100,8670,20,0,"https://cdn.yellosolarhub.com/products/UNKNOWN-MANUFACTURER/ICV00003%20CARREGADOR%20VEICULAR%20FOXESS%20A7300P1-E-2%20-%207,3%20KW.png|[object Object]"
"ICV0000420CARREGADOR20VEICULAR20FOXESS20A022KP1E222KW","https://cdn.yellosolarhub.com/products/UNKNOWN-MANUFACTURER/ICV00004%20CARREGADOR%20VEICULAR%20FOXESS%20A022KP1-E-2-22KW.png","https://cdn.yellosolarhub.com/products/UNKNOWN-MANUFACTURER/ICV00004%20CARREGADOR%20VEICULAR%20FOXESS%20A022KP1-E-2-22KW.png|ICV00004%20CARREGADOR%20VEICULAR%20FOXESS%20A022KP1-E-2-22KW.png","imgs-index",100,8163.95,20,0,"https://cdn.yellosolarhub.com/products/UNKNOWN-MANUFACTURER/ICV00004%20CARREGADOR%20VEICULAR%20FOXESS%20A022KP1-E-2-22KW.png|[object Object]"
"IEF00009","https://cdn.yellosolarhub.com/products/UNKNOWN-MANUFACTURER/IEF00009.png","https://cdn.yellosolarhub.com/products/UNKNOWN-MANUFACTURER/IEF00009.png|IEF00009.png","imgs-index",100,2699,20,0,"https://cdn.yellosolarhub.com/products/UNKNOWN-MANUFACTURER/IEF00009.png|[object Object]"
"IEF00016","https://cdn.yellosolarhub.com/products/UNKNOWN-MANUFACTURER/IEF00016.png","https://cdn.yellosolarhub.com/products/UNKNOWN-MANUFACTURER/IEF00016.png|IEF00016.png","imgs-index",100,5313,20,0,"https://cdn.yellosolarhub.com/products/UNKNOWN-MANUFACTURER/IEF00016.png|[object Object]"
"IEF00023","https://cdn.yellosolarhub.com/products/UNKNOWN-MANUFACTURER/IEF00023.png","https://cdn.yellosolarhub.com/products/UNKNOWN-MANUFACTURER/IEF00023.png|IEF00023.png","imgs-index",100,12440,20,0,"https://cdn.yellosolarhub.com/products/UNKNOWN-MANUFACTURER/IEF00023.png|[object Object]"
"IEF00040","https://cdn.yellosolarhub.com/products/UNKNOWN-MANUFACTURER/IEF00040.png","https://cdn.yellosolarhub.com/products/UNKNOWN-MANUFACTURER/IEF00040.png|IEF00040.png","imgs-index",100,9210,20,0,"https://cdn.yellosolarhub.com/products/UNKNOWN-MANUFACTURER/IEF00040.png|[object Object]"
"IEF00044","https://cdn.yellosolarhub.com/products/UNKNOWN-MANUFACTURER/IEF00044.png","https://cdn.yellosolarhub.com/products/UNKNOWN-MANUFACTURER/IEF00044.png|IEF00044.png","imgs-index",100,12369,20,0,"https://cdn.yellosolarhub.com/products/UNKNOWN-MANUFACTURER/IEF00044.png|[object Object]"
"IEF00045","https://cdn.yellosolarhub.com/products/UNKNOWN-MANUFACTURER/IEF00045.png","https://cdn.yellosolarhub.com/products/UNKNOWN-MANUFACTURER/IEF00045.png|IEF00045.png","imgs-index",100,5833,20,0,"https://cdn.yellosolarhub.com/products/UNKNOWN-MANUFACTURER/IEF00045.png|[object Object]"
"IEF00073","https://cdn.yellosolarhub.com/products/UNKNOWN-MANUFACTURER/IEF00073.png","https://cdn.yellosolarhub.com/products/UNKNOWN-MANUFACTURER/IEF00073.png|IEF00073.png","imgs-index",100,5895,20,0,"https://cdn.yellosolarhub.com/products/UNKNOWN-MANUFACTURER/IEF00073.png|[object Object]"
"IEF00090","https://cdn.yellosolarhub.com/products/UNKNOWN-MANUFACTURER/IEF00090.png","https://cdn.yellosolarhub.com/products/UNKNOWN-MANUFACTURER/IEF00090.png|IEF00090.png","imgs-index",100,12167,20,0,"https://cdn.yellosolarhub.com/products/UNKNOWN-MANUFACTURER/IEF00090.png|[object Object]"
"IEF00096","https://cdn.yellosolarhub.com/products/UNKNOWN-MANUFACTURER/IEF00096.png","https://cdn.yellosolarhub.com/products/UNKNOWN-MANUFACTURER/IEF00096.png|IEF00096.png","imgs-index",100,4536,20,0,"https://cdn.yellosolarhub.com/products/UNKNOWN-MANUFACTURER/IEF00096.png|[object Object]"
"IEF00098","https://cdn.yellosolarhub.com/products/UNKNOWN-MANUFACTURER/IEF00098.png","https://cdn.yellosolarhub.com/products/UNKNOWN-MANUFACTURER/IEF00098.png|IEF00098.png","imgs-index",100,7597.95,20,0,"https://cdn.yellosolarhub.com/products/UNKNOWN-MANUFACTURER/IEF00098.png|[object Object]"
"IEF00100","https://cdn.yellosolarhub.com/products/UNKNOWN-MANUFACTURER/IEF00100.png","https://cdn.yellosolarhub.com/products/UNKNOWN-MANUFACTURER/IEF00100.png|IEF00100.png","imgs-index",100,5787.99,20,0,"https://cdn.yellosolarhub.com/products/UNKNOWN-MANUFACTURER/IEF00100.png|[object Object]"
"IEF00127","https://cdn.yellosolarhub.com/products/UNKNOWN-MANUFACTURER/IEF00127.png","https://cdn.yellosolarhub.com/products/UNKNOWN-MANUFACTURER/IEF00127.png|IEF00127.png","imgs-index",100,1137.95,20,0,"https://cdn.yellosolarhub.com/products/UNKNOWN-MANUFACTURER/IEF00127.png|https://cdn.yellosolarhub.com/products/UNKNOWN-MANUFACTURER/IEF00127.webp|[object Object]|[object Object]"
"IEF00129","https://cdn.yellosolarhub.com/products/UNKNOWN-MANUFACTURER/IEF00129.png","https://cdn.yellosolarhub.com/products/UNKNOWN-MANUFACTURER/IEF00129.png|IEF00129.png","imgs-index",100,3493,20,0,"https://cdn.yellosolarhub.com/products/UNKNOWN-MANUFACTURER/IEF00129.png|[object Object]"
"IEF00131","https://cdn.yellosolarhub.com/products/UNKNOWN-MANUFACTURER/IEF00131.png","https://cdn.yellosolarhub.com/products/UNKNOWN-MANUFACTURER/IEF00131.png|IEF00131.png","imgs-index",100,12501.49,20,0,"https://cdn.yellosolarhub.com/products/UNKNOWN-MANUFACTURER/IEF00131.png|[object Object]"
"IEF00132","https://cdn.yellosolarhub.com/products/UNKNOWN-MANUFACTURER/IEF00132.png","https://cdn.yellosolarhub.com/products/UNKNOWN-MANUFACTURER/IEF00132.png|IEF00132.png","imgs-index",100,10162.49,20,0,"https://cdn.yellosolarhub.com/products/UNKNOWN-MANUFACTURER/IEF00132.png|[object Object]"
"IEF00133","https://cdn.yellosolarhub.com/products/UNKNOWN-MANUFACTURER/IEF00133.png","https://cdn.yellosolarhub.com/products/UNKNOWN-MANUFACTURER/IEF00133.png|IEF00133.png","imgs-index",100,320.49,20,0,"https://cdn.yellosolarhub.com/products/UNKNOWN-MANUFACTURER/IEF00133.png|[object Object]"
"IEF00144","https://cdn.yellosolarhub.com/products/UNKNOWN-MANUFACTURER/IEF00144.png","https://cdn.yellosolarhub.com/products/UNKNOWN-MANUFACTURER/IEF00144.png|IEF00144.png","imgs-index",100,9395.99,20,0,"https://cdn.yellosolarhub.com/products/UNKNOWN-MANUFACTURER/IEF00144.png|[object Object]"
"IEF00154","https://cdn.yellosolarhub.com/products/UNKNOWN-MANUFACTURER/IEF00154.png","https://cdn.yellosolarhub.com/products/UNKNOWN-MANUFACTURER/IEF00154.png|IEF00154.png","imgs-index",100,2126.99,20,0,"https://cdn.yellosolarhub.com/products/UNKNOWN-MANUFACTURER/IEF00154.png|[object Object]"
"IEF00163","https://cdn.yellosolarhub.com/products/UNKNOWN-MANUFACTURER/IEF00163.png","https://cdn.yellosolarhub.com/products/UNKNOWN-MANUFACTURER/IEF00163.png|IEF00163.png","imgs-index",100,8748.49,20,0,"https://cdn.yellosolarhub.com/products/UNKNOWN-MANUFACTURER/IEF00163.png|[object Object]"
"IEF00166","https://cdn.yellosolarhub.com/products/UNKNOWN-MANUFACTURER/IEF00166.png","https://cdn.yellosolarhub.com/products/UNKNOWN-MANUFACTURER/IEF00166.png|IEF00166.png","imgs-index",100,6930.99,20,0,"https://cdn.yellosolarhub.com/products/UNKNOWN-MANUFACTURER/IEF00166.png|[object Object]"
"IEF00168","https://cdn.yellosolarhub.com/products/UNKNOWN-MANUFACTURER/IEF00168.png","https://cdn.yellosolarhub.com/products/UNKNOWN-MANUFACTURER/IEF00168.png|IEF00168.png","imgs-index",100,7386,20,0,"https://cdn.yellosolarhub.com/products/UNKNOWN-MANUFACTURER/IEF00168.png|[object Object]"
"IEF00173","https://cdn.yellosolarhub.com/products/UNKNOWN-MANUFACTURER/IEF00173.png","https://cdn.yellosolarhub.com/products/UNKNOWN-MANUFACTURER/IEF00173.png|IEF00173.png","imgs-index",100,2165,20,0,"https://cdn.yellosolarhub.com/products/UNKNOWN-MANUFACTURER/IEF00173.png|[object Object]"
"IEF00203","https://cdn.yellosolarhub.com/products/UNKNOWN-MANUFACTURER/IEF00203.png","https://cdn.yellosolarhub.com/products/UNKNOWN-MANUFACTURER/IEF00203.png|IEF00203.png","imgs-index",100,6123.95,20,0,"https://cdn.yellosolarhub.com/products/UNKNOWN-MANUFACTURER/IEF00203.png|[object Object]"
"ILS00003","https://cdn.yellosolarhub.com/products/UNKNOWN-MANUFACTURER/ILS00003.png","https://cdn.yellosolarhub.com/products/UNKNOWN-MANUFACTURER/ILS00003.png|ILS00003.png","imgs-index",100,11112.99,20,0,"https://cdn.yellosolarhub.com/products/UNKNOWN-MANUFACTURER/ILS00003.png|[object Object]"
"ILS00004","https://cdn.yellosolarhub.com/products/UNKNOWN-MANUFACTURER/ILS00004.png","https://cdn.yellosolarhub.com/products/UNKNOWN-MANUFACTURER/ILS00004.png|ILS00004.png","imgs-index",100,3921,20,0,"https://cdn.yellosolarhub.com/products/UNKNOWN-MANUFACTURER/ILS00004.png|[object Object]"
"ILS00008","https://cdn.yellosolarhub.com/products/UNKNOWN-MANUFACTURER/ILS00008.png","https://cdn.yellosolarhub.com/products/UNKNOWN-MANUFACTURER/ILS00008.png|ILS00008.png","imgs-index",100,2102.99,20,0,"https://cdn.yellosolarhub.com/products/UNKNOWN-MANUFACTURER/ILS00008.png|[object Object]"
"ILS00009","https://cdn.yellosolarhub.com/products/UNKNOWN-MANUFACTURER/ILS00009.png","https://cdn.yellosolarhub.com/products/UNKNOWN-MANUFACTURER/ILS00009.png|ILS00009.png","imgs-index",100,10766,20,0,"https://cdn.yellosolarhub.com/products/UNKNOWN-MANUFACTURER/ILS00009.png|[object Object]"
"ILS00010","https://cdn.yellosolarhub.com/products/UNKNOWN-MANUFACTURER/ILS00010.png","https://cdn.yellosolarhub.com/products/UNKNOWN-MANUFACTURER/ILS00010.png|ILS00010.png","imgs-index",100,10652.95,20,0,"https://cdn.yellosolarhub.com/products/UNKNOWN-MANUFACTURER/ILS00010.png|[object Object]"
"ILS00012","https://cdn.yellosolarhub.com/products/UNKNOWN-MANUFACTURER/ILS00012.png","https://cdn.yellosolarhub.com/products/UNKNOWN-MANUFACTURER/ILS00012.png|ILS00012.png","imgs-index",100,11407.95,20,0,"https://cdn.yellosolarhub.com/products/UNKNOWN-MANUFACTURER/ILS00012.png|[object Object]"
"ILS00019","https://cdn.yellosolarhub.com/products/UNKNOWN-MANUFACTURER/ILS00019.png","https://cdn.yellosolarhub.com/products/UNKNOWN-MANUFACTURER/ILS00019.png|ILS00019.png","imgs-index",100,424,20,0,"https://cdn.yellosolarhub.com/products/UNKNOWN-MANUFACTURER/ILS00019.png|[object Object]"
"IMS00003","https://cdn.yellosolarhub.com/products/UNKNOWN-MANUFACTURER/IMS00003.png","https://cdn.yellosolarhub.com/products/UNKNOWN-MANUFACTURER/IMS00003.png|IMS00003.png","imgs-index",100,3562.99,20,0,"https://cdn.yellosolarhub.com/products/UNKNOWN-MANUFACTURER/IMS00003.png|[object Object]"
"IMS00004","https://cdn.yellosolarhub.com/products/UNKNOWN-MANUFACTURER/IMS00004.png","https://cdn.yellosolarhub.com/products/UNKNOWN-MANUFACTURER/IMS00004.png|IMS00004.png","imgs-index",100,876.95,20,0,"https://cdn.yellosolarhub.com/products/UNKNOWN-MANUFACTURER/IMS00004.png|[object Object]"
"ISB00004","https://cdn.yellosolarhub.com/products/UNKNOWN-MANUFACTURER/ISB00004.png","https://cdn.yellosolarhub.com/products/UNKNOWN-MANUFACTURER/ISB00004.png|ISB00004.png","imgs-index",100,7122.99,20,0,"https://cdn.yellosolarhub.com/products/UNKNOWN-MANUFACTURER/ISB00004.png|https://cdn.yellosolarhub.com/products/UNKNOWN-MANUFACTURER/ISB00004.webp|[object Object]|[object Object]"
"ISB00006","https://cdn.yellosolarhub.com/products/UNKNOWN-MANUFACTURER/ISB00006.png","https://cdn.yellosolarhub.com/products/UNKNOWN-MANUFACTURER/ISB00006.png|ISB00006.png","imgs-index",100,2507.49,20,0,"https://cdn.yellosolarhub.com/products/UNKNOWN-MANUFACTURER/ISB00006.png|[object Object]"
"ISB00007","https://cdn.yellosolarhub.com/products/UNKNOWN-MANUFACTURER/ISB00007.png","https://cdn.yellosolarhub.com/products/UNKNOWN-MANUFACTURER/ISB00007.png|ISB00007.png","imgs-index",100,372.49,20,0,"https://cdn.yellosolarhub.com/products/UNKNOWN-MANUFACTURER/ISB00007.png|[object Object]"
"ITF00002","https://cdn.yellosolarhub.com/products/UNKNOWN-MANUFACTURER/ITF00002.png","https://cdn.yellosolarhub.com/products/UNKNOWN-MANUFACTURER/ITF00002.png|ITF00002.png","imgs-index",100,9413,20,0,"https://cdn.yellosolarhub.com/products/UNKNOWN-MANUFACTURER/ITF00002.png|[object Object]"
"ITF00005","https://cdn.yellosolarhub.com/products/UNKNOWN-MANUFACTURER/ITF00005.png","https://cdn.yellosolarhub.com/products/UNKNOWN-MANUFACTURER/ITF00005.png|ITF00005.png","imgs-index",100,7822.99,20,0,"https://cdn.yellosolarhub.com/products/UNKNOWN-MANUFACTURER/ITF00005.png|[object Object]"
"ITR00056","https://cdn.yellosolarhub.com/products/UNKNOWN-MANUFACTURER/ITR00056.png","https://cdn.yellosolarhub.com/products/UNKNOWN-MANUFACTURER/ITR00056.png|ITR00056.png","imgs-index",100,5736.99,20,0,"https://cdn.yellosolarhub.com/products/UNKNOWN-MANUFACTURER/ITR00056.png|[object Object]"
"ITR00085","https://cdn.yellosolarhub.com/products/UNKNOWN-MANUFACTURER/ITR00085.png","https://cdn.yellosolarhub.com/products/UNKNOWN-MANUFACTURER/ITR00085.png|ITR00085.png","imgs-index",100,8721.99,20,0,"https://cdn.yellosolarhub.com/products/UNKNOWN-MANUFACTURER/ITR00085.png|[object Object]"
"PERFILREFORC3A7ADOSMART240","https://cdn.yellosolarhub.com/products/UNKNOWN-MANUFACTURER/Perfil-refor%C3%A7ado-smart-2,40.png","https://cdn.yellosolarhub.com/products/UNKNOWN-MANUFACTURER/Perfil-refor%C3%A7ado-smart-2,40.png|Perfil-refor%C3%A7ado-smart-2,40.png","imgs-index",100,9819.49,20,0,"https://cdn.yellosolarhub.com/products/UNKNOWN-MANUFACTURER/Perfil-refor%C3%A7ado-smart-2,40.png|[object Object]"
"124358","https://cdn.yellosolarhub.com/products/estruturas/124358.jpg","https://cdn.yellosolarhub.com/products/estruturas/124358.jpg|124358.jpg","imgs-index",100,11140.95,20,0,"https://cdn.yellosolarhub.com/products/estruturas/124358.jpg|[object Object]"
"313801","https://cdn.yellosolarhub.com/products/estruturas/313801.jpg","https://cdn.yellosolarhub.com/products/estruturas/313801.jpg|313801.jpg","imgs-index",100,8449,20,0,"https://cdn.yellosolarhub.com/products/estruturas/313801.jpg|[object Object]"
"313834","https://cdn.yellosolarhub.com/products/estruturas/313834.jpg","https://cdn.yellosolarhub.com/products/estruturas/313834.jpg|313834.jpg","imgs-index",100,1747,20,0,"https://cdn.yellosolarhub.com/products/estruturas/313834.jpg|[object Object]"
"IMAGEPRODUCT400187","https://cdn.yellosolarhub.com/products/estruturas/IMAGE_PRODUCT_400187.png","https://cdn.yellosolarhub.com/products/estruturas/IMAGE_PRODUCT_400187.png|IMAGE_PRODUCT_400187.png","imgs-index",100,2153.99,20,0,"https://cdn.yellosolarhub.com/products/estruturas/IMAGE_PRODUCT_400187.png|[object Object]"
"IMAGEPRODUCT400188","https://cdn.yellosolarhub.com/products/estruturas/IMAGE_PRODUCT_400188.png","https://cdn.yellosolarhub.com/products/estruturas/IMAGE_PRODUCT_400188.png|IMAGE_PRODUCT_400188.png","imgs-index",100,10788.99,20,0,"https://cdn.yellosolarhub.com/products/estruturas/IMAGE_PRODUCT_400188.png|[object Object]"
"IMAGEPRODUCT400190","https://cdn.yellosolarhub.com/products/estruturas/IMAGE_PRODUCT_400190.png","https://cdn.yellosolarhub.com/products/estruturas/IMAGE_PRODUCT_400190.png|IMAGE_PRODUCT_400190.png","imgs-index",100,3291.99,20,0,"https://cdn.yellosolarhub.com/products/estruturas/IMAGE_PRODUCT_400190.png|[object Object]"
"IMAGEPRODUCT401949","https://cdn.yellosolarhub.com/products/estruturas/IMAGE_PRODUCT_401949.png","https://cdn.yellosolarhub.com/products/estruturas/IMAGE_PRODUCT_401949.png|IMAGE_PRODUCT_401949.png","imgs-index",100,2661.49,20,0,"https://cdn.yellosolarhub.com/products/estruturas/IMAGE_PRODUCT_401949.png|[object Object]"
"SKU10678310678317545443332146339","https://cdn.yellosolarhub.com/products/estruturas/sku_106783_106783-17545443332146339.jpeg","https://cdn.yellosolarhub.com/products/estruturas/sku_106783_106783-17545443332146339.jpeg|sku_106783_106783-17545443332146339.jpeg","imgs-index",100,11483.49,20,0,"https://cdn.yellosolarhub.com/products/estruturas/sku_106783_106783-17545443332146339.jpeg|[object Object]"
"SKU12033612033617544835341752786","https://cdn.yellosolarhub.com/products/estruturas/sku_120336_120336-17544835341752786.jpeg","https://cdn.yellosolarhub.com/products/estruturas/sku_120336_120336-17544835341752786.jpeg|sku_120336_120336-17544835341752786.jpeg","imgs-index",100,858.99,20,0,"https://cdn.yellosolarhub.com/products/estruturas/sku_120336_120336-17544835341752786.jpeg|[object Object]"
"SKU12435812435817544827976815683","https://cdn.yellosolarhub.com/products/estruturas/sku_124358_124358-17544827976815683.jpeg","https://cdn.yellosolarhub.com/products/estruturas/sku_124358_124358-17544827976815683.jpeg|sku_124358_124358-17544827976815683.jpeg","imgs-index",100,5788.49,20,0,"https://cdn.yellosolarhub.com/products/estruturas/sku_124358_124358-17544827976815683.jpeg|[object Object]"
"SKU133930133930717458510676818108","https://cdn.yellosolarhub.com/products/estruturas/sku_133930_133930_7-17458510676818108.jpeg","https://cdn.yellosolarhub.com/products/estruturas/sku_133930_133930_7-17458510676818108.jpeg|sku_133930_133930_7-17458510676818108.jpeg","imgs-index",100,9212.49,20,0,"https://cdn.yellosolarhub.com/products/estruturas/sku_133930_133930_7-17458510676818108.jpeg|[object Object]"
"SKU192098192098617459006542584963","https://cdn.yellosolarhub.com/products/estruturas/sku_192098_192098_6-17459006542584963.jpeg","https://cdn.yellosolarhub.com/products/estruturas/sku_192098_192098_6-17459006542584963.jpeg|sku_192098_192098_6-17459006542584963.jpeg","imgs-index",100,12381.95,20,0,"https://cdn.yellosolarhub.com/products/estruturas/sku_192098_192098_6-17459006542584963.jpeg|[object Object]"
"SKU19240619240617458660592386008","https://cdn.yellosolarhub.com/products/estruturas/sku_192406_192406-17458660592386008.jpeg","https://cdn.yellosolarhub.com/products/estruturas/sku_192406_192406-17458660592386008.jpeg|sku_192406_192406-17458660592386008.jpeg","imgs-index",100,5406.95,20,0,"https://cdn.yellosolarhub.com/products/estruturas/sku_192406_192406-17458660592386008.jpeg|[object Object]"
"SKU19269719269717459129405742263","https://cdn.yellosolarhub.com/products/estruturas/sku_192697_192697-17459129405742263.jpeg","https://cdn.yellosolarhub.com/products/estruturas/sku_192697_192697-17459129405742263.jpeg|sku_192697_192697-17459129405742263.jpeg","imgs-index",100,10542.95,20,0,"https://cdn.yellosolarhub.com/products/estruturas/sku_192697_192697-17459129405742263.jpeg|[object Object]"
"SKU19388319388317459249580491925","https://cdn.yellosolarhub.com/products/estruturas/sku_193883_193883-17459249580491925.jpeg","https://cdn.yellosolarhub.com/products/estruturas/sku_193883_193883-17459249580491925.jpeg|sku_193883_193883-17459249580491925.jpeg","imgs-index",100,1256.99,20,0,"https://cdn.yellosolarhub.com/products/estruturas/sku_193883_193883-17459249580491925.jpeg|[object Object]"
"SKU19508919508917460393803631309","https://cdn.yellosolarhub.com/products/estruturas/sku_195089_195089-17460393803631309.jpeg","https://cdn.yellosolarhub.com/products/estruturas/sku_195089_195089-17460393803631309.jpeg|sku_195089_195089-17460393803631309.jpeg","imgs-index",100,5509.49,20,0,"https://cdn.yellosolarhub.com/products/estruturas/sku_195089_195089-17460393803631309.jpeg|[object Object]"
"SKU195201195201417458881777253997","https://cdn.yellosolarhub.com/products/estruturas/sku_195201_195201_4-17458881777253997.jpeg","https://cdn.yellosolarhub.com/products/estruturas/sku_195201_195201_4-17458881777253997.jpeg|sku_195201_195201_4-17458881777253997.jpeg","imgs-index",100,9222,20,0,"https://cdn.yellosolarhub.com/products/estruturas/sku_195201_195201_4-17458881777253997.jpeg|[object Object]"
"SKU211022211022117476865605809426","https://cdn.yellosolarhub.com/products/estruturas/sku_211022_211022_1-17476865605809426.jpeg","https://cdn.yellosolarhub.com/products/estruturas/sku_211022_211022_1-17476865605809426.jpeg|sku_211022_211022_1-17476865605809426.jpeg","imgs-index",100,3845.99,20,0,"https://cdn.yellosolarhub.com/products/estruturas/sku_211022_211022_1-17476865605809426.jpeg|[object Object]"
"SKU215006215006317458331023668129","https://cdn.yellosolarhub.com/products/estruturas/sku_215006_215006_3-17458331023668129.jpeg","https://cdn.yellosolarhub.com/products/estruturas/sku_215006_215006_3-17458331023668129.jpeg|sku_215006_215006_3-17458331023668129.jpeg","imgs-index",100,536.99,20,0,"https://cdn.yellosolarhub.com/products/estruturas/sku_215006_215006_3-17458331023668129.jpeg|[object Object]"
"SKU215008215008317458709303606537","https://cdn.yellosolarhub.com/products/estruturas/sku_215008_215008_3-17458709303606537.jpeg","https://cdn.yellosolarhub.com/products/estruturas/sku_215008_215008_3-17458709303606537.jpeg|sku_215008_215008_3-17458709303606537.jpeg","imgs-index",100,10778.49,20,0,"https://cdn.yellosolarhub.com/products/estruturas/sku_215008_215008_3-17458709303606537.jpeg|[object Object]"
"SKU309203309203417460398486954422","https://cdn.yellosolarhub.com/products/estruturas/sku_309203_309203_4-17460398486954422.jpeg","https://cdn.yellosolarhub.com/products/estruturas/sku_309203_309203_4-17460398486954422.jpeg|sku_309203_309203_4-17460398486954422.jpeg","imgs-index",100,10525.99,20,0,"https://cdn.yellosolarhub.com/products/estruturas/sku_309203_309203_4-17460398486954422.jpeg|[object Object]"
"SKU31380131380117466238930555038","https://cdn.yellosolarhub.com/products/estruturas/sku_313801_313801-17466238930555038.jpeg","https://cdn.yellosolarhub.com/products/estruturas/sku_313801_313801-17466238930555038.jpeg|sku_313801_313801-17466238930555038.jpeg","imgs-index",100,4673.99,20,0,"https://cdn.yellosolarhub.com/products/estruturas/sku_313801_313801-17466238930555038.jpeg|[object Object]"
"SKU313817313817117466373123721087","https://cdn.yellosolarhub.com/products/estruturas/sku_313817_313817_1-17466373123721087.jpeg","https://cdn.yellosolarhub.com/products/estruturas/sku_313817_313817_1-17466373123721087.jpeg|sku_313817_313817_1-17466373123721087.jpeg","imgs-index",100,8618.99,20,0,"https://cdn.yellosolarhub.com/products/estruturas/sku_313817_313817_1-17466373123721087.jpeg|[object Object]"
"SKU313827313827217466255076298648","https://cdn.yellosolarhub.com/products/estruturas/sku_313827_313827_2-17466255076298648.jpeg","https://cdn.yellosolarhub.com/products/estruturas/sku_313827_313827_2-17466255076298648.jpeg|sku_313827_313827_2-17466255076298648.jpeg","imgs-index",100,3631,20,0,"https://cdn.yellosolarhub.com/products/estruturas/sku_313827_313827_2-17466255076298648.jpeg|[object Object]"
"SKU31383231383217466237808078788","https://cdn.yellosolarhub.com/products/estruturas/sku_313832_313832-17466237808078788.jpeg","https://cdn.yellosolarhub.com/products/estruturas/sku_313832_313832-17466237808078788.jpeg|sku_313832_313832-17466237808078788.jpeg","imgs-index",100,11593.99,20,0,"https://cdn.yellosolarhub.com/products/estruturas/sku_313832_313832-17466237808078788.jpeg|[object Object]"
"SKU313834313834117466239027672907","https://cdn.yellosolarhub.com/products/estruturas/sku_313834_313834_1-17466239027672907.jpeg","https://cdn.yellosolarhub.com/products/estruturas/sku_313834_313834_1-17466239027672907.jpeg|sku_313834_313834_1-17466239027672907.jpeg","imgs-index",100,4588,20,0,"https://cdn.yellosolarhub.com/products/estruturas/sku_313834_313834_1-17466239027672907.jpeg|[object Object]"
"SKU320786320786517496510879977488","https://cdn.yellosolarhub.com/products/estruturas/sku_320786_320786_5-17496510879977488.jpeg","https://cdn.yellosolarhub.com/products/estruturas/sku_320786_320786_5-17496510879977488.jpeg|sku_320786_320786_5-17496510879977488.jpeg","imgs-index",100,11183,20,0,"https://cdn.yellosolarhub.com/products/estruturas/sku_320786_320786_5-17496510879977488.jpeg|[object Object]"
"SKU342425342425217591697083547384","https://cdn.yellosolarhub.com/products/estruturas/sku_342425_342425_2-17591697083547384.jpeg","https://cdn.yellosolarhub.com/products/estruturas/sku_342425_342425_2-17591697083547384.jpeg|sku_342425_342425_2-17591697083547384.jpeg","imgs-index",100,12026.99,20,0,"https://cdn.yellosolarhub.com/products/estruturas/sku_342425_342425_2-17591697083547384.jpeg|[object Object]"
"IMAGEPRODUCT052113","https://cdn.yellosolarhub.com/products/cabos/IMAGE_PRODUCT_052113.png","https://cdn.yellosolarhub.com/products/cabos/IMAGE_PRODUCT_052113.png|IMAGE_PRODUCT_052113.png","imgs-index",100,9141,20,0,"https://cdn.yellosolarhub.com/products/cabos/IMAGE_PRODUCT_052113.png|[object Object]"
"IMAGEPRODUCT052115","https://cdn.yellosolarhub.com/products/cabos/IMAGE_PRODUCT_052115.jpg","https://cdn.yellosolarhub.com/products/cabos/IMAGE_PRODUCT_052115.jpg|IMAGE_PRODUCT_052115.jpg","imgs-index",100,626.95,20,0,"https://cdn.yellosolarhub.com/products/cabos/IMAGE_PRODUCT_052115.jpg|[object Object]"
"IMAGEPRODUCT052117","https://cdn.yellosolarhub.com/products/cabos/IMAGE_PRODUCT_052117.jpg","https://cdn.yellosolarhub.com/products/cabos/IMAGE_PRODUCT_052117.jpg|IMAGE_PRODUCT_052117.jpg","imgs-index",100,10863.99,20,0,"https://cdn.yellosolarhub.com/products/cabos/IMAGE_PRODUCT_052117.jpg|[object Object]"
"IMAGEPRODUCT052118","https://cdn.yellosolarhub.com/products/cabos/IMAGE_PRODUCT_052118.png","https://cdn.yellosolarhub.com/products/cabos/IMAGE_PRODUCT_052118.png|IMAGE_PRODUCT_052118.png","imgs-index",100,195.99,20,0,"https://cdn.yellosolarhub.com/products/cabos/IMAGE_PRODUCT_052118.png|[object Object]"
"IMAGEPRODUCT052119","https://cdn.yellosolarhub.com/products/cabos/IMAGE_PRODUCT_052119.jpg","https://cdn.yellosolarhub.com/products/cabos/IMAGE_PRODUCT_052119.jpg|IMAGE_PRODUCT_052119.jpg","imgs-index",100,768.49,20,0,"https://cdn.yellosolarhub.com/products/cabos/IMAGE_PRODUCT_052119.jpg|[object Object]"
"IMAGEPRODUCT052121","https://cdn.yellosolarhub.com/products/cabos/IMAGE_PRODUCT_052121.jpg","https://cdn.yellosolarhub.com/products/cabos/IMAGE_PRODUCT_052121.jpg|IMAGE_PRODUCT_052121.jpg","imgs-index",100,10235.95,20,0,"https://cdn.yellosolarhub.com/products/cabos/IMAGE_PRODUCT_052121.jpg|[object Object]"
"IMAGEPRODUCT052122","https://cdn.yellosolarhub.com/products/cabos/IMAGE_PRODUCT_052122.png","https://cdn.yellosolarhub.com/products/cabos/IMAGE_PRODUCT_052122.png|IMAGE_PRODUCT_052122.png","imgs-index",100,4040,20,0,"https://cdn.yellosolarhub.com/products/cabos/IMAGE_PRODUCT_052122.png|[object Object]"
"IMAGEPRODUCT052123","https://cdn.yellosolarhub.com/products/cabos/IMAGE_PRODUCT_052123.jpg","https://cdn.yellosolarhub.com/products/cabos/IMAGE_PRODUCT_052123.jpg|IMAGE_PRODUCT_052123.jpg","imgs-index",100,1417.99,20,0,"https://cdn.yellosolarhub.com/products/cabos/IMAGE_PRODUCT_052123.jpg|[object Object]"
"IMAGEPRODUCT052124","https://cdn.yellosolarhub.com/products/cabos/IMAGE_PRODUCT_052124.png","https://cdn.yellosolarhub.com/products/cabos/IMAGE_PRODUCT_052124.png|IMAGE_PRODUCT_052124.png","imgs-index",100,9821.95,20,0,"https://cdn.yellosolarhub.com/products/cabos/IMAGE_PRODUCT_052124.png|[object Object]"
"IMAGEPRODUCT052125","https://cdn.yellosolarhub.com/products/cabos/IMAGE_PRODUCT_052125.jpg","https://cdn.yellosolarhub.com/products/cabos/IMAGE_PRODUCT_052125.jpg|IMAGE_PRODUCT_052125.jpg","imgs-index",100,5290.95,20,0,"https://cdn.yellosolarhub.com/products/cabos/IMAGE_PRODUCT_052125.jpg|[object Object]"
"IMAGEPRODUCT052126","https://cdn.yellosolarhub.com/products/cabos/IMAGE_PRODUCT_052126.png","https://cdn.yellosolarhub.com/products/cabos/IMAGE_PRODUCT_052126.png|IMAGE_PRODUCT_052126.png","imgs-index",100,2949,20,0,"https://cdn.yellosolarhub.com/products/cabos/IMAGE_PRODUCT_052126.png|[object Object]"
"IMAGEPRODUCT052127","https://cdn.yellosolarhub.com/products/cabos/IMAGE_PRODUCT_052127.png","https://cdn.yellosolarhub.com/products/cabos/IMAGE_PRODUCT_052127.png|IMAGE_PRODUCT_052127.png","imgs-index",100,10371.95,20,0,"https://cdn.yellosolarhub.com/products/cabos/IMAGE_PRODUCT_052127.png|[object Object]"
"IMAGEPRODUCT052128","https://cdn.yellosolarhub.com/products/cabos/IMAGE_PRODUCT_052128.png","https://cdn.yellosolarhub.com/products/cabos/IMAGE_PRODUCT_052128.png|IMAGE_PRODUCT_052128.png","imgs-index",100,12090.99,20,0,"https://cdn.yellosolarhub.com/products/cabos/IMAGE_PRODUCT_052128.png|[object Object]"
"IMAGEPRODUCT052129","https://cdn.yellosolarhub.com/products/cabos/IMAGE_PRODUCT_052129.png","https://cdn.yellosolarhub.com/products/cabos/IMAGE_PRODUCT_052129.png|IMAGE_PRODUCT_052129.png","imgs-index",100,6398.99,20,0,"https://cdn.yellosolarhub.com/products/cabos/IMAGE_PRODUCT_052129.png|[object Object]"
"IMAGEPRODUCT052130","https://cdn.yellosolarhub.com/products/cabos/IMAGE_PRODUCT_052130.png","https://cdn.yellosolarhub.com/products/cabos/IMAGE_PRODUCT_052130.png|IMAGE_PRODUCT_052130.png","imgs-index",100,7037.49,20,0,"https://cdn.yellosolarhub.com/products/cabos/IMAGE_PRODUCT_052130.png|[object Object]"
"NEOSOLARCABLES20077","https://cdn.yellosolarhub.com/products/cabos/neosolar_cables_20077.jpg","https://cdn.yellosolarhub.com/products/cabos/neosolar_cables_20077.jpg|neosolar_cables_20077.jpg","imgs-index",100,188.99,20,0,"https://cdn.yellosolarhub.com/products/cabos/neosolar_cables_20077.jpg|[object Object]"
"NEOSOLARCABLES20078","https://cdn.yellosolarhub.com/products/cabos/neosolar_cables_20078.jpg","https://cdn.yellosolarhub.com/products/cabos/neosolar_cables_20078.jpg|neosolar_cables_20078.jpg","imgs-index",100,7524.95,20,0,"https://cdn.yellosolarhub.com/products/cabos/neosolar_cables_20078.jpg|[object Object]"
"NEOSOLARCABLES20121","https://cdn.yellosolarhub.com/products/cabos/neosolar_cables_20121.jpg","https://cdn.yellosolarhub.com/products/cabos/neosolar_cables_20121.jpg|neosolar_cables_20121.jpg","imgs-index",100,10387.49,20,0,"https://cdn.yellosolarhub.com/products/cabos/neosolar_cables_20121.jpg|[object Object]"
"NEOSOLARCABLES20122","https://cdn.yellosolarhub.com/products/cabos/neosolar_cables_20122.jpg","https://cdn.yellosolarhub.com/products/cabos/neosolar_cables_20122.jpg|neosolar_cables_20122.jpg","imgs-index",100,11652.99,20,0,"https://cdn.yellosolarhub.com/products/cabos/neosolar_cables_20122.jpg|[object Object]"
"NEOSOLARCABLES20126","https://cdn.yellosolarhub.com/products/cabos/NEOSOLAR_CABLES_20126.jpg","https://cdn.yellosolarhub.com/products/cabos/NEOSOLAR_CABLES_20126.jpg|NEOSOLAR_CABLES_20126.jpg","imgs-index",100,3640,20,0,"https://cdn.yellosolarhub.com/products/cabos/NEOSOLAR_CABLES_20126.jpg|[object Object]"
"NEOSOLARCABLES20127","https://cdn.yellosolarhub.com/products/cabos/NEOSOLAR_CABLES_20127.jpg","https://cdn.yellosolarhub.com/products/cabos/NEOSOLAR_CABLES_20127.jpg|NEOSOLAR_CABLES_20127.jpg","imgs-index",100,300.95,20,0,"https://cdn.yellosolarhub.com/products/cabos/NEOSOLAR_CABLES_20127.jpg|[object Object]"
"NEOSOLARCABLES20128","https://cdn.yellosolarhub.com/products/cabos/NEOSOLAR_CABLES_20128.jpg","https://cdn.yellosolarhub.com/products/cabos/NEOSOLAR_CABLES_20128.jpg|NEOSOLAR_CABLES_20128.jpg","imgs-index",100,12431.95,20,0,"https://cdn.yellosolarhub.com/products/cabos/NEOSOLAR_CABLES_20128.jpg|[object Object]"
"NEOSOLARCABLES20131","https://cdn.yellosolarhub.com/products/cabos/NEOSOLAR_CABLES_20131.jpg","https://cdn.yellosolarhub.com/products/cabos/NEOSOLAR_CABLES_20131.jpg|NEOSOLAR_CABLES_20131.jpg","imgs-index",100,9528.99,20,0,"https://cdn.yellosolarhub.com/products/cabos/NEOSOLAR_CABLES_20131.jpg|[object Object]"
"NEOSOLARCABLES20132","https://cdn.yellosolarhub.com/products/cabos/NEOSOLAR_CABLES_20132.jpg","https://cdn.yellosolarhub.com/products/cabos/NEOSOLAR_CABLES_20132.jpg|NEOSOLAR_CABLES_20132.jpg","imgs-index",100,1061.95,20,0,"https://cdn.yellosolarhub.com/products/cabos/NEOSOLAR_CABLES_20132.jpg|[object Object]"
"NEOSOLARCABLES20134","https://cdn.yellosolarhub.com/products/cabos/NEOSOLAR_CABLES_20134.jpg","https://cdn.yellosolarhub.com/products/cabos/NEOSOLAR_CABLES_20134.jpg|NEOSOLAR_CABLES_20134.jpg","imgs-index",100,6233.49,20,0,"https://cdn.yellosolarhub.com/products/cabos/NEOSOLAR_CABLES_20134.jpg|[object Object]"
"NEOSOLARCABLES20135","https://cdn.yellosolarhub.com/products/cabos/NEOSOLAR_CABLES_20135.jpg","https://cdn.yellosolarhub.com/products/cabos/NEOSOLAR_CABLES_20135.jpg|NEOSOLAR_CABLES_20135.jpg","imgs-index",100,6203.99,20,0,"https://cdn.yellosolarhub.com/products/cabos/NEOSOLAR_CABLES_20135.jpg|[object Object]"
"NEOSOLARCABLES20137","https://cdn.yellosolarhub.com/products/cabos/NEOSOLAR_CABLES_20137.jpg","https://cdn.yellosolarhub.com/products/cabos/NEOSOLAR_CABLES_20137.jpg|NEOSOLAR_CABLES_20137.jpg","imgs-index",100,1384.95,20,0,"https://cdn.yellosolarhub.com/products/cabos/NEOSOLAR_CABLES_20137.jpg|[object Object]"
"NEOSOLARCABLES20139","https://cdn.yellosolarhub.com/products/cabos/NEOSOLAR_CABLES_20139.jpg","https://cdn.yellosolarhub.com/products/cabos/NEOSOLAR_CABLES_20139.jpg|NEOSOLAR_CABLES_20139.jpg","imgs-index",100,8034.99,20,0,"https://cdn.yellosolarhub.com/products/cabos/NEOSOLAR_CABLES_20139.jpg|[object Object]"
"NEOSOLARCABLES20142","https://cdn.yellosolarhub.com/products/cabos/NEOSOLAR_CABLES_20142.jpg","https://cdn.yellosolarhub.com/products/cabos/NEOSOLAR_CABLES_20142.jpg|NEOSOLAR_CABLES_20142.jpg","imgs-index",100,10868.95,20,0,"https://cdn.yellosolarhub.com/products/cabos/NEOSOLAR_CABLES_20142.jpg|[object Object]"
"NEOSOLARCABLES20286","https://cdn.yellosolarhub.com/products/cabos/neosolar_cables_20286.jpg","https://cdn.yellosolarhub.com/products/cabos/neosolar_cables_20286.jpg|neosolar_cables_20286.jpg","imgs-index",100,10319.95,20,0,"https://cdn.yellosolarhub.com/products/cabos/neosolar_cables_20286.jpg|[object Object]"
"NEOSOLARCABLES20369","https://cdn.yellosolarhub.com/products/cabos/neosolar_cables_20369.jpg","https://cdn.yellosolarhub.com/products/cabos/neosolar_cables_20369.jpg|neosolar_cables_20369.jpg","imgs-index",100,1322.95,20,0,"https://cdn.yellosolarhub.com/products/cabos/neosolar_cables_20369.jpg|[object Object]"
"NEOSOLARCABLES20371","https://cdn.yellosolarhub.com/products/cabos/neosolar_cables_20371.jpg","https://cdn.yellosolarhub.com/products/cabos/neosolar_cables_20371.jpg|neosolar_cables_20371.jpg","imgs-index",100,4052.99,20,0,"https://cdn.yellosolarhub.com/products/cabos/neosolar_cables_20371.jpg|[object Object]"
"NEOSOLARCABLES20789","https://cdn.yellosolarhub.com/products/cabos/neosolar_cables_20789.jpg","https://cdn.yellosolarhub.com/products/cabos/neosolar_cables_20789.jpg|neosolar_cables_20789.jpg","imgs-index",100,6768.99,20,0,"https://cdn.yellosolarhub.com/products/cabos/neosolar_cables_20789.jpg|[object Object]"
"NEOSOLARCABLES20925","https://cdn.yellosolarhub.com/products/cabos/neosolar_cables_20925.jpg","https://cdn.yellosolarhub.com/products/cabos/neosolar_cables_20925.jpg|neosolar_cables_20925.jpg","imgs-index",100,7184.95,20,0,"https://cdn.yellosolarhub.com/products/cabos/neosolar_cables_20925.jpg|[object Object]"
"NEOSOLARCABLES21769","https://cdn.yellosolarhub.com/products/cabos/neosolar_cables_21769.jpg","https://cdn.yellosolarhub.com/products/cabos/neosolar_cables_21769.jpg|neosolar_cables_21769.jpg","imgs-index",100,8620,20,0,"https://cdn.yellosolarhub.com/products/cabos/neosolar_cables_21769.jpg|[object Object]"
"NEOSOLARCABLES21770","https://cdn.yellosolarhub.com/products/cabos/neosolar_cables_21770.jpg","https://cdn.yellosolarhub.com/products/cabos/neosolar_cables_21770.jpg|neosolar_cables_21770.jpg","imgs-index",100,2932,20,0,"https://cdn.yellosolarhub.com/products/cabos/neosolar_cables_21770.jpg|[object Object]"
"NEOSOLARCABLES21771","https://cdn.yellosolarhub.com/products/cabos/neosolar_cables_21771.jpg","https://cdn.yellosolarhub.com/products/cabos/neosolar_cables_21771.jpg|neosolar_cables_21771.jpg","imgs-index",100,9402,20,0,"https://cdn.yellosolarhub.com/products/cabos/neosolar_cables_21771.jpg|[object Object]"
"NEOSOLARCABLES21772","https://cdn.yellosolarhub.com/products/cabos/neosolar_cables_21772.jpg","https://cdn.yellosolarhub.com/products/cabos/neosolar_cables_21772.jpg|neosolar_cables_21772.jpg","imgs-index",100,5800.95,20,0,"https://cdn.yellosolarhub.com/products/cabos/neosolar_cables_21772.jpg|[object Object]"
"NEOSOLARCABLES21998","https://cdn.yellosolarhub.com/products/cabos/NEOSOLAR_CABLES_21998.jpg","https://cdn.yellosolarhub.com/products/cabos/NEOSOLAR_CABLES_21998.jpg|NEOSOLAR_CABLES_21998.jpg","imgs-index",100,10575,20,0,"https://cdn.yellosolarhub.com/products/cabos/NEOSOLAR_CABLES_21998.jpg|[object Object]"
"NEOSOLARCABLES23052","https://cdn.yellosolarhub.com/products/cabos/NEOSOLAR_CABLES_23052.jpg","https://cdn.yellosolarhub.com/products/cabos/NEOSOLAR_CABLES_23052.jpg|NEOSOLAR_CABLES_23052.jpg","imgs-index",100,6775.95,20,0,"https://cdn.yellosolarhub.com/products/cabos/NEOSOLAR_CABLES_23052.jpg|[object Object]"
"NEOSOLARCABLES23053","https://cdn.yellosolarhub.com/products/cabos/NEOSOLAR_CABLES_23053.jpg","https://cdn.yellosolarhub.com/products/cabos/NEOSOLAR_CABLES_23053.jpg|NEOSOLAR_CABLES_23053.jpg","imgs-index",100,2967.49,20,0,"https://cdn.yellosolarhub.com/products/cabos/NEOSOLAR_CABLES_23053.jpg|[object Object]"
"NEOSOLARCABLES23054","https://cdn.yellosolarhub.com/products/cabos/NEOSOLAR_CABLES_23054.jpg","https://cdn.yellosolarhub.com/products/cabos/NEOSOLAR_CABLES_23054.jpg|NEOSOLAR_CABLES_23054.jpg","imgs-index",100,8854.95,20,0,"https://cdn.yellosolarhub.com/products/cabos/NEOSOLAR_CABLES_23054.jpg|[object Object]"
"NEOSOLARCABLES23055","https://cdn.yellosolarhub.com/products/cabos/NEOSOLAR_CABLES_23055.jpg","https://cdn.yellosolarhub.com/products/cabos/NEOSOLAR_CABLES_23055.jpg|NEOSOLAR_CABLES_23055.jpg","imgs-index",100,2352.99,20,0,"https://cdn.yellosolarhub.com/products/cabos/NEOSOLAR_CABLES_23055.jpg|[object Object]"
"NEOSOLARCABLES23503","https://cdn.yellosolarhub.com/products/cabos/neosolar_cables_23503.jpg","https://cdn.yellosolarhub.com/products/cabos/neosolar_cables_23503.jpg|neosolar_cables_23503.jpg","imgs-index",100,11713.99,20,0,"https://cdn.yellosolarhub.com/products/cabos/neosolar_cables_23503.jpg|[object Object]"
"NEOSOLARCABLES23504","https://cdn.yellosolarhub.com/products/cabos/neosolar_cables_23504.jpg","https://cdn.yellosolarhub.com/products/cabos/neosolar_cables_23504.jpg|neosolar_cables_23504.jpg","imgs-index",100,8792.95,20,0,"https://cdn.yellosolarhub.com/products/cabos/neosolar_cables_23504.jpg|[object Object]"
"NEOSOLARCABLES23505","https://cdn.yellosolarhub.com/products/cabos/neosolar_cables_23505.jpg","https://cdn.yellosolarhub.com/products/cabos/neosolar_cables_23505.jpg|neosolar_cables_23505.jpg","imgs-index",100,5397,20,0,"https://cdn.yellosolarhub.com/products/cabos/neosolar_cables_23505.jpg|[object Object]"
"NEOSOLARCABLES23780","https://cdn.yellosolarhub.com/products/cabos/neosolar_cables_23780.jpg","https://cdn.yellosolarhub.com/products/cabos/neosolar_cables_23780.jpg|neosolar_cables_23780.jpg","imgs-index",100,7858,20,0,"https://cdn.yellosolarhub.com/products/cabos/neosolar_cables_23780.jpg|[object Object]"
"NEOSOLARCABLES25205","https://cdn.yellosolarhub.com/products/cabos/neosolar_cables_25205.jpg","https://cdn.yellosolarhub.com/products/cabos/neosolar_cables_25205.jpg|neosolar_cables_25205.jpg","imgs-index",100,12595.95,20,0,"https://cdn.yellosolarhub.com/products/cabos/neosolar_cables_25205.jpg|[object Object]"
"NEOSOLARCABLES27352","https://cdn.yellosolarhub.com/products/cabos/neosolar_cables_27352.jpg","https://cdn.yellosolarhub.com/products/cabos/neosolar_cables_27352.jpg|neosolar_cables_27352.jpg","imgs-index",100,1185.99,20,0,"https://cdn.yellosolarhub.com/products/cabos/neosolar_cables_27352.jpg|[object Object]"