sku,primary_image,all_images,source,score
"FOTUSKP021704KWPCERAMICOKITS","https://cdn.yellosolarhub.com/products/kits/FOTUS-KP02-1704kWp-Ceramico-kits.jpg","https://cdn.yellosolarhub.com/products/kits/FOTUS-KP02-1704kWp-Ceramico-kits.jpg|FOTUS-KP02-1704kWp-Ceramico-kits.jpg","imgs-index",100
"FOTUSKP021704KWPFIBROCIMENTOKITS","https://cdn.yellosolarhub.com/products/kits/FOTUS-KP02-1704kWp-Fibrocimento-kits.jpg","https://cdn.yellosolarhub.com/products/kits/FOTUS-KP02-1704kWp-Fibrocimento-kits.jpg|FOTUS-KP02-1704kWp-Fibrocimento-kits.jpg","imgs-index",100
"FOTUSKP021704KWPMINITRILHOKITS","https://cdn.yellosolarhub.com/products/kits/FOTUS-KP02-1704kWp-MiniTrilho-kits.jpg","https://cdn.yellosolarhub.com/products/kits/FOTUS-KP02-1704kWp-MiniTrilho-kits.jpg|FOTUS-KP02-1704kWp-MiniTrilho-kits.jpg","imgs-index",100
"FOTUSKP041596KWPCERAMICOKITS","https://cdn.yellosolarhub.com/products/kits/FOTUS-KP04-1596kWp-Ceramico-kits.jpg","https://cdn.yellosolarhub.com/products/kits/FOTUS-KP04-1596kWp-Ceramico-kits.jpg|FOTUS-KP04-1596kWp-Ceramico-kits.jpg","imgs-index",100
"FOTUSKP041596KWPFIBROCIMENTOKITS","https://cdn.yellosolarhub.com/products/kits/FOTUS-KP04-1596kWp-Fibrocimento-kits.jpg","https://cdn.yellosolarhub.com/products/kits/FOTUS-KP04-1596kWp-Fibrocimento-kits.jpg|FOTUS-KP04-1596kWp-Fibrocimento-kits.jpg","imgs-index",100
"FOTUSKP041596KWPMINITRILHOKITS","https://cdn.yellosolarhub.com/products/kits/FOTUS-KP04-1596kWp-MiniTrilho-kits.jpg","https://cdn.yellosolarhub.com/products/kits/FOTUS-KP04-1596kWp-MiniTrilho-kits.jpg|FOTUS-KP04-1596kWp-MiniTrilho-kits.jpg","imgs-index",100
"FOTUSKP041482KWPCERAMICOKITS","https://cdn.yellosolarhub.com/products/kits/FOTUS-KP04-1482kWp-Ceramico-kits.jpg","https://cdn.yellosolarhub.com/products/kits/FOTUS-KP04-1482kWp-Ceramico-kits.jpg|FOTUS-KP04-1482kWp-Ceramico-kits.jpg","imgs-index",100
"FOTUSKP041482KWPFIBROCIMENTOKITS","https://cdn.yellosolarhub.com/products/kits/FOTUS-KP04-1482kWp-Fibrocimento-kits.jpg","https://cdn.yellosolarhub.com/products/kits/FOTUS-KP04-1482kWp-Fibrocimento-kits.jpg|FOTUS-KP04-1482kWp-Fibrocimento-kits.jpg","imgs-index",100
"FOTUSKP041482KWPMINITRILHOKITS","https://cdn.yellosolarhub.com/products/kits/FOTUS-KP04-1482kWp-MiniTrilho-kits.jpg","https://cdn.yellosolarhub.com/products/kits/FOTUS-KP04-1482kWp-MiniTrilho-kits.jpg|FOTUS-KP04-1482kWp-MiniTrilho-kits.jpg","imgs-index",100
"FOTUSKP041368KWPCERAMICOKITS","https://cdn.yellosolarhub.com/products/kits/FOTUS-KP04-1368kWp-Ceramico-kits.jpg","https://cdn.yellosolarhub.com/products/kits/FOTUS-KP04-1368kWp-Ceramico-kits.jpg|FOTUS-KP04-1368kWp-Ceramico-kits.jpg","imgs-index",100
"FOTUSKP041368KWPFIBROCIMENTOKITS","https://cdn.yellosolarhub.com/products/kits/FOTUS-KP04-1368kWp-Fibrocimento-kits.jpg","https://cdn.yellosolarhub.com/products/kits/FOTUS-KP04-1368kWp-Fibrocimento-kits.jpg|FOTUS-KP04-1368kWp-Fibrocimento-kits.jpg","imgs-index",100
"FOTUSKP041368KWPMINITRILHOKITS","https://cdn.yellosolarhub.com/products/kits/FOTUS-KP04-1368kWp-MiniTrilho-kits.jpg","https://cdn.yellosolarhub.com/products/kits/FOTUS-KP04-1368kWp-MiniTrilho-kits.jpg|FOTUS-KP04-1368kWp-MiniTrilho-kits.jpg","imgs-index",100
"FOTUSKP041311KWPCERAMICOKITS","https://cdn.yellosolarhub.com/products/kits/FOTUS-KP04-1311kWp-Ceramico-kits.jpg","https://cdn.yellosolarhub.com/products/kits/FOTUS-KP04-1311kWp-Ceramico-kits.jpg|FOTUS-KP04-1311kWp-Ceramico-kits.jpg","imgs-index",100
"FOTUSKP041311KWPFIBROCIMENTOKITS","https://cdn.yellosolarhub.com/products/kits/FOTUS-KP04-1311kWp-Fibrocimento-kits.jpg","https://cdn.yellosolarhub.com/products/kits/FOTUS-KP04-1311kWp-Fibrocimento-kits.jpg|FOTUS-KP04-1311kWp-Fibrocimento-kits.jpg","imgs-index",100
"FOTUSKP041311KWPMINITRILHOKITS","https://cdn.yellosolarhub.com/products/kits/FOTUS-KP04-1311kWp-MiniTrilho-kits.jpg","https://cdn.yellosolarhub.com/products/kits/FOTUS-KP04-1311kWp-MiniTrilho-kits.jpg|FOTUS-KP04-1311kWp-MiniTrilho-kits.jpg","imgs-index",100
"FOTUSKP021278KWPCERAMICOKITS","https://cdn.yellosolarhub.com/products/kits/FOTUS-KP02-1278kWp-Ceramico-kits.jpg","https://cdn.yellosolarhub.com/products/kits/FOTUS-KP02-1278kWp-Ceramico-kits.jpg|FOTUS-KP02-1278kWp-Ceramico-kits.jpg","imgs-index",100
"FOTUSKP021278KWPFIBROCIMENTOKITS","https://cdn.yellosolarhub.com/products/kits/FOTUS-KP02-1278kWp-Fibrocimento-kits.jpg","https://cdn.yellosolarhub.com/products/kits/FOTUS-KP02-1278kWp-Fibrocimento-kits.jpg|FOTUS-KP02-1278kWp-Fibrocimento-kits.jpg","imgs-index",100
"FOTUSKP021278KWPMINITRILHOKITS","https://cdn.yellosolarhub.com/products/kits/FOTUS-KP02-1278kWp-MiniTrilho-kits.jpg","https://cdn.yellosolarhub.com/products/kits/FOTUS-KP02-1278kWp-MiniTrilho-kits.jpg|FOTUS-KP02-1278kWp-MiniTrilho-kits.jpg","imgs-index",100
"FOTUSKP041254KWPCERAMICOKITS","https://cdn.yellosolarhub.com/products/kits/FOTUS-KP04-1254kWp-Ceramico-kits.jpg","https://cdn.yellosolarhub.com/products/kits/FOTUS-KP04-1254kWp-Ceramico-kits.jpg|FOTUS-KP04-1254kWp-Ceramico-kits.jpg","imgs-index",100
"FOTUSKP041254KWPFIBROCIMENTOKITS","https://cdn.yellosolarhub.com/products/kits/FOTUS-KP04-1254kWp-Fibrocimento-kits.jpg","https://cdn.yellosolarhub.com/products/kits/FOTUS-KP04-1254kWp-Fibrocimento-kits.jpg|FOTUS-KP04-1254kWp-Fibrocimento-kits.jpg","imgs-index",100
"FOTUSKP041254KWPMINITRILHOKITS","https://cdn.yellosolarhub.com/products/kits/FOTUS-KP04-1254kWp-MiniTrilho-kits.jpg","https://cdn.yellosolarhub.com/products/kits/FOTUS-KP04-1254kWp-MiniTrilho-kits.jpg|FOTUS-KP04-1254kWp-MiniTrilho-kits.jpg","imgs-index",100
"FOTUSKP04960KWPCERAMICOKITSHIBRIDOS","https://cdn.yellosolarhub.com/products/kits/FOTUS-KP04-960kWp-Ceramico-kits-hibridos.jpg","https://cdn.yellosolarhub.com/products/kits/FOTUS-KP04-960kWp-Ceramico-kits-hibridos.jpg|FOTUS-KP04-960kWp-Ceramico-kits-hibridos.jpg","imgs-index",100
"FOTUSKP04960KWPFIBROCIMENTOKITSHIBRIDOS","https://cdn.yellosolarhub.com/products/kits/FOTUS-KP04-960kWp-Fibrocimento-kits-hibridos.jpg","https://cdn.yellosolarhub.com/products/kits/FOTUS-KP04-960kWp-Fibrocimento-kits-hibridos.jpg|FOTUS-KP04-960kWp-Fibrocimento-kits-hibridos.jpg","imgs-index",100
"FOTUSKP04960KWPMINITRILHOKITSHIBRIDOS","https://cdn.yellosolarhub.com/products/kits/FOTUS-KP04-960kWp-MiniTrilho-kits-hibridos.jpg","https://cdn.yellosolarhub.com/products/kits/FOTUS-KP04-960kWp-MiniTrilho-kits-hibridos.jpg|FOTUS-KP04-960kWp-MiniTrilho-kits-hibridos.jpg","imgs-index",100
"FOTUSKP021136KWPCERAMICOKITS","https://cdn.yellosolarhub.com/products/kits/FOTUS-KP02-1136kWp-Ceramico-kits.jpg","https://cdn.yellosolarhub.com/products/kits/FOTUS-KP02-1136kWp-Ceramico-kits.jpg|FOTUS-KP02-1136kWp-Ceramico-kits.jpg","imgs-index",100
"FOTUSKP021136KWPFIBROCIMENTOKITS","https://cdn.yellosolarhub.com/products/kits/FOTUS-KP02-1136kWp-Fibrocimento-kits.jpg","https://cdn.yellosolarhub.com/products/kits/FOTUS-KP02-1136kWp-Fibrocimento-kits.jpg|FOTUS-KP02-1136kWp-Fibrocimento-kits.jpg","imgs-index",100
"FOTUSKP021136KWPMINITRILHOKITS","https://cdn.yellosolarhub.com/products/kits/FOTUS-KP02-1136kWp-MiniTrilho-kits.jpg","https://cdn.yellosolarhub.com/products/kits/FOTUS-KP02-1136kWp-MiniTrilho-kits.jpg|FOTUS-KP02-1136kWp-MiniTrilho-kits.jpg","imgs-index",100
"FOTUSKP031136KWPCERAMICOKITS","https://cdn.yellosolarhub.com/products/kits/FOTUS-KP03-1136kWp-Ceramico-kits.jpg","https://cdn.yellosolarhub.com/products/kits/FOTUS-KP03-1136kWp-Ceramico-kits.jpg|FOTUS-KP03-1136kWp-Ceramico-kits.jpg","imgs-index",100
"FOTUSKP031136KWPFIBROCIMENTOKITS","https://cdn.yellosolarhub.com/products/kits/FOTUS-KP03-1136kWp-Fibrocimento-kits.jpg","https://cdn.yellosolarhub.com/products/kits/FOTUS-KP03-1136kWp-Fibrocimento-kits.jpg|FOTUS-KP03-1136kWp-Fibrocimento-kits.jpg","imgs-index",100
"FOTUSKP031136KWPMINITRILHOKITS","https://cdn.yellosolarhub.com/products/kits/FOTUS-KP03-1136kWp-MiniTrilho-kits.jpg","https://cdn.yellosolarhub.com/products/kits/FOTUS-KP03-1136kWp-MiniTrilho-kits.jpg|FOTUS-KP03-1136kWp-MiniTrilho-kits.jpg","imgs-index",100
"FOTUSKP021065KWPCERAMICOKITS","https://cdn.yellosolarhub.com/products/kits/FOTUS-KP02-1065kWp-Ceramico-kits.jpg","https://cdn.yellosolarhub.com/products/kits/FOTUS-KP02-1065kWp-Ceramico-kits.jpg|FOTUS-KP02-1065kWp-Ceramico-kits.jpg","imgs-index",100
"FOTUSKP021065KWPFIBROCIMENTOKITS","https://cdn.yellosolarhub.com/products/kits/FOTUS-KP02-1065kWp-Fibrocimento-kits.jpg","https://cdn.yellosolarhub.com/products/kits/FOTUS-KP02-1065kWp-Fibrocimento-kits.jpg|FOTUS-KP02-1065kWp-Fibrocimento-kits.jpg","imgs-index",100
"FOTUSKP021065KWPMINITRILHOKITS","https://cdn.yellosolarhub.com/products/kits/FOTUS-KP02-1065kWp-MiniTrilho-kits.jpg","https://cdn.yellosolarhub.com/products/kits/FOTUS-KP02-1065kWp-MiniTrilho-kits.jpg|FOTUS-KP02-1065kWp-MiniTrilho-kits.jpg","imgs-index",100
"FOTUSKP041026KWPCERAMICOKITS","https://cdn.yellosolarhub.com/products/kits/FOTUS-KP04-1026kWp-Ceramico-kits.jpg","https://cdn.yellosolarhub.com/products/kits/FOTUS-KP04-1026kWp-Ceramico-kits.jpg|FOTUS-KP04-1026kWp-Ceramico-kits.jpg","imgs-index",100
"FOTUSKP041026KWPFIBROCIMENTOKITS","https://cdn.yellosolarhub.com/products/kits/FOTUS-KP04-1026kWp-Fibrocimento-kits.jpg","https://cdn.yellosolarhub.com/products/kits/FOTUS-KP04-1026kWp-Fibrocimento-kits.jpg|FOTUS-KP04-1026kWp-Fibrocimento-kits.jpg","imgs-index",100
"FOTUSKP041026KWPMINITRILHOKITS","https://cdn.yellosolarhub.com/products/kits/FOTUS-KP04-1026kWp-MiniTrilho-kits.jpg","https://cdn.yellosolarhub.com/products/kits/FOTUS-KP04-1026kWp-MiniTrilho-kits.jpg|FOTUS-KP04-1026kWp-MiniTrilho-kits.jpg","imgs-index",100
"FOTUSKP04840KWPCERAMICOKITSHIBRIDOS","https://cdn.yellosolarhub.com/products/kits/FOTUS-KP04-840kWp-Ceramico-kits-hibridos.jpg","https://cdn.yellosolarhub.com/products/kits/FOTUS-KP04-840kWp-Ceramico-kits-hibridos.jpg|FOTUS-KP04-840kWp-Ceramico-kits-hibridos.jpg","imgs-index",100
"FOTUSKP04840KWPFIBROCIMENTOKITSHIBRIDOS","https://cdn.yellosolarhub.com/products/kits/FOTUS-KP04-840kWp-Fibrocimento-kits-hibridos.jpg","https://cdn.yellosolarhub.com/products/kits/FOTUS-KP04-840kWp-Fibrocimento-kits-hibridos.jpg|FOTUS-KP04-840kWp-Fibrocimento-kits-hibridos.jpg","imgs-index",100
"FOTUSKP04840KWPMINITRILHOKITSHIBRIDOS","https://cdn.yellosolarhub.com/products/kits/FOTUS-KP04-840kWp-MiniTrilho-kits-hibridos.jpg","https://cdn.yellosolarhub.com/products/kits/FOTUS-KP04-840kWp-MiniTrilho-kits-hibridos.jpg|FOTUS-KP04-840kWp-MiniTrilho-kits-hibridos.jpg","imgs-index",100
"FOTUSKP02994KWPCERAMICOKITS","https://cdn.yellosolarhub.com/products/kits/FOTUS-KP02-994kWp-Ceramico-kits.jpg","https://cdn.yellosolarhub.com/products/kits/FOTUS-KP02-994kWp-Ceramico-kits.jpg|FOTUS-KP02-994kWp-Ceramico-kits.jpg","imgs-index",100
"FOTUSKP02994KWPFIBROCIMENTOKITS","https://cdn.yellosolarhub.com/products/kits/FOTUS-KP02-994kWp-Fibrocimento-kits.jpg","https://cdn.yellosolarhub.com/products/kits/FOTUS-KP02-994kWp-Fibrocimento-kits.jpg|FOTUS-KP02-994kWp-Fibrocimento-kits.jpg","imgs-index",100
"FOTUSKP02994KWPMINITRILHOKITS","https://cdn.yellosolarhub.com/products/kits/FOTUS-KP02-994kWp-MiniTrilho-kits.jpg","https://cdn.yellosolarhub.com/products/kits/FOTUS-KP02-994kWp-MiniTrilho-kits.jpg|FOTUS-KP02-994kWp-MiniTrilho-kits.jpg","imgs-index",100
"FOTUSKP03994KWPCERAMICOKITS","https://cdn.yellosolarhub.com/products/kits/FOTUS-KP03-994kWp-Ceramico-kits.jpg","https://cdn.yellosolarhub.com/products/kits/FOTUS-KP03-994kWp-Ceramico-kits.jpg|FOTUS-KP03-994kWp-Ceramico-kits.jpg","imgs-index",100
"FOTUSKP03994KWPFIBROCIMENTOKITS","https://cdn.yellosolarhub.com/products/kits/FOTUS-KP03-994kWp-Fibrocimento-kits.jpg","https://cdn.yellosolarhub.com/products/kits/FOTUS-KP03-994kWp-Fibrocimento-kits.jpg|FOTUS-KP03-994kWp-Fibrocimento-kits.jpg","imgs-index",100
"FOTUSKP03994KWPMINITRILHOKITS","https://cdn.yellosolarhub.com/products/kits/FOTUS-KP03-994kWp-MiniTrilho-kits.jpg","https://cdn.yellosolarhub.com/products/kits/FOTUS-KP03-994kWp-MiniTrilho-kits.jpg|FOTUS-KP03-994kWp-MiniTrilho-kits.jpg","imgs-index",100
"FOTUSKP04969KWPCERAMICOKITS","https://cdn.yellosolarhub.com/products/kits/FOTUS-KP04-969kWp-Ceramico-kits.jpg","https://cdn.yellosolarhub.com/products/kits/FOTUS-KP04-969kWp-Ceramico-kits.jpg|FOTUS-KP04-969kWp-Ceramico-kits.jpg","imgs-index",100
"FOTUSKP04969KWPFIBROCIMENTOKITS","https://cdn.yellosolarhub.com/products/kits/FOTUS-KP04-969kWp-Fibrocimento-kits.jpg","https://cdn.yellosolarhub.com/products/kits/FOTUS-KP04-969kWp-Fibrocimento-kits.jpg|FOTUS-KP04-969kWp-Fibrocimento-kits.jpg","imgs-index",100
"FOTUSKP04969KWPMINITRILHOKITS","https://cdn.yellosolarhub.com/products/kits/FOTUS-KP04-969kWp-MiniTrilho-kits.jpg","https://cdn.yellosolarhub.com/products/kits/FOTUS-KP04-969kWp-MiniTrilho-kits.jpg|FOTUS-KP04-969kWp-MiniTrilho-kits.jpg","imgs-index",100
"FOTUSKP02960KWPCERAMICOKITS","https://cdn.yellosolarhub.com/products/kits/FOTUS-KP02-960kWp-Ceramico-kits.jpg","https://cdn.yellosolarhub.com/products/kits/FOTUS-KP02-960kWp-Ceramico-kits.jpg|FOTUS-KP02-960kWp-Ceramico-kits.jpg","imgs-index",100
"FOTUSKP02960KWPFIBROCIMENTOKITS","https://cdn.yellosolarhub.com/products/kits/FOTUS-KP02-960kWp-Fibrocimento-kits.jpg","https://cdn.yellosolarhub.com/products/kits/FOTUS-KP02-960kWp-Fibrocimento-kits.jpg|FOTUS-KP02-960kWp-Fibrocimento-kits.jpg","imgs-index",100
"FOTUSKP02960KWPMINITRILHOKITS","https://cdn.yellosolarhub.com/products/kits/FOTUS-KP02-960kWp-MiniTrilho-kits.jpg","https://cdn.yellosolarhub.com/products/kits/FOTUS-KP02-960kWp-MiniTrilho-kits.jpg|FOTUS-KP02-960kWp-MiniTrilho-kits.jpg","imgs-index",100
"FOTUSKP04960KWPCERAMICOKITS","https://cdn.yellosolarhub.com/products/kits/FOTUS-KP04-960kWp-Ceramico-kits.jpg","https://cdn.yellosolarhub.com/products/kits/FOTUS-KP04-960kWp-Ceramico-kits.jpg|FOTUS-KP04-960kWp-Ceramico-kits.jpg","imgs-index",100
"FOTUSKP04960KWPFIBROCIMENTOKITS","https://cdn.yellosolarhub.com/products/kits/FOTUS-KP04-960kWp-Fibrocimento-kits.jpg","https://cdn.yellosolarhub.com/products/kits/FOTUS-KP04-960kWp-Fibrocimento-kits.jpg|FOTUS-KP04-960kWp-Fibrocimento-kits.jpg","imgs-index",100
"FOTUSKP04960KWPMINITRILHOKITS","https://cdn.yellosolarhub.com/products/kits/FOTUS-KP04-960kWp-MiniTrilho-kits.jpg","https://cdn.yellosolarhub.com/products/kits/FOTUS-KP04-960kWp-MiniTrilho-kits.jpg|FOTUS-KP04-960kWp-MiniTrilho-kits.jpg","imgs-index",100
"FOTUSKP04912KWPCERAMICOKITS","https://cdn.yellosolarhub.com/products/kits/FOTUS-KP04-912kWp-Ceramico-kits.jpg","https://cdn.yellosolarhub.com/products/kits/FOTUS-KP04-912kWp-Ceramico-kits.jpg|FOTUS-KP04-912kWp-Ceramico-kits.jpg","imgs-index",100
"FOTUSKP04912KWPFIBROCIMENTOKITS","https://cdn.yellosolarhub.com/products/kits/FOTUS-KP04-912kWp-Fibrocimento-kits.jpg","https://cdn.yellosolarhub.com/products/kits/FOTUS-KP04-912kWp-Fibrocimento-kits.jpg|FOTUS-KP04-912kWp-Fibrocimento-kits.jpg","imgs-index",100
"FOTUSKP04912KWPMINITRILHOKITS","https://cdn.yellosolarhub.com/products/kits/FOTUS-KP04-912kWp-MiniTrilho-kits.jpg","https://cdn.yellosolarhub.com/products/kits/FOTUS-KP04-912kWp-MiniTrilho-kits.jpg|FOTUS-KP04-912kWp-MiniTrilho-kits.jpg","imgs-index",100
"FOTUSKP04720KWPCERAMICOKITSHIBRIDOS","https://cdn.yellosolarhub.com/products/kits/FOTUS-KP04-720kWp-Ceramico-kits-hibridos.jpg","https://cdn.yellosolarhub.com/products/kits/FOTUS-KP04-720kWp-Ceramico-kits-hibridos.jpg|FOTUS-KP04-720kWp-Ceramico-kits-hibridos.jpg","imgs-index",100
"FOTUSKP04720KWPFIBROCIMENTOKITSHIBRIDOS","https://cdn.yellosolarhub.com/products/kits/FOTUS-KP04-720kWp-Fibrocimento-kits-hibridos.jpg","https://cdn.yellosolarhub.com/products/kits/FOTUS-KP04-720kWp-Fibrocimento-kits-hibridos.jpg|FOTUS-KP04-720kWp-Fibrocimento-kits-hibridos.jpg","imgs-index",100
"FOTUSKP04720KWPMINITRILHOKITSHIBRIDOS","https://cdn.yellosolarhub.com/products/kits/FOTUS-KP04-720kWp-MiniTrilho-kits-hibridos.jpg","https://cdn.yellosolarhub.com/products/kits/FOTUS-KP04-720kWp-MiniTrilho-kits-hibridos.jpg|FOTUS-KP04-720kWp-MiniTrilho-kits-hibridos.jpg","imgs-index",100
"FOTUSKP04855KWPCERAMICOKITS","https://cdn.yellosolarhub.com/products/kits/FOTUS-KP04-855kWp-Ceramico-kits.jpg","https://cdn.yellosolarhub.com/products/kits/FOTUS-KP04-855kWp-Ceramico-kits.jpg|FOTUS-KP04-855kWp-Ceramico-kits.jpg","imgs-index",100
"FOTUSKP04855KWPFIBROCIMENTOKITS","https://cdn.yellosolarhub.com/products/kits/FOTUS-KP04-855kWp-Fibrocimento-kits.jpg","https://cdn.yellosolarhub.com/products/kits/FOTUS-KP04-855kWp-Fibrocimento-kits.jpg|FOTUS-KP04-855kWp-Fibrocimento-kits.jpg","imgs-index",100
"FOTUSKP04855KWPMINITRILHOKITS","https://cdn.yellosolarhub.com/products/kits/FOTUS-KP04-855kWp-MiniTrilho-kits.jpg","https://cdn.yellosolarhub.com/products/kits/FOTUS-KP04-855kWp-MiniTrilho-kits.jpg|FOTUS-KP04-855kWp-MiniTrilho-kits.jpg","imgs-index",100
"FOTUSKP02852KWPCERAMICOKITS","https://cdn.yellosolarhub.com/products/kits/FOTUS-KP02-852kWp-Ceramico-kits.jpg","https://cdn.yellosolarhub.com/products/kits/FOTUS-KP02-852kWp-Ceramico-kits.jpg|FOTUS-KP02-852kWp-Ceramico-kits.jpg","imgs-index",100
"FOTUSKP02852KWPFIBROCIMENTOKITS","https://cdn.yellosolarhub.com/products/kits/FOTUS-KP02-852kWp-Fibrocimento-kits.jpg","https://cdn.yellosolarhub.com/products/kits/FOTUS-KP02-852kWp-Fibrocimento-kits.jpg|FOTUS-KP02-852kWp-Fibrocimento-kits.jpg","imgs-index",100
"FOTUSKP02852KWPMINITRILHOKITS","https://cdn.yellosolarhub.com/products/kits/FOTUS-KP02-852kWp-MiniTrilho-kits.jpg","https://cdn.yellosolarhub.com/products/kits/FOTUS-KP02-852kWp-MiniTrilho-kits.jpg|FOTUS-KP02-852kWp-MiniTrilho-kits.jpg","imgs-index",100
"FOTUSKP03852KWPCERAMICOKITS","https://cdn.yellosolarhub.com/products/kits/FOTUS-KP03-852kWp-Ceramico-kits.jpg","https://cdn.yellosolarhub.com/products/kits/FOTUS-KP03-852kWp-Ceramico-kits.jpg|FOTUS-KP03-852kWp-Ceramico-kits.jpg","imgs-index",100
"FOTUSKP03852KWPFIBROCIMENTOKITS","https://cdn.yellosolarhub.com/products/kits/FOTUS-KP03-852kWp-Fibrocimento-kits.jpg","https://cdn.yellosolarhub.com/products/kits/FOTUS-KP03-852kWp-Fibrocimento-kits.jpg|FOTUS-KP03-852kWp-Fibrocimento-kits.jpg","imgs-index",100
"FOTUSKP03852KWPMINITRILHOKITS","https://cdn.yellosolarhub.com/products/kits/FOTUS-KP03-852kWp-MiniTrilho-kits.jpg","https://cdn.yellosolarhub.com/products/kits/FOTUS-KP03-852kWp-MiniTrilho-kits.jpg|FOTUS-KP03-852kWp-MiniTrilho-kits.jpg","imgs-index",100
"FOTUSKP02840KWPCERAMICOKITS","https://cdn.yellosolarhub.com/products/kits/FOTUS-KP02-840kWp-Ceramico-kits.jpg","https://cdn.yellosolarhub.com/products/kits/FOTUS-KP02-840kWp-Ceramico-kits.jpg|FOTUS-KP02-840kWp-Ceramico-kits.jpg","imgs-index",100
"FOTUSKP02840KWPFIBROCIMENTOKITS","https://cdn.yellosolarhub.com/products/kits/FOTUS-KP02-840kWp-Fibrocimento-kits.jpg","https://cdn.yellosolarhub.com/products/kits/FOTUS-KP02-840kWp-Fibrocimento-kits.jpg|FOTUS-KP02-840kWp-Fibrocimento-kits.jpg","imgs-index",100
"FOTUSKP02840KWPMINITRILHOKITS","https://cdn.yellosolarhub.com/products/kits/FOTUS-KP02-840kWp-MiniTrilho-kits.jpg","https://cdn.yellosolarhub.com/products/kits/FOTUS-KP02-840kWp-MiniTrilho-kits.jpg|FOTUS-KP02-840kWp-MiniTrilho-kits.jpg","imgs-index",100
"FOTUSKP04840KWPCERAMICOKITS","https://cdn.yellosolarhub.com/products/kits/FOTUS-KP04-840kWp-Ceramico-kits.jpg","https://cdn.yellosolarhub.com/products/kits/FOTUS-KP04-840kWp-Ceramico-kits.jpg|FOTUS-KP04-840kWp-Ceramico-kits.jpg","imgs-index",100
"FOTUSKP04840KWPFIBROCIMENTOKITS","https://cdn.yellosolarhub.com/products/kits/FOTUS-KP04-840kWp-Fibrocimento-kits.jpg","https://cdn.yellosolarhub.com/products/kits/FOTUS-KP04-840kWp-Fibrocimento-kits.jpg|FOTUS-KP04-840kWp-Fibrocimento-kits.jpg","imgs-index",100
"FOTUSKP04840KWPMINITRILHOKITS","https://cdn.yellosolarhub.com/products/kits/FOTUS-KP04-840kWp-MiniTrilho-kits.jpg","https://cdn.yellosolarhub.com/products/kits/FOTUS-KP04-840kWp-MiniTrilho-kits.jpg|FOTUS-KP04-840kWp-MiniTrilho-kits.jpg","imgs-index",100
"FOTUSKP04798KWPCERAMICOKITS","https://cdn.yellosolarhub.com/products/kits/FOTUS-KP04-798kWp-Ceramico-kits.jpg","https://cdn.yellosolarhub.com/products/kits/FOTUS-KP04-798kWp-Ceramico-kits.jpg|FOTUS-KP04-798kWp-Ceramico-kits.jpg","imgs-index",100
"FOTUSKP04798KWPFIBROCIMENTOKITS","https://cdn.yellosolarhub.com/products/kits/FOTUS-KP04-798kWp-Fibrocimento-kits.jpg","https://cdn.yellosolarhub.com/products/kits/FOTUS-KP04-798kWp-Fibrocimento-kits.jpg|FOTUS-KP04-798kWp-Fibrocimento-kits.jpg","imgs-index",100
"FOTUSKP04798KWPMINITRILHOKITS","https://cdn.yellosolarhub.com/products/kits/FOTUS-KP04-798kWp-MiniTrilho-kits.jpg","https://cdn.yellosolarhub.com/products/kits/FOTUS-KP04-798kWp-MiniTrilho-kits.jpg|FOTUS-KP04-798kWp-MiniTrilho-kits.jpg","imgs-index",100
"FOTUSKP04600KWPCERAMICOKITSHIBRIDOS","https://cdn.yellosolarhub.com/products/kits/FOTUS-KP04-600kWp-Ceramico-kits-hibridos.jpg","https://cdn.yellosolarhub.com/products/kits/FOTUS-KP04-600kWp-Ceramico-kits-hibridos.jpg|FOTUS-KP04-600kWp-Ceramico-kits-hibridos.jpg","imgs-index",100
"FOTUSKP04600KWPFIBROCIMENTOKITSHIBRIDOS","https://cdn.yellosolarhub.com/products/kits/FOTUS-KP04-600kWp-Fibrocimento-kits-hibridos.jpg","https://cdn.yellosolarhub.com/products/kits/FOTUS-KP04-600kWp-Fibrocimento-kits-hibridos.jpg|FOTUS-KP04-600kWp-Fibrocimento-kits-hibridos.jpg","imgs-index",100
"FOTUSKP04600KWPMINITRILHOKITSHIBRIDOS","https://cdn.yellosolarhub.com/products/kits/FOTUS-KP04-600kWp-MiniTrilho-kits-hibridos.jpg","https://cdn.yellosolarhub.com/products/kits/FOTUS-KP04-600kWp-MiniTrilho-kits-hibridos.jpg|FOTUS-KP04-600kWp-MiniTrilho-kits-hibridos.jpg","imgs-index",100
"FOTUSKP02720KWPCERAMICOKITS","https://cdn.yellosolarhub.com/products/kits/FOTUS-KP02-720kWp-Ceramico-kits.jpg","https://cdn.yellosolarhub.com/products/kits/FOTUS-KP02-720kWp-Ceramico-kits.jpg|FOTUS-KP02-720kWp-Ceramico-kits.jpg","imgs-index",100
"FOTUSKP02720KWPFIBROCIMENTOKITS","https://cdn.yellosolarhub.com/products/kits/FOTUS-KP02-720kWp-Fibrocimento-kits.jpg","https://cdn.yellosolarhub.com/products/kits/FOTUS-KP02-720kWp-Fibrocimento-kits.jpg|FOTUS-KP02-720kWp-Fibrocimento-kits.jpg","imgs-index",100
"FOTUSKP02720KWPMINITRILHOKITS","https://cdn.yellosolarhub.com/products/kits/FOTUS-KP02-720kWp-MiniTrilho-kits.jpg","https://cdn.yellosolarhub.com/products/kits/FOTUS-KP02-720kWp-MiniTrilho-kits.jpg|FOTUS-KP02-720kWp-MiniTrilho-kits.jpg","imgs-index",100
"FOTUSKP04720KWPCERAMICOKITS","https://cdn.yellosolarhub.com/products/kits/FOTUS-KP04-720kWp-Ceramico-kits.jpg","https://cdn.yellosolarhub.com/products/kits/FOTUS-KP04-720kWp-Ceramico-kits.jpg|FOTUS-KP04-720kWp-Ceramico-kits.jpg","imgs-index",100
"FOTUSKP04720KWPFIBROCIMENTOKITS","https://cdn.yellosolarhub.com/products/kits/FOTUS-KP04-720kWp-Fibrocimento-kits.jpg","https://cdn.yellosolarhub.com/products/kits/FOTUS-KP04-720kWp-Fibrocimento-kits.jpg|FOTUS-KP04-720kWp-Fibrocimento-kits.jpg","imgs-index",100
"FOTUSKP04720KWPMINITRILHOKITS","https://cdn.yellosolarhub.com/products/kits/FOTUS-KP04-720kWp-MiniTrilho-kits.jpg","https://cdn.yellosolarhub.com/products/kits/FOTUS-KP04-720kWp-MiniTrilho-kits.jpg|FOTUS-KP04-720kWp-MiniTrilho-kits.jpg","imgs-index",100
"FOTUSKP02710KWPCERAMICOKITS","https://cdn.yellosolarhub.com/products/kits/FOTUS-KP02-710kWp-Ceramico-kits.jpg","https://cdn.yellosolarhub.com/products/kits/FOTUS-KP02-710kWp-Ceramico-kits.jpg|FOTUS-KP02-710kWp-Ceramico-kits.jpg","imgs-index",100
"FOTUSKP02710KWPFIBROCIMENTOKITS","https://cdn.yellosolarhub.com/products/kits/FOTUS-KP02-710kWp-Fibrocimento-kits.jpg","https://cdn.yellosolarhub.com/products/kits/FOTUS-KP02-710kWp-Fibrocimento-kits.jpg|FOTUS-KP02-710kWp-Fibrocimento-kits.jpg","imgs-index",100
"FOTUSKP02710KWPMINITRILHOKITS","https://cdn.yellosolarhub.com/products/kits/FOTUS-KP02-710kWp-MiniTrilho-kits.jpg","https://cdn.yellosolarhub.com/products/kits/FOTUS-KP02-710kWp-MiniTrilho-kits.jpg|FOTUS-KP02-710kWp-MiniTrilho-kits.jpg","imgs-index",100
"FOTUSKP03710KWPCERAMICOKITS","https://cdn.yellosolarhub.com/products/kits/FOTUS-KP03-710kWp-Ceramico-kits.jpg","https://cdn.yellosolarhub.com/products/kits/FOTUS-KP03-710kWp-Ceramico-kits.jpg|FOTUS-KP03-710kWp-Ceramico-kits.jpg","imgs-index",100
"FOTUSKP03710KWPFIBROCIMENTOKITS","https://cdn.yellosolarhub.com/products/kits/FOTUS-KP03-710kWp-Fibrocimento-kits.jpg","https://cdn.yellosolarhub.com/products/kits/FOTUS-KP03-710kWp-Fibrocimento-kits.jpg|FOTUS-KP03-710kWp-Fibrocimento-kits.jpg","imgs-index",100
"FOTUSKP03710KWPMINITRILHOKITS","https://cdn.yellosolarhub.com/products/kits/FOTUS-KP03-710kWp-MiniTrilho-kits.jpg","https://cdn.yellosolarhub.com/products/kits/FOTUS-KP03-710kWp-MiniTrilho-kits.jpg|FOTUS-KP03-710kWp-MiniTrilho-kits.jpg","imgs-index",100
"FOTUSKP04684KWPCERAMICOKITS","https://cdn.yellosolarhub.com/products/kits/FOTUS-KP04-684kWp-Ceramico-kits.jpg","https://cdn.yellosolarhub.com/products/kits/FOTUS-KP04-684kWp-Ceramico-kits.jpg|FOTUS-KP04-684kWp-Ceramico-kits.jpg","imgs-index",100
"FOTUSKP04684KWPFIBROCIMENTOKITS","https://cdn.yellosolarhub.com/products/kits/FOTUS-KP04-684kWp-Fibrocimento-kits.jpg","https://cdn.yellosolarhub.com/products/kits/FOTUS-KP04-684kWp-Fibrocimento-kits.jpg|FOTUS-KP04-684kWp-Fibrocimento-kits.jpg","imgs-index",100
"FOTUSKP04684KWPMINITRILHOKITS","https://cdn.yellosolarhub.com/products/kits/FOTUS-KP04-684kWp-MiniTrilho-kits.jpg","https://cdn.yellosolarhub.com/products/kits/FOTUS-KP04-684kWp-MiniTrilho-kits.jpg|FOTUS-KP04-684kWp-MiniTrilho-kits.jpg","imgs-index",100
"FOTUSKP02600KWPCERAMICOKITS","https://cdn.yellosolarhub.com/products/kits/FOTUS-KP02-600kWp-Ceramico-kits.jpg","https://cdn.yellosolarhub.com/products/kits/FOTUS-KP02-600kWp-Ceramico-kits.jpg|FOTUS-KP02-600kWp-Ceramico-kits.jpg","imgs-index",100
"FOTUSKP02600KWPFIBROCIMENTOKITS","https://cdn.yellosolarhub.com/products/kits/FOTUS-KP02-600kWp-Fibrocimento-kits.jpg","https://cdn.yellosolarhub.com/products/kits/FOTUS-KP02-600kWp-Fibrocimento-kits.jpg|FOTUS-KP02-600kWp-Fibrocimento-kits.jpg","imgs-index",100
"FOTUSKP02600KWPMINITRILHOKITS","https://cdn.yellosolarhub.com/products/kits/FOTUS-KP02-600kWp-MiniTrilho-kits.jpg","https://cdn.yellosolarhub.com/products/kits/FOTUS-KP02-600kWp-MiniTrilho-kits.jpg|FOTUS-KP02-600kWp-MiniTrilho-kits.jpg","imgs-index",100
"FOTUSKP04600KWPCERAMICOKITS","https://cdn.yellosolarhub.com/products/kits/FOTUS-KP04-600kWp-Ceramico-kits.jpg","https://cdn.yellosolarhub.com/products/kits/FOTUS-KP04-600kWp-Ceramico-kits.jpg|FOTUS-KP04-600kWp-Ceramico-kits.jpg","imgs-index",100
"FOTUSKP04600KWPFIBROCIMENTOKITS","https://cdn.yellosolarhub.com/products/kits/FOTUS-KP04-600kWp-Fibrocimento-kits.jpg","https://cdn.yellosolarhub.com/products/kits/FOTUS-KP04-600kWp-Fibrocimento-kits.jpg|FOTUS-KP04-600kWp-Fibrocimento-kits.jpg","imgs-index",100
"FOTUSKP04600KWPMINITRILHOKITS","https://cdn.yellosolarhub.com/products/kits/FOTUS-KP04-600kWp-MiniTrilho-kits.jpg","https://cdn.yellosolarhub.com/products/kits/FOTUS-KP04-600kWp-MiniTrilho-kits.jpg|FOTUS-KP04-600kWp-MiniTrilho-kits.jpg","imgs-index",100
"FOTUSKP04480KWPCERAMICOKITSHIBRIDOS","https://cdn.yellosolarhub.com/products/kits/FOTUS-KP04-480kWp-Ceramico-kits-hibridos.jpg","https://cdn.yellosolarhub.com/products/kits/FOTUS-KP04-480kWp-Ceramico-kits-hibridos.jpg|FOTUS-KP04-480kWp-Ceramico-kits-hibridos.jpg","imgs-index",100
"FOTUSKP04480KWPFIBROCIMENTOKITSHIBRIDOS","https://cdn.yellosolarhub.com/products/kits/FOTUS-KP04-480kWp-Fibrocimento-kits-hibridos.jpg","https://cdn.yellosolarhub.com/products/kits/FOTUS-KP04-480kWp-Fibrocimento-kits-hibridos.jpg|FOTUS-KP04-480kWp-Fibrocimento-kits-hibridos.jpg","imgs-index",100
"FOTUSKP04480KWPMINITRILHOKITSHIBRIDOS","https://cdn.yellosolarhub.com/products/kits/FOTUS-KP04-480kWp-MiniTrilho-kits-hibridos.jpg","https://cdn.yellosolarhub.com/products/kits/FOTUS-KP04-480kWp-MiniTrilho-kits-hibridos.jpg|FOTUS-KP04-480kWp-MiniTrilho-kits-hibridos.jpg","imgs-index",100
"FOTUSKP04570KWPCERAMICOKITS","https://cdn.yellosolarhub.com/products/kits/FOTUS-KP04-570kWp-Ceramico-kits.jpg","https://cdn.yellosolarhub.com/products/kits/FOTUS-KP04-570kWp-Ceramico-kits.jpg|FOTUS-KP04-570kWp-Ceramico-kits.jpg","imgs-index",100
"FOTUSKP04570KWPFIBROCIMENTOKITS","https://cdn.yellosolarhub.com/products/kits/FOTUS-KP04-570kWp-Fibrocimento-kits.jpg","https://cdn.yellosolarhub.com/products/kits/FOTUS-KP04-570kWp-Fibrocimento-kits.jpg|FOTUS-KP04-570kWp-Fibrocimento-kits.jpg","imgs-index",100
"FOTUSKP04570KWPMINITRILHOKITS","https://cdn.yellosolarhub.com/products/kits/FOTUS-KP04-570kWp-MiniTrilho-kits.jpg","https://cdn.yellosolarhub.com/products/kits/FOTUS-KP04-570kWp-MiniTrilho-kits.jpg|FOTUS-KP04-570kWp-MiniTrilho-kits.jpg","imgs-index",100
"FOTUSKP02568KWPCERAMICOKITS","https://cdn.yellosolarhub.com/products/kits/FOTUS-KP02-568kWp-Ceramico-kits.jpg","https://cdn.yellosolarhub.com/products/kits/FOTUS-KP02-568kWp-Ceramico-kits.jpg|FOTUS-KP02-568kWp-Ceramico-kits.jpg","imgs-index",100
"FOTUSKP02568KWPFIBROCIMENTOKITS","https://cdn.yellosolarhub.com/products/kits/FOTUS-KP02-568kWp-Fibrocimento-kits.jpg","https://cdn.yellosolarhub.com/products/kits/FOTUS-KP02-568kWp-Fibrocimento-kits.jpg|FOTUS-KP02-568kWp-Fibrocimento-kits.jpg","imgs-index",100
"FOTUSKP02568KWPMINITRILHOKITS","https://cdn.yellosolarhub.com/products/kits/FOTUS-KP02-568kWp-MiniTrilho-kits.jpg","https://cdn.yellosolarhub.com/products/kits/FOTUS-KP02-568kWp-MiniTrilho-kits.jpg|FOTUS-KP02-568kWp-MiniTrilho-kits.jpg","imgs-index",100
"FOTUSKP03568KWPCERAMICOKITS","https://cdn.yellosolarhub.com/products/kits/FOTUS-KP03-568kWp-Ceramico-kits.jpg","https://cdn.yellosolarhub.com/products/kits/FOTUS-KP03-568kWp-Ceramico-kits.jpg|FOTUS-KP03-568kWp-Ceramico-kits.jpg","imgs-index",100
"FOTUSKP03568KWPFIBROCIMENTOKITS","https://cdn.yellosolarhub.com/products/kits/FOTUS-KP03-568kWp-Fibrocimento-kits.jpg","https://cdn.yellosolarhub.com/products/kits/FOTUS-KP03-568kWp-Fibrocimento-kits.jpg|FOTUS-KP03-568kWp-Fibrocimento-kits.jpg","imgs-index",100
"FOTUSKP03568KWPMINITRILHOKITS","https://cdn.yellosolarhub.com/products/kits/FOTUS-KP03-568kWp-MiniTrilho-kits.jpg","https://cdn.yellosolarhub.com/products/kits/FOTUS-KP03-568kWp-MiniTrilho-kits.jpg|FOTUS-KP03-568kWp-MiniTrilho-kits.jpg","imgs-index",100
"FOTUSKP04513KWPCERAMICOKITS","https://cdn.yellosolarhub.com/products/kits/FOTUS-KP04-513kWp-Ceramico-kits.jpg","https://cdn.yellosolarhub.com/products/kits/FOTUS-KP04-513kWp-Ceramico-kits.jpg|FOTUS-KP04-513kWp-Ceramico-kits.jpg","imgs-index",100
"FOTUSKP04513KWPFIBROCIMENTOKITS","https://cdn.yellosolarhub.com/products/kits/FOTUS-KP04-513kWp-Fibrocimento-kits.jpg","https://cdn.yellosolarhub.com/products/kits/FOTUS-KP04-513kWp-Fibrocimento-kits.jpg|FOTUS-KP04-513kWp-Fibrocimento-kits.jpg","imgs-index",100
"FOTUSKP04513KWPMINITRILHOKITS","https://cdn.yellosolarhub.com/products/kits/FOTUS-KP04-513kWp-MiniTrilho-kits.jpg","https://cdn.yellosolarhub.com/products/kits/FOTUS-KP04-513kWp-MiniTrilho-kits.jpg|FOTUS-KP04-513kWp-MiniTrilho-kits.jpg","imgs-index",100
"FOTUSKP02480KWPCERAMICOKITS","https://cdn.yellosolarhub.com/products/kits/FOTUS-KP02-480kWp-Ceramico-kits.jpg","https://cdn.yellosolarhub.com/products/kits/FOTUS-KP02-480kWp-Ceramico-kits.jpg|FOTUS-KP02-480kWp-Ceramico-kits.jpg","imgs-index",100
"FOTUSKP02480KWPFIBROCIMENTOKITS","https://cdn.yellosolarhub.com/products/kits/FOTUS-KP02-480kWp-Fibrocimento-kits.jpg","https://cdn.yellosolarhub.com/products/kits/FOTUS-KP02-480kWp-Fibrocimento-kits.jpg|FOTUS-KP02-480kWp-Fibrocimento-kits.jpg","imgs-index",100
"FOTUSKP02480KWPMINITRILHOKITS","https://cdn.yellosolarhub.com/products/kits/FOTUS-KP02-480kWp-MiniTrilho-kits.jpg","https://cdn.yellosolarhub.com/products/kits/FOTUS-KP02-480kWp-MiniTrilho-kits.jpg|FOTUS-KP02-480kWp-MiniTrilho-kits.jpg","imgs-index",100
"FOTUSKP04480KWPFIBROCIMENTOKITS","https://cdn.yellosolarhub.com/products/kits/FOTUS-KP04-480kWp-Fibrocimento-kits.jpg","https://cdn.yellosolarhub.com/products/kits/FOTUS-KP04-480kWp-Fibrocimento-kits.jpg|FOTUS-KP04-480kWp-Fibrocimento-kits.jpg","imgs-index",100
"FOTUSKP04480KWPMINITRILHOKITS","https://cdn.yellosolarhub.com/products/kits/FOTUS-KP04-480kWp-MiniTrilho-kits.jpg","https://cdn.yellosolarhub.com/products/kits/FOTUS-KP04-480kWp-MiniTrilho-kits.jpg|FOTUS-KP04-480kWp-MiniTrilho-kits.jpg","imgs-index",100
"FOTUSKP04456KWPCERAMICOKITS","https://cdn.yellosolarhub.com/products/kits/FOTUS-KP04-456kWp-Ceramico-kits.jpg","https://cdn.yellosolarhub.com/products/kits/FOTUS-KP04-456kWp-Ceramico-kits.jpg|FOTUS-KP04-456kWp-Ceramico-kits.jpg","imgs-index",100
"FOTUSKP04456KWPFIBROCIMENTOKITS","https://cdn.yellosolarhub.com/products/kits/FOTUS-KP04-456kWp-Fibrocimento-kits.jpg","https://cdn.yellosolarhub.com/products/kits/FOTUS-KP04-456kWp-Fibrocimento-kits.jpg|FOTUS-KP04-456kWp-Fibrocimento-kits.jpg","imgs-index",100
"FOTUSKP04456KWPMINITRILHOKITS","https://cdn.yellosolarhub.com/products/kits/FOTUS-KP04-456kWp-MiniTrilho-kits.jpg","https://cdn.yellosolarhub.com/products/kits/FOTUS-KP04-456kWp-MiniTrilho-kits.jpg|FOTUS-KP04-456kWp-MiniTrilho-kits.jpg","imgs-index",100
"FOTUSKP04360KWPCERAMICOKITSHIBRIDOS","https://cdn.yellosolarhub.com/products/kits/FOTUS-KP04-360kWp-Ceramico-kits-hibridos.jpg","https://cdn.yellosolarhub.com/products/kits/FOTUS-KP04-360kWp-Ceramico-kits-hibridos.jpg|FOTUS-KP04-360kWp-Ceramico-kits-hibridos.jpg","imgs-index",100
"FOTUSKP04360KWPFIBROCIMENTOKITSHIBRIDOS","https://cdn.yellosolarhub.com/products/kits/FOTUS-KP04-360kWp-Fibrocimento-kits-hibridos.jpg","https://cdn.yellosolarhub.com/products/kits/FOTUS-KP04-360kWp-Fibrocimento-kits-hibridos.jpg|FOTUS-KP04-360kWp-Fibrocimento-kits-hibridos.jpg","imgs-index",100
"FOTUSKP04360KWPMINITRILHOKITSHIBRIDOS","https://cdn.yellosolarhub.com/products/kits/FOTUS-KP04-360kWp-MiniTrilho-kits-hibridos.jpg","https://cdn.yellosolarhub.com/products/kits/FOTUS-KP04-360kWp-MiniTrilho-kits-hibridos.jpg|FOTUS-KP04-360kWp-MiniTrilho-kits-hibridos.jpg","imgs-index",100
"FOTUSKP02426KWPCERAMICOKITS","https://cdn.yellosolarhub.com/products/kits/FOTUS-KP02-426kWp-Ceramico-kits.jpg","https://cdn.yellosolarhub.com/products/kits/FOTUS-KP02-426kWp-Ceramico-kits.jpg|FOTUS-KP02-426kWp-Ceramico-kits.jpg","imgs-index",100
"FOTUSKP02426KWPFIBROCIMENTOKITS","https://cdn.yellosolarhub.com/products/kits/FOTUS-KP02-426kWp-Fibrocimento-kits.jpg","https://cdn.yellosolarhub.com/products/kits/FOTUS-KP02-426kWp-Fibrocimento-kits.jpg|FOTUS-KP02-426kWp-Fibrocimento-kits.jpg","imgs-index",100
"FOTUSKP02426KWPMINITRILHOKITS","https://cdn.yellosolarhub.com/products/kits/FOTUS-KP02-426kWp-MiniTrilho-kits.jpg","https://cdn.yellosolarhub.com/products/kits/FOTUS-KP02-426kWp-MiniTrilho-kits.jpg|FOTUS-KP02-426kWp-MiniTrilho-kits.jpg","imgs-index",100
"FOTUSKP03426KWPCERAMICOKITS","https://cdn.yellosolarhub.com/products/kits/FOTUS-KP03-426kWp-Ceramico-kits.jpg","https://cdn.yellosolarhub.com/products/kits/FOTUS-KP03-426kWp-Ceramico-kits.jpg|FOTUS-KP03-426kWp-Ceramico-kits.jpg","imgs-index",100
"FOTUSKP03426KWPFIBROCIMENTOKITS","https://cdn.yellosolarhub.com/products/kits/FOTUS-KP03-426kWp-Fibrocimento-kits.jpg","https://cdn.yellosolarhub.com/products/kits/FOTUS-KP03-426kWp-Fibrocimento-kits.jpg|FOTUS-KP03-426kWp-Fibrocimento-kits.jpg","imgs-index",100
"FOTUSKP03426KWPMINITRILHOKITS","https://cdn.yellosolarhub.com/products/kits/FOTUS-KP03-426kWp-MiniTrilho-kits.jpg","https://cdn.yellosolarhub.com/products/kits/FOTUS-KP03-426kWp-MiniTrilho-kits.jpg|FOTUS-KP03-426kWp-MiniTrilho-kits.jpg","imgs-index",100
"FOTUSKP04399KWPCERAMICOKITS","https://cdn.yellosolarhub.com/products/kits/FOTUS-KP04-399kWp-Ceramico-kits.jpg","https://cdn.yellosolarhub.com/products/kits/FOTUS-KP04-399kWp-Ceramico-kits.jpg|FOTUS-KP04-399kWp-Ceramico-kits.jpg","imgs-index",100
"FOTUSKP04399KWPFIBROCIMENTOKITS","https://cdn.yellosolarhub.com/products/kits/FOTUS-KP04-399kWp-Fibrocimento-kits.jpg","https://cdn.yellosolarhub.com/products/kits/FOTUS-KP04-399kWp-Fibrocimento-kits.jpg|FOTUS-KP04-399kWp-Fibrocimento-kits.jpg","imgs-index",100
"FOTUSKP04399KWPMINITRILHOKITS","https://cdn.yellosolarhub.com/products/kits/FOTUS-KP04-399kWp-MiniTrilho-kits.jpg","https://cdn.yellosolarhub.com/products/kits/FOTUS-KP04-399kWp-MiniTrilho-kits.jpg|FOTUS-KP04-399kWp-MiniTrilho-kits.jpg","imgs-index",100
"FOTUSKP02360KWPFIBROCIMENTOKITS","https://cdn.yellosolarhub.com/products/kits/FOTUS-KP02-360kWp-Fibrocimento-kits.jpg","https://cdn.yellosolarhub.com/products/kits/FOTUS-KP02-360kWp-Fibrocimento-kits.jpg|FOTUS-KP02-360kWp-Fibrocimento-kits.jpg","imgs-index",100
"FOTUSKP02360KWPMINITRILHOKITS","https://cdn.yellosolarhub.com/products/kits/FOTUS-KP02-360kWp-MiniTrilho-kits.jpg","https://cdn.yellosolarhub.com/products/kits/FOTUS-KP02-360kWp-MiniTrilho-kits.jpg|FOTUS-KP02-360kWp-MiniTrilho-kits.jpg","imgs-index",100
"FOTUSKP04360KWPCERAMICOKITS","https://cdn.yellosolarhub.com/products/kits/FOTUS-KP04-360kWp-Ceramico-kits.jpg","https://cdn.yellosolarhub.com/products/kits/FOTUS-KP04-360kWp-Ceramico-kits.jpg|FOTUS-KP04-360kWp-Ceramico-kits.jpg","imgs-index",100
"FOTUSKP04360KWPFIBROCIMENTOKITS","https://cdn.yellosolarhub.com/products/kits/FOTUS-KP04-360kWp-Fibrocimento-kits.jpg","https://cdn.yellosolarhub.com/products/kits/FOTUS-KP04-360kWp-Fibrocimento-kits.jpg|FOTUS-KP04-360kWp-Fibrocimento-kits.jpg","imgs-index",100
"FOTUSKP04360KWPMINITRILHOKITS","https://cdn.yellosolarhub.com/products/kits/FOTUS-KP04-360kWp-MiniTrilho-kits.jpg","https://cdn.yellosolarhub.com/products/kits/FOTUS-KP04-360kWp-MiniTrilho-kits.jpg|FOTUS-KP04-360kWp-MiniTrilho-kits.jpg","imgs-index",100
"FOTUSKP04342KWPCERAMICOKITS","https://cdn.yellosolarhub.com/products/kits/FOTUS-KP04-342kWp-Ceramico-kits.jpg","https://cdn.yellosolarhub.com/products/kits/FOTUS-KP04-342kWp-Ceramico-kits.jpg|FOTUS-KP04-342kWp-Ceramico-kits.jpg","imgs-index",100
"FOTUSKP04342KWPFIBROCIMENTOKITS","https://cdn.yellosolarhub.com/products/kits/FOTUS-KP04-342kWp-Fibrocimento-kits.jpg","https://cdn.yellosolarhub.com/products/kits/FOTUS-KP04-342kWp-Fibrocimento-kits.jpg|FOTUS-KP04-342kWp-Fibrocimento-kits.jpg","imgs-index",100
"FOTUSKP04342KWPMINITRILHOKITS","https://cdn.yellosolarhub.com/products/kits/FOTUS-KP04-342kWp-MiniTrilho-kits.jpg","https://cdn.yellosolarhub.com/products/kits/FOTUS-KP04-342kWp-MiniTrilho-kits.jpg|FOTUS-KP04-342kWp-MiniTrilho-kits.jpg","imgs-index",100
"FOTUSKP04240KWPCERAMICOKITSHIBRIDOS","https://cdn.yellosolarhub.com/products/kits/FOTUS-KP04-240kWp-Ceramico-kits-hibridos.jpg","https://cdn.yellosolarhub.com/products/kits/FOTUS-KP04-240kWp-Ceramico-kits-hibridos.jpg|FOTUS-KP04-240kWp-Ceramico-kits-hibridos.jpg","imgs-index",100
"FOTUSKP04240KWPFIBROCIMENTOKITSHIBRIDOS","https://cdn.yellosolarhub.com/products/kits/FOTUS-KP04-240kWp-Fibrocimento-kits-hibridos.jpg","https://cdn.yellosolarhub.com/products/kits/FOTUS-KP04-240kWp-Fibrocimento-kits-hibridos.jpg|FOTUS-KP04-240kWp-Fibrocimento-kits-hibridos.jpg","imgs-index",100
"FOTUSKP04240KWPMINITRILHOKITSHIBRIDOS","https://cdn.yellosolarhub.com/products/kits/FOTUS-KP04-240kWp-MiniTrilho-kits-hibridos.jpg","https://cdn.yellosolarhub.com/products/kits/FOTUS-KP04-240kWp-MiniTrilho-kits-hibridos.jpg|FOTUS-KP04-240kWp-MiniTrilho-kits-hibridos.jpg","imgs-index",100
"FOTUSKP02284KWPCERAMICOKITS","https://cdn.yellosolarhub.com/products/kits/FOTUS-KP02-284kWp-Ceramico-kits.jpg","https://cdn.yellosolarhub.com/products/kits/FOTUS-KP02-284kWp-Ceramico-kits.jpg|FOTUS-KP02-284kWp-Ceramico-kits.jpg","imgs-index",100
"FOTUSKP02284KWPFIBROCIMENTOKITS","https://cdn.yellosolarhub.com/products/kits/FOTUS-KP02-284kWp-Fibrocimento-kits.jpg","https://cdn.yellosolarhub.com/products/kits/FOTUS-KP02-284kWp-Fibrocimento-kits.jpg|FOTUS-KP02-284kWp-Fibrocimento-kits.jpg","imgs-index",100
"FOTUSKP02284KWPMINITRILHOKITS","https://cdn.yellosolarhub.com/products/kits/FOTUS-KP02-284kWp-MiniTrilho-kits.jpg","https://cdn.yellosolarhub.com/products/kits/FOTUS-KP02-284kWp-MiniTrilho-kits.jpg|FOTUS-KP02-284kWp-MiniTrilho-kits.jpg","imgs-index",100
"FOTUSKP03284KWPCERAMICOKITS","https://cdn.yellosolarhub.com/products/kits/FOTUS-KP03-284kWp-Ceramico-kits.jpg","https://cdn.yellosolarhub.com/products/kits/FOTUS-KP03-284kWp-Ceramico-kits.jpg|FOTUS-KP03-284kWp-Ceramico-kits.jpg","imgs-index",100
"FOTUSKP03284KWPFIBROCIMENTOKITS","https://cdn.yellosolarhub.com/products/kits/FOTUS-KP03-284kWp-Fibrocimento-kits.jpg","https://cdn.yellosolarhub.com/products/kits/FOTUS-KP03-284kWp-Fibrocimento-kits.jpg|FOTUS-KP03-284kWp-Fibrocimento-kits.jpg","imgs-index",100
"FOTUSKP03284KWPMINITRILHOKITS","https://cdn.yellosolarhub.com/products/kits/FOTUS-KP03-284kWp-MiniTrilho-kits.jpg","https://cdn.yellosolarhub.com/products/kits/FOTUS-KP03-284kWp-MiniTrilho-kits.jpg|FOTUS-KP03-284kWp-MiniTrilho-kits.jpg","imgs-index",100
"FOTUSKP02240KWPCERAMICOKITS","https://cdn.yellosolarhub.com/products/kits/FOTUS-KP02-240kWp-Ceramico-kits.jpg","https://cdn.yellosolarhub.com/products/kits/FOTUS-KP02-240kWp-Ceramico-kits.jpg|FOTUS-KP02-240kWp-Ceramico-kits.jpg","imgs-index",100
"FOTUSKP04240KWPCERAMICOKITS","https://cdn.yellosolarhub.com/products/kits/FOTUS-KP04-240kWp-Ceramico-kits.jpg","https://cdn.yellosolarhub.com/products/kits/FOTUS-KP04-240kWp-Ceramico-kits.jpg|FOTUS-KP04-240kWp-Ceramico-kits.jpg","imgs-index",100
"FOTUSKP04240KWPFIBROCIMENTOKITS","https://cdn.yellosolarhub.com/products/kits/FOTUS-KP04-240kWp-Fibrocimento-kits.jpg","https://cdn.yellosolarhub.com/products/kits/FOTUS-KP04-240kWp-Fibrocimento-kits.jpg|FOTUS-KP04-240kWp-Fibrocimento-kits.jpg","imgs-index",100
"FOTUSKP04240KWPMINITRILHOKITS","https://cdn.yellosolarhub.com/products/kits/FOTUS-KP04-240kWp-MiniTrilho-kits.jpg","https://cdn.yellosolarhub.com/products/kits/FOTUS-KP04-240kWp-MiniTrilho-kits.jpg|FOTUS-KP04-240kWp-MiniTrilho-kits.jpg","imgs-index",100
"FOTUSKP04228KWPCERAMICOKITS","https://cdn.yellosolarhub.com/products/kits/FOTUS-KP04-228kWp-Ceramico-kits.jpg","https://cdn.yellosolarhub.com/products/kits/FOTUS-KP04-228kWp-Ceramico-kits.jpg|FOTUS-KP04-228kWp-Ceramico-kits.jpg","imgs-index",100
"FOTUSKP04228KWPFIBROCIMENTOKITS","https://cdn.yellosolarhub.com/products/kits/FOTUS-KP04-228kWp-Fibrocimento-kits.jpg","https://cdn.yellosolarhub.com/products/kits/FOTUS-KP04-228kWp-Fibrocimento-kits.jpg|FOTUS-KP04-228kWp-Fibrocimento-kits.jpg","imgs-index",100
"FOTUSKP04228KWPMINITRILHOKITS","https://cdn.yellosolarhub.com/products/kits/FOTUS-KP04-228kWp-MiniTrilho-kits.jpg","https://cdn.yellosolarhub.com/products/kits/FOTUS-KP04-228kWp-MiniTrilho-kits.jpg|FOTUS-KP04-228kWp-MiniTrilho-kits.jpg","imgs-index",100
"FOTUSKP04120KWPCERAMICOKITSHIBRIDOS","https://cdn.yellosolarhub.com/products/kits/FOTUS-KP04-120kWp-Ceramico-kits-hibridos.jpg","https://cdn.yellosolarhub.com/products/kits/FOTUS-KP04-120kWp-Ceramico-kits-hibridos.jpg|FOTUS-KP04-120kWp-Ceramico-kits-hibridos.jpg","imgs-index",100
"FOTUSKP04120KWPFIBROCIMENTOKITSHIBRIDOS","https://cdn.yellosolarhub.com/products/kits/FOTUS-KP04-120kWp-Fibrocimento-kits-hibridos.jpg","https://cdn.yellosolarhub.com/products/kits/FOTUS-KP04-120kWp-Fibrocimento-kits-hibridos.jpg|FOTUS-KP04-120kWp-Fibrocimento-kits-hibridos.jpg","imgs-index",100
"FOTUSKP04120KWPMINITRILHOKITSHIBRIDOS","https://cdn.yellosolarhub.com/products/kits/FOTUS-KP04-120kWp-MiniTrilho-kits-hibridos.jpg","https://cdn.yellosolarhub.com/products/kits/FOTUS-KP04-120kWp-MiniTrilho-kits-hibridos.jpg|FOTUS-KP04-120kWp-MiniTrilho-kits-hibridos.jpg","imgs-index",100
"FOTUSKP02142KWPCERAMICOKITS","https://cdn.yellosolarhub.com/products/kits/FOTUS-KP02-142kWp-Ceramico-kits.jpg","https://cdn.yellosolarhub.com/products/kits/FOTUS-KP02-142kWp-Ceramico-kits.jpg|FOTUS-KP02-142kWp-Ceramico-kits.jpg","imgs-index",100
"FOTUSKP02142KWPFIBROCIMENTOKITS","https://cdn.yellosolarhub.com/products/kits/FOTUS-KP02-142kWp-Fibrocimento-kits.jpg","https://cdn.yellosolarhub.com/products/kits/FOTUS-KP02-142kWp-Fibrocimento-kits.jpg|FOTUS-KP02-142kWp-Fibrocimento-kits.jpg","imgs-index",100
"FOTUSKP02142KWPMINITRILHOKITS","https://cdn.yellosolarhub.com/products/kits/FOTUS-KP02-142kWp-MiniTrilho-kits.jpg","https://cdn.yellosolarhub.com/products/kits/FOTUS-KP02-142kWp-MiniTrilho-kits.jpg|FOTUS-KP02-142kWp-MiniTrilho-kits.jpg","imgs-index",100
"FOTUSKP03142KWPCERAMICOKITS","https://cdn.yellosolarhub.com/products/kits/FOTUS-KP03-142kWp-Ceramico-kits.jpg","https://cdn.yellosolarhub.com/products/kits/FOTUS-KP03-142kWp-Ceramico-kits.jpg|FOTUS-KP03-142kWp-Ceramico-kits.jpg","imgs-index",100
"FOTUSKP03142KWPFIBROCIMENTOKITS","https://cdn.yellosolarhub.com/products/kits/FOTUS-KP03-142kWp-Fibrocimento-kits.jpg","https://cdn.yellosolarhub.com/products/kits/FOTUS-KP03-142kWp-Fibrocimento-kits.jpg|FOTUS-KP03-142kWp-Fibrocimento-kits.jpg","imgs-index",100
"FOTUSKP03142KWPMINITRILHOKITS","https://cdn.yellosolarhub.com/products/kits/FOTUS-KP03-142kWp-MiniTrilho-kits.jpg","https://cdn.yellosolarhub.com/products/kits/FOTUS-KP03-142kWp-MiniTrilho-kits.jpg|FOTUS-KP03-142kWp-MiniTrilho-kits.jpg","imgs-index",100
"FOTUSKP02120KWPCERAMICOKITS","https://cdn.yellosolarhub.com/products/kits/FOTUS-KP02-120kWp-Ceramico-kits.jpg","https://cdn.yellosolarhub.com/products/kits/FOTUS-KP02-120kWp-Ceramico-kits.jpg|FOTUS-KP02-120kWp-Ceramico-kits.jpg","imgs-index",100
"FOTUSKP02120KWPFIBROCIMENTOKITS","https://cdn.yellosolarhub.com/products/kits/FOTUS-KP02-120kWp-Fibrocimento-kits.jpg","https://cdn.yellosolarhub.com/products/kits/FOTUS-KP02-120kWp-Fibrocimento-kits.jpg|FOTUS-KP02-120kWp-Fibrocimento-kits.jpg","imgs-index",100
"FOTUSKP04120KWPCERAMICOKITS","https://cdn.yellosolarhub.com/products/kits/FOTUS-KP04-120kWp-Ceramico-kits.jpg","https://cdn.yellosolarhub.com/products/kits/FOTUS-KP04-120kWp-Ceramico-kits.jpg|FOTUS-KP04-120kWp-Ceramico-kits.jpg","imgs-index",100
"FOTUSKP04120KWPFIBROCIMENTOKITS","https://cdn.yellosolarhub.com/products/kits/FOTUS-KP04-120kWp-Fibrocimento-kits.jpg","https://cdn.yellosolarhub.com/products/kits/FOTUS-KP04-120kWp-Fibrocimento-kits.jpg|FOTUS-KP04-120kWp-Fibrocimento-kits.jpg","imgs-index",100
"FOTUSKP04120KWPMINITRILHOKITS","https://cdn.yellosolarhub.com/products/kits/FOTUS-KP04-120kWp-MiniTrilho-kits.jpg","https://cdn.yellosolarhub.com/products/kits/FOTUS-KP04-120kWp-MiniTrilho-kits.jpg|FOTUS-KP04-120kWp-MiniTrilho-kits.jpg","imgs-index",100
"FOTUSKP04114KWPCERAMICOKITS","https://cdn.yellosolarhub.com/products/kits/FOTUS-KP04-114kWp-Ceramico-kits.jpg","https://cdn.yellosolarhub.com/products/kits/FOTUS-KP04-114kWp-Ceramico-kits.jpg|FOTUS-KP04-114kWp-Ceramico-kits.jpg","imgs-index",100
"FOTUSKP04114KWPFIBROCIMENTOKITS","https://cdn.yellosolarhub.com/products/kits/FOTUS-KP04-114kWp-Fibrocimento-kits.jpg","https://cdn.yellosolarhub.com/products/kits/FOTUS-KP04-114kWp-Fibrocimento-kits.jpg|FOTUS-KP04-114kWp-Fibrocimento-kits.jpg","imgs-index",100
"FOTUSKP04114KWPMINITRILHOKITS","https://cdn.yellosolarhub.com/products/kits/FOTUS-KP04-114kWp-MiniTrilho-kits.jpg","https://cdn.yellosolarhub.com/products/kits/FOTUS-KP04-114kWp-MiniTrilho-kits.jpg|FOTUS-KP04-114kWp-MiniTrilho-kits.jpg","imgs-index",100
"GOODWEGW250KHTIMAGEPRODUCT600142","https://cdn.yellosolarhub.com/products/inversores/GOODWE-GW250K-HT_IMAGE_PRODUCT_600142.png","https://cdn.yellosolarhub.com/products/inversores/GOODWE-GW250K-HT_IMAGE_PRODUCT_600142.png|GOODWE-GW250K-HT_IMAGE_PRODUCT_600142.png","imgs-index",100
"GOODWEGW250KHUTIMAGEPRODUCT600344","https://cdn.yellosolarhub.com/products/inversores/GOODWE-GW250KH-UT_IMAGE_PRODUCT_600344.png","https://cdn.yellosolarhub.com/products/inversores/GOODWE-GW250KH-UT_IMAGE_PRODUCT_600344.png|GOODWE-GW250KH-UT_IMAGE_PRODUCT_600344.png","imgs-index",100
"GOODWEGW250KNHTIMAGE","https://cdn.yellosolarhub.com/products/inversores/GOODWE-GW250KN-HT_image.png","https://cdn.yellosolarhub.com/products/inversores/GOODWE-GW250KN-HT_image.png|GOODWE-GW250KN-HT_image.png","imgs-index",100
"GOODWEGW110KHTIMAGEPRODUCT600023","https://cdn.yellosolarhub.com/products/inversores/GOODWE-GW 110K-HT_IMAGE_PRODUCT_600023.png","https://cdn.yellosolarhub.com/products/inversores/GOODWE-GW 110K-HT_IMAGE_PRODUCT_600023.png|GOODWE-GW 110K-HT_IMAGE_PRODUCT_600023.png","imgs-index",100
"GOODWEGW100KHTIMAGEPRODUCT600066","https://cdn.yellosolarhub.com/products/inversores/GOODWE-GW 100K-HT_IMAGE_PRODUCT_600066.png","https://cdn.yellosolarhub.com/products/inversores/GOODWE-GW 100K-HT_IMAGE_PRODUCT_600066.png|GOODWE-GW 100K-HT_IMAGE_PRODUCT_600066.png","imgs-index",100
"GOODWEGW100KGTAFCIIMAGEPRODUCT600342","https://cdn.yellosolarhub.com/products/inversores/GOODWE-GW100K-GT - AFCI_IMAGE_PRODUCT_600342.jpg","https://cdn.yellosolarhub.com/products/inversores/GOODWE-GW100K-GT - AFCI_IMAGE_PRODUCT_600342.jpg|GOODWE-GW100K-GT - AFCI_IMAGE_PRODUCT_600342.jpg","imgs-index",100
"GOODWEGW100KHTIMAGEPRODUCT600126","https://cdn.yellosolarhub.com/products/inversores/GOODWE-GW100K-HT_IMAGE_PRODUCT_600126.png","https://cdn.yellosolarhub.com/products/inversores/GOODWE-GW100K-HT_IMAGE_PRODUCT_600126.png|GOODWE-GW100K-HT_IMAGE_PRODUCT_600126.png","imgs-index",100
"GOODWEGW75KSMTAFCIIMAGEPRODUCT600328","https://cdn.yellosolarhub.com/products/inversores/GOODWE-GW75K-SMT - AFCI_IMAGE_PRODUCT_600328.png","https://cdn.yellosolarhub.com/products/inversores/GOODWE-GW75K-SMT - AFCI_IMAGE_PRODUCT_600328.png|GOODWE-GW75K-SMT - AFCI_IMAGE_PRODUCT_600328.png","imgs-index",100
"GOODWEGW73KLVHTAFCIIMAGE","https://cdn.yellosolarhub.com/products/inversores/GOODWE-GW 73KLV-HT - AFCI_image.png","https://cdn.yellosolarhub.com/products/inversores/GOODWE-GW 73KLV-HT - AFCI_image.png|GOODWE-GW 73KLV-HT - AFCI_image.png","imgs-index",100
"DEYESUN75KG01P3LVIMAGE","https://cdn.yellosolarhub.com/products/inversores/DEYE-SUN-75K-G01P3-LV_image.png","https://cdn.yellosolarhub.com/products/inversores/DEYE-SUN-75K-G01P3-LV_image.png|DEYE-SUN-75K-G01P3-LV_image.png","imgs-index",100
"GOODWEGW60KSMTAFCIIMAGE","https://cdn.yellosolarhub.com/products/inversores/GOODWE-GW 60KS-MT - AFCI_image.png","https://cdn.yellosolarhub.com/products/inversores/GOODWE-GW 60KS-MT - AFCI_image.png|GOODWE-GW 60KS-MT - AFCI_image.png","imgs-index",100
"GOODWEGW60KSMTIMAGE","https://cdn.yellosolarhub.com/products/inversores/GOODWE-GW 60KS-MT_image.png","https://cdn.yellosolarhub.com/products/inversores/GOODWE-GW 60KS-MT_image.png|GOODWE-GW 60KS-MT_image.png","imgs-index",100
"GOODWEGW50KSMTAFCIIMAGE","https://cdn.yellosolarhub.com/products/inversores/GOODWE-GW 50KS-MT - AFCI_image.png","https://cdn.yellosolarhub.com/products/inversores/GOODWE-GW 50KS-MT - AFCI_image.png|GOODWE-GW 50KS-MT - AFCI_image.png","imgs-index",100
"GOODWEGW37K5SDTBR30AFCIIMAGEPRODUCT600350","https://cdn.yellosolarhub.com/products/inversores/GOODWE-GW37K5-SDT-BR30 - AFCI_IMAGE_PRODUCT_600350.jpg","https://cdn.yellosolarhub.com/products/inversores/GOODWE-GW37K5-SDT-BR30 - AFCI_IMAGE_PRODUCT_600350.jpg|GOODWE-GW37K5-SDT-BR30 - AFCI_IMAGE_PRODUCT_600350.jpg","imgs-index",100
"GOODWEGW36KMTAFCIIMAGE","https://cdn.yellosolarhub.com/products/inversores/GOODWE-GW 36K-MT - AFCI_image.jpeg","https://cdn.yellosolarhub.com/products/inversores/GOODWE-GW 36K-MT - AFCI_image.jpeg|GOODWE-GW 36K-MT - AFCI_image.jpeg","imgs-index",100
"GOODWEGW35KLSMTAFCIIMAGE","https://cdn.yellosolarhub.com/products/inversores/GOODWE-GW 35KLS-MT - AFCI_image.png","https://cdn.yellosolarhub.com/products/inversores/GOODWE-GW 35KLS-MT - AFCI_image.png|GOODWE-GW 35KLS-MT - AFCI_image.png","imgs-index",100
"GOODWEGW35KLSMTIMAGEPRODUCT600109","https://cdn.yellosolarhub.com/products/inversores/GOODWE-GW 35KLS-MT_IMAGE_PRODUCT_600109.png","https://cdn.yellosolarhub.com/products/inversores/GOODWE-GW 35KLS-MT_IMAGE_PRODUCT_600109.png|GOODWE-GW 35KLS-MT_IMAGE_PRODUCT_600109.png","imgs-index",100
"DEYESUN35KG02LVIMAGE","https://cdn.yellosolarhub.com/products/inversores/DEYE-SUN-35K-G02-LV_image.jpeg","https://cdn.yellosolarhub.com/products/inversores/DEYE-SUN-35K-G02-LV_image.jpeg|DEYE-SUN-35K-G02-LV_image.jpeg","imgs-index",100
"GOODWEGW30KSDTC30AFCIIMAGE","https://cdn.yellosolarhub.com/products/inversores/GOODWE-GW 30K-SDT-C30 - AFCI_image.png","https://cdn.yellosolarhub.com/products/inversores/GOODWE-GW 30K-SDT-C30 - AFCI_image.png|GOODWE-GW 30K-SDT-C30 - AFCI_image.png","imgs-index",100
"GOODWEGW30KLSMTAFCIREDIMAGEPRODUCT600483","https://cdn.yellosolarhub.com/products/inversores/GOODWE-GW 30KLS-MT - AFCI RED_IMAGE_PRODUCT_600483.png","https://cdn.yellosolarhub.com/products/inversores/GOODWE-GW 30KLS-MT - AFCI RED_IMAGE_PRODUCT_600483.png|GOODWE-GW 30KLS-MT - AFCI RED_IMAGE_PRODUCT_600483.png","imgs-index",100
"GOODWEGW30KLSMTAFCIIMAGEPRODUCT600268","https://cdn.yellosolarhub.com/products/inversores/GOODWE-GW 30KLS-MT - AFCI_IMAGE_PRODUCT_600268.png","https://cdn.yellosolarhub.com/products/inversores/GOODWE-GW 30KLS-MT - AFCI_IMAGE_PRODUCT_600268.png|GOODWE-GW 30KLS-MT - AFCI_IMAGE_PRODUCT_600268.png","imgs-index",100
"GOODWEGW30KETAFCIIMAGEPRODUCT600150","https://cdn.yellosolarhub.com/products/inversores/GOODWE-GW30K-ET - AFCI_IMAGE_PRODUCT_600150.png","https://cdn.yellosolarhub.com/products/inversores/GOODWE-GW30K-ET - AFCI_IMAGE_PRODUCT_600150.png|GOODWE-GW30K-ET - AFCI_IMAGE_PRODUCT_600150.png","imgs-index",100
"HUAWEISUN200010KLC0AFCIIMAGEPRODUCT600386","https://cdn.yellosolarhub.com/products/inversores/HUAWEI-SUN2000-10K-LC0 - AFCI_IMAGE_PRODUCT_600386.png","https://cdn.yellosolarhub.com/products/inversores/HUAWEI-SUN2000-10K-LC0 - AFCI_IMAGE_PRODUCT_600386.png|HUAWEI-SUN2000-10K-LC0 - AFCI_IMAGE_PRODUCT_600386.png","imgs-index",100
"HUAWEISUN200012KMB0AFCIIMAGEPRODUCT600387","https://cdn.yellosolarhub.com/products/inversores/HUAWEI-SUN2000-12K-MB0 - AFCI_IMAGE_PRODUCT_600387.png","https://cdn.yellosolarhub.com/products/inversores/HUAWEI-SUN2000-12K-MB0 - AFCI_IMAGE_PRODUCT_600387.png|HUAWEI-SUN2000-12K-MB0 - AFCI_IMAGE_PRODUCT_600387.png","imgs-index",100
"HUAWEISUN200015KMB0AFCIIMAGEPRODUCT600388","https://cdn.yellosolarhub.com/products/inversores/HUAWEI-SUN2000-15K-MB0 - AFCI_IMAGE_PRODUCT_600388.png","https://cdn.yellosolarhub.com/products/inversores/HUAWEI-SUN2000-15K-MB0 - AFCI_IMAGE_PRODUCT_600388.png|HUAWEI-SUN2000-15K-MB0 - AFCI_IMAGE_PRODUCT_600388.png","imgs-index",100
"HUAWEISUN20003KTLL1AFCIIMAGEPRODUCT600382","https://cdn.yellosolarhub.com/products/inversores/HUAWEI-SUN2000-3KTL-L1 - AFCI_IMAGE_PRODUCT_600382.png","https://cdn.yellosolarhub.com/products/inversores/HUAWEI-SUN2000-3KTL-L1 - AFCI_IMAGE_PRODUCT_600382.png|HUAWEI-SUN2000-3KTL-L1 - AFCI_IMAGE_PRODUCT_600382.png","imgs-index",100
"HUAWEISUN20004KTLL1AFCIIMAGEPRODUCT600423","https://cdn.yellosolarhub.com/products/inversores/HUAWEI-SUN2000-4KTL-L1 - AFCI_IMAGE_PRODUCT_600423.png","https://cdn.yellosolarhub.com/products/inversores/HUAWEI-SUN2000-4KTL-L1 - AFCI_IMAGE_PRODUCT_600423.png|HUAWEI-SUN2000-4KTL-L1 - AFCI_IMAGE_PRODUCT_600423.png","imgs-index",100
"GOODWEGW25KSDTP31AFCICRSDIMAGEPRODUCT600452","https://cdn.yellosolarhub.com/products/inversores/GOODWE-GW25K-SDT-P31 - AFCI C- RSD_IMAGE_PRODUCT_600452.png","https://cdn.yellosolarhub.com/products/inversores/GOODWE-GW25K-SDT-P31 - AFCI C- RSD_IMAGE_PRODUCT_600452.png|GOODWE-GW25K-SDT-P31 - AFCI C- RSD_IMAGE_PRODUCT_600452.png","imgs-index",100
"GOODWEGW25KSDTP31AFCIIMAGEPRODUCT600404","https://cdn.yellosolarhub.com/products/inversores/GOODWE-GW25K-SDT-P31 - AFCI_IMAGE_PRODUCT_600404.png","https://cdn.yellosolarhub.com/products/inversores/GOODWE-GW25K-SDT-P31 - AFCI_IMAGE_PRODUCT_600404.png|GOODWE-GW25K-SDT-P31 - AFCI_IMAGE_PRODUCT_600404.png","imgs-index",100
"SOFAR25KTLXG3LVAFCIIMAGEPRODUCT600381","https://cdn.yellosolarhub.com/products/inversores/SOFAR-25KTLX-G3-LV - AFCI_IMAGE_PRODUCT_600381.png","https://cdn.yellosolarhub.com/products/inversores/SOFAR-25KTLX-G3-LV - AFCI_IMAGE_PRODUCT_600381.png|SOFAR-25KTLX-G3-LV - AFCI_IMAGE_PRODUCT_600381.png","imgs-index",100
"DEYESUN25KG02LVIMAGE","https://cdn.yellosolarhub.com/products/inversores/DEYE-SUN-25K-G02-LV_image.png","https://cdn.yellosolarhub.com/products/inversores/DEYE-SUN-25K-G02-LV_image.png|DEYE-SUN-25K-G02-LV_image.png","imgs-index",100
"GOODWEGW23KLVSDTBR30AFCIIMAGEPRODUCT600352","https://cdn.yellosolarhub.com/products/inversores/GOODWE-GW23KLV-SDT-BR30 - AFCI_IMAGE_PRODUCT_600352.jpg","https://cdn.yellosolarhub.com/products/inversores/GOODWE-GW23KLV-SDT-BR30 - AFCI_IMAGE_PRODUCT_600352.jpg|GOODWE-GW23KLV-SDT-BR30 - AFCI_IMAGE_PRODUCT_600352.jpg","imgs-index",100
"ODEXODEXINVSAJ25000W","https://cdn.yellosolarhub.com/products/inversores/ODEX-ODEX-INV-SAJ-25000W.jpg","https://cdn.yellosolarhub.com/products/inversores/ODEX-ODEX-INV-SAJ-25000W.jpg|ODEX-ODEX-INV-SAJ-25000W.jpg","imgs-index",100
"GOODWEGW20KLVMTAFCIIMAGE","https://cdn.yellosolarhub.com/products/inversores/GOODWE-GW 20KLV-MT - AFCI_image.png","https://cdn.yellosolarhub.com/products/inversores/GOODWE-GW 20KLV-MT - AFCI_image.png|GOODWE-GW 20KLV-MT - AFCI_image.png","imgs-index",100
"GOODWEGW20KETAFCIIMAGEPRODUCT600149","https://cdn.yellosolarhub.com/products/inversores/GOODWE-GW20K-ET - AFCI_IMAGE_PRODUCT_600149.png","https://cdn.yellosolarhub.com/products/inversores/GOODWE-GW20K-ET - AFCI_IMAGE_PRODUCT_600149.png|GOODWE-GW20K-ET - AFCI_IMAGE_PRODUCT_600149.png","imgs-index",100
"GOODWEGW20KSDT31AFCICRSDIMAGEPRODUCT600453","https://cdn.yellosolarhub.com/products/inversores/GOODWE-GW20K-SDT-31 - AFCI C- RSD_IMAGE_PRODUCT_600453.png","https://cdn.yellosolarhub.com/products/inversores/GOODWE-GW20K-SDT-31 - AFCI C- RSD_IMAGE_PRODUCT_600453.png|GOODWE-GW20K-SDT-31 - AFCI C- RSD_IMAGE_PRODUCT_600453.png","imgs-index",100
"ODEXODEXINVSAJ20000W","https://cdn.yellosolarhub.com/products/inversores/ODEX-ODEX-INV-SAJ-20000W.jpg","https://cdn.yellosolarhub.com/products/inversores/ODEX-ODEX-INV-SAJ-20000W.jpg|ODEX-ODEX-INV-SAJ-20000W.jpg","imgs-index",100
"GOODWEGW17KLVSDTC30AFCIIMAGEPRODUCT600275","https://cdn.yellosolarhub.com/products/inversores/GOODWE-GW17KLV-SDT-C30 - AFCI_IMAGE_PRODUCT_600275.png","https://cdn.yellosolarhub.com/products/inversores/GOODWE-GW17KLV-SDT-C30 - AFCI_IMAGE_PRODUCT_600275.png|GOODWE-GW17KLV-SDT-C30 - AFCI_IMAGE_PRODUCT_600275.png","imgs-index",100
"GROWATTMAC36KTL3XLAFCIIMAGEPRODUCT600303","https://cdn.yellosolarhub.com/products/inversores/GROWATT-MAC 36KTL3-XL - AFCI_IMAGE_PRODUCT_600303.png","https://cdn.yellosolarhub.com/products/inversores/GROWATT-MAC 36KTL3-XL - AFCI_IMAGE_PRODUCT_600303.png|GROWATT-MAC 36KTL3-XL - AFCI_IMAGE_PRODUCT_600303.png","imgs-index",100
"GROWATTMAX50KTL3XL2AFCIIMAGEPRODUCT600305","https://cdn.yellosolarhub.com/products/inversores/GROWATT-MAX 50KTL3-XL2 - AFCI_IMAGE_PRODUCT_600305.png","https://cdn.yellosolarhub.com/products/inversores/GROWATT-MAX 50KTL3-XL2 - AFCI_IMAGE_PRODUCT_600305.png|GROWATT-MAX 50KTL3-XL2 - AFCI_IMAGE_PRODUCT_600305.png","imgs-index",100
"GROWATTMAX50KTL3XL2IMAGE","https://cdn.yellosolarhub.com/products/inversores/GROWATT-MAX 50KTL3-XL2_image.webp","https://cdn.yellosolarhub.com/products/inversores/GROWATT-MAX 50KTL3-XL2_image.webp|GROWATT-MAX 50KTL3-XL2_image.webp","imgs-index",100
"GROWATTMAX60KTL3XL2IMAGE","https://cdn.yellosolarhub.com/products/inversores/GROWATT-MAX60KTL3-XL 2_image.webp","https://cdn.yellosolarhub.com/products/inversores/GROWATT-MAX60KTL3-XL 2_image.webp|GROWATT-MAX60KTL3-XL 2_image.webp","imgs-index",100
"GROWATTMID20KTL3XL2AFCIIMAGEPRODUCT600308","https://cdn.yellosolarhub.com/products/inversores/GROWATT-MID 20KTL3 XL2 - AFCI_IMAGE_PRODUCT_600308.png","https://cdn.yellosolarhub.com/products/inversores/GROWATT-MID 20KTL3 XL2 - AFCI_IMAGE_PRODUCT_600308.png|GROWATT-MID 20KTL3 XL2 - AFCI_IMAGE_PRODUCT_600308.png","imgs-index",100
"GROWATTMID50KTL3X2AFCIIMAGEPRODUCT600314","https://cdn.yellosolarhub.com/products/inversores/GROWATT-MID 50KTL3-X2 - AFCI_IMAGE_PRODUCT_600314.png","https://cdn.yellosolarhub.com/products/inversores/GROWATT-MID 50KTL3-X2 - AFCI_IMAGE_PRODUCT_600314.png|GROWATT-MID 50KTL3-X2 - AFCI_IMAGE_PRODUCT_600314.png","imgs-index",100
"ODEXODEXINVGROWATT100000W","https://cdn.yellosolarhub.com/products/inversores/ODEX-ODEX-INV-GROWATT-100000W.jpg","https://cdn.yellosolarhub.com/products/inversores/ODEX-ODEX-INV-GROWATT-100000W.jpg|ODEX-ODEX-INV-GROWATT-100000W.jpg","imgs-index",100
"ODEXODEXINVGROWATT10000W1","https://cdn.yellosolarhub.com/products/inversores/ODEX-ODEX-INV-GROWATT-10000W-1.jpg","https://cdn.yellosolarhub.com/products/inversores/ODEX-ODEX-INV-GROWATT-10000W-1.jpg|ODEX-ODEX-INV-GROWATT-10000W-1.jpg","imgs-index",100
"ODEXODEXINVGROWATT10000W","https://cdn.yellosolarhub.com/products/inversores/ODEX-ODEX-INV-GROWATT-10000W.jpg","https://cdn.yellosolarhub.com/products/inversores/ODEX-ODEX-INV-GROWATT-10000W.jpg|ODEX-ODEX-INV-GROWATT-10000W.jpg","imgs-index",100
"ODEXODEXINVGROWATT125000W","https://cdn.yellosolarhub.com/products/inversores/ODEX-ODEX-INV-GROWATT-125000W.jpg","https://cdn.yellosolarhub.com/products/inversores/ODEX-ODEX-INV-GROWATT-125000W.jpg|ODEX-ODEX-INV-GROWATT-125000W.jpg","imgs-index",100
"ODEXODEXINVGROWATT15000W","https://cdn.yellosolarhub.com/products/inversores/ODEX-ODEX-INV-GROWATT-15000W.jpg","https://cdn.yellosolarhub.com/products/inversores/ODEX-ODEX-INV-GROWATT-15000W.jpg|ODEX-ODEX-INV-GROWATT-15000W.jpg","imgs-index",100
"ODEXODEXINVGROWATT20000W","https://cdn.yellosolarhub.com/products/inversores/ODEX-ODEX-INV-GROWATT-20000W.jpg","https://cdn.yellosolarhub.com/products/inversores/ODEX-ODEX-INV-GROWATT-20000W.jpg|ODEX-ODEX-INV-GROWATT-20000W.jpg","imgs-index",100
"ODEXODEXINVGROWATT25000W","https://cdn.yellosolarhub.com/products/inversores/ODEX-ODEX-INV-GROWATT-25000W.jpg","https://cdn.yellosolarhub.com/products/inversores/ODEX-ODEX-INV-GROWATT-25000W.jpg|ODEX-ODEX-INV-GROWATT-25000W.jpg","imgs-index",100
"ODEXODEXINVGROWATT3000W1","https://cdn.yellosolarhub.com/products/inversores/ODEX-ODEX-INV-GROWATT-3000W-1.jpg","https://cdn.yellosolarhub.com/products/inversores/ODEX-ODEX-INV-GROWATT-3000W-1.jpg|ODEX-ODEX-INV-GROWATT-3000W-1.jpg","imgs-index",100
"ODEXODEXINVGROWATT3000W","https://cdn.yellosolarhub.com/products/inversores/ODEX-ODEX-INV-GROWATT-3000W.jpg","https://cdn.yellosolarhub.com/products/inversores/ODEX-ODEX-INV-GROWATT-3000W.jpg|ODEX-ODEX-INV-GROWATT-3000W.jpg","imgs-index",100
"ODEXODEXINVGROWATT3300W","https://cdn.yellosolarhub.com/products/inversores/ODEX-ODEX-INV-GROWATT-3300W.jpg","https://cdn.yellosolarhub.com/products/inversores/ODEX-ODEX-INV-GROWATT-3300W.jpg|ODEX-ODEX-INV-GROWATT-3300W.jpg","imgs-index",100
"ODEXODEXINVGROWATT4000W","https://cdn.yellosolarhub.com/products/inversores/ODEX-ODEX-INV-GROWATT-4000W.jpg","https://cdn.yellosolarhub.com/products/inversores/ODEX-ODEX-INV-GROWATT-4000W.jpg|ODEX-ODEX-INV-GROWATT-4000W.jpg","imgs-index",100
"ODEXODEXINVGROWATT50000W","https://cdn.yellosolarhub.com/products/inversores/ODEX-ODEX-INV-GROWATT-50000W.jpg","https://cdn.yellosolarhub.com/products/inversores/ODEX-ODEX-INV-GROWATT-50000W.jpg|ODEX-ODEX-INV-GROWATT-50000W.jpg","imgs-index",100
"ODEXODEXINVGROWATT5000W","https://cdn.yellosolarhub.com/products/inversores/ODEX-ODEX-INV-GROWATT-5000W.jpg","https://cdn.yellosolarhub.com/products/inversores/ODEX-ODEX-INV-GROWATT-5000W.jpg|ODEX-ODEX-INV-GROWATT-5000W.jpg","imgs-index",100
"ODEXODEXINVGROWATT6000W1","https://cdn.yellosolarhub.com/products/inversores/ODEX-ODEX-INV-GROWATT-6000W-1.jpg","https://cdn.yellosolarhub.com/products/inversores/ODEX-ODEX-INV-GROWATT-6000W-1.jpg|ODEX-ODEX-INV-GROWATT-6000W-1.jpg","imgs-index",100
"ODEXODEXINVGROWATT6000W","https://cdn.yellosolarhub.com/products/inversores/ODEX-ODEX-INV-GROWATT-6000W.jpg","https://cdn.yellosolarhub.com/products/inversores/ODEX-ODEX-INV-GROWATT-6000W.jpg|ODEX-ODEX-INV-GROWATT-6000W.jpg","imgs-index",100
"ODEXODEXINVGROWATT75000W","https://cdn.yellosolarhub.com/products/inversores/ODEX-ODEX-INV-GROWATT-75000W.jpg","https://cdn.yellosolarhub.com/products/inversores/ODEX-ODEX-INV-GROWATT-75000W.jpg|ODEX-ODEX-INV-GROWATT-75000W.jpg","imgs-index",100
"ODEXODEXINVGROWATT8000W1","https://cdn.yellosolarhub.com/products/inversores/ODEX-ODEX-INV-GROWATT-8000W-1.jpg","https://cdn.yellosolarhub.com/products/inversores/ODEX-ODEX-INV-GROWATT-8000W-1.jpg|ODEX-ODEX-INV-GROWATT-8000W-1.jpg","imgs-index",100
"ODEXODEXINVGROWATT8000W","https://cdn.yellosolarhub.com/products/inversores/ODEX-ODEX-INV-GROWATT-8000W.jpg","https://cdn.yellosolarhub.com/products/inversores/ODEX-ODEX-INV-GROWATT-8000W.jpg|ODEX-ODEX-INV-GROWATT-8000W.jpg","imgs-index",100
"ODEXODEXINVSAJ17000W","https://cdn.yellosolarhub.com/products/inversores/ODEX-ODEX-INV-SAJ-17000W.jpg","https://cdn.yellosolarhub.com/products/inversores/ODEX-ODEX-INV-SAJ-17000W.jpg|ODEX-ODEX-INV-SAJ-17000W.jpg","imgs-index",100
"GOODWEGW15KLVMTIMAGE","https://cdn.yellosolarhub.com/products/inversores/GOODWE-GW 15KLV-MT_image.jpeg","https://cdn.yellosolarhub.com/products/inversores/GOODWE-GW 15KLV-MT_image.jpeg|GOODWE-GW 15KLV-MT_image.jpeg","imgs-index",100
"GOODWEGW15KETAFCIIMAGEPRODUCT600348","https://cdn.yellosolarhub.com/products/inversores/GOODWE-GW15K-ET - AFCI_IMAGE_PRODUCT_600348.png","https://cdn.yellosolarhub.com/products/inversores/GOODWE-GW15K-ET - AFCI_IMAGE_PRODUCT_600348.png|GOODWE-GW15K-ET - AFCI_IMAGE_PRODUCT_600348.png","imgs-index",100
"ODEXODEXINVSAJ15000W","https://cdn.yellosolarhub.com/products/inversores/ODEX-ODEX-INV-SAJ-15000W.jpg","https://cdn.yellosolarhub.com/products/inversores/ODEX-ODEX-INV-SAJ-15000W.jpg|ODEX-ODEX-INV-SAJ-15000W.jpg","imgs-index",100
"GOODWEGW12KLVMTIMAGE","https://cdn.yellosolarhub.com/products/inversores/GOODWE-GW 12KLV-MT_image.jpg","https://cdn.yellosolarhub.com/products/inversores/GOODWE-GW 12KLV-MT_image.jpg|GOODWE-GW 12KLV-MT_image.jpg","imgs-index",100
"GOODWEGW12KLVSDTC30AFCIIMAGE","https://cdn.yellosolarhub.com/products/inversores/GOODWE-GW 12KLV-SDT-C30 - AFCI_image.png","https://cdn.yellosolarhub.com/products/inversores/GOODWE-GW 12KLV-SDT-C30 - AFCI_image.png|GOODWE-GW 12KLV-SDT-C30 - AFCI_image.png","imgs-index",100
"GOODWEGW12KLETAFCIIMAGEPRODUCT600363","https://cdn.yellosolarhub.com/products/inversores/GOODWE-GW12KL-ET - AFCI_IMAGE_PRODUCT_600363.png","https://cdn.yellosolarhub.com/products/inversores/GOODWE-GW12KL-ET - AFCI_IMAGE_PRODUCT_600363.png|GOODWE-GW12KL-ET - AFCI_IMAGE_PRODUCT_600363.png","imgs-index",100
"GOODWEGW12KLVSDTC31AFCIIMAGEPRODUCT600400","https://cdn.yellosolarhub.com/products/inversores/GOODWE-GW12KLV-SDT-C31 - AFCI_IMAGE_PRODUCT_600400.png","https://cdn.yellosolarhub.com/products/inversores/GOODWE-GW12KLV-SDT-C31 - AFCI_IMAGE_PRODUCT_600400.png|GOODWE-GW12KLV-SDT-C31 - AFCI_IMAGE_PRODUCT_600400.png","imgs-index",100
"ODEXODEXINVCHINT10000W","https://cdn.yellosolarhub.com/products/inversores/ODEX-ODEX-INV-CHINT-10000W.jpg","https://cdn.yellosolarhub.com/products/inversores/ODEX-ODEX-INV-CHINT-10000W.jpg|ODEX-ODEX-INV-CHINT-10000W.jpg","imgs-index",100
"ODEXODEXINVSOLAX10000W","https://cdn.yellosolarhub.com/products/inversores/ODEX-ODEX-INV-SOLAX-10000W.jpg","https://cdn.yellosolarhub.com/products/inversores/ODEX-ODEX-INV-SOLAX-10000W.jpg|ODEX-ODEX-INV-SOLAX-10000W.jpg","imgs-index",100
"ODEXODEXINVSAJ12000W","https://cdn.yellosolarhub.com/products/inversores/ODEX-ODEX-INV-SAJ-12000W.jpg","https://cdn.yellosolarhub.com/products/inversores/ODEX-ODEX-INV-SAJ-12000W.jpg|ODEX-ODEX-INV-SAJ-12000W.jpg","imgs-index",100
"GOODWEGW10KMS3020AAFCIIMAGE","https://cdn.yellosolarhub.com/products/inversores/GOODWE-GW 10K-MS-30 (20A) - AFCI_image.png","https://cdn.yellosolarhub.com/products/inversores/GOODWE-GW 10K-MS-30 (20A) - AFCI_image.png|GOODWE-GW 10K-MS-30 (20A) - AFCI_image.png","imgs-index",100
"GOODWEGW10KBTIMAGE","https://cdn.yellosolarhub.com/products/inversores/GOODWE-GW10K-BT_image.webp","https://cdn.yellosolarhub.com/products/inversores/GOODWE-GW10K-BT_image.webp|GOODWE-GW10K-BT_image.webp","imgs-index",100
"GOODWEGW10KMSG40AFCICRSDIMAGEPRODUCT600398","https://cdn.yellosolarhub.com/products/inversores/GOODWE-GW10K-MS-G40 - AFCI C- RSD_IMAGE_PRODUCT_600398.png","https://cdn.yellosolarhub.com/products/inversores/GOODWE-GW10K-MS-G40 - AFCI C- RSD_IMAGE_PRODUCT_600398.png|GOODWE-GW10K-MS-G40 - AFCI C- RSD_IMAGE_PRODUCT_600398.png","imgs-index",100
"GOODWEGW10KMSG40AFCIIMAGEPRODUCT600463","https://cdn.yellosolarhub.com/products/inversores/GOODWE-GW10K-MS-G40 - AFCI_IMAGE_PRODUCT_600463.png","https://cdn.yellosolarhub.com/products/inversores/GOODWE-GW10K-MS-G40 - AFCI_IMAGE_PRODUCT_600463.png|GOODWE-GW10K-MS-G40 - AFCI_IMAGE_PRODUCT_600463.png","imgs-index",100
"ODEXODEXINVCHINT8000W","https://cdn.yellosolarhub.com/products/inversores/ODEX-ODEX-INV-CHINT-8000W.jpg","https://cdn.yellosolarhub.com/products/inversores/ODEX-ODEX-INV-CHINT-8000W.jpg|ODEX-ODEX-INV-CHINT-8000W.jpg","imgs-index",100
"ODEXODEXINVSOLAX8000W","https://cdn.yellosolarhub.com/products/inversores/ODEX-ODEX-INV-SOLAX-8000W.jpg","https://cdn.yellosolarhub.com/products/inversores/ODEX-ODEX-INV-SOLAX-8000W.jpg|ODEX-ODEX-INV-SOLAX-8000W.jpg","imgs-index",100
"ODEXODEXINVSAJ10000W","https://cdn.yellosolarhub.com/products/inversores/ODEX-ODEX-INV-SAJ-10000W.jpg","https://cdn.yellosolarhub.com/products/inversores/ODEX-ODEX-INV-SAJ-10000W.jpg|ODEX-ODEX-INV-SAJ-10000W.jpg","imgs-index",100
"DEYESUN8KGIMAGE","https://cdn.yellosolarhub.com/products/inversores/DEYE-SUN-8K-G_image.jpg","https://cdn.yellosolarhub.com/products/inversores/DEYE-SUN-8K-G_image.jpg|DEYE-SUN-8K-G_image.jpg","imgs-index",100
"ODEXODEXINVDEYE8000W","https://cdn.yellosolarhub.com/products/inversores/ODEX-ODEX-INV-DEYE-8000W.jpg","https://cdn.yellosolarhub.com/products/inversores/ODEX-ODEX-INV-DEYE-8000W.jpg|ODEX-ODEX-INV-DEYE-8000W.jpg","imgs-index",100
"ODEXODEXINVSAJ8000W","https://cdn.yellosolarhub.com/products/inversores/ODEX-ODEX-INV-SAJ-8000W.jpg","https://cdn.yellosolarhub.com/products/inversores/ODEX-ODEX-INV-SAJ-8000W.jpg|ODEX-ODEX-INV-SAJ-8000W.jpg","imgs-index",100
"ODEXODEXINVCHINT5000W","https://cdn.yellosolarhub.com/products/inversores/ODEX-ODEX-INV-CHINT-5000W.jpg","https://cdn.yellosolarhub.com/products/inversores/ODEX-ODEX-INV-CHINT-5000W.jpg|ODEX-ODEX-INV-CHINT-5000W.jpg","imgs-index",100
"ODEXODEXINVSOLAX5000W","https://cdn.yellosolarhub.com/products/inversores/ODEX-ODEX-INV-SOLAX-5000W.jpg","https://cdn.yellosolarhub.com/products/inversores/ODEX-ODEX-INV-SOLAX-5000W.jpg|ODEX-ODEX-INV-SOLAX-5000W.jpg","imgs-index",100
"ODEXODEXINVSOFAR6000W","https://cdn.yellosolarhub.com/products/inversores/ODEX-ODEX-INV-SOFAR-6000W.jpg","https://cdn.yellosolarhub.com/products/inversores/ODEX-ODEX-INV-SOFAR-6000W.jpg|ODEX-ODEX-INV-SOFAR-6000W.jpg","imgs-index",100
"ODEXODEXINVDEYE6000W","https://cdn.yellosolarhub.com/products/inversores/ODEX-ODEX-INV-DEYE-6000W.jpg","https://cdn.yellosolarhub.com/products/inversores/ODEX-ODEX-INV-DEYE-6000W.jpg|ODEX-ODEX-INV-DEYE-6000W.jpg","imgs-index",100
"ODEXODEXINVSAJ6000W","https://cdn.yellosolarhub.com/products/inversores/ODEX-ODEX-INV-SAJ-6000W.jpg","https://cdn.yellosolarhub.com/products/inversores/ODEX-ODEX-INV-SAJ-6000W.jpg|ODEX-ODEX-INV-SAJ-6000W.jpg","imgs-index",100
"ODEXODEXINVSOFAR5000W","https://cdn.yellosolarhub.com/products/inversores/ODEX-ODEX-INV-SOFAR-5000W.jpg","https://cdn.yellosolarhub.com/products/inversores/ODEX-ODEX-INV-SOFAR-5000W.jpg|ODEX-ODEX-INV-SOFAR-5000W.jpg","imgs-index",100
"SOFAR5KTLMG3AFCIIMAGEPRODUCT600369","https://cdn.yellosolarhub.com/products/inversores/SOFAR-5KTLM-G3 - AFCI_IMAGE_PRODUCT_600369.png","https://cdn.yellosolarhub.com/products/inversores/SOFAR-5KTLM-G3 - AFCI_IMAGE_PRODUCT_600369.png|SOFAR-5KTLM-G3 - AFCI_IMAGE_PRODUCT_600369.png","imgs-index",100
"DEYESUN5KGIMAGE","https://cdn.yellosolarhub.com/products/inversores/DEYE-SUN-5K-G_image.webp","https://cdn.yellosolarhub.com/products/inversores/DEYE-SUN-5K-G_image.webp|DEYE-SUN-5K-G_image.webp","imgs-index",100
"ODEXODEXINVDEYE5000W","https://cdn.yellosolarhub.com/products/inversores/ODEX-ODEX-INV-DEYE-5000W.jpg","https://cdn.yellosolarhub.com/products/inversores/ODEX-ODEX-INV-DEYE-5000W.jpg|ODEX-ODEX-INV-DEYE-5000W.jpg","imgs-index",100
"ODEXODEXINVSAJ5000W","https://cdn.yellosolarhub.com/products/inversores/ODEX-ODEX-INV-SAJ-5000W.jpg","https://cdn.yellosolarhub.com/products/inversores/ODEX-ODEX-INV-SAJ-5000W.jpg|ODEX-ODEX-INV-SAJ-5000W.jpg","imgs-index",100
"ODEXODEXINVCHINT3000W","https://cdn.yellosolarhub.com/products/inversores/ODEX-ODEX-INV-CHINT-3000W.jpg","https://cdn.yellosolarhub.com/products/inversores/ODEX-ODEX-INV-CHINT-3000W.jpg|ODEX-ODEX-INV-CHINT-3000W.jpg","imgs-index",100
"ODEXODEXINVSAJ4200W","https://cdn.yellosolarhub.com/products/inversores/ODEX-ODEX-INV-SAJ-4200W.jpg","https://cdn.yellosolarhub.com/products/inversores/ODEX-ODEX-INV-SAJ-4200W.jpg|ODEX-ODEX-INV-SAJ-4200W.jpg","imgs-index",100
"IMAGEPRODUCT000607","https://cdn.yellosolarhub.com/products/baterias/IMAGE_PRODUCT_000607.jpg","https://cdn.yellosolarhub.com/products/baterias/IMAGE_PRODUCT_000607.jpg|IMAGE_PRODUCT_000607.jpg","imgs-index",100
"IMAGEPRODUCT000612","https://cdn.yellosolarhub.com/products/baterias/IMAGE_PRODUCT_000612.jpg","https://cdn.yellosolarhub.com/products/baterias/IMAGE_PRODUCT_000612.jpg|IMAGE_PRODUCT_000612.jpg","imgs-index",100
"IMAGEPRODUCT850004","https://cdn.yellosolarhub.com/products/baterias/IMAGE_PRODUCT_850004.png","https://cdn.yellosolarhub.com/products/baterias/IMAGE_PRODUCT_850004.png|IMAGE_PRODUCT_850004.png","imgs-index",100
"ODEXODEXINVSOFAR3300W","https://cdn.yellosolarhub.com/products/inversores/ODEX-ODEX-INV-SOFAR-3300W.jpg","https://cdn.yellosolarhub.com/products/inversores/ODEX-ODEX-INV-SOFAR-3300W.jpg|ODEX-ODEX-INV-SOFAR-3300W.jpg","imgs-index",100
"ODEXODEXINVSAJ3000W","https://cdn.yellosolarhub.com/products/inversores/ODEX-ODEX-INV-SAJ-3000W.jpg","https://cdn.yellosolarhub.com/products/inversores/ODEX-ODEX-INV-SAJ-3000W.jpg|ODEX-ODEX-INV-SAJ-3000W.jpg","imgs-index",100
"ODEXODEXINVDEYE2400W","https://cdn.yellosolarhub.com/products/inversores/ODEX-ODEX-INV-DEYE-2400W.jpg","https://cdn.yellosolarhub.com/products/inversores/ODEX-ODEX-INV-DEYE-2400W.jpg|ODEX-ODEX-INV-DEYE-2400W.jpg","imgs-index",100
"ODEXODEXPAINELODEX700W","https://cdn.yellosolarhub.com/products/inversores/ODEX-ODEX-PAINEL-ODEX-700W.jpg","https://cdn.yellosolarhub.com/products/inversores/ODEX-ODEX-PAINEL-ODEX-700W.jpg|ODEX-ODEX-PAINEL-ODEX-700W.jpg","imgs-index",100
"ODEXODEXPAINELODEX660W","https://cdn.yellosolarhub.com/products/inversores/ODEX-ODEX-PAINEL-ODEX-660W.jpg","https://cdn.yellosolarhub.com/products/inversores/ODEX-ODEX-PAINEL-ODEX-660W.jpg|ODEX-ODEX-PAINEL-ODEX-660W.jpg","imgs-index",100
"ODEXODEXPAINELJINKO615W","https://cdn.yellosolarhub.com/products/inversores/ODEX-ODEX-PAINEL-JINKO-615W.jpg","https://cdn.yellosolarhub.com/products/inversores/ODEX-ODEX-PAINEL-JINKO-615W.jpg|ODEX-ODEX-PAINEL-JINKO-615W.jpg","imgs-index",100
"ODEXODEXPAINELJINKO610W","https://cdn.yellosolarhub.com/products/inversores/ODEX-ODEX-PAINEL-JINKO-610W.jpg","https://cdn.yellosolarhub.com/products/inversores/ODEX-ODEX-PAINEL-JINKO-610W.jpg|ODEX-ODEX-PAINEL-JINKO-610W.jpg","imgs-index",100
"ODEXODEXPAINELODEX610W","https://cdn.yellosolarhub.com/products/inversores/ODEX-ODEX-PAINEL-ODEX-610W.jpg","https://cdn.yellosolarhub.com/products/inversores/ODEX-ODEX-PAINEL-ODEX-610W.jpg|ODEX-ODEX-PAINEL-ODEX-610W.jpg","imgs-index",100
"ODEXODEXPAINELASTRONERGY600W","https://cdn.yellosolarhub.com/products/inversores/ODEX-ODEX-PAINEL-ASTRONERGY-600W.jpg","https://cdn.yellosolarhub.com/products/inversores/ODEX-ODEX-PAINEL-ASTRONERGY-600W.jpg|ODEX-ODEX-PAINEL-ASTRONERGY-600W.jpg","imgs-index",100
"ODEXODEXPAINELODEX600W","https://cdn.yellosolarhub.com/products/inversores/ODEX-ODEX-PAINEL-ODEX-600W.jpg","https://cdn.yellosolarhub.com/products/inversores/ODEX-ODEX-PAINEL-ODEX-600W.jpg|ODEX-ODEX-PAINEL-ODEX-600W.jpg","imgs-index",100
"ODEXODEXPAINELODEX585W","https://cdn.yellosolarhub.com/products/inversores/ODEX-ODEX-PAINEL-ODEX-585W.jpg","https://cdn.yellosolarhub.com/products/inversores/ODEX-ODEX-PAINEL-ODEX-585W.jpg|ODEX-ODEX-PAINEL-ODEX-585W.jpg","imgs-index",100
"ODEXODEXPAINELTSUN560W","https://cdn.yellosolarhub.com/products/inversores/ODEX-ODEX-PAINEL-TSUN-560W.jpg","https://cdn.yellosolarhub.com/products/inversores/ODEX-ODEX-PAINEL-TSUN-560W.jpg|ODEX-ODEX-PAINEL-TSUN-560W.jpg","imgs-index",100
"ODEXODEXINVDEYE1200W","https://cdn.yellosolarhub.com/products/inversores/ODEX-ODEX-INV-DEYE-1200W.jpg","https://cdn.yellosolarhub.com/products/inversores/ODEX-ODEX-INV-DEYE-1200W.jpg|ODEX-ODEX-INV-DEYE-1200W.jpg","imgs-index",100
"ODEXODEXINVDEYE800W","https://cdn.yellosolarhub.com/products/inversores/ODEX-ODEX-INV-DEYE-800W.jpg","https://cdn.yellosolarhub.com/products/inversores/ODEX-ODEX-INV-DEYE-800W.jpg|ODEX-ODEX-INV-DEYE-800W.jpg","imgs-index",100
"112369","https://cdn.yellosolarhub.com/products/inversores/112369.jpg","https://cdn.yellosolarhub.com/products/inversores/112369.jpg|112369.jpg","imgs-index",100
"135720","https://cdn.yellosolarhub.com/products/inversores/135720.jpg","https://cdn.yellosolarhub.com/products/inversores/135720.jpg|135720.jpg","imgs-index",100
"145763","https://cdn.yellosolarhub.com/products/inversores/145763.jpg","https://cdn.yellosolarhub.com/products/inversores/145763.jpg|145763.jpg","imgs-index",100
"152147","https://cdn.yellosolarhub.com/products/inversores/152147.jpg","https://cdn.yellosolarhub.com/products/inversores/152147.jpg|152147.jpg","imgs-index",100
"192575","https://cdn.yellosolarhub.com/products/inversores/192575.jpg","https://cdn.yellosolarhub.com/products/inversores/192575.jpg|192575.jpg","imgs-index",100
"192576","https://cdn.yellosolarhub.com/products/inversores/192576.jpg","https://cdn.yellosolarhub.com/products/inversores/192576.jpg|192576.jpg","imgs-index",100
"222132","https://cdn.yellosolarhub.com/products/inversores/222132.png","https://cdn.yellosolarhub.com/products/inversores/222132.png|222132.png","imgs-index",100
"222133","https://cdn.yellosolarhub.com/products/inversores/222133.png","https://cdn.yellosolarhub.com/products/inversores/222133.png|222133.png","imgs-index",100
"246761","https://cdn.yellosolarhub.com/products/inversores/246761.jpg","https://cdn.yellosolarhub.com/products/inversores/246761.jpg|246761.jpg","imgs-index",100
"246763","https://cdn.yellosolarhub.com/products/inversores/246763.jpg","https://cdn.yellosolarhub.com/products/inversores/246763.jpg|246763.jpg","imgs-index",100
"246764","https://cdn.yellosolarhub.com/products/inversores/246764.jpg","https://cdn.yellosolarhub.com/products/inversores/246764.jpg|246764.jpg","imgs-index",100
"267277","https://cdn.yellosolarhub.com/products/inversores/267277.jpg","https://cdn.yellosolarhub.com/products/inversores/267277.jpg|267277.jpg","imgs-index",100
"276954","https://cdn.yellosolarhub.com/products/inversores/276954.jpg","https://cdn.yellosolarhub.com/products/inversores/276954.jpg|276954.jpg","imgs-index",100
"286844","https://cdn.yellosolarhub.com/products/inversores/286844.png","https://cdn.yellosolarhub.com/products/inversores/286844.png|286844.png","imgs-index",100
"289241","https://cdn.yellosolarhub.com/products/inversores/289241.jpg","https://cdn.yellosolarhub.com/products/inversores/289241.jpg|289241.jpg","imgs-index",100
"292421","https://cdn.yellosolarhub.com/products/inversores/292421.jpg","https://cdn.yellosolarhub.com/products/inversores/292421.jpg|292421.jpg","imgs-index",100
"299591","https://cdn.yellosolarhub.com/products/inversores/299591.jpg","https://cdn.yellosolarhub.com/products/inversores/299591.jpg|299591.jpg","imgs-index",100
"315148","https://cdn.yellosolarhub.com/products/inversores/315148.jpg","https://cdn.yellosolarhub.com/products/inversores/315148.jpg|315148.jpg","imgs-index",100
"IMAGEPRODUCT600023","https://cdn.yellosolarhub.com/products/inversores/IMAGE_PRODUCT_600023.png","https://cdn.yellosolarhub.com/products/inversores/IMAGE_PRODUCT_600023.png|IMAGE_PRODUCT_600023.png","imgs-index",100
"IMAGEPRODUCT600066","https://cdn.yellosolarhub.com/products/inversores/IMAGE_PRODUCT_600066.png","https://cdn.yellosolarhub.com/products/inversores/IMAGE_PRODUCT_600066.png|IMAGE_PRODUCT_600066.png","imgs-index",100
"IMAGEPRODUCT600109","https://cdn.yellosolarhub.com/products/inversores/IMAGE_PRODUCT_600109.png","https://cdn.yellosolarhub.com/products/inversores/IMAGE_PRODUCT_600109.png|IMAGE_PRODUCT_600109.png","imgs-index",100
"IMAGEPRODUCT600126","https://cdn.yellosolarhub.com/products/inversores/IMAGE_PRODUCT_600126.png","https://cdn.yellosolarhub.com/products/inversores/IMAGE_PRODUCT_600126.png|IMAGE_PRODUCT_600126.png","imgs-index",100
"IMAGEPRODUCT600142","https://cdn.yellosolarhub.com/products/inversores/IMAGE_PRODUCT_600142.png","https://cdn.yellosolarhub.com/products/inversores/IMAGE_PRODUCT_600142.png|IMAGE_PRODUCT_600142.png","imgs-index",100
"IMAGEPRODUCT600149","https://cdn.yellosolarhub.com/products/inversores/IMAGE_PRODUCT_600149.png","https://cdn.yellosolarhub.com/products/inversores/IMAGE_PRODUCT_600149.png|IMAGE_PRODUCT_600149.png","imgs-index",100
"IMAGEPRODUCT600150","https://cdn.yellosolarhub.com/products/inversores/IMAGE_PRODUCT_600150.png","https://cdn.yellosolarhub.com/products/inversores/IMAGE_PRODUCT_600150.png|IMAGE_PRODUCT_600150.png","imgs-index",100
"IMAGEPRODUCT600243","https://cdn.yellosolarhub.com/products/inversores/IMAGE_PRODUCT_600243.png","https://cdn.yellosolarhub.com/products/inversores/IMAGE_PRODUCT_600243.png|IMAGE_PRODUCT_600243.png","imgs-index",100
"IMAGEPRODUCT600268","https://cdn.yellosolarhub.com/products/inversores/IMAGE_PRODUCT_600268.png","https://cdn.yellosolarhub.com/products/inversores/IMAGE_PRODUCT_600268.png|IMAGE_PRODUCT_600268.png","imgs-index",100
"IMAGEPRODUCT600275","https://cdn.yellosolarhub.com/products/inversores/IMAGE_PRODUCT_600275.png","https://cdn.yellosolarhub.com/products/inversores/IMAGE_PRODUCT_600275.png|IMAGE_PRODUCT_600275.png","imgs-index",100
"IMAGEPRODUCT600303","https://cdn.yellosolarhub.com/products/inversores/IMAGE_PRODUCT_600303.png","https://cdn.yellosolarhub.com/products/inversores/IMAGE_PRODUCT_600303.png|IMAGE_PRODUCT_600303.png","imgs-index",100
"IMAGEPRODUCT600304","https://cdn.yellosolarhub.com/products/inversores/IMAGE_PRODUCT_600304.png","https://cdn.yellosolarhub.com/products/inversores/IMAGE_PRODUCT_600304.png|IMAGE_PRODUCT_600304.png","imgs-index",100
"IMAGEPRODUCT600305","https://cdn.yellosolarhub.com/products/inversores/IMAGE_PRODUCT_600305.png","https://cdn.yellosolarhub.com/products/inversores/IMAGE_PRODUCT_600305.png|IMAGE_PRODUCT_600305.png","imgs-index",100
"IMAGEPRODUCT600307","https://cdn.yellosolarhub.com/products/inversores/IMAGE_PRODUCT_600307.png","https://cdn.yellosolarhub.com/products/inversores/IMAGE_PRODUCT_600307.png|IMAGE_PRODUCT_600307.png","imgs-index",100
"IMAGEPRODUCT600308","https://cdn.yellosolarhub.com/products/inversores/IMAGE_PRODUCT_600308.png","https://cdn.yellosolarhub.com/products/inversores/IMAGE_PRODUCT_600308.png|IMAGE_PRODUCT_600308.png","imgs-index",100
"IMAGEPRODUCT600311","https://cdn.yellosolarhub.com/products/inversores/IMAGE_PRODUCT_600311.png","https://cdn.yellosolarhub.com/products/inversores/IMAGE_PRODUCT_600311.png|IMAGE_PRODUCT_600311.png","imgs-index",100
"IMAGEPRODUCT600314","https://cdn.yellosolarhub.com/products/inversores/IMAGE_PRODUCT_600314.png","https://cdn.yellosolarhub.com/products/inversores/IMAGE_PRODUCT_600314.png|IMAGE_PRODUCT_600314.png","imgs-index",100
"IMAGEPRODUCT600328","https://cdn.yellosolarhub.com/products/inversores/IMAGE_PRODUCT_600328.png","https://cdn.yellosolarhub.com/products/inversores/IMAGE_PRODUCT_600328.png|IMAGE_PRODUCT_600328.png","imgs-index",100
"IMAGEPRODUCT600329","https://cdn.yellosolarhub.com/products/inversores/IMAGE_PRODUCT_600329.jpg","https://cdn.yellosolarhub.com/products/inversores/IMAGE_PRODUCT_600329.jpg|IMAGE_PRODUCT_600329.jpg","imgs-index",100
"IMAGEPRODUCT600340","https://cdn.yellosolarhub.com/products/inversores/IMAGE_PRODUCT_600340.jpeg","https://cdn.yellosolarhub.com/products/inversores/IMAGE_PRODUCT_600340.jpeg|IMAGE_PRODUCT_600340.jpeg","imgs-index",100
"IMAGEPRODUCT600342","https://cdn.yellosolarhub.com/products/inversores/IMAGE_PRODUCT_600342.jpg","https://cdn.yellosolarhub.com/products/inversores/IMAGE_PRODUCT_600342.jpg|IMAGE_PRODUCT_600342.jpg","imgs-index",100
"IMAGEPRODUCT600344","https://cdn.yellosolarhub.com/products/inversores/IMAGE_PRODUCT_600344.png","https://cdn.yellosolarhub.com/products/inversores/IMAGE_PRODUCT_600344.png|IMAGE_PRODUCT_600344.png","imgs-index",100
"IMAGEPRODUCT600348","https://cdn.yellosolarhub.com/products/inversores/IMAGE_PRODUCT_600348.png","https://cdn.yellosolarhub.com/products/inversores/IMAGE_PRODUCT_600348.png|IMAGE_PRODUCT_600348.png","imgs-index",100
"IMAGEPRODUCT600350","https://cdn.yellosolarhub.com/products/inversores/IMAGE_PRODUCT_600350.jpg","https://cdn.yellosolarhub.com/products/inversores/IMAGE_PRODUCT_600350.jpg|IMAGE_PRODUCT_600350.jpg","imgs-index",100
"IMAGEPRODUCT600352","https://cdn.yellosolarhub.com/products/inversores/IMAGE_PRODUCT_600352.jpg","https://cdn.yellosolarhub.com/products/inversores/IMAGE_PRODUCT_600352.jpg|IMAGE_PRODUCT_600352.jpg","imgs-index",100
"IMAGEPRODUCT600358","https://cdn.yellosolarhub.com/products/inversores/IMAGE_PRODUCT_600358.png","https://cdn.yellosolarhub.com/products/inversores/IMAGE_PRODUCT_600358.png|IMAGE_PRODUCT_600358.png","imgs-index",100
"IMAGEPRODUCT600361","https://cdn.yellosolarhub.com/products/inversores/IMAGE_PRODUCT_600361.png","https://cdn.yellosolarhub.com/products/inversores/IMAGE_PRODUCT_600361.png|IMAGE_PRODUCT_600361.png","imgs-index",100
"IMAGEPRODUCT600363","https://cdn.yellosolarhub.com/products/inversores/IMAGE_PRODUCT_600363.png","https://cdn.yellosolarhub.com/products/inversores/IMAGE_PRODUCT_600363.png|IMAGE_PRODUCT_600363.png","imgs-index",100
"IMAGEPRODUCT600369","https://cdn.yellosolarhub.com/products/inversores/IMAGE_PRODUCT_600369.png","https://cdn.yellosolarhub.com/products/inversores/IMAGE_PRODUCT_600369.png|IMAGE_PRODUCT_600369.png","imgs-index",100
"IMAGEPRODUCT600381","https://cdn.yellosolarhub.com/products/inversores/IMAGE_PRODUCT_600381.png","https://cdn.yellosolarhub.com/products/inversores/IMAGE_PRODUCT_600381.png|IMAGE_PRODUCT_600381.png","imgs-index",100
"IMAGEPRODUCT600382","https://cdn.yellosolarhub.com/products/inversores/IMAGE_PRODUCT_600382.png","https://cdn.yellosolarhub.com/products/inversores/IMAGE_PRODUCT_600382.png|IMAGE_PRODUCT_600382.png","imgs-index",100
"IMAGEPRODUCT600386","https://cdn.yellosolarhub.com/products/inversores/IMAGE_PRODUCT_600386.png","https://cdn.yellosolarhub.com/products/inversores/IMAGE_PRODUCT_600386.png|IMAGE_PRODUCT_600386.png","imgs-index",100
"IMAGEPRODUCT600387","https://cdn.yellosolarhub.com/products/inversores/IMAGE_PRODUCT_600387.png","https://cdn.yellosolarhub.com/products/inversores/IMAGE_PRODUCT_600387.png|IMAGE_PRODUCT_600387.png","imgs-index",100
"IMAGEPRODUCT600388","https://cdn.yellosolarhub.com/products/inversores/IMAGE_PRODUCT_600388.png","https://cdn.yellosolarhub.com/products/inversores/IMAGE_PRODUCT_600388.png|IMAGE_PRODUCT_600388.png","imgs-index",100
"IMAGEPRODUCT600398","https://cdn.yellosolarhub.com/products/inversores/IMAGE_PRODUCT_600398.png","https://cdn.yellosolarhub.com/products/inversores/IMAGE_PRODUCT_600398.png|IMAGE_PRODUCT_600398.png","imgs-index",100
"IMAGEPRODUCT600400","https://cdn.yellosolarhub.com/products/inversores/IMAGE_PRODUCT_600400.png","https://cdn.yellosolarhub.com/products/inversores/IMAGE_PRODUCT_600400.png|IMAGE_PRODUCT_600400.png","imgs-index",100
"IMAGEPRODUCT600404","https://cdn.yellosolarhub.com/products/inversores/IMAGE_PRODUCT_600404.png","https://cdn.yellosolarhub.com/products/inversores/IMAGE_PRODUCT_600404.png|IMAGE_PRODUCT_600404.png","imgs-index",100
"IMAGEPRODUCT600423","https://cdn.yellosolarhub.com/products/inversores/IMAGE_PRODUCT_600423.png","https://cdn.yellosolarhub.com/products/inversores/IMAGE_PRODUCT_600423.png|IMAGE_PRODUCT_600423.png","imgs-index",100
"IMAGEPRODUCT600452","https://cdn.yellosolarhub.com/products/inversores/IMAGE_PRODUCT_600452.png","https://cdn.yellosolarhub.com/products/inversores/IMAGE_PRODUCT_600452.png|IMAGE_PRODUCT_600452.png","imgs-index",100
"IMAGEPRODUCT600453","https://cdn.yellosolarhub.com/products/inversores/IMAGE_PRODUCT_600453.png","https://cdn.yellosolarhub.com/products/inversores/IMAGE_PRODUCT_600453.png|IMAGE_PRODUCT_600453.png","imgs-index",100
"IMAGEPRODUCT600463","https://cdn.yellosolarhub.com/products/inversores/IMAGE_PRODUCT_600463.png","https://cdn.yellosolarhub.com/products/inversores/IMAGE_PRODUCT_600463.png|IMAGE_PRODUCT_600463.png","imgs-index",100
"IMAGEPRODUCT600483","https://cdn.yellosolarhub.com/products/inversores/IMAGE_PRODUCT_600483.png","https://cdn.yellosolarhub.com/products/inversores/IMAGE_PRODUCT_600483.png|IMAGE_PRODUCT_600483.png","imgs-index",100
"NEOSOLARINVERTERS20217","https://cdn.yellosolarhub.com/products/inversores/neosolar_inverters_20217.jpg","https://cdn.yellosolarhub.com/products/inversores/neosolar_inverters_20217.jpg|neosolar_inverters_20217.jpg","imgs-index",100
"NEOSOLARINVERTERS20247","https://cdn.yellosolarhub.com/products/inversores/neosolar_inverters_20247.jpg","https://cdn.yellosolarhub.com/products/inversores/neosolar_inverters_20247.jpg|neosolar_inverters_20247.jpg","imgs-index",100
"NEOSOLARINVERTERS20249","https://cdn.yellosolarhub.com/products/inversores/neosolar_inverters_20249.jpg","https://cdn.yellosolarhub.com/products/inversores/neosolar_inverters_20249.jpg|neosolar_inverters_20249.jpg","imgs-index",100
"NEOSOLARINVERTERS20250","https://cdn.yellosolarhub.com/products/inversores/neosolar_inverters_20250.jpg","https://cdn.yellosolarhub.com/products/inversores/neosolar_inverters_20250.jpg|neosolar_inverters_20250.jpg","imgs-index",100
"NEOSOLARINVERTERS20252","https://cdn.yellosolarhub.com/products/inversores/neosolar_inverters_20252.jpg","https://cdn.yellosolarhub.com/products/inversores/neosolar_inverters_20252.jpg|neosolar_inverters_20252.jpg","imgs-index",100
"NEOSOLARINVERTERS20253","https://cdn.yellosolarhub.com/products/inversores/neosolar_inverters_20253.jpg","https://cdn.yellosolarhub.com/products/inversores/neosolar_inverters_20253.jpg|neosolar_inverters_20253.jpg","imgs-index",100
"NEOSOLARINVERTERS20255","https://cdn.yellosolarhub.com/products/inversores/neosolar_inverters_20255.jpg","https://cdn.yellosolarhub.com/products/inversores/neosolar_inverters_20255.jpg|neosolar_inverters_20255.jpg","imgs-index",100
"NEOSOLARINVERTERS20256","https://cdn.yellosolarhub.com/products/inversores/neosolar_inverters_20256.jpg","https://cdn.yellosolarhub.com/products/inversores/neosolar_inverters_20256.jpg|neosolar_inverters_20256.jpg","imgs-index",100
"NEOSOLARINVERTERS20258","https://cdn.yellosolarhub.com/products/inversores/neosolar_inverters_20258.jpg","https://cdn.yellosolarhub.com/products/inversores/neosolar_inverters_20258.jpg|neosolar_inverters_20258.jpg","imgs-index",100
"NEOSOLARINVERTERS20259","https://cdn.yellosolarhub.com/products/inversores/neosolar_inverters_20259.jpg","https://cdn.yellosolarhub.com/products/inversores/neosolar_inverters_20259.jpg|neosolar_inverters_20259.jpg","imgs-index",100
"NEOSOLARINVERTERS20260","https://cdn.yellosolarhub.com/products/inversores/neosolar_inverters_20260.jpg","https://cdn.yellosolarhub.com/products/inversores/neosolar_inverters_20260.jpg|neosolar_inverters_20260.jpg","imgs-index",100
"NEOSOLARINVERTERS20261","https://cdn.yellosolarhub.com/products/inversores/neosolar_inverters_20261.jpg","https://cdn.yellosolarhub.com/products/inversores/neosolar_inverters_20261.jpg|neosolar_inverters_20261.jpg","imgs-index",100
"NEOSOLARINVERTERS20262","https://cdn.yellosolarhub.com/products/inversores/neosolar_inverters_20262.jpg","https://cdn.yellosolarhub.com/products/inversores/neosolar_inverters_20262.jpg|neosolar_inverters_20262.jpg","imgs-index",100
"NEOSOLARINVERTERS20264","https://cdn.yellosolarhub.com/products/inversores/neosolar_inverters_20264.jpg","https://cdn.yellosolarhub.com/products/inversores/neosolar_inverters_20264.jpg|neosolar_inverters_20264.jpg","imgs-index",100
"NEOSOLARINVERTERS20265","https://cdn.yellosolarhub.com/products/inversores/neosolar_inverters_20265.jpg","https://cdn.yellosolarhub.com/products/inversores/neosolar_inverters_20265.jpg|neosolar_inverters_20265.jpg","imgs-index",100
"NEOSOLARINVERTERS20266","https://cdn.yellosolarhub.com/products/inversores/neosolar_inverters_20266.jpg","https://cdn.yellosolarhub.com/products/inversores/neosolar_inverters_20266.jpg|neosolar_inverters_20266.jpg","imgs-index",100
"NEOSOLARINVERTERS20267","https://cdn.yellosolarhub.com/products/inversores/neosolar_inverters_20267.jpg","https://cdn.yellosolarhub.com/products/inversores/neosolar_inverters_20267.jpg|neosolar_inverters_20267.jpg","imgs-index",100
"NEOSOLARINVERTERS20268","https://cdn.yellosolarhub.com/products/inversores/neosolar_inverters_20268.jpg","https://cdn.yellosolarhub.com/products/inversores/neosolar_inverters_20268.jpg|neosolar_inverters_20268.jpg","imgs-index",100
"NEOSOLARINVERTERS20269","https://cdn.yellosolarhub.com/products/inversores/neosolar_inverters_20269.jpg","https://cdn.yellosolarhub.com/products/inversores/neosolar_inverters_20269.jpg|neosolar_inverters_20269.jpg","imgs-index",100
"NEOSOLARINVERTERS20287","https://cdn.yellosolarhub.com/products/inversores/neosolar_inverters_20287.jpg","https://cdn.yellosolarhub.com/products/inversores/neosolar_inverters_20287.jpg|neosolar_inverters_20287.jpg","imgs-index",100
"NEOSOLARINVERTERS20525","https://cdn.yellosolarhub.com/products/inversores/neosolar_inverters_20525.jpg","https://cdn.yellosolarhub.com/products/inversores/neosolar_inverters_20525.jpg|neosolar_inverters_20525.jpg","imgs-index",100
"NEOSOLARINVERTERS20563","https://cdn.yellosolarhub.com/products/inversores/neosolar_inverters_20563.jpg","https://cdn.yellosolarhub.com/products/inversores/neosolar_inverters_20563.jpg|neosolar_inverters_20563.jpg","imgs-index",100
"NEOSOLARINVERTERS20564","https://cdn.yellosolarhub.com/products/inversores/neosolar_inverters_20564.jpg","https://cdn.yellosolarhub.com/products/inversores/neosolar_inverters_20564.jpg|neosolar_inverters_20564.jpg","imgs-index",100
"NEOSOLARINVERTERS20565","https://cdn.yellosolarhub.com/products/inversores/neosolar_inverters_20565.jpg","https://cdn.yellosolarhub.com/products/inversores/neosolar_inverters_20565.jpg|neosolar_inverters_20565.jpg","imgs-index",100
"NEOSOLARINVERTERS20566","https://cdn.yellosolarhub.com/products/inversores/neosolar_inverters_20566.jpg","https://cdn.yellosolarhub.com/products/inversores/neosolar_inverters_20566.jpg|neosolar_inverters_20566.jpg","imgs-index",100
"NEOSOLARINVERTERS20666","https://cdn.yellosolarhub.com/products/inversores/neosolar_inverters_20666.jpg","https://cdn.yellosolarhub.com/products/inversores/neosolar_inverters_20666.jpg|neosolar_inverters_20666.jpg","imgs-index",100
"NEOSOLARINVERTERS20778","https://cdn.yellosolarhub.com/products/inversores/neosolar_inverters_20778.jpg","https://cdn.yellosolarhub.com/products/inversores/neosolar_inverters_20778.jpg|neosolar_inverters_20778.jpg","imgs-index",100
"NEOSOLARINVERTERS20922","https://cdn.yellosolarhub.com/products/inversores/neosolar_inverters_20922.jpg","https://cdn.yellosolarhub.com/products/inversores/neosolar_inverters_20922.jpg|neosolar_inverters_20922.jpg","imgs-index",100
"NEOSOLARINVERTERS20924","https://cdn.yellosolarhub.com/products/inversores/neosolar_inverters_20924.jpg","https://cdn.yellosolarhub.com/products/inversores/neosolar_inverters_20924.jpg|neosolar_inverters_20924.jpg","imgs-index",100
"NEOSOLARINVERTERS21306","https://cdn.yellosolarhub.com/products/inversores/neosolar_inverters_21306.jpg","https://cdn.yellosolarhub.com/products/inversores/neosolar_inverters_21306.jpg|neosolar_inverters_21306.jpg","imgs-index",100
"NEOSOLARINVERTERS21442","https://cdn.yellosolarhub.com/products/inversores/neosolar_inverters_21442.jpg","https://cdn.yellosolarhub.com/products/inversores/neosolar_inverters_21442.jpg|neosolar_inverters_21442.jpg","imgs-index",100
"NEOSOLARINVERTERS21630","https://cdn.yellosolarhub.com/products/inversores/neosolar_inverters_21630.jpg","https://cdn.yellosolarhub.com/products/inversores/neosolar_inverters_21630.jpg|neosolar_inverters_21630.jpg","imgs-index",100
"NEOSOLARINVERTERS21631","https://cdn.yellosolarhub.com/products/inversores/neosolar_inverters_21631.jpg","https://cdn.yellosolarhub.com/products/inversores/neosolar_inverters_21631.jpg|neosolar_inverters_21631.jpg","imgs-index",100
"NEOSOLARINVERTERS21633","https://cdn.yellosolarhub.com/products/inversores/neosolar_inverters_21633.jpg","https://cdn.yellosolarhub.com/products/inversores/neosolar_inverters_21633.jpg|neosolar_inverters_21633.jpg","imgs-index",100
"NEOSOLARINVERTERS21634","https://cdn.yellosolarhub.com/products/inversores/neosolar_inverters_21634.jpg","https://cdn.yellosolarhub.com/products/inversores/neosolar_inverters_21634.jpg|neosolar_inverters_21634.jpg","imgs-index",100
"NEOSOLARINVERTERS21639","https://cdn.yellosolarhub.com/products/inversores/neosolar_inverters_21639.jpg","https://cdn.yellosolarhub.com/products/inversores/neosolar_inverters_21639.jpg|neosolar_inverters_21639.jpg","imgs-index",100
"NEOSOLARINVERTERS21640","https://cdn.yellosolarhub.com/products/inversores/neosolar_inverters_21640.jpg","https://cdn.yellosolarhub.com/products/inversores/neosolar_inverters_21640.jpg|neosolar_inverters_21640.jpg","imgs-index",100
"NEOSOLARINVERTERS21641","https://cdn.yellosolarhub.com/products/inversores/neosolar_inverters_21641.jpg","https://cdn.yellosolarhub.com/products/inversores/neosolar_inverters_21641.jpg|neosolar_inverters_21641.jpg","imgs-index",100
"NEOSOLARINVERTERS21642","https://cdn.yellosolarhub.com/products/inversores/neosolar_inverters_21642.jpg","https://cdn.yellosolarhub.com/products/inversores/neosolar_inverters_21642.jpg|neosolar_inverters_21642.jpg","imgs-index",100
"NEOSOLARINVERTERS21824","https://cdn.yellosolarhub.com/products/inversores/neosolar_inverters_21824.jpg","https://cdn.yellosolarhub.com/products/inversores/neosolar_inverters_21824.jpg|neosolar_inverters_21824.jpg","imgs-index",100
"NEOSOLARINVERTERS22021","https://cdn.yellosolarhub.com/products/inversores/neosolar_inverters_22021.jpg","https://cdn.yellosolarhub.com/products/inversores/neosolar_inverters_22021.jpg|neosolar_inverters_22021.jpg","imgs-index",100
"NEOSOLARINVERTERS22022","https://cdn.yellosolarhub.com/products/inversores/neosolar_inverters_22022.jpg","https://cdn.yellosolarhub.com/products/inversores/neosolar_inverters_22022.jpg|neosolar_inverters_22022.jpg","imgs-index",100
"NEOSOLARINVERTERS22023","https://cdn.yellosolarhub.com/products/inversores/neosolar_inverters_22023.jpg","https://cdn.yellosolarhub.com/products/inversores/neosolar_inverters_22023.jpg|neosolar_inverters_22023.jpg","imgs-index",100
"NEOSOLARINVERTERS22024","https://cdn.yellosolarhub.com/products/inversores/neosolar_inverters_22024.jpg","https://cdn.yellosolarhub.com/products/inversores/neosolar_inverters_22024.jpg|neosolar_inverters_22024.jpg","imgs-index",100
"NEOSOLARINVERTERS22025","https://cdn.yellosolarhub.com/products/inversores/neosolar_inverters_22025.jpg","https://cdn.yellosolarhub.com/products/inversores/neosolar_inverters_22025.jpg|neosolar_inverters_22025.jpg","imgs-index",100
"NEOSOLARINVERTERS22095","https://cdn.yellosolarhub.com/products/inversores/neosolar_inverters_22095.jpg","https://cdn.yellosolarhub.com/products/inversores/neosolar_inverters_22095.jpg|neosolar_inverters_22095.jpg","imgs-index",100
"NEOSOLARINVERTERS22099","https://cdn.yellosolarhub.com/products/inversores/neosolar_inverters_22099.jpg","https://cdn.yellosolarhub.com/products/inversores/neosolar_inverters_22099.jpg|neosolar_inverters_22099.jpg","imgs-index",100
"NEOSOLARINVERTERS22144","https://cdn.yellosolarhub.com/products/inversores/neosolar_inverters_22144.jpg","https://cdn.yellosolarhub.com/products/inversores/neosolar_inverters_22144.jpg|neosolar_inverters_22144.jpg","imgs-index",100
"NEOSOLARINVERTERS22159","https://cdn.yellosolarhub.com/products/inversores/neosolar_inverters_22159.jpg","https://cdn.yellosolarhub.com/products/inversores/neosolar_inverters_22159.jpg|neosolar_inverters_22159.jpg","imgs-index",100
"NEOSOLARINVERTERS22663","https://cdn.yellosolarhub.com/products/inversores/NEOSOLAR_INVERTERS_22663.jpg","https://cdn.yellosolarhub.com/products/inversores/NEOSOLAR_INVERTERS_22663.jpg|NEOSOLAR_INVERTERS_22663.jpg","imgs-index",100
"NEOSOLARINVERTERS22671","https://cdn.yellosolarhub.com/products/inversores/NEOSOLAR_INVERTERS_22671.jpg","https://cdn.yellosolarhub.com/products/inversores/NEOSOLAR_INVERTERS_22671.jpg|NEOSOLAR_INVERTERS_22671.jpg","imgs-index",100
"NEOSOLARINVERTERS22675","https://cdn.yellosolarhub.com/products/inversores/NEOSOLAR_INVERTERS_22675.jpg","https://cdn.yellosolarhub.com/products/inversores/NEOSOLAR_INVERTERS_22675.jpg|NEOSOLAR_INVERTERS_22675.jpg","imgs-index",100
"NEOSOLARINVERTERS22676","https://cdn.yellosolarhub.com/products/inversores/NEOSOLAR_INVERTERS_22676.jpg","https://cdn.yellosolarhub.com/products/inversores/NEOSOLAR_INVERTERS_22676.jpg|NEOSOLAR_INVERTERS_22676.jpg","imgs-index",100
"NEOSOLARINVERTERS22677","https://cdn.yellosolarhub.com/products/inversores/NEOSOLAR_INVERTERS_22677.jpg","https://cdn.yellosolarhub.com/products/inversores/NEOSOLAR_INVERTERS_22677.jpg|NEOSOLAR_INVERTERS_22677.jpg","imgs-index",100
"NEOSOLARINVERTERS22679","https://cdn.yellosolarhub.com/products/inversores/NEOSOLAR_INVERTERS_22679.jpg","https://cdn.yellosolarhub.com/products/inversores/NEOSOLAR_INVERTERS_22679.jpg|NEOSOLAR_INVERTERS_22679.jpg","imgs-index",100
"NEOSOLARINVERTERS22684","https://cdn.yellosolarhub.com/products/inversores/NEOSOLAR_INVERTERS_22684.jpg","https://cdn.yellosolarhub.com/products/inversores/NEOSOLAR_INVERTERS_22684.jpg|NEOSOLAR_INVERTERS_22684.jpg","imgs-index",100
"NEOSOLARINVERTERS22685","https://cdn.yellosolarhub.com/products/inversores/NEOSOLAR_INVERTERS_22685.jpg","https://cdn.yellosolarhub.com/products/inversores/NEOSOLAR_INVERTERS_22685.jpg|NEOSOLAR_INVERTERS_22685.jpg","imgs-index",100
"NEOSOLARINVERTERS22689","https://cdn.yellosolarhub.com/products/inversores/NEOSOLAR_INVERTERS_22689.jpg","https://cdn.yellosolarhub.com/products/inversores/NEOSOLAR_INVERTERS_22689.jpg|NEOSOLAR_INVERTERS_22689.jpg","imgs-index",100
"NEOSOLARINVERTERS22690","https://cdn.yellosolarhub.com/products/inversores/NEOSOLAR_INVERTERS_22690.jpg","https://cdn.yellosolarhub.com/products/inversores/NEOSOLAR_INVERTERS_22690.jpg|NEOSOLAR_INVERTERS_22690.jpg","imgs-index",100
"NEOSOLARINVERTERS22691","https://cdn.yellosolarhub.com/products/inversores/NEOSOLAR_INVERTERS_22691.jpg","https://cdn.yellosolarhub.com/products/inversores/NEOSOLAR_INVERTERS_22691.jpg|NEOSOLAR_INVERTERS_22691.jpg","imgs-index",100
"NEOSOLARINVERTERS22692","https://cdn.yellosolarhub.com/products/inversores/NEOSOLAR_INVERTERS_22692.jpg","https://cdn.yellosolarhub.com/products/inversores/NEOSOLAR_INVERTERS_22692.jpg|NEOSOLAR_INVERTERS_22692.jpg","imgs-index",100
"NEOSOLARINVERTERS22714","https://cdn.yellosolarhub.com/products/inversores/neosolar_inverters_22714.jpg","https://cdn.yellosolarhub.com/products/inversores/neosolar_inverters_22714.jpg|neosolar_inverters_22714.jpg","imgs-index",100
"NEOSOLARINVERTERS22734","https://cdn.yellosolarhub.com/products/inversores/neosolar_inverters_22734.jpg","https://cdn.yellosolarhub.com/products/inversores/neosolar_inverters_22734.jpg|neosolar_inverters_22734.jpg","imgs-index",100
"NEOSOLARINVERTERS22921","https://cdn.yellosolarhub.com/products/inversores/neosolar_inverters_22921.jpg","https://cdn.yellosolarhub.com/products/inversores/neosolar_inverters_22921.jpg|neosolar_inverters_22921.jpg","imgs-index",100
"NEOSOLARINVERTERS23309","https://cdn.yellosolarhub.com/products/inversores/neosolar_inverters_23309.jpg","https://cdn.yellosolarhub.com/products/inversores/neosolar_inverters_23309.jpg|neosolar_inverters_23309.jpg","imgs-index",100
"NEOSOLARINVERTERS23782","https://cdn.yellosolarhub.com/products/inversores/neosolar_inverters_23782.jpg","https://cdn.yellosolarhub.com/products/inversores/neosolar_inverters_23782.jpg|neosolar_inverters_23782.jpg","imgs-index",100
"NEOSOLARINVERTERS23783","https://cdn.yellosolarhub.com/products/inversores/neosolar_inverters_23783.jpg","https://cdn.yellosolarhub.com/products/inversores/neosolar_inverters_23783.jpg|neosolar_inverters_23783.jpg","imgs-index",100
"NEOSOLARINVERTERS24825","https://cdn.yellosolarhub.com/products/inversores/neosolar_inverters_24825.jpg","https://cdn.yellosolarhub.com/products/inversores/neosolar_inverters_24825.jpg|neosolar_inverters_24825.jpg","imgs-index",100
"NEOSOLARINVERTERS24870","https://cdn.yellosolarhub.com/products/inversores/neosolar_inverters_24870.jpg","https://cdn.yellosolarhub.com/products/inversores/neosolar_inverters_24870.jpg|neosolar_inverters_24870.jpg","imgs-index",100
"NEOSOLARINVERTERS24872","https://cdn.yellosolarhub.com/products/inversores/neosolar_inverters_24872.jpg","https://cdn.yellosolarhub.com/products/inversores/neosolar_inverters_24872.jpg|neosolar_inverters_24872.jpg","imgs-index",100
"NEOSOLARINVERTERS24874","https://cdn.yellosolarhub.com/products/inversores/neosolar_inverters_24874.jpg","https://cdn.yellosolarhub.com/products/inversores/neosolar_inverters_24874.jpg|neosolar_inverters_24874.jpg","imgs-index",100
"NEOSOLARINVERTERS24876","https://cdn.yellosolarhub.com/products/inversores/neosolar_inverters_24876.jpg","https://cdn.yellosolarhub.com/products/inversores/neosolar_inverters_24876.jpg|neosolar_inverters_24876.jpg","imgs-index",100
"NEOSOLARINVERTERS24877","https://cdn.yellosolarhub.com/products/inversores/neosolar_inverters_24877.jpg","https://cdn.yellosolarhub.com/products/inversores/neosolar_inverters_24877.jpg|neosolar_inverters_24877.jpg","imgs-index",100
"NEOSOLARINVERTERS24878","https://cdn.yellosolarhub.com/products/inversores/neosolar_inverters_24878.jpg","https://cdn.yellosolarhub.com/products/inversores/neosolar_inverters_24878.jpg|neosolar_inverters_24878.jpg","imgs-index",100
"NEOSOLARINVERTERS24972","https://cdn.yellosolarhub.com/products/inversores/neosolar_inverters_24972.jpg","https://cdn.yellosolarhub.com/products/inversores/neosolar_inverters_24972.jpg|neosolar_inverters_24972.jpg","imgs-index",100
"NEOSOLARINVERTERS24973","https://cdn.yellosolarhub.com/products/inversores/neosolar_inverters_24973.jpg","https://cdn.yellosolarhub.com/products/inversores/neosolar_inverters_24973.jpg|neosolar_inverters_24973.jpg","imgs-index",100
"NEOSOLARINVERTERS25046","https://cdn.yellosolarhub.com/products/inversores/NEOSOLAR_INVERTERS_25046.jpg","https://cdn.yellosolarhub.com/products/inversores/NEOSOLAR_INVERTERS_25046.jpg|NEOSOLAR_INVERTERS_25046.jpg","imgs-index",100
"NEOSOLARINVERTERS25050","https://cdn.yellosolarhub.com/products/inversores/NEOSOLAR_INVERTERS_25050.jpg","https://cdn.yellosolarhub.com/products/inversores/NEOSOLAR_INVERTERS_25050.jpg|NEOSOLAR_INVERTERS_25050.jpg","imgs-index",100
"NEOSOLARINVERTERS25055","https://cdn.yellosolarhub.com/products/inversores/NEOSOLAR_INVERTERS_25055.jpg","https://cdn.yellosolarhub.com/products/inversores/NEOSOLAR_INVERTERS_25055.jpg|NEOSOLAR_INVERTERS_25055.jpg","imgs-index",100
"NEOSOLARINVERTERS26628","https://cdn.yellosolarhub.com/products/inversores/NEOSOLAR_INVERTERS_26628.jpg","https://cdn.yellosolarhub.com/products/inversores/NEOSOLAR_INVERTERS_26628.jpg|NEOSOLAR_INVERTERS_26628.jpg","imgs-index",100
"NEOSOLARINVERTERS26630","https://cdn.yellosolarhub.com/products/inversores/NEOSOLAR_INVERTERS_26630.jpg","https://cdn.yellosolarhub.com/products/inversores/NEOSOLAR_INVERTERS_26630.jpg|NEOSOLAR_INVERTERS_26630.jpg","imgs-index",100
"NEOSOLARINVERTERS26657","https://cdn.yellosolarhub.com/products/inversores/NEOSOLAR_INVERTERS_26657.jpg","https://cdn.yellosolarhub.com/products/inversores/NEOSOLAR_INVERTERS_26657.jpg|NEOSOLAR_INVERTERS_26657.jpg","imgs-index",100
"NEOSOLARINVERTERS26669","https://cdn.yellosolarhub.com/products/inversores/NEOSOLAR_INVERTERS_26669.jpg","https://cdn.yellosolarhub.com/products/inversores/NEOSOLAR_INVERTERS_26669.jpg|NEOSOLAR_INVERTERS_26669.jpg","imgs-index",100
"NEOSOLARINVERTERS26673","https://cdn.yellosolarhub.com/products/inversores/NEOSOLAR_INVERTERS_26673.jpg","https://cdn.yellosolarhub.com/products/inversores/NEOSOLAR_INVERTERS_26673.jpg|NEOSOLAR_INVERTERS_26673.jpg","imgs-index",100
"NEOSOLARINVERTERS26674","https://cdn.yellosolarhub.com/products/inversores/NEOSOLAR_INVERTERS_26674.jpg","https://cdn.yellosolarhub.com/products/inversores/NEOSOLAR_INVERTERS_26674.jpg|NEOSOLAR_INVERTERS_26674.jpg","imgs-index",100
"NEOSOLARINVERTERS26675","https://cdn.yellosolarhub.com/products/inversores/NEOSOLAR_INVERTERS_26675.jpg","https://cdn.yellosolarhub.com/products/inversores/NEOSOLAR_INVERTERS_26675.jpg|NEOSOLAR_INVERTERS_26675.jpg","imgs-index",100
"NEOSOLARINVERTERS26689","https://cdn.yellosolarhub.com/products/inversores/NEOSOLAR_INVERTERS_26689.jpg","https://cdn.yellosolarhub.com/products/inversores/NEOSOLAR_INVERTERS_26689.jpg|NEOSOLAR_INVERTERS_26689.jpg","imgs-index",100
"NEOSOLARINVERTERS26690","https://cdn.yellosolarhub.com/products/inversores/NEOSOLAR_INVERTERS_26690.jpg","https://cdn.yellosolarhub.com/products/inversores/NEOSOLAR_INVERTERS_26690.jpg|NEOSOLAR_INVERTERS_26690.jpg","imgs-index",100
"NEOSOLARINVERTERS26691","https://cdn.yellosolarhub.com/products/inversores/NEOSOLAR_INVERTERS_26691.jpg","https://cdn.yellosolarhub.com/products/inversores/NEOSOLAR_INVERTERS_26691.jpg|NEOSOLAR_INVERTERS_26691.jpg","imgs-index",100
"NEOSOLARINVERTERS26692","https://cdn.yellosolarhub.com/products/inversores/NEOSOLAR_INVERTERS_26692.jpg","https://cdn.yellosolarhub.com/products/inversores/NEOSOLAR_INVERTERS_26692.jpg|NEOSOLAR_INVERTERS_26692.jpg","imgs-index",100
"NEOSOLARINVERTERS26693","https://cdn.yellosolarhub.com/products/inversores/NEOSOLAR_INVERTERS_26693.jpg","https://cdn.yellosolarhub.com/products/inversores/NEOSOLAR_INVERTERS_26693.jpg|NEOSOLAR_INVERTERS_26693.jpg","imgs-index",100
"NEOSOLARINVERTERS26753","https://cdn.yellosolarhub.com/products/inversores/NEOSOLAR_INVERTERS_26753.jpg","https://cdn.yellosolarhub.com/products/inversores/NEOSOLAR_INVERTERS_26753.jpg|NEOSOLAR_INVERTERS_26753.jpg","imgs-index",100
"NEOSOLARINVERTERS26754","https://cdn.yellosolarhub.com/products/inversores/NEOSOLAR_INVERTERS_26754.jpg","https://cdn.yellosolarhub.com/products/inversores/NEOSOLAR_INVERTERS_26754.jpg|NEOSOLAR_INVERTERS_26754.jpg","imgs-index",100
"NEOSOLARINVERTERS26755","https://cdn.yellosolarhub.com/products/inversores/NEOSOLAR_INVERTERS_26755.jpg","https://cdn.yellosolarhub.com/products/inversores/NEOSOLAR_INVERTERS_26755.jpg|NEOSOLAR_INVERTERS_26755.jpg","imgs-index",100
"NEOSOLARINVERTERS26765","https://cdn.yellosolarhub.com/products/inversores/NEOSOLAR_INVERTERS_26765.jpg","https://cdn.yellosolarhub.com/products/inversores/NEOSOLAR_INVERTERS_26765.jpg|NEOSOLAR_INVERTERS_26765.jpg","imgs-index",100
"NEOSOLARINVERTERS26766","https://cdn.yellosolarhub.com/products/inversores/NEOSOLAR_INVERTERS_26766.jpg","https://cdn.yellosolarhub.com/products/inversores/NEOSOLAR_INVERTERS_26766.jpg|NEOSOLAR_INVERTERS_26766.jpg","imgs-index",100
"NEOSOLARINVERTERS26767","https://cdn.yellosolarhub.com/products/inversores/NEOSOLAR_INVERTERS_26767.jpg","https://cdn.yellosolarhub.com/products/inversores/NEOSOLAR_INVERTERS_26767.jpg|NEOSOLAR_INVERTERS_26767.jpg","imgs-index",100
"NEOSOLARINVERTERS26768","https://cdn.yellosolarhub.com/products/inversores/NEOSOLAR_INVERTERS_26768.jpg","https://cdn.yellosolarhub.com/products/inversores/NEOSOLAR_INVERTERS_26768.jpg|NEOSOLAR_INVERTERS_26768.jpg","imgs-index",100
"NEOSOLARINVERTERS26783","https://cdn.yellosolarhub.com/products/inversores/NEOSOLAR_INVERTERS_26783.jpg","https://cdn.yellosolarhub.com/products/inversores/NEOSOLAR_INVERTERS_26783.jpg|NEOSOLAR_INVERTERS_26783.jpg","imgs-index",100
"NEOSOLARINVERTERS26785","https://cdn.yellosolarhub.com/products/inversores/NEOSOLAR_INVERTERS_26785.jpg","https://cdn.yellosolarhub.com/products/inversores/NEOSOLAR_INVERTERS_26785.jpg|NEOSOLAR_INVERTERS_26785.jpg","imgs-index",100
"NEOSOLARINVERTERS26795","https://cdn.yellosolarhub.com/products/inversores/NEOSOLAR_INVERTERS_26795.jpg","https://cdn.yellosolarhub.com/products/inversores/NEOSOLAR_INVERTERS_26795.jpg|NEOSOLAR_INVERTERS_26795.jpg","imgs-index",100
"NEOSOLARINVERTERS26799","https://cdn.yellosolarhub.com/products/inversores/NEOSOLAR_INVERTERS_26799.jpg","https://cdn.yellosolarhub.com/products/inversores/NEOSOLAR_INVERTERS_26799.jpg|NEOSOLAR_INVERTERS_26799.jpg","imgs-index",100
"NEOSOLARINVERTERS26815","https://cdn.yellosolarhub.com/products/inversores/NEOSOLAR_INVERTERS_26815.jpg","https://cdn.yellosolarhub.com/products/inversores/NEOSOLAR_INVERTERS_26815.jpg|NEOSOLAR_INVERTERS_26815.jpg","imgs-index",100
"NEOSOLARINVERTERS26816","https://cdn.yellosolarhub.com/products/inversores/NEOSOLAR_INVERTERS_26816.jpg","https://cdn.yellosolarhub.com/products/inversores/NEOSOLAR_INVERTERS_26816.jpg|NEOSOLAR_INVERTERS_26816.jpg","imgs-index",100
"NEOSOLARINVERTERS26817","https://cdn.yellosolarhub.com/products/inversores/NEOSOLAR_INVERTERS_26817.jpg","https://cdn.yellosolarhub.com/products/inversores/NEOSOLAR_INVERTERS_26817.jpg|NEOSOLAR_INVERTERS_26817.jpg","imgs-index",100
"NEOSOLARINVERTERS26845","https://cdn.yellosolarhub.com/products/inversores/NEOSOLAR_INVERTERS_26845.jpg","https://cdn.yellosolarhub.com/products/inversores/NEOSOLAR_INVERTERS_26845.jpg|NEOSOLAR_INVERTERS_26845.jpg","imgs-index",100
"NEOSOLARINVERTERS26846","https://cdn.yellosolarhub.com/products/inversores/NEOSOLAR_INVERTERS_26846.jpg","https://cdn.yellosolarhub.com/products/inversores/NEOSOLAR_INVERTERS_26846.jpg|NEOSOLAR_INVERTERS_26846.jpg","imgs-index",100
"NEOSOLARINVERTERS26847","https://cdn.yellosolarhub.com/products/inversores/NEOSOLAR_INVERTERS_26847.jpg","https://cdn.yellosolarhub.com/products/inversores/NEOSOLAR_INVERTERS_26847.jpg|NEOSOLAR_INVERTERS_26847.jpg","imgs-index",100
"NEOSOLARINVERTERS26848","https://cdn.yellosolarhub.com/products/inversores/NEOSOLAR_INVERTERS_26848.jpg","https://cdn.yellosolarhub.com/products/inversores/NEOSOLAR_INVERTERS_26848.jpg|NEOSOLAR_INVERTERS_26848.jpg","imgs-index",100
"NEOSOLARINVERTERS26849","https://cdn.yellosolarhub.com/products/inversores/NEOSOLAR_INVERTERS_26849.jpg","https://cdn.yellosolarhub.com/products/inversores/NEOSOLAR_INVERTERS_26849.jpg|NEOSOLAR_INVERTERS_26849.jpg","imgs-index",100
"NEOSOLARINVERTERS26857","https://cdn.yellosolarhub.com/products/inversores/NEOSOLAR_INVERTERS_26857.jpg","https://cdn.yellosolarhub.com/products/inversores/NEOSOLAR_INVERTERS_26857.jpg|NEOSOLAR_INVERTERS_26857.jpg","imgs-index",100
"NEOSOLARINVERTERS26858","https://cdn.yellosolarhub.com/products/inversores/NEOSOLAR_INVERTERS_26858.jpg","https://cdn.yellosolarhub.com/products/inversores/NEOSOLAR_INVERTERS_26858.jpg|NEOSOLAR_INVERTERS_26858.jpg","imgs-index",100
"NEOSOLARINVERTERS26859","https://cdn.yellosolarhub.com/products/inversores/NEOSOLAR_INVERTERS_26859.jpg","https://cdn.yellosolarhub.com/products/inversores/NEOSOLAR_INVERTERS_26859.jpg|NEOSOLAR_INVERTERS_26859.jpg","imgs-index",100
"NEOSOLARINVERTERS26860","https://cdn.yellosolarhub.com/products/inversores/NEOSOLAR_INVERTERS_26860.jpg","https://cdn.yellosolarhub.com/products/inversores/NEOSOLAR_INVERTERS_26860.jpg|NEOSOLAR_INVERTERS_26860.jpg","imgs-index",100
"NEOSOLARINVERTERS26861","https://cdn.yellosolarhub.com/products/inversores/NEOSOLAR_INVERTERS_26861.jpg","https://cdn.yellosolarhub.com/products/inversores/NEOSOLAR_INVERTERS_26861.jpg|NEOSOLAR_INVERTERS_26861.jpg","imgs-index",100
"NEOSOLARINVERTERS26922","https://cdn.yellosolarhub.com/products/inversores/NEOSOLAR_INVERTERS_26922.jpg","https://cdn.yellosolarhub.com/products/inversores/NEOSOLAR_INVERTERS_26922.jpg|NEOSOLAR_INVERTERS_26922.jpg","imgs-index",100
"NEOSOLARINVERTERS26923","https://cdn.yellosolarhub.com/products/inversores/NEOSOLAR_INVERTERS_26923.jpg","https://cdn.yellosolarhub.com/products/inversores/NEOSOLAR_INVERTERS_26923.jpg|NEOSOLAR_INVERTERS_26923.jpg","imgs-index",100
"NEOSOLARINVERTERS26924","https://cdn.yellosolarhub.com/products/inversores/NEOSOLAR_INVERTERS_26924.jpg","https://cdn.yellosolarhub.com/products/inversores/NEOSOLAR_INVERTERS_26924.jpg|NEOSOLAR_INVERTERS_26924.jpg","imgs-index",100
"NEOSOLARINVERTERS26927","https://cdn.yellosolarhub.com/products/inversores/NEOSOLAR_INVERTERS_26927.jpg","https://cdn.yellosolarhub.com/products/inversores/NEOSOLAR_INVERTERS_26927.jpg|NEOSOLAR_INVERTERS_26927.jpg","imgs-index",100
"NEOSOLARINVERTERS26929","https://cdn.yellosolarhub.com/products/inversores/NEOSOLAR_INVERTERS_26929.jpg","https://cdn.yellosolarhub.com/products/inversores/NEOSOLAR_INVERTERS_26929.jpg|NEOSOLAR_INVERTERS_26929.jpg","imgs-index",100
"NEOSOLARINVERTERS26930","https://cdn.yellosolarhub.com/products/inversores/NEOSOLAR_INVERTERS_26930.jpg","https://cdn.yellosolarhub.com/products/inversores/NEOSOLAR_INVERTERS_26930.jpg|NEOSOLAR_INVERTERS_26930.jpg","imgs-index",100
"NEOSOLARINVERTERS26931","https://cdn.yellosolarhub.com/products/inversores/NEOSOLAR_INVERTERS_26931.jpg","https://cdn.yellosolarhub.com/products/inversores/NEOSOLAR_INVERTERS_26931.jpg|NEOSOLAR_INVERTERS_26931.jpg","imgs-index",100
"NEOSOLARINVERTERS26934","https://cdn.yellosolarhub.com/products/inversores/NEOSOLAR_INVERTERS_26934.jpg","https://cdn.yellosolarhub.com/products/inversores/NEOSOLAR_INVERTERS_26934.jpg|NEOSOLAR_INVERTERS_26934.jpg","imgs-index",100
"NEOSOLARINVERTERS26936","https://cdn.yellosolarhub.com/products/inversores/NEOSOLAR_INVERTERS_26936.jpg","https://cdn.yellosolarhub.com/products/inversores/NEOSOLAR_INVERTERS_26936.jpg|NEOSOLAR_INVERTERS_26936.jpg","imgs-index",100
"NEOSOLARINVERTERS26937","https://cdn.yellosolarhub.com/products/inversores/NEOSOLAR_INVERTERS_26937.jpg","https://cdn.yellosolarhub.com/products/inversores/NEOSOLAR_INVERTERS_26937.jpg|NEOSOLAR_INVERTERS_26937.jpg","imgs-index",100
"NEOSOLARINVERTERS26938","https://cdn.yellosolarhub.com/products/inversores/NEOSOLAR_INVERTERS_26938.jpg","https://cdn.yellosolarhub.com/products/inversores/NEOSOLAR_INVERTERS_26938.jpg|NEOSOLAR_INVERTERS_26938.jpg","imgs-index",100
"NEOSOLARINVERTERS26941","https://cdn.yellosolarhub.com/products/inversores/NEOSOLAR_INVERTERS_26941.jpg","https://cdn.yellosolarhub.com/products/inversores/NEOSOLAR_INVERTERS_26941.jpg|NEOSOLAR_INVERTERS_26941.jpg","imgs-index",100
"NEOSOLARINVERTERS26943","https://cdn.yellosolarhub.com/products/inversores/NEOSOLAR_INVERTERS_26943.jpg","https://cdn.yellosolarhub.com/products/inversores/NEOSOLAR_INVERTERS_26943.jpg|NEOSOLAR_INVERTERS_26943.jpg","imgs-index",100
"NEOSOLARINVERTERS26944","https://cdn.yellosolarhub.com/products/inversores/NEOSOLAR_INVERTERS_26944.jpg","https://cdn.yellosolarhub.com/products/inversores/NEOSOLAR_INVERTERS_26944.jpg|NEOSOLAR_INVERTERS_26944.jpg","imgs-index",100
"NEOSOLARINVERTERS26945","https://cdn.yellosolarhub.com/products/inversores/NEOSOLAR_INVERTERS_26945.jpg","https://cdn.yellosolarhub.com/products/inversores/NEOSOLAR_INVERTERS_26945.jpg|NEOSOLAR_INVERTERS_26945.jpg","imgs-index",100
"NEOSOLARINVERTERS26948","https://cdn.yellosolarhub.com/products/inversores/NEOSOLAR_INVERTERS_26948.jpg","https://cdn.yellosolarhub.com/products/inversores/NEOSOLAR_INVERTERS_26948.jpg|NEOSOLAR_INVERTERS_26948.jpg","imgs-index",100
"NEOSOLARINVERTERS27091","https://cdn.yellosolarhub.com/products/inversores/NEOSOLAR_INVERTERS_27091.jpg","https://cdn.yellosolarhub.com/products/inversores/NEOSOLAR_INVERTERS_27091.jpg|NEOSOLAR_INVERTERS_27091.jpg","imgs-index",100
"NEOSOLARINVERTERS27093","https://cdn.yellosolarhub.com/products/inversores/NEOSOLAR_INVERTERS_27093.jpg","https://cdn.yellosolarhub.com/products/inversores/NEOSOLAR_INVERTERS_27093.jpg|NEOSOLAR_INVERTERS_27093.jpg","imgs-index",100
"NEOSOLARINVERTERS27128","https://cdn.yellosolarhub.com/products/inversores/NEOSOLAR_INVERTERS_27128.jpg","https://cdn.yellosolarhub.com/products/inversores/NEOSOLAR_INVERTERS_27128.jpg|NEOSOLAR_INVERTERS_27128.jpg","imgs-index",100
"NEOSOLARINVERTERS27130","https://cdn.yellosolarhub.com/products/inversores/NEOSOLAR_INVERTERS_27130.jpg","https://cdn.yellosolarhub.com/products/inversores/NEOSOLAR_INVERTERS_27130.jpg|NEOSOLAR_INVERTERS_27130.jpg","imgs-index",100
"NEOSOLARINVERTERS27131","https://cdn.yellosolarhub.com/products/inversores/NEOSOLAR_INVERTERS_27131.jpg","https://cdn.yellosolarhub.com/products/inversores/NEOSOLAR_INVERTERS_27131.jpg|NEOSOLAR_INVERTERS_27131.jpg","imgs-index",100
"NEOSOLARINVERTERS27134","https://cdn.yellosolarhub.com/products/inversores/NEOSOLAR_INVERTERS_27134.jpg","https://cdn.yellosolarhub.com/products/inversores/NEOSOLAR_INVERTERS_27134.jpg|NEOSOLAR_INVERTERS_27134.jpg","imgs-index",100
"NEOSOLARINVERTERS27136","https://cdn.yellosolarhub.com/products/inversores/NEOSOLAR_INVERTERS_27136.jpg","https://cdn.yellosolarhub.com/products/inversores/NEOSOLAR_INVERTERS_27136.jpg|NEOSOLAR_INVERTERS_27136.jpg","imgs-index",100
"NEOSOLARINVERTERS27137","https://cdn.yellosolarhub.com/products/inversores/NEOSOLAR_INVERTERS_27137.jpg","https://cdn.yellosolarhub.com/products/inversores/NEOSOLAR_INVERTERS_27137.jpg|NEOSOLAR_INVERTERS_27137.jpg","imgs-index",100
"NEOSOLARINVERTERS27141","https://cdn.yellosolarhub.com/products/inversores/NEOSOLAR_INVERTERS_27141.jpg","https://cdn.yellosolarhub.com/products/inversores/NEOSOLAR_INVERTERS_27141.jpg|NEOSOLAR_INVERTERS_27141.jpg","imgs-index",100
"NEOSOLARINVERTERS27146","https://cdn.yellosolarhub.com/products/inversores/NEOSOLAR_INVERTERS_27146.jpg","https://cdn.yellosolarhub.com/products/inversores/NEOSOLAR_INVERTERS_27146.jpg|NEOSOLAR_INVERTERS_27146.jpg","imgs-index",100
"NEOSOLARINVERTERS27149","https://cdn.yellosolarhub.com/products/inversores/NEOSOLAR_INVERTERS_27149.jpg","https://cdn.yellosolarhub.com/products/inversores/NEOSOLAR_INVERTERS_27149.jpg|NEOSOLAR_INVERTERS_27149.jpg","imgs-index",100
"NEOSOLARINVERTERS27150","https://cdn.yellosolarhub.com/products/inversores/NEOSOLAR_INVERTERS_27150.jpg","https://cdn.yellosolarhub.com/products/inversores/NEOSOLAR_INVERTERS_27150.jpg|NEOSOLAR_INVERTERS_27150.jpg","imgs-index",100
"NEOSOLARINVERTERS27152","https://cdn.yellosolarhub.com/products/inversores/NEOSOLAR_INVERTERS_27152.jpg","https://cdn.yellosolarhub.com/products/inversores/NEOSOLAR_INVERTERS_27152.jpg|NEOSOLAR_INVERTERS_27152.jpg","imgs-index",100
"NEOSOLARINVERTERS27153","https://cdn.yellosolarhub.com/products/inversores/NEOSOLAR_INVERTERS_27153.jpg","https://cdn.yellosolarhub.com/products/inversores/NEOSOLAR_INVERTERS_27153.jpg|NEOSOLAR_INVERTERS_27153.jpg","imgs-index",100
"NEOSOLARINVERTERS27156","https://cdn.yellosolarhub.com/products/inversores/NEOSOLAR_INVERTERS_27156.jpg","https://cdn.yellosolarhub.com/products/inversores/NEOSOLAR_INVERTERS_27156.jpg|NEOSOLAR_INVERTERS_27156.jpg","imgs-index",100
"NEOSOLARINVERTERS27157","https://cdn.yellosolarhub.com/products/inversores/NEOSOLAR_INVERTERS_27157.jpg","https://cdn.yellosolarhub.com/products/inversores/NEOSOLAR_INVERTERS_27157.jpg|NEOSOLAR_INVERTERS_27157.jpg","imgs-index",100
"NEOSOLARINVERTERS27160","https://cdn.yellosolarhub.com/products/inversores/NEOSOLAR_INVERTERS_27160.jpg","https://cdn.yellosolarhub.com/products/inversores/NEOSOLAR_INVERTERS_27160.jpg|NEOSOLAR_INVERTERS_27160.jpg","imgs-index",100
"NEOSOLARINVERTERS27161","https://cdn.yellosolarhub.com/products/inversores/NEOSOLAR_INVERTERS_27161.jpg","https://cdn.yellosolarhub.com/products/inversores/NEOSOLAR_INVERTERS_27161.jpg|NEOSOLAR_INVERTERS_27161.jpg","imgs-index",100
"NEOSOLARINVERTERS27162","https://cdn.yellosolarhub.com/products/inversores/NEOSOLAR_INVERTERS_27162.jpg","https://cdn.yellosolarhub.com/products/inversores/NEOSOLAR_INVERTERS_27162.jpg|NEOSOLAR_INVERTERS_27162.jpg","imgs-index",100
"NEOSOLARINVERTERS27163","https://cdn.yellosolarhub.com/products/inversores/NEOSOLAR_INVERTERS_27163.jpg","https://cdn.yellosolarhub.com/products/inversores/NEOSOLAR_INVERTERS_27163.jpg|NEOSOLAR_INVERTERS_27163.jpg","imgs-index",100
"NEOSOLARINVERTERS27166","https://cdn.yellosolarhub.com/products/inversores/NEOSOLAR_INVERTERS_27166.jpg","https://cdn.yellosolarhub.com/products/inversores/NEOSOLAR_INVERTERS_27166.jpg|NEOSOLAR_INVERTERS_27166.jpg","imgs-index",100
"NEOSOLARINVERTERS27167","https://cdn.yellosolarhub.com/products/inversores/NEOSOLAR_INVERTERS_27167.jpg","https://cdn.yellosolarhub.com/products/inversores/NEOSOLAR_INVERTERS_27167.jpg|NEOSOLAR_INVERTERS_27167.jpg","imgs-index",100
"NEOSOLARINVERTERS27171","https://cdn.yellosolarhub.com/products/inversores/NEOSOLAR_INVERTERS_27171.jpg","https://cdn.yellosolarhub.com/products/inversores/NEOSOLAR_INVERTERS_27171.jpg|NEOSOLAR_INVERTERS_27171.jpg","imgs-index",100
"NEOSOLARINVERTERS27401","https://cdn.yellosolarhub.com/products/inversores/NEOSOLAR_INVERTERS_27401.jpg","https://cdn.yellosolarhub.com/products/inversores/NEOSOLAR_INVERTERS_27401.jpg|NEOSOLAR_INVERTERS_27401.jpg","imgs-index",100
"NEOSOLARINVERTERS27406","https://cdn.yellosolarhub.com/products/inversores/NEOSOLAR_INVERTERS_27406.jpg","https://cdn.yellosolarhub.com/products/inversores/NEOSOLAR_INVERTERS_27406.jpg|NEOSOLAR_INVERTERS_27406.jpg","imgs-index",100
"ODEXODEXESTRUTURASOLARGROUPCOLONIAL","https://cdn.yellosolarhub.com/products/inversores/ODEX-ODEX-ESTRUTURA-SOLARGROUP-COLONIAL.jpg","https://cdn.yellosolarhub.com/products/inversores/ODEX-ODEX-ESTRUTURA-SOLARGROUP-COLONIAL.jpg|ODEX-ODEX-ESTRUTURA-SOLARGROUP-COLONIAL.jpg","imgs-index",100
"ODEXODEXESTRUTURASOLARGROUPFIBROCIMENTO1","https://cdn.yellosolarhub.com/products/inversores/ODEX-ODEX-ESTRUTURA-SOLARGROUP-FIBROCIMENTO-1.jpg","https://cdn.yellosolarhub.com/products/inversores/ODEX-ODEX-ESTRUTURA-SOLARGROUP-FIBROCIMENTO-1.jpg|ODEX-ODEX-ESTRUTURA-SOLARGROUP-FIBROCIMENTO-1.jpg","imgs-index",100
"ODEXODEXESTRUTURASOLARGROUPFIBROCIMENTO","https://cdn.yellosolarhub.com/products/inversores/ODEX-ODEX-ESTRUTURA-SOLARGROUP-FIBROCIMENTO.jpg","https://cdn.yellosolarhub.com/products/inversores/ODEX-ODEX-ESTRUTURA-SOLARGROUP-FIBROCIMENTO.jpg|ODEX-ODEX-ESTRUTURA-SOLARGROUP-FIBROCIMENTO.jpg","imgs-index",100
"ODEXODEXESTRUTURASOLARGROUPMETALICO","https://cdn.yellosolarhub.com/products/inversores/ODEX-ODEX-ESTRUTURA-SOLARGROUP-METALICO.jpg","https://cdn.yellosolarhub.com/products/inversores/ODEX-ODEX-ESTRUTURA-SOLARGROUP-METALICO.jpg|ODEX-ODEX-ESTRUTURA-SOLARGROUP-METALICO.jpg","imgs-index",100
"ODEXODEXESTRUTURASOLARGROUPSOLO1","https://cdn.yellosolarhub.com/products/inversores/ODEX-ODEX-ESTRUTURA-SOLARGROUP-SOLO-1.jpg","https://cdn.yellosolarhub.com/products/inversores/ODEX-ODEX-ESTRUTURA-SOLARGROUP-SOLO-1.jpg|ODEX-ODEX-ESTRUTURA-SOLARGROUP-SOLO-1.jpg","imgs-index",100
"ODEXODEXESTRUTURASOLARGROUPSOLO","https://cdn.yellosolarhub.com/products/inversores/ODEX-ODEX-ESTRUTURA-SOLARGROUP-SOLO.jpg","https://cdn.yellosolarhub.com/products/inversores/ODEX-ODEX-ESTRUTURA-SOLARGROUP-SOLO.jpg|ODEX-ODEX-ESTRUTURA-SOLARGROUP-SOLO.jpg","imgs-index",100
"SKU112369117457314169194004","https://cdn.yellosolarhub.com/products/inversores/sku_112369_1-17457314169194004.jpeg","https://cdn.yellosolarhub.com/products/inversores/sku_112369_1-17457314169194004.jpeg|sku_112369_1-17457314169194004.jpeg","imgs-index",100
"SKU13572013572017458937387875142","https://cdn.yellosolarhub.com/products/inversores/sku_135720_135720-17458937387875142.jpeg","https://cdn.yellosolarhub.com/products/inversores/sku_135720_135720-17458937387875142.jpeg|sku_135720_135720-17458937387875142.jpeg","imgs-index",100
"SKU14576314576317456925994814488","https://cdn.yellosolarhub.com/products/inversores/sku_145763_145763-17456925994814488.jpeg","https://cdn.yellosolarhub.com/products/inversores/sku_145763_145763-17456925994814488.jpeg|sku_145763_145763-17456925994814488.jpeg","imgs-index",100
"SKU152147152147117507708324918071","https://cdn.yellosolarhub.com/products/inversores/sku_152147_152147-1-17507708324918071.jpeg","https://cdn.yellosolarhub.com/products/inversores/sku_152147_152147-1-17507708324918071.jpeg|sku_152147_152147-1-17507708324918071.jpeg","imgs-index",100
"SKU165471165471117460424443329247","https://cdn.yellosolarhub.com/products/inversores/sku_165471_165471-1-17460424443329247.jpeg","https://cdn.yellosolarhub.com/products/inversores/sku_165471_165471-1-17460424443329247.jpeg|sku_165471_165471-1-17460424443329247.jpeg","imgs-index",100
"SKU19257519257517460421976229660","https://cdn.yellosolarhub.com/products/inversores/sku_192575_192575-17460421976229660.jpeg","https://cdn.yellosolarhub.com/products/inversores/sku_192575_192575-17460421976229660.jpeg|sku_192575_192575-17460421976229660.jpeg","imgs-index",100
"SKU19257619257617458855660881319","https://cdn.yellosolarhub.com/products/inversores/sku_192576_192576-17458855660881319.jpeg","https://cdn.yellosolarhub.com/products/inversores/sku_192576_192576-17458855660881319.jpeg|sku_192576_192576-17458855660881319.jpeg","imgs-index",100
"SKU19402319402317460422066042496","https://cdn.yellosolarhub.com/products/inversores/sku_194023_194023-17460422066042496.jpeg","https://cdn.yellosolarhub.com/products/inversores/sku_194023_194023-17460422066042496.jpeg|sku_194023_194023-17460422066042496.jpeg","imgs-index",100
"SKU24676124676117460392268529534","https://cdn.yellosolarhub.com/products/inversores/sku_246761_246761-17460392268529534.jpeg","https://cdn.yellosolarhub.com/products/inversores/sku_246761_246761-17460392268529534.jpeg|sku_246761_246761-17460392268529534.jpeg","imgs-index",100
"SKU24676224676217460422357569937","https://cdn.yellosolarhub.com/products/inversores/sku_246762_246762-17460422357569937.jpeg","https://cdn.yellosolarhub.com/products/inversores/sku_246762_246762-17460422357569937.jpeg|sku_246762_246762-17460422357569937.jpeg","imgs-index",100
"SKU24676324676317460422564036824","https://cdn.yellosolarhub.com/products/inversores/sku_246763_246763-17460422564036824.jpeg","https://cdn.yellosolarhub.com/products/inversores/sku_246763_246763-17460422564036824.jpeg|sku_246763_246763-17460422564036824.jpeg","imgs-index",100
"SKU24676424676417458511580915488","https://cdn.yellosolarhub.com/products/inversores/sku_246764_246764-17458511580915488.jpeg","https://cdn.yellosolarhub.com/products/inversores/sku_246764_246764-17458511580915488.jpeg|sku_246764_246764-17458511580915488.jpeg","imgs-index",100
"SKU24676524676517457436108364088","https://cdn.yellosolarhub.com/products/inversores/sku_246765_246765-17457436108364088.jpeg","https://cdn.yellosolarhub.com/products/inversores/sku_246765_246765-17457436108364088.jpeg|sku_246765_246765-17457436108364088.jpeg","imgs-index",100
"SKU24676824676817459237636241276","https://cdn.yellosolarhub.com/products/inversores/sku_246768_246768-17459237636241276.jpeg","https://cdn.yellosolarhub.com/products/inversores/sku_246768_246768-17459237636241276.jpeg|sku_246768_246768-17459237636241276.jpeg","imgs-index",100
"SKU24677624677617460419822698100","https://cdn.yellosolarhub.com/products/inversores/sku_246776_246776-17460419822698100.jpeg","https://cdn.yellosolarhub.com/products/inversores/sku_246776_246776-17460419822698100.jpeg|sku_246776_246776-17460419822698100.jpeg","imgs-index",100
"SKU25851625851617459085227243203","https://cdn.yellosolarhub.com/products/inversores/sku_258516_258516-17459085227243203.jpeg","https://cdn.yellosolarhub.com/products/inversores/sku_258516_258516-17459085227243203.jpeg|sku_258516_258516-17459085227243203.jpeg","imgs-index",100
"SKU26727726727717458727569694572","https://cdn.yellosolarhub.com/products/inversores/sku_267277_267277-17458727569694572.jpeg","https://cdn.yellosolarhub.com/products/inversores/sku_267277_267277-17458727569694572.jpeg|sku_267277_267277-17458727569694572.jpeg","imgs-index",100
"SKU27695427695417460390182534484","https://cdn.yellosolarhub.com/products/inversores/sku_276954_276954-17460390182534484.jpeg","https://cdn.yellosolarhub.com/products/inversores/sku_276954_276954-17460390182534484.jpeg|sku_276954_276954-17460390182534484.jpeg","imgs-index",100
"SKU28924100117457929059638740","https://cdn.yellosolarhub.com/products/inversores/sku_289241_001-17457929059638740.jpeg","https://cdn.yellosolarhub.com/products/inversores/sku_289241_001-17457929059638740.jpeg|sku_289241_001-17457929059638740.jpeg","imgs-index",100
"SKU29242129242117460422200014247","https://cdn.yellosolarhub.com/products/inversores/sku_292421_292421-17460422200014247.jpeg","https://cdn.yellosolarhub.com/products/inversores/sku_292421_292421-17460422200014247.jpeg|sku_292421_292421-17460422200014247.jpeg","imgs-index",100
"SKU29242329242317459265882555020","https://cdn.yellosolarhub.com/products/inversores/sku_292423_292423-17459265882555020.jpeg","https://cdn.yellosolarhub.com/products/inversores/sku_292423_292423-17459265882555020.jpeg|sku_292423_292423-17459265882555020.jpeg","imgs-index",100
"SKU29242429242417457928091181215","https://cdn.yellosolarhub.com/products/inversores/sku_292424_292424-17457928091181215.jpeg","https://cdn.yellosolarhub.com/products/inversores/sku_292424_292424-17457928091181215.jpeg|sku_292424_292424-17457928091181215.jpeg","imgs-index",100
"SKU29243129243117458504394775074","https://cdn.yellosolarhub.com/products/inversores/sku_292431_292431-17458504394775074.jpeg","https://cdn.yellosolarhub.com/products/inversores/sku_292431_292431-17458504394775074.jpeg|sku_292431_292431-17458504394775074.jpeg","imgs-index",100
"SKU29243329243317459162631168039","https://cdn.yellosolarhub.com/products/inversores/sku_292433_292433-17459162631168039.jpeg","https://cdn.yellosolarhub.com/products/inversores/sku_292433_292433-17459162631168039.jpeg|sku_292433_292433-17459162631168039.jpeg","imgs-index",100
"SKU29243529243517460420086945208","https://cdn.yellosolarhub.com/products/inversores/sku_292435_292435-17460420086945208.jpeg","https://cdn.yellosolarhub.com/products/inversores/sku_292435_292435-17460420086945208.jpeg|sku_292435_292435-17460420086945208.jpeg","imgs-index",100
"SKU29243729243717458999759611785","https://cdn.yellosolarhub.com/products/inversores/sku_292437_292437-17458999759611785.jpeg","https://cdn.yellosolarhub.com/products/inversores/sku_292437_292437-17458999759611785.jpeg|sku_292437_292437-17458999759611785.jpeg","imgs-index",100
"SKU29243829243817459034566372442","https://cdn.yellosolarhub.com/products/inversores/sku_292438_292438-17459034566372442.jpeg","https://cdn.yellosolarhub.com/products/inversores/sku_292438_292438-17459034566372442.jpeg|sku_292438_292438-17459034566372442.jpeg","imgs-index",100
"SKU29244229244217457818261091625","https://cdn.yellosolarhub.com/products/inversores/sku_292442_292442-17457818261091625.jpeg","https://cdn.yellosolarhub.com/products/inversores/sku_292442_292442-17457818261091625.jpeg|sku_292442_292442-17457818261091625.jpeg","imgs-index",100
"SKU29959129959117467236965391281","https://cdn.yellosolarhub.com/products/inversores/sku_299591_299591-17467236965391281.jpeg","https://cdn.yellosolarhub.com/products/inversores/sku_299591_299591-17467236965391281.jpeg|sku_299591_299591-17467236965391281.jpeg","imgs-index",100
"SKU29959529959517467957208646910","https://cdn.yellosolarhub.com/products/inversores/sku_299595_299595-17467957208646910.jpeg","https://cdn.yellosolarhub.com/products/inversores/sku_299595_299595-17467957208646910.jpeg|sku_299595_299595-17467957208646910.jpeg","imgs-index",100
"SKU30615530615517479477829824229","https://cdn.yellosolarhub.com/products/inversores/sku_306155_306155-17479477829824229.jpeg","https://cdn.yellosolarhub.com/products/inversores/sku_306155_306155-17479477829824229.jpeg|sku_306155_306155-17479477829824229.jpeg","imgs-index",100
"SKU31514831514817551159943964186","https://cdn.yellosolarhub.com/products/inversores/sku_315148_315148-17551159943964186.jpeg","https://cdn.yellosolarhub.com/products/inversores/sku_315148_315148-17551159943964186.jpeg|sku_315148_315148-17551159943964186.jpeg","imgs-index",100
"FOTUSKP02KITS","https://cdn.yellosolarhub.com/products/kits/FOTUS-KP02-kits.jpg","https://cdn.yellosolarhub.com/products/kits/FOTUS-KP02-kits.jpg|FOTUS-KP02-kits.jpg","imgs-index",100
"FOTUSKP03KITS","https://cdn.yellosolarhub.com/products/kits/FOTUS-KP03-kits.jpg","https://cdn.yellosolarhub.com/products/kits/FOTUS-KP03-kits.jpg|FOTUS-KP03-kits.jpg","imgs-index",100
"FOTUSKP04KITSHIBRIDOS","https://cdn.yellosolarhub.com/products/kits/FOTUS-KP04-kits-hibridos.jpg","https://cdn.yellosolarhub.com/products/kits/FOTUS-KP04-kits-hibridos.jpg|FOTUS-KP04-kits-hibridos.jpg","imgs-index",100
"FOTUSKP04KITS","https://cdn.yellosolarhub.com/products/kits/FOTUS-KP04-kits.jpg","https://cdn.yellosolarhub.com/products/kits/FOTUS-KP04-kits.jpg|FOTUS-KP04-kits.jpg","imgs-index",100
"NEOSOLARKITS22690","https://cdn.yellosolarhub.com/products/kits/neosolar_kits_22690.jpg","https://cdn.yellosolarhub.com/products/kits/neosolar_kits_22690.jpg|neosolar_kits_22690.jpg","imgs-index",100
"NEOSOLARKITS22691","https://cdn.yellosolarhub.com/products/kits/neosolar_kits_22691.jpg","https://cdn.yellosolarhub.com/products/kits/neosolar_kits_22691.jpg|neosolar_kits_22691.jpg","imgs-index",100
"NEOSOLARKITS23586","https://cdn.yellosolarhub.com/products/kits/neosolar_kits_23586.jpg","https://cdn.yellosolarhub.com/products/kits/neosolar_kits_23586.jpg|neosolar_kits_23586.jpg","imgs-index",100
"NEOSOLARKITS23699","https://cdn.yellosolarhub.com/products/kits/neosolar_kits_23699.jpg","https://cdn.yellosolarhub.com/products/kits/neosolar_kits_23699.jpg|neosolar_kits_23699.jpg","imgs-index",100
"NEOSOLARKITS23703","https://cdn.yellosolarhub.com/products/kits/neosolar_kits_23703.jpg","https://cdn.yellosolarhub.com/products/kits/neosolar_kits_23703.jpg|neosolar_kits_23703.jpg","imgs-index",100
"NEOSOLARKITS23927","https://cdn.yellosolarhub.com/products/kits/neosolar_kits_23927.jpg","https://cdn.yellosolarhub.com/products/kits/neosolar_kits_23927.jpg|neosolar_kits_23927.jpg","imgs-index",100
"NEOSOLARKITS23928","https://cdn.yellosolarhub.com/products/kits/neosolar_kits_23928.jpg","https://cdn.yellosolarhub.com/products/kits/neosolar_kits_23928.jpg|neosolar_kits_23928.jpg","imgs-index",100
"NEOSOLARKITS23929","https://cdn.yellosolarhub.com/products/kits/neosolar_kits_23929.jpg","https://cdn.yellosolarhub.com/products/kits/neosolar_kits_23929.jpg|neosolar_kits_23929.jpg","imgs-index",100
"NEOSOLARKITS24170","https://cdn.yellosolarhub.com/products/kits/NEOSOLAR_KITS_24170.jpg","https://cdn.yellosolarhub.com/products/kits/NEOSOLAR_KITS_24170.jpg|NEOSOLAR_KITS_24170.jpg","imgs-index",100
"NEOSOLARKITS24171","https://cdn.yellosolarhub.com/products/kits/NEOSOLAR_KITS_24171.jpg","https://cdn.yellosolarhub.com/products/kits/NEOSOLAR_KITS_24171.jpg|NEOSOLAR_KITS_24171.jpg","imgs-index",100
"NEOSOLARKITS24172","https://cdn.yellosolarhub.com/products/kits/NEOSOLAR_KITS_24172.jpg","https://cdn.yellosolarhub.com/products/kits/NEOSOLAR_KITS_24172.jpg|NEOSOLAR_KITS_24172.jpg","imgs-index",100
"NEOSOLARKITS24173","https://cdn.yellosolarhub.com/products/kits/NEOSOLAR_KITS_24173.jpg","https://cdn.yellosolarhub.com/products/kits/NEOSOLAR_KITS_24173.jpg|NEOSOLAR_KITS_24173.jpg","imgs-index",100
"NEOSOLARKITS24174","https://cdn.yellosolarhub.com/products/kits/NEOSOLAR_KITS_24174.jpg","https://cdn.yellosolarhub.com/products/kits/NEOSOLAR_KITS_24174.jpg|NEOSOLAR_KITS_24174.jpg","imgs-index",100
"NEOSOLARKITS24175","https://cdn.yellosolarhub.com/products/kits/NEOSOLAR_KITS_24175.jpg","https://cdn.yellosolarhub.com/products/kits/NEOSOLAR_KITS_24175.jpg|NEOSOLAR_KITS_24175.jpg","imgs-index",100
"NEOSOLARKITS25043","https://cdn.yellosolarhub.com/products/kits/neosolar_kits_25043.jpg","https://cdn.yellosolarhub.com/products/kits/neosolar_kits_25043.jpg|neosolar_kits_25043.jpg","imgs-index",100
"NEOSOLARKITS25044","https://cdn.yellosolarhub.com/products/kits/neosolar_kits_25044.jpg","https://cdn.yellosolarhub.com/products/kits/neosolar_kits_25044.jpg|neosolar_kits_25044.jpg","imgs-index",100
"NEOSOLARKITS25045","https://cdn.yellosolarhub.com/products/kits/neosolar_kits_25045.jpg","https://cdn.yellosolarhub.com/products/kits/neosolar_kits_25045.jpg|neosolar_kits_25045.jpg","imgs-index",100
"NEOSOLARKITS25046","https://cdn.yellosolarhub.com/products/kits/neosolar_kits_25046.jpg","https://cdn.yellosolarhub.com/products/kits/neosolar_kits_25046.jpg|neosolar_kits_25046.jpg","imgs-index",100
"NEOSOLARKITS25047","https://cdn.yellosolarhub.com/products/kits/neosolar_kits_25047.jpg","https://cdn.yellosolarhub.com/products/kits/neosolar_kits_25047.jpg|neosolar_kits_25047.jpg","imgs-index",100
"NEOSOLARKITS25048","https://cdn.yellosolarhub.com/products/kits/neosolar_kits_25048.jpg","https://cdn.yellosolarhub.com/products/kits/neosolar_kits_25048.jpg|neosolar_kits_25048.jpg","imgs-index",100
"NEOSOLARKITS25049","https://cdn.yellosolarhub.com/products/kits/neosolar_kits_25049.jpg","https://cdn.yellosolarhub.com/products/kits/neosolar_kits_25049.jpg|neosolar_kits_25049.jpg","imgs-index",100
"NEOSOLARKITS25053","https://cdn.yellosolarhub.com/products/kits/neosolar_kits_25053.jpg","https://cdn.yellosolarhub.com/products/kits/neosolar_kits_25053.jpg|neosolar_kits_25053.jpg","imgs-index",100
"NEOSOLARKITS25129","https://cdn.yellosolarhub.com/products/kits/neosolar_kits_25129.jpg","https://cdn.yellosolarhub.com/products/kits/neosolar_kits_25129.jpg|neosolar_kits_25129.jpg","imgs-index",100
"NEOSOLARKITS25130","https://cdn.yellosolarhub.com/products/kits/neosolar_kits_25130.jpg","https://cdn.yellosolarhub.com/products/kits/neosolar_kits_25130.jpg|neosolar_kits_25130.jpg","imgs-index",100
"NEOSOLARKITS25131","https://cdn.yellosolarhub.com/products/kits/neosolar_kits_25131.jpg","https://cdn.yellosolarhub.com/products/kits/neosolar_kits_25131.jpg|neosolar_kits_25131.jpg","imgs-index",100
"NEOSOLARKITS25132","https://cdn.yellosolarhub.com/products/kits/neosolar_kits_25132.jpg","https://cdn.yellosolarhub.com/products/kits/neosolar_kits_25132.jpg|neosolar_kits_25132.jpg","imgs-index",100
"NEOSOLARKITS25154","https://cdn.yellosolarhub.com/products/kits/neosolar_kits_25154.jpg","https://cdn.yellosolarhub.com/products/kits/neosolar_kits_25154.jpg|neosolar_kits_25154.jpg","imgs-index",100
"NEOSOLARKITS25156","https://cdn.yellosolarhub.com/products/kits/neosolar_kits_25156.jpg","https://cdn.yellosolarhub.com/products/kits/neosolar_kits_25156.jpg|neosolar_kits_25156.jpg","imgs-index",100
"NEOSOLARKITS25158","https://cdn.yellosolarhub.com/products/kits/neosolar_kits_25158.jpg","https://cdn.yellosolarhub.com/products/kits/neosolar_kits_25158.jpg|neosolar_kits_25158.jpg","imgs-index",100
"NEOSOLARKITS25160","https://cdn.yellosolarhub.com/products/kits/neosolar_kits_25160.jpg","https://cdn.yellosolarhub.com/products/kits/neosolar_kits_25160.jpg|neosolar_kits_25160.jpg","imgs-index",100
"NEOSOLARKITS25162","https://cdn.yellosolarhub.com/products/kits/neosolar_kits_25162.jpg","https://cdn.yellosolarhub.com/products/kits/neosolar_kits_25162.jpg|neosolar_kits_25162.jpg","imgs-index",100
"NEOSOLARKITS25163","https://cdn.yellosolarhub.com/products/kits/neosolar_kits_25163.jpg","https://cdn.yellosolarhub.com/products/kits/neosolar_kits_25163.jpg|neosolar_kits_25163.jpg","imgs-index",100
"NEOSOLARKITS25164","https://cdn.yellosolarhub.com/products/kits/neosolar_kits_25164.jpg","https://cdn.yellosolarhub.com/products/kits/neosolar_kits_25164.jpg|neosolar_kits_25164.jpg","imgs-index",100
"NEOSOLARKITS26694","https://cdn.yellosolarhub.com/products/kits/neosolar_kits_26694.jpg","https://cdn.yellosolarhub.com/products/kits/neosolar_kits_26694.jpg|neosolar_kits_26694.jpg","imgs-index",100
"NEOSOLARKITS26695","https://cdn.yellosolarhub.com/products/kits/neosolar_kits_26695.jpg","https://cdn.yellosolarhub.com/products/kits/neosolar_kits_26695.jpg|neosolar_kits_26695.jpg","imgs-index",100
"NEOSOLARKITS26696","https://cdn.yellosolarhub.com/products/kits/neosolar_kits_26696.jpg","https://cdn.yellosolarhub.com/products/kits/neosolar_kits_26696.jpg|neosolar_kits_26696.jpg","imgs-index",100
"NEOSOLARKITS26697","https://cdn.yellosolarhub.com/products/kits/neosolar_kits_26697.jpg","https://cdn.yellosolarhub.com/products/kits/neosolar_kits_26697.jpg|neosolar_kits_26697.jpg","imgs-index",100
"NEOSOLARKITS26698","https://cdn.yellosolarhub.com/products/kits/neosolar_kits_26698.jpg","https://cdn.yellosolarhub.com/products/kits/neosolar_kits_26698.jpg|neosolar_kits_26698.jpg","imgs-index",100
"NEOSOLARKITS26699","https://cdn.yellosolarhub.com/products/kits/neosolar_kits_26699.jpg","https://cdn.yellosolarhub.com/products/kits/neosolar_kits_26699.jpg|neosolar_kits_26699.jpg","imgs-index",100
"NEOSOLARKITS26700","https://cdn.yellosolarhub.com/products/kits/neosolar_kits_26700.jpg","https://cdn.yellosolarhub.com/products/kits/neosolar_kits_26700.jpg|neosolar_kits_26700.jpg","imgs-index",100
"NEOSOLARKITS26701","https://cdn.yellosolarhub.com/products/kits/neosolar_kits_26701.jpg","https://cdn.yellosolarhub.com/products/kits/neosolar_kits_26701.jpg|neosolar_kits_26701.jpg","imgs-index",100
"NEOSOLARKITS26720","https://cdn.yellosolarhub.com/products/kits/neosolar_kits_26720.jpg","https://cdn.yellosolarhub.com/products/kits/neosolar_kits_26720.jpg|neosolar_kits_26720.jpg","imgs-index",100
"NEOSOLARKITS26721","https://cdn.yellosolarhub.com/products/kits/neosolar_kits_26721.jpg","https://cdn.yellosolarhub.com/products/kits/neosolar_kits_26721.jpg|neosolar_kits_26721.jpg","imgs-index",100
"NEOSOLARKITS26722","https://cdn.yellosolarhub.com/products/kits/neosolar_kits_26722.jpg","https://cdn.yellosolarhub.com/products/kits/neosolar_kits_26722.jpg|neosolar_kits_26722.jpg","imgs-index",100
"NEOSOLARKITS26723","https://cdn.yellosolarhub.com/products/kits/neosolar_kits_26723.jpg","https://cdn.yellosolarhub.com/products/kits/neosolar_kits_26723.jpg|neosolar_kits_26723.jpg","imgs-index",100
"NEOSOLARKITS26968","https://cdn.yellosolarhub.com/products/kits/neosolar_kits_26968.jpg","https://cdn.yellosolarhub.com/products/kits/neosolar_kits_26968.jpg|neosolar_kits_26968.jpg","imgs-index",100
"NEOSOLARKITS26969","https://cdn.yellosolarhub.com/products/kits/neosolar_kits_26969.jpg","https://cdn.yellosolarhub.com/products/kits/neosolar_kits_26969.jpg|neosolar_kits_26969.jpg","imgs-index",100
"NEOSOLARKITS26970","https://cdn.yellosolarhub.com/products/kits/neosolar_kits_26970.jpg","https://cdn.yellosolarhub.com/products/kits/neosolar_kits_26970.jpg|neosolar_kits_26970.jpg","imgs-index",100
"NEOSOLARKITS26971","https://cdn.yellosolarhub.com/products/kits/neosolar_kits_26971.jpg","https://cdn.yellosolarhub.com/products/kits/neosolar_kits_26971.jpg|neosolar_kits_26971.jpg","imgs-index",100
"NEOSOLARKITS26972","https://cdn.yellosolarhub.com/products/kits/neosolar_kits_26972.jpg","https://cdn.yellosolarhub.com/products/kits/neosolar_kits_26972.jpg|neosolar_kits_26972.jpg","imgs-index",100
"NEOSOLARKITS26975","https://cdn.yellosolarhub.com/products/kits/neosolar_kits_26975.jpg","https://cdn.yellosolarhub.com/products/kits/neosolar_kits_26975.jpg|neosolar_kits_26975.jpg","imgs-index",100
"NEOSOLARKITS26984","https://cdn.yellosolarhub.com/products/kits/neosolar_kits_26984.jpg","https://cdn.yellosolarhub.com/products/kits/neosolar_kits_26984.jpg|neosolar_kits_26984.jpg","imgs-index",100
"NEOSOLARKITS26985","https://cdn.yellosolarhub.com/products/kits/neosolar_kits_26985.jpg","https://cdn.yellosolarhub.com/products/kits/neosolar_kits_26985.jpg|neosolar_kits_26985.jpg","imgs-index",100
"NEOSOLARKITS26986","https://cdn.yellosolarhub.com/products/kits/neosolar_kits_26986.jpg","https://cdn.yellosolarhub.com/products/kits/neosolar_kits_26986.jpg|neosolar_kits_26986.jpg","imgs-index",100
"NEOSOLARKITS26987","https://cdn.yellosolarhub.com/products/kits/neosolar_kits_26987.jpg","https://cdn.yellosolarhub.com/products/kits/neosolar_kits_26987.jpg|neosolar_kits_26987.jpg","imgs-index",100
"NEOSOLARKITS26988","https://cdn.yellosolarhub.com/products/kits/neosolar_kits_26988.jpg","https://cdn.yellosolarhub.com/products/kits/neosolar_kits_26988.jpg|neosolar_kits_26988.jpg","imgs-index",100
"NEOSOLARKITS26991","https://cdn.yellosolarhub.com/products/kits/neosolar_kits_26991.jpg","https://cdn.yellosolarhub.com/products/kits/neosolar_kits_26991.jpg|neosolar_kits_26991.jpg","imgs-index",100
"NEOSOLARKITS27259","https://cdn.yellosolarhub.com/products/kits/neosolar_kits_27259.jpg","https://cdn.yellosolarhub.com/products/kits/neosolar_kits_27259.jpg|neosolar_kits_27259.jpg","imgs-index",100
"NEOSOLARKITS27260","https://cdn.yellosolarhub.com/products/kits/neosolar_kits_27260.jpg","https://cdn.yellosolarhub.com/products/kits/neosolar_kits_27260.jpg|neosolar_kits_27260.jpg","imgs-index",100
"NEOSOLARKITS27261","https://cdn.yellosolarhub.com/products/kits/neosolar_kits_27261.jpg","https://cdn.yellosolarhub.com/products/kits/neosolar_kits_27261.jpg|neosolar_kits_27261.jpg","imgs-index",100
"NEOSOLARKITS27262","https://cdn.yellosolarhub.com/products/kits/neosolar_kits_27262.jpg","https://cdn.yellosolarhub.com/products/kits/neosolar_kits_27262.jpg|neosolar_kits_27262.jpg","imgs-index",100
"NEOSOLARKITS27263","https://cdn.yellosolarhub.com/products/kits/neosolar_kits_27263.jpg","https://cdn.yellosolarhub.com/products/kits/neosolar_kits_27263.jpg|neosolar_kits_27263.jpg","imgs-index",100
"NEOSOLARKITS27264","https://cdn.yellosolarhub.com/products/kits/neosolar_kits_27264.jpg","https://cdn.yellosolarhub.com/products/kits/neosolar_kits_27264.jpg|neosolar_kits_27264.jpg","imgs-index",100
"NEOSOLARKITS27265","https://cdn.yellosolarhub.com/products/kits/neosolar_kits_27265.jpg","https://cdn.yellosolarhub.com/products/kits/neosolar_kits_27265.jpg|neosolar_kits_27265.jpg","imgs-index",100
"NEOSOLARKITS27266","https://cdn.yellosolarhub.com/products/kits/neosolar_kits_27266.jpg","https://cdn.yellosolarhub.com/products/kits/neosolar_kits_27266.jpg|neosolar_kits_27266.jpg","imgs-index",100
"NEOSOLARKITS27267","https://cdn.yellosolarhub.com/products/kits/neosolar_kits_27267.jpg","https://cdn.yellosolarhub.com/products/kits/neosolar_kits_27267.jpg|neosolar_kits_27267.jpg","imgs-index",100
"NEOSOLARKITS27268","https://cdn.yellosolarhub.com/products/kits/neosolar_kits_27268.jpg","https://cdn.yellosolarhub.com/products/kits/neosolar_kits_27268.jpg|neosolar_kits_27268.jpg","imgs-index",100
"NEOSOLARKITS27269","https://cdn.yellosolarhub.com/products/kits/neosolar_kits_27269.jpg","https://cdn.yellosolarhub.com/products/kits/neosolar_kits_27269.jpg|neosolar_kits_27269.jpg","imgs-index",100
"NEOSOLARKITS27270","https://cdn.yellosolarhub.com/products/kits/neosolar_kits_27270.jpg","https://cdn.yellosolarhub.com/products/kits/neosolar_kits_27270.jpg|neosolar_kits_27270.jpg","imgs-index",100
"NEOSOLARKITS27296","https://cdn.yellosolarhub.com/products/kits/neosolar_kits_27296.jpg","https://cdn.yellosolarhub.com/products/kits/neosolar_kits_27296.jpg|neosolar_kits_27296.jpg","imgs-index",100
"NEOSOLARKITS27297","https://cdn.yellosolarhub.com/products/kits/neosolar_kits_27297.jpg","https://cdn.yellosolarhub.com/products/kits/neosolar_kits_27297.jpg|neosolar_kits_27297.jpg","imgs-index",100
"NEOSOLARKITS27298","https://cdn.yellosolarhub.com/products/kits/neosolar_kits_27298.jpg","https://cdn.yellosolarhub.com/products/kits/neosolar_kits_27298.jpg|neosolar_kits_27298.jpg","imgs-index",100
"NEOSOLARKITS27299","https://cdn.yellosolarhub.com/products/kits/neosolar_kits_27299.jpg","https://cdn.yellosolarhub.com/products/kits/neosolar_kits_27299.jpg|neosolar_kits_27299.jpg","imgs-index",100
"NEOSOLARKITS27300","https://cdn.yellosolarhub.com/products/kits/neosolar_kits_27300.jpg","https://cdn.yellosolarhub.com/products/kits/neosolar_kits_27300.jpg|neosolar_kits_27300.jpg","imgs-index",100
"NEOSOLARKITS27301","https://cdn.yellosolarhub.com/products/kits/neosolar_kits_27301.jpg","https://cdn.yellosolarhub.com/products/kits/neosolar_kits_27301.jpg|neosolar_kits_27301.jpg","imgs-index",100
"NEOSOLARKITS27302","https://cdn.yellosolarhub.com/products/kits/neosolar_kits_27302.jpg","https://cdn.yellosolarhub.com/products/kits/neosolar_kits_27302.jpg|neosolar_kits_27302.jpg","imgs-index",100
"NEOSOLARKITS27303","https://cdn.yellosolarhub.com/products/kits/neosolar_kits_27303.jpg","https://cdn.yellosolarhub.com/products/kits/neosolar_kits_27303.jpg|neosolar_kits_27303.jpg","imgs-index",100
"NEOSOLARKITS27304","https://cdn.yellosolarhub.com/products/kits/neosolar_kits_27304.jpg","https://cdn.yellosolarhub.com/products/kits/neosolar_kits_27304.jpg|neosolar_kits_27304.jpg","imgs-index",100
"NEOSOLARKITS27305","https://cdn.yellosolarhub.com/products/kits/neosolar_kits_27305.jpg","https://cdn.yellosolarhub.com/products/kits/neosolar_kits_27305.jpg|neosolar_kits_27305.jpg","imgs-index",100
"NEOSOLARKITS27306","https://cdn.yellosolarhub.com/products/kits/neosolar_kits_27306.jpg","https://cdn.yellosolarhub.com/products/kits/neosolar_kits_27306.jpg|neosolar_kits_27306.jpg","imgs-index",100
"NEOSOLARKITS27313","https://cdn.yellosolarhub.com/products/kits/neosolar_kits_27313.jpg","https://cdn.yellosolarhub.com/products/kits/neosolar_kits_27313.jpg|neosolar_kits_27313.jpg","imgs-index",100
"NEOSOLARKITS27314","https://cdn.yellosolarhub.com/products/kits/neosolar_kits_27314.jpg","https://cdn.yellosolarhub.com/products/kits/neosolar_kits_27314.jpg|neosolar_kits_27314.jpg","imgs-index",100
"NEOSOLARKITS27315","https://cdn.yellosolarhub.com/products/kits/neosolar_kits_27315.jpg","https://cdn.yellosolarhub.com/products/kits/neosolar_kits_27315.jpg|neosolar_kits_27315.jpg","imgs-index",100
"NEOSOLARKITS27339","https://cdn.yellosolarhub.com/products/kits/neosolar_kits_27339.jpg","https://cdn.yellosolarhub.com/products/kits/neosolar_kits_27339.jpg|neosolar_kits_27339.jpg","imgs-index",100
"NEOSOLARKITS27347","https://cdn.yellosolarhub.com/products/kits/neosolar_kits_27347.jpg","https://cdn.yellosolarhub.com/products/kits/neosolar_kits_27347.jpg|neosolar_kits_27347.jpg","imgs-index",100
"NEOSOLARKITS27348","https://cdn.yellosolarhub.com/products/kits/neosolar_kits_27348.jpg","https://cdn.yellosolarhub.com/products/kits/neosolar_kits_27348.jpg|neosolar_kits_27348.jpg","imgs-index",100
"NEOSOLARKITS27349","https://cdn.yellosolarhub.com/products/kits/neosolar_kits_27349.jpg","https://cdn.yellosolarhub.com/products/kits/neosolar_kits_27349.jpg|neosolar_kits_27349.jpg","imgs-index",100
"NEOSOLARKITS27378","https://cdn.yellosolarhub.com/products/kits/neosolar_kits_27378.jpg","https://cdn.yellosolarhub.com/products/kits/neosolar_kits_27378.jpg|neosolar_kits_27378.jpg","imgs-index",100
"NEOSOLARKITS27475","https://cdn.yellosolarhub.com/products/kits/neosolar_kits_27475.jpg","https://cdn.yellosolarhub.com/products/kits/neosolar_kits_27475.jpg|neosolar_kits_27475.jpg","imgs-index",100
"NEOSOLARKITS27476","https://cdn.yellosolarhub.com/products/kits/neosolar_kits_27476.jpg","https://cdn.yellosolarhub.com/products/kits/neosolar_kits_27476.jpg|neosolar_kits_27476.jpg","imgs-index",100
"ENPHASEIQ8P722BRIMAGEPRODUCT600340","https://cdn.yellosolarhub.com/products/inversores/ENPHASE-IQ8P-72-2-BR_IMAGE_PRODUCT_600340.jpeg","https://cdn.yellosolarhub.com/products/inversores/ENPHASE-IQ8P-72-2-BR_IMAGE_PRODUCT_600340.jpeg|ENPHASE-IQ8P-72-2-BR_IMAGE_PRODUCT_600340.jpeg","imgs-index",100
"GOODWEEZLOGGERPROIMAGE","https://cdn.yellosolarhub.com/products/inversores/GOODWE-EZLOGGER PRO_image.png","https://cdn.yellosolarhub.com/products/inversores/GOODWE-EZLOGGER PRO_image.png|GOODWE-EZLOGGER PRO_image.png","imgs-index",100
"GOODWEGW3300XS30AFCIIMAGE","https://cdn.yellosolarhub.com/products/inversores/GOODWE-GW 3300-XS-30 - AFCI_image.png","https://cdn.yellosolarhub.com/products/inversores/GOODWE-GW 3300-XS-30 - AFCI_image.png|GOODWE-GW 3300-XS-30 - AFCI_image.png","imgs-index",100
"GOODWEGW5000DNS3016AAFCIIMAGE","https://cdn.yellosolarhub.com/products/inversores/GOODWE-GW 5000-DNS-30 (16A) - AFCI_image.png","https://cdn.yellosolarhub.com/products/inversores/GOODWE-GW 5000-DNS-30 (16A) - AFCI_image.png|GOODWE-GW 5000-DNS-30 (16A) - AFCI_image.png","imgs-index",100
"GOODWEGW2000MISIMAGEPRODUCT600329","https://cdn.yellosolarhub.com/products/inversores/GOODWE-GW2000-MIS_IMAGE_PRODUCT_600329.jpg","https://cdn.yellosolarhub.com/products/inversores/GOODWE-GW2000-MIS_IMAGE_PRODUCT_600329.jpg|GOODWE-GW2000-MIS_IMAGE_PRODUCT_600329.jpg","imgs-index",100
"GOODWEGW3500LESBR20IMAGEPRODUCT600361","https://cdn.yellosolarhub.com/products/inversores/GOODWE-GW3500L-ES-BR20_IMAGE_PRODUCT_600361.png","https://cdn.yellosolarhub.com/products/inversores/GOODWE-GW3500L-ES-BR20_IMAGE_PRODUCT_600361.png|GOODWE-GW3500L-ES-BR20_IMAGE_PRODUCT_600361.png","imgs-index",100
"GOODWEGW3600ESBR20AFCIIMAGE","https://cdn.yellosolarhub.com/products/inversores/GOODWE-GW3600-ES-BR20 - AFCI_image.png","https://cdn.yellosolarhub.com/products/inversores/GOODWE-GW3600-ES-BR20 - AFCI_image.png|GOODWE-GW3600-ES-BR20 - AFCI_image.png","imgs-index",100
"GOODWEGW6000ESBR20AFCIIMAGE","https://cdn.yellosolarhub.com/products/inversores/GOODWE-GW6000-ES-BR20 - AFCI_image.png","https://cdn.yellosolarhub.com/products/inversores/GOODWE-GW6000-ES-BR20 - AFCI_image.png|GOODWE-GW6000-ES-BR20 - AFCI_image.png","imgs-index",100
"GOODWEGW6000SBP20IMAGE","https://cdn.yellosolarhub.com/products/inversores/GOODWE-GW6000-SBP-20_image.webp","https://cdn.yellosolarhub.com/products/inversores/GOODWE-GW6000-SBP-20_image.webp|GOODWE-GW6000-SBP-20_image.webp","imgs-index",100
"192068","https://cdn.yellosolarhub.com/products/stringboxes/192068.jpg","https://cdn.yellosolarhub.com/products/stringboxes/192068.jpg|192068.jpg","imgs-index",100
"215563","https://cdn.yellosolarhub.com/products/paineis/215563.jpg","https://cdn.yellosolarhub.com/products/paineis/215563.jpg|215563.jpg","imgs-index",100
"289244","https://cdn.yellosolarhub.com/products/paineis/289244.jpg","https://cdn.yellosolarhub.com/products/paineis/289244.jpg|289244.jpg","imgs-index",100
"291808","https://cdn.yellosolarhub.com/products/paineis/291808.jpg","https://cdn.yellosolarhub.com/products/paineis/291808.jpg|291808.jpg","imgs-index",100
"299586","https://cdn.yellosolarhub.com/products/paineis/299586.jpg","https://cdn.yellosolarhub.com/products/paineis/299586.jpg|299586.jpg","imgs-index",100
"299589","https://cdn.yellosolarhub.com/products/paineis/299589.jpg","https://cdn.yellosolarhub.com/products/paineis/299589.jpg|299589.jpg","imgs-index",100
"300585","https://cdn.yellosolarhub.com/products/paineis/300585.jpg","https://cdn.yellosolarhub.com/products/paineis/300585.jpg|300585.jpg","imgs-index",100
"304574","https://cdn.yellosolarhub.com/products/paineis/304574.jpg","https://cdn.yellosolarhub.com/products/paineis/304574.jpg|304574.jpg","imgs-index",100
"IMAGE","https://cdn.yellosolarhub.com/products/acessorios/image.png","https://cdn.yellosolarhub.com/products/acessorios/image.png|image.png","imgs-index",100
"IMAGEPRODUCT450083","https://cdn.yellosolarhub.com/products/acessorios/IMAGE_PRODUCT_450083.png","https://cdn.yellosolarhub.com/products/acessorios/IMAGE_PRODUCT_450083.png|IMAGE_PRODUCT_450083.png","imgs-index",100
"IMAGEPRODUCT450094","https://cdn.yellosolarhub.com/products/acessorios/IMAGE_PRODUCT_450094.png","https://cdn.yellosolarhub.com/products/acessorios/IMAGE_PRODUCT_450094.png|IMAGE_PRODUCT_450094.png","imgs-index",100
"IMAGEPRODUCT450114","https://cdn.yellosolarhub.com/products/acessorios/IMAGE_PRODUCT_450114.png","https://cdn.yellosolarhub.com/products/acessorios/IMAGE_PRODUCT_450114.png|IMAGE_PRODUCT_450114.png","imgs-index",100
"IMAGEPRODUCT450118","https://cdn.yellosolarhub.com/products/acessorios/IMAGE_PRODUCT_450118.jpg","https://cdn.yellosolarhub.com/products/acessorios/IMAGE_PRODUCT_450118.jpg|IMAGE_PRODUCT_450118.jpg","imgs-index",100
"IMAGEPRODUCT450123","https://cdn.yellosolarhub.com/products/acessorios/IMAGE_PRODUCT_450123.png","https://cdn.yellosolarhub.com/products/acessorios/IMAGE_PRODUCT_450123.png|IMAGE_PRODUCT_450123.png","imgs-index",100
"PAINELBYDBYD530WMLK36530W","https://cdn.yellosolarhub.com/products/BYD/PAINEL-BYD-BYD-530W-MLK-36---530W.png","https://cdn.yellosolarhub.com/products/BYD/PAINEL-BYD-BYD-530W-MLK-36---530W.png|PAINEL-BYD-BYD-530W-MLK-36---530W.png","imgs-index",100
"NEOSOLARCHARGERS20031","https://cdn.yellosolarhub.com/products/carregadores/NEOSOLAR_CHARGERS_20031.jpg","https://cdn.yellosolarhub.com/products/carregadores/NEOSOLAR_CHARGERS_20031.jpg|NEOSOLAR_CHARGERS_20031.jpg","imgs-index",100
"NEOSOLARCHARGERS20034","https://cdn.yellosolarhub.com/products/carregadores/NEOSOLAR_CHARGERS_20034.jpg","https://cdn.yellosolarhub.com/products/carregadores/NEOSOLAR_CHARGERS_20034.jpg|NEOSOLAR_CHARGERS_20034.jpg","imgs-index",100
"NEOSOLARCHARGERS20035","https://cdn.yellosolarhub.com/products/carregadores/NEOSOLAR_CHARGERS_20035.jpg","https://cdn.yellosolarhub.com/products/carregadores/NEOSOLAR_CHARGERS_20035.jpg|NEOSOLAR_CHARGERS_20035.jpg","imgs-index",100
"NEOSOLARCHARGERS20043","https://cdn.yellosolarhub.com/products/carregadores/NEOSOLAR_CHARGERS_20043.jpg","https://cdn.yellosolarhub.com/products/carregadores/NEOSOLAR_CHARGERS_20043.jpg|NEOSOLAR_CHARGERS_20043.jpg","imgs-index",100
"NEOSOLARCHARGERS20044","https://cdn.yellosolarhub.com/products/carregadores/NEOSOLAR_CHARGERS_20044.jpg","https://cdn.yellosolarhub.com/products/carregadores/NEOSOLAR_CHARGERS_20044.jpg|NEOSOLAR_CHARGERS_20044.jpg","imgs-index",100
"NEOSOLARCHARGERS20045","https://cdn.yellosolarhub.com/products/carregadores/NEOSOLAR_CHARGERS_20045.jpg","https://cdn.yellosolarhub.com/products/carregadores/NEOSOLAR_CHARGERS_20045.jpg|NEOSOLAR_CHARGERS_20045.jpg","imgs-index",100
"NEOSOLARCHARGERS20858","https://cdn.yellosolarhub.com/products/carregadores/neosolar_chargers_20858.jpg","https://cdn.yellosolarhub.com/products/carregadores/neosolar_chargers_20858.jpg|neosolar_chargers_20858.jpg","imgs-index",100
"NEOSOLARCHARGERS20859","https://cdn.yellosolarhub.com/products/carregadores/NEOSOLAR_CHARGERS_20859.jpg","https://cdn.yellosolarhub.com/products/carregadores/NEOSOLAR_CHARGERS_20859.jpg|NEOSOLAR_CHARGERS_20859.jpg","imgs-index",100
"NEOSOLARCHARGERS20860","https://cdn.yellosolarhub.com/products/carregadores/NEOSOLAR_CHARGERS_20860.jpg","https://cdn.yellosolarhub.com/products/carregadores/NEOSOLAR_CHARGERS_20860.jpg|NEOSOLAR_CHARGERS_20860.jpg","imgs-index",100
"NEOSOLARCHARGERS20861","https://cdn.yellosolarhub.com/products/carregadores/NEOSOLAR_CHARGERS_20861.jpg","https://cdn.yellosolarhub.com/products/carregadores/NEOSOLAR_CHARGERS_20861.jpg|NEOSOLAR_CHARGERS_20861.jpg","imgs-index",100
"NEOSOLARCHARGERS20862","https://cdn.yellosolarhub.com/products/carregadores/NEOSOLAR_CHARGERS_20862.jpg","https://cdn.yellosolarhub.com/products/carregadores/NEOSOLAR_CHARGERS_20862.jpg|NEOSOLAR_CHARGERS_20862.jpg","imgs-index",100
"NEOSOLARCHARGERS20863","https://cdn.yellosolarhub.com/products/carregadores/NEOSOLAR_CHARGERS_20863.jpg","https://cdn.yellosolarhub.com/products/carregadores/NEOSOLAR_CHARGERS_20863.jpg|NEOSOLAR_CHARGERS_20863.jpg","imgs-index",100
"NEOSOLARCHARGERS20864","https://cdn.yellosolarhub.com/products/carregadores/NEOSOLAR_CHARGERS_20864.jpg","https://cdn.yellosolarhub.com/products/carregadores/NEOSOLAR_CHARGERS_20864.jpg|NEOSOLAR_CHARGERS_20864.jpg","imgs-index",100
"NEOSOLARCHARGERS20865","https://cdn.yellosolarhub.com/products/carregadores/neosolar_chargers_20865.jpg","https://cdn.yellosolarhub.com/products/carregadores/neosolar_chargers_20865.jpg|neosolar_chargers_20865.jpg","imgs-index",100
"NEOSOLARCHARGERS20866","https://cdn.yellosolarhub.com/products/carregadores/neosolar_chargers_20866.jpg","https://cdn.yellosolarhub.com/products/carregadores/neosolar_chargers_20866.jpg|neosolar_chargers_20866.jpg","imgs-index",100
"NEOSOLARCHARGERS20868","https://cdn.yellosolarhub.com/products/carregadores/NEOSOLAR_CHARGERS_20868.jpg","https://cdn.yellosolarhub.com/products/carregadores/NEOSOLAR_CHARGERS_20868.jpg|NEOSOLAR_CHARGERS_20868.jpg","imgs-index",100
"NEOSOLARCHARGERS20870","https://cdn.yellosolarhub.com/products/carregadores/NEOSOLAR_CHARGERS_20870.jpg","https://cdn.yellosolarhub.com/products/carregadores/NEOSOLAR_CHARGERS_20870.jpg|NEOSOLAR_CHARGERS_20870.jpg","imgs-index",100
"NEOSOLARCHARGERS20871","https://cdn.yellosolarhub.com/products/carregadores/NEOSOLAR_CHARGERS_20871.jpg","https://cdn.yellosolarhub.com/products/carregadores/NEOSOLAR_CHARGERS_20871.jpg|NEOSOLAR_CHARGERS_20871.jpg","imgs-index",100
"NEOSOLARCHARGERS20872","https://cdn.yellosolarhub.com/products/carregadores/NEOSOLAR_CHARGERS_20872.jpg","https://cdn.yellosolarhub.com/products/carregadores/NEOSOLAR_CHARGERS_20872.jpg|NEOSOLAR_CHARGERS_20872.jpg","imgs-index",100
"NEOSOLARCHARGERS20873","https://cdn.yellosolarhub.com/products/carregadores/neosolar_chargers_20873.jpg","https://cdn.yellosolarhub.com/products/carregadores/neosolar_chargers_20873.jpg|neosolar_chargers_20873.jpg","imgs-index",100
"NEOSOLARCHARGERS21294","https://cdn.yellosolarhub.com/products/carregadores/NEOSOLAR_CHARGERS_21294.jpg","https://cdn.yellosolarhub.com/products/carregadores/NEOSOLAR_CHARGERS_21294.jpg|NEOSOLAR_CHARGERS_21294.jpg","imgs-index",100
"NEOSOLARCHARGERS21295","https://cdn.yellosolarhub.com/products/carregadores/NEOSOLAR_CHARGERS_21295.jpg","https://cdn.yellosolarhub.com/products/carregadores/NEOSOLAR_CHARGERS_21295.jpg|NEOSOLAR_CHARGERS_21295.jpg","imgs-index",100
"NEOSOLARCHARGERS21741","https://cdn.yellosolarhub.com/products/carregadores/neosolar_chargers_21741.jpg","https://cdn.yellosolarhub.com/products/carregadores/neosolar_chargers_21741.jpg|neosolar_chargers_21741.jpg","imgs-index",100
"NEOSOLARCHARGERS21742","https://cdn.yellosolarhub.com/products/carregadores/neosolar_chargers_21742.jpg","https://cdn.yellosolarhub.com/products/carregadores/neosolar_chargers_21742.jpg|neosolar_chargers_21742.jpg","imgs-index",100
"NEOSOLARCHARGERS21743","https://cdn.yellosolarhub.com/products/carregadores/neosolar_chargers_21743.jpg","https://cdn.yellosolarhub.com/products/carregadores/neosolar_chargers_21743.jpg|neosolar_chargers_21743.jpg","imgs-index",100
"NEOSOLARCHARGERS21751","https://cdn.yellosolarhub.com/products/carregadores/neosolar_chargers_21751.jpg","https://cdn.yellosolarhub.com/products/carregadores/neosolar_chargers_21751.jpg|neosolar_chargers_21751.jpg","imgs-index",100
"NEOSOLARCHARGERS21755","https://cdn.yellosolarhub.com/products/carregadores/neosolar_chargers_21755.jpg","https://cdn.yellosolarhub.com/products/carregadores/neosolar_chargers_21755.jpg|neosolar_chargers_21755.jpg","imgs-index",100
"NEOSOLARCHARGERS21756","https://cdn.yellosolarhub.com/products/carregadores/neosolar_chargers_21756.jpg","https://cdn.yellosolarhub.com/products/carregadores/neosolar_chargers_21756.jpg|neosolar_chargers_21756.jpg","imgs-index",100
"NEOSOLARCHARGERS21757","https://cdn.yellosolarhub.com/products/carregadores/NEOSOLAR_CHARGERS_21757.jpg","https://cdn.yellosolarhub.com/products/carregadores/NEOSOLAR_CHARGERS_21757.jpg|NEOSOLAR_CHARGERS_21757.jpg","imgs-index",100
"NEOSOLARCHARGERS22154","https://cdn.yellosolarhub.com/products/carregadores/NEOSOLAR_CHARGERS_22154.jpg","https://cdn.yellosolarhub.com/products/carregadores/NEOSOLAR_CHARGERS_22154.jpg|NEOSOLAR_CHARGERS_22154.jpg","imgs-index",100
"NEOSOLARCHARGERS23757","https://cdn.yellosolarhub.com/products/carregadores/NEOSOLAR_CHARGERS_23757.jpg","https://cdn.yellosolarhub.com/products/carregadores/NEOSOLAR_CHARGERS_23757.jpg|NEOSOLAR_CHARGERS_23757.jpg","imgs-index",100
"NEOSOLARCHARGERS23758","https://cdn.yellosolarhub.com/products/carregadores/NEOSOLAR_CHARGERS_23758.jpg","https://cdn.yellosolarhub.com/products/carregadores/NEOSOLAR_CHARGERS_23758.jpg|NEOSOLAR_CHARGERS_23758.jpg","imgs-index",100
"NEOSOLARCHARGERS23759","https://cdn.yellosolarhub.com/products/carregadores/NEOSOLAR_CHARGERS_23759.jpg","https://cdn.yellosolarhub.com/products/carregadores/NEOSOLAR_CHARGERS_23759.jpg|NEOSOLAR_CHARGERS_23759.jpg","imgs-index",100
"NEOSOLARCHARGERS23760","https://cdn.yellosolarhub.com/products/carregadores/NEOSOLAR_CHARGERS_23760.jpg","https://cdn.yellosolarhub.com/products/carregadores/NEOSOLAR_CHARGERS_23760.jpg|NEOSOLAR_CHARGERS_23760.jpg","imgs-index",100
"NEOSOLARCHARGERS23761","https://cdn.yellosolarhub.com/products/carregadores/NEOSOLAR_CHARGERS_23761.jpg","https://cdn.yellosolarhub.com/products/carregadores/NEOSOLAR_CHARGERS_23761.jpg|NEOSOLAR_CHARGERS_23761.jpg","imgs-index",100
"NEOSOLARCHARGERS23762","https://cdn.yellosolarhub.com/products/carregadores/neosolar_chargers_23762.jpg","https://cdn.yellosolarhub.com/products/carregadores/neosolar_chargers_23762.jpg|neosolar_chargers_23762.jpg","imgs-index",100
"NEOSOLARCHARGERS24019","https://cdn.yellosolarhub.com/products/carregadores/NEOSOLAR_CHARGERS_24019.jpg","https://cdn.yellosolarhub.com/products/carregadores/NEOSOLAR_CHARGERS_24019.jpg|NEOSOLAR_CHARGERS_24019.jpg","imgs-index",100
"NEOSOLARCHARGERS24021","https://cdn.yellosolarhub.com/products/carregadores/NEOSOLAR_CHARGERS_24021.jpg","https://cdn.yellosolarhub.com/products/carregadores/NEOSOLAR_CHARGERS_24021.jpg|NEOSOLAR_CHARGERS_24021.jpg","imgs-index",100
"NEOSOLARCHARGERS24072","https://cdn.yellosolarhub.com/products/carregadores/NEOSOLAR_CHARGERS_24072.jpg","https://cdn.yellosolarhub.com/products/carregadores/NEOSOLAR_CHARGERS_24072.jpg|NEOSOLAR_CHARGERS_24072.jpg","imgs-index",100
"NEOSOLARCHARGERS24249","https://cdn.yellosolarhub.com/products/carregadores/NEOSOLAR_CHARGERS_24249.jpg","https://cdn.yellosolarhub.com/products/carregadores/NEOSOLAR_CHARGERS_24249.jpg|NEOSOLAR_CHARGERS_24249.jpg","imgs-index",100
"NEOSOLARCHARGERS24467","https://cdn.yellosolarhub.com/products/carregadores/NEOSOLAR_CHARGERS_24467.jpg","https://cdn.yellosolarhub.com/products/carregadores/NEOSOLAR_CHARGERS_24467.jpg|NEOSOLAR_CHARGERS_24467.jpg","imgs-index",100
"NEOSOLARCHARGERS24468","https://cdn.yellosolarhub.com/products/carregadores/neosolar_chargers_24468.jpg","https://cdn.yellosolarhub.com/products/carregadores/neosolar_chargers_24468.jpg|neosolar_chargers_24468.jpg","imgs-index",100
"NEOSOLARCHARGERS24473","https://cdn.yellosolarhub.com/products/carregadores/NEOSOLAR_CHARGERS_24473.jpg","https://cdn.yellosolarhub.com/products/carregadores/NEOSOLAR_CHARGERS_24473.jpg|NEOSOLAR_CHARGERS_24473.jpg","imgs-index",100
"NEOSOLARCHARGERS24474","https://cdn.yellosolarhub.com/products/carregadores/NEOSOLAR_CHARGERS_24474.jpg","https://cdn.yellosolarhub.com/products/carregadores/NEOSOLAR_CHARGERS_24474.jpg|NEOSOLAR_CHARGERS_24474.jpg","imgs-index",100
"NEOSOLARCHARGERS24475","https://cdn.yellosolarhub.com/products/carregadores/NEOSOLAR_CHARGERS_24475.jpg","https://cdn.yellosolarhub.com/products/carregadores/NEOSOLAR_CHARGERS_24475.jpg|NEOSOLAR_CHARGERS_24475.jpg","imgs-index",100
"NEOSOLARCHARGERS24593","https://cdn.yellosolarhub.com/products/carregadores/neosolar_chargers_24593.jpg","https://cdn.yellosolarhub.com/products/carregadores/neosolar_chargers_24593.jpg|neosolar_chargers_24593.jpg","imgs-index",100
"NEOSOLARCHARGERS24594","https://cdn.yellosolarhub.com/products/carregadores/neosolar_chargers_24594.jpg","https://cdn.yellosolarhub.com/products/carregadores/neosolar_chargers_24594.jpg|neosolar_chargers_24594.jpg","imgs-index",100
"NEOSOLARCHARGERS24606","https://cdn.yellosolarhub.com/products/carregadores/NEOSOLAR_CHARGERS_24606.jpg","https://cdn.yellosolarhub.com/products/carregadores/NEOSOLAR_CHARGERS_24606.jpg|NEOSOLAR_CHARGERS_24606.jpg","imgs-index",100
"NEOSOLARCHARGERS24607","https://cdn.yellosolarhub.com/products/carregadores/NEOSOLAR_CHARGERS_24607.jpg","https://cdn.yellosolarhub.com/products/carregadores/NEOSOLAR_CHARGERS_24607.jpg|NEOSOLAR_CHARGERS_24607.jpg","imgs-index",100
"NEOSOLARCHARGERS24608","https://cdn.yellosolarhub.com/products/carregadores/NEOSOLAR_CHARGERS_24608.jpg","https://cdn.yellosolarhub.com/products/carregadores/NEOSOLAR_CHARGERS_24608.jpg|NEOSOLAR_CHARGERS_24608.jpg","imgs-index",100
"NEOSOLARCHARGERS24609","https://cdn.yellosolarhub.com/products/carregadores/neosolar_chargers_24609.jpg","https://cdn.yellosolarhub.com/products/carregadores/neosolar_chargers_24609.jpg|neosolar_chargers_24609.jpg","imgs-index",100
"NEOSOLARCHARGERS24713","https://cdn.yellosolarhub.com/products/carregadores/neosolar_chargers_24713.jpg","https://cdn.yellosolarhub.com/products/carregadores/neosolar_chargers_24713.jpg|neosolar_chargers_24713.jpg","imgs-index",100
"NEOSOLARCHARGERS24714","https://cdn.yellosolarhub.com/products/carregadores/neosolar_chargers_24714.jpg","https://cdn.yellosolarhub.com/products/carregadores/neosolar_chargers_24714.jpg|neosolar_chargers_24714.jpg","imgs-index",100
"NEOSOLARCHARGERS24715","https://cdn.yellosolarhub.com/products/carregadores/NEOSOLAR_CHARGERS_24715.jpg","https://cdn.yellosolarhub.com/products/carregadores/NEOSOLAR_CHARGERS_24715.jpg|NEOSOLAR_CHARGERS_24715.jpg","imgs-index",100
"NEOSOLARCHARGERS24716","https://cdn.yellosolarhub.com/products/carregadores/NEOSOLAR_CHARGERS_24716.jpg","https://cdn.yellosolarhub.com/products/carregadores/NEOSOLAR_CHARGERS_24716.jpg|NEOSOLAR_CHARGERS_24716.jpg","imgs-index",100
"NEOSOLARCHARGERS24717","https://cdn.yellosolarhub.com/products/carregadores/NEOSOLAR_CHARGERS_24717.jpg","https://cdn.yellosolarhub.com/products/carregadores/NEOSOLAR_CHARGERS_24717.jpg|NEOSOLAR_CHARGERS_24717.jpg","imgs-index",100
"NEOSOLARCHARGERS24718","https://cdn.yellosolarhub.com/products/carregadores/NEOSOLAR_CHARGERS_24718.jpg","https://cdn.yellosolarhub.com/products/carregadores/NEOSOLAR_CHARGERS_24718.jpg|NEOSOLAR_CHARGERS_24718.jpg","imgs-index",100
"NEOSOLARCHARGERS24795","https://cdn.yellosolarhub.com/products/carregadores/NEOSOLAR_CHARGERS_24795.jpg","https://cdn.yellosolarhub.com/products/carregadores/NEOSOLAR_CHARGERS_24795.jpg|NEOSOLAR_CHARGERS_24795.jpg","imgs-index",100
"NEOSOLARCHARGERS24801","https://cdn.yellosolarhub.com/products/carregadores/NEOSOLAR_CHARGERS_24801.jpg","https://cdn.yellosolarhub.com/products/carregadores/NEOSOLAR_CHARGERS_24801.jpg|NEOSOLAR_CHARGERS_24801.jpg","imgs-index",100
"NEOSOLARCHARGERS24802","https://cdn.yellosolarhub.com/products/carregadores/NEOSOLAR_CHARGERS_24802.jpg","https://cdn.yellosolarhub.com/products/carregadores/NEOSOLAR_CHARGERS_24802.jpg|NEOSOLAR_CHARGERS_24802.jpg","imgs-index",100
"NEOSOLARCHARGERS25012","https://cdn.yellosolarhub.com/products/carregadores/NEOSOLAR_CHARGERS_25012.jpg","https://cdn.yellosolarhub.com/products/carregadores/NEOSOLAR_CHARGERS_25012.jpg|NEOSOLAR_CHARGERS_25012.jpg","imgs-index",100
"NEOSOLARCHARGERS25023","https://cdn.yellosolarhub.com/products/carregadores/NEOSOLAR_CHARGERS_25023.jpg","https://cdn.yellosolarhub.com/products/carregadores/NEOSOLAR_CHARGERS_25023.jpg|NEOSOLAR_CHARGERS_25023.jpg","imgs-index",100
"NEOSOLARCHARGERS25024","https://cdn.yellosolarhub.com/products/carregadores/NEOSOLAR_CHARGERS_25024.jpg","https://cdn.yellosolarhub.com/products/carregadores/NEOSOLAR_CHARGERS_25024.jpg|NEOSOLAR_CHARGERS_25024.jpg","imgs-index",100
"NEOSOLARCHARGERS25025","https://cdn.yellosolarhub.com/products/carregadores/NEOSOLAR_CHARGERS_25025.jpg","https://cdn.yellosolarhub.com/products/carregadores/NEOSOLAR_CHARGERS_25025.jpg|NEOSOLAR_CHARGERS_25025.jpg","imgs-index",100
"NEOSOLARCHARGERS25128","https://cdn.yellosolarhub.com/products/carregadores/NEOSOLAR_CHARGERS_25128.jpg","https://cdn.yellosolarhub.com/products/carregadores/NEOSOLAR_CHARGERS_25128.jpg|NEOSOLAR_CHARGERS_25128.jpg","imgs-index",100
"NEOSOLARCHARGERS25220","https://cdn.yellosolarhub.com/products/carregadores/NEOSOLAR_CHARGERS_25220.jpg","https://cdn.yellosolarhub.com/products/carregadores/NEOSOLAR_CHARGERS_25220.jpg|NEOSOLAR_CHARGERS_25220.jpg","imgs-index",100
"NEOSOLARCHARGERS26359","https://cdn.yellosolarhub.com/products/carregadores/neosolar_chargers_26359.jpg","https://cdn.yellosolarhub.com/products/carregadores/neosolar_chargers_26359.jpg|neosolar_chargers_26359.jpg","imgs-index",100
"NEOSOLARCHARGERS26360","https://cdn.yellosolarhub.com/products/carregadores/NEOSOLAR_CHARGERS_26360.jpg","https://cdn.yellosolarhub.com/products/carregadores/NEOSOLAR_CHARGERS_26360.jpg|NEOSOLAR_CHARGERS_26360.jpg","imgs-index",100
"NEOSOLARCHARGERS26361","https://cdn.yellosolarhub.com/products/carregadores/neosolar_chargers_26361.jpg","https://cdn.yellosolarhub.com/products/carregadores/neosolar_chargers_26361.jpg|neosolar_chargers_26361.jpg","imgs-index",100
"NEOSOLARCHARGERS26525","https://cdn.yellosolarhub.com/products/carregadores/neosolar_chargers_26525.jpg","https://cdn.yellosolarhub.com/products/carregadores/neosolar_chargers_26525.jpg|neosolar_chargers_26525.jpg","imgs-index",100
"NEOSOLARCHARGERS26526","https://cdn.yellosolarhub.com/products/carregadores/neosolar_chargers_26526.jpg","https://cdn.yellosolarhub.com/products/carregadores/neosolar_chargers_26526.jpg|neosolar_chargers_26526.jpg","imgs-index",100
"NEOSOLARCHARGERS26900","https://cdn.yellosolarhub.com/products/carregadores/NEOSOLAR_CHARGERS_26900.jpg","https://cdn.yellosolarhub.com/products/carregadores/NEOSOLAR_CHARGERS_26900.jpg|NEOSOLAR_CHARGERS_26900.jpg","imgs-index",100
"NEOSOLARCHARGERS26901","https://cdn.yellosolarhub.com/products/carregadores/NEOSOLAR_CHARGERS_26901.jpg","https://cdn.yellosolarhub.com/products/carregadores/NEOSOLAR_CHARGERS_26901.jpg|NEOSOLAR_CHARGERS_26901.jpg","imgs-index",100
"NEOSOLARCHARGERS26902","https://cdn.yellosolarhub.com/products/carregadores/NEOSOLAR_CHARGERS_26902.jpg","https://cdn.yellosolarhub.com/products/carregadores/NEOSOLAR_CHARGERS_26902.jpg|NEOSOLAR_CHARGERS_26902.jpg","imgs-index",100
"NEOSOLARCHARGERS26903","https://cdn.yellosolarhub.com/products/carregadores/NEOSOLAR_CHARGERS_26903.jpg","https://cdn.yellosolarhub.com/products/carregadores/NEOSOLAR_CHARGERS_26903.jpg|NEOSOLAR_CHARGERS_26903.jpg","imgs-index",100
"NEOSOLARCHARGERS26904","https://cdn.yellosolarhub.com/products/carregadores/NEOSOLAR_CHARGERS_26904.jpg","https://cdn.yellosolarhub.com/products/carregadores/NEOSOLAR_CHARGERS_26904.jpg|NEOSOLAR_CHARGERS_26904.jpg","imgs-index",100
"NEOSOLARCHARGERS27327","https://cdn.yellosolarhub.com/products/carregadores/NEOSOLAR_CHARGERS_27327.jpg","https://cdn.yellosolarhub.com/products/carregadores/NEOSOLAR_CHARGERS_27327.jpg|NEOSOLAR_CHARGERS_27327.jpg","imgs-index",100
"NEOSOLARCHARGERS27328","https://cdn.yellosolarhub.com/products/carregadores/NEOSOLAR_CHARGERS_27328.jpg","https://cdn.yellosolarhub.com/products/carregadores/NEOSOLAR_CHARGERS_27328.jpg|NEOSOLAR_CHARGERS_27328.jpg","imgs-index",100
"NEOSOLARCHARGERS27329","https://cdn.yellosolarhub.com/products/carregadores/NEOSOLAR_CHARGERS_27329.jpg","https://cdn.yellosolarhub.com/products/carregadores/NEOSOLAR_CHARGERS_27329.jpg|NEOSOLAR_CHARGERS_27329.jpg","imgs-index",100
"NEOSOLARCHARGERS27330","https://cdn.yellosolarhub.com/products/carregadores/NEOSOLAR_CHARGERS_27330.jpg","https://cdn.yellosolarhub.com/products/carregadores/NEOSOLAR_CHARGERS_27330.jpg|NEOSOLAR_CHARGERS_27330.jpg","imgs-index",100
"NEOSOLARCHARGERS27386","https://cdn.yellosolarhub.com/products/carregadores/NEOSOLAR_CHARGERS_27386.jpg","https://cdn.yellosolarhub.com/products/carregadores/NEOSOLAR_CHARGERS_27386.jpg|NEOSOLAR_CHARGERS_27386.jpg","imgs-index",100
"NEOSOLARCONTROLLERS20055","https://cdn.yellosolarhub.com/products/controladores/NEOSOLAR_CONTROLLERS_20055.jpg","https://cdn.yellosolarhub.com/products/controladores/NEOSOLAR_CONTROLLERS_20055.jpg|NEOSOLAR_CONTROLLERS_20055.jpg","imgs-index",100
"NEOSOLARCONTROLLERS20056","https://cdn.yellosolarhub.com/products/controladores/NEOSOLAR_CONTROLLERS_20056.jpg","https://cdn.yellosolarhub.com/products/controladores/NEOSOLAR_CONTROLLERS_20056.jpg|NEOSOLAR_CONTROLLERS_20056.jpg","imgs-index",100
"NEOSOLARCONTROLLERS20057","https://cdn.yellosolarhub.com/products/controladores/NEOSOLAR_CONTROLLERS_20057.jpg","https://cdn.yellosolarhub.com/products/controladores/NEOSOLAR_CONTROLLERS_20057.jpg|NEOSOLAR_CONTROLLERS_20057.jpg","imgs-index",100
"NEOSOLARCONTROLLERS20079","https://cdn.yellosolarhub.com/products/controladores/NEOSOLAR_CONTROLLERS_20079.jpg","https://cdn.yellosolarhub.com/products/controladores/NEOSOLAR_CONTROLLERS_20079.jpg|NEOSOLAR_CONTROLLERS_20079.jpg","imgs-index",100
"NEOSOLARCONTROLLERS20080","https://cdn.yellosolarhub.com/products/controladores/NEOSOLAR_CONTROLLERS_20080.jpg","https://cdn.yellosolarhub.com/products/controladores/NEOSOLAR_CONTROLLERS_20080.jpg|NEOSOLAR_CONTROLLERS_20080.jpg","imgs-index",100
"NEOSOLARCONTROLLERS20082","https://cdn.yellosolarhub.com/products/controladores/NEOSOLAR_CONTROLLERS_20082.jpg","https://cdn.yellosolarhub.com/products/controladores/NEOSOLAR_CONTROLLERS_20082.jpg|NEOSOLAR_CONTROLLERS_20082.jpg","imgs-index",100
"NEOSOLARCONTROLLERS20084","https://cdn.yellosolarhub.com/products/controladores/NEOSOLAR_CONTROLLERS_20084.jpg","https://cdn.yellosolarhub.com/products/controladores/NEOSOLAR_CONTROLLERS_20084.jpg|NEOSOLAR_CONTROLLERS_20084.jpg","imgs-index",100
"NEOSOLARCONTROLLERS20085","https://cdn.yellosolarhub.com/products/controladores/NEOSOLAR_CONTROLLERS_20085.jpg","https://cdn.yellosolarhub.com/products/controladores/NEOSOLAR_CONTROLLERS_20085.jpg|NEOSOLAR_CONTROLLERS_20085.jpg","imgs-index",100
"NEOSOLARCONTROLLERS20105","https://cdn.yellosolarhub.com/products/controladores/NEOSOLAR_CONTROLLERS_20105.jpg","https://cdn.yellosolarhub.com/products/controladores/NEOSOLAR_CONTROLLERS_20105.jpg|NEOSOLAR_CONTROLLERS_20105.jpg","imgs-index",100
"NEOSOLARCONTROLLERS20106","https://cdn.yellosolarhub.com/products/controladores/NEOSOLAR_CONTROLLERS_20106.jpg","https://cdn.yellosolarhub.com/products/controladores/NEOSOLAR_CONTROLLERS_20106.jpg|NEOSOLAR_CONTROLLERS_20106.jpg","imgs-index",100
"NEOSOLARCONTROLLERS20107","https://cdn.yellosolarhub.com/products/controladores/NEOSOLAR_CONTROLLERS_20107.jpg","https://cdn.yellosolarhub.com/products/controladores/NEOSOLAR_CONTROLLERS_20107.jpg|NEOSOLAR_CONTROLLERS_20107.jpg","imgs-index",100
"NEOSOLARCONTROLLERS20109","https://cdn.yellosolarhub.com/products/controladores/NEOSOLAR_CONTROLLERS_20109.jpg","https://cdn.yellosolarhub.com/products/controladores/NEOSOLAR_CONTROLLERS_20109.jpg|NEOSOLAR_CONTROLLERS_20109.jpg","imgs-index",100
"NEOSOLARCONTROLLERS20110","https://cdn.yellosolarhub.com/products/controladores/NEOSOLAR_CONTROLLERS_20110.jpg","https://cdn.yellosolarhub.com/products/controladores/NEOSOLAR_CONTROLLERS_20110.jpg|NEOSOLAR_CONTROLLERS_20110.jpg","imgs-index",100
"NEOSOLARCONTROLLERS20112","https://cdn.yellosolarhub.com/products/controladores/NEOSOLAR_CONTROLLERS_20112.jpg","https://cdn.yellosolarhub.com/products/controladores/NEOSOLAR_CONTROLLERS_20112.jpg|NEOSOLAR_CONTROLLERS_20112.jpg","imgs-index",100
"NEOSOLARCONTROLLERS20114","https://cdn.yellosolarhub.com/products/controladores/NEOSOLAR_CONTROLLERS_20114.jpg","https://cdn.yellosolarhub.com/products/controladores/NEOSOLAR_CONTROLLERS_20114.jpg|NEOSOLAR_CONTROLLERS_20114.jpg","imgs-index",100
"NEOSOLARCONTROLLERS20126","https://cdn.yellosolarhub.com/products/controladores/neosolar_controllers_20126.jpg","https://cdn.yellosolarhub.com/products/controladores/neosolar_controllers_20126.jpg|neosolar_controllers_20126.jpg","imgs-index",100
"NEOSOLARCONTROLLERS20127","https://cdn.yellosolarhub.com/products/controladores/neosolar_controllers_20127.jpg","https://cdn.yellosolarhub.com/products/controladores/neosolar_controllers_20127.jpg|neosolar_controllers_20127.jpg","imgs-index",100
"NEOSOLARCONTROLLERS20128","https://cdn.yellosolarhub.com/products/controladores/neosolar_controllers_20128.jpg","https://cdn.yellosolarhub.com/products/controladores/neosolar_controllers_20128.jpg|neosolar_controllers_20128.jpg","imgs-index",100
"NEOSOLARCONTROLLERS20131","https://cdn.yellosolarhub.com/products/controladores/neosolar_controllers_20131.jpg","https://cdn.yellosolarhub.com/products/controladores/neosolar_controllers_20131.jpg|neosolar_controllers_20131.jpg","imgs-index",100
"NEOSOLARCONTROLLERS20132","https://cdn.yellosolarhub.com/products/controladores/neosolar_controllers_20132.jpg","https://cdn.yellosolarhub.com/products/controladores/neosolar_controllers_20132.jpg|neosolar_controllers_20132.jpg","imgs-index",100
"NEOSOLARCONTROLLERS20134","https://cdn.yellosolarhub.com/products/controladores/neosolar_controllers_20134.jpg","https://cdn.yellosolarhub.com/products/controladores/neosolar_controllers_20134.jpg|neosolar_controllers_20134.jpg","imgs-index",100
"NEOSOLARCONTROLLERS20135","https://cdn.yellosolarhub.com/products/controladores/neosolar_controllers_20135.jpg","https://cdn.yellosolarhub.com/products/controladores/neosolar_controllers_20135.jpg|neosolar_controllers_20135.jpg","imgs-index",100
"NEOSOLARCONTROLLERS20137","https://cdn.yellosolarhub.com/products/controladores/neosolar_controllers_20137.jpg","https://cdn.yellosolarhub.com/products/controladores/neosolar_controllers_20137.jpg|neosolar_controllers_20137.jpg","imgs-index",100
"NEOSOLARCONTROLLERS20139","https://cdn.yellosolarhub.com/products/controladores/neosolar_controllers_20139.jpg","https://cdn.yellosolarhub.com/products/controladores/neosolar_controllers_20139.jpg|neosolar_controllers_20139.jpg","imgs-index",100
"NEOSOLARCONTROLLERS20142","https://cdn.yellosolarhub.com/products/controladores/neosolar_controllers_20142.jpg","https://cdn.yellosolarhub.com/products/controladores/neosolar_controllers_20142.jpg|neosolar_controllers_20142.jpg","imgs-index",100
"NEOSOLARCONTROLLERS20356","https://cdn.yellosolarhub.com/products/controladores/NEOSOLAR_CONTROLLERS_20356.jpg","https://cdn.yellosolarhub.com/products/controladores/NEOSOLAR_CONTROLLERS_20356.jpg|NEOSOLAR_CONTROLLERS_20356.jpg","imgs-index",100
"NEOSOLARCONTROLLERS20357","https://cdn.yellosolarhub.com/products/controladores/NEOSOLAR_CONTROLLERS_20357.jpg","https://cdn.yellosolarhub.com/products/controladores/NEOSOLAR_CONTROLLERS_20357.jpg|NEOSOLAR_CONTROLLERS_20357.jpg","imgs-index",100
"NEOSOLARCONTROLLERS20358","https://cdn.yellosolarhub.com/products/controladores/NEOSOLAR_CONTROLLERS_20358.jpg","https://cdn.yellosolarhub.com/products/controladores/NEOSOLAR_CONTROLLERS_20358.jpg|NEOSOLAR_CONTROLLERS_20358.jpg","imgs-index",100
"NEOSOLARCONTROLLERS20359","https://cdn.yellosolarhub.com/products/controladores/NEOSOLAR_CONTROLLERS_20359.jpg","https://cdn.yellosolarhub.com/products/controladores/NEOSOLAR_CONTROLLERS_20359.jpg|NEOSOLAR_CONTROLLERS_20359.jpg","imgs-index",100
"NEOSOLARCONTROLLERS20392","https://cdn.yellosolarhub.com/products/controladores/NEOSOLAR_CONTROLLERS_20392.jpg","https://cdn.yellosolarhub.com/products/controladores/NEOSOLAR_CONTROLLERS_20392.jpg|NEOSOLAR_CONTROLLERS_20392.jpg","imgs-index",100
"NEOSOLARCONTROLLERS20781","https://cdn.yellosolarhub.com/products/controladores/NEOSOLAR_CONTROLLERS_20781.jpg","https://cdn.yellosolarhub.com/products/controladores/NEOSOLAR_CONTROLLERS_20781.jpg|NEOSOLAR_CONTROLLERS_20781.jpg","imgs-index",100
"NEOSOLARCONTROLLERS21564","https://cdn.yellosolarhub.com/products/controladores/NEOSOLAR_CONTROLLERS_21564.jpg","https://cdn.yellosolarhub.com/products/controladores/NEOSOLAR_CONTROLLERS_21564.jpg|NEOSOLAR_CONTROLLERS_21564.jpg","imgs-index",100
"NEOSOLARCONTROLLERS21565","https://cdn.yellosolarhub.com/products/controladores/NEOSOLAR_CONTROLLERS_21565.jpg","https://cdn.yellosolarhub.com/products/controladores/NEOSOLAR_CONTROLLERS_21565.jpg|NEOSOLAR_CONTROLLERS_21565.jpg","imgs-index",100
"NEOSOLARCONTROLLERS21708","https://cdn.yellosolarhub.com/products/controladores/NEOSOLAR_CONTROLLERS_21708.jpg","https://cdn.yellosolarhub.com/products/controladores/NEOSOLAR_CONTROLLERS_21708.jpg|NEOSOLAR_CONTROLLERS_21708.jpg","imgs-index",100
"NEOSOLARCONTROLLERS21709","https://cdn.yellosolarhub.com/products/controladores/NEOSOLAR_CONTROLLERS_21709.jpg","https://cdn.yellosolarhub.com/products/controladores/NEOSOLAR_CONTROLLERS_21709.jpg|NEOSOLAR_CONTROLLERS_21709.jpg","imgs-index",100
"NEOSOLARCONTROLLERS21998","https://cdn.yellosolarhub.com/products/controladores/neosolar_controllers_21998.jpg","https://cdn.yellosolarhub.com/products/controladores/neosolar_controllers_21998.jpg|neosolar_controllers_21998.jpg","imgs-index",100
"NEOSOLARCONTROLLERS22397","https://cdn.yellosolarhub.com/products/controladores/NEOSOLAR_CONTROLLERS_22397.jpg","https://cdn.yellosolarhub.com/products/controladores/NEOSOLAR_CONTROLLERS_22397.jpg|NEOSOLAR_CONTROLLERS_22397.jpg","imgs-index",100
"NEOSOLARCONTROLLERS22724","https://cdn.yellosolarhub.com/products/controladores/NEOSOLAR_CONTROLLERS_22724.jpg","https://cdn.yellosolarhub.com/products/controladores/NEOSOLAR_CONTROLLERS_22724.jpg|NEOSOLAR_CONTROLLERS_22724.jpg","imgs-index",100
"NEOSOLARCONTROLLERS22725","https://cdn.yellosolarhub.com/products/controladores/NEOSOLAR_CONTROLLERS_22725.jpg","https://cdn.yellosolarhub.com/products/controladores/NEOSOLAR_CONTROLLERS_22725.jpg|NEOSOLAR_CONTROLLERS_22725.jpg","imgs-index",100
"NEOSOLARCONTROLLERS23052","https://cdn.yellosolarhub.com/products/controladores/neosolar_controllers_23052.jpg","https://cdn.yellosolarhub.com/products/controladores/neosolar_controllers_23052.jpg|neosolar_controllers_23052.jpg","imgs-index",100
"NEOSOLARCONTROLLERS23053","https://cdn.yellosolarhub.com/products/controladores/neosolar_controllers_23053.jpg","https://cdn.yellosolarhub.com/products/controladores/neosolar_controllers_23053.jpg|neosolar_controllers_23053.jpg","imgs-index",100
"NEOSOLARCONTROLLERS23054","https://cdn.yellosolarhub.com/products/controladores/neosolar_controllers_23054.jpg","https://cdn.yellosolarhub.com/products/controladores/neosolar_controllers_23054.jpg|neosolar_controllers_23054.jpg","imgs-index",100
"NEOSOLARCONTROLLERS23055","https://cdn.yellosolarhub.com/products/controladores/neosolar_controllers_23055.jpg","https://cdn.yellosolarhub.com/products/controladores/neosolar_controllers_23055.jpg|neosolar_controllers_23055.jpg","imgs-index",100
"NEOSOLARCONTROLLERS23071","https://cdn.yellosolarhub.com/products/controladores/NEOSOLAR_CONTROLLERS_23071.jpg","https://cdn.yellosolarhub.com/products/controladores/NEOSOLAR_CONTROLLERS_23071.jpg|NEOSOLAR_CONTROLLERS_23071.jpg","imgs-index",100
"NEOSOLARCONTROLLERS23072","https://cdn.yellosolarhub.com/products/controladores/NEOSOLAR_CONTROLLERS_23072.jpg","https://cdn.yellosolarhub.com/products/controladores/NEOSOLAR_CONTROLLERS_23072.jpg|NEOSOLAR_CONTROLLERS_23072.jpg","imgs-index",100
"NEOSOLARCONTROLLERS23354","https://cdn.yellosolarhub.com/products/controladores/NEOSOLAR_CONTROLLERS_23354.jpg","https://cdn.yellosolarhub.com/products/controladores/NEOSOLAR_CONTROLLERS_23354.jpg|NEOSOLAR_CONTROLLERS_23354.jpg","imgs-index",100
"NEOSOLARCONTROLLERS23355","https://cdn.yellosolarhub.com/products/controladores/NEOSOLAR_CONTROLLERS_23355.jpg","https://cdn.yellosolarhub.com/products/controladores/NEOSOLAR_CONTROLLERS_23355.jpg|NEOSOLAR_CONTROLLERS_23355.jpg","imgs-index",100
"NEOSOLARCONTROLLERS23500","https://cdn.yellosolarhub.com/products/controladores/NEOSOLAR_CONTROLLERS_23500.jpg","https://cdn.yellosolarhub.com/products/controladores/NEOSOLAR_CONTROLLERS_23500.jpg|NEOSOLAR_CONTROLLERS_23500.jpg","imgs-index",100
"NEOSOLARCONTROLLERS24166","https://cdn.yellosolarhub.com/products/controladores/NEOSOLAR_CONTROLLERS_24166.jpg","https://cdn.yellosolarhub.com/products/controladores/NEOSOLAR_CONTROLLERS_24166.jpg|NEOSOLAR_CONTROLLERS_24166.jpg","imgs-index",100
"NEOSOLARCONTROLLERS24241","https://cdn.yellosolarhub.com/products/controladores/NEOSOLAR_CONTROLLERS_24241.jpg","https://cdn.yellosolarhub.com/products/controladores/NEOSOLAR_CONTROLLERS_24241.jpg|NEOSOLAR_CONTROLLERS_24241.jpg","imgs-index",100
"NEOSOLARCONTROLLERS24245","https://cdn.yellosolarhub.com/products/controladores/NEOSOLAR_CONTROLLERS_24245.jpg","https://cdn.yellosolarhub.com/products/controladores/NEOSOLAR_CONTROLLERS_24245.jpg|NEOSOLAR_CONTROLLERS_24245.jpg","imgs-index",100
"NEOSOLARCONTROLLERS24349","https://cdn.yellosolarhub.com/products/controladores/NEOSOLAR_CONTROLLERS_24349.jpg","https://cdn.yellosolarhub.com/products/controladores/NEOSOLAR_CONTROLLERS_24349.jpg|NEOSOLAR_CONTROLLERS_24349.jpg","imgs-index",100
"NEOSOLARCONTROLLERS24798","https://cdn.yellosolarhub.com/products/controladores/NEOSOLAR_CONTROLLERS_24798.jpg","https://cdn.yellosolarhub.com/products/controladores/NEOSOLAR_CONTROLLERS_24798.jpg|NEOSOLAR_CONTROLLERS_24798.jpg","imgs-index",100
"ENPHASEIQRELAYLLBR","https://cdn.yellosolarhub.com/products/ENPHASE/ENPHASE-IQ-RELAY-LL-BR.png","https://cdn.yellosolarhub.com/products/ENPHASE/ENPHASE-IQ-RELAY-LL-BR.png|ENPHASE-IQ-RELAY-LL-BR.png","imgs-index",100
"ENPHASEIQB","https://cdn.yellosolarhub.com/products/ENPHASE/Enphase-IQB.png","https://cdn.yellosolarhub.com/products/ENPHASE/Enphase-IQB.png|Enphase-IQB.png","imgs-index",100
"NEOSOLARSTATIONS20077","https://cdn.yellosolarhub.com/products/estacoes/NEOSOLAR_STATIONS_20077.jpg","https://cdn.yellosolarhub.com/products/estacoes/NEOSOLAR_STATIONS_20077.jpg|NEOSOLAR_STATIONS_20077.jpg","imgs-index",100
"NEOSOLARSTATIONS20078","https://cdn.yellosolarhub.com/products/estacoes/NEOSOLAR_STATIONS_20078.jpg","https://cdn.yellosolarhub.com/products/estacoes/NEOSOLAR_STATIONS_20078.jpg|NEOSOLAR_STATIONS_20078.jpg","imgs-index",100
"NEOSOLARSTATIONS20121","https://cdn.yellosolarhub.com/products/estacoes/NEOSOLAR_STATIONS_20121.jpg","https://cdn.yellosolarhub.com/products/estacoes/NEOSOLAR_STATIONS_20121.jpg|NEOSOLAR_STATIONS_20121.jpg","imgs-index",100
"NEOSOLARSTATIONS20122","https://cdn.yellosolarhub.com/products/estacoes/NEOSOLAR_STATIONS_20122.jpg","https://cdn.yellosolarhub.com/products/estacoes/NEOSOLAR_STATIONS_20122.jpg|NEOSOLAR_STATIONS_20122.jpg","imgs-index",100
"NEOSOLARSTATIONS20286","https://cdn.yellosolarhub.com/products/estacoes/NEOSOLAR_STATIONS_20286.jpg","https://cdn.yellosolarhub.com/products/estacoes/NEOSOLAR_STATIONS_20286.jpg|NEOSOLAR_STATIONS_20286.jpg","imgs-index",100
"NEOSOLARSTATIONS20369","https://cdn.yellosolarhub.com/products/estacoes/NEOSOLAR_STATIONS_20369.jpg","https://cdn.yellosolarhub.com/products/estacoes/NEOSOLAR_STATIONS_20369.jpg|NEOSOLAR_STATIONS_20369.jpg","imgs-index",100
"NEOSOLARSTATIONS20371","https://cdn.yellosolarhub.com/products/estacoes/NEOSOLAR_STATIONS_20371.jpg","https://cdn.yellosolarhub.com/products/estacoes/NEOSOLAR_STATIONS_20371.jpg|NEOSOLAR_STATIONS_20371.jpg","imgs-index",100
"NEOSOLARSTATIONS20789","https://cdn.yellosolarhub.com/products/estacoes/NEOSOLAR_STATIONS_20789.jpg","https://cdn.yellosolarhub.com/products/estacoes/NEOSOLAR_STATIONS_20789.jpg|NEOSOLAR_STATIONS_20789.jpg","imgs-index",100
"NEOSOLARSTATIONS20925","https://cdn.yellosolarhub.com/products/estacoes/NEOSOLAR_STATIONS_20925.jpg","https://cdn.yellosolarhub.com/products/estacoes/NEOSOLAR_STATIONS_20925.jpg|NEOSOLAR_STATIONS_20925.jpg","imgs-index",100
"NEOSOLARSTATIONS21769","https://cdn.yellosolarhub.com/products/estacoes/NEOSOLAR_STATIONS_21769.jpg","https://cdn.yellosolarhub.com/products/estacoes/NEOSOLAR_STATIONS_21769.jpg|NEOSOLAR_STATIONS_21769.jpg","imgs-index",100
"NEOSOLARSTATIONS21770","https://cdn.yellosolarhub.com/products/estacoes/NEOSOLAR_STATIONS_21770.jpg","https://cdn.yellosolarhub.com/products/estacoes/NEOSOLAR_STATIONS_21770.jpg|NEOSOLAR_STATIONS_21770.jpg","imgs-index",100
"NEOSOLARSTATIONS21771","https://cdn.yellosolarhub.com/products/estacoes/NEOSOLAR_STATIONS_21771.jpg","https://cdn.yellosolarhub.com/products/estacoes/NEOSOLAR_STATIONS_21771.jpg|NEOSOLAR_STATIONS_21771.jpg","imgs-index",100
"NEOSOLARSTATIONS21772","https://cdn.yellosolarhub.com/products/estacoes/NEOSOLAR_STATIONS_21772.jpg","https://cdn.yellosolarhub.com/products/estacoes/NEOSOLAR_STATIONS_21772.jpg|NEOSOLAR_STATIONS_21772.jpg","imgs-index",100
"NEOSOLARSTATIONS23503","https://cdn.yellosolarhub.com/products/estacoes/NEOSOLAR_STATIONS_23503.jpg","https://cdn.yellosolarhub.com/products/estacoes/NEOSOLAR_STATIONS_23503.jpg|NEOSOLAR_STATIONS_23503.jpg","imgs-index",100
"NEOSOLARSTATIONS23504","https://cdn.yellosolarhub.com/products/estacoes/NEOSOLAR_STATIONS_23504.jpg","https://cdn.yellosolarhub.com/products/estacoes/NEOSOLAR_STATIONS_23504.jpg|NEOSOLAR_STATIONS_23504.jpg","imgs-index",100
"NEOSOLARSTATIONS23505","https://cdn.yellosolarhub.com/products/estacoes/NEOSOLAR_STATIONS_23505.jpg","https://cdn.yellosolarhub.com/products/estacoes/NEOSOLAR_STATIONS_23505.jpg|NEOSOLAR_STATIONS_23505.jpg","imgs-index",100
"NEOSOLARSTATIONS23780","https://cdn.yellosolarhub.com/products/estacoes/NEOSOLAR_STATIONS_23780.jpg","https://cdn.yellosolarhub.com/products/estacoes/NEOSOLAR_STATIONS_23780.jpg|NEOSOLAR_STATIONS_23780.jpg","imgs-index",100
"NEOSOLARSTATIONS25205","https://cdn.yellosolarhub.com/products/estacoes/NEOSOLAR_STATIONS_25205.jpg","https://cdn.yellosolarhub.com/products/estacoes/NEOSOLAR_STATIONS_25205.jpg|NEOSOLAR_STATIONS_25205.jpg","imgs-index",100
"NEOSOLARSTATIONS27352","https://cdn.yellosolarhub.com/products/estacoes/NEOSOLAR_STATIONS_27352.jpg","https://cdn.yellosolarhub.com/products/estacoes/NEOSOLAR_STATIONS_27352.jpg|NEOSOLAR_STATIONS_27352.jpg","imgs-index",100
"IIN00021","https://cdn.yellosolarhub.com/products/FORTLEV/IIN00021.png","https://cdn.yellosolarhub.com/products/FORTLEV/IIN00021.png|IIN00021.png","imgs-index",100
"IIN00033","https://cdn.yellosolarhub.com/products/FORTLEV/IIN00033.png","https://cdn.yellosolarhub.com/products/FORTLEV/IIN00033.png|IIN00033.png","imgs-index",100
"IIN00034","https://cdn.yellosolarhub.com/products/FORTLEV/IIN00034.png","https://cdn.yellosolarhub.com/products/FORTLEV/IIN00034.png|IIN00034.png","imgs-index",100
"IIN00040","https://cdn.yellosolarhub.com/products/FORTLEV/IIN00040.png","https://cdn.yellosolarhub.com/products/FORTLEV/IIN00040.png|IIN00040.png","imgs-index",100
"IIN00071","https://cdn.yellosolarhub.com/products/FORTLEV/IIN00071.png","https://cdn.yellosolarhub.com/products/FORTLEV/IIN00071.png|IIN00071.png","imgs-index",100
"IIN00079","https://cdn.yellosolarhub.com/products/FORTLEV/IIN00079.png","https://cdn.yellosolarhub.com/products/FORTLEV/IIN00079.png|IIN00079.png","imgs-index",100
"IIN00081","https://cdn.yellosolarhub.com/products/FORTLEV/IIN00081.png","https://cdn.yellosolarhub.com/products/FORTLEV/IIN00081.png|IIN00081.png","imgs-index",100
"IIN00082","https://cdn.yellosolarhub.com/products/FORTLEV/IIN00082.png","https://cdn.yellosolarhub.com/products/FORTLEV/IIN00082.png|IIN00082.png","imgs-index",100
"IIN00083","https://cdn.yellosolarhub.com/products/FORTLEV/IIN00083.png","https://cdn.yellosolarhub.com/products/FORTLEV/IIN00083.png|IIN00083.png","imgs-index",100
"IIN00110","https://cdn.yellosolarhub.com/products/FORTLEV/IIN00110.png","https://cdn.yellosolarhub.com/products/FORTLEV/IIN00110.png|IIN00110.png","imgs-index",100
"IIN00126","https://cdn.yellosolarhub.com/products/FORTLEV/IIN00126.png","https://cdn.yellosolarhub.com/products/FORTLEV/IIN00126.png|IIN00126.png","imgs-index",100
"IIN00144","https://cdn.yellosolarhub.com/products/FORTLEV/IIN00144.png","https://cdn.yellosolarhub.com/products/FORTLEV/IIN00144.png|IIN00144.png","imgs-index",100
"IIN00148","https://cdn.yellosolarhub.com/products/FORTLEV/IIN00148.png","https://cdn.yellosolarhub.com/products/FORTLEV/IIN00148.png|IIN00148.png","imgs-index",100
"IIN00158","https://cdn.yellosolarhub.com/products/FORTLEV/IIN00158.png","https://cdn.yellosolarhub.com/products/FORTLEV/IIN00158.png|IIN00158.png","imgs-index",100
"IIN00162","https://cdn.yellosolarhub.com/products/FORTLEV/IIN00162.png","https://cdn.yellosolarhub.com/products/FORTLEV/IIN00162.png|IIN00162.png","imgs-index",100
"IIN00168","https://cdn.yellosolarhub.com/products/FORTLEV/IIN00168.png","https://cdn.yellosolarhub.com/products/FORTLEV/IIN00168.png|IIN00168.png","imgs-index",100
"IIN00169","https://cdn.yellosolarhub.com/products/FORTLEV/IIN00169.png","https://cdn.yellosolarhub.com/products/FORTLEV/IIN00169.png|IIN00169.png","imgs-index",100
"IIN00170","https://cdn.yellosolarhub.com/products/FORTLEV/IIN00170.png","https://cdn.yellosolarhub.com/products/FORTLEV/IIN00170.png|IIN00170.png","imgs-index",100
"IIN00174","https://cdn.yellosolarhub.com/products/FORTLEV/IIN00174.png","https://cdn.yellosolarhub.com/products/FORTLEV/IIN00174.png|IIN00174.png","imgs-index",100
"IIN00180","https://cdn.yellosolarhub.com/products/FORTLEV/IIN00180.png","https://cdn.yellosolarhub.com/products/FORTLEV/IIN00180.png|IIN00180.png","imgs-index",100
"IIN00182","https://cdn.yellosolarhub.com/products/FORTLEV/IIN00182.png","https://cdn.yellosolarhub.com/products/FORTLEV/IIN00182.png|IIN00182.png","imgs-index",100
"IIN00184","https://cdn.yellosolarhub.com/products/FORTLEV/IIN00184.png","https://cdn.yellosolarhub.com/products/FORTLEV/IIN00184.png|IIN00184.png","imgs-index",100
"IIN00185","https://cdn.yellosolarhub.com/products/FORTLEV/IIN00185.png","https://cdn.yellosolarhub.com/products/FORTLEV/IIN00185.png|IIN00185.png","imgs-index",100
"IIN00188","https://cdn.yellosolarhub.com/products/FORTLEV/IIN00188.png","https://cdn.yellosolarhub.com/products/FORTLEV/IIN00188.png|IIN00188.png","imgs-index",100
"IIN00189","https://cdn.yellosolarhub.com/products/FORTLEV/IIN00189.png","https://cdn.yellosolarhub.com/products/FORTLEV/IIN00189.png|IIN00189.png","imgs-index",100
"IIN00190","https://cdn.yellosolarhub.com/products/FORTLEV/IIN00190.png","https://cdn.yellosolarhub.com/products/FORTLEV/IIN00190.png|IIN00190.png","imgs-index",100
"IIN00193","https://cdn.yellosolarhub.com/products/FORTLEV/IIN00193.png","https://cdn.yellosolarhub.com/products/FORTLEV/IIN00193.png|IIN00193.png","imgs-index",100
"IIN00194","https://cdn.yellosolarhub.com/products/FORTLEV/IIN00194.png","https://cdn.yellosolarhub.com/products/FORTLEV/IIN00194.png|IIN00194.png","imgs-index",100
"IIN00195","https://cdn.yellosolarhub.com/products/FORTLEV/IIN00195.png","https://cdn.yellosolarhub.com/products/FORTLEV/IIN00195.png|IIN00195.png","imgs-index",100
"IIN00196","https://cdn.yellosolarhub.com/products/FORTLEV/IIN00196.png","https://cdn.yellosolarhub.com/products/FORTLEV/IIN00196.png|IIN00196.png","imgs-index",100
"IIN00210","https://cdn.yellosolarhub.com/products/FORTLEV/IIN00210.png","https://cdn.yellosolarhub.com/products/FORTLEV/IIN00210.png|IIN00210.png","imgs-index",100
"IIN00211","https://cdn.yellosolarhub.com/products/FORTLEV/IIN00211.png","https://cdn.yellosolarhub.com/products/FORTLEV/IIN00211.png|IIN00211.png","imgs-index",100
"IIN00212","https://cdn.yellosolarhub.com/products/FORTLEV/IIN00212.png","https://cdn.yellosolarhub.com/products/FORTLEV/IIN00212.png|IIN00212.png","imgs-index",100
"IIN00214","https://cdn.yellosolarhub.com/products/FORTLEV/IIN00214.png","https://cdn.yellosolarhub.com/products/FORTLEV/IIN00214.png|IIN00214.png","imgs-index",100
"IIN00215","https://cdn.yellosolarhub.com/products/FORTLEV/IIN00215.png","https://cdn.yellosolarhub.com/products/FORTLEV/IIN00215.png|IIN00215.png","imgs-index",100
"IIN00216","https://cdn.yellosolarhub.com/products/FORTLEV/IIN00216.png","https://cdn.yellosolarhub.com/products/FORTLEV/IIN00216.png|IIN00216.png","imgs-index",100
"IIN00217","https://cdn.yellosolarhub.com/products/FORTLEV/IIN00217.png","https://cdn.yellosolarhub.com/products/FORTLEV/IIN00217.png|IIN00217.png","imgs-index",100
"IIN00218","https://cdn.yellosolarhub.com/products/FORTLEV/IIN00218.png","https://cdn.yellosolarhub.com/products/FORTLEV/IIN00218.png|IIN00218.png","imgs-index",100
"IIN00221","https://cdn.yellosolarhub.com/products/FORTLEV/IIN00221.png","https://cdn.yellosolarhub.com/products/FORTLEV/IIN00221.png|IIN00221.png","imgs-index",100
"IIN00224","https://cdn.yellosolarhub.com/products/FORTLEV/IIN00224.png","https://cdn.yellosolarhub.com/products/FORTLEV/IIN00224.png|IIN00224.png","imgs-index",100
"IIN00225","https://cdn.yellosolarhub.com/products/FORTLEV/IIN00225.png","https://cdn.yellosolarhub.com/products/FORTLEV/IIN00225.png|IIN00225.png","imgs-index",100
"IIN00230","https://cdn.yellosolarhub.com/products/FORTLEV/IIN00230.png","https://cdn.yellosolarhub.com/products/FORTLEV/IIN00230.png|IIN00230.png","imgs-index",100
"IIN00231","https://cdn.yellosolarhub.com/products/FORTLEV/IIN00231.png","https://cdn.yellosolarhub.com/products/FORTLEV/IIN00231.png|IIN00231.png","imgs-index",100
"IIN00235","https://cdn.yellosolarhub.com/products/FORTLEV/IIN00235.png","https://cdn.yellosolarhub.com/products/FORTLEV/IIN00235.png|IIN00235.png","imgs-index",100
"IIN00236","https://cdn.yellosolarhub.com/products/FORTLEV/IIN00236.png","https://cdn.yellosolarhub.com/products/FORTLEV/IIN00236.png|IIN00236.png","imgs-index",100
"IIN00237","https://cdn.yellosolarhub.com/products/FORTLEV/IIN00237.png","https://cdn.yellosolarhub.com/products/FORTLEV/IIN00237.png|IIN00237.png","imgs-index",100
"IIN00238","https://cdn.yellosolarhub.com/products/FORTLEV/IIN00238.png","https://cdn.yellosolarhub.com/products/FORTLEV/IIN00238.png|IIN00238.png","imgs-index",100
"IIN00239","https://cdn.yellosolarhub.com/products/FORTLEV/IIN00239.png","https://cdn.yellosolarhub.com/products/FORTLEV/IIN00239.png|IIN00239.png","imgs-index",100
"IIN00241","https://cdn.yellosolarhub.com/products/FORTLEV/IIN00241.png","https://cdn.yellosolarhub.com/products/FORTLEV/IIN00241.png|IIN00241.png","imgs-index",100
"IIN00242","https://cdn.yellosolarhub.com/products/FORTLEV/IIN00242.png","https://cdn.yellosolarhub.com/products/FORTLEV/IIN00242.png|IIN00242.png","imgs-index",100
"IIN00250","https://cdn.yellosolarhub.com/products/FORTLEV/IIN00250.png","https://cdn.yellosolarhub.com/products/FORTLEV/IIN00250.png|IIN00250.png","imgs-index",100
"IIN00251","https://cdn.yellosolarhub.com/products/FORTLEV/IIN00251.png","https://cdn.yellosolarhub.com/products/FORTLEV/IIN00251.png|IIN00251.png","imgs-index",100
"IIN00256","https://cdn.yellosolarhub.com/products/FORTLEV/IIN00256.png","https://cdn.yellosolarhub.com/products/FORTLEV/IIN00256.png|IIN00256.png","imgs-index",100
"IIN00257","https://cdn.yellosolarhub.com/products/FORTLEV/IIN00257.png","https://cdn.yellosolarhub.com/products/FORTLEV/IIN00257.png|IIN00257.png","imgs-index",100
"IIN00258","https://cdn.yellosolarhub.com/products/FORTLEV/IIN00258.png","https://cdn.yellosolarhub.com/products/FORTLEV/IIN00258.png|IIN00258.png","imgs-index",100
"IIN00259","https://cdn.yellosolarhub.com/products/FORTLEV/IIN00259.png","https://cdn.yellosolarhub.com/products/FORTLEV/IIN00259.png|IIN00259.png","imgs-index",100
"IIN00260","https://cdn.yellosolarhub.com/products/FORTLEV/IIN00260.png","https://cdn.yellosolarhub.com/products/FORTLEV/IIN00260.png|IIN00260.png","imgs-index",100
"IIN00261","https://cdn.yellosolarhub.com/products/FORTLEV/IIN00261.png","https://cdn.yellosolarhub.com/products/FORTLEV/IIN00261.png|IIN00261.png","imgs-index",100
"IIN00262","https://cdn.yellosolarhub.com/products/FORTLEV/IIN00262.png","https://cdn.yellosolarhub.com/products/FORTLEV/IIN00262.png|IIN00262.png","imgs-index",100
"IIN00263","https://cdn.yellosolarhub.com/products/FORTLEV/IIN00263.png","https://cdn.yellosolarhub.com/products/FORTLEV/IIN00263.png|IIN00263.png","imgs-index",100
"IIN00264","https://cdn.yellosolarhub.com/products/FORTLEV/IIN00264.png","https://cdn.yellosolarhub.com/products/FORTLEV/IIN00264.png|IIN00264.png","imgs-index",100
"IIN00265","https://cdn.yellosolarhub.com/products/FORTLEV/IIN00265.png","https://cdn.yellosolarhub.com/products/FORTLEV/IIN00265.png|IIN00265.png","imgs-index",100
"IIN00271","https://cdn.yellosolarhub.com/products/FORTLEV/IIN00271.png","https://cdn.yellosolarhub.com/products/FORTLEV/IIN00271.png|IIN00271.png","imgs-index",100
"IIN0028220NEP20RAPID20SHUTDOWN2020A20MC4V2","https://cdn.yellosolarhub.com/products/FORTLEV/IIN00282%20NEP%20RAPID%20SHUTDOWN%2020A%20(MC4)_v2.png","https://cdn.yellosolarhub.com/products/FORTLEV/IIN00282%20NEP%20RAPID%20SHUTDOWN%2020A%20(MC4)_v2.png|IIN00282%20NEP%20RAPID%20SHUTDOWN%2020A%20(MC4)_v2.png","imgs-index",100
"IIN00288","https://cdn.yellosolarhub.com/products/FORTLEV/IIN00288.png","https://cdn.yellosolarhub.com/products/FORTLEV/IIN00288.png|IIN00288.png","imgs-index",100
"IIN00289","https://cdn.yellosolarhub.com/products/FORTLEV/IIN00289.png","https://cdn.yellosolarhub.com/products/FORTLEV/IIN00289.png|IIN00289.png","imgs-index",100
"IIN00290","https://cdn.yellosolarhub.com/products/FORTLEV/IIN00290.png","https://cdn.yellosolarhub.com/products/FORTLEV/IIN00290.png|IIN00290.png","imgs-index",100
"IIN00291","https://cdn.yellosolarhub.com/products/FORTLEV/IIN00291.png","https://cdn.yellosolarhub.com/products/FORTLEV/IIN00291.png|IIN00291.png","imgs-index",100
"IIN00292","https://cdn.yellosolarhub.com/products/FORTLEV/IIN00292.png","https://cdn.yellosolarhub.com/products/FORTLEV/IIN00292.png|IIN00292.png","imgs-index",100
"IIN00296","https://cdn.yellosolarhub.com/products/FORTLEV/IIN00296.png","https://cdn.yellosolarhub.com/products/FORTLEV/IIN00296.png|IIN00296.png","imgs-index",100
"IIN00301V2","https://cdn.yellosolarhub.com/products/FORTLEV/IIN00301_v2.png","https://cdn.yellosolarhub.com/products/FORTLEV/IIN00301_v2.png|IIN00301_v2.png","imgs-index",100
"IIN00302","https://cdn.yellosolarhub.com/products/FORTLEV/IIN00302.png","https://cdn.yellosolarhub.com/products/FORTLEV/IIN00302.png|IIN00302.png","imgs-index",100
"IIN00303","https://cdn.yellosolarhub.com/products/FORTLEV/IIN00303.png","https://cdn.yellosolarhub.com/products/FORTLEV/IIN00303.png|IIN00303.png","imgs-index",100
"IIN00304","https://cdn.yellosolarhub.com/products/FORTLEV/IIN00304.png","https://cdn.yellosolarhub.com/products/FORTLEV/IIN00304.png|IIN00304.png","imgs-index",100
"IIN00305","https://cdn.yellosolarhub.com/products/FORTLEV/IIN00305.png","https://cdn.yellosolarhub.com/products/FORTLEV/IIN00305.png|IIN00305.png","imgs-index",100
"IIN00307","https://cdn.yellosolarhub.com/products/FORTLEV/IIN00307.png","https://cdn.yellosolarhub.com/products/FORTLEV/IIN00307.png|IIN00307.png","imgs-index",100
"IIN00308","https://cdn.yellosolarhub.com/products/FORTLEV/IIN00308.png","https://cdn.yellosolarhub.com/products/FORTLEV/IIN00308.png|IIN00308.png","imgs-index",100
"IIN00309","https://cdn.yellosolarhub.com/products/FORTLEV/IIN00309.png","https://cdn.yellosolarhub.com/products/FORTLEV/IIN00309.png|IIN00309.png","imgs-index",100
"IIN00310","https://cdn.yellosolarhub.com/products/FORTLEV/IIN00310.png","https://cdn.yellosolarhub.com/products/FORTLEV/IIN00310.png|IIN00310.png","imgs-index",100
"IIN00311","https://cdn.yellosolarhub.com/products/FORTLEV/IIN00311.png","https://cdn.yellosolarhub.com/products/FORTLEV/IIN00311.png|IIN00311.png","imgs-index",100
"IIN00312","https://cdn.yellosolarhub.com/products/FORTLEV/IIN00312.png","https://cdn.yellosolarhub.com/products/FORTLEV/IIN00312.png|IIN00312.png","imgs-index",100
"IIN00313","https://cdn.yellosolarhub.com/products/FORTLEV/IIN00313.png","https://cdn.yellosolarhub.com/products/FORTLEV/IIN00313.png|IIN00313.png","imgs-index",100
"IIN00318","https://cdn.yellosolarhub.com/products/FORTLEV/IIN00318.png","https://cdn.yellosolarhub.com/products/FORTLEV/IIN00318.png|IIN00318.png","imgs-index",100
"IIN00319","https://cdn.yellosolarhub.com/products/FORTLEV/IIN00319.png","https://cdn.yellosolarhub.com/products/FORTLEV/IIN00319.png|IIN00319.png","imgs-index",100
"IIN00325","https://cdn.yellosolarhub.com/products/FORTLEV/IIN00325.png","https://cdn.yellosolarhub.com/products/FORTLEV/IIN00325.png|IIN00325.png","imgs-index",100
"IIN00326","https://cdn.yellosolarhub.com/products/FORTLEV/IIN00326.png","https://cdn.yellosolarhub.com/products/FORTLEV/IIN00326.png|IIN00326.png","imgs-index",100
"IIN00335","https://cdn.yellosolarhub.com/products/FORTLEV/IIN00335.png","https://cdn.yellosolarhub.com/products/FORTLEV/IIN00335.png|IIN00335.png","imgs-index",100
"IIN00336","https://cdn.yellosolarhub.com/products/FORTLEV/IIN00336.png","https://cdn.yellosolarhub.com/products/FORTLEV/IIN00336.png|IIN00336.png","imgs-index",100
"IIN00337","https://cdn.yellosolarhub.com/products/FORTLEV/IIN00337.png","https://cdn.yellosolarhub.com/products/FORTLEV/IIN00337.png|IIN00337.png","imgs-index",100
"IIN00338","https://cdn.yellosolarhub.com/products/FORTLEV/IIN00338.png","https://cdn.yellosolarhub.com/products/FORTLEV/IIN00338.png|IIN00338.png","imgs-index",100
"IIN00339","https://cdn.yellosolarhub.com/products/FORTLEV/IIN00339.png","https://cdn.yellosolarhub.com/products/FORTLEV/IIN00339.png|IIN00339.png","imgs-index",100
"IIN00340","https://cdn.yellosolarhub.com/products/FORTLEV/IIN00340.png","https://cdn.yellosolarhub.com/products/FORTLEV/IIN00340.png|IIN00340.png","imgs-index",100
"IIN00341","https://cdn.yellosolarhub.com/products/FORTLEV/IIN00341.png","https://cdn.yellosolarhub.com/products/FORTLEV/IIN00341.png|IIN00341.png","imgs-index",100
"IIN00342201","https://cdn.yellosolarhub.com/products/FORTLEV/IIN00342%20(1).png","https://cdn.yellosolarhub.com/products/FORTLEV/IIN00342%20(1).png|IIN00342%20(1).png","imgs-index",100
"IIN00343","https://cdn.yellosolarhub.com/products/FORTLEV/IIN00343.png","https://cdn.yellosolarhub.com/products/FORTLEV/IIN00343.png|IIN00343.png","imgs-index",100
"IIN00344","https://cdn.yellosolarhub.com/products/FORTLEV/IIN00344.png","https://cdn.yellosolarhub.com/products/FORTLEV/IIN00344.png|IIN00344.png","imgs-index",100
"IIN00345","https://cdn.yellosolarhub.com/products/FORTLEV/IIN00345.png","https://cdn.yellosolarhub.com/products/FORTLEV/IIN00345.png|IIN00345.png","imgs-index",100
"IIN00347","https://cdn.yellosolarhub.com/products/FORTLEV/IIN00347.png","https://cdn.yellosolarhub.com/products/FORTLEV/IIN00347.png|IIN00347.png","imgs-index",100
"IIN00348","https://cdn.yellosolarhub.com/products/FORTLEV/IIN00348.png","https://cdn.yellosolarhub.com/products/FORTLEV/IIN00348.png|IIN00348.png","imgs-index",100
"IIN00349","https://cdn.yellosolarhub.com/products/FORTLEV/IIN00349.png","https://cdn.yellosolarhub.com/products/FORTLEV/IIN00349.png|IIN00349.png","imgs-index",100
"IIN00350","https://cdn.yellosolarhub.com/products/FORTLEV/IIN00350.png","https://cdn.yellosolarhub.com/products/FORTLEV/IIN00350.png|IIN00350.png","imgs-index",100
"IIN00352","https://cdn.yellosolarhub.com/products/FORTLEV/IIN00352.png","https://cdn.yellosolarhub.com/products/FORTLEV/IIN00352.png|IIN00352.png","imgs-index",100
"IIN00357","https://cdn.yellosolarhub.com/products/FORTLEV/IIN00357.png","https://cdn.yellosolarhub.com/products/FORTLEV/IIN00357.png|IIN00357.png","imgs-index",100
"IIN00358","https://cdn.yellosolarhub.com/products/FORTLEV/IIN00358.png","https://cdn.yellosolarhub.com/products/FORTLEV/IIN00358.png|IIN00358.png","imgs-index",100
"IIN00364","https://cdn.yellosolarhub.com/products/FORTLEV/IIN00364.png","https://cdn.yellosolarhub.com/products/FORTLEV/IIN00364.png|IIN00364.png","imgs-index",100
"IIN00365","https://cdn.yellosolarhub.com/products/FORTLEV/IIN00365.png","https://cdn.yellosolarhub.com/products/FORTLEV/IIN00365.png|IIN00365.png","imgs-index",100
"IIN00366","https://cdn.yellosolarhub.com/products/FORTLEV/IIN00366.png","https://cdn.yellosolarhub.com/products/FORTLEV/IIN00366.png|IIN00366.png","imgs-index",100
"IIN00367","https://cdn.yellosolarhub.com/products/FORTLEV/IIN00367.png","https://cdn.yellosolarhub.com/products/FORTLEV/IIN00367.png|IIN00367.png","imgs-index",100
"IIN00368","https://cdn.yellosolarhub.com/products/FORTLEV/IIN00368.png","https://cdn.yellosolarhub.com/products/FORTLEV/IIN00368.png|IIN00368.png","imgs-index",100
"IIN00369","https://cdn.yellosolarhub.com/products/FORTLEV/IIN00369.png","https://cdn.yellosolarhub.com/products/FORTLEV/IIN00369.png|IIN00369.png","imgs-index",100
"IIN00370","https://cdn.yellosolarhub.com/products/FORTLEV/IIN00370.png","https://cdn.yellosolarhub.com/products/FORTLEV/IIN00370.png|IIN00370.png","imgs-index",100
"IIN00371","https://cdn.yellosolarhub.com/products/FORTLEV/IIN00371.png","https://cdn.yellosolarhub.com/products/FORTLEV/IIN00371.png|IIN00371.png","imgs-index",100
"IIN00376V2","https://cdn.yellosolarhub.com/products/FORTLEV/IIN00376_v2.png","https://cdn.yellosolarhub.com/products/FORTLEV/IIN00376_v2.png|IIN00376_v2.png","imgs-index",100
"IIN00377","https://cdn.yellosolarhub.com/products/FORTLEV/IIN00377.png","https://cdn.yellosolarhub.com/products/FORTLEV/IIN00377.png|IIN00377.png","imgs-index",100
"IIN00378","https://cdn.yellosolarhub.com/products/FORTLEV/IIN00378.png","https://cdn.yellosolarhub.com/products/FORTLEV/IIN00378.png|IIN00378.png","imgs-index",100
"IIN00379","https://cdn.yellosolarhub.com/products/FORTLEV/IIN00379.png","https://cdn.yellosolarhub.com/products/FORTLEV/IIN00379.png|IIN00379.png","imgs-index",100
"IIN00380","https://cdn.yellosolarhub.com/products/FORTLEV/IIN00380.png","https://cdn.yellosolarhub.com/products/FORTLEV/IIN00380.png|IIN00380.png","imgs-index",100
"IIN00381","https://cdn.yellosolarhub.com/products/FORTLEV/IIN00381.png","https://cdn.yellosolarhub.com/products/FORTLEV/IIN00381.png|IIN00381.png","imgs-index",100
"IIN00382","https://cdn.yellosolarhub.com/products/FORTLEV/IIN00382.png","https://cdn.yellosolarhub.com/products/FORTLEV/IIN00382.png|IIN00382.png","imgs-index",100
"IIN00383","https://cdn.yellosolarhub.com/products/FORTLEV/IIN00383.png","https://cdn.yellosolarhub.com/products/FORTLEV/IIN00383.png|IIN00383.png","imgs-index",100
"IIN00384","https://cdn.yellosolarhub.com/products/FORTLEV/IIN00384.png","https://cdn.yellosolarhub.com/products/FORTLEV/IIN00384.png|IIN00384.png","imgs-index",100
"IIN00386","https://cdn.yellosolarhub.com/products/FORTLEV/IIN00386.png","https://cdn.yellosolarhub.com/products/FORTLEV/IIN00386.png|IIN00386.png","imgs-index",100
"IMO00093","https://cdn.yellosolarhub.com/products/FORTLEV/IMO00093.png","https://cdn.yellosolarhub.com/products/FORTLEV/IMO00093.png|IMO00093.png","imgs-index",100
"IMO00135","https://cdn.yellosolarhub.com/products/FORTLEV/IMO00135.png","https://cdn.yellosolarhub.com/products/FORTLEV/IMO00135.png|IMO00135.png","imgs-index",100
"CORRUGADO","https://cdn.yellosolarhub.com/products/GENERIC-COMPONENTS/corrugado.png","https://cdn.yellosolarhub.com/products/GENERIC-COMPONENTS/corrugado.png|corrugado.png","imgs-index",100
"DUTOCORRUGADO","https://cdn.yellosolarhub.com/products/GENERIC-COMPONENTS/duto_corrugado.png","https://cdn.yellosolarhub.com/products/GENERIC-COMPONENTS/duto_corrugado.png|duto_corrugado.png","imgs-index",100
"IMAGEM","https://cdn.yellosolarhub.com/products/GENERIC-COMPONENTS/imagem.png","https://cdn.yellosolarhub.com/products/GENERIC-COMPONENTS/imagem.png|imagem.png","imgs-index",100
"GROWATT20MIC3000TLX20220V20201MPPT","https://cdn.yellosolarhub.com/products/GROWATT/GROWATT%20MIC3000TL-X%20-220V%20-%201MPPT.png","https://cdn.yellosolarhub.com/products/GROWATT/GROWATT%20MIC3000TL-X%20-220V%20-%201MPPT.png|GROWATT%20MIC3000TL-X%20-220V%20-%201MPPT.png","imgs-index",100
"GROWATTMIC3000TLX2220V1MPPT","https://cdn.yellosolarhub.com/products/GROWATT/GROWATT-MIC-3000TL-X2-220V-1MPPT.png","https://cdn.yellosolarhub.com/products/GROWATT/GROWATT-MIC-3000TL-X2-220V-1MPPT.png|GROWATT-MIC-3000TL-X2-220V-1MPPT.png","imgs-index",100
"GROWATTMID40KTL3X2380V4MPPTV2","https://cdn.yellosolarhub.com/products/GROWATT/GROWATT-MID40KTL3-X2---380V---4MPPT_v2.png","https://cdn.yellosolarhub.com/products/GROWATT/GROWATT-MID40KTL3-X2---380V---4MPPT_v2.png|GROWATT-MID40KTL3-X2---380V---4MPPT_v2.png","imgs-index",100
"GROWATTMIN7500TLX2220V2MPPT","https://cdn.yellosolarhub.com/products/GROWATT/GROWATT-MIN7500TL-X2-220V-2MPPT.png","https://cdn.yellosolarhub.com/products/GROWATT/GROWATT-MIN7500TL-X2-220V-2MPPT.png|GROWATT-MIN7500TL-X2-220V-2MPPT.png","imgs-index",100
"GROWATTMOD15KTL3X2380V2MPPT","https://cdn.yellosolarhub.com/products/GROWATT/GROWATT-MOD15KTL3-X2-380V-2-MPPT.png","https://cdn.yellosolarhub.com/products/GROWATT/GROWATT-MOD15KTL3-X2-380V-2-MPPT.png|GROWATT-MOD15KTL3-X2-380V-2-MPPT.png","imgs-index",100
"GROWATTNEO225","https://cdn.yellosolarhub.com/products/GROWATT/GROWATT-NEO-2,25.png","https://cdn.yellosolarhub.com/products/GROWATT/GROWATT-NEO-2,25.png|GROWATT-NEO-2,25.png","imgs-index",100
"GROWATTNEO2000MX2000W220V","https://cdn.yellosolarhub.com/products/GROWATT/GROWATT-NEO-2000M-X-2000W-220V.png","https://cdn.yellosolarhub.com/products/GROWATT/GROWATT-NEO-2000M-X-2000W-220V.png|GROWATT-NEO-2000M-X-2000W-220V.png","imgs-index",100
"ICV0000220CARREGADOR20VEICULAR20WALLBOX20GROWATT20THOR07ASP20THO","https://cdn.yellosolarhub.com/products/GROWATT/ICV00002%20CARREGADOR%20VEICULAR%20WALLBOX%20GROWATT%20THOR07AS-P%20THO.png","https://cdn.yellosolarhub.com/products/GROWATT/ICV00002%20CARREGADOR%20VEICULAR%20WALLBOX%20GROWATT%20THOR07AS-P%20THO.png|ICV00002%20CARREGADOR%20VEICULAR%20WALLBOX%20GROWATT%20THOR07AS-P%20THO.png","imgs-index",100
"IIN00232GROWATTMAX75KTL3XL2220V8MPPT","https://cdn.yellosolarhub.com/products/GROWATT/IIN00232-GROWATT-MAX-75KTL3-XL2-220V-8MPPT.png","https://cdn.yellosolarhub.com/products/GROWATT/IIN00232-GROWATT-MAX-75KTL3-XL2-220V-8MPPT.png|IIN00232-GROWATT-MAX-75KTL3-XL2-220V-8MPPT.png","imgs-index",100
"IIN00316HUAWEISUN2000100KTLM2380V10MPPT","https://cdn.yellosolarhub.com/products/HUAWEI/IIN00316-HUAWEI-SUN2000-100KTL-M2-380V-10MPPT.png","https://cdn.yellosolarhub.com/products/HUAWEI/IIN00316-HUAWEI-SUN2000-100KTL-M2-380V-10MPPT.png|IIN00316-HUAWEI-SUN2000-100KTL-M2-380V-10MPPT.png","imgs-index",100
"LONGI585W","https://cdn.yellosolarhub.com/products/LONGI/LONGI-585W.png","https://cdn.yellosolarhub.com/products/LONGI/LONGI-585W.png|LONGI-585W.png","imgs-index",100
"LONGI630WPV2","https://cdn.yellosolarhub.com/products/LONGI/LONGI-630Wp_v2.png","https://cdn.yellosolarhub.com/products/LONGI/LONGI-630Wp_v2.png|LONGI-630Wp_v2.png","imgs-index",100
"CONTENTINGRESSPORTALB2BNEOSOLARCOMBR","https://cdn.yellosolarhub.com/products/outros/content_ingress=portalb2b.neosolar.com.br.png","https://cdn.yellosolarhub.com/products/outros/content_ingress=portalb2b.neosolar.com.br.png|content_ingress=portalb2b.neosolar.com.br.png","imgs-index",100
"DAHDHN72X16DGIMAGEPRODUCT559376","https://cdn.yellosolarhub.com/products/paineis/DAH-DHN-72X16-DG_IMAGE_PRODUCT_559376.jpeg","https://cdn.yellosolarhub.com/products/paineis/DAH-DHN-72X16-DG_IMAGE_PRODUCT_559376.jpeg|DAH-DHN-72X16-DG_IMAGE_PRODUCT_559376.jpeg","imgs-index",100
"HANERSUNHJTHN21H66HTIMAGEPRODUCT573429","https://cdn.yellosolarhub.com/products/paineis/HANERSUN-HJT HN21H-66HT_IMAGE_PRODUCT_573429.png","https://cdn.yellosolarhub.com/products/paineis/HANERSUN-HJT HN21H-66HT_IMAGE_PRODUCT_573429.png|HANERSUN-HJT HN21H-66HT_IMAGE_PRODUCT_573429.png","imgs-index",100
"HANERSUNHN18N72HIMAGEPRODUCT559375","https://cdn.yellosolarhub.com/products/paineis/HANERSUN-HN18N-72H_IMAGE_PRODUCT_559375.jpeg","https://cdn.yellosolarhub.com/products/paineis/HANERSUN-HN18N-72H_IMAGE_PRODUCT_559375.jpeg|HANERSUN-HN18N-72H_IMAGE_PRODUCT_559375.jpeg","imgs-index",100
"IMAGEPRODUCT559375","https://cdn.yellosolarhub.com/products/paineis/IMAGE_PRODUCT_559375.jpeg","https://cdn.yellosolarhub.com/products/paineis/IMAGE_PRODUCT_559375.jpeg|IMAGE_PRODUCT_559375.jpeg","imgs-index",100
"IMAGEPRODUCT559376","https://cdn.yellosolarhub.com/products/paineis/IMAGE_PRODUCT_559376.jpeg","https://cdn.yellosolarhub.com/products/paineis/IMAGE_PRODUCT_559376.jpeg|IMAGE_PRODUCT_559376.jpeg","imgs-index",100
"IMAGEPRODUCT559380","https://cdn.yellosolarhub.com/products/paineis/IMAGE_PRODUCT_559380.jpeg","https://cdn.yellosolarhub.com/products/paineis/IMAGE_PRODUCT_559380.jpeg|IMAGE_PRODUCT_559380.jpeg","imgs-index",100
"IMAGEPRODUCT559381","https://cdn.yellosolarhub.com/products/paineis/IMAGE_PRODUCT_559381.png","https://cdn.yellosolarhub.com/products/paineis/IMAGE_PRODUCT_559381.png|IMAGE_PRODUCT_559381.png","imgs-index",100
"IMAGEPRODUCT573429","https://cdn.yellosolarhub.com/products/paineis/IMAGE_PRODUCT_573429.png","https://cdn.yellosolarhub.com/products/paineis/IMAGE_PRODUCT_573429.png|IMAGE_PRODUCT_573429.png","imgs-index",100
"MINASOLMS545IMAGE","https://cdn.yellosolarhub.com/products/paineis/MINASOL-MS-545_image.png","https://cdn.yellosolarhub.com/products/paineis/MINASOL-MS-545_image.png|MINASOL-MS-545_image.png","imgs-index",100
"OSDA33VMHDRZIMAGEPRODUCT559381","https://cdn.yellosolarhub.com/products/paineis/OSDA-33V-MHDRZ_IMAGE_PRODUCT_559381.png","https://cdn.yellosolarhub.com/products/paineis/OSDA-33V-MHDRZ_IMAGE_PRODUCT_559381.png|OSDA-33V-MHDRZ_IMAGE_PRODUCT_559381.png","imgs-index",100
"SKU21556321556317587472203114354","https://cdn.yellosolarhub.com/products/paineis/sku_215563_215563-17587472203114354.jpeg","https://cdn.yellosolarhub.com/products/paineis/sku_215563_215563-17587472203114354.jpeg|sku_215563_215563-17587472203114354.jpeg","imgs-index",100
"SKU280440280440117460389183888406","https://cdn.yellosolarhub.com/products/paineis/sku_280440_280440_1-17460389183888406.jpeg","https://cdn.yellosolarhub.com/products/paineis/sku_280440_280440_1-17460389183888406.jpeg|sku_280440_280440_1-17460389183888406.jpeg","imgs-index",100
"SKU28798928798917459120523305528","https://cdn.yellosolarhub.com/products/paineis/sku_287989_287989-17459120523305528.jpeg","https://cdn.yellosolarhub.com/products/paineis/sku_287989_287989-17459120523305528.jpeg|sku_287989_287989-17459120523305528.jpeg","imgs-index",100
"SKU289244289244117460389447419270","https://cdn.yellosolarhub.com/products/paineis/sku_289244_289244_1-17460389447419270.jpeg","https://cdn.yellosolarhub.com/products/paineis/sku_289244_289244_1-17460389447419270.jpeg|sku_289244_289244_1-17460389447419270.jpeg","imgs-index",100
"SKU29180829180817458456460969248","https://cdn.yellosolarhub.com/products/paineis/sku_291808_291808-17458456460969248.jpeg","https://cdn.yellosolarhub.com/products/paineis/sku_291808_291808-17458456460969248.jpeg|sku_291808_291808-17458456460969248.jpeg","imgs-index",100
"SKU29958629958617471562636241354","https://cdn.yellosolarhub.com/products/paineis/sku_299586_299586-17471562636241354.jpeg","https://cdn.yellosolarhub.com/products/paineis/sku_299586_299586-17471562636241354.jpeg|sku_299586_299586-17471562636241354.jpeg","imgs-index",100
"SKU29958929958917471414377421707","https://cdn.yellosolarhub.com/products/paineis/sku_299589_299589-17471414377421707.jpeg","https://cdn.yellosolarhub.com/products/paineis/sku_299589_299589-17471414377421707.jpeg|sku_299589_299589-17471414377421707.jpeg","imgs-index",100
"SKU30058530058517476745737964615","https://cdn.yellosolarhub.com/products/paineis/sku_300585_300585-17476745737964615.jpeg","https://cdn.yellosolarhub.com/products/paineis/sku_300585_300585-17476745737964615.jpeg|sku_300585_300585-17476745737964615.jpeg","imgs-index",100
"SKU30457430457417516416575985705","https://cdn.yellosolarhub.com/products/paineis/sku_304574_304574-17516416575985705.jpeg","https://cdn.yellosolarhub.com/products/paineis/sku_304574_304574-17516416575985705.jpeg|sku_304574_304574-17516416575985705.jpeg","imgs-index",100
"NEOSOLARPOSTS23327","https://cdn.yellosolarhub.com/products/postes/NEOSOLAR_POSTS_23327.jpg","https://cdn.yellosolarhub.com/products/postes/NEOSOLAR_POSTS_23327.jpg|NEOSOLAR_POSTS_23327.jpg","imgs-index",100
"NEOSOLARPOSTS23586","https://cdn.yellosolarhub.com/products/postes/NEOSOLAR_POSTS_23586.jpg","https://cdn.yellosolarhub.com/products/postes/NEOSOLAR_POSTS_23586.jpg|NEOSOLAR_POSTS_23586.jpg","imgs-index",100
"NEOSOLARPOSTS23587","https://cdn.yellosolarhub.com/products/postes/NEOSOLAR_POSTS_23587.jpg","https://cdn.yellosolarhub.com/products/postes/NEOSOLAR_POSTS_23587.jpg|NEOSOLAR_POSTS_23587.jpg","imgs-index",100
"NEOSOLARPOSTS24170","https://cdn.yellosolarhub.com/products/postes/neosolar_posts_24170.jpg","https://cdn.yellosolarhub.com/products/postes/neosolar_posts_24170.jpg|neosolar_posts_24170.jpg","imgs-index",100
"NEOSOLARPOSTS24171","https://cdn.yellosolarhub.com/products/postes/neosolar_posts_24171.jpg","https://cdn.yellosolarhub.com/products/postes/neosolar_posts_24171.jpg|neosolar_posts_24171.jpg","imgs-index",100
"NEOSOLARPOSTS24172","https://cdn.yellosolarhub.com/products/postes/neosolar_posts_24172.jpg","https://cdn.yellosolarhub.com/products/postes/neosolar_posts_24172.jpg|neosolar_posts_24172.jpg","imgs-index",100
"NEOSOLARPOSTS24173","https://cdn.yellosolarhub.com/products/postes/neosolar_posts_24173.jpg","https://cdn.yellosolarhub.com/products/postes/neosolar_posts_24173.jpg|neosolar_posts_24173.jpg","imgs-index",100
"NEOSOLARPOSTS24174","https://cdn.yellosolarhub.com/products/postes/neosolar_posts_24174.jpg","https://cdn.yellosolarhub.com/products/postes/neosolar_posts_24174.jpg|neosolar_posts_24174.jpg","imgs-index",100
"NEOSOLARPOSTS24175","https://cdn.yellosolarhub.com/products/postes/neosolar_posts_24175.jpg","https://cdn.yellosolarhub.com/products/postes/neosolar_posts_24175.jpg|neosolar_posts_24175.jpg","imgs-index",100
"RISEN700W","https://cdn.yellosolarhub.com/products/RISEN/RISEN-700W.png","https://cdn.yellosolarhub.com/products/RISEN/RISEN-700W.png|RISEN-700W.png","imgs-index",100
"SKU12298012298017544826815777105","https://cdn.yellosolarhub.com/products/stringboxes/sku_122980_122980-17544826815777105.jpeg","https://cdn.yellosolarhub.com/products/stringboxes/sku_122980_122980-17544826815777105.jpeg|sku_122980_122980-17544826815777105.jpeg","imgs-index",100
"SKU13598513598517544833546238906","https://cdn.yellosolarhub.com/products/stringboxes/sku_135985_135985-17544833546238906.jpeg","https://cdn.yellosolarhub.com/products/stringboxes/sku_135985_135985-17544833546238906.jpeg|sku_135985_135985-17544833546238906.jpeg","imgs-index",100
"SKU19176819176817460425002977694","https://cdn.yellosolarhub.com/products/stringboxes/sku_191768_191768-17460425002977694.jpeg","https://cdn.yellosolarhub.com/products/stringboxes/sku_191768_191768-17460425002977694.jpeg|sku_191768_191768-17460425002977694.jpeg","imgs-index",100
"SKU19176919176917485312150104210","https://cdn.yellosolarhub.com/products/stringboxes/sku_191769_191769-17485312150104210.jpeg","https://cdn.yellosolarhub.com/products/stringboxes/sku_191769_191769-17485312150104210.jpeg|sku_191769_191769-17485312150104210.jpeg","imgs-index",100
"SKU19206819206817459124742242879","https://cdn.yellosolarhub.com/products/stringboxes/sku_192068_192068-17459124742242879.jpeg","https://cdn.yellosolarhub.com/products/stringboxes/sku_192068_192068-17459124742242879.jpeg|sku_192068_192068-17459124742242879.jpeg","imgs-index",100
"SKU19934719934717460425385827504","https://cdn.yellosolarhub.com/products/stringboxes/sku_199347_199347-17460425385827504.jpeg","https://cdn.yellosolarhub.com/products/stringboxes/sku_199347_199347-17460425385827504.jpeg|sku_199347_199347-17460425385827504.jpeg","imgs-index",100
"SKU19934819934817458717534237239","https://cdn.yellosolarhub.com/products/stringboxes/sku_199348_199348-17458717534237239.jpeg","https://cdn.yellosolarhub.com/products/stringboxes/sku_199348_199348-17458717534237239.jpeg|sku_199348_199348-17458717534237239.jpeg","imgs-index",100
"SKU19935119935117459269345762408","https://cdn.yellosolarhub.com/products/stringboxes/sku_199351_199351-17459269345762408.jpeg","https://cdn.yellosolarhub.com/products/stringboxes/sku_199351_199351-17459269345762408.jpeg|sku_199351_199351-17459269345762408.jpeg","imgs-index",100
"SKU210836210836117458977870704374","https://cdn.yellosolarhub.com/products/stringboxes/sku_210836_210836_1-17458977870704374.jpeg","https://cdn.yellosolarhub.com/products/stringboxes/sku_210836_210836_1-17458977870704374.jpeg|sku_210836_210836_1-17458977870704374.jpeg","imgs-index",100
"SKU31166831166817458944783606561","https://cdn.yellosolarhub.com/products/stringboxes/sku_311668_311668-17458944783606561.jpeg","https://cdn.yellosolarhub.com/products/stringboxes/sku_311668_311668-17458944783606561.jpeg|sku_311668_311668-17458944783606561.jpeg","imgs-index",100
"SKU327540327540117514830300259600","https://cdn.yellosolarhub.com/products/stringboxes/sku_327540_327540_1-17514830300259600.jpeg","https://cdn.yellosolarhub.com/products/stringboxes/sku_327540_327540_1-17514830300259600.jpeg|sku_327540_327540_1-17514830300259600.jpeg","imgs-index",100
"SKU327541327541117514904188633219","https://cdn.yellosolarhub.com/products/stringboxes/sku_327541_327541_1-17514904188633219.jpeg","https://cdn.yellosolarhub.com/products/stringboxes/sku_327541_327541_1-17514904188633219.jpeg|sku_327541_327541_1-17514904188633219.jpeg","imgs-index",100
"SKU375553755517545438599901052","https://cdn.yellosolarhub.com/products/stringboxes/sku_37555_37555-17545438599901052.jpeg","https://cdn.yellosolarhub.com/products/stringboxes/sku_37555_37555-17545438599901052.jpeg|sku_37555_37555-17545438599901052.jpeg","imgs-index",100
"SUNGROW20SG12RT2020380V20202MPPT","https://cdn.yellosolarhub.com/products/SUNGROW/SUNGROW%20SG12RT%20-%20380V%20-%202MPPT.png","https://cdn.yellosolarhub.com/products/SUNGROW/SUNGROW%20SG12RT%20-%20380V%20-%202MPPT.png|SUNGROW%20SG12RT%20-%20380V%20-%202MPPT.png","imgs-index",100
"SUNGROWSG15RTP2AFCI380V2MPPT201","https://cdn.yellosolarhub.com/products/SUNGROW/SUNGROW-SG15RT-P2-(AFCI)---380V---2MPPT%201.png","https://cdn.yellosolarhub.com/products/SUNGROW/SUNGROW-SG15RT-P2-(AFCI)---380V---2MPPT%201.png|SUNGROW-SG15RT-P2-(AFCI)---380V---2MPPT%201.png","imgs-index",100
"SUNGROWSG20RTP2AFCI380V2MPPT","https://cdn.yellosolarhub.com/products/SUNGROW/SUNGROW-SG20RT-P2-(AFCI)-380V-2MPPT.png","https://cdn.yellosolarhub.com/products/SUNGROW/SUNGROW-SG20RT-P2-(AFCI)-380V-2MPPT.png|SUNGROW-SG20RT-P2-(AFCI)-380V-2MPPT.png","imgs-index",100
"SUNGROWSG30RS220V1MPPT","https://cdn.yellosolarhub.com/products/SUNGROW/SUNGROW-SG3.0RS-220V-1MPPT.png","https://cdn.yellosolarhub.com/products/SUNGROW/SUNGROW-SG3.0RS-220V-1MPPT.png|SUNGROW-SG3.0RS-220V-1MPPT.png","imgs-index",100
"SUNGROWSG40RS220V2MPPT","https://cdn.yellosolarhub.com/products/SUNGROW/SUNGROW-SG4.0RS-220V-2MPPT.png","https://cdn.yellosolarhub.com/products/SUNGROW/SUNGROW-SG4.0RS-220V-2MPPT.png|SUNGROW-SG4.0RS-220V-2MPPT.png","imgs-index",100
"SUNGROWSG50RS220V2MPPT","https://cdn.yellosolarhub.com/products/SUNGROW/SUNGROW-SG5.0RS-220V-2MPPT.png","https://cdn.yellosolarhub.com/products/SUNGROW/SUNGROW-SG5.0RS-220V-2MPPT.png|SUNGROW-SG5.0RS-220V-2MPPT.png","imgs-index",100
"SUNGROWSG75CXLV","https://cdn.yellosolarhub.com/products/SUNGROW/SUNGROW-SG75CX-LV.png","https://cdn.yellosolarhub.com/products/SUNGROW/SUNGROW-SG75CX-LV.png|SUNGROW-SG75CX-LV.png","imgs-index",100
"SUNGROWSG90RS220V3MPPT","https://cdn.yellosolarhub.com/products/SUNGROW/SUNGROW-SG9.0RS-220V-3MPPT.png","https://cdn.yellosolarhub.com/products/SUNGROW/SUNGROW-SG9.0RS-220V-3MPPT.png|SUNGROW-SG9.0RS-220V-3MPPT.png","imgs-index",100
"CAIXA20DE20PASSAGEM","https://cdn.yellosolarhub.com/products/UNKNOWN-MANUFACTURER/caixa%20de%20passagem.png","https://cdn.yellosolarhub.com/products/UNKNOWN-MANUFACTURER/caixa%20de%20passagem.png|caixa%20de%20passagem.png","imgs-index",100
"DISPOSITIVODEDESCONEXAOIQRELAYLNBR","https://cdn.yellosolarhub.com/products/UNKNOWN-MANUFACTURER/DISPOSITIVO-DE-DESCONEXAO-IQ-RELAY-LN-BR.png","https://cdn.yellosolarhub.com/products/UNKNOWN-MANUFACTURER/DISPOSITIVO-DE-DESCONEXAO-IQ-RELAY-LN-BR.png|DISPOSITIVO-DE-DESCONEXAO-IQ-RELAY-LN-BR.png","imgs-index",100
"IBT00001","https://cdn.yellosolarhub.com/products/UNKNOWN-MANUFACTURER/IBT00001.png","https://cdn.yellosolarhub.com/products/UNKNOWN-MANUFACTURER/IBT00001.png|IBT00001.png","imgs-index",100
"IBT00002","https://cdn.yellosolarhub.com/products/UNKNOWN-MANUFACTURER/IBT00002.png","https://cdn.yellosolarhub.com/products/UNKNOWN-MANUFACTURER/IBT00002.png|IBT00002.png","imgs-index",100
"IBT00003","https://cdn.yellosolarhub.com/products/UNKNOWN-MANUFACTURER/IBT00003.png","https://cdn.yellosolarhub.com/products/UNKNOWN-MANUFACTURER/IBT00003.png|IBT00003.png","imgs-index",100
"IBT00004","https://cdn.yellosolarhub.com/products/UNKNOWN-MANUFACTURER/IBT00004.png","https://cdn.yellosolarhub.com/products/UNKNOWN-MANUFACTURER/IBT00004.png|IBT00004.png","imgs-index",100
"ICA00008","https://cdn.yellosolarhub.com/products/UNKNOWN-MANUFACTURER/ICA00008.png","https://cdn.yellosolarhub.com/products/UNKNOWN-MANUFACTURER/ICA00008.png|ICA00008.png","imgs-index",100
"ICA00009","https://cdn.yellosolarhub.com/products/UNKNOWN-MANUFACTURER/ICA00009.png","https://cdn.yellosolarhub.com/products/UNKNOWN-MANUFACTURER/ICA00009.png|ICA00009.png","imgs-index",100
"ICA00010","https://cdn.yellosolarhub.com/products/UNKNOWN-MANUFACTURER/ICA00010.png","https://cdn.yellosolarhub.com/products/UNKNOWN-MANUFACTURER/ICA00010.png|ICA00010.png","imgs-index",100
"ICA00011","https://cdn.yellosolarhub.com/products/UNKNOWN-MANUFACTURER/ICA00011.png","https://cdn.yellosolarhub.com/products/UNKNOWN-MANUFACTURER/ICA00011.png|ICA00011.png","imgs-index",100
"ICO00001","https://cdn.yellosolarhub.com/products/UNKNOWN-MANUFACTURER/ICO00001.png","https://cdn.yellosolarhub.com/products/UNKNOWN-MANUFACTURER/ICO00001.png|ICO00001.png","imgs-index",100
"ICON318X647","https://cdn.yellosolarhub.com/products/UNKNOWN-MANUFACTURER/icon-318x647.png","https://cdn.yellosolarhub.com/products/UNKNOWN-MANUFACTURER/icon-318x647.png|icon-318x647.png","imgs-index",100
"ICV0000320CARREGADOR20VEICULAR20FOXESS20A7300P1E220207320KW","https://cdn.yellosolarhub.com/products/UNKNOWN-MANUFACTURER/ICV00003%20CARREGADOR%20VEICULAR%20FOXESS%20A7300P1-E-2%20-%207,3%20KW.png","https://cdn.yellosolarhub.com/products/UNKNOWN-MANUFACTURER/ICV00003%20CARREGADOR%20VEICULAR%20FOXESS%20A7300P1-E-2%20-%207,3%20KW.png|ICV00003%20CARREGADOR%20VEICULAR%20FOXESS%20A7300P1-E-2%20-%207,3%20KW.png","imgs-index",100
"ICV0000420CARREGADOR20VEICULAR20FOXESS20A022KP1E222KW","https://cdn.yellosolarhub.com/products/UNKNOWN-MANUFACTURER/ICV00004%20CARREGADOR%20VEICULAR%20FOXESS%20A022KP1-E-2-22KW.png","https://cdn.yellosolarhub.com/products/UNKNOWN-MANUFACTURER/ICV00004%20CARREGADOR%20VEICULAR%20FOXESS%20A022KP1-E-2-22KW.png|ICV00004%20CARREGADOR%20VEICULAR%20FOXESS%20A022KP1-E-2-22KW.png","imgs-index",100
"IEF00009","https://cdn.yellosolarhub.com/products/UNKNOWN-MANUFACTURER/IEF00009.png","https://cdn.yellosolarhub.com/products/UNKNOWN-MANUFACTURER/IEF00009.png|IEF00009.png","imgs-index",100
"IEF00016","https://cdn.yellosolarhub.com/products/UNKNOWN-MANUFACTURER/IEF00016.png","https://cdn.yellosolarhub.com/products/UNKNOWN-MANUFACTURER/IEF00016.png|IEF00016.png","imgs-index",100
"IEF00023","https://cdn.yellosolarhub.com/products/UNKNOWN-MANUFACTURER/IEF00023.png","https://cdn.yellosolarhub.com/products/UNKNOWN-MANUFACTURER/IEF00023.png|IEF00023.png","imgs-index",100
"IEF00040","https://cdn.yellosolarhub.com/products/UNKNOWN-MANUFACTURER/IEF00040.png","https://cdn.yellosolarhub.com/products/UNKNOWN-MANUFACTURER/IEF00040.png|IEF00040.png","imgs-index",100
"IEF00044","https://cdn.yellosolarhub.com/products/UNKNOWN-MANUFACTURER/IEF00044.png","https://cdn.yellosolarhub.com/products/UNKNOWN-MANUFACTURER/IEF00044.png|IEF00044.png","imgs-index",100
"IEF00045","https://cdn.yellosolarhub.com/products/UNKNOWN-MANUFACTURER/IEF00045.png","https://cdn.yellosolarhub.com/products/UNKNOWN-MANUFACTURER/IEF00045.png|IEF00045.png","imgs-index",100
"IEF00073","https://cdn.yellosolarhub.com/products/UNKNOWN-MANUFACTURER/IEF00073.png","https://cdn.yellosolarhub.com/products/UNKNOWN-MANUFACTURER/IEF00073.png|IEF00073.png","imgs-index",100
"IEF00090","https://cdn.yellosolarhub.com/products/UNKNOWN-MANUFACTURER/IEF00090.png","https://cdn.yellosolarhub.com/products/UNKNOWN-MANUFACTURER/IEF00090.png|IEF00090.png","imgs-index",100
"IEF00096","https://cdn.yellosolarhub.com/products/UNKNOWN-MANUFACTURER/IEF00096.png","https://cdn.yellosolarhub.com/products/UNKNOWN-MANUFACTURER/IEF00096.png|IEF00096.png","imgs-index",100
"IEF00098","https://cdn.yellosolarhub.com/products/UNKNOWN-MANUFACTURER/IEF00098.png","https://cdn.yellosolarhub.com/products/UNKNOWN-MANUFACTURER/IEF00098.png|IEF00098.png","imgs-index",100
"IEF00100","https://cdn.yellosolarhub.com/products/UNKNOWN-MANUFACTURER/IEF00100.png","https://cdn.yellosolarhub.com/products/UNKNOWN-MANUFACTURER/IEF00100.png|IEF00100.png","imgs-index",100
"IEF00127","https://cdn.yellosolarhub.com/products/UNKNOWN-MANUFACTURER/IEF00127.png","https://cdn.yellosolarhub.com/products/UNKNOWN-MANUFACTURER/IEF00127.png|IEF00127.png","imgs-index",100
"IEF00129","https://cdn.yellosolarhub.com/products/UNKNOWN-MANUFACTURER/IEF00129.png","https://cdn.yellosolarhub.com/products/UNKNOWN-MANUFACTURER/IEF00129.png|IEF00129.png","imgs-index",100
"IEF00131","https://cdn.yellosolarhub.com/products/UNKNOWN-MANUFACTURER/IEF00131.png","https://cdn.yellosolarhub.com/products/UNKNOWN-MANUFACTURER/IEF00131.png|IEF00131.png","imgs-index",100
"IEF00132","https://cdn.yellosolarhub.com/products/UNKNOWN-MANUFACTURER/IEF00132.png","https://cdn.yellosolarhub.com/products/UNKNOWN-MANUFACTURER/IEF00132.png|IEF00132.png","imgs-index",100
"IEF00133","https://cdn.yellosolarhub.com/products/UNKNOWN-MANUFACTURER/IEF00133.png","https://cdn.yellosolarhub.com/products/UNKNOWN-MANUFACTURER/IEF00133.png|IEF00133.png","imgs-index",100
"IEF00144","https://cdn.yellosolarhub.com/products/UNKNOWN-MANUFACTURER/IEF00144.png","https://cdn.yellosolarhub.com/products/UNKNOWN-MANUFACTURER/IEF00144.png|IEF00144.png","imgs-index",100
"IEF00154","https://cdn.yellosolarhub.com/products/UNKNOWN-MANUFACTURER/IEF00154.png","https://cdn.yellosolarhub.com/products/UNKNOWN-MANUFACTURER/IEF00154.png|IEF00154.png","imgs-index",100
"IEF00163","https://cdn.yellosolarhub.com/products/UNKNOWN-MANUFACTURER/IEF00163.png","https://cdn.yellosolarhub.com/products/UNKNOWN-MANUFACTURER/IEF00163.png|IEF00163.png","imgs-index",100
"IEF00166","https://cdn.yellosolarhub.com/products/UNKNOWN-MANUFACTURER/IEF00166.png","https://cdn.yellosolarhub.com/products/UNKNOWN-MANUFACTURER/IEF00166.png|IEF00166.png","imgs-index",100
"IEF00168","https://cdn.yellosolarhub.com/products/UNKNOWN-MANUFACTURER/IEF00168.png","https://cdn.yellosolarhub.com/products/UNKNOWN-MANUFACTURER/IEF00168.png|IEF00168.png","imgs-index",100
"IEF00173","https://cdn.yellosolarhub.com/products/UNKNOWN-MANUFACTURER/IEF00173.png","https://cdn.yellosolarhub.com/products/UNKNOWN-MANUFACTURER/IEF00173.png|IEF00173.png","imgs-index",100
"IEF00203","https://cdn.yellosolarhub.com/products/UNKNOWN-MANUFACTURER/IEF00203.png","https://cdn.yellosolarhub.com/products/UNKNOWN-MANUFACTURER/IEF00203.png|IEF00203.png","imgs-index",100
"ILS00003","https://cdn.yellosolarhub.com/products/UNKNOWN-MANUFACTURER/ILS00003.png","https://cdn.yellosolarhub.com/products/UNKNOWN-MANUFACTURER/ILS00003.png|ILS00003.png","imgs-index",100
"ILS00004","https://cdn.yellosolarhub.com/products/UNKNOWN-MANUFACTURER/ILS00004.png","https://cdn.yellosolarhub.com/products/UNKNOWN-MANUFACTURER/ILS00004.png|ILS00004.png","imgs-index",100
"ILS00008","https://cdn.yellosolarhub.com/products/UNKNOWN-MANUFACTURER/ILS00008.png","https://cdn.yellosolarhub.com/products/UNKNOWN-MANUFACTURER/ILS00008.png|ILS00008.png","imgs-index",100
"ILS00009","https://cdn.yellosolarhub.com/products/UNKNOWN-MANUFACTURER/ILS00009.png","https://cdn.yellosolarhub.com/products/UNKNOWN-MANUFACTURER/ILS00009.png|ILS00009.png","imgs-index",100
"ILS00010","https://cdn.yellosolarhub.com/products/UNKNOWN-MANUFACTURER/ILS00010.png","https://cdn.yellosolarhub.com/products/UNKNOWN-MANUFACTURER/ILS00010.png|ILS00010.png","imgs-index",100
"ILS00012","https://cdn.yellosolarhub.com/products/UNKNOWN-MANUFACTURER/ILS00012.png","https://cdn.yellosolarhub.com/products/UNKNOWN-MANUFACTURER/ILS00012.png|ILS00012.png","imgs-index",100
"ILS00019","https://cdn.yellosolarhub.com/products/UNKNOWN-MANUFACTURER/ILS00019.png","https://cdn.yellosolarhub.com/products/UNKNOWN-MANUFACTURER/ILS00019.png|ILS00019.png","imgs-index",100
"IMS00003","https://cdn.yellosolarhub.com/products/UNKNOWN-MANUFACTURER/IMS00003.png","https://cdn.yellosolarhub.com/products/UNKNOWN-MANUFACTURER/IMS00003.png|IMS00003.png","imgs-index",100
"IMS00004","https://cdn.yellosolarhub.com/products/UNKNOWN-MANUFACTURER/IMS00004.png","https://cdn.yellosolarhub.com/products/UNKNOWN-MANUFACTURER/IMS00004.png|IMS00004.png","imgs-index",100
"ISB00004","https://cdn.yellosolarhub.com/products/UNKNOWN-MANUFACTURER/ISB00004.png","https://cdn.yellosolarhub.com/products/UNKNOWN-MANUFACTURER/ISB00004.png|ISB00004.png","imgs-index",100
"ISB00006","https://cdn.yellosolarhub.com/products/UNKNOWN-MANUFACTURER/ISB00006.png","https://cdn.yellosolarhub.com/products/UNKNOWN-MANUFACTURER/ISB00006.png|ISB00006.png","imgs-index",100
"ISB00007","https://cdn.yellosolarhub.com/products/UNKNOWN-MANUFACTURER/ISB00007.png","https://cdn.yellosolarhub.com/products/UNKNOWN-MANUFACTURER/ISB00007.png|ISB00007.png","imgs-index",100
"ITF00002","https://cdn.yellosolarhub.com/products/UNKNOWN-MANUFACTURER/ITF00002.png","https://cdn.yellosolarhub.com/products/UNKNOWN-MANUFACTURER/ITF00002.png|ITF00002.png","imgs-index",100
"ITF00005","https://cdn.yellosolarhub.com/products/UNKNOWN-MANUFACTURER/ITF00005.png","https://cdn.yellosolarhub.com/products/UNKNOWN-MANUFACTURER/ITF00005.png|ITF00005.png","imgs-index",100
"ITR00056","https://cdn.yellosolarhub.com/products/UNKNOWN-MANUFACTURER/ITR00056.png","https://cdn.yellosolarhub.com/products/UNKNOWN-MANUFACTURER/ITR00056.png|ITR00056.png","imgs-index",100
"ITR00085","https://cdn.yellosolarhub.com/products/UNKNOWN-MANUFACTURER/ITR00085.png","https://cdn.yellosolarhub.com/products/UNKNOWN-MANUFACTURER/ITR00085.png|ITR00085.png","imgs-index",100
"PERFILREFORC3A7ADOSMART240","https://cdn.yellosolarhub.com/products/UNKNOWN-MANUFACTURER/Perfil-refor%C3%A7ado-smart-2,40.png","https://cdn.yellosolarhub.com/products/UNKNOWN-MANUFACTURER/Perfil-refor%C3%A7ado-smart-2,40.png|Perfil-refor%C3%A7ado-smart-2,40.png","imgs-index",100
"124358","https://cdn.yellosolarhub.com/products/estruturas/124358.jpg","https://cdn.yellosolarhub.com/products/estruturas/124358.jpg|124358.jpg","imgs-index",100
"313801","https://cdn.yellosolarhub.com/products/estruturas/313801.jpg","https://cdn.yellosolarhub.com/products/estruturas/313801.jpg|313801.jpg","imgs-index",100
"313834","https://cdn.yellosolarhub.com/products/estruturas/313834.jpg","https://cdn.yellosolarhub.com/products/estruturas/313834.jpg|313834.jpg","imgs-index",100
"IMAGEPRODUCT400187","https://cdn.yellosolarhub.com/products/estruturas/IMAGE_PRODUCT_400187.png","https://cdn.yellosolarhub.com/products/estruturas/IMAGE_PRODUCT_400187.png|IMAGE_PRODUCT_400187.png","imgs-index",100
"IMAGEPRODUCT400188","https://cdn.yellosolarhub.com/products/estruturas/IMAGE_PRODUCT_400188.png","https://cdn.yellosolarhub.com/products/estruturas/IMAGE_PRODUCT_400188.png|IMAGE_PRODUCT_400188.png","imgs-index",100
"IMAGEPRODUCT400190","https://cdn.yellosolarhub.com/products/estruturas/IMAGE_PRODUCT_400190.png","https://cdn.yellosolarhub.com/products/estruturas/IMAGE_PRODUCT_400190.png|IMAGE_PRODUCT_400190.png","imgs-index",100
"IMAGEPRODUCT401949","https://cdn.yellosolarhub.com/products/estruturas/IMAGE_PRODUCT_401949.png","https://cdn.yellosolarhub.com/products/estruturas/IMAGE_PRODUCT_401949.png|IMAGE_PRODUCT_401949.png","imgs-index",100
"SKU10678310678317545443332146339","https://cdn.yellosolarhub.com/products/estruturas/sku_106783_106783-17545443332146339.jpeg","https://cdn.yellosolarhub.com/products/estruturas/sku_106783_106783-17545443332146339.jpeg|sku_106783_106783-17545443332146339.jpeg","imgs-index",100
"SKU12033612033617544835341752786","https://cdn.yellosolarhub.com/products/estruturas/sku_120336_120336-17544835341752786.jpeg","https://cdn.yellosolarhub.com/products/estruturas/sku_120336_120336-17544835341752786.jpeg|sku_120336_120336-17544835341752786.jpeg","imgs-index",100
"SKU12435812435817544827976815683","https://cdn.yellosolarhub.com/products/estruturas/sku_124358_124358-17544827976815683.jpeg","https://cdn.yellosolarhub.com/products/estruturas/sku_124358_124358-17544827976815683.jpeg|sku_124358_124358-17544827976815683.jpeg","imgs-index",100
"SKU133930133930717458510676818108","https://cdn.yellosolarhub.com/products/estruturas/sku_133930_133930_7-17458510676818108.jpeg","https://cdn.yellosolarhub.com/products/estruturas/sku_133930_133930_7-17458510676818108.jpeg|sku_133930_133930_7-17458510676818108.jpeg","imgs-index",100
"SKU192098192098617459006542584963","https://cdn.yellosolarhub.com/products/estruturas/sku_192098_192098_6-17459006542584963.jpeg","https://cdn.yellosolarhub.com/products/estruturas/sku_192098_192098_6-17459006542584963.jpeg|sku_192098_192098_6-17459006542584963.jpeg","imgs-index",100
"SKU19240619240617458660592386008","https://cdn.yellosolarhub.com/products/estruturas/sku_192406_192406-17458660592386008.jpeg","https://cdn.yellosolarhub.com/products/estruturas/sku_192406_192406-17458660592386008.jpeg|sku_192406_192406-17458660592386008.jpeg","imgs-index",100
"SKU19269719269717459129405742263","https://cdn.yellosolarhub.com/products/estruturas/sku_192697_192697-17459129405742263.jpeg","https://cdn.yellosolarhub.com/products/estruturas/sku_192697_192697-17459129405742263.jpeg|sku_192697_192697-17459129405742263.jpeg","imgs-index",100
"SKU19388319388317459249580491925","https://cdn.yellosolarhub.com/products/estruturas/sku_193883_193883-17459249580491925.jpeg","https://cdn.yellosolarhub.com/products/estruturas/sku_193883_193883-17459249580491925.jpeg|sku_193883_193883-17459249580491925.jpeg","imgs-index",100
"SKU19508919508917460393803631309","https://cdn.yellosolarhub.com/products/estruturas/sku_195089_195089-17460393803631309.jpeg","https://cdn.yellosolarhub.com/products/estruturas/sku_195089_195089-17460393803631309.jpeg|sku_195089_195089-17460393803631309.jpeg","imgs-index",100
"SKU195201195201417458881777253997","https://cdn.yellosolarhub.com/products/estruturas/sku_195201_195201_4-17458881777253997.jpeg","https://cdn.yellosolarhub.com/products/estruturas/sku_195201_195201_4-17458881777253997.jpeg|sku_195201_195201_4-17458881777253997.jpeg","imgs-index",100
"SKU211022211022117476865605809426","https://cdn.yellosolarhub.com/products/estruturas/sku_211022_211022_1-17476865605809426.jpeg","https://cdn.yellosolarhub.com/products/estruturas/sku_211022_211022_1-17476865605809426.jpeg|sku_211022_211022_1-17476865605809426.jpeg","imgs-index",100
"SKU215006215006317458331023668129","https://cdn.yellosolarhub.com/products/estruturas/sku_215006_215006_3-17458331023668129.jpeg","https://cdn.yellosolarhub.com/products/estruturas/sku_215006_215006_3-17458331023668129.jpeg|sku_215006_215006_3-17458331023668129.jpeg","imgs-index",100
"SKU215008215008317458709303606537","https://cdn.yellosolarhub.com/products/estruturas/sku_215008_215008_3-17458709303606537.jpeg","https://cdn.yellosolarhub.com/products/estruturas/sku_215008_215008_3-17458709303606537.jpeg|sku_215008_215008_3-17458709303606537.jpeg","imgs-index",100
"SKU309203309203417460398486954422","https://cdn.yellosolarhub.com/products/estruturas/sku_309203_309203_4-17460398486954422.jpeg","https://cdn.yellosolarhub.com/products/estruturas/sku_309203_309203_4-17460398486954422.jpeg|sku_309203_309203_4-17460398486954422.jpeg","imgs-index",100
"SKU31380131380117466238930555038","https://cdn.yellosolarhub.com/products/estruturas/sku_313801_313801-17466238930555038.jpeg","https://cdn.yellosolarhub.com/products/estruturas/sku_313801_313801-17466238930555038.jpeg|sku_313801_313801-17466238930555038.jpeg","imgs-index",100
"SKU313817313817117466373123721087","https://cdn.yellosolarhub.com/products/estruturas/sku_313817_313817_1-17466373123721087.jpeg","https://cdn.yellosolarhub.com/products/estruturas/sku_313817_313817_1-17466373123721087.jpeg|sku_313817_313817_1-17466373123721087.jpeg","imgs-index",100
"SKU313827313827217466255076298648","https://cdn.yellosolarhub.com/products/estruturas/sku_313827_313827_2-17466255076298648.jpeg","https://cdn.yellosolarhub.com/products/estruturas/sku_313827_313827_2-17466255076298648.jpeg|sku_313827_313827_2-17466255076298648.jpeg","imgs-index",100
"SKU31383231383217466237808078788","https://cdn.yellosolarhub.com/products/estruturas/sku_313832_313832-17466237808078788.jpeg","https://cdn.yellosolarhub.com/products/estruturas/sku_313832_313832-17466237808078788.jpeg|sku_313832_313832-17466237808078788.jpeg","imgs-index",100
"SKU313834313834117466239027672907","https://cdn.yellosolarhub.com/products/estruturas/sku_313834_313834_1-17466239027672907.jpeg","https://cdn.yellosolarhub.com/products/estruturas/sku_313834_313834_1-17466239027672907.jpeg|sku_313834_313834_1-17466239027672907.jpeg","imgs-index",100
"SKU320786320786517496510879977488","https://cdn.yellosolarhub.com/products/estruturas/sku_320786_320786_5-17496510879977488.jpeg","https://cdn.yellosolarhub.com/products/estruturas/sku_320786_320786_5-17496510879977488.jpeg|sku_320786_320786_5-17496510879977488.jpeg","imgs-index",100
"SKU342425342425217591697083547384","https://cdn.yellosolarhub.com/products/estruturas/sku_342425_342425_2-17591697083547384.jpeg","https://cdn.yellosolarhub.com/products/estruturas/sku_342425_342425_2-17591697083547384.jpeg|sku_342425_342425_2-17591697083547384.jpeg","imgs-index",100
"IMAGEPRODUCT052113","https://cdn.yellosolarhub.com/products/cabos/IMAGE_PRODUCT_052113.png","https://cdn.yellosolarhub.com/products/cabos/IMAGE_PRODUCT_052113.png|IMAGE_PRODUCT_052113.png","imgs-index",100
"IMAGEPRODUCT052115","https://cdn.yellosolarhub.com/products/cabos/IMAGE_PRODUCT_052115.jpg","https://cdn.yellosolarhub.com/products/cabos/IMAGE_PRODUCT_052115.jpg|IMAGE_PRODUCT_052115.jpg","imgs-index",100
"IMAGEPRODUCT052117","https://cdn.yellosolarhub.com/products/cabos/IMAGE_PRODUCT_052117.jpg","https://cdn.yellosolarhub.com/products/cabos/IMAGE_PRODUCT_052117.jpg|IMAGE_PRODUCT_052117.jpg","imgs-index",100
"IMAGEPRODUCT052118","https://cdn.yellosolarhub.com/products/cabos/IMAGE_PRODUCT_052118.png","https://cdn.yellosolarhub.com/products/cabos/IMAGE_PRODUCT_052118.png|IMAGE_PRODUCT_052118.png","imgs-index",100
"IMAGEPRODUCT052119","https://cdn.yellosolarhub.com/products/cabos/IMAGE_PRODUCT_052119.jpg","https://cdn.yellosolarhub.com/products/cabos/IMAGE_PRODUCT_052119.jpg|IMAGE_PRODUCT_052119.jpg","imgs-index",100
"IMAGEPRODUCT052121","https://cdn.yellosolarhub.com/products/cabos/IMAGE_PRODUCT_052121.jpg","https://cdn.yellosolarhub.com/products/cabos/IMAGE_PRODUCT_052121.jpg|IMAGE_PRODUCT_052121.jpg","imgs-index",100
"IMAGEPRODUCT052122","https://cdn.yellosolarhub.com/products/cabos/IMAGE_PRODUCT_052122.png","https://cdn.yellosolarhub.com/products/cabos/IMAGE_PRODUCT_052122.png|IMAGE_PRODUCT_052122.png","imgs-index",100
"IMAGEPRODUCT052123","https://cdn.yellosolarhub.com/products/cabos/IMAGE_PRODUCT_052123.jpg","https://cdn.yellosolarhub.com/products/cabos/IMAGE_PRODUCT_052123.jpg|IMAGE_PRODUCT_052123.jpg","imgs-index",100
"IMAGEPRODUCT052124","https://cdn.yellosolarhub.com/products/cabos/IMAGE_PRODUCT_052124.png","https://cdn.yellosolarhub.com/products/cabos/IMAGE_PRODUCT_052124.png|IMAGE_PRODUCT_052124.png","imgs-index",100
"IMAGEPRODUCT052125","https://cdn.yellosolarhub.com/products/cabos/IMAGE_PRODUCT_052125.jpg","https://cdn.yellosolarhub.com/products/cabos/IMAGE_PRODUCT_052125.jpg|IMAGE_PRODUCT_052125.jpg","imgs-index",100
"IMAGEPRODUCT052126","https://cdn.yellosolarhub.com/products/cabos/IMAGE_PRODUCT_052126.png","https://cdn.yellosolarhub.com/products/cabos/IMAGE_PRODUCT_052126.png|IMAGE_PRODUCT_052126.png","imgs-index",100
"IMAGEPRODUCT052127","https://cdn.yellosolarhub.com/products/cabos/IMAGE_PRODUCT_052127.png","https://cdn.yellosolarhub.com/products/cabos/IMAGE_PRODUCT_052127.png|IMAGE_PRODUCT_052127.png","imgs-index",100
"IMAGEPRODUCT052128","https://cdn.yellosolarhub.com/products/cabos/IMAGE_PRODUCT_052128.png","https://cdn.yellosolarhub.com/products/cabos/IMAGE_PRODUCT_052128.png|IMAGE_PRODUCT_052128.png","imgs-index",100
"IMAGEPRODUCT052129","https://cdn.yellosolarhub.com/products/cabos/IMAGE_PRODUCT_052129.png","https://cdn.yellosolarhub.com/products/cabos/IMAGE_PRODUCT_052129.png|IMAGE_PRODUCT_052129.png","imgs-index",100
"IMAGEPRODUCT052130","https://cdn.yellosolarhub.com/products/cabos/IMAGE_PRODUCT_052130.png","https://cdn.yellosolarhub.com/products/cabos/IMAGE_PRODUCT_052130.png|IMAGE_PRODUCT_052130.png","imgs-index",100
"NEOSOLARCABLES20077","https://cdn.yellosolarhub.com/products/cabos/neosolar_cables_20077.jpg","https://cdn.yellosolarhub.com/products/cabos/neosolar_cables_20077.jpg|neosolar_cables_20077.jpg","imgs-index",100
"NEOSOLARCABLES20078","https://cdn.yellosolarhub.com/products/cabos/neosolar_cables_20078.jpg","https://cdn.yellosolarhub.com/products/cabos/neosolar_cables_20078.jpg|neosolar_cables_20078.jpg","imgs-index",100
"NEOSOLARCABLES20121","https://cdn.yellosolarhub.com/products/cabos/neosolar_cables_20121.jpg","https://cdn.yellosolarhub.com/products/cabos/neosolar_cables_20121.jpg|neosolar_cables_20121.jpg","imgs-index",100
"NEOSOLARCABLES20122","https://cdn.yellosolarhub.com/products/cabos/neosolar_cables_20122.jpg","https://cdn.yellosolarhub.com/products/cabos/neosolar_cables_20122.jpg|neosolar_cables_20122.jpg","imgs-index",100
"NEOSOLARCABLES20126","https://cdn.yellosolarhub.com/products/cabos/NEOSOLAR_CABLES_20126.jpg","https://cdn.yellosolarhub.com/products/cabos/NEOSOLAR_CABLES_20126.jpg|NEOSOLAR_CABLES_20126.jpg","imgs-index",100
"NEOSOLARCABLES20127","https://cdn.yellosolarhub.com/products/cabos/NEOSOLAR_CABLES_20127.jpg","https://cdn.yellosolarhub.com/products/cabos/NEOSOLAR_CABLES_20127.jpg|NEOSOLAR_CABLES_20127.jpg","imgs-index",100
"NEOSOLARCABLES20128","https://cdn.yellosolarhub.com/products/cabos/NEOSOLAR_CABLES_20128.jpg","https://cdn.yellosolarhub.com/products/cabos/NEOSOLAR_CABLES_20128.jpg|NEOSOLAR_CABLES_20128.jpg","imgs-index",100
"NEOSOLARCABLES20131","https://cdn.yellosolarhub.com/products/cabos/NEOSOLAR_CABLES_20131.jpg","https://cdn.yellosolarhub.com/products/cabos/NEOSOLAR_CABLES_20131.jpg|NEOSOLAR_CABLES_20131.jpg","imgs-index",100
"NEOSOLARCABLES20132","https://cdn.yellosolarhub.com/products/cabos/NEOSOLAR_CABLES_20132.jpg","https://cdn.yellosolarhub.com/products/cabos/NEOSOLAR_CABLES_20132.jpg|NEOSOLAR_CABLES_20132.jpg","imgs-index",100
"NEOSOLARCABLES20134","https://cdn.yellosolarhub.com/products/cabos/NEOSOLAR_CABLES_20134.jpg","https://cdn.yellosolarhub.com/products/cabos/NEOSOLAR_CABLES_20134.jpg|NEOSOLAR_CABLES_20134.jpg","imgs-index",100
"NEOSOLARCABLES20135","https://cdn.yellosolarhub.com/products/cabos/NEOSOLAR_CABLES_20135.jpg","https://cdn.yellosolarhub.com/products/cabos/NEOSOLAR_CABLES_20135.jpg|NEOSOLAR_CABLES_20135.jpg","imgs-index",100
"NEOSOLARCABLES20137","https://cdn.yellosolarhub.com/products/cabos/NEOSOLAR_CABLES_20137.jpg","https://cdn.yellosolarhub.com/products/cabos/NEOSOLAR_CABLES_20137.jpg|NEOSOLAR_CABLES_20137.jpg","imgs-index",100
"NEOSOLARCABLES20139","https://cdn.yellosolarhub.com/products/cabos/NEOSOLAR_CABLES_20139.jpg","https://cdn.yellosolarhub.com/products/cabos/NEOSOLAR_CABLES_20139.jpg|NEOSOLAR_CABLES_20139.jpg","imgs-index",100
"NEOSOLARCABLES20142","https://cdn.yellosolarhub.com/products/cabos/NEOSOLAR_CABLES_20142.jpg","https://cdn.yellosolarhub.com/products/cabos/NEOSOLAR_CABLES_20142.jpg|NEOSOLAR_CABLES_20142.jpg","imgs-index",100
"NEOSOLARCABLES20286","https://cdn.yellosolarhub.com/products/cabos/neosolar_cables_20286.jpg","https://cdn.yellosolarhub.com/products/cabos/neosolar_cables_20286.jpg|neosolar_cables_20286.jpg","imgs-index",100
"NEOSOLARCABLES20369","https://cdn.yellosolarhub.com/products/cabos/neosolar_cables_20369.jpg","https://cdn.yellosolarhub.com/products/cabos/neosolar_cables_20369.jpg|neosolar_cables_20369.jpg","imgs-index",100
"NEOSOLARCABLES20371","https://cdn.yellosolarhub.com/products/cabos/neosolar_cables_20371.jpg","https://cdn.yellosolarhub.com/products/cabos/neosolar_cables_20371.jpg|neosolar_cables_20371.jpg","imgs-index",100
"NEOSOLARCABLES20789","https://cdn.yellosolarhub.com/products/cabos/neosolar_cables_20789.jpg","https://cdn.yellosolarhub.com/products/cabos/neosolar_cables_20789.jpg|neosolar_cables_20789.jpg","imgs-index",100
"NEOSOLARCABLES20925","https://cdn.yellosolarhub.com/products/cabos/neosolar_cables_20925.jpg","https://cdn.yellosolarhub.com/products/cabos/neosolar_cables_20925.jpg|neosolar_cables_20925.jpg","imgs-index",100
"NEOSOLARCABLES21769","https://cdn.yellosolarhub.com/products/cabos/neosolar_cables_21769.jpg","https://cdn.yellosolarhub.com/products/cabos/neosolar_cables_21769.jpg|neosolar_cables_21769.jpg","imgs-index",100
"NEOSOLARCABLES21770","https://cdn.yellosolarhub.com/products/cabos/neosolar_cables_21770.jpg","https://cdn.yellosolarhub.com/products/cabos/neosolar_cables_21770.jpg|neosolar_cables_21770.jpg","imgs-index",100
"NEOSOLARCABLES21771","https://cdn.yellosolarhub.com/products/cabos/neosolar_cables_21771.jpg","https://cdn.yellosolarhub.com/products/cabos/neosolar_cables_21771.jpg|neosolar_cables_21771.jpg","imgs-index",100
"NEOSOLARCABLES21772","https://cdn.yellosolarhub.com/products/cabos/neosolar_cables_21772.jpg","https://cdn.yellosolarhub.com/products/cabos/neosolar_cables_21772.jpg|neosolar_cables_21772.jpg","imgs-index",100
"NEOSOLARCABLES21998","https://cdn.yellosolarhub.com/products/cabos/NEOSOLAR_CABLES_21998.jpg","https://cdn.yellosolarhub.com/products/cabos/NEOSOLAR_CABLES_21998.jpg|NEOSOLAR_CABLES_21998.jpg","imgs-index",100
"NEOSOLARCABLES23052","https://cdn.yellosolarhub.com/products/cabos/NEOSOLAR_CABLES_23052.jpg","https://cdn.yellosolarhub.com/products/cabos/NEOSOLAR_CABLES_23052.jpg|NEOSOLAR_CABLES_23052.jpg","imgs-index",100
"NEOSOLARCABLES23053","https://cdn.yellosolarhub.com/products/cabos/NEOSOLAR_CABLES_23053.jpg","https://cdn.yellosolarhub.com/products/cabos/NEOSOLAR_CABLES_23053.jpg|NEOSOLAR_CABLES_23053.jpg","imgs-index",100
"NEOSOLARCABLES23054","https://cdn.yellosolarhub.com/products/cabos/NEOSOLAR_CABLES_23054.jpg","https://cdn.yellosolarhub.com/products/cabos/NEOSOLAR_CABLES_23054.jpg|NEOSOLAR_CABLES_23054.jpg","imgs-index",100
"NEOSOLARCABLES23055","https://cdn.yellosolarhub.com/products/cabos/NEOSOLAR_CABLES_23055.jpg","https://cdn.yellosolarhub.com/products/cabos/NEOSOLAR_CABLES_23055.jpg|NEOSOLAR_CABLES_23055.jpg","imgs-index",100
"NEOSOLARCABLES23503","https://cdn.yellosolarhub.com/products/cabos/neosolar_cables_23503.jpg","https://cdn.yellosolarhub.com/products/cabos/neosolar_cables_23503.jpg|neosolar_cables_23503.jpg","imgs-index",100
"NEOSOLARCABLES23504","https://cdn.yellosolarhub.com/products/cabos/neosolar_cables_23504.jpg","https://cdn.yellosolarhub.com/products/cabos/neosolar_cables_23504.jpg|neosolar_cables_23504.jpg","imgs-index",100
"NEOSOLARCABLES23505","https://cdn.yellosolarhub.com/products/cabos/neosolar_cables_23505.jpg","https://cdn.yellosolarhub.com/products/cabos/neosolar_cables_23505.jpg|neosolar_cables_23505.jpg","imgs-index",100
"NEOSOLARCABLES23780","https://cdn.yellosolarhub.com/products/cabos/neosolar_cables_23780.jpg","https://cdn.yellosolarhub.com/products/cabos/neosolar_cables_23780.jpg|neosolar_cables_23780.jpg","imgs-index",100
"NEOSOLARCABLES25205","https://cdn.yellosolarhub.com/products/cabos/neosolar_cables_25205.jpg","https://cdn.yellosolarhub.com/products/cabos/neosolar_cables_25205.jpg|neosolar_cables_25205.jpg","imgs-index",100
"NEOSOLARCABLES27352","https://cdn.yellosolarhub.com/products/cabos/neosolar_cables_27352.jpg","https://cdn.yellosolarhub.com/products/cabos/neosolar_cables_27352.jpg|neosolar_cables_27352.jpg","imgs-index",100