battery_capacity_kwh,battery_manufacturer,battery_quantity,battery_voltage_v,category,distributor,id,inverter_manufacturer,inverter_power_kw,inverter_quantity,name,panel_manufacturer,panel_power_w,panel_quantity,power_kwp,power_watts,price_brl,price_per_wp,total_batteries,total_inverters,total_panels,type
,,,,kits,Fortlev,fortlev_kit_001,Growatt,2.0,1,Kit 2.44kWp - Panel + Growatt,,,,2.44,2440.0,2923.56,1.2,0,1,1,Solar Kit
,,,,kits,Fortlev,fortlev_kit_002,Growatt,2.0,1,Kit 2.52kWp - Longi + Growatt,Longi,630,4,2.52,2520.0,3163.7,1.26,0,1,1,Solar Kit
,,,,kits,Fortlev,fortlev_kit_003,Growatt,2.0,1,Kit 2.8kWp - Risen + Growatt,Risen,700,4,2.8,2800.0,3837.94,1.37,0,1,1,Solar Kit
,,,,kits,Fortlev,fortlev_kit_004,Growatt,,1,Kit 2.8kWp - Risen + Growatt,Risen,700,4,2.8,2800.0,3923.18,1.4,0,1,1,Solar Kit
,,,,kits,Fortlev,fortlev_kit_005,Growatt,2.0,1,Kit 2.92kWp - Longi + Growatt,Longi,585,5,2.92,2920.0,4222.76,1.44,0,1,1,Solar Kit
,,,,kits,Fortlev,fortlev_kit_006,Growatt,,1,Kit 2.92kWp - Longi + Growatt,Longi,585,5,2.92,2920.0,4393.24,1.5,0,1,1,Solar Kit
,,,,kits,Fortlev,fortlev_kit_007,Growatt,,1,Kit 3.05kWp - Panel + Growatt,,,,3.05,3050.0,4394.4,1.44,0,1,1,Solar Kit
,,,,kits,Fortlev,fortlev_kit_008,Growatt,,1,Kit 3.15kWp - Longi + Growatt,Longi,630,5,3.15,3150.0,4694.59,1.49,0,1,1,Solar Kit
,,,,kits,Fortlev,fortlev_kit_009,Growatt,,1,Kit 3.66kWp - Panel + Growatt,,,,3.66,3660.0,4986.95,1.36,0,1,1,Solar Kit
,,,,kits,Fortlev,fortlev_kit_010,,,1,Kit 3.51kWp - Longi + Inverter,Longi,585,6,3.51,3510.0,5056.46,1.44,0,1,1,Solar Kit
,,,,kits,Fortlev,fortlev_kit_011,,,1,Kit 3.66kWp - Panel + Inverter,,,,3.66,3660.0,5057.86,1.38,0,1,1,Solar Kit
,,,,kits,Fortlev,fortlev_kit_012,Growatt,2.0,1,Kit 2.65kWp - BYD + Growatt,BYD,530,5,2.65,2650.0,5073.84,1.91,0,1,1,Solar Kit
,,,,kits,Fortlev,fortlev_kit_013,,,1,Kit 3.51kWp - Longi + Inverter,Longi,585,6,3.51,3510.0,5202.9,1.48,0,1,1,Solar Kit
,,,,kits,Fortlev,fortlev_kit_014,,,1,Kit 3.66kWp - Panel + Inverter,,,,3.66,3660.0,5204.3,1.42,0,1,1,Solar Kit
,,,,kits,Fortlev,fortlev_kit_015,Growatt,,1,Kit 3.78kWp - Longi + Growatt,Longi,630,6,3.78,3780.0,5304.08,1.4,0,1,1,Solar Kit
,,,,kits,Fortlev,fortlev_kit_016,Growatt,,1,Kit 3.78kWp - Longi + Growatt,Longi,630,6,3.78,3780.0,5347.17,1.41,0,1,1,Solar Kit
,,,,kits,Fortlev,fortlev_kit_017,,,1,Kit 3.51kWp - Longi + Inverter,Longi,585,6,3.51,3510.0,5364.9,1.53,0,1,1,Solar Kit
,,,,kits,Fortlev,fortlev_kit_018,,,1,Kit 3.66kWp - Panel + Inverter,,,,3.66,3660.0,5366.3,1.47,0,1,1,Solar Kit
,,,,kits,Fortlev,fortlev_kit_019,,,1,Kit 3.78kWp - Longi + Inverter,Longi,630,6,3.78,3780.0,5418.08,1.43,0,1,1,Solar Kit
,,,,kits,Fortlev,fortlev_kit_020,,,1,Kit 4.09kWp - Longi + Inverter,Longi,585,7,4.09,4090.0,5457.3,1.33,0,1,1,Solar Kit
,,,,kits,Fortlev,fortlev_kit_021,,,1,Kit 4.27kWp - Panel + Inverter,,,,4.27,4270.0,5458.93,1.28,0,1,1,Solar Kit
,,,,kits,Fortlev,fortlev_kit_022,Growatt,,1,Kit 4.09kWp - Longi + Growatt,Longi,585,7,4.09,4090.0,5483.29,1.34,0,1,1,Solar Kit
,,,,kits,Fortlev,fortlev_kit_023,Growatt,,1,Kit 4.09kWp - Longi + Growatt,Longi,585,7,4.09,4090.0,5526.38,1.35,0,1,1,Solar Kit
,,,,kits,Fortlev,fortlev_kit_024,,,1,Kit 3.78kWp - Longi + Inverter,Longi,630,6,3.78,3780.0,5564.52,1.47,0,1,1,Solar Kit
,,,,kits,Fortlev,fortlev_kit_025,,,1,Kit 2.92kWp - Longi + Inverter,Longi,585,5,2.92,2920.0,5574.92,1.91,0,1,1,Solar Kit
,,,,kits,Fortlev,fortlev_kit_026,Sungrow,,1,Kit 4.09kWp - Longi + Sungrow,Longi,585,7,4.09,4090.0,5636.14,1.38,0,1,1,Solar Kit
,,,,kits,Fortlev,fortlev_kit_027,Sungrow,,1,Kit 4.27kWp - Panel + Sungrow,,,,4.27,4270.0,5637.77,1.32,0,1,1,Solar Kit
,,,,kits,Fortlev,fortlev_kit_028,,,1,Kit 3.78kWp - Longi + Inverter,Longi,630,6,3.78,3780.0,5726.52,1.51,0,1,1,Solar Kit
,,,,kits,Fortlev,fortlev_kit_029,,,1,Kit 4.09kWp - Longi + Inverter,Longi,585,7,4.09,4090.0,5786.74,1.41,0,1,1,Solar Kit
,,,,kits,Fortlev,fortlev_kit_030,,,1,Kit 4.27kWp - Panel + Inverter,,,,4.27,4270.0,5788.38,1.36,0,1,1,Solar Kit
,,,,kits,Fortlev,fortlev_kit_031,,,1,Kit 3.5kWp - Risen + Inverter,Risen,700,5,3.5,3500.0,5806.22,1.66,0,1,1,Solar Kit
,,,,kits,Fortlev,fortlev_kit_032,,,1,Kit 4.09kWp - Longi + Inverter,Longi,585,7,4.09,4090.0,5841.18,1.43,0,1,1,Solar Kit
,,,,kits,Fortlev,fortlev_kit_033,,,1,Kit 4.27kWp - Panel + Inverter,,,,4.27,4270.0,5842.82,1.37,0,1,1,Solar Kit
,,,,kits,Fortlev,fortlev_kit_034,,,1,Kit 4.41kWp - Longi + Inverter,Longi,630,7,4.41,4410.0,5879.19,1.33,0,1,1,Solar Kit
,,,,kits,Fortlev,fortlev_kit_035,Growatt,,1,Kit 3.18kWp - BYD + Growatt,BYD,530,6,3.18,3180.0,5955.36,1.87,0,1,1,Solar Kit
,,,,kits,Fortlev,fortlev_kit_036,,,1,Kit 3.5kWp - Risen + Inverter,Risen,700,5,3.5,3500.0,5968.22,1.71,0,1,1,Solar Kit
,,,,kits,Fortlev,fortlev_kit_037,Sungrow,,1,Kit 4.41kWp - Longi + Sungrow,Longi,630,7,4.41,4410.0,6058.03,1.37,0,1,1,Solar Kit
,,,,kits,Fortlev,fortlev_kit_038,,,1,Kit 4.41kWp - Longi + Inverter,Longi,630,7,4.41,4410.0,6208.63,1.41,0,1,1,Solar Kit
,,,,kits,Fortlev,fortlev_kit_039,Growatt,2.0,1,Kit 2.88kWp - Panel + Growatt,,,,2.88,2880.0,6244.48,2.17,0,1,1,Solar Kit
,,,,kits,Fortlev,fortlev_kit_040,,,1,Kit 4.41kWp - Longi + Inverter,Longi,630,7,4.41,4410.0,6263.07,1.42,0,1,1,Solar Kit
,,,,kits,Fortlev,fortlev_kit_041,Enphase,,1,Kit 2.8kWp - Risen + Enphase,Risen,700,4,2.8,2800.0,6296.65,2.25,0,1,1,Solar Kit
,,,,kits,Fortlev,fortlev_kit_042,Growatt,,1,Kit 4.2kWp - Risen + Growatt,Risen,700,6,4.2,4200.0,6358.53,1.51,0,1,1,Solar Kit
,,,,kits,Fortlev,fortlev_kit_043,Growatt,,1,Kit 2.88kWp - Panel + Growatt,,,,2.88,2880.0,6414.96,2.23,0,1,1,Solar Kit
,,,,kits,Fortlev,fortlev_kit_044,Sungrow,,1,Kit 4.2kWp - Risen + Sungrow,Risen,700,6,4.2,4200.0,6468.29,1.54,0,1,1,Solar Kit
,,,,kits,Fortlev,fortlev_kit_045,Enphase,,1,Kit 2.92kWp - Longi + Enphase,Longi,585,5,2.92,2920.0,6510.25,2.23,0,1,1,Solar Kit
,,,,kits,Fortlev,fortlev_kit_046,Enphase,,1,Kit 3.05kWp - Panel + Enphase,,,,3.05,3050.0,6511.42,2.13,0,1,1,Solar Kit
,,,,kits,Fortlev,fortlev_kit_047,,,1,Kit 4.2kWp - Risen + Inverter,Risen,700,6,4.2,4200.0,6673.33,1.59,0,1,1,Solar Kit
,,,,kits,Fortlev,fortlev_kit_048,Growatt,,1,Kit 3.71kWp - BYD + Growatt,BYD,530,7,3.71,3710.0,6674.8,1.8,0,1,1,Solar Kit
,,,,kits,Fortlev,fortlev_kit_049,Growatt,,1,Kit 3.71kWp - BYD + Growatt,BYD,530,7,3.71,3710.0,6717.89,1.81,0,1,1,Solar Kit
,,,,kits,Fortlev,fortlev_kit_050,Enphase,,1,Kit 3.15kWp - Longi + Enphase,Longi,630,5,3.15,3150.0,6811.6,2.16,0,1,1,Solar Kit
,,,,kits,Fortlev,fortlev_kit_051,,,1,Kit 3.71kWp - BYD + Inverter,BYD,530,7,3.71,3710.0,6935.24,1.87,0,1,1,Solar Kit
,,,,kits,Fortlev,fortlev_kit_052,,,1,Kit 5.49kWp - Panel + Inverter,,,,5.49,5490.0,7095.28,1.29,0,1,1,Solar Kit
,,,,kits,Fortlev,fortlev_kit_053,,,1,Kit 3.71kWp - BYD + Inverter,BYD,530,7,3.71,3710.0,7097.24,1.91,0,1,1,Solar Kit
,,,,kits,Fortlev,fortlev_kit_054,,,1,Kit 4.24kWp - BYD + Inverter,BYD,530,8,4.24,4240.0,7359.85,1.74,0,1,1,Solar Kit
,,,,kits,Fortlev,fortlev_kit_055,,,1,Kit 3.71kWp - BYD + Inverter,BYD,530,7,3.71,3710.0,7380.85,1.99,0,1,1,Solar Kit
,,,,kits,Fortlev,fortlev_kit_056,Sungrow,,1,Kit 5.49kWp - Panel + Sungrow,,,,5.49,5490.0,7432.63,1.35,0,1,1,Solar Kit
,,,,kits,Fortlev,fortlev_kit_057,,,1,Kit 3.45kWp - Panel + Inverter,,,,3.45,3450.0,7482.53,2.17,0,1,1,Solar Kit
,,,,kits,Fortlev,fortlev_kit_058,,,1,Kit 3.18kWp - BYD + Inverter,BYD,530,6,3.18,3180.0,7538.06,2.37,0,1,1,Solar Kit
,,,,kits,Fortlev,fortlev_kit_059,Sungrow,,1,Kit 4.24kWp - BYD + Sungrow,BYD,530,8,4.24,4240.0,7538.69,1.78,0,1,1,Solar Kit
,,,,kits,Fortlev,fortlev_kit_060,,,1,Kit 3.45kWp - Panel + Inverter,,,,3.45,3450.0,7628.97,2.21,0,1,1,Solar Kit
,,,,kits,Fortlev,fortlev_kit_061,,,1,Kit 5.85kWp - Longi + Inverter,Longi,585,10,5.85,5850.0,7634.01,1.3,0,1,1,Solar Kit
,,,,kits,Fortlev,fortlev_kit_062,,,1,Kit 5.67kWp - Longi + Inverter,Longi,630,9,5.67,5670.0,7635.62,1.35,0,1,1,Solar Kit
,,,,kits,Fortlev,fortlev_kit_063,,,1,Kit 4.24kWp - BYD + Inverter,BYD,530,8,4.24,4240.0,7689.3,1.81,0,1,1,Solar Kit
,,,,kits,Fortlev,fortlev_kit_064,,,1,Kit 4.24kWp - BYD + Inverter,BYD,530,8,4.24,4240.0,7743.74,1.83,0,1,1,Solar Kit
,,,,kits,Fortlev,fortlev_kit_065,,,1,Kit 3.45kWp - Panel + Inverter,,,,3.45,3450.0,7790.98,2.26,0,1,1,Solar Kit
,,,,kits,Fortlev,fortlev_kit_066,,,1,Kit 4.09kWp - Longi + Inverter,Longi,585,7,4.09,4090.0,7858.86,1.92,0,1,1,Solar Kit
,,,,kits,Fortlev,fortlev_kit_067,Sungrow,,1,Kit 5.85kWp - Longi + Sungrow,Longi,585,10,5.85,5850.0,7971.36,1.36,0,1,1,Solar Kit
,,,,kits,Fortlev,fortlev_kit_068,Sungrow,,1,Kit 5.67kWp - Longi + Sungrow,Longi,630,9,5.67,5670.0,7972.96,1.41,0,1,1,Solar Kit
,,,,kits,Fortlev,fortlev_kit_069,,,1,Kit 4.41kWp - Longi + Inverter,Longi,630,7,4.41,4410.0,8280.75,1.88,0,1,1,Solar Kit
,,,,kits,Fortlev,fortlev_kit_070,,,1,Kit 4.03kWp - Panel + Inverter,,,,4.03,4030.0000000000005,8287.72,2.06,0,1,1,Solar Kit
,,,,kits,Fortlev,fortlev_kit_071,Growatt,,1,Kit 4.03kWp - Panel + Growatt,,,,4.03,4030.0000000000005,8313.71,2.07,0,1,1,Solar Kit
,,,,kits,Fortlev,fortlev_kit_072,Growatt,,1,Kit 4.03kWp - Panel + Growatt,,,,4.03,4030.0000000000005,8356.79,2.08,0,1,1,Solar Kit
,,,,kits,Fortlev,fortlev_kit_073,,,1,Kit 5.6kWp - Risen + Inverter,Risen,700,8,5.6,5600.0,8382.99,1.5,0,1,1,Solar Kit
,,,,kits,Fortlev,fortlev_kit_074,Sungrow,,1,Kit 4.03kWp - Panel + Sungrow,,,,4.03,4030.0000000000005,8466.55,2.1,0,1,1,Solar Kit
,,,,kits,Fortlev,fortlev_kit_075,,,1,Kit 7.02kWp - Longi + Inverter,Longi,585,12,7.02,7020.0,8584.9,1.22,0,1,1,Solar Kit
,,,,kits,Fortlev,fortlev_kit_076,,,1,Kit 7.32kWp - Panel + Inverter,,,,7.32,7320.0,8587.7,1.17,0,1,1,Solar Kit
,,,,kits,Fortlev,fortlev_kit_077,,,1,Kit 4.03kWp - Panel + Inverter,,,,4.03,4030.0000000000005,8617.16,2.14,0,1,1,Solar Kit
,,,,kits,Fortlev,fortlev_kit_078,,,1,Kit 7.02kWp - Longi + Inverter,Longi,585,12,7.02,7020.0,8650.8,1.23,0,1,1,Solar Kit
,,,,kits,Fortlev,fortlev_kit_079,,,1,Kit 7.32kWp - Panel + Inverter,,,,7.32,7320.0,8653.6,1.18,0,1,1,Solar Kit
,,,,kits,Fortlev,fortlev_kit_080,Enphase,,1,Kit 3.18kWp - BYD + Enphase,BYD,530,6,3.18,3180.0,8660.46,2.72,0,1,1,Solar Kit
,,,,kits,Fortlev,fortlev_kit_081,,,1,Kit 4.03kWp - Panel + Inverter,,,,4.03,4030.0000000000005,8671.6,2.15,0,1,1,Solar Kit
,,,,kits,Fortlev,fortlev_kit_082,,,1,Kit 6.93kWp - Longi + Inverter,Longi,630,11,6.93,6930.0,8707.04,1.26,0,1,1,Solar Kit
,,,,kits,Fortlev,fortlev_kit_083,Sungrow,,1,Kit 5.6kWp - Risen + Sungrow,Risen,700,8,5.6,5600.0,8720.34,1.56,0,1,1,Solar Kit
,,,,kits,Fortlev,fortlev_kit_084,,,1,Kit 6.93kWp - Longi + Inverter,Longi,630,11,6.93,6930.0,8772.94,1.27,0,1,1,Solar Kit
,,,,kits,Fortlev,fortlev_kit_085,Sungrow,,1,Kit 7.02kWp - Longi + Sungrow,Longi,585,12,7.02,7020.0,8821.14,1.26,0,1,1,Solar Kit
,,,,kits,Fortlev,fortlev_kit_086,Sungrow,,1,Kit 7.32kWp - Panel + Sungrow,,,,7.32,7320.0,8823.93,1.21,0,1,1,Solar Kit
,,,,kits,Fortlev,fortlev_kit_087,,,1,Kit 7.02kWp - Longi + Inverter,Longi,585,12,7.02,7020.0,8828.45,1.26,0,1,1,Solar Kit
,,,,kits,Fortlev,fortlev_kit_088,,,1,Kit 7.32kWp - Panel + Inverter,,,,7.32,7320.0,8831.25,1.21,0,1,1,Solar Kit
,,,,kits,Fortlev,fortlev_kit_089,,,1,Kit 7.02kWp - Longi + Inverter,Longi,585,12,7.02,7020.0,8832.1,1.26,0,1,1,Solar Kit
,,,,kits,Fortlev,fortlev_kit_090,,,1,Kit 7.32kWp - Panel + Inverter,,,,7.32,7320.0,8834.9,1.21,0,1,1,Solar Kit
,,,,kits,Fortlev,fortlev_kit_091,,,1,Kit 3.45kWp - Panel + Inverter,,,,3.45,3450.0,8942.84,2.59,0,1,1,Solar Kit
,,,,kits,Fortlev,fortlev_kit_092,Sungrow,,1,Kit 6.93kWp - Longi + Sungrow,Longi,630,11,6.93,6930.0,8943.28,1.29,0,1,1,Solar Kit
,,,,kits,Fortlev,fortlev_kit_093,,,1,Kit 6.93kWp - Longi + Inverter,Longi,630,11,6.93,6930.0,8950.59,1.29,0,1,1,Solar Kit
,,,,kits,Fortlev,fortlev_kit_094,,,1,Kit 6.93kWp - Longi + Inverter,Longi,630,11,6.93,6930.0,8954.24,1.29,0,1,1,Solar Kit
,,,,kits,Fortlev,fortlev_kit_095,,,1,Kit 4.24kWp - BYD + Inverter,BYD,530,8,4.24,4240.0,9761.42,2.3,0,1,1,Solar Kit
,,,,kits,Fortlev,fortlev_kit_096,,,1,Kit 8.54kWp - Panel + Inverter,,,,8.54,8540.0,9841.25,1.15,0,1,1,Solar Kit
,,,,kits,Fortlev,fortlev_kit_097,,,1,Kit 8.54kWp - Panel + Inverter,,,,8.54,8540.0,9852.95,1.15,0,1,1,Solar Kit
,,,,kits,Fortlev,fortlev_kit_098,,,1,Kit 7.0kWp - Risen + Inverter,Risen,700,10,7.0,7000.0,9857.44,1.41,0,1,1,Solar Kit
,,,,kits,Fortlev,fortlev_kit_099,,,1,Kit 8.54kWp - Panel + Inverter,,,,8.54,8540.0,9899.66,1.16,0,1,1,Solar Kit
,,,,kits,Fortlev,fortlev_kit_100,,,1,Kit 8.54kWp - Panel + Inverter,,,,8.54,8540.0,9998.19,1.17,0,1,1,Solar Kit
,,,,kits,Fortlev,fortlev_kit_101,Sungrow,,1,Kit 7.0kWp - Risen + Sungrow,Risen,700,10,7.0,7000.0,10027.77,1.43,0,1,1,Solar Kit
,,,,kits,Fortlev,fortlev_kit_102,,,1,Kit 7.0kWp - Risen + Inverter,Risen,700,10,7.0,7000.0,10038.74,1.43,0,1,1,Solar Kit
,,,,kits,Fortlev,fortlev_kit_103,,,1,Kit 5.83kWp - BYD + Inverter,BYD,530,11,5.83,5830.0,10047.22,1.72,0,1,1,Solar Kit
,,,,kits,Fortlev,fortlev_kit_104,Enphase,,1,Kit 3.45kWp - Panel + Enphase,,,,3.45,3450.0,10065.24,2.92,0,1,1,Solar Kit
,,,,kits,Fortlev,fortlev_kit_105,,,1,Kit 8.78kWp - Longi + Inverter,Longi,585,15,8.78,8780.0,10378.82,1.18,0,1,1,Solar Kit
,,,,kits,Fortlev,fortlev_kit_106,Sungrow,,1,Kit 5.83kWp - BYD + Sungrow,BYD,530,11,5.83,5830.0,10384.56,1.78,0,1,1,Solar Kit
,,,,kits,Fortlev,fortlev_kit_107,,,1,Kit 8.78kWp - Longi + Inverter,Longi,585,15,8.78,8780.0,10390.52,1.18,0,1,1,Solar Kit
,,,,kits,Fortlev,fortlev_kit_108,,,1,Kit 8.78kWp - Longi + Inverter,Longi,585,15,8.78,8780.0,10437.22,1.19,0,1,1,Solar Kit
,,,,kits,Fortlev,fortlev_kit_109,,,1,Kit 8.78kWp - Longi + Inverter,Longi,585,15,8.78,8780.0,10535.76,1.2,0,1,1,Solar Kit
,,,,kits,Fortlev,fortlev_kit_110,,,1,Kit 8.82kWp - Longi + Inverter,Longi,630,14,8.82,8820.0,10681.77,1.21,0,1,1,Solar Kit
,,,,kits,Fortlev,fortlev_kit_111,,,1,Kit 4.03kWp - Panel + Inverter,,,,4.03,4030.0000000000005,10689.28,2.66,0,1,1,Solar Kit
,,,,kits,Fortlev,fortlev_kit_112,,,1,Kit 8.82kWp - Longi + Inverter,Longi,630,14,8.82,8820.0,10693.47,1.21,0,1,1,Solar Kit
,,,,kits,Fortlev,fortlev_kit_113,,,1,Kit 8.82kWp - Longi + Inverter,Longi,630,14,8.82,8820.0,10740.18,1.22,0,1,1,Solar Kit
,,,,kits,Fortlev,fortlev_kit_114,,,1,Kit 8.82kWp - Longi + Inverter,Longi,630,14,8.82,8820.0,10838.71,1.23,0,1,1,Solar Kit
,,,,kits,Fortlev,fortlev_kit_115,,,1,Kit 8.4kWp - Risen + Inverter,Risen,700,12,8.4,8400.0,11513.99,1.37,0,1,1,Solar Kit
,,,,kits,Fortlev,fortlev_kit_116,,,1,Kit 8.4kWp - Risen + Inverter,Risen,700,12,8.4,8400.0,11560.69,1.38,0,1,1,Solar Kit
,,,,kits,Fortlev,fortlev_kit_117,,,1,Kit 5.75kWp - Panel + Inverter,,,,5.75,5750.0,11677.47,2.03,0,1,1,Solar Kit
,,,,kits,Fortlev,fortlev_kit_118,Sungrow,,1,Kit 5.75kWp - Panel + Sungrow,,,,5.75,5750.0,12014.81,2.09,0,1,1,Solar Kit
,,,,kits,Fortlev,fortlev_kit_119,,,1,Kit 7.42kWp - BYD + Inverter,BYD,530,14,7.42,7420.0,12049.58,1.62,0,1,1,Solar Kit
,,,,kits,Fortlev,fortlev_kit_120,,,1,Kit 7.42kWp - BYD + Inverter,BYD,530,14,7.42,7420.0,12115.48,1.63,0,1,1,Solar Kit
,,,,kits,Fortlev,fortlev_kit_121,Sungrow,,1,Kit 7.42kWp - BYD + Sungrow,BYD,530,14,7.42,7420.0,12285.82,1.66,0,1,1,Solar Kit
,,,,kits,Fortlev,fortlev_kit_122,,,1,Kit 7.42kWp - BYD + Inverter,BYD,530,14,7.42,7420.0,12293.13,1.66,0,1,1,Solar Kit
,,,,kits,Fortlev,fortlev_kit_123,,,1,Kit 7.42kWp - BYD + Inverter,BYD,530,14,7.42,7420.0,12296.78,1.66,0,1,1,Solar Kit
,,,,kits,Fortlev,fortlev_kit_124,,,1,Kit 10.98kWp - Panel + Inverter,,,,10.98,10980.0,12611.35,1.15,0,1,1,Solar Kit
,,,,kits,Fortlev,fortlev_kit_125,,,1,Kit 10.98kWp - Panel + Inverter,,,,10.98,10980.0,12633.06,1.15,0,1,1,Solar Kit
,,,,kits,Fortlev,fortlev_kit_126,,,1,Kit 10.71kWp - Longi + Inverter,Longi,630,17,10.71,10710.0,13090.92,1.22,0,1,1,Solar Kit
,,,,kits,Fortlev,fortlev_kit_127,,,1,Kit 10.53kWp - Longi + Inverter,Longi,585,18,10.53,10530.0,13097.17,1.24,0,1,1,Solar Kit
,,,,kits,Fortlev,fortlev_kit_128,,,1,Kit 10.98kWp - Panel + Inverter,,,,10.98,10980.0,13101.36,1.19,0,1,1,Solar Kit
,,,,kits,Fortlev,fortlev_kit_129,,,1,Kit 10.71kWp - Longi + Inverter,Longi,630,17,10.71,10710.0,13112.63,1.22,0,1,1,Solar Kit
,,,,kits,Fortlev,fortlev_kit_130,,,1,Kit 11.12kWp - Longi + Inverter,Longi,585,19,11.12,11120.0,13169.69,1.18,0,1,1,Solar Kit
,,,,kits,Fortlev,fortlev_kit_131,,,1,Kit 10.98kWp - Panel + Inverter,,,,10.98,10980.0,13303.21,1.21,0,1,1,Solar Kit
,,,,kits,Fortlev,fortlev_kit_132,,,1,Kit 11.59kWp - Panel + Inverter,,,,11.59,11590.0,13428.97,1.16,0,1,1,Solar Kit
,,,,kits,Fortlev,fortlev_kit_133,,,1,Kit 11.59kWp - Panel + Inverter,,,,11.59,11590.0,13580.32,1.17,0,1,1,Solar Kit
,,,,kits,Fortlev,fortlev_kit_134,,,1,Kit 10.71kWp - Longi + Inverter,Longi,630,17,10.71,10710.0,13580.93,1.27,0,1,1,Solar Kit
,,,,kits,Fortlev,fortlev_kit_135,,,1,Kit 8.48kWp - BYD + Inverter,BYD,530,16,8.48,8480.0,13643.1,1.61,0,1,1,Solar Kit
,,,,kits,Fortlev,fortlev_kit_136,,,1,Kit 8.48kWp - BYD + Inverter,BYD,530,16,8.48,8480.0,13654.8,1.61,0,1,1,Solar Kit
,,,,kits,Fortlev,fortlev_kit_137,,,1,Kit 8.48kWp - BYD + Inverter,BYD,530,16,8.48,8480.0,13701.5,1.62,0,1,1,Solar Kit
,,,,kits,Fortlev,fortlev_kit_138,,,1,Kit 10.71kWp - Longi + Inverter,Longi,630,17,10.71,10710.0,13782.77,1.29,0,1,1,Solar Kit
,,,,kits,Fortlev,fortlev_kit_139,,,1,Kit 8.48kWp - BYD + Inverter,BYD,530,16,8.48,8480.0,13800.04,1.63,0,1,1,Solar Kit
,,,,kits,Fortlev,fortlev_kit_140,,,1,Kit 11.12kWp - Longi + Inverter,Longi,585,19,11.12,11120.0,13839.84,1.25,0,1,1,Solar Kit
,,,,kits,Fortlev,fortlev_kit_141,,,1,Kit 11.59kWp - Panel + Inverter,,,,11.59,11590.0,13891.31,1.2,0,1,1,Solar Kit
,,,,kits,Fortlev,fortlev_kit_142,,,1,Kit 11.7kWp - Longi + Inverter,Longi,585,20,11.7,11700.0,13965.37,1.19,0,1,1,Solar Kit
,,,,kits,Fortlev,fortlev_kit_143,,,1,Kit 11.7kWp - Longi + Inverter,Longi,585,20,11.7,11700.0,14044.31,1.2,0,1,1,Solar Kit
,,,,kits,Fortlev,fortlev_kit_144,,,1,Kit 12.2kWp - Panel + Inverter,,,,12.2,12200.0,14048.97,1.15,0,1,1,Solar Kit
,,,,kits,Fortlev,fortlev_kit_145,,,1,Kit 11.7kWp - Longi + Inverter,Longi,585,20,11.7,11700.0,14116.72,1.21,0,1,1,Solar Kit
,,,,kits,Fortlev,fortlev_kit_146,,,1,Kit 7.47kWp - Panel + Inverter,,,,7.47,7470.0,14382.22,1.92,0,1,1,Solar Kit
,,,,kits,Fortlev,fortlev_kit_147,,,1,Kit 11.7kWp - Longi + Inverter,Longi,585,20,11.7,11700.0,14427.7,1.23,0,1,1,Solar Kit
,,,,kits,Fortlev,fortlev_kit_148,,,1,Kit 7.47kWp - Panel + Inverter,,,,7.47,7470.0,14448.11,1.93,0,1,1,Solar Kit
,,,,kits,Fortlev,fortlev_kit_149,,,1,Kit 11.97kWp - Longi + Inverter,Longi,630,19,11.97,11970.0,14569.67,1.22,0,1,1,Solar Kit
,,,,kits,Fortlev,fortlev_kit_150,Sungrow,,1,Kit 7.47kWp - Panel + Sungrow,,,,7.47,7470.0,14618.45,1.96,0,1,1,Solar Kit
,,,,kits,Fortlev,fortlev_kit_151,,,1,Kit 7.47kWp - Panel + Inverter,,,,7.47,7470.0,14625.76,1.96,0,1,1,Solar Kit
,,,,kits,Fortlev,fortlev_kit_152,,,1,Kit 7.47kWp - Panel + Inverter,,,,7.47,7470.0,14629.41,1.96,0,1,1,Solar Kit
,,,,kits,Fortlev,fortlev_kit_153,,,1,Kit 11.97kWp - Longi + Inverter,Longi,630,19,11.97,11970.0,14648.61,1.22,0,1,1,Solar Kit
,,,,kits,Fortlev,fortlev_kit_154,,,1,Kit 11.97kWp - Longi + Inverter,Longi,630,19,11.97,11970.0,14721.02,1.23,0,1,1,Solar Kit
,,,,kits,Fortlev,fortlev_kit_155,,,1,Kit 10.5kWp - Risen + Inverter,Risen,700,15,10.5,10500.0,14907.12,1.42,0,1,1,Solar Kit
,,,,kits,Fortlev,fortlev_kit_156,,,1,Kit 11.97kWp - Longi + Inverter,Longi,630,19,11.97,11970.0,15032.01,1.26,0,1,1,Solar Kit
,,,,kits,Fortlev,fortlev_kit_157,,,1,Kit 13.42kWp - Panel + Inverter,,,,13.42,13420.0,15168.49,1.13,0,1,1,Solar Kit
,,,,kits,Fortlev,fortlev_kit_158,,,1,Kit 11.2kWp - Risen + Inverter,Risen,700,16,11.2,11200.0,15186.77,1.36,0,1,1,Solar Kit
,,,,kits,Fortlev,fortlev_kit_159,,,1,Kit 13.46kWp - Longi + Inverter,Longi,585,23,13.46,13460.0,15704.19,1.17,0,1,1,Solar Kit
,,,,kits,Fortlev,fortlev_kit_160,Sungrow,,1,Kit 13.42kWp - Panel + Sungrow,,,,13.42,13420.0,15816.36,1.18,0,1,1,Solar Kit
,,,,kits,Fortlev,fortlev_kit_161,,,1,Kit 11.2kWp - Risen + Inverter,Risen,700,16,11.2,11200.0,15878.62,1.42,0,1,1,Solar Kit
,,,,kits,Fortlev,fortlev_kit_162,,,1,Kit 13.23kWp - Longi + Inverter,Longi,630,21,13.23,13230.0,15888.2,1.2,0,1,1,Solar Kit
,,,,kits,Fortlev,fortlev_kit_163,,,1,Kit 14.64kWp - Panel + Inverter,,,,14.64,14640.0,16304.21,1.11,0,1,1,Solar Kit
,,,,kits,Fortlev,fortlev_kit_164,,,1,Kit 11.9kWp - Risen + Inverter,Risen,700,17,11.9,11900.0,16311.93,1.37,0,1,1,Solar Kit
,,,,kits,Fortlev,fortlev_kit_165,Sungrow,,1,Kit 13.46kWp - Longi + Sungrow,Longi,585,23,13.46,13460.0,16352.06,1.22,0,1,1,Solar Kit
,,,,kits,Fortlev,fortlev_kit_166,,,1,Kit 11.9kWp - Risen + Inverter,Risen,700,17,11.9,11900.0,16384.34,1.38,0,1,1,Solar Kit
,,,,kits,Fortlev,fortlev_kit_167,,,1,Kit 8.63kWp - Panel + Inverter,,,,8.63,8630.0,16444.0,1.91,0,1,1,Solar Kit
,,,,kits,Fortlev,fortlev_kit_168,,,1,Kit 8.63kWp - Panel + Inverter,,,,8.63,8630.0,16455.69,1.91,0,1,1,Solar Kit
,,,,kits,Fortlev,fortlev_kit_169,,,1,Kit 8.63kWp - Panel + Inverter,,,,8.63,8630.0,16502.4,1.91,0,1,1,Solar Kit
,,,,kits,Fortlev,fortlev_kit_170,Sungrow,,1,Kit 13.23kWp - Longi + Sungrow,Longi,630,21,13.23,13230.0,16536.07,1.25,0,1,1,Solar Kit
,,,,kits,Fortlev,fortlev_kit_171,,,1,Kit 8.63kWp - Panel + Inverter,,,,8.63,8630.0,16600.94,1.92,0,1,1,Solar Kit
,,,,kits,Fortlev,fortlev_kit_172,,,1,Kit 14.64kWp - Panel + Inverter,,,,14.64,14640.0,16621.79,1.14,0,1,1,Solar Kit
,,,,kits,Fortlev,fortlev_kit_173,,,1,Kit 14.64kWp - Panel + Inverter,,,,14.64,14640.0,16631.57,1.14,0,1,1,Solar Kit
,,,,kits,Fortlev,fortlev_kit_174,,,1,Kit 14.64kWp - Panel + Inverter,,,,14.64,14640.0,16638.67,1.14,0,1,1,Solar Kit
,,,,kits,Fortlev,fortlev_kit_175,,,1,Kit 11.9kWp - Risen + Inverter,Risen,700,17,11.9,11900.0,16695.32,1.4,0,1,1,Solar Kit
,,,,kits,Fortlev,fortlev_kit_176,,,1,Kit 14.64kWp - Panel + Inverter,,,,14.64,14640.0,16824.66,1.15,0,1,1,Solar Kit
,,,,kits,Fortlev,fortlev_kit_177,,,1,Kit 14.63kWp - Longi + Inverter,Longi,585,25,14.63,14630.0,16839.44,1.15,0,1,1,Solar Kit
,,,,kits,Fortlev,fortlev_kit_178,,,1,Kit 14.49kWp - Longi + Inverter,Longi,630,23,14.49,14490.0,17143.99,1.18,0,1,1,Solar Kit
,,,,kits,Fortlev,fortlev_kit_179,,,1,Kit 14.63kWp - Longi + Inverter,Longi,585,25,14.63,14630.0,17157.02,1.17,0,1,1,Solar Kit
,,,,kits,Fortlev,fortlev_kit_180,,,1,Kit 14.63kWp - Longi + Inverter,Longi,585,25,14.63,14630.0,17166.8,1.17,0,1,1,Solar Kit
,,,,kits,Fortlev,fortlev_kit_181,,,1,Kit 14.63kWp - Longi + Inverter,Longi,585,25,14.63,14630.0,17173.9,1.17,0,1,1,Solar Kit
,,,,kits,Fortlev,fortlev_kit_182,,,1,Kit 14.63kWp - Longi + Inverter,Longi,585,25,14.63,14630.0,17359.89,1.19,0,1,1,Solar Kit
,,,,kits,Fortlev,fortlev_kit_183,,,1,Kit 14.49kWp - Longi + Inverter,Longi,630,23,14.49,14490.0,17461.58,1.21,0,1,1,Solar Kit
,,,,kits,Fortlev,fortlev_kit_184,,,1,Kit 14.49kWp - Longi + Inverter,Longi,630,23,14.49,14490.0,17471.36,1.21,0,1,1,Solar Kit
,,,,kits,Fortlev,fortlev_kit_185,,,1,Kit 14.49kWp - Longi + Inverter,Longi,630,23,14.49,14490.0,17478.45,1.21,0,1,1,Solar Kit
,,,,kits,Fortlev,fortlev_kit_186,,,1,Kit 10.6kWp - BYD + Inverter,BYD,530,20,10.6,10600.0,17583.14,1.66,0,1,1,Solar Kit
,,,,kits,Fortlev,fortlev_kit_187,,,1,Kit 14.49kWp - Longi + Inverter,Longi,630,23,14.49,14490.0,17664.45,1.22,0,1,1,Solar Kit
,,,,kits,Fortlev,fortlev_kit_188,,,1,Kit 11.13kWp - BYD + Inverter,BYD,530,21,11.13,11130.0,17825.88,1.6,0,1,1,Solar Kit
,,,,kits,Fortlev,fortlev_kit_189,,,1,Kit 15.79kWp - Longi + Inverter,Longi,585,27,15.79,15790.0,18439.75,1.17,0,1,1,Solar Kit
,,,,kits,Fortlev,fortlev_kit_190,,,1,Kit 11.13kWp - BYD + Inverter,BYD,530,21,11.13,11130.0,18496.03,1.66,0,1,1,Solar Kit
,,,,kits,Fortlev,fortlev_kit_191,Sungrow,,1,Kit 13.3kWp - Risen + Sungrow,Risen,700,19,13.3,13300.0,18536.51,1.39,0,1,1,Solar Kit
,,,,kits,Fortlev,fortlev_kit_192,,,1,Kit 11.66kWp - BYD + Inverter,BYD,530,22,11.66,11660.0,18791.78,1.61,0,1,1,Solar Kit
,,,,kits,Fortlev,fortlev_kit_193,,,1,Kit 15.75kWp - Longi + Inverter,Longi,630,25,15.75,15750.0,18864.85,1.2,0,1,1,Solar Kit
,,,,kits,Fortlev,fortlev_kit_194,,,1,Kit 11.66kWp - BYD + Inverter,BYD,530,22,11.66,11660.0,18943.13,1.62,0,1,1,Solar Kit
,,,,kits,Fortlev,fortlev_kit_195,,,1,Kit 14.0kWp - Risen + Inverter,Risen,700,20,14.0,14000.0,19046.35,1.36,0,1,1,Solar Kit
,,,,kits,Fortlev,fortlev_kit_196,,,1,Kit 11.66kWp - BYD + Inverter,BYD,530,22,11.66,11660.0,19254.11,1.65,0,1,1,Solar Kit
,,,,kits,Fortlev,fortlev_kit_197,,,1,Kit 14.7kWp - Risen + Inverter,Risen,700,21,14.7,14700.0,19481.55,1.33,0,1,1,Solar Kit
,,,,kits,Fortlev,fortlev_kit_198,,,1,Kit 14.7kWp - Risen + Inverter,Risen,700,21,14.7,14700.0,19799.13,1.35,0,1,1,Solar Kit
,,,,kits,Fortlev,fortlev_kit_199,,,1,Kit 14.7kWp - Risen + Inverter,Risen,700,21,14.7,14700.0,20002.0,1.36,0,1,1,Solar Kit
,,,,kits,Fortlev,fortlev_kit_200,,,1,Kit 10.93kWp - Panel + Inverter,,,,10.93,10930.0,20830.54,1.91,0,1,1,Solar Kit
,,,,kits,Fortlev,fortlev_kit_201,,,1,Kit 10.93kWp - Panel + Inverter,,,,10.93,10930.0,20852.25,1.91,0,1,1,Solar Kit
,,,,kits,Fortlev,fortlev_kit_202,,,1,Kit 13.25kWp - BYD + Inverter,BYD,530,25,13.25,13250.0,21041.24,1.59,0,1,1,Solar Kit
,,,,kits,Fortlev,fortlev_kit_203,,,1,Kit 10.93kWp - Panel + Inverter,,,,10.93,10930.0,21320.55,1.95,0,1,1,Solar Kit
,,,,kits,Fortlev,fortlev_kit_204,,,1,Kit 10.93kWp - Panel + Inverter,,,,10.93,10930.0,21522.39,1.97,0,1,1,Solar Kit
,,,,kits,Fortlev,fortlev_kit_205,,,1,Kit 16.1kWp - Risen + Inverter,Risen,700,23,16.1,16100.000000000002,21539.52,1.34,0,1,1,Solar Kit
,,,,kits,Fortlev,fortlev_kit_206,Sungrow,,1,Kit 13.25kWp - BYD + Sungrow,BYD,530,25,13.25,13250.0,21689.11,1.64,0,1,1,Solar Kit
,,,,kits,Fortlev,fortlev_kit_207,,,1,Kit 11.5kWp - Panel + Inverter,,,,11.5,11500.0,22052.27,1.92,0,1,1,Solar Kit
,,,,kits,Fortlev,fortlev_kit_208,,,1,Kit 11.5kWp - Panel + Inverter,,,,11.5,11500.0,22203.62,1.93,0,1,1,Solar Kit
,,,,kits,Fortlev,fortlev_kit_209,,,1,Kit 11.5kWp - Panel + Inverter,,,,11.5,11500.0,22514.61,1.96,0,1,1,Solar Kit
,,,,kits,Fortlev,fortlev_kit_210,,,1,Kit 14.84kWp - BYD + Inverter,BYD,530,28,14.84,14840.0,23227.97,1.57,0,1,1,Solar Kit
,,,,kits,Fortlev,fortlev_kit_211,,,1,Kit 14.84kWp - BYD + Inverter,BYD,530,28,14.84,14840.0,23545.55,1.59,0,1,1,Solar Kit
,,,,kits,Fortlev,fortlev_kit_212,,,1,Kit 14.84kWp - BYD + Inverter,BYD,530,28,14.84,14840.0,23555.34,1.59,0,1,1,Solar Kit
,,,,kits,Fortlev,fortlev_kit_213,,,1,Kit 14.84kWp - BYD + Inverter,BYD,530,28,14.84,14840.0,23748.43,1.6,0,1,1,Solar Kit
,,,,kits,Fortlev,fortlev_kit_214,,,1,Kit 13.22kWp - Panel + Inverter,,,,13.22,13220.0,25004.13,1.89,0,1,1,Solar Kit
,,,,kits,Fortlev,fortlev_kit_215,Sungrow,,1,Kit 13.22kWp - Panel + Sungrow,,,,13.22,13220.0,25652.0,1.94,0,1,1,Solar Kit
,,,,kits,Fortlev,fortlev_kit_216,,,1,Kit 14.38kWp - Panel + Inverter,,,,14.38,14380.0,27282.53,1.9,0,1,1,Solar Kit
,,,,kits,Fortlev,fortlev_kit_217,,,1,Kit 16.1kWp - Panel + Inverter,,,,16.1,16100.000000000002,30302.25,1.88,0,1,1,Solar Kit
,,,,kits,Fotus,FOTUS-KP04-kits,,2.25,1,"KP04 - SOLAR N PLUS | 570W N-TYPE BIFACIAL DG (22,1% EF.) | FRAME DE FIBRA DE VIDRO - MICROINVERSOR DEYE 2.25KW",,570,2,1.14,1140,2507.99,,0,1,2,kits
,,,,kits,Fotus,FOTUS-KP02-kits,,2.25,1,KP02 - SOLAR N PLUS 600W N-TYPE BF DG - MICROINVERSOR TSUNESS2250W,,600,2,1.2,1200,2679.49,,0,1,2,kits
,,,,kits,Fotus,FOTUS-KP03-kits,,2.25,1,KP03 - TRINA | TIER 1 | 710W N-TYPE BIFACIAL - MICROINVERSOR DEYE 2.25KW,,710,2,1.42,1420,2896.41,,0,1,2,kits
,,,,kits,Fotus,FOTUS-KP04-kits-hibridos,,2.25,1,"KP04 - ASTRONERGY | TIER 1 | 600W N-TYPE BIFACIAL (22,2% EF.) - MICROINVERSOR TSUNESS2250W",,600,2,1.2,1200,2706.07,,0,1,2,kits-hibridos
,,1,12,kits,Neosolar,NEO-25046,,,1,Kit Energia Solar Off Grid - 160Wp 105Ah/12V (25046),,160,1,0.16,160,1423.43,,1,1,1,Solar Kit Off-Grid
,,2,48,kits,Neosolar,NEO-22691,,,1,Kit Energia Solar Off Grid s/ Inversor - 1.38kWp 200Ah 48V Lítio (22691),,460,3,1.38,1380,0,,2,1,3,Solar Kit Off-Grid
,,1,48,kits,Neosolar,NEO-22690,,,1,Kit Energia Solar Off Grid s/ Inversor - 1.38kWp 100Ah 48V Lítio (22690),,460,3,1.38,1380,0,,1,1,3,Solar Kit Off-Grid
,,8,12,kits,Neosolar,NEO-22675,,,1,Kit Energia Solar Off Grid s/ Inversor - 1.38kWp 440Ah 48V Chumbo (22675),,460,3,1.38,1380,0,,8,1,3,Solar Kit Off-Grid
,,2,12,kits,Neosolar,NEO-22671,,,1,Kit Energia Solar Off Grid s/ Inversor - 330Wp 440Ah 12V Chumbo (22671),,330,1,0.33,330,0,,2,1,1,Solar Kit Off-Grid
,,3,48,kits,Neosolar,NEO-22689,,,1,Kit Energia Solar Off Grid s/ Inversor - 2.32kWp 300Ah 48V Lítio (22689),,580,4,2.32,2320,0,,3,1,4,Solar Kit Off-Grid
,,2,48,kits,Neosolar,NEO-22685,,,1,Kit Energia Solar Off Grid s/ Inversor - 1.38kWp 200Ah 48V Lítio (22685),,460,3,1.38,1380,0,,2,1,3,Solar Kit Off-Grid
,,1,48,kits,Neosolar,NEO-22684,,,1,Kit Energia Solar Off Grid s/ Inversor - 1.38kWp 100Ah 48V Lítio (22684),,460,3,1.38,1380,0,,1,1,3,Solar Kit Off-Grid
,,1,48,kits,Neosolar,NEO-22692,,,1,Kit Energia Solar Off Grid s/ Inversor - 1.16kWp 100Ah 48V Lítio (22692),,580,2,1.16,1160,0,,1,1,2,Solar Kit Off-Grid
,,8,12,kits,Neosolar,NEO-22677,,,1,Kit Energia Solar Off Grid s/ Inversor - 1.16kWp 440Ah 48V Chumbo (22677),,580,2,1.16,1160,0,,8,1,2,Solar Kit Off-Grid
,,4,12,kits,Neosolar,NEO-22676,,,1,Kit Energia Solar Off Grid s/ Inversor - 1.16kWp 220Ah 48V Chumbo (22676),,580,2,1.16,1160,0,,4,1,2,Solar Kit Off-Grid
,,3,12,kits,Neosolar,NEO-22679,,,1,Kit Energia Solar Off Grid s/ Inversor - 580Wp 660Ah 12V Chumbo (22679),,580,1,0.58,580,0,,3,1,1,Solar Kit Off-Grid
,,2,12,kits,Neosolar,NEO-22663,,,1,Kit Energia Solar Off Grid s/ Inversor - 580Wp 440Ah 12V Chumbo (22663),,580,1,0.58,580,0,,2,1,1,Solar Kit Off-Grid
,,4,12,kits,Neosolar,NEO-26689,,,,"Kit de Energia Solar c/ Inv-car - 2,48kWp 220Ah 48/220V",,620,4,48.0,2480,0,,4,0,4,Solar Kit Off-Grid
,,16,12,kits,Neosolar,NEO-26693,,,,"Kit de Energia Solar c/ Inv-car - 3,72kWp 220Ah 48/220V",,620,6,72.0,3720,0,,16,0,6,Solar Kit Off-Grid
,,12,12,kits,Neosolar,NEO-26692,,,,"Kit de Energia Solar c/ Inv-car - 3,10kWp 220Ah 48/220V",,620,5,10.0,3100,0,,12,0,5,Solar Kit Off-Grid
,,8,12,kits,Neosolar,NEO-26690,,,,"Kit de Energia Solar c/ Inv-car - 3,72kWp 220Ah 48/220V",,620,6,72.0,3720,0,,8,0,6,Solar Kit Off-Grid
,,8,12,kits,Neosolar,NEO-26691,,,,"Kit de Energia Solar c/ Inv-car - 1,86kWp 220Ah 48/220V",,620,3,86.0,1860,0,,8,0,3,Solar Kit Off-Grid
,,,,kits,Neosolar,NEO-26927,,,1,Kit Gerador Energia Solar 1.24kWp - Microinversor Deye c/ Wifi SUN2250 - Painel DAH Solar,,0,1,1.24,1240,2309.19,,0,1,4,Solar Kit Grid-Tie
,,,,kits,Neosolar,NEO-26948,,,1,Kit Gerador Energia Solar 0.62kWp - Microinversor Deye c/ Wifi SUN2250 - Painel DAH Solar s/ Estrutura,,0,1,0.62,620,1899.49,,0,1,3,Solar Kit Grid-Tie
,,,,kits,Neosolar,NEO-26934,,,1,Kit Gerador Energia Solar 1.86kWp - Microinversor Deye c/ Wifi SUN2250 - Painel DAH Solar s/ Estrutura,,0,1,1.86,1860,2614.3,,0,1,5,Solar Kit Grid-Tie
,,,,kits,Neosolar,NEO-26941,,,1,Kit Gerador Energia Solar 2.48kWp - Microinversor Deye c/ Wifi SUN2250 - Painel DAH Solar s/ Estrutura,,0,1,2.48,2480,2779.92,,0,1,6,Solar Kit Grid-Tie
,,,,kits,Neosolar,NEO-27152,,,1,Kit Gerador Energia Solar 1.4kWp - Microinversor Deye c/ Wifi SUN2250 - Painel DAH Solar s/ Estrutura,,0,1,1.4,1400,2698.14,,0,1,4,Solar Kit Grid-Tie
,,,,kits,Neosolar,NEO-27156,,,1,Kit Gerador Energia Solar 2.1kWp - Microinversor Deye c/ Wifi SUN2250 - Painel DAH Solar Estrutura p/ Madeira,,0,1,2.1,2100,3258.74,,0,1,5,Solar Kit Grid-Tie
,,,,kits,Neosolar,NEO-27149,,,1,Kit Gerador Energia Solar 1.4kWp - Microinversor Deye c/ Wifi SUN2250 - Painel DAH Solar Estrutura p/ Madeira,,0,1,1.4,1400,2897.54,,0,1,4,Solar Kit Grid-Tie
,,,,kits,Neosolar,NEO-26936,,,1,Kit Gerador Energia Solar 2.48kWp - Microinversor Deye c/ Wifi SUN2250 - Painel DAH Solar c/ Gancho p/ Cerâmica,,0,1,2.48,2480,2983.77,,0,1,6,Solar Kit Grid-Tie
,,,,kits,Neosolar,NEO-26922,,,1,Kit Gerador Energia Solar 1.24kWp - Microinversor Deye c/ Wifi SUN2250 - Painel DAH Solar com GANCHO p/ CERÂMICA,,0,1,1.24,1240,2508.33,,0,1,4,Solar Kit Grid-Tie
,,,,kits,Neosolar,NEO-26945,,,1,Kit Gerador Energia Solar 0.62kWp - Microinversor Deye c/ Wifi SUN2250 - Painel DAH Solar c/ Parafuso Madeira,,0,1,0.62,620,2092.73,,0,1,3,Solar Kit Grid-Tie
,,,,kits,Neosolar,NEO-27157,,,1,Kit Gerador Energia Solar 2.1kWp - Microinversor Deye c/ Wifi SUN2250 - Painel DAH Solar Estrutura Metálica,,0,1,2.1,2100,3258.74,,0,1,5,Solar Kit Grid-Tie
,,,,kits,Neosolar,NEO-27150,,,1,Kit Gerador Energia Solar 1.4kWp - Microinversor Deye c/ Wifi SUN2250 - Painel DAH Solar Estrutura Metálica,,0,1,1.4,1400,2897.54,,0,1,4,Solar Kit Grid-Tie
,,,,kits,Neosolar,NEO-27171,,,1,Kit Gerador Energia Solar 700kWp - Microinversor Deye c/ Wifi SUN2250 - Painel DAH Solar Estrutura Metálica,,0,1,700.0,700,2342.52,,0,1,3,Solar Kit Grid-Tie
,,,,kits,Neosolar,NEO-26931,,,1,Kit Gerador Energia Solar 1.86kWp - Microinversor Deye c/ Wifi SUN2250 - Painel DAH Solar c/ Parafuso Madeira,,0,1,1.86,1860,2814.07,,0,1,5,Solar Kit Grid-Tie
,,,,kits,Neosolar,NEO-26924,,,1,Kit Gerador Energia Solar 1.24kWp - Microinversor Deye c/ Wifi SUN2250 - Painel DAH Solar c/ Parafuso Madeira,,0,1,1.24,1240,2506.18,,0,1,4,Solar Kit Grid-Tie
,,,,kits,Neosolar,NEO-27163,,,1,Kit Gerador Energia Solar 2.8kWp - Microinversor Deye c/ Wifi SUN2250 - Painel DAH Solar Estrutura p/ Madeira,,0,1,2.8,2800,3249.93,,0,1,6,Solar Kit Grid-Tie
,,,,kits,Neosolar,NEO-26923,,,1,Kit Gerador Energia Solar 1.24kWp - Microinversor Deye c/ Wifi SUN2250 - Painel DAH Solar com Mini Trilho,,0,1,1.24,1240,2508.39,,0,1,4,Solar Kit Grid-Tie
,,,,kits,Neosolar,NEO-26930,,,1,Kit Gerador Energia Solar 1.86kWp - Microinversor Deye c/ Wifi SUN2250 - Painel DAH Solar c/ Mini Trilho,,0,1,1.86,1860,2816.54,,0,1,5,Solar Kit Grid-Tie
,,,,kits,Neosolar,NEO-26944,,,1,Kit Gerador Energia Solar 0.62kWp - Microinversor Deye c/ Wifi SUN2250 - Painel DAH Solar c/ Mini Trilho,,0,1,0.62,620,2094.57,,0,1,3,Solar Kit Grid-Tie
,,,,kits,Neosolar,NEO-26929,,,1,Kit Gerador Energia Solar 1.86kWp - Microinversor Deye c/ Wifi SUN2250 - Painel DAH Solar c/ Gancho p/ Cêramica,,0,1,1.86,1860,2816.49,,0,1,5,Solar Kit Grid-Tie
,,,,kits,Neosolar,NEO-26943,,,1,Kit Gerador Energia Solar 0.62kWp - Microinversor Deye c/ Wifi SUN2250 - Painel DAH Solar c/ Gancho p/ Cerâmica,,0,1,0.62,620,2094.54,,0,1,3,Solar Kit Grid-Tie
,,,,kits,Neosolar,NEO-26938,,,1,Kit Gerador Energia Solar 2.48kWp - Microinversor Deye c/ Wifi SUN2250 - Painel DAH Solar c/ Parafuso Madeira,,0,1,2.48,2480,2981.21,,0,1,6,Solar Kit Grid-Tie
,,,,kits,Neosolar,NEO-27160,,,1,Kit Gerador Energia Solar 2.8kWp - Microinversor Deye c/ Wifi SUN2250 - Painel DAH Solar Estrutura p/ Laje,,0,1,2.8,2800,3408.54,,0,1,6,Solar Kit Grid-Tie
,,,,kits,Neosolar,NEO-27162,,,1,Kit Gerador Energia Solar 2.8kWp - Microinversor Deye c/ Wifi SUN2250 - Painel DAH Solar Estrutura c/ Mini Trilho,,0,1,2.8,2800,3252.64,,0,1,6,Solar Kit Grid-Tie
,,,,kits,Neosolar,NEO-27146,,,1,Kit Gerador Energia Solar 1.4kWp - Microinversor Deye c/ Wifi SUN2250 - Painel DAH Solar Estrutura p/ Laje,,0,1,1.4,1400,3053.39,,0,1,4,Solar Kit Grid-Tie
,,,,kits,Neosolar,NEO-27153,,,1,Kit Gerador Energia Solar 2.1kWp - Microinversor Deye c/ Wifi SUN2250 - Painel DAH Solar Estrutura p/ Laje,,0,1,2.1,2100,3417.42,,0,1,5,Solar Kit Grid-Tie
,,,,kits,Neosolar,NEO-27167,,,1,Kit Gerador Energia Solar 700kWp - Microinversor Deye c/ Wifi SUN2250 - Painel DAH Solar Estrutura p/ Laje,,0,1,700.0,700,2494.04,,0,1,3,Solar Kit Grid-Tie
,,1,48,kits,Neosolar,NEO-26845,,,1,"Kit Energia Solar On Grid Híbrido - 3,7kWp Lítio 48V (26845)",,620,6,7.0,3720,14800.61,,1,1,6,Solar Kit Hybrid
,,1,48,kits,Neosolar,NEO-26857,,,1,"Kit Energia Solar On Grid Híbrido - 3,72kWp 4,8kWh Lítio 48V (26857)",,620,6,72.0,3720,21559.38,,1,1,6,Solar Kit Hybrid
,,,,kits,Neosolar,NEO-27091,,,1,"Kit de Energia Solar On Grid 3,72KWP-OS 5KW LI s/ Estrutura",,620,6,72.0,3720,5327.97,,0,1,6,Solar Kit Grid-Tie
,,,,kits,Neosolar,NEO-27131,,,1,"Kit de Energia Solar On Grid 3,72KWP-OS 5KW LI Estrutura p/ Madeira",,620,6,72.0,3720,5699.97,,0,1,6,Solar Kit Grid-Tie
,,1,48,kits,Neosolar,NEO-26795,,,1,"Kit Energia Solar On Grid Híbrido - 3,72kWp 4,8kWh Lítio 48V (26795)",,620,6,72.0,3720,20843.75,,1,1,6,Solar Kit Hybrid
,,1,48,kits,Neosolar,NEO-26783,,,1,"Kit Energia Solar On Grid Híbrido - 3,7kWp Lítio 48V (26783)",,620,6,7.0,3720,14084.97,,1,1,6,Solar Kit Hybrid
,,1,48,kits,Neosolar,NEO-26669,,,1,"Kit Energia Solar On Grid Híbrido - 8.06kWp 4,8kWh Lítio 48V (26669)",,620,13,8.06,8060,31900.73,,1,1,13,Solar Kit Hybrid
,,1,48,kits,Neosolar,NEO-26657,,,1,"Kit Energia Solar On Grid Híbrido - 3,72kWp 4,8kWh Lítio 48V (26657)",,620,6,72.0,3720,22513.72,,1,1,6,Solar Kit Hybrid
,,,,kits,Neosolar,NEO-27137,,,1,"Kit de Energia Solar On Grid 4,96KWP-OS 5KW LI Estrutura p/ Madeira",,620,8,96.0,4960,7476.27,,0,1,8,Solar Kit Grid-Tie
,,2,48,kits,Neosolar,NEO-26766,,,1,"Kit Energia Solar On Grid Híbrido - 5.65kWp 4,8kWh Lítio 48V (26766)",,565,10,5.65,5650,27456.69,,2,1,10,Solar Kit Hybrid
,,2,48,kits,Neosolar,NEO-26754,,,1,"Kit Energia Solar On Grid Híbrido - 5.65kWp 4,8kWh Lítio 48V (26754)",,565,10,5.65,5650,20697.91,,2,1,10,Solar Kit Hybrid
,,3,48,kits,Neosolar,NEO-26767,,,1,"Kit Energia Solar On Grid Híbrido - 5.65kWp 4,8kWh Lítio 48V (26767)",,565,10,5.65,5650,31861.03,,3,1,10,Solar Kit Hybrid
,,4,48,kits,Neosolar,NEO-26768,,,1,"Kit Energia Solar On Grid Híbrido - 5.65kWp 4,8kWh Lítio 48V (26768)",,565,10,5.65,5650,0,,4,1,10,Solar Kit Hybrid
,,3,48,kits,Neosolar,NEO-26755,,,1,"Kit Energia Solar On Grid Híbrido - 5.65kWp 4,8kWh Lítio 48V (26755)",,565,10,5.65,5650,25102.25,,3,1,10,Solar Kit Hybrid
,,3,48,kits,Neosolar,NEO-26817,,,1,"Kit Energia Solar On Grid Híbrido - 5.65kWp 4,8kWh Lítio 48V (26817)",,565,10,5.65,5650,0,,3,1,10,Solar Kit Hybrid
,,1,48,kits,Neosolar,NEO-26765,,,1,"Kit Energia Solar On Grid Híbrido - 5.65kWp 4,8kWh Lítio 48V (26765)",,565,10,5.65,5650,23052.36,,1,1,10,Solar Kit Hybrid
,,1,48,kits,Neosolar,NEO-26753,,,1,"Kit Energia Solar On Grid Híbrido - 5.65kWp 4,8kWh Lítio 48V (26753)",,565,10,5.65,5650,16293.58,,1,1,10,Solar Kit Hybrid
,,1,48,kits,Neosolar,NEO-26815,,,1,"Kit Energia Solar On Grid Híbrido - 5.65kWp 4,8kWh Lítio 48V (26815)",,565,10,5.65,5650,0,,1,1,10,Solar Kit Hybrid
,,2,48,kits,Neosolar,NEO-26816,,,1,"Kit Energia Solar On Grid Híbrido - 5.65kWp 4,8kWh Lítio 48V (26816)",,565,10,5.65,5650,0,,2,1,10,Solar Kit Hybrid
,,2,48,kits,Neosolar,NEO-26628,,,1,"Kit Energia Solar On Grid Híbrido - 5.65kWp 4,8kWh Lítio 48V (26628)",,565,10,5.65,5650,0,,2,1,10,Solar Kit Hybrid
,,,,kits,Neosolar,NEO-27166,,,1,Kit Gerador Energia Solar 2.8kWp - Microinversor Deye c/ Wifi SUN2250 - Painel DAH Solar s/ Estrutura,,0,1,2.8,2800,3047.53,,0,1,6,Solar Kit Grid-Tie
,,,,kits,Neosolar,NEO-27130,,,1,"Kit de Energia Solar On Grid 3,72KWP-OS 5KW LI Estrutura c/ Mini Trilho",,620,6,72.0,3720,5699.97,,0,1,6,Solar Kit Grid-Tie
,,,,kits,Neosolar,NEO-27136,,,1,"Kit de Energia Solar On Grid 4,96KWP-OS 5KW LI Estrutura c/ Mini Trilho",,620,8,96.0,4960,7476.27,,0,1,8,Solar Kit Grid-Tie
,,1,6,kits,Neosolar,NEO-25050,,,1,Kit Energia Solar Off Grid - 870Wp 100Ah/24V Lítio (25050),,435,2,0.87,870,6147.89,,1,1,2,Solar Kit Off-Grid
,,,,kits,Neosolar,NEO-27128,,,1,"Kit de Energia Solar On Grid 3,72KWP-OS 5KW LI Estrutura p/ Laje",,620,6,72.0,3720,5978.97,,0,1,6,Solar Kit Grid-Tie
,,,,kits,Neosolar,NEO-27134,,,1,"Kit de Energia Solar On Grid 4,96KWP-OS 5KW LI Estrutura p/ Laje",,620,8,96.0,4960,7755.27,,0,1,8,Solar Kit Grid-Tie
,,,,kits,Neosolar,NEO-27161,,,1,Kit Gerador Energia Solar 2.8kWp - Microinversor Deye c/ Wifi SUN2250 - Painel DAH Solar c/ Gancho p/ Cerâmica,,0,1,2.8,2800,3252.57,,0,1,6,Solar Kit Grid-Tie
,,1,48,kits,Neosolar,NEO-25055,,,1,"Kit Energia Solar Off Grid - 1,31kWp 105Ah 48V Lítio (25055)",,435,3,31.0,1305,6990.92,,1,1,3,Solar Kit Off-Grid
,,4,48,kits,Neosolar,NEO-26630,,,1,"Kit Energia Solar On Grid Híbrido - 5.65kWp 4,8kWh Lítio 48V (26630)",,565,10,5.65,5650,0,,4,1,10,Solar Kit Hybrid
,,,,kits,Neosolar,NEO-26937,,,1,Kit Gerador Energia Solar 2.48kWp - Microinversor Deye c/ Wifi SUN2250 - Painel DAH Solar c/ Mini Trilho,,0,1,2.48,2480,2983.83,,0,1,6,Solar Kit Grid-Tie
,,,,kits,Neosolar,NEO-27141,,,2,"Kit de Energia Solar On Grid 6,20KWP-OS 5KW LI c/ Gancho p/ Cerâmica",,620,10,20.0,6200,9447.87,,0,2,10,Solar Kit Grid-Tie
,,5,48,kits,Neosolar,NEO-26674,,,1,"Kit Energia Solar On Grid Híbrido - 14.88kWp 4,8kWh Lítio 48V (26674)",,620,24,14.88,14880,0,,5,1,24,Solar Kit Hybrid
,,4,48,kits,Neosolar,NEO-26673,,,1,"Kit Energia Solar On Grid Híbrido - 14.88kWp 4,8kWh Lítio 48V (26673)",,620,24,14.88,14880,0,,4,1,24,Solar Kit Hybrid
,,6,48,kits,Neosolar,NEO-26675,,,1,"Kit Energia Solar On Grid Híbrido - 14.88kWp 4,8kWh Lítio 48V (26675)",,620,24,14.88,14880,0,,6,1,24,Solar Kit Hybrid
,,3,48,kits,Neosolar,NEO-26860,,,1,"Kit Energia Solar On Grid Híbrido - 6,2kWp 4,8kWh Lítio 48V (26860)",,620,10,2.0,6200,0,,3,1,10,Solar Kit Hybrid
,,4,48,kits,Neosolar,NEO-26861,,,1,"Kit Energia Solar On Grid Híbrido - 6,2kWp 4,8kWh Lítio 48V (26861)",,620,10,2.0,6200,0,,4,1,10,Solar Kit Hybrid
,,4,48,kits,Neosolar,NEO-26799,,,1,"Kit Energia Solar On Grid Híbrido - 6,2kWp 4,8kWh Lítio 48V (26799)",,620,10,2.0,6200,0,,4,1,10,Solar Kit Hybrid
,,1,48,kits,Neosolar,NEO-26858,,,1,"Kit Energia Solar On Grid Híbrido - 6,2kWp 4,8kWh Lítio 48V (26658)",,620,10,2.0,6200,0,,1,1,10,Solar Kit Hybrid
,,2,48,kits,Neosolar,NEO-26859,,,1,"Kit Energia Solar On Grid Híbrido - 6,2kWp 4,8kWh Lítio 48V (26859)",,620,10,2.0,6200,0,,2,1,10,Solar Kit Hybrid
,,4,48,kits,Neosolar,NEO-26849,,,1,"Kit Energia Solar On Grid Híbrido - 6,2kWp Lítio 48V (26849)",,620,10,2.0,6200,0,,4,1,10,Solar Kit Hybrid
,,3,48,kits,Neosolar,NEO-26848,,,1,"Kit Energia Solar On Grid Híbrido - 6,2kWp Lítio 48V (26848)",,620,10,2.0,6200,0,,3,1,10,Solar Kit Hybrid
,,1,48,kits,Neosolar,NEO-26846,,,1,"Kit Energia Solar On Grid Híbrido - 6,2kWp Lítio 48V (26846)",,620,10,2.0,6200,0,,1,1,10,Solar Kit Hybrid
,,2,48,kits,Neosolar,NEO-26847,,,1,"Kit Energia Solar On Grid Híbrido - 6,2kWp Lítio 48V (26847)",,620,10,2.0,6200,0,,2,1,10,Solar Kit Hybrid
,,,,kits,Neosolar,NEO-27093,,,2,"Kit de Energia Solar On Grid 6,20KWP-OS 5KW LI s/ Estrutura",,620,10,20.0,6200,8889.87,,0,2,10,Solar Kit Grid-Tie
,,2,48,kits,Neosolar,NEO-26785,,,1,"Kit Energia Solar On Grid Híbrido - 6,2kWp Lítio 48V (26785)",,620,10,2.0,6200,21254.52,,2,1,10,Solar Kit Hybrid
,,3,48,kits,Neosolar,NEO-26786,,,1,"Kit Energia Solar On Grid Híbrido - 6,2kWp Lítio 48V (26786)",,620,10,2.0,6200,25658.86,,3,1,10,Solar Kit Hybrid
,,1,48,kits,Neosolar,NEO-26796,,,1,"Kit Energia Solar On Grid Híbrido - 6,2kWp 4,8kWh Lítio 48V (26796)",,620,10,2.0,6200,23608.96,,1,1,10,Solar Kit Hybrid
,,1,48,kits,Neosolar,NEO-26784,,,1,"Kit Energia Solar On Grid Híbrido - 6,2kWp Lítio 48V (26784)",,620,10,2.0,6200,16850.19,,1,1,10,Solar Kit Hybrid
,,3,48,kits,Neosolar,NEO-26798,,,1,"Kit Energia Solar On Grid Híbrido - 6,2kWp 4,8kWh Lítio 48V (26798)",,620,10,2.0,6200,32417.63,,3,1,10,Solar Kit Hybrid
,,2,48,kits,Neosolar,NEO-26797,,,1,"Kit Energia Solar On Grid Híbrido - 6,2kWp 4,8kWh Lítio 48V (26797)",,620,10,2.0,6200,28013.29,,2,1,10,Solar Kit Hybrid
,,4,48,kits,Neosolar,NEO-26787,,,1,"Kit Energia Solar On Grid Híbrido - 6,2kWp Lítio 48V (26787)",,620,10,2.0,6200,0,,4,1,10,Solar Kit Hybrid
,,1,48,kits,Neosolar,NEO-26670,,,1,"Kit Energia Solar On Grid Híbrido - 14.88kWp 4,8kWh Lítio 48V (26670)",,620,24,14.88,14880,0,,1,1,24,Solar Kit Hybrid
,,3,48,kits,Neosolar,NEO-26672,,,1,"Kit Energia Solar On Grid Híbrido - 14.88kWp 4,8kWh Lítio 48V (26672)",,620,24,14.88,14880,0,,3,1,24,Solar Kit Hybrid
,,,,kits,Neosolar,NEO-27164,,,1,Kit Gerador Energia Solar 2.8kWp - Microinversor Deye c/ Wifi SUN2250 - Painel DAH Solar Estrutura Metálica,,0,1,2.8,2800,3249.93,,0,1,6,Solar Kit Grid-Tie
,,,,kits,Neosolar,NEO-27027,,,2,"Kit de Energia Solar On Grid 9,3KWP-OS 10,0KW LI Estrutura p/ Cerâmica",,565,20,3.0,11300,13121.37,,0,2,20,Solar Kit Grid-Tie
,,,,kits,Neosolar,NEO-27036,,,3,"Kit de Energia Solar On Grid 11,86KWP-OS 10,0KW LI c/ Estrutura p/ Madeira",,565,21,86.0,11865,16906.47,,0,3,21,Solar Kit Grid-Tie
,,,,kits,Neosolar,NEO-27025,,,2,"Kit de Energia Solar On Grid 9,3KWP-OS 10,0KW LI s/ Estrutura",,565,20,3.0,11300,12377.37,,0,2,20,Solar Kit Grid-Tie
,,,,kits,Neosolar,NEO-27015,,,2,"Kit de Energia Solar On Grid 7,9KWP-OS 7,5KW LI Estrutura p/ Madeira",,565,14,9.0,7910,11270.67,,0,2,14,Solar Kit Grid-Tie
,,,,kits,Neosolar,NEO-27013,,,2,"Kit de Energia Solar On Grid 7,9KWP-OS 7,5KW LI Estrutura p/ Cerâmica",,565,14,9.0,7910,11270.67,,0,2,14,Solar Kit Grid-Tie
,,,,kits,Neosolar,NEO-27037,,,3,"Kit de Energia Solar On Grid 11,86KWP-OS 10,0KW LI c/ Estrutura Metálica",,565,21,86.0,11865,16906.47,,0,3,21,Solar Kit Grid-Tie
,,,,kits,Neosolar,NEO-27022,,,2,"Kit de Energia Solar On Grid 8,4KWP-OS 7,5KW LI Estrutura p/ Madeira",,565,15,4.0,8475,12023.97,,0,2,15,Solar Kit Grid-Tie
,,,,kits,Neosolar,NEO-27011,,,2,"Kit de Energia Solar On Grid 7,9KWP-OS 7,5KW LI Estrutura s/ Estrutura",,565,14,9.0,7910,10526.67,,0,2,14,Solar Kit Grid-Tie
,,,,kits,Neosolar,NEO-27023,,,2,"Kit de Energia Solar On Grid 8,4KWP-OS 7,5KW LI Estrutura Metálica",,565,15,4.0,8475,12023.97,,0,2,15,Solar Kit Grid-Tie
,,,,kits,Neosolar,NEO-27016,,,2,"Kit de Energia Solar On Grid 7,9KWP-OS 7,5KW LI Estrutura Metálica",,565,14,9.0,7910,11270.67,,0,2,14,Solar Kit Grid-Tie
,,,,kits,Neosolar,NEO-27018,,,2,"Kit de Energia Solar On Grid 8,4KWP-OS 7,5KW LI Estrutura s/ Estrutura",,565,15,4.0,8475,11279.97,,0,2,15,Solar Kit Grid-Tie
,,,,kits,Neosolar,NEO-27029,,,2,"Kit de Energia Solar On Grid 9,3KWP-OS 10,0KW LI Estrutura p/ Madeira",,565,20,3.0,11300,13121.37,,0,2,20,Solar Kit Grid-Tie
,,,,kits,Neosolar,NEO-27034,,,3,"Kit de Energia Solar On Grid 11,86KWP-OS 10,0KW LI c/ Estrutura p/ Cerâmica",,565,21,86.0,11865,16906.47,,0,3,21,Solar Kit Grid-Tie
,,2,48,kits,Neosolar,NEO-26961,,,,"Kit de Energia Solar Off Grid c/ Inv-car - 3,4kWp 100Ah 24/220V Lítio (26961)",,565,6,4.0,3390,0,,2,0,6,Solar Kit Off-Grid
,,,,kits,Neosolar,NEO-27020,,,2,"Kit de Energia Solar On Grid 8,4KWP-OS 7,5KW LI Estrutura p/ Cerâmica",,565,15,4.0,8475,12023.97,,0,2,15,Solar Kit Grid-Tie
,,,,kits,Neosolar,NEO-27135,,,1,"Kit de Energia Solar On Grid 4,96KWP-OS 5KW LI c/ Gancho p/ Cerâmica",,620,8,96.0,4960,7476.27,,0,1,8,Solar Kit Grid-Tie
,,1,48,kits,Neosolar,NEO-26619,,,1,"Kit Energia Solar On Grid Híbrido - 5.08kWp 4,8kWh Lítio 48V (26619)",,565,9,5.08,5085,22905.69,,1,1,9,Solar Kit Hybrid
,,6,48,kits,Neosolar,NEO-26656,,,1,"Kit Energia Solar On Grid Híbrido - 9,92kWp 4,8kWh Lítio 48V (26656)",,620,16,92.0,9920,0,,6,1,16,Solar Kit Hybrid
,,4,48,kits,Neosolar,NEO-26654,,,1,"Kit Energia Solar On Grid Híbrido - 9,92kWp 4,8kWh Lítio 48V (26654)",,620,16,92.0,9920,0,,4,1,16,Solar Kit Hybrid
,,5,48,kits,Neosolar,NEO-26655,,,1,"Kit Energia Solar On Grid Híbrido - 9,92kWp 4,8kWh Lítio 48V (26655)",,620,16,92.0,9920,0,,5,1,16,Solar Kit Hybrid
,,1,48,kits,Neosolar,NEO-26651,,,1,"Kit Energia Solar On Grid Híbrido - 9,92kWp 4,8kWh Lítio 48V (26651)",,620,16,92.0,9920,0,,1,1,16,Solar Kit Hybrid
,,1,48,kits,Neosolar,NEO-26652,,,1,"Kit Energia Solar On Grid Híbrido - 9,92kWp 4,8kWh Lítio 48V (26652)",,620,16,92.0,9920,0,,1,1,16,Solar Kit Hybrid
,,1,48,kits,Neosolar,NEO-26650,,,1,"Kit Energia Solar On Grid Híbrido - 5,58kWp 4,8kWh Lítio 48V (26650)",,620,9,58.0,5580,23434.46,,1,1,9,Solar Kit Hybrid
,,3,48,kits,Neosolar,NEO-26665,,,1,"Kit Energia Solar On Grid Híbrido - 9,92kWp 4,8kWh Lítio 48V (26665)",,620,16,92.0,9920,0,,3,1,16,Solar Kit Hybrid
,,2,48,kits,Neosolar,NEO-26664,,,1,"Kit Energia Solar On Grid Híbrido - 9,92kWp 4,8kWh Lítio 48V (26664)",,620,16,92.0,9920,0,,2,1,16,Solar Kit Hybrid
,,1,48,kits,Neosolar,NEO-26663,,,1,"Kit Energia Solar On Grid Híbrido - 9,92kWp 4,8kWh Lítio 48V (26663)",,620,16,92.0,9920,0,,1,1,16,Solar Kit Hybrid
,,1,48,kits,Neosolar,NEO-26662,,,1,"Kit Energia Solar On Grid Híbrido - 5,58kWp 4,8kWh Lítio 48V (26662)",,620,9,58.0,5580,25700.63,,1,1,9,Solar Kit Hybrid
,,6,48,kits,Neosolar,NEO-26668,,,1,"Kit Energia Solar On Grid Híbrido - 9,92kWp 4,8kWh Lítio 48V (26668)",,620,16,92.0,9920,0,,6,1,16,Solar Kit Hybrid
,,4,48,kits,Neosolar,NEO-26666,,,1,"Kit Energia Solar On Grid Híbrido - 9,92kWp 4,8kWh Lítio 48V (26666)",,620,16,92.0,9920,0,,4,1,16,Solar Kit Hybrid
,,5,48,kits,Neosolar,NEO-26667,,,1,"Kit Energia Solar On Grid Híbrido - 9,92kWp 4,8kWh Lítio 48V (26667)",,620,16,92.0,9920,0,,5,1,16,Solar Kit Hybrid
,,1,48,kits,Neosolar,NEO-26788,,,1,"Kit Energia Solar On Grid Híbrido - 5,58kWp Lítio 48V (26788)",,620,9,58.0,5580,21716.02,,1,1,9,Solar Kit Hybrid
,,6,48,kits,Neosolar,NEO-26794,,,1,"Kit Energia Solar On Grid Híbrido - 9.92kWp 4,8kWh Lítio 48V (26794)",,620,16,9.92,9920,0,,6,1,16,Solar Kit Hybrid
,,3,48,kits,Neosolar,NEO-26791,,,1,"Kit Energia Solar On Grid Híbrido - 9.92kWp 4,8kWh Lítio 48V (26791)",,620,16,9.92,9920,34718.8,,3,1,16,Solar Kit Hybrid
,,4,48,kits,Neosolar,NEO-26792,,,1,"Kit Energia Solar On Grid Híbrido - 9.92kWp 4,8kWh Lítio 48V (26792)",,620,16,9.92,9920,0,,4,1,16,Solar Kit Hybrid
,,5,48,kits,Neosolar,NEO-26793,,,1,"Kit Energia Solar On Grid Híbrido - 9.92kWp 4,8kWh Lítio 48V (26793)",,620,16,9.92,9920,0,,5,1,16,Solar Kit Hybrid
,,2,48,kits,Neosolar,NEO-26790,,,1,"Kit Energia Solar On Grid Híbrido - 9.92kWp 4,8kWh Lítio 48V (26790)",,620,16,9.92,9920,30314.46,,2,1,16,Solar Kit Hybrid
,,1,48,kits,Neosolar,NEO-26789,,,1,"Kit Energia Solar On Grid Híbrido - 9.92kWp 4,8kWh Lítio 48V (26789)",,620,16,9.92,9920,25910.13,,1,1,16,Solar Kit Hybrid
,,1,48,kits,Neosolar,NEO-26851,,,1,"Kit Energia Solar On Grid Híbrido - 9.92kWp 4,8kWh Lítio 48V (26851)",,620,16,9.92,9920,0,,1,1,16,Solar Kit Hybrid
,,1,48,kits,Neosolar,NEO-26852,,,1,"Kit Energia Solar On Grid Híbrido - 9.92kWp 4,8kWh Lítio 48V (26852)",,620,16,9.92,9920,0,,1,1,16,Solar Kit Hybrid
,,1,48,kits,Neosolar,NEO-26850,,,1,"Kit Energia Solar On Grid Híbrido - 5,6kWp Lítio 48V (26850)",,620,9,6.0,5580,22431.66,,1,1,9,Solar Kit Hybrid
,,6,48,kits,Neosolar,NEO-26856,,,1,"Kit Energia Solar On Grid Híbrido - 9.92kWp 4,8kWh Lítio 48V (26856)",,620,16,9.92,9920,0,,6,1,16,Solar Kit Hybrid
,,3,48,kits,Neosolar,NEO-26853,,,1,"Kit Energia Solar On Grid Híbrido - 9.92kWp 4,8kWh Lítio 48V (26853)",,620,16,9.92,9920,0,,3,1,16,Solar Kit Hybrid
,,5,48,kits,Neosolar,NEO-26855,,,1,"Kit Energia Solar On Grid Híbrido - 9.92kWp 4,8kWh Lítio 48V (26855)",,620,16,9.92,9920,0,,5,1,16,Solar Kit Hybrid
,,4,48,kits,Neosolar,NEO-26854,,,1,"Kit Energia Solar On Grid Híbrido - 9.92kWp 4,8kWh Lítio 48V (26854)",,620,16,9.92,9920,0,,4,1,16,Solar Kit Hybrid
,,,,kits,Neosolar,NEO-26928,,,1,Kit Gerador Energia Solar 1.86kWp - Microinversor Deye c/ Wifi SUN2250 - Painel DAH Solar com Base P/ Laje,,0,1,1.86,1860,2994.38,,0,1,5,Solar Kit Grid-Tie
,,,,kits,Neosolar,NEO-26921,,,1,Kit Gerador Energia Solar 1.24kWp - Microinversor Deye c/ Wifi SUN2250 - Painel DAH Solar com Base p/ Laje,,0,1,1.24,1240,2681.43,,0,1,4,Solar Kit Grid-Tie
,,,,kits,Neosolar,NEO-26942,,,1,Kit Gerador Energia Solar 0.62kWp - Microinversor Deye c/ Wifi SUN2250 - Painel DAH Solar com Base P/ Laje,,0,1,0.62,620,2261.2,,0,1,3,Solar Kit Grid-Tie
,,,,kits,Neosolar,NEO-27047,,,3,"Kit de Energia Solar On Grid 13,02KWP-OS 10,0KW LI Estrutura c/ Mini Trilho",,620,21,2.0,13020,18440.97,,0,3,21,Solar Kit Grid-Tie
,,,,kits,Neosolar,NEO-27045,,,3,"Kit de Energia Solar On Grid 13,02KWP-OS 10,0KW LI Estrutura p/ Laje",,620,21,2.0,13020,19277.97,,0,3,21,Solar Kit Grid-Tie
,,,,kits,Neosolar,NEO-27050,,,3,"Kit de Energia Solar On Grid 13,02KWP-OS 10,0KW LI Estrutura c/ Solo",,620,21,2.0,13020,18998.97,,0,3,21,Solar Kit Grid-Tie
,,,,kits,Neosolar,NEO-27054,,,2,"Kit de Energia Solar On Grid 12,4KWP-OS 10,0KW LI Estrutura c/ Mini Trilho",,620,20,4.0,12400,17436.57,,0,2,20,Solar Kit Grid-Tie
,,,,kits,Neosolar,NEO-27052,,,2,"Kit de Energia Solar On Grid 12,4KWP-OS 10,0KW LI Estrutura p/ Laje",,620,20,4.0,12400,18134.07,,0,2,20,Solar Kit Grid-Tie
,,,,kits,Neosolar,NEO-27059,,,3,"Kit de Energia Solar On Grid 9,3KWP-OS 7,5KW LI Estrutura p/ Laje",,620,15,3.0,9300,13679.37,,0,3,15,Solar Kit Grid-Tie
,,,,kits,Neosolar,NEO-27057,,,2,"Kit de Energia Solar On Grid 12,4KWP-OS 10,0KW LI Estrutura c/ Solo",,620,20,4.0,12400,17901.57,,0,2,20,Solar Kit Grid-Tie
,,,,kits,Neosolar,NEO-27064,,,3,"Kit de Energia Solar On Grid 9,3KWP-OS 7,5KW LI Estrutura c/ Solo",,620,15,3.0,9300,13493.37,,0,3,15,Solar Kit Grid-Tie
,,,,kits,Neosolar,NEO-27066,,,2,"Kit de Energia Solar On Grid 8,6KWP-OS 7,5KW LI Estrutura p/ Laje",,620,14,6.0,8680,12851.67,,0,2,14,Solar Kit Grid-Tie
,,,,kits,Neosolar,NEO-27076,,,2,"Kit de Energia Solar On Grid 7,44KWP-OS 6KW LI Estrutura Metálica",,620,12,44.0,7440,10461.57,,0,2,12,Solar Kit Grid-Tie
,,,,kits,Neosolar,NEO-27072,,,2,"Kit de Energia Solar On Grid 7,44KWP-OS 6KW LI Estrutura p/ Laje",,620,12,44.0,7440,10880.07,,0,2,12,Solar Kit Grid-Tie
,,,,kits,Neosolar,NEO-27071,,,2,"Kit de Energia Solar On Grid 8,6KWP-OS 7,5KW LI Estrutura p/ Solo",,620,14,6.0,8680,12665.67,,0,2,14,Solar Kit Grid-Tie
,,,,kits,Neosolar,NEO-27077,,,2,"Kit de Energia Solar On Grid 7,44KWP-OS 6KW LI Estrutura c/ Solo",,620,12,44.0,7440,10740.57,,0,2,12,Solar Kit Grid-Tie
,,,,kits,Neosolar,NEO-27133,,,1,"Kit de Energia Solar On Grid 3,72KWP-OS 5KW LI Estrutura p/ Solo",,620,6,72.0,3720,5885.97,,0,1,6,Solar Kit Grid-Tie
,,,,kits,Neosolar,NEO-27144,,,2,"Kit de Energia Solar On Grid 6,20KWP-OS 5KW LI Estrutura Metálica",,620,10,20.0,6200,9447.87,,0,2,10,Solar Kit Grid-Tie
,,,,kits,Neosolar,NEO-27145,,,2,"Kit de Energia Solar On Grid 6,20KWP-OS 5KW LI Estrutura p/ Solo",,620,10,20.0,6200,9726.87,,0,2,10,Solar Kit Grid-Tie
,,,,kits,Neosolar,NEO-27139,,,1,"Kit de Energia Solar On Grid 4,96KWP-OS 5KW LI Estrutura p/ Solo",,620,8,96.0,4960,7662.27,,0,1,8,Solar Kit Grid-Tie
,,,,kits,Neosolar,NEO-26940,,,1,Kit Gerador Energia Solar 2.48kWp - Microinversor Deye c/ Wifi SUN2250 - Painel DAH Solar c/ Solo,,0,1,2.48,2480,3117.86,,0,1,6,Solar Kit Grid-Tie
,,,,kits,Neosolar,NEO-21607,,,1,"Kit Gerador Energia Solar 1,74 kWp - Microinversor Deye c/ Wifi SUN2000 - Painel OSDA Com Estrutura",,0,74,74.0,1740,0,,0,1,77,Solar Kit Grid-Tie
,,,,kits,Neosolar,NEO-21608,,,1,"Kit Gerador Energia Solar 1,74 kWp - Microinversor Deye c/ Wifi SUN2000 - Painel OSDA Com Estrtura",,0,74,74.0,1740,0,,0,1,77,Solar Kit Grid-Tie
,,,,kits,Neosolar,NEO-21611,,,1,"Kit Gerador Energia Solar 0,58 kWp - Microinversor Deye c/ Wifi SUN2000 - Painel OSDA (Metálica)",,0,58,58.0,580,0,,0,1,59,Solar Kit Grid-Tie
,,,,kits,Neosolar,NEO-21287,,,1,"Kit Gerador Energia Solar 1,72 kWp - Microinversor Deye c/ Wifi SUN2000 - Painel OSDA Com Estrtutura",,0,72,72.0,1725,0,,0,1,75,Solar Kit Grid-Tie
,,,,kits,Neosolar,NEO-21286,,,1,"Kit Gerador Energia Solar 1,78 kWp - Microinversor Deye c/ Wifi SUN2000 - Painel Luxen (Solo)",,0,78,78.0,1785,0,,0,1,81,Solar Kit Grid-Tie
,,,,kits,Neosolar,NEO-21267,,,1,"Kit Gerador Energia Solar 2,38 kWp - Microinversor Deye c/ Wifi SUN2000 - Painel Luxen (Solo)",,0,38,38.0,2380,0,,0,1,42,Solar Kit Grid-Tie
,,,,kits,Neosolar,NEO-21124,,,1,"Kit Gerador Energia Solar 2,30 kWp - Microinversor Deye c/ Wifi SUN2000 - Painel OSDA (Mini Trilho)",,0,30,30.0,2300,0,,0,1,34,Solar Kit Grid-Tie
,,,,kits,Neosolar,NEO-21609,,,1,"Kit Gerador Energia Solar 0,58 kWp - Microinversor Deye c/ Wifi SUN2000 - Painel OSDA (Cerâmica)",,0,58,58.0,580,0,,0,1,59,Solar Kit Grid-Tie
,,,,kits,Neosolar,NEO-21073,,,1,"Kit Gerador Energia Solar 1,72 kWp - Microinversor Deye c/ Wifi SUN2000 - Painel OSDA Com Estrtura",,0,74,72.0,1740,0,,0,1,77,Solar Kit Grid-Tie
,,,,kits,Neosolar,NEO-21070,,,1,"Kit Gerador Energia Solar 1,78 kWp - Microinversor Deye c/ Wifi SUN2000 - Painel Luxen (Metálica)",,0,78,78.0,1785,0,,0,1,81,Solar Kit Grid-Tie
,,,,kits,Neosolar,NEO-21068,,,1,"Kit Gerador Energia Solar 1,78 kWp - Microinversor Deye c/ Wifi SUN2000 - Painel Luxen (Cerâmica)",,0,78,78.0,1785,0,,0,1,81,Solar Kit Grid-Tie
,,,,kits,Neosolar,NEO-21071,,,1,"Kit Gerador Energia Solar 1,78 kWp - Microinversor Deye c/ Wifi SUN2000 - Painel Luxen (Laje)",,0,78,78.0,1785,0,,0,1,81,Solar Kit Grid-Tie
,,,,kits,Neosolar,NEO-21047,,,1,"Kit Gerador Energia Solar 2,30 kWp - Microinversor Deye c/ Wifi SUN2000 - Painel OSDA (Metálica)",,0,30,30.0,2300,0,,0,1,34,Solar Kit Grid-Tie
,,1,48,kits,Neosolar,NEO-27314,,,1,"Kit Energia Solar Off Grid - 1,24kWp 100Ah/48V Lítio (27314)",,620,2,24.0,1240,6896.31,,1,1,2,Solar Kit Off-Grid
,,1,6,kits,Neosolar,NEO-25049,,,1,Kit Energia Solar Off Grid - 680Wp 100Ah/24V Lítio (25049),,340,2,0.68,680,5897.16,,1,1,2,Solar Kit Off-Grid
,,1,6,kits,Neosolar,NEO-27475,,,1,Kit Energia Solar Off Grid - 680Wp 100Ah/24V Lítio (27475),,340,2,0.68,680,5925.34,,1,1,2,Solar Kit Off-Grid
,,1,6,kits,Neosolar,NEO-25164,,,1,Kit Energia Solar Off Grid - 680Wp 100Ah/24V Lítio 1000W/127V Ztroon,,340,2,0.68,680,6760.28,,1,1,2,Solar Kit Off-Grid
,,2,48,kits,Neosolar,NEO-27315,,,1,"Kit Energia Solar Off Grid - 1,24kWp 100Ah/48V Lítio (27315)",,620,4,24.0,2480,12909.01,,2,1,4,Solar Kit Off-Grid
,,1,12,kits,Neosolar,NEO-23927,,,1,Kit Energia Solar Off Grid s/ Inversor - 30Wp 115/105Ah 12V Estacionária (23927),,30,1,0.03,30,1248.54,,1,1,1,Solar Kit Off-Grid
,,1,48,kits,Neosolar,NEO-27347,,,1,"Kit Energia Solar Off Grid - 1,24kWp 100Ah/48V Lítio - Inversor 2000W 48/127 (27347)",,620,2,24.0,1240,0,,1,2,2,Solar Kit Off-Grid
,,2,48,kits,Neosolar,NEO-27349,,,1,"Kit Energia Solar Off Grid - 1,24kWp 100Ah/48V Lítio  - Inversor 2000W 48/127 (27349)",,620,4,24.0,2480,0,,2,2,4,Solar Kit Off-Grid
,,1,12,kits,Neosolar,NEO-23928,,,1,Kit Energia Solar Off Grid s/ Inversor - 60Wp 115/105Ah 12V Estacionária (23928),,60,1,0.06,60,1335.69,,1,1,1,Solar Kit Off-Grid
,,1,12,kits,Neosolar,NEO-27339,,,1,Kit Energia Solar Off Grid s/ Inversor - 100Wp 115/105Ah 12V Estacionária (27339),,100,1,0.1,100,1113.09,,1,1,1,Solar Kit Off-Grid
,,1,12,kits,Neosolar,NEO-23929,,,1,Kit Energia Solar Off Grid s/ Inversor - 100Wp 115/105Ah 12V Estacionária (23929),,100,1,0.1,100,1335.69,,1,1,1,Solar Kit Off-Grid
,,2,12,kits,Neosolar,NEO-27476,,,1,Kit Energia Solar Off Grid - 680Wp 220Ah/24V (27476),,340,2,0.68,680,4477.87,,2,1,2,Solar Kit Off-Grid
,,1,12,kits,Neosolar,NEO-25131,,,1,Kit Energia Solar para Starlink - 10h/dia (até 1.280 Wh/dia) - Chumbo (25131),,320,320,102.4,102400,2800.88,,1,1,320,Solar Kit Off-Grid
,,1,12,kits,Neosolar,NEO-26721,,,1,Kit Energia Solar Off Grid s/ Inversor - 320Wp 240Ah / 220Ah 12V Estacionária (26721),,160,2,0.32,320,2249.79,,1,1,2,Solar Kit Off-Grid
,,1,12,kits,Neosolar,NEO-26720,,,1,Kit Energia Solar Off Grid s/ Inversor - 320Wp 240Ah / 220Ah 12V Estacionária (26720),,160,2,0.32,320,2195.68,,1,1,2,Solar Kit Off-Grid
,,1,12,kits,Neosolar,NEO-25158,,,1,Kit Energia Solar Off Grid - 160Wp 105Ah/12V 600W/127V Ztroon,,160,1,0.16,160,2066.4,,1,1,1,Solar Kit Off-Grid
,,2,12,kits,Neosolar,NEO-26722,,,1,Kit Energia Solar Off Grid s/ Inversor - 480Wp 240Ah / 220Ah 12V Estacionária (26722),,160,3,0.48,480,4096.94,,2,1,3,Solar Kit Off-Grid
,,1,48,kits,Neosolar,NEO-27348,,,1,"Kit Energia Solar Off Grid - 1,24kWp 100Ah/48V Lítio - Inversor 2000W 48/220 (27348)",,620,2,24.0,1240,0,,1,2,2,Solar Kit Off-Grid
,,2,48,kits,Neosolar,NEO-27378,,,1,"Kit Energia Solar Off Grid - 1,24kWp 100Ah/48V Lítio  - Inversor 2000W 48/220 (27378)",,620,4,24.0,2480,13837.36,,2,2,4,Solar Kit Off-Grid
,,3,12,kits,Neosolar,NEO-27313,,,1,Kit Energia Solar Off Grid s/ Inversor - 960Wp 240Ah / 220Ah 12V Estacionária (27313),,160,6,0.96,960,6603.59,,3,1,6,Solar Kit Off-Grid
,,1,12,kits,Neosolar,NEO-25130,,,1,Kit Energia Solar para Starlink - 06h/dia (até 640 Wh/dia) - Chumbo (25130),,160,160,25.6,25600,2365.8,,1,1,160,Solar Kit Off-Grid
,,2,12,kits,Neosolar,NEO-25048,,,1,Kit Energia Solar Off Grid - 340Wp 105Ah/24V (25048),,340,1,0.34,340,2596.31,,2,1,1,Solar Kit Off-Grid
,,1,12,kits,Neosolar,NEO-25047,,,1,Kit Energia Solar Off Grid - 320Wp 150Ah/12V (25047),,160,2,0.32,320,2159.1,,1,1,2,Solar Kit Off-Grid
,,2,12,kits,Neosolar,NEO-25163,,,1,Kit Energia Solar Off Grid - 340Wp 105Ah/24V 1000W/220V Ztroon,,340,1,0.34,340,3511.28,,2,1,1,Solar Kit Off-Grid
,,1,12,kits,Neosolar,NEO-25160,,,1,Kit Energia Solar Off Grid - 320Wp 150Ah/12V 600W/127V Ztroon,,160,2,0.32,320,2808.15,,1,1,2,Solar Kit Off-Grid
,,2,12,kits,Neosolar,NEO-25162,,,1,Kit Energia Solar Off Grid - 340Wp 105Ah/24V 1000W/127V Ztroon,,340,1,0.34,340,3459.44,,2,1,1,Solar Kit Off-Grid
,,1,48,kits,Neosolar,NEO-27267,,,,"Kit de Energia Solar Off Grid c/ Inv-car - 2,5kWp 100Ah 48/220V Lítio",,620,4,5.0,2480,11193.04,,1,0,4,Solar Kit Off-Grid
,,1,48,kits,Neosolar,NEO-27303,,,,"Kit de Energia Solar Off Grid c/ Inv-car - 2,5kWp 100Ah 48/220V Lítio",,620,4,5.0,2480,10911.3,,1,0,4,Solar Kit Off-Grid
,,1,48,kits,Neosolar,NEO-27299,,,,"Kit de Energia Solar Off Grid c/ Inv-car - 2,5kWp 100Ah 48/220V Lítio",,620,4,5.0,2480,10377.48,,1,0,4,Solar Kit Off-Grid
,,1,48,kits,Neosolar,NEO-27263,,,,"Kit de Energia Solar Off Grid c/ Inv-car - 2,5kWp 100Ah 48/220V Lítio",,620,4,5.0,2480,10659.23,,1,0,4,Solar Kit Off-Grid
,,1,48,kits,Neosolar,NEO-27259,,,,"Kit de Energia Solar Off Grid c/ Inv-car - 2,5kWp 100Ah 48/220V Lítio",,620,4,5.0,2480,24612.14,,1,0,4,Solar Kit Off-Grid
,,1,12,kits,Neosolar,NEO-23699,,,1,Kit Energia Solar para Starlink - 06h/dia (até 640 Wh/dia) - Chumbo (23699),,160,160,25.6,25600,0,,1,1,160,Solar Kit Off-Grid
,,1,12,kits,Neosolar,NEO-25129,,,1,Kit Energia Solar para Starlink - 06h/dia (até 640 Wh/dia) - Chumbo (25129),,160,160,25.6,25600,2308.33,,1,1,160,Solar Kit Off-Grid
,,1,12,kits,Neosolar,NEO-23703,,,1,Kit Energia Solar para Starlink - 10h/dia (até 1.280 Wh/dia) - Chumbo (23703),,320,320,102.4,102400,0,,1,1,320,Solar Kit Off-Grid
,,4,48,kits,Neosolar,NEO-27266,,,,"Kit de Energia Solar Off Grid c/ Inv-car - 5,0kWp 100Ah 48/220V Lítio",,620,8,4.96,4960,27052.83,,4,0,8,Solar Kit Off-Grid
,,2,48,kits,Neosolar,NEO-27304,,,,"Kit de Energia Solar Off Grid c/ Inv-car - 3,7kWp 100Ah 48/220V Lítio",,620,6,7.0,3720,17905.56,,2,0,6,Solar Kit Off-Grid
,,4,48,kits,Neosolar,NEO-27298,,,,"Kit de Energia Solar Off Grid c/ Inv-car - 5,0kWp 100Ah 48/220V Lítio",,620,8,4.96,4960,33358.45,,4,0,8,Solar Kit Off-Grid
,,3,48,kits,Neosolar,NEO-27297,,,,"Kit de Energia Solar Off Grid c/ Inv-car - 5,0kWp 100Ah 48/220V Lítio",,620,8,4.96,4960,54731.22,,3,0,8,Solar Kit Off-Grid
,,3,48,kits,Neosolar,NEO-27305,,,,"Kit de Energia Solar Off Grid c/ Inv-car - 5,0kWp 100Ah 48/220V Lítio",,620,8,4.96,4960,24026.52,,3,0,8,Solar Kit Off-Grid
,,4,48,kits,Neosolar,NEO-27306,,,,"Kit de Energia Solar Off Grid c/ Inv-car - 5,0kWp 100Ah 48/220V Lítio",,,,0.0,0,28906.33,,4,0,0,Solar Kit Off-Grid
,,3,48,kits,Neosolar,NEO-27269,,,,"Kit de Energia Solar Off Grid c/ Inv-car - 5,0kWp 100Ah 48/220V Lítio",,620,8,4.96,4960,24308.27,,3,0,8,Solar Kit Off-Grid
,,2,48,kits,Neosolar,NEO-27268,,,,"Kit de Energia Solar Off Grid c/ Inv-car - 3,7kWp 100Ah 48/220V Lítio",,620,6,7.0,3720,18187.3,,2,0,6,Solar Kit Off-Grid
,,2,48,kits,Neosolar,NEO-27300,,,,"Kit de Energia Solar Off Grid c/ Inv-car - 3,7kWp 100Ah 48/220V Lítio",,620,6,7.0,3720,16837.93,,2,0,6,Solar Kit Off-Grid
,,4,48,kits,Neosolar,NEO-27302,,,,"Kit de Energia Solar Off Grid c/ Inv-car - 5,0kWp 100Ah 48/220V Lítio",,620,8,4.96,4960,26771.08,,4,0,8,Solar Kit Off-Grid
,,3,48,kits,Neosolar,NEO-27301,,,,"Kit de Energia Solar Off Grid c/ Inv-car - 5,0kWp 100Ah 48/220V Lítio",,620,8,4.96,4960,22425.08,,3,0,8,Solar Kit Off-Grid
,,2,48,kits,Neosolar,NEO-27296,,,,"Kit de Energia Solar Off Grid c/ Inv-car - 3,7kWp 100Ah 48/220V Lítio",,620,6,7.0,3720,40263.23,,2,0,6,Solar Kit Off-Grid
,,4,48,kits,Neosolar,NEO-27270,,,,"Kit de Energia Solar Off Grid c/ Inv-car - 5,0kWp 100Ah 48/220V Lítio",,620,8,4.96,4960,29188.08,,4,0,8,Solar Kit Off-Grid
,,2,48,kits,Neosolar,NEO-27260,,,,"Kit de Energia Solar Off Grid c/ Inv-car - 3,7kWp 100Ah 48/220V Lítio",,620,6,7.0,3720,40826.73,,2,0,6,Solar Kit Off-Grid
,,3,48,kits,Neosolar,NEO-27261,,,,"Kit de Energia Solar Off Grid c/ Inv-car - 5,0kWp 100Ah 48/220V Lítio",,620,8,4.96,4960,55294.7,,3,0,8,Solar Kit Off-Grid
,,2,48,kits,Neosolar,NEO-27264,,,,"Kit de Energia Solar Off Grid c/ Inv-car - 3,7kWp 100Ah 48/220V Lítio",,620,6,7.0,3720,17119.68,,2,0,6,Solar Kit Off-Grid
,,3,48,kits,Neosolar,NEO-27265,,,,"Kit de Energia Solar Off Grid c/ Inv-car - 5,0kWp 100Ah 48/220V Lítio",,620,8,4.96,4960,22706.82,,3,0,8,Solar Kit Off-Grid
,,4,48,kits,Neosolar,NEO-27262,,,,"Kit de Energia Solar Off Grid c/ Inv-car - 5,0kWp 100Ah 48/220V Lítio",,620,8,4.96,4960,33640.19,,4,0,8,Solar Kit Off-Grid
,,1,12,kits,Neosolar,NEO-26723,,,1,Kit Energia Solar Off Grid s/ Inversor - 160Wp 165Ah / 150Ah 12V Estacionária (26723),,160,1,0.16,160,1559.27,,1,1,1,Solar Kit Off-Grid
,,7,48,kits,Neosolar,NEO-26701,,,,"Kit de Energia Solar Off Grid c/ Inv-car - 6,2kWp 100Ah 24/220V Lítio (26701)",,620,10,2.0,6200,55013.66,,7,0,10,Solar Kit Off-Grid
,,1,12,kits,Neosolar,NEO-25132,,,1,Kit Energia Solar para Starlink - 10h/dia (até 1.280 Wh/dia) - Chumbo (25132),,320,320,102.4,102400,2858.35,,1,1,320,Solar Kit Off-Grid
,,1,12,kits,Neosolar,NEO-25044,,,1,Kit Energia Solar Off Grid - 60Wp 45Ah/12V (25044),,60,1,0.06,60,913.01,,1,1,1,Solar Kit Off-Grid
,,1,12,kits,Neosolar,NEO-25045,,,1,Kit Energia Solar Off Grid - 100Wp 45Ah/12V (25045),,100,1,0.1,100,928.98,,1,1,1,Solar Kit Off-Grid
,,1,12,kits,Neosolar,NEO-25043,,,1,Kit Energia Solar Off Grid - 30Wp 45Ah/12V (25043),,30,1,0.03,30,858.28,,1,1,1,Solar Kit Off-Grid
,,1,12,kits,Neosolar,NEO-25154,,,1,Kit Energia Solar Off Grid - 60Wp 45Ah/12V 600W/127V Ztroon,,60,1,0.06,60,1560.14,,1,1,1,Solar Kit Off-Grid
,,1,12,kits,Neosolar,NEO-25156,,,1,Kit Energia Solar Off Grid - 100Wp 45Ah/12V 600W/127V Ztroon,,100,1,0.1,100,1576.11,,1,1,1,Solar Kit Off-Grid
,,2,48,kits,Neosolar,NEO-26695,,,,"Kit de Energia Solar Off Grid c/ Inv-car - 3,7kWp 100Ah 24/220V Lítio (26695)",,620,6,7.0,3720,21466.24,,2,0,6,Solar Kit Off-Grid
,,1,48,kits,Neosolar,NEO-26694,,,,"Kit de Energia Solar Off Grid c/ Inv-car - 2,5kWp 100Ah 48/220V Lítio",,620,4,5.0,2480,14232.26,,1,0,4,Solar Kit Off-Grid
,,4,48,kits,Neosolar,NEO-26698,,,,"Kit de Energia Solar Off Grid c/ Inv-car - 3,7kWp 100Ah 24/220V Lítio (26698)",,620,6,7.0,3720,33679.53,,4,0,6,Solar Kit Off-Grid
,,5,48,kits,Neosolar,NEO-26699,,,,"Kit de Energia Solar Off Grid c/ Inv-car - 6,2kWp 100Ah 24/220V Lítio (26699)",,620,10,2.0,6200,42800.37,,5,0,10,Solar Kit Off-Grid
,,3,48,kits,Neosolar,NEO-26697,,,,"Kit de Energia Solar Off Grid c/ Inv-car - 3,1kWp 100Ah 24/220V Lítio (26697)",,620,5,1.0,3100,26838.52,,3,0,5,Solar Kit Off-Grid
,,2,48,kits,Neosolar,NEO-26696,,,,"Kit de Energia Solar Off Grid c/ Inv-car - 1,9kWp 100Ah 24/220V Lítio (26696)",,620,3,9.0,1860,19604.52,,2,0,3,Solar Kit Off-Grid
,,6,48,kits,Neosolar,NEO-26700,,,,"Kit de Energia Solar Off Grid c/ Inv-car - 6,2kWp 100Ah 24/220V Lítio (26700)",,620,10,2.0,6200,48793.21,,6,0,10,Solar Kit Off-Grid
,,2,12,kits,Neosolar,NEO-25053,,,1,Kit Energia Solar Off Grid - 680Wp 220Ah/24V (25053),,340,2,0.68,680,4633.58,,2,1,2,Solar Kit Off-Grid
,,1,48,kits,Neosolar,NEO-26968,,,,"Kit de Energia Solar Off Grid c/ Inv-car - 2,5kWp 100Ah 24/220V Lítio (26968)",,620,4,5.0,2480,0,,1,0,4,Solar Kit Off-Grid
,,7,48,kits,Neosolar,NEO-26991,,,,"Kit de Energia Solar Off Grid c/ Inv-car - 6,2kWp 100Ah 24/220V Lítio (26991)",,620,10,2.0,6200,0,,7,0,10,Solar Kit Off-Grid
,,7,48,kits,Neosolar,NEO-26975,,,,"Kit de Energia Solar Off Grid c/ Inv-car - 6,2kWp 100Ah 24/220V Lítio (26975)",,620,10,2.0,6200,0,,7,0,10,Solar Kit Off-Grid
,,1,48,kits,Neosolar,NEO-26984,,,,"Kit de Energia Solar Off Grid c/ Inv-car - 2,5kWp 100Ah 24/220V Lítio (26984)",,620,4,5.0,2480,0,,1,0,4,Solar Kit Off-Grid
,,3,48,kits,Neosolar,NEO-26971,,,,"Kit de Energia Solar Off Grid c/ Inv-car - 3,1kWp 100Ah 24/220V Lítio (26971)",,620,5,1.0,3100,0,,3,0,5,Solar Kit Off-Grid
,,4,48,kits,Neosolar,NEO-26972,,,,"Kit de Energia Solar Off Grid c/ Inv-car - 3,7kWp 100Ah 24/220V Lítio (26972)",,620,6,7.0,3720,0,,4,0,6,Solar Kit Off-Grid
,,2,48,kits,Neosolar,NEO-26969,,,,"Kit de Energia Solar Off Grid c/ Inv-car - 3,7kWp 100Ah 24/220V Lítio (26969)",,620,6,7.0,3720,0,,2,0,6,Solar Kit Off-Grid
,,2,48,kits,Neosolar,NEO-26970,,,,"Kit de Energia Solar Off Grid c/ Inv-car - 1,9kWp 100Ah 24/220V Lítio (26970)",,620,3,9.0,1860,0,,2,0,3,Solar Kit Off-Grid
,,4,48,kits,Neosolar,NEO-26988,,,,"Kit de Energia Solar Off Grid c/ Inv-car - 3,7kWp 100Ah 24/220V Lítio (26988)",,620,6,7.0,3720,0,,4,0,6,Solar Kit Off-Grid
,,3,48,kits,Neosolar,NEO-26987,,,,"Kit de Energia Solar Off Grid c/ Inv-car - 3,1kWp 100Ah 24/220V Lítio (26987)",,620,5,1.0,3100,0,,3,0,5,Solar Kit Off-Grid
,,2,48,kits,Neosolar,NEO-26986,,,,"Kit de Energia Solar Off Grid c/ Inv-car - 1,9kWp 100Ah 24/220V Lítio (26986)",,620,3,9.0,1860,0,,2,0,3,Solar Kit Off-Grid
,,2,48,kits,Neosolar,NEO-26985,,,,"Kit de Energia Solar Off Grid c/ Inv-car - 3,7kWp 100Ah 24/220V Lítio (26985)",,620,6,7.0,3720,0,,2,0,6,Solar Kit Off-Grid
,,1,48,kits,Neosolar,NEO-27314,,,1,"Kit Energia Solar Off Grid - 1,24kWp 100Ah/48V Lítio (27314)",,620,2,24.0,1240,6896.31,,1,1,2,Solar Kit Off-Grid
,,1,6,kits,Neosolar,NEO-25049,,,1,Kit Energia Solar Off Grid - 680Wp 100Ah/24V Lítio (25049),,340,2,0.68,680,5897.16,,1,1,2,Solar Kit Off-Grid
,,1,6,kits,Neosolar,NEO-27475,,,1,Kit Energia Solar Off Grid - 680Wp 100Ah/24V Lítio (27475),,340,2,0.68,680,5925.34,,1,1,2,Solar Kit Off-Grid
,,1,6,kits,Neosolar,NEO-25164,,,1,Kit Energia Solar Off Grid - 680Wp 100Ah/24V Lítio 1000W/127V Ztroon,,340,2,0.68,680,6760.28,,1,1,2,Solar Kit Off-Grid
,,2,48,kits,Neosolar,NEO-27315,,,1,"Kit Energia Solar Off Grid - 1,24kWp 100Ah/48V Lítio (27315)",,620,4,24.0,2480,12909.01,,2,1,4,Solar Kit Off-Grid
,,1,12,kits,Neosolar,NEO-23927,,,1,Kit Energia Solar Off Grid s/ Inversor - 30Wp 115/105Ah 12V Estacionária (23927),,30,1,0.03,30,1248.54,,1,1,1,Solar Kit Off-Grid
,,1,48,kits,Neosolar,NEO-27347,,,1,"Kit Energia Solar Off Grid - 1,24kWp 100Ah/48V Lítio - Inversor 2000W 48/127 (27347)",,620,2,24.0,1240,0,,1,2,2,Solar Kit Off-Grid
,,2,48,kits,Neosolar,NEO-27349,,,1,"Kit Energia Solar Off Grid - 1,24kWp 100Ah/48V Lítio  - Inversor 2000W 48/127 (27349)",,620,4,24.0,2480,0,,2,2,4,Solar Kit Off-Grid
,,1,12,kits,Neosolar,NEO-23928,,,1,Kit Energia Solar Off Grid s/ Inversor - 60Wp 115/105Ah 12V Estacionária (23928),,60,1,0.06,60,1335.69,,1,1,1,Solar Kit Off-Grid
,,1,12,kits,Neosolar,NEO-27339,,,1,Kit Energia Solar Off Grid s/ Inversor - 100Wp 115/105Ah 12V Estacionária (27339),,100,1,0.1,100,1113.09,,1,1,1,Solar Kit Off-Grid
,,1,12,kits,Neosolar,NEO-23929,,,1,Kit Energia Solar Off Grid s/ Inversor - 100Wp 115/105Ah 12V Estacionária (23929),,100,1,0.1,100,1335.69,,1,1,1,Solar Kit Off-Grid
,,2,12,kits,Neosolar,NEO-27476,,,1,Kit Energia Solar Off Grid - 680Wp 220Ah/24V (27476),,340,2,0.68,680,4477.87,,2,1,2,Solar Kit Off-Grid
,,1,12,kits,Neosolar,NEO-25131,,,1,Kit Energia Solar para Starlink - 10h/dia (até 1.280 Wh/dia) - Chumbo (25131),,320,320,102.4,102400,2800.88,,1,1,320,Solar Kit Off-Grid
,,1,12,kits,Neosolar,NEO-26721,,,1,Kit Energia Solar Off Grid s/ Inversor - 320Wp 240Ah / 220Ah 12V Estacionária (26721),,160,2,0.32,320,2249.79,,1,1,2,Solar Kit Off-Grid
,,1,12,kits,Neosolar,NEO-26720,,,1,Kit Energia Solar Off Grid s/ Inversor - 320Wp 240Ah / 220Ah 12V Estacionária (26720),,160,2,0.32,320,2195.68,,1,1,2,Solar Kit Off-Grid
,,1,12,kits,Neosolar,NEO-25158,,,1,Kit Energia Solar Off Grid - 160Wp 105Ah/12V 600W/127V Ztroon,,160,1,0.16,160,2066.4,,1,1,1,Solar Kit Off-Grid
,,2,12,kits,Neosolar,NEO-26722,,,1,Kit Energia Solar Off Grid s/ Inversor - 480Wp 240Ah / 220Ah 12V Estacionária (26722),,160,3,0.48,480,4096.94,,2,1,3,Solar Kit Off-Grid
,,1,48,kits,Neosolar,NEO-27348,,,1,"Kit Energia Solar Off Grid - 1,24kWp 100Ah/48V Lítio - Inversor 2000W 48/220 (27348)",,620,2,24.0,1240,0,,1,2,2,Solar Kit Off-Grid
,,2,48,kits,Neosolar,NEO-27378,,,1,"Kit Energia Solar Off Grid - 1,24kWp 100Ah/48V Lítio  - Inversor 2000W 48/220 (27378)",,620,4,24.0,2480,13837.36,,2,2,4,Solar Kit Off-Grid
,,3,12,kits,Neosolar,NEO-27313,,,1,Kit Energia Solar Off Grid s/ Inversor - 960Wp 240Ah / 220Ah 12V Estacionária (27313),,160,6,0.96,960,6603.59,,3,1,6,Solar Kit Off-Grid
,,1,12,kits,Neosolar,NEO-25130,,,1,Kit Energia Solar para Starlink - 06h/dia (até 640 Wh/dia) - Chumbo (25130),,160,160,25.6,25600,2365.8,,1,1,160,Solar Kit Off-Grid
,,2,12,kits,Neosolar,NEO-25048,,,1,Kit Energia Solar Off Grid - 340Wp 105Ah/24V (25048),,340,1,0.34,340,2596.31,,2,1,1,Solar Kit Off-Grid
,,1,12,kits,Neosolar,NEO-25047,,,1,Kit Energia Solar Off Grid - 320Wp 150Ah/12V (25047),,160,2,0.32,320,2159.1,,1,1,2,Solar Kit Off-Grid
,,2,12,kits,Neosolar,NEO-25163,,,1,Kit Energia Solar Off Grid - 340Wp 105Ah/24V 1000W/220V Ztroon,,340,1,0.34,340,3511.28,,2,1,1,Solar Kit Off-Grid
,,1,12,kits,Neosolar,NEO-25160,,,1,Kit Energia Solar Off Grid - 320Wp 150Ah/12V 600W/127V Ztroon,,160,2,0.32,320,2808.15,,1,1,2,Solar Kit Off-Grid
,,2,12,kits,Neosolar,NEO-25162,,,1,Kit Energia Solar Off Grid - 340Wp 105Ah/24V 1000W/127V Ztroon,,340,1,0.34,340,3459.44,,2,1,1,Solar Kit Off-Grid
,,1,48,kits,Neosolar,NEO-27267,,,,"Kit de Energia Solar Off Grid c/ Inv-car - 2,5kWp 100Ah 48/220V Lítio",,620,4,5.0,2480,11193.04,,1,0,4,Solar Kit Off-Grid
,,1,48,kits,Neosolar,NEO-27303,,,,"Kit de Energia Solar Off Grid c/ Inv-car - 2,5kWp 100Ah 48/220V Lítio",,620,4,5.0,2480,10911.3,,1,0,4,Solar Kit Off-Grid
,,1,48,kits,Neosolar,NEO-27299,,,,"Kit de Energia Solar Off Grid c/ Inv-car - 2,5kWp 100Ah 48/220V Lítio",,620,4,5.0,2480,10377.48,,1,0,4,Solar Kit Off-Grid
,,1,48,kits,Neosolar,NEO-27263,,,,"Kit de Energia Solar Off Grid c/ Inv-car - 2,5kWp 100Ah 48/220V Lítio",,620,4,5.0,2480,10659.23,,1,0,4,Solar Kit Off-Grid
,,1,48,kits,Neosolar,NEO-27259,,,,"Kit de Energia Solar Off Grid c/ Inv-car - 2,5kWp 100Ah 48/220V Lítio",,620,4,5.0,2480,24612.14,,1,0,4,Solar Kit Off-Grid
,,1,12,kits,Neosolar,NEO-23699,,,1,Kit Energia Solar para Starlink - 06h/dia (até 640 Wh/dia) - Chumbo (23699),,160,160,25.6,25600,0,,1,1,160,Solar Kit Off-Grid
,,1,12,kits,Neosolar,NEO-25129,,,1,Kit Energia Solar para Starlink - 06h/dia (até 640 Wh/dia) - Chumbo (25129),,160,160,25.6,25600,2308.33,,1,1,160,Solar Kit Off-Grid
,,1,12,kits,Neosolar,NEO-23703,,,1,Kit Energia Solar para Starlink - 10h/dia (até 1.280 Wh/dia) - Chumbo (23703),,320,320,102.4,102400,0,,1,1,320,Solar Kit Off-Grid
,,4,48,kits,Neosolar,NEO-27266,,,,"Kit de Energia Solar Off Grid c/ Inv-car - 5,0kWp 100Ah 48/220V Lítio",,620,8,4.96,4960,27052.83,,4,0,8,Solar Kit Off-Grid
,,2,48,kits,Neosolar,NEO-27304,,,,"Kit de Energia Solar Off Grid c/ Inv-car - 3,7kWp 100Ah 48/220V Lítio",,620,6,7.0,3720,17905.56,,2,0,6,Solar Kit Off-Grid
,,4,48,kits,Neosolar,NEO-27298,,,,"Kit de Energia Solar Off Grid c/ Inv-car - 5,0kWp 100Ah 48/220V Lítio",,620,8,4.96,4960,33358.45,,4,0,8,Solar Kit Off-Grid
,,3,48,kits,Neosolar,NEO-27297,,,,"Kit de Energia Solar Off Grid c/ Inv-car - 5,0kWp 100Ah 48/220V Lítio",,620,8,4.96,4960,54731.22,,3,0,8,Solar Kit Off-Grid
,,3,48,kits,Neosolar,NEO-27305,,,,"Kit de Energia Solar Off Grid c/ Inv-car - 5,0kWp 100Ah 48/220V Lítio",,620,8,4.96,4960,24026.52,,3,0,8,Solar Kit Off-Grid
,,4,48,kits,Neosolar,NEO-27306,,,,"Kit de Energia Solar Off Grid c/ Inv-car - 5,0kWp 100Ah 48/220V Lítio",,,,0.0,0,28906.33,,4,0,0,Solar Kit Off-Grid
,,3,48,kits,Neosolar,NEO-27269,,,,"Kit de Energia Solar Off Grid c/ Inv-car - 5,0kWp 100Ah 48/220V Lítio",,620,8,4.96,4960,24308.27,,3,0,8,Solar Kit Off-Grid
,,2,48,kits,Neosolar,NEO-27268,,,,"Kit de Energia Solar Off Grid c/ Inv-car - 3,7kWp 100Ah 48/220V Lítio",,620,6,7.0,3720,18187.3,,2,0,6,Solar Kit Off-Grid
,,2,48,kits,Neosolar,NEO-27300,,,,"Kit de Energia Solar Off Grid c/ Inv-car - 3,7kWp 100Ah 48/220V Lítio",,620,6,7.0,3720,16837.93,,2,0,6,Solar Kit Off-Grid
,,4,48,kits,Neosolar,NEO-27302,,,,"Kit de Energia Solar Off Grid c/ Inv-car - 5,0kWp 100Ah 48/220V Lítio",,620,8,4.96,4960,26771.08,,4,0,8,Solar Kit Off-Grid
,,3,48,kits,Neosolar,NEO-27301,,,,"Kit de Energia Solar Off Grid c/ Inv-car - 5,0kWp 100Ah 48/220V Lítio",,620,8,4.96,4960,22425.08,,3,0,8,Solar Kit Off-Grid
,,2,48,kits,Neosolar,NEO-27296,,,,"Kit de Energia Solar Off Grid c/ Inv-car - 3,7kWp 100Ah 48/220V Lítio",,620,6,7.0,3720,40263.23,,2,0,6,Solar Kit Off-Grid
,,4,48,kits,Neosolar,NEO-27270,,,,"Kit de Energia Solar Off Grid c/ Inv-car - 5,0kWp 100Ah 48/220V Lítio",,620,8,4.96,4960,29188.08,,4,0,8,Solar Kit Off-Grid
,,2,48,kits,Neosolar,NEO-27260,,,,"Kit de Energia Solar Off Grid c/ Inv-car - 3,7kWp 100Ah 48/220V Lítio",,620,6,7.0,3720,40826.73,,2,0,6,Solar Kit Off-Grid
,,3,48,kits,Neosolar,NEO-27261,,,,"Kit de Energia Solar Off Grid c/ Inv-car - 5,0kWp 100Ah 48/220V Lítio",,620,8,4.96,4960,55294.7,,3,0,8,Solar Kit Off-Grid
,,2,48,kits,Neosolar,NEO-27264,,,,"Kit de Energia Solar Off Grid c/ Inv-car - 3,7kWp 100Ah 48/220V Lítio",,620,6,7.0,3720,17119.68,,2,0,6,Solar Kit Off-Grid
,,3,48,kits,Neosolar,NEO-27265,,,,"Kit de Energia Solar Off Grid c/ Inv-car - 5,0kWp 100Ah 48/220V Lítio",,620,8,4.96,4960,22706.82,,3,0,8,Solar Kit Off-Grid
,,4,48,kits,Neosolar,NEO-27262,,,,"Kit de Energia Solar Off Grid c/ Inv-car - 5,0kWp 100Ah 48/220V Lítio",,620,8,4.96,4960,33640.19,,4,0,8,Solar Kit Off-Grid
,,1,12,kits,Neosolar,NEO-26723,,,1,Kit Energia Solar Off Grid s/ Inversor - 160Wp 165Ah / 150Ah 12V Estacionária (26723),,160,1,0.16,160,1559.27,,1,1,1,Solar Kit Off-Grid
,,7,48,kits,Neosolar,NEO-26701,,,,"Kit de Energia Solar Off Grid c/ Inv-car - 6,2kWp 100Ah 24/220V Lítio (26701)",,620,10,2.0,6200,55013.66,,7,0,10,Solar Kit Off-Grid
,,1,12,kits,Neosolar,NEO-25132,,,1,Kit Energia Solar para Starlink - 10h/dia (até 1.280 Wh/dia) - Chumbo (25132),,320,320,102.4,102400,2858.35,,1,1,320,Solar Kit Off-Grid
,,1,12,kits,Neosolar,NEO-25044,,,1,Kit Energia Solar Off Grid - 60Wp 45Ah/12V (25044),,60,1,0.06,60,913.01,,1,1,1,Solar Kit Off-Grid
,,1,12,kits,Neosolar,NEO-25045,,,1,Kit Energia Solar Off Grid - 100Wp 45Ah/12V (25045),,100,1,0.1,100,928.98,,1,1,1,Solar Kit Off-Grid
,,1,12,kits,Neosolar,NEO-25043,,,1,Kit Energia Solar Off Grid - 30Wp 45Ah/12V (25043),,30,1,0.03,30,858.28,,1,1,1,Solar Kit Off-Grid
,,1,12,kits,Neosolar,NEO-25154,,,1,Kit Energia Solar Off Grid - 60Wp 45Ah/12V 600W/127V Ztroon,,60,1,0.06,60,1560.14,,1,1,1,Solar Kit Off-Grid
,,1,12,kits,Neosolar,NEO-25156,,,1,Kit Energia Solar Off Grid - 100Wp 45Ah/12V 600W/127V Ztroon,,100,1,0.1,100,1576.11,,1,1,1,Solar Kit Off-Grid
,,2,48,kits,Neosolar,NEO-26695,,,,"Kit de Energia Solar Off Grid c/ Inv-car - 3,7kWp 100Ah 24/220V Lítio (26695)",,620,6,7.0,3720,21466.24,,2,0,6,Solar Kit Off-Grid
,,1,48,kits,Neosolar,NEO-26694,,,,"Kit de Energia Solar Off Grid c/ Inv-car - 2,5kWp 100Ah 48/220V Lítio",,620,4,5.0,2480,14232.26,,1,0,4,Solar Kit Off-Grid
,,4,48,kits,Neosolar,NEO-26698,,,,"Kit de Energia Solar Off Grid c/ Inv-car - 3,7kWp 100Ah 24/220V Lítio (26698)",,620,6,7.0,3720,33679.53,,4,0,6,Solar Kit Off-Grid
,,5,48,kits,Neosolar,NEO-26699,,,,"Kit de Energia Solar Off Grid c/ Inv-car - 6,2kWp 100Ah 24/220V Lítio (26699)",,620,10,2.0,6200,42800.37,,5,0,10,Solar Kit Off-Grid
,,3,48,kits,Neosolar,NEO-26697,,,,"Kit de Energia Solar Off Grid c/ Inv-car - 3,1kWp 100Ah 24/220V Lítio (26697)",,620,5,1.0,3100,26838.52,,3,0,5,Solar Kit Off-Grid
,,2,48,kits,Neosolar,NEO-26696,,,,"Kit de Energia Solar Off Grid c/ Inv-car - 1,9kWp 100Ah 24/220V Lítio (26696)",,620,3,9.0,1860,19604.52,,2,0,3,Solar Kit Off-Grid
,,6,48,kits,Neosolar,NEO-26700,,,,"Kit de Energia Solar Off Grid c/ Inv-car - 6,2kWp 100Ah 24/220V Lítio (26700)",,620,10,2.0,6200,48793.21,,6,0,10,Solar Kit Off-Grid
,,2,12,kits,Neosolar,NEO-25053,,,1,Kit Energia Solar Off Grid - 680Wp 220Ah/24V (25053),,340,2,0.68,680,4633.58,,2,1,2,Solar Kit Off-Grid
,,1,48,kits,Neosolar,NEO-26968,,,,"Kit de Energia Solar Off Grid c/ Inv-car - 2,5kWp 100Ah 24/220V Lítio (26968)",,620,4,5.0,2480,0,,1,0,4,Solar Kit Off-Grid
,,7,48,kits,Neosolar,NEO-26991,,,,"Kit de Energia Solar Off Grid c/ Inv-car - 6,2kWp 100Ah 24/220V Lítio (26991)",,620,10,2.0,6200,0,,7,0,10,Solar Kit Off-Grid
,,7,48,kits,Neosolar,NEO-26975,,,,"Kit de Energia Solar Off Grid c/ Inv-car - 6,2kWp 100Ah 24/220V Lítio (26975)",,620,10,2.0,6200,0,,7,0,10,Solar Kit Off-Grid
,,1,48,kits,Neosolar,NEO-26984,,,,"Kit de Energia Solar Off Grid c/ Inv-car - 2,5kWp 100Ah 24/220V Lítio (26984)",,620,4,5.0,2480,0,,1,0,4,Solar Kit Off-Grid
,,3,48,kits,Neosolar,NEO-26971,,,,"Kit de Energia Solar Off Grid c/ Inv-car - 3,1kWp 100Ah 24/220V Lítio (26971)",,620,5,1.0,3100,0,,3,0,5,Solar Kit Off-Grid
,,4,48,kits,Neosolar,NEO-26972,,,,"Kit de Energia Solar Off Grid c/ Inv-car - 3,7kWp 100Ah 24/220V Lítio (26972)",,620,6,7.0,3720,0,,4,0,6,Solar Kit Off-Grid
,,2,48,kits,Neosolar,NEO-26969,,,,"Kit de Energia Solar Off Grid c/ Inv-car - 3,7kWp 100Ah 24/220V Lítio (26969)",,620,6,7.0,3720,0,,2,0,6,Solar Kit Off-Grid
,,2,48,kits,Neosolar,NEO-26970,,,,"Kit de Energia Solar Off Grid c/ Inv-car - 1,9kWp 100Ah 24/220V Lítio (26970)",,620,3,9.0,1860,0,,2,0,3,Solar Kit Off-Grid
,,4,48,kits,Neosolar,NEO-26988,,,,"Kit de Energia Solar Off Grid c/ Inv-car - 3,7kWp 100Ah 24/220V Lítio (26988)",,620,6,7.0,3720,0,,4,0,6,Solar Kit Off-Grid
,,3,48,kits,Neosolar,NEO-26987,,,,"Kit de Energia Solar Off Grid c/ Inv-car - 3,1kWp 100Ah 24/220V Lítio (26987)",,620,5,1.0,3100,0,,3,0,5,Solar Kit Off-Grid
,,2,48,kits,Neosolar,NEO-26986,,,,"Kit de Energia Solar Off Grid c/ Inv-car - 1,9kWp 100Ah 24/220V Lítio (26986)",,620,3,9.0,1860,0,,2,0,3,Solar Kit Off-Grid
,,2,48,kits,Neosolar,NEO-26985,,,,"Kit de Energia Solar Off Grid c/ Inv-car - 3,7kWp 100Ah 24/220V Lítio (26985)",,620,6,7.0,3720,0,,2,0,6,Solar Kit Off-Grid
,,8,12,kits,Neosolar,NEO-24435,,,,"Kit de Energia Solar Nobreak c/ Inv-car - 3,51kWp 440Ah 48/220V (24435)",,585,6,51.0,3510,0,,8,0,6,Solar Kit Off-Grid
,,14,12,kits,Neosolar,NEO-24767,,,,"Kit de Energia Solar Nobreak c/ Inv-car - 4,27kWp 220Ah 24/220V (24767)",,610,7,27.0,4270,0,,14,0,7,Solar Kit Off-Grid
,,2,12,kits,Neosolar,NEO-24763,,,,"Kit de Energia Solar Nobreak c/ Inv-car - 1,83kWp 220Ah 24/220V (24763)",,610,3,83.0,1830,0,,2,0,3,Solar Kit Off-Grid
,,8,12,kits,Neosolar,NEO-24765,,,,"Kit de Energia Solar Nobreak c/ Inv-car - 2,44kWp 220Ah 24/220V (24765)",,610,4,44.0,2440,0,,8,0,4,Solar Kit Off-Grid
,,1,6,kits,Neosolar,NEO-24773,,,,"Kit de Energia Solar Off Grid c/ Inv-car - 1,83kWp 100Ah 24/220V Lítio (24773)",,610,3,83.0,1830,0,,1,0,3,Solar Kit Off-Grid
,,2,12,kits,Neosolar,NEO-24764,,,,"Kit de Energia Solar Nobreak c/ Inv-car - 1,83kWp 220Ah 24/220V (24764)",,610,3,83.0,1830,0,,2,0,3,Solar Kit Off-Grid
,,4,48,kits,Neosolar,NEO-24444,,,,"Kit de Energia Solar Nobreak c/ Inv-car - 2,17kWp 220Ah 48/220V (24444)",,435,5,17.0,2175,0,,4,0,5,Solar Kit Off-Grid
,,,,kits,Neosolar,NEO-24044,,,,"Kit Energia Solar Híbrido Off-Grid UP6021 1,16kWp c/ Bateria de Chumbo (24044)",,0,16,16.0,1170,0,,0,0,18,Solar Kit Off-Grid
,,,,kits,Neosolar,NEO-24031,,,,"Kit Energia Solar Híbrido Off-Grid UP5042 4,06kWp c/ Bateria de Chumbo (24031)",,0,6,6.0,4095,0,,0,0,13,Solar Kit Off-Grid
,,,,kits,Neosolar,NEO-24052,,,,"Kit Nobreak Solar Híbrido Off-Grid UP8042 4,06kWp c/ Bateria de Lítio (24052)",,0,6,6.0,4095,0,,0,0,13,Solar Kit Off-Grid
,,,,kits,Neosolar,NEO-24046,,,,"Kit Nobreak Solar Híbrido Off-Grid UP8042 2,32 kWp c/ Bateria de Chumbo (24046)",,0,32,32.0,2340,0,,0,0,36,Solar Kit Off-Grid
,,,,kits,Neosolar,NEO-24055,,,,"Kit Nobreak Solar Híbrido Off-Grid UP8041 2,32 kWp c/ Bateria de Lítio (24055)",,0,32,32.0,2340,0,,0,0,36,Solar Kit Off-Grid
,,,,kits,Neosolar,NEO-24050,,,,"Kit Nobreak Solar Híbrido Off-Grid UP8042 4,09 kWp c/ Bateria de Chumbo (24050)",,0,5,9.0,4095,0,,0,0,12,Solar Kit Off-Grid
,,,,kits,Neosolar,NEO-24054,,,,"Kit Nobreak Solar Híbrido Off-Grid UP5042 2,32 kWp c/ Bateria de Chumbo (24054)",,0,32,32.0,2340,0,,0,0,36,Solar Kit Off-Grid
,,2,48,kits,Neosolar,NEO-22694,,,1,Kit Energia Solar Off Grid s/ Inversor - 2.32kWp 200Ah 48V Lítio (22694),,580,4,2.32,2320,0,,2,1,4,Solar Kit Off-Grid
,,1,12,kits,Neosolar,NEO-24119,,,1,Kit Energia Solar Off Grid s/ Inversor - 280Wp 220Ah 12V Chumbo (24119),,280,1,0.28,280,0,,1,1,1,Solar Kit Off-Grid
,,1,48,kits,Neosolar,NEO-24556,,,1,Kit Energia Solar Off Grid s/ Inversor - 1.17kWp 100Ah 48V Lítio (24556),,585,2,1.17,1170,0,,1,1,2,Solar Kit Off-Grid
,,2,48,kits,Neosolar,NEO-23939,,,1,Kit Energia Solar Off Grid s/ Inversor - 2.220Wp 100Ah 48V Lítio (23939),,555,4,0.22,2220,0,,2,1,4,Solar Kit Off-Grid
,,2,12,kits,Neosolar,NEO-23926,,,1,Kit Energia Solar Off Grid s/ Inversor - 480Wp 240Ah / 220Ah 12V Estacionária (23926),,160,3,0.48,480,0,,2,1,3,Solar Kit Off-Grid
,,2,12,kits,Neosolar,NEO-23932,,,1,Kit Energia Solar Off Grid s/ Inversor - 480Wp 240Ah / 220Ah 12V Estacionária (23932),,160,3,0.48,480,0,,2,1,3,Solar Kit Off-Grid
,,1,12,kits,Neosolar,NEO-24165,,,1,Kit Energia Solar Off Grid s/ Inversor - 320Wp 240Ah / 220Ah 12V Estacionária (23931),,160,2,0.32,320,0,,1,1,2,Solar Kit Off-Grid
,,4,12,kits,Neosolar,NEO-23936,,,1,Kit Energia Solar Off Grid s/ Inversor - 1.120Wp 240Ah / 220Ah 12V Estacionária (23936),,160,7,0.12,1120,0,,4,1,7,Solar Kit Off-Grid
,,2,48,kits,Neosolar,NEO-23938,,,1,Kit Energia Solar Off Grid s/ Inversor - 1.170Wp 105Ah 48V Lítio (23938),,585,2,0.17,1170,0,,2,1,2,Solar Kit Off-Grid
,,2,12,kits,Neosolar,NEO-22657,,,1,Kit Energia Solar Off Grid s/ Inversor - 330Wp 440Ah 12V Chumbo (22657),,330,1,0.33,330,0,,2,1,1,Solar Kit Off-Grid
,,1,12,kits,Neosolar,NEO-22656,,,1,Kit Energia Solar Off Grid s/ Inversor - 330Wp 220Ah 12V Chumbo (22656),,330,1,0.33,330,0,,1,1,1,Solar Kit Off-Grid
,,4,12,kits,Neosolar,NEO-22654,,,1,Kit Energia Solar Off Grid s/ Inversor - 560Wp 440Ah 24V Chumbo (22654),,280,2,0.56,560,0,,4,1,2,Solar Kit Off-Grid
,,2,12,kits,Neosolar,NEO-22653,,,1,Kit Energia Solar Off Grid s/ Inversor - 560Wp 220Ah 24V Chumbo (22653),,280,2,0.56,560,0,,2,1,2,Solar Kit Off-Grid
,,1,12,kits,Neosolar,NEO-22649,,,1,Kit Energia Solar Off Grid s/ Inversor - 280Wp 220Ah 12V Chumbo (22649),,280,1,0.28,280,0,,1,1,1,Solar Kit Off-Grid
,,4,12,kits,Neosolar,NEO-22631,,,1,Kit Energia Solar Off Grid s/ Inversor - 660Wp 300Ah 24V Chumbo (22631),,330,2,0.66,660,0,,4,1,2,Solar Kit Off-Grid
,,6,12,kits,Neosolar,NEO-22668,,,1,Kit Energia Solar Off Grid s/ Inversor - 1.12kWp 660Ah 24V Chumbo (22668),,280,4,1.12,1120,0,,6,1,4,Solar Kit Off-Grid
,,2,12,kits,Neosolar,NEO-22629,,,1,Kit Energia Solar Off Grid s/ Inversor - 330Wp 150Ah 24V Chumbo (22629),,330,1,0.33,330,0,,2,1,1,Solar Kit Off-Grid
,,6,48,kits,Neosolar,NEO-24551,,,,"Kit de Energia Solar Off Grid c/ Inv-car - 5,85kWp 600Ah 48/220V Lítio (24551)",,585,10,85.0,5850,0,,6,0,10,Solar Kit Off-Grid
,,4,48,kits,Neosolar,NEO-24553,,,,"Kit de Energia Solar Off Grid c/ Inv-car - 3,48kWp 400Ah 48/220V Lítio",,435,8,48.0,3480,0,,4,0,8,Solar Kit Off-Grid
,,8,48,kits,Neosolar,NEO-24615,,,,"Kit de Energia Solar Nobreak c/ Inv-car - 3,05kWp 440Ah 48/220V (24615)",,435,7,5.0,3045,0,,8,0,7,Solar Kit Off-Grid
,,2,48,kits,Neosolar,NEO-24549,,,,"Kit de Energia Solar Nobreak c/ Inv-car - 3,51kWp 200Ah 48/220V Lítio",,585,6,51.0,3510,0,,2,0,6,Solar Kit Off-Grid
,,12,12,kits,Neosolar,NEO-24758,,,,"Kit de Energia Solar Nobreak c/ Inv-car - 3,05kWp 220Ah 48/220V (24758)",,610,5,5.0,3050,0,,12,0,5,Solar Kit Off-Grid
,,4,12,kits,Neosolar,NEO-24756,,,,"Kit de Energia Solar Nobreak c/ Inv-car - 2,44kWp 220Ah 48/220V (24756)",,610,4,44.0,2440,0,,4,0,4,Solar Kit Off-Grid
,,4,12,kits,Neosolar,NEO-24757,,,,"Kit de Energia Solar Nobreak c/ Inv-car - 2,44kWp 220Ah 48/220V (24757)",,610,4,44.0,2440,0,,4,0,4,Solar Kit Off-Grid
,,1,48,kits,Neosolar,NEO-24760,,,,"Kit de Energia Solar Off Grid c/ Inv-car - 2,44kWp 100Ah 48/220V Lítio (24760)",,610,4,44.0,2440,0,,1,0,4,Solar Kit Off-Grid
,,12,48,kits,Neosolar,NEO-24448,,,,"Kit de Energia Solar Off Grid c/ Inversor Carregador - 2,61kWp 660Ah 48/220V (24448)",,435,6,61.0,2610,0,,12,0,6,Solar Kit Off-Grid
,,8,48,kits,Neosolar,NEO-24445,,,,"Kit de Energia Solar Nobreak c/ Inversor Carregador - 3,48kWp 440Ah 48/220V (24445)",,435,8,48.0,3480,0,,8,0,8,Solar Kit Off-Grid
,,8,12,kits,Neosolar,NEO-24436,,,,"Kit de Energia Solar Nobreak c/ Inv-car - 3,51kWp 440Ah 48/220V (24436)",,585,6,51.0,3510,0,,8,0,6,Solar Kit Off-Grid
,,12,12,kits,Neosolar,NEO-24437,,,,"Kit de Energia Solar Off Grid c/ Inv-car - 2,93kWp 660Ah 48/220V (24437)",,585,5,93.0,2925,0,,12,0,5,Solar Kit Off-Grid
,,,,kits,Neosolar,NEO-24057,,,,"Kit Nobreak Solar Híbrido Off-Grid UP6021 1,16kWp c/ Bateria de Chumbo (24057)",,0,17,16.0,1170,0,,0,0,19,Solar Kit Off-Grid
,,,,kits,Neosolar,NEO-24043,,,,"Kit Energia Solar Híbrido Off-Grid UP8042 2,90kWp c/ Bateria de Chumbo (24043)",,0,90,90.0,2925,0,,0,0,95,Solar Kit Off-Grid
,,,,kits,Neosolar,NEO-24041,,,,"Kit Energia Solar Híbrido Off-Grid UP8041 2,32kWp 15kWh c/ Bateria de Lítio (24041)",,0,32,32.0,2340,0,,0,0,36,Solar Kit Off-Grid
,,,,kits,Neosolar,NEO-24058,,,,"Kit Nobreak Solar Híbrido Off-Grid UP8042 4,09kWp c/ Bateria de Lítio (24058)",,0,6,9.0,4095,0,,0,0,13,Solar Kit Off-Grid
,,4,12,kits,Neosolar,NEO-22680,,,1,Kit Energia Solar Off Grid s/ Inversor - 1.16kWp 440Ah 24V Chumbo (22680),,580,2,1.16,1160,0,,4,1,2,Solar Kit Off-Grid
,,6,12,kits,Neosolar,NEO-22681,,,1,Kit Energia Solar Off Grid s/ Inversor - 1.16kWp 660Ah 24V Chumbo (22681),,580,2,1.16,1160,0,,6,1,2,Solar Kit Off-Grid
,,2,12,kits,Neosolar,NEO-22672,,,1,Kit Energia Solar Off Grid s/ Inversor - 660Wp 220Ah 24V Chumbo (22672),,330,2,0.66,660,0,,2,1,2,Solar Kit Off-Grid
,,2,12,kits,Neosolar,NEO-22660,,,1,Kit Energia Solar Off Grid s/ Inversor - 330Wp 200Ah 12V Lítio (22660),,330,1,0.33,330,0,,2,1,1,Solar Kit Off-Grid
,,,,kits,Neosolar,NEO-20208,,,2,Kit Energia Solar Off Grid c/ Bateria 660Wp - até 2495Wh/dia,,,,0.66,0,0,,0,2,0,Solar Kit Off-Grid
,,,,kits,Neosolar,NEO-21093,,,,Kit Energia Solar Off Grid c/ Bateria 990Wp - até 3119Wh/dia,,,,0.99,0,0,,0,0,0,Solar Kit Off-Grid
,,,,kits,Neosolar,NEO-21822,,,,Kit Energia Solar Off Grid c/ Bateria 155Wp - até 488Wh/dia,,,,0.15,0,0,,0,0,0,Solar Kit Off-Grid
,,1,6,kits,Neosolar,NEO-25175,,,1,Kit Energia Solar Off Grid - 610Wp 100Ah/24V Lítio 2000W/220V Ztroon,,610,1,0.61,610,0,,1,1,1,Solar Kit Off-Grid
,,1,6,kits,Neosolar,NEO-25174,,,1,Kit Energia Solar Off Grid - 610Wp 100Ah/24V Lítio 2000W/127V Ztroon,,610,1,0.61,610,0,,1,1,1,Solar Kit Off-Grid
,,,,kits,Neosolar,NEO-23471,,,,"Kit Energia Solar Híbrido Off-Grid UP5042 4,09kWp c/ Bateria de Chumbo",,0,9,9.0,4095,0,,0,0,16,Solar Kit Off-Grid
,,4,48,kits,Neosolar,NEO-24810,,,,"Kit de Energia Solar Off Grid c/ Inv-car - 3,48kWp 400Ah 48/220V Litio (24810)",,435,8,48.0,3480,0,,4,0,8,Solar Kit Off-Grid
,,5,48,kits,Neosolar,NEO-24554,,,,"Kit de Energia Solar Off Grid c/ Inv-car - 5,22kWp 500Ah 48/220V Lítio",,435,12,22.0,5220,0,,5,0,12,Solar Kit Off-Grid
,,,,kits,Neosolar,NEO-24049,,,,"Kit Nobreak Solar Híbrido Off-Grid UP5042 4,06kWp c/ Bateria de Lítio (24049)",,0,32,6.0,4095,0,,0,0,39,Solar Kit Off-Grid
,,,,kits,Neosolar,NEO-24032,,,,"Kit Energia Solar Híbrido Off-Grid UP5042 4,06kWp 20kWh c/ Bateria de Lítio",,0,6,6.0,4095,0,,0,0,13,Solar Kit Off-Grid
,,,,kits,Neosolar,NEO-24047,,,,"Kit Nobreak Solar Híbrido Off-Grid UP8041 3,48 kWp c/ Bateria de Lítio (24047)",,0,48,48.0,3510,0,,0,0,54,Solar Kit Off-Grid
,,1,6,kits,Neosolar,NEO-25177,,,1,Kit Energia Solar Off Grid - 610Wp 100Ah/24V Lítio 2000W/220V Epever,,610,1,0.61,610,7048.45,,1,1,1,Solar Kit Off-Grid
,,1,6,kits,Neosolar,NEO-25172,,,1,Kit Energia Solar Off Grid - 610Wp 100Ah/24V Lítio 1000W/127V Ztroon,,610,1,0.61,610,0,,1,1,1,Solar Kit Off-Grid
,,1,6,kits,Neosolar,NEO-25173,,,1,Kit Energia Solar Off Grid - 610Wp 100Ah/24V Lítio 1000W/220V Ztroon,,610,1,0.61,610,0,,1,1,1,Solar Kit Off-Grid
,,,,kits,Neosolar,NEO-24039,,,,"Kit Energia Solar Híbrido Off-Grid UP5042 2,32kWp 10kWh c/ Bateria de Lítio (24039)",,0,32,32.0,2340,0,,0,0,36,Solar Kit Off-Grid
,,8,48,kits,Neosolar,NEO-24616,,,,"Kit de Energia Solar Nobreak c/ Inv-car - 3,05kWp 440Ah 48/220V (24616)",,435,7,5.0,3045,0,,8,0,7,Solar Kit Off-Grid
,,4,48,kits,Neosolar,NEO-24614,,,,"Kit de Energia Solar Nobreak c/ Inv-car - 1,74kWp 220Ah 48/220V (24614)",,435,4,74.0,1740,0,,4,0,4,Solar Kit Off-Grid
,,1,48,kits,Neosolar,NEO-24617,,,,"Kit de Energia Solar Nobreak c/ Inv-car - 1,74kWp 100Ah 48/220V Lítio",,435,4,74.0,1740,0,,1,0,4,Solar Kit Off-Grid
,,4,48,kits,Neosolar,NEO-24613,,,,"Kit de Energia Solar Nobreak c/ Inv-car - 1,74kWp 220Ah 48/220V (24613)",,435,4,74.0,1740,0,,4,0,4,Solar Kit Off-Grid
,,8,12,kits,Neosolar,NEO-24622,,,,"Kit de Energia Solar Off Grid c/ Inv-car - 2,61kWp 880Ah 24/220V",,435,6,61.0,2610,0,,8,0,6,Solar Kit Off-Grid
,,12,12,kits,Neosolar,NEO-24438,,,,"Kit de Energia Solar Off Grid c/ Inv-car - 2,93kWp 660Ah 48/220V (24438)",,585,5,93.0,2925,0,,12,0,5,Solar Kit Off-Grid
,,,,kits,Neosolar,NEO-24045,,,,"Kit Nobreak Solar Híbrido Off-Grid UP5042 2,34kWp c/ Bateria de Lítio (24045)",,0,32,34.0,2340,0,,0,0,36,Solar Kit Off-Grid
,,,,kits,Neosolar,NEO-23489,,,,"Kit Nobreak Solar Híbrido Off-Grid UP8042 4,09 kWp c/ Bateria de Chumbo",,0,9,9.0,4095,0,,0,0,16,Solar Kit Off-Grid
,,,,kits,Neosolar,NEO-23472,,,,"Kit Energia Solar Híbrido Off-Grid UP5042 4,09kWp 20kWh c/ Bateria de Lítio",,0,9,9.0,4095,0,,0,0,16,Solar Kit Off-Grid
,,,,kits,Neosolar,NEO-21749,,,,"Kit Nobreak Solar Híbrido Off-Grid UP6021 1,84kWp c/ Bateria de Chumbo",,0,84,84.0,1840,0,,0,0,88,Solar Kit Off-Grid
,,2,48,kits,Neosolar,NEO-25200,,,1,"Kit Energia Solar Off Grid - 2,44kWp 105Ah/48V Lítio 2000W/127V Epever",,610,4,44.0,2440,0,,2,1,4,Solar Kit Off-Grid
,,2,48,kits,Neosolar,NEO-25201,,,1,"Kit Energia Solar Off Grid - 2,44kWp 105Ah/48V Lítio 2000W/220V Epever",,610,4,44.0,2440,0,,2,1,4,Solar Kit Off-Grid
,,1,48,kits,Neosolar,NEO-25197,,,1,"Kit Energia Solar Off Grid - 1,22kWp 105Ah/48V Lítio 2000W/220V Epever",,610,2,22.0,1220,0,,1,1,2,Solar Kit Off-Grid
,,1,48,kits,Neosolar,NEO-25196,,,1,"Kit Energia Solar Off Grid - 1,22kWp 105Ah/48V Lítio 2000W/127V Epever",,610,2,22.0,1220,0,,1,1,2,Solar Kit Off-Grid
,,1,12,kits,Neosolar,NEO-25046,,,1,Kit Energia Solar Off Grid - 160Wp 105Ah/12V (25046),,160,1,0.16,160,1423.43,,1,1,1,Solar Kit Off-Grid
,,2,48,kits,Neosolar,NEO-22691,,,1,Kit Energia Solar Off Grid s/ Inversor - 1.38kWp 200Ah 48V Lítio (22691),,460,3,1.38,1380,0,,2,1,3,Solar Kit Off-Grid
,,1,48,kits,Neosolar,NEO-22690,,,1,Kit Energia Solar Off Grid s/ Inversor - 1.38kWp 100Ah 48V Lítio (22690),,460,3,1.38,1380,0,,1,1,3,Solar Kit Off-Grid
,,8,12,kits,Neosolar,NEO-22675,,,1,Kit Energia Solar Off Grid s/ Inversor - 1.38kWp 440Ah 48V Chumbo (22675),,460,3,1.38,1380,0,,8,1,3,Solar Kit Off-Grid
,,2,12,kits,Neosolar,NEO-22671,,,1,Kit Energia Solar Off Grid s/ Inversor - 330Wp 440Ah 12V Chumbo (22671),,330,1,0.33,330,0,,2,1,1,Solar Kit Off-Grid
,,3,48,kits,Neosolar,NEO-22689,,,1,Kit Energia Solar Off Grid s/ Inversor - 2.32kWp 300Ah 48V Lítio (22689),,580,4,2.32,2320,0,,3,1,4,Solar Kit Off-Grid
,,2,48,kits,Neosolar,NEO-22685,,,1,Kit Energia Solar Off Grid s/ Inversor - 1.38kWp 200Ah 48V Lítio (22685),,460,3,1.38,1380,0,,2,1,3,Solar Kit Off-Grid
,,1,48,kits,Neosolar,NEO-22684,,,1,Kit Energia Solar Off Grid s/ Inversor - 1.38kWp 100Ah 48V Lítio (22684),,460,3,1.38,1380,0,,1,1,3,Solar Kit Off-Grid
,,1,48,kits,Neosolar,NEO-22692,,,1,Kit Energia Solar Off Grid s/ Inversor - 1.16kWp 100Ah 48V Lítio (22692),,580,2,1.16,1160,0,,1,1,2,Solar Kit Off-Grid
,,8,12,kits,Neosolar,NEO-22677,,,1,Kit Energia Solar Off Grid s/ Inversor - 1.16kWp 440Ah 48V Chumbo (22677),,580,2,1.16,1160,0,,8,1,2,Solar Kit Off-Grid
,,4,12,kits,Neosolar,NEO-22676,,,1,Kit Energia Solar Off Grid s/ Inversor - 1.16kWp 220Ah 48V Chumbo (22676),,580,2,1.16,1160,0,,4,1,2,Solar Kit Off-Grid
,,3,12,kits,Neosolar,NEO-22679,,,1,Kit Energia Solar Off Grid s/ Inversor - 580Wp 660Ah 12V Chumbo (22679),,580,1,0.58,580,0,,3,1,1,Solar Kit Off-Grid
,,2,12,kits,Neosolar,NEO-22663,,,1,Kit Energia Solar Off Grid s/ Inversor - 580Wp 440Ah 12V Chumbo (22663),,580,1,0.58,580,0,,2,1,1,Solar Kit Off-Grid
,,4,12,kits,Neosolar,NEO-26689,,,,"Kit de Energia Solar c/ Inv-car - 2,48kWp 220Ah 48/220V",,620,4,48.0,2480,14734.01,,4,0,4,Solar Kit Off-Grid
,,16,12,kits,Neosolar,NEO-26693,,,,"Kit de Energia Solar c/ Inv-car - 3,72kWp 220Ah 48/220V",,620,6,72.0,3720,35458.96,,16,0,6,Solar Kit Off-Grid
,,12,12,kits,Neosolar,NEO-26692,,,,"Kit de Energia Solar c/ Inv-car - 3,10kWp 220Ah 48/220V",,620,5,10.0,3100,28343.79,,12,0,5,Solar Kit Off-Grid
,,8,12,kits,Neosolar,NEO-26690,,,,"Kit de Energia Solar c/ Inv-car - 3,72kWp 220Ah 48/220V",,620,6,72.0,3720,22469.76,,8,0,6,Solar Kit Off-Grid
,,8,12,kits,Neosolar,NEO-26691,,,,"Kit de Energia Solar c/ Inv-car - 1,86kWp 220Ah 48/220V",,620,3,86.0,1860,20608.04,,8,0,3,Solar Kit Off-Grid
,,6,48,kits,Neosolar,NEO-26990,,,,"Kit de Energia Solar Off Grid c/ Inv-car - 6,2kWp 100Ah 24/220V Lítio (26990)",,620,10,2.0,6200,0,,6,0,10,Solar Kit Off-Grid
,,5,48,kits,Neosolar,NEO-26989,,,,"Kit de Energia Solar Off Grid c/ Inv-car - 6,2kWp 100Ah 24/220V Lítio (26989)",,620,10,2.0,6200,0,,5,0,10,Solar Kit Off-Grid
,,6,48,kits,Neosolar,NEO-26974,,,,"Kit de Energia Solar Off Grid c/ Inv-car - 6,2kWp 100Ah 24/220V Lítio (26974)",,620,10,2.0,6200,0,,6,0,10,Solar Kit Off-Grid
,,5,48,kits,Neosolar,NEO-26973,,,,"Kit de Energia Solar Off Grid c/ Inv-car - 6,2kWp 100Ah 24/220V Lítio (26973)",,620,10,2.0,6200,0,,5,0,10,Solar Kit Off-Grid
,,,,kits,Neosolar,NEO-21888,,,3,Kit Energia Solar Fotovoltaica 990Wp MPPT 24Vcc - até 3859Wh/dia,,,,0.99,0,0,,0,3,0,Solar Kit Grid-Tie
,,,,kits,Neosolar,NEO-21887,,,3,Kit Energia Solar Fotovoltaica 990Wp 24Vcc - até 3216Wh/dia,,,,0.99,0,0,,0,3,0,Solar Kit Grid-Tie
,,,,kits,Neosolar,NEO-21884,,,3,Kit Energia Solar Fotovoltaica 840Wp - até 3216Wh/dia,,,,0.84,0,0,,0,3,0,Solar Kit Grid-Tie
,,1,12,kits,Neosolar,NEO-23700,,,1,Kit Energia Solar para Starlink - 06h/dia (até 640 Wh/dia) - Chumbo (23700),,160,160,25.6,25600,0,,1,1,160,Solar Kit Off-Grid
,,1,12,kits,Neosolar,NEO-23704,,,1,Kit Energia Solar para Starlink - 10h/dia (até 1.280 Wh/dia) - Chumbo (23704),,320,320,102.4,102400,0,,1,1,320,Solar Kit Off-Grid
,,,,kits,Neosolar,NEO-21883,,,5,Kit Energia Solar Fotovoltaica 775Wp - até 2436Wh/dia,,,,0.78,0,0,,0,5,0,Solar Kit Grid-Tie
,,,,kits,Neosolar,NEO-21882,,,2,Kit Energia Solar Fotovoltaica 660Wp MPPT 24Vcc - até 2572Wh/dia,,,,0.66,0,0,,0,2,0,Solar Kit Grid-Tie
,,,,kits,Neosolar,NEO-21881,,,2,Kit Energia Solar Fotovoltaica 660Wp 24Vcc - até 2144Wh/dia,,,,0.66,0,0,,0,2,0,Solar Kit Grid-Tie
,,,,kits,Neosolar,NEO-21880,,,4,Kit Energia Solar Fotovoltaica 620Wp - até 1949Wh/dia,,,,0.62,0,0,,0,4,0,Solar Kit Grid-Tie
,,,,kits,Neosolar,NEO-21892,,,4,Kit Energia Solar Fotovoltaica 1.320Wp 48Vcc - até 4.080 Wh/dia,,,,0.32,0,0,,0,4,0,Solar Kit Grid-Tie
,,,,kits,Neosolar,NEO-21890,,,4,Kit Energia Solar Fotovoltaica 1120Wp - até 3.332Wh/dia,,,,1.12,0,0,,0,4,0,Solar Kit Grid-Tie
,,,,kits,Neosolar,NEO-21869,,,1,Kit Energia Solar Fotovoltaica 100Wp - até 292Wh/dia,,,,0.1,0,0,,0,1,0,Solar Kit Grid-Tie
,,,,kits,Neosolar,NEO-21878,,,2,Kit Energia Solar Fotovoltaica 560Wp 24Vcc - até 2144Wh/dia,,,,0.56,0,0,,0,2,0,Solar Kit Grid-Tie
,,,,kits,Neosolar,NEO-21877,,,3,Kit Energia Solar Fotovoltaica 465Wp - até 1462Wh/dia,,,,0.47,0,0,,0,3,0,Solar Kit Grid-Tie
,,,,kits,Neosolar,NEO-21876,,,1,Kit Energia Solar Fotovoltaico 330Wp MPPT 24Vcc - até 1286Wh/dia,,,,0.33,0,0,,0,1,0,Solar Kit Grid-Tie
,,,,kits,Neosolar,NEO-21875,,,1,Kit Energia Solar Fotovoltaica 330Wp 24Vcc - até 1072Wh/dia,,,,0.33,0,0,,0,1,0,Solar Kit Grid-Tie
,,,,kits,Neosolar,NEO-21873,,,2,Kit Energia Solar Fotovoltaica 310Wp - até 974Wh/dia,,,,0.31,0,0,,0,2,0,Solar Kit Grid-Tie
,,,,kits,Neosolar,NEO-21872,,,1,Kit Energia Solar Fotovoltaica 280Wp - até 1.072Wh/dia,,,,0.28,0,0,,0,1,0,Solar Kit Grid-Tie
,,,,kits,Neosolar,NEO-21871,,,1,Kit Energia Solar Fotovoltaica 155Wp - até 487Wh/dia,,,,0.15,0,0,,0,1,0,Solar Kit Grid-Tie
,,1,12,kits,Neosolar,NEO-23701,,,1,Kit Energia Solar para Starlink - 06h/dia (até 800 Wh/dia) - Chumbo (23701),,200,200,40.0,40000,2479.12,,1,1,200,Solar Kit Off-Grid
,,1,12,kits,Neosolar,NEO-23705,,,1,Kit Energia Solar para Starlink - 10h/dia (até 1.600 Wh/dia) - Chumbo (23705),,400,400,160.0,160000,3095.07,,1,1,400,Solar Kit Off-Grid
,,1,12,kits,Neosolar,NEO-23702,,,1,Kit Energia Solar para Starlink - 06h/dia (até 800 Wh/dia) - Chumbo (23702),,200,200,40.0,40000,2535.66,,1,1,200,Solar Kit Off-Grid
,,1,12,kits,Neosolar,NEO-23706,,,1,Kit Energia Solar para Starlink - 10h/dia (até 1.600 Wh/dia) - Chumbo (23706),,400,400,160.0,160000,3124.74,,1,1,400,Solar Kit Off-Grid
,,1,12,kits,Neosolar,NEO-25157,,,1,Kit Energia Solar Off Grid - 100Wp 45Ah/12V 600W/220V Ztroon,,100,1,0.1,100,1645.23,,1,1,1,Solar Kit Off-Grid
,,1,12,kits,Neosolar,NEO-25155,,,1,Kit Energia Solar Off Grid - 60Wp 45Ah/12V 600W/220V Ztroon,,60,1,0.06,60,1629.26,,1,1,1,Solar Kit Off-Grid
,,1,12,kits,Neosolar,NEO-25159,,,1,Kit Energia Solar Off Grid - 160Wp 105Ah/12V 600W/220V Ztroon,,160,1,0.16,160,2135.52,,1,1,1,Solar Kit Off-Grid
,,1,12,kits,Neosolar,NEO-25161,,,1,Kit Energia Solar Off Grid - 320Wp 150Ah/12V 600W/220V Ztroon,,160,2,0.32,320,2877.28,,1,1,2,Solar Kit Off-Grid
,,4,12,kits,Neosolar,NEO-27255,,,,"Kit de Energia Solar Off Grid c/ Inv-car - 2,5kWp 220Ah 24/220V Chumbo-Carbono",,620,4,5.0,2480,25615.66,,4,0,4,Solar Kit Off-Grid
,,8,12,kits,Neosolar,NEO-27256,,,,"Kit de Energia Solar Off Grid c/ Inv-car - 3,7kWp 220Ah 24/220V Chumbo-Carbono",,620,6,7.0,3720,42833.75,,8,0,6,Solar Kit Off-Grid
,,12,12,kits,Neosolar,NEO-27257,,,,"Kit de Energia Solar Off Grid c/ Inv-car - 5,0kWp 220Ah 24/220V Chumbo-Carbono",,620,8,4.96,4960,58305.25,,12,0,8,Solar Kit Off-Grid
,,12,12,kits,Neosolar,NEO-27258,,,,Kit de Energia Solar Off Grid c/ Inv-car - 5kWp 220Ah 24/220V Chumbo-Carbono,,620,8,5.0,4960,35647.23,,12,0,8,Solar Kit Off-Grid
,,8,12,kits,Neosolar,NEO-27292,,,,"Kit de Energia Solar Off Grid c/ Inv-car - 3,7kWp 220Ah 24/220V Chumbo-Carbono",,620,6,7.0,3720,42270.27,,8,0,6,Solar Kit Off-Grid
,,4,12,kits,Neosolar,NEO-27291,,,,"Kit de Energia Solar Off Grid c/ Inv-car - 2,5kWp 220Ah 24/220V Chumbo-Carbono",,620,4,5.0,2480,25052.16,,4,0,4,Solar Kit Off-Grid
,,12,12,kits,Neosolar,NEO-27293,,,,"Kit de Energia Solar Off Grid c/ Inv-car - 5,0kWp 220Ah 24/220V Chumbo-Carbono",,620,8,4.96,4960,57741.76,,12,0,8,Solar Kit Off-Grid
,,16,12,kits,Neosolar,NEO-27294,,,,"Kit de Energia Solar Off Grid c/ Inv-car - 5,0kWp 220Ah 24/220V Chumbo-Carbono",,620,8,4.96,4960,35365.48,,16,0,8,Solar Kit Off-Grid
,,8,12,kits,Neosolar,NEO-22682,,,1,Kit Energia Solar Off Grid s/ Inversor - 2.32kWp 440Ah 48V Chumbo (22682),,580,4,2.32,2320,0,,8,1,4,Solar Kit Off-Grid
,,1,12,kits,Neosolar,NEO-24547,,,1,Kit Energia Solar Off Grid s/ Inversor - 280Wp 220Ah 12V Chumbo (24119),,280,1,0.28,280,0,,1,1,1,Solar Kit Off-Grid
,,2,48,kits,Neosolar,NEO-24557,,,1,Kit Energia Solar Off Grid s/ Inversor - 1.17kWp 100Ah 48V Lítio (24557),,585,2,1.17,1170,0,,2,1,2,Solar Kit Off-Grid
,,3,48,kits,Neosolar,NEO-23940,,,1,Kit Energia Solar Off Grid s/ Inversor - 2.220Wp 100Ah 48V Lítio (23940),,555,4,0.22,2220,0,,3,1,4,Solar Kit Off-Grid
,,1,48,kits,Neosolar,NEO-23937,,,1,Kit Energia Solar Off Grid s/ Inversor - 1.170Wp 105Ah 48V Lítio (23937),,585,2,0.17,1170,0,,1,1,2,Solar Kit Off-Grid
,,1,12,kits,Neosolar,NEO-23924,,,1,Kit Energia Solar Off Grid s/ Inversor - 160Wp 165Ah / 150Ah 12V Estacionária (23924),,160,1,0.16,160,0,,1,1,1,Solar Kit Off-Grid
,,1,12,kits,Neosolar,NEO-23930,,,1,Kit Energia Solar Off Grid s/ Inversor - 160Wp 165/150Ah 12V Estacionária (23930),,160,1,0.16,160,0,,1,1,1,Solar Kit Off-Grid
,,2,12,kits,Neosolar,NEO-23933,,,1,Kit Energia Solar Off Grid s/ Inversor - 640Wp 240Ah / 220Ah 12V Estacionária (23933),,160,4,0.64,640,0,,2,1,4,Solar Kit Off-Grid
,,1,12,kits,Neosolar,NEO-23923,,,1,Kit Energia Solar Off Grid s/ Inversor - 100Wp 115/105Ah 12V Estacionária (23923),,100,1,0.1,100,0,,1,1,1,Solar Kit Off-Grid
,,1,12,kits,Neosolar,NEO-23921,,,1,Kit Energia Solar Off Grid s/ Inversor - 30Wp 115/105h 12V Estacionária (23921),,30,1,0.03,30,0,,1,1,1,Solar Kit Off-Grid
,,4,12,kits,Neosolar,NEO-22634,,,1,Kit Energia Solar Off Grid s/ Inversor - 990Wp 440Ah 24V Chumbo (22634),,330,3,0.99,990,0,,4,1,3,Solar Kit Off-Grid
,,1,12,kits,Neosolar,NEO-22630,,,1,Kit Energia Solar Off Grid s/ Inversor - 310Wp 220Ah 12V Chumbo (22630),,155,2,0.31,310,0,,1,1,2,Solar Kit Off-Grid
,,4,12,kits,Neosolar,NEO-22638,,,1,Kit Energia Solar Off Grid s/ Inversor - 660Wp 300Ah 24V Chumbo (22638),,330,2,0.66,660,0,,4,1,2,Solar Kit Off-Grid
,,,,kits,Neosolar,NEO-21436,,,,Kit Energia Solar Off Grid c/ Bateria 330Wp - até 1.113Wh/dia,,,,0.33,0,0,,0,0,0,Solar Kit Off-Grid
,,,,kits,Neosolar,NEO-21095,,,,Kit Energia Solar Off Grid c/ Bateria 465Wp - até 1465Wh/dia,,,,0.47,0,0,,0,0,0,Solar Kit Off-Grid
,,,,kits,Neosolar,NEO-21773,,,,Kit Energia Solar Off Grid c/ Bateria 465Wp - até 1465Wh/dia,,,,0.47,0,0,,0,0,0,Solar Kit Off-Grid
,,,,kits,Neosolar,NEO-21487,,,,Kit Energia Solar Off Grid c/ Bateria 310Wp - até 977Wh/dia,,,,0.31,0,0,,0,0,0,Solar Kit Off-Grid
,,,,kits,Neosolar,NEO-21488,,,,Kit Energia Solar Off Grid c/ Bateria 155Wp - até 488Wh/dia,,,,0.15,0,0,,0,0,0,Solar Kit Off-Grid
,,,,kits,Neosolar,NEO-21779,,,,Kit Energia Solar Off Grid c/ Bateria 155Wp - até 488Wh/dia,,,,0.15,0,0,,0,0,0,Solar Kit Off-Grid
,,1,6,kits,Neosolar,NEO-24624,,,,"Kit de Energia Solar Nobreak c/ Inv-car - 1,74kWp 100Ah 24/220V Lítio (24624)",,435,4,74.0,1740,0,,1,0,4,Solar Kit Off-Grid
,,2,12,kits,Neosolar,NEO-24620,,,,"Kit de Energia Solar Nobreak c/ Inv-car - 1,74kWp 220Ah 24/220V (24620)",,435,4,74.0,1740,0,,2,0,4,Solar Kit Off-Grid
,,4,48,kits,Neosolar,NEO-24443,,,,"Kit de Energia Solar Nobreak c/ Inv-car - 2,17kWp 220Ah 48/220V (24443)",,435,5,17.0,2175,0,,4,0,5,Solar Kit Off-Grid
,,8,12,kits,Neosolar,NEO-24435,,,,"Kit de Energia Solar Nobreak c/ Inv-car - 3,51kWp 440Ah 48/220V (24435)",,585,6,51.0,3510,0,,8,0,6,Solar Kit Off-Grid
,,14,12,kits,Neosolar,NEO-24767,,,,"Kit de Energia Solar Nobreak c/ Inv-car - 4,27kWp 220Ah 24/220V (24767)",,610,7,27.0,4270,0,,14,0,7,Solar Kit Off-Grid
,,2,12,kits,Neosolar,NEO-24763,,,,"Kit de Energia Solar Nobreak c/ Inv-car - 1,83kWp 220Ah 24/220V (24763)",,610,3,83.0,1830,0,,2,0,3,Solar Kit Off-Grid
,,8,12,kits,Neosolar,NEO-24765,,,,"Kit de Energia Solar Nobreak c/ Inv-car - 2,44kWp 220Ah 24/220V (24765)",,610,4,44.0,2440,0,,8,0,4,Solar Kit Off-Grid
,,1,6,kits,Neosolar,NEO-24773,,,,"Kit de Energia Solar Off Grid c/ Inv-car - 1,83kWp 100Ah 24/220V Lítio (24773)",,610,3,83.0,1830,0,,1,0,3,Solar Kit Off-Grid
,,2,12,kits,Neosolar,NEO-24764,,,,"Kit de Energia Solar Nobreak c/ Inv-car - 1,83kWp 220Ah 24/220V (24764)",,610,3,83.0,1830,0,,2,0,3,Solar Kit Off-Grid
,,4,48,kits,Neosolar,NEO-24444,,,,"Kit de Energia Solar Nobreak c/ Inv-car - 2,17kWp 220Ah 48/220V (24444)",,435,5,17.0,2175,0,,4,0,5,Solar Kit Off-Grid
,,,,kits,Neosolar,NEO-24044,,,,"Kit Energia Solar Híbrido Off-Grid UP6021 1,16kWp c/ Bateria de Chumbo (24044)",,0,16,16.0,1170,0,,0,0,18,Solar Kit Off-Grid
,,,,kits,Neosolar,NEO-24031,,,,"Kit Energia Solar Híbrido Off-Grid UP5042 4,06kWp c/ Bateria de Chumbo (24031)",,0,6,6.0,4095,0,,0,0,13,Solar Kit Off-Grid
,,,,kits,Neosolar,NEO-24052,,,,"Kit Nobreak Solar Híbrido Off-Grid UP8042 4,06kWp c/ Bateria de Lítio (24052)",,0,6,6.0,4095,0,,0,0,13,Solar Kit Off-Grid
,,,,kits,Neosolar,NEO-24046,,,,"Kit Nobreak Solar Híbrido Off-Grid UP8042 2,32 kWp c/ Bateria de Chumbo (24046)",,0,32,32.0,2340,0,,0,0,36,Solar Kit Off-Grid
,,,,kits,Neosolar,NEO-24055,,,,"Kit Nobreak Solar Híbrido Off-Grid UP8041 2,32 kWp c/ Bateria de Lítio (24055)",,0,32,32.0,2340,0,,0,0,36,Solar Kit Off-Grid
,,,,kits,Neosolar,NEO-24050,,,,"Kit Nobreak Solar Híbrido Off-Grid UP8042 4,09 kWp c/ Bateria de Chumbo (24050)",,0,5,9.0,4095,0,,0,0,12,Solar Kit Off-Grid
,,,,kits,Neosolar,NEO-24054,,,,"Kit Nobreak Solar Híbrido Off-Grid UP5042 2,32 kWp c/ Bateria de Chumbo (24054)",,0,32,32.0,2340,0,,0,0,36,Solar Kit Off-Grid
,,2,48,kits,Neosolar,NEO-22694,,,1,Kit Energia Solar Off Grid s/ Inversor - 2.32kWp 200Ah 48V Lítio (22694),,580,4,2.32,2320,0,,2,1,4,Solar Kit Off-Grid
,,1,12,kits,Neosolar,NEO-24119,,,1,Kit Energia Solar Off Grid s/ Inversor - 280Wp 220Ah 12V Chumbo (24119),,280,1,0.28,280,0,,1,1,1,Solar Kit Off-Grid
,,1,48,kits,Neosolar,NEO-24556,,,1,Kit Energia Solar Off Grid s/ Inversor - 1.17kWp 100Ah 48V Lítio (24556),,585,2,1.17,1170,0,,1,1,2,Solar Kit Off-Grid
,,2,48,kits,Neosolar,NEO-23939,,,1,Kit Energia Solar Off Grid s/ Inversor - 2.220Wp 100Ah 48V Lítio (23939),,555,4,0.22,2220,0,,2,1,4,Solar Kit Off-Grid
,,2,12,kits,Neosolar,NEO-23926,,,1,Kit Energia Solar Off Grid s/ Inversor - 480Wp 240Ah / 220Ah 12V Estacionária (23926),,160,3,0.48,480,0,,2,1,3,Solar Kit Off-Grid
,,2,12,kits,Neosolar,NEO-23932,,,1,Kit Energia Solar Off Grid s/ Inversor - 480Wp 240Ah / 220Ah 12V Estacionária (23932),,160,3,0.48,480,0,,2,1,3,Solar Kit Off-Grid
,,1,12,kits,Neosolar,NEO-24165,,,1,Kit Energia Solar Off Grid s/ Inversor - 320Wp 240Ah / 220Ah 12V Estacionária (23931),,160,2,0.32,320,0,,1,1,2,Solar Kit Off-Grid
,,4,12,kits,Neosolar,NEO-23936,,,1,Kit Energia Solar Off Grid s/ Inversor - 1.120Wp 240Ah / 220Ah 12V Estacionária (23936),,160,7,0.12,1120,0,,4,1,7,Solar Kit Off-Grid
,,2,48,kits,Neosolar,NEO-23938,,,1,Kit Energia Solar Off Grid s/ Inversor - 1.170Wp 105Ah 48V Lítio (23938),,585,2,0.17,1170,0,,2,1,2,Solar Kit Off-Grid
,,2,12,kits,Neosolar,NEO-22657,,,1,Kit Energia Solar Off Grid s/ Inversor - 330Wp 440Ah 12V Chumbo (22657),,330,1,0.33,330,0,,2,1,1,Solar Kit Off-Grid
,,1,12,kits,Neosolar,NEO-22656,,,1,Kit Energia Solar Off Grid s/ Inversor - 330Wp 220Ah 12V Chumbo (22656),,330,1,0.33,330,0,,1,1,1,Solar Kit Off-Grid
,,4,12,kits,Neosolar,NEO-22654,,,1,Kit Energia Solar Off Grid s/ Inversor - 560Wp 440Ah 24V Chumbo (22654),,280,2,0.56,560,0,,4,1,2,Solar Kit Off-Grid
,,2,12,kits,Neosolar,NEO-22653,,,1,Kit Energia Solar Off Grid s/ Inversor - 560Wp 220Ah 24V Chumbo (22653),,280,2,0.56,560,0,,2,1,2,Solar Kit Off-Grid
,,1,12,kits,Neosolar,NEO-22649,,,1,Kit Energia Solar Off Grid s/ Inversor - 280Wp 220Ah 12V Chumbo (22649),,280,1,0.28,280,0,,1,1,1,Solar Kit Off-Grid
,,4,12,kits,Neosolar,NEO-22631,,,1,Kit Energia Solar Off Grid s/ Inversor - 660Wp 300Ah 24V Chumbo (22631),,330,2,0.66,660,0,,4,1,2,Solar Kit Off-Grid
,,6,12,kits,Neosolar,NEO-22668,,,1,Kit Energia Solar Off Grid s/ Inversor - 1.12kWp 660Ah 24V Chumbo (22668),,280,4,1.12,1120,0,,6,1,4,Solar Kit Off-Grid
,,2,12,kits,Neosolar,NEO-22629,,,1,Kit Energia Solar Off Grid s/ Inversor - 330Wp 150Ah 24V Chumbo (22629),,330,1,0.33,330,0,,2,1,1,Solar Kit Off-Grid
,,6,48,kits,Neosolar,NEO-24551,,,,"Kit de Energia Solar Off Grid c/ Inv-car - 5,85kWp 600Ah 48/220V Lítio (24551)",,585,10,85.0,5850,0,,6,0,10,Solar Kit Off-Grid
,,4,48,kits,Neosolar,NEO-24553,,,,"Kit de Energia Solar Off Grid c/ Inv-car - 3,48kWp 400Ah 48/220V Lítio",,435,8,48.0,3480,0,,4,0,8,Solar Kit Off-Grid
,,8,48,kits,Neosolar,NEO-24615,,,,"Kit de Energia Solar Nobreak c/ Inv-car - 3,05kWp 440Ah 48/220V (24615)",,435,7,5.0,3045,0,,8,0,7,Solar Kit Off-Grid
,,2,48,kits,Neosolar,NEO-24549,,,,"Kit de Energia Solar Nobreak c/ Inv-car - 3,51kWp 200Ah 48/220V Lítio",,585,6,51.0,3510,0,,2,0,6,Solar Kit Off-Grid
,,12,12,kits,Neosolar,NEO-24758,,,,"Kit de Energia Solar Nobreak c/ Inv-car - 3,05kWp 220Ah 48/220V (24758)",,610,5,5.0,3050,0,,12,0,5,Solar Kit Off-Grid
,,4,12,kits,Neosolar,NEO-24756,,,,"Kit de Energia Solar Nobreak c/ Inv-car - 2,44kWp 220Ah 48/220V (24756)",,610,4,44.0,2440,0,,4,0,4,Solar Kit Off-Grid
,,4,12,kits,Neosolar,NEO-24757,,,,"Kit de Energia Solar Nobreak c/ Inv-car - 2,44kWp 220Ah 48/220V (24757)",,610,4,44.0,2440,0,,4,0,4,Solar Kit Off-Grid
,,1,48,kits,Neosolar,NEO-24760,,,,"Kit de Energia Solar Off Grid c/ Inv-car - 2,44kWp 100Ah 48/220V Lítio (24760)",,610,4,44.0,2440,0,,1,0,4,Solar Kit Off-Grid
,,12,48,kits,Neosolar,NEO-24448,,,,"Kit de Energia Solar Off Grid c/ Inversor Carregador - 2,61kWp 660Ah 48/220V (24448)",,435,6,61.0,2610,0,,12,0,6,Solar Kit Off-Grid
,,8,48,kits,Neosolar,NEO-24445,,,,"Kit de Energia Solar Nobreak c/ Inversor Carregador - 3,48kWp 440Ah 48/220V (24445)",,435,8,48.0,3480,0,,8,0,8,Solar Kit Off-Grid
,,8,12,kits,Neosolar,NEO-24436,,,,"Kit de Energia Solar Nobreak c/ Inv-car - 3,51kWp 440Ah 48/220V (24436)",,585,6,51.0,3510,0,,8,0,6,Solar Kit Off-Grid
,,12,12,kits,Neosolar,NEO-24437,,,,"Kit de Energia Solar Off Grid c/ Inv-car - 2,93kWp 660Ah 48/220V (24437)",,585,5,93.0,2925,0,,12,0,5,Solar Kit Off-Grid
,,,,kits,Neosolar,NEO-24057,,,,"Kit Nobreak Solar Híbrido Off-Grid UP6021 1,16kWp c/ Bateria de Chumbo (24057)",,0,17,16.0,1170,0,,0,0,19,Solar Kit Off-Grid
,,,,kits,Neosolar,NEO-24043,,,,"Kit Energia Solar Híbrido Off-Grid UP8042 2,90kWp c/ Bateria de Chumbo (24043)",,0,90,90.0,2925,0,,0,0,95,Solar Kit Off-Grid
,,,,kits,Neosolar,NEO-24041,,,,"Kit Energia Solar Híbrido Off-Grid UP8041 2,32kWp 15kWh c/ Bateria de Lítio (24041)",,0,32,32.0,2340,0,,0,0,36,Solar Kit Off-Grid
,,,,kits,Neosolar,NEO-24058,,,,"Kit Nobreak Solar Híbrido Off-Grid UP8042 4,09kWp c/ Bateria de Lítio (24058)",,0,6,9.0,4095,0,,0,0,13,Solar Kit Off-Grid
,,4,12,kits,Neosolar,NEO-22680,,,1,Kit Energia Solar Off Grid s/ Inversor - 1.16kWp 440Ah 24V Chumbo (22680),,580,2,1.16,1160,0,,4,1,2,Solar Kit Off-Grid
,,6,12,kits,Neosolar,NEO-22681,,,1,Kit Energia Solar Off Grid s/ Inversor - 1.16kWp 660Ah 24V Chumbo (22681),,580,2,1.16,1160,0,,6,1,2,Solar Kit Off-Grid
,,2,12,kits,Neosolar,NEO-22672,,,1,Kit Energia Solar Off Grid s/ Inversor - 660Wp 220Ah 24V Chumbo (22672),,330,2,0.66,660,0,,2,1,2,Solar Kit Off-Grid
,,2,12,kits,Neosolar,NEO-22660,,,1,Kit Energia Solar Off Grid s/ Inversor - 330Wp 200Ah 12V Lítio (22660),,330,1,0.33,330,0,,2,1,1,Solar Kit Off-Grid
,,,,kits,Neosolar,NEO-20208,,,2,Kit Energia Solar Off Grid c/ Bateria 660Wp - até 2495Wh/dia,,,,0.66,0,0,,0,2,0,Solar Kit Off-Grid
,,,,kits,Neosolar,NEO-21093,,,,Kit Energia Solar Off Grid c/ Bateria 990Wp - até 3119Wh/dia,,,,0.99,0,0,,0,0,0,Solar Kit Off-Grid
,,,,kits,Neosolar,NEO-21822,,,,Kit Energia Solar Off Grid c/ Bateria 155Wp - até 488Wh/dia,,,,0.15,0,0,,0,0,0,Solar Kit Off-Grid
,,1,6,kits,Neosolar,NEO-25175,,,1,Kit Energia Solar Off Grid - 610Wp 100Ah/24V Lítio 2000W/220V Ztroon,,610,1,0.61,610,0,,1,1,1,Solar Kit Off-Grid
,,1,6,kits,Neosolar,NEO-25174,,,1,Kit Energia Solar Off Grid - 610Wp 100Ah/24V Lítio 2000W/127V Ztroon,,610,1,0.61,610,0,,1,1,1,Solar Kit Off-Grid
,,,,kits,Neosolar,NEO-23471,,,,"Kit Energia Solar Híbrido Off-Grid UP5042 4,09kWp c/ Bateria de Chumbo",,0,9,9.0,4095,0,,0,0,16,Solar Kit Off-Grid
,,4,48,kits,Neosolar,NEO-24810,,,,"Kit de Energia Solar Off Grid c/ Inv-car - 3,48kWp 400Ah 48/220V Litio (24810)",,435,8,48.0,3480,0,,4,0,8,Solar Kit Off-Grid
,,5,48,kits,Neosolar,NEO-24554,,,,"Kit de Energia Solar Off Grid c/ Inv-car - 5,22kWp 500Ah 48/220V Lítio",,435,12,22.0,5220,0,,5,0,12,Solar Kit Off-Grid
,,,,kits,Neosolar,NEO-24049,,,,"Kit Nobreak Solar Híbrido Off-Grid UP5042 4,06kWp c/ Bateria de Lítio (24049)",,0,32,6.0,4095,0,,0,0,39,Solar Kit Off-Grid
,,,,kits,Neosolar,NEO-24032,,,,"Kit Energia Solar Híbrido Off-Grid UP5042 4,06kWp 20kWh c/ Bateria de Lítio",,0,6,6.0,4095,0,,0,0,13,Solar Kit Off-Grid
,,,,kits,Neosolar,NEO-24047,,,,"Kit Nobreak Solar Híbrido Off-Grid UP8041 3,48 kWp c/ Bateria de Lítio (24047)",,0,48,48.0,3510,0,,0,0,54,Solar Kit Off-Grid
,,1,6,kits,Neosolar,NEO-25177,,,1,Kit Energia Solar Off Grid - 610Wp 100Ah/24V Lítio 2000W/220V Epever,,610,1,0.61,610,7048.45,,1,1,1,Solar Kit Off-Grid
,,1,6,kits,Neosolar,NEO-25172,,,1,Kit Energia Solar Off Grid - 610Wp 100Ah/24V Lítio 1000W/127V Ztroon,,610,1,0.61,610,0,,1,1,1,Solar Kit Off-Grid
,,1,6,kits,Neosolar,NEO-25173,,,1,Kit Energia Solar Off Grid - 610Wp 100Ah/24V Lítio 1000W/220V Ztroon,,610,1,0.61,610,0,,1,1,1,Solar Kit Off-Grid
,,,,kits,Neosolar,NEO-24039,,,,"Kit Energia Solar Híbrido Off-Grid UP5042 2,32kWp 10kWh c/ Bateria de Lítio (24039)",,0,32,32.0,2340,0,,0,0,36,Solar Kit Off-Grid
,,8,48,kits,Neosolar,NEO-24616,,,,"Kit de Energia Solar Nobreak c/ Inv-car - 3,05kWp 440Ah 48/220V (24616)",,435,7,5.0,3045,0,,8,0,7,Solar Kit Off-Grid
,,4,48,kits,Neosolar,NEO-24614,,,,"Kit de Energia Solar Nobreak c/ Inv-car - 1,74kWp 220Ah 48/220V (24614)",,435,4,74.0,1740,0,,4,0,4,Solar Kit Off-Grid
,,1,48,kits,Neosolar,NEO-24617,,,,"Kit de Energia Solar Nobreak c/ Inv-car - 1,74kWp 100Ah 48/220V Lítio",,435,4,74.0,1740,0,,1,0,4,Solar Kit Off-Grid
,,4,48,kits,Neosolar,NEO-24613,,,,"Kit de Energia Solar Nobreak c/ Inv-car - 1,74kWp 220Ah 48/220V (24613)",,435,4,74.0,1740,0,,4,0,4,Solar Kit Off-Grid
,,8,12,kits,Neosolar,NEO-24622,,,,"Kit de Energia Solar Off Grid c/ Inv-car - 2,61kWp 880Ah 24/220V",,435,6,61.0,2610,0,,8,0,6,Solar Kit Off-Grid
,,12,12,kits,Neosolar,NEO-24438,,,,"Kit de Energia Solar Off Grid c/ Inv-car - 2,93kWp 660Ah 48/220V (24438)",,585,5,93.0,2925,0,,12,0,5,Solar Kit Off-Grid
,,,,kits,Neosolar,NEO-24045,,,,"Kit Nobreak Solar Híbrido Off-Grid UP5042 2,34kWp c/ Bateria de Lítio (24045)",,0,32,34.0,2340,0,,0,0,36,Solar Kit Off-Grid
,,,,kits,Neosolar,NEO-23489,,,,"Kit Nobreak Solar Híbrido Off-Grid UP8042 4,09 kWp c/ Bateria de Chumbo",,0,9,9.0,4095,0,,0,0,16,Solar Kit Off-Grid
,,,,kits,Neosolar,NEO-23472,,,,"Kit Energia Solar Híbrido Off-Grid UP5042 4,09kWp 20kWh c/ Bateria de Lítio",,0,9,9.0,4095,0,,0,0,16,Solar Kit Off-Grid
,,,,kits,Neosolar,NEO-21749,,,,"Kit Nobreak Solar Híbrido Off-Grid UP6021 1,84kWp c/ Bateria de Chumbo",,0,84,84.0,1840,0,,0,0,88,Solar Kit Off-Grid
,,2,48,kits,Neosolar,NEO-25200,,,1,"Kit Energia Solar Off Grid - 2,44kWp 105Ah/48V Lítio 2000W/127V Epever",,610,4,44.0,2440,0,,2,1,4,Solar Kit Off-Grid
,,2,48,kits,Neosolar,NEO-25201,,,1,"Kit Energia Solar Off Grid - 2,44kWp 105Ah/48V Lítio 2000W/220V Epever",,610,4,44.0,2440,0,,2,1,4,Solar Kit Off-Grid
,,1,48,kits,Neosolar,NEO-25197,,,1,"Kit Energia Solar Off Grid - 1,22kWp 105Ah/48V Lítio 2000W/220V Epever",,610,2,22.0,1220,0,,1,1,2,Solar Kit Off-Grid
,,1,48,kits,Neosolar,NEO-25196,,,1,"Kit Energia Solar Off Grid - 1,22kWp 105Ah/48V Lítio 2000W/127V Epever",,610,2,22.0,1220,0,,1,1,2,Solar Kit Off-Grid
,,1,12,kits,Neosolar,NEO-25046,,,1,Kit Energia Solar Off Grid - 160Wp 105Ah/12V (25046),,160,1,0.16,160,1423.43,,1,1,1,Solar Kit Off-Grid
,,2,48,kits,Neosolar,NEO-22691,,,1,Kit Energia Solar Off Grid s/ Inversor - 1.38kWp 200Ah 48V Lítio (22691),,460,3,1.38,1380,0,,2,1,3,Solar Kit Off-Grid
,,1,48,kits,Neosolar,NEO-22690,,,1,Kit Energia Solar Off Grid s/ Inversor - 1.38kWp 100Ah 48V Lítio (22690),,460,3,1.38,1380,0,,1,1,3,Solar Kit Off-Grid
,,8,12,kits,Neosolar,NEO-22675,,,1,Kit Energia Solar Off Grid s/ Inversor - 1.38kWp 440Ah 48V Chumbo (22675),,460,3,1.38,1380,0,,8,1,3,Solar Kit Off-Grid
,,2,12,kits,Neosolar,NEO-22671,,,1,Kit Energia Solar Off Grid s/ Inversor - 330Wp 440Ah 12V Chumbo (22671),,330,1,0.33,330,0,,2,1,1,Solar Kit Off-Grid
,,3,48,kits,Neosolar,NEO-22689,,,1,Kit Energia Solar Off Grid s/ Inversor - 2.32kWp 300Ah 48V Lítio (22689),,580,4,2.32,2320,0,,3,1,4,Solar Kit Off-Grid
,,2,48,kits,Neosolar,NEO-22685,,,1,Kit Energia Solar Off Grid s/ Inversor - 1.38kWp 200Ah 48V Lítio (22685),,460,3,1.38,1380,0,,2,1,3,Solar Kit Off-Grid
,,1,48,kits,Neosolar,NEO-22684,,,1,Kit Energia Solar Off Grid s/ Inversor - 1.38kWp 100Ah 48V Lítio (22684),,460,3,1.38,1380,0,,1,1,3,Solar Kit Off-Grid
,,1,48,kits,Neosolar,NEO-22692,,,1,Kit Energia Solar Off Grid s/ Inversor - 1.16kWp 100Ah 48V Lítio (22692),,580,2,1.16,1160,0,,1,1,2,Solar Kit Off-Grid
,,8,12,kits,Neosolar,NEO-22677,,,1,Kit Energia Solar Off Grid s/ Inversor - 1.16kWp 440Ah 48V Chumbo (22677),,580,2,1.16,1160,0,,8,1,2,Solar Kit Off-Grid
,,4,12,kits,Neosolar,NEO-22676,,,1,Kit Energia Solar Off Grid s/ Inversor - 1.16kWp 220Ah 48V Chumbo (22676),,580,2,1.16,1160,0,,4,1,2,Solar Kit Off-Grid
,,3,12,kits,Neosolar,NEO-22679,,,1,Kit Energia Solar Off Grid s/ Inversor - 580Wp 660Ah 12V Chumbo (22679),,580,1,0.58,580,0,,3,1,1,Solar Kit Off-Grid
,,2,12,kits,Neosolar,NEO-22663,,,1,Kit Energia Solar Off Grid s/ Inversor - 580Wp 440Ah 12V Chumbo (22663),,580,1,0.58,580,0,,2,1,1,Solar Kit Off-Grid
,,4,12,kits,Neosolar,NEO-26689,,,,"Kit de Energia Solar c/ Inv-car - 2,48kWp 220Ah 48/220V",,620,4,48.0,2480,14734.01,,4,0,4,Solar Kit Off-Grid
,,16,12,kits,Neosolar,NEO-26693,,,,"Kit de Energia Solar c/ Inv-car - 3,72kWp 220Ah 48/220V",,620,6,72.0,3720,35458.96,,16,0,6,Solar Kit Off-Grid
,,12,12,kits,Neosolar,NEO-26692,,,,"Kit de Energia Solar c/ Inv-car - 3,10kWp 220Ah 48/220V",,620,5,10.0,3100,28343.79,,12,0,5,Solar Kit Off-Grid
,,8,12,kits,Neosolar,NEO-26690,,,,"Kit de Energia Solar c/ Inv-car - 3,72kWp 220Ah 48/220V",,620,6,72.0,3720,22469.76,,8,0,6,Solar Kit Off-Grid
,,8,12,kits,Neosolar,NEO-26691,,,,"Kit de Energia Solar c/ Inv-car - 1,86kWp 220Ah 48/220V",,620,3,86.0,1860,20608.04,,8,0,3,Solar Kit Off-Grid
,,,,kits,Neosolar,NEO-26927,,,1,Kit Gerador Energia Solar 1.24kWp - Microinversor Deye c/ Wifi SUN2250 - Painel DAH Solar,,0,1,1.24,1240,2353.87,,0,1,4,Solar Kit Grid-Tie
,,,,kits,Neosolar,NEO-26948,,,1,Kit Gerador Energia Solar 0.62kWp - Microinversor Deye c/ Wifi SUN2250 - Painel DAH Solar s/ Estrutura,,0,1,0.62,620,1910.91,,0,1,3,Solar Kit Grid-Tie
,,,,kits,Neosolar,NEO-26934,,,1,Kit Gerador Energia Solar 1.86kWp - Microinversor Deye c/ Wifi SUN2250 - Painel DAH Solar s/ Estrutura,,0,1,1.86,1860,2687.2,,0,1,5,Solar Kit Grid-Tie
,,,,kits,Neosolar,NEO-27152,,,1,Kit Gerador Energia Solar 1.4kWp - Microinversor Deye c/ Wifi SUN2250 - Painel DAH Solar s/ Estrutura,,0,1,1.4,1400,2698.14,,0,1,4,Solar Kit Grid-Tie
,,,,kits,Neosolar,NEO-27156,,,1,Kit Gerador Energia Solar 2.1kWp - Microinversor Deye c/ Wifi SUN2250 - Painel DAH Solar Estrutura p/ Madeira,,0,1,2.1,2100,3258.74,,0,1,5,Solar Kit Grid-Tie
,,,,kits,Neosolar,NEO-27149,,,1,Kit Gerador Energia Solar 1.4kWp - Microinversor Deye c/ Wifi SUN2250 - Painel DAH Solar Estrutura p/ Madeira,,0,1,1.4,1400,2897.54,,0,1,4,Solar Kit Grid-Tie
,,,,kits,Neosolar,NEO-26941,,,1,Kit Gerador Energia Solar 2.48kWp - Microinversor Deye c/ Wifi SUN2250 - Painel DAH Solar s/ Estrutura,,0,1,2.48,2480,2873.94,,0,1,6,Solar Kit Grid-Tie
,,,,kits,Neosolar,NEO-26945,,,1,Kit Gerador Energia Solar 0.62kWp - Microinversor Deye c/ Wifi SUN2250 - Painel DAH Solar c/ Parafuso Madeira,,0,1,0.62,620,2280.09,,0,1,3,Solar Kit Grid-Tie
,,,,kits,Neosolar,NEO-27157,,,1,Kit Gerador Energia Solar 2.1kWp - Microinversor Deye c/ Wifi SUN2250 - Painel DAH Solar Estrutura Metálica,,0,1,2.1,2100,3258.74,,0,1,5,Solar Kit Grid-Tie
,,,,kits,Neosolar,NEO-27150,,,1,Kit Gerador Energia Solar 1.4kWp - Microinversor Deye c/ Wifi SUN2250 - Painel DAH Solar Estrutura Metálica,,0,1,1.4,1400,2897.54,,0,1,4,Solar Kit Grid-Tie
,,,,kits,Neosolar,NEO-27171,,,1,Kit Gerador Energia Solar 700kWp - Microinversor Deye c/ Wifi SUN2250 - Painel DAH Solar Estrutura Metálica,,0,1,700.0,700,2342.52,,0,1,3,Solar Kit Grid-Tie
,,,,kits,Neosolar,NEO-26931,,,1,Kit Gerador Energia Solar 1.86kWp - Microinversor Deye c/ Wifi SUN2250 - Painel DAH Solar c/ Parafuso Madeira,,0,1,1.86,1860,3060.7,,0,1,5,Solar Kit Grid-Tie
,,,,kits,Neosolar,NEO-26924,,,1,Kit Gerador Energia Solar 1.24kWp - Microinversor Deye c/ Wifi SUN2250 - Painel DAH Solar c/ Parafuso Madeira,,0,1,1.24,1240,2722.97,,0,1,4,Solar Kit Grid-Tie
,,,,kits,Neosolar,NEO-27163,,,1,Kit Gerador Energia Solar 2.8kWp - Microinversor Deye c/ Wifi SUN2250 - Painel DAH Solar Estrutura p/ Madeira,,0,1,2.8,2800,3249.93,,0,1,6,Solar Kit Grid-Tie
,,,,kits,Neosolar,NEO-26922,,,1,Kit Gerador Energia Solar 1.24kWp - Microinversor Deye c/ Wifi SUN2250 - Painel DAH Solar com GANCHO p/ CERÂMICA,,0,1,1.24,1240,2725.43,,0,1,4,Solar Kit Grid-Tie
,,,,kits,Neosolar,NEO-26937,,,1,Kit Gerador Energia Solar 2.48kWp - Microinversor Deye c/ Wifi SUN2250 - Painel DAH Solar c/ Mini Trilho,,0,1,2.48,2480,3242.7,,0,1,6,Solar Kit Grid-Tie
,,,,kits,Neosolar,NEO-26923,,,1,Kit Gerador Energia Solar 1.24kWp - Microinversor Deye c/ Wifi SUN2250 - Painel DAH Solar com Mini Trilho,,0,1,1.24,1240,2723.34,,0,1,4,Solar Kit Grid-Tie
,,,,kits,Neosolar,NEO-26930,,,1,Kit Gerador Energia Solar 1.86kWp - Microinversor Deye c/ Wifi SUN2250 - Painel DAH Solar c/ Mini Trilho,,0,1,1.86,1860,3056.35,,0,1,5,Solar Kit Grid-Tie
,,,,kits,Neosolar,NEO-26944,,,1,Kit Gerador Energia Solar 0.62kWp - Microinversor Deye c/ Wifi SUN2250 - Painel DAH Solar c/ Mini Trilho,,0,1,0.62,620,2280.58,,0,1,3,Solar Kit Grid-Tie
,,,,kits,Neosolar,NEO-26929,,,1,Kit Gerador Energia Solar 1.86kWp - Microinversor Deye c/ Wifi SUN2250 - Painel DAH Solar c/ Gancho p/ Cêramica,,0,1,1.86,1860,3062.47,,0,1,5,Solar Kit Grid-Tie
,,,,kits,Neosolar,NEO-26943,,,1,Kit Gerador Energia Solar 0.62kWp - Microinversor Deye c/ Wifi SUN2250 - Painel DAH Solar c/ Gancho p/ Cerâmica,,0,1,0.62,620,2283.29,,0,1,3,Solar Kit Grid-Tie
,,,,kits,Neosolar,NEO-27160,,,1,Kit Gerador Energia Solar 2.8kWp - Microinversor Deye c/ Wifi SUN2250 - Painel DAH Solar Estrutura p/ Laje,,0,1,2.8,2800,3408.54,,0,1,6,Solar Kit Grid-Tie
,,,,kits,Neosolar,NEO-27162,,,1,Kit Gerador Energia Solar 2.8kWp - Microinversor Deye c/ Wifi SUN2250 - Painel DAH Solar Estrutura c/ Mini Trilho,,0,1,2.8,2800,3252.64,,0,1,6,Solar Kit Grid-Tie
,,,,kits,Neosolar,NEO-27146,,,1,Kit Gerador Energia Solar 1.4kWp - Microinversor Deye c/ Wifi SUN2250 - Painel DAH Solar Estrutura p/ Laje,,0,1,1.4,1400,3053.39,,0,1,4,Solar Kit Grid-Tie
,,,,kits,Neosolar,NEO-27153,,,1,Kit Gerador Energia Solar 2.1kWp - Microinversor Deye c/ Wifi SUN2250 - Painel DAH Solar Estrutura p/ Laje,,0,1,2.1,2100,3417.42,,0,1,5,Solar Kit Grid-Tie
,,,,kits,Neosolar,NEO-27167,,,1,Kit Gerador Energia Solar 700kWp - Microinversor Deye c/ Wifi SUN2250 - Painel DAH Solar Estrutura p/ Laje,,0,1,700.0,700,2494.04,,0,1,3,Solar Kit Grid-Tie
,,1,48,kits,Neosolar,NEO-26845,,,1,"Kit Energia Solar On Grid Híbrido - 3,7kWp Lítio 48V (26845)",,620,6,7.0,3720,14800.61,,1,1,6,Solar Kit Hybrid
,,1,48,kits,Neosolar,NEO-26857,,,1,"Kit Energia Solar On Grid Híbrido - 3,72kWp 4,8kWh Lítio 48V (26857)",,620,6,72.0,3720,21559.38,,1,1,6,Solar Kit Hybrid
,,,,kits,Neosolar,NEO-27091,,,1,"Kit de Energia Solar On Grid 3,72KWP-OS 5KW LI s/ Estrutura",,620,6,72.0,3720,5327.97,,0,1,6,Solar Kit Grid-Tie
,,,,kits,Neosolar,NEO-27131,,,1,"Kit de Energia Solar On Grid 3,72KWP-OS 5KW LI Estrutura p/ Madeira",,620,6,72.0,3720,6071.97,,0,1,6,Solar Kit Grid-Tie
,,1,48,kits,Neosolar,NEO-26795,,,1,"Kit Energia Solar On Grid Híbrido - 3,72kWp 4,8kWh Lítio 48V (26795)",,620,6,72.0,3720,20843.75,,1,1,6,Solar Kit Hybrid
,,1,48,kits,Neosolar,NEO-26783,,,1,"Kit Energia Solar On Grid Híbrido - 3,7kWp Lítio 48V (26783)",,620,6,7.0,3720,14084.97,,1,1,6,Solar Kit Hybrid
,,1,48,kits,Neosolar,NEO-26669,,,1,"Kit Energia Solar On Grid Híbrido - 8.06kWp 4,8kWh Lítio 48V (26669)",,620,13,8.06,8060,31591.94,,1,1,13,Solar Kit Hybrid
,,1,48,kits,Neosolar,NEO-26657,,,1,"Kit Energia Solar On Grid Híbrido - 3,72kWp 4,8kWh Lítio 48V (26657)",,620,6,72.0,3720,21022.97,,1,1,6,Solar Kit Hybrid
,,,,kits,Neosolar,NEO-27137,,,1,"Kit de Energia Solar On Grid 4,96KWP-OS 5KW LI Estrutura p/ Madeira",,620,8,96.0,4960,7848.27,,0,1,8,Solar Kit Grid-Tie
,,2,48,kits,Neosolar,NEO-26766,,,1,"Kit Energia Solar On Grid Híbrido - 5.65kWp 4,8kWh Lítio 48V (26766)",,565,10,5.65,5650,27456.69,,2,1,10,Solar Kit Hybrid
,,2,48,kits,Neosolar,NEO-26754,,,1,"Kit Energia Solar On Grid Híbrido - 5.65kWp 4,8kWh Lítio 48V (26754)",,565,10,5.65,5650,20697.91,,2,1,10,Solar Kit Hybrid
,,3,48,kits,Neosolar,NEO-26767,,,1,"Kit Energia Solar On Grid Híbrido - 5.65kWp 4,8kWh Lítio 48V (26767)",,565,10,5.65,5650,31861.03,,3,1,10,Solar Kit Hybrid
,,4,48,kits,Neosolar,NEO-26768,,,1,"Kit Energia Solar On Grid Híbrido - 5.65kWp 4,8kWh Lítio 48V (26768)",,565,10,5.65,5650,0,,4,1,10,Solar Kit Hybrid
,,3,48,kits,Neosolar,NEO-26755,,,1,"Kit Energia Solar On Grid Híbrido - 5.65kWp 4,8kWh Lítio 48V (26755)",,565,10,5.65,5650,25102.25,,3,1,10,Solar Kit Hybrid
,,3,48,kits,Neosolar,NEO-26817,,,1,"Kit Energia Solar On Grid Híbrido - 5.65kWp 4,8kWh Lítio 48V (26817)",,565,10,5.65,5650,0,,3,1,10,Solar Kit Hybrid
,,1,48,kits,Neosolar,NEO-26765,,,1,"Kit Energia Solar On Grid Híbrido - 5.65kWp 4,8kWh Lítio 48V (26765)",,565,10,5.65,5650,23052.36,,1,1,10,Solar Kit Hybrid
,,1,48,kits,Neosolar,NEO-26753,,,1,"Kit Energia Solar On Grid Híbrido - 5.65kWp 4,8kWh Lítio 48V (26753)",,565,10,5.65,5650,16293.58,,1,1,10,Solar Kit Hybrid
,,1,48,kits,Neosolar,NEO-26815,,,1,"Kit Energia Solar On Grid Híbrido - 5.65kWp 4,8kWh Lítio 48V (26815)",,565,10,5.65,5650,0,,1,1,10,Solar Kit Hybrid
,,2,48,kits,Neosolar,NEO-26816,,,1,"Kit Energia Solar On Grid Híbrido - 5.65kWp 4,8kWh Lítio 48V (26816)",,565,10,5.65,5650,0,,2,1,10,Solar Kit Hybrid
,,2,48,kits,Neosolar,NEO-26628,,,1,"Kit Energia Solar On Grid Híbrido - 5.65kWp 4,8kWh Lítio 48V (26628)",,565,10,5.65,5650,0,,2,1,10,Solar Kit Hybrid
,,,,kits,Neosolar,NEO-27166,,,1,Kit Gerador Energia Solar 2.8kWp - Microinversor Deye c/ Wifi SUN2250 - Painel DAH Solar s/ Estrutura,,0,1,2.8,2800,3047.53,,0,1,6,Solar Kit Grid-Tie
,,,,kits,Neosolar,NEO-26936,,,1,Kit Gerador Energia Solar 2.48kWp - Microinversor Deye c/ Wifi SUN2250 - Painel DAH Solar c/ Gancho p/ Cerâmica,,0,1,2.48,2480,3247.51,,0,1,6,Solar Kit Grid-Tie
,,,,kits,Neosolar,NEO-27130,,,1,"Kit de Energia Solar On Grid 3,72KWP-OS 5KW LI Estrutura c/ Mini Trilho",,620,6,72.0,3720,6071.97,,0,1,6,Solar Kit Grid-Tie
,,,,kits,Neosolar,NEO-27136,,,1,"Kit de Energia Solar On Grid 4,96KWP-OS 5KW LI Estrutura c/ Mini Trilho",,620,8,96.0,4960,7848.27,,0,1,8,Solar Kit Grid-Tie
,,1,6,kits,Neosolar,NEO-25050,,,1,Kit Energia Solar Off Grid - 870Wp 100Ah/24V Lítio (25050),,435,2,0.87,870,6147.89,,1,1,2,Solar Kit Off-Grid
,,,,kits,Neosolar,NEO-27128,,,1,"Kit de Energia Solar On Grid 3,72KWP-OS 5KW LI Estrutura p/ Laje",,620,6,72.0,3720,6629.97,,0,1,6,Solar Kit Grid-Tie
,,,,kits,Neosolar,NEO-27134,,,1,"Kit de Energia Solar On Grid 4,96KWP-OS 5KW LI Estrutura p/ Laje",,620,8,96.0,4960,8406.27,,0,1,8,Solar Kit Grid-Tie
,,,,kits,Neosolar,NEO-27161,,,1,Kit Gerador Energia Solar 2.8kWp - Microinversor Deye c/ Wifi SUN2250 - Painel DAH Solar c/ Gancho p/ Cerâmica,,0,1,2.8,2800,3252.57,,0,1,6,Solar Kit Grid-Tie
,,1,48,kits,Neosolar,NEO-25055,,,1,"Kit Energia Solar Off Grid - 1,31kWp 105Ah 48V Lítio (25055)",,435,3,31.0,1305,6990.92,,1,1,3,Solar Kit Off-Grid
,,4,48,kits,Neosolar,NEO-26630,,,1,"Kit Energia Solar On Grid Híbrido - 5.65kWp 4,8kWh Lítio 48V (26630)",,565,10,5.65,5650,0,,4,1,10,Solar Kit Hybrid
,,,,kits,Neosolar,NEO-27141,,,2,"Kit de Energia Solar On Grid 6,20KWP-OS 5KW LI c/ Gancho p/ Cerâmica",,620,10,20.0,6200,9996.57,,0,2,10,Solar Kit Grid-Tie
,,5,48,kits,Neosolar,NEO-26674,,,1,"Kit Energia Solar On Grid Híbrido - 14.88kWp 4,8kWh Lítio 48V (26674)",,620,24,14.88,14880,0,,5,1,24,Solar Kit Hybrid
,,4,48,kits,Neosolar,NEO-26673,,,1,"Kit Energia Solar On Grid Híbrido - 14.88kWp 4,8kWh Lítio 48V (26673)",,620,24,14.88,14880,0,,4,1,24,Solar Kit Hybrid
,,6,48,kits,Neosolar,NEO-26675,,,1,"Kit Energia Solar On Grid Híbrido - 14.88kWp 4,8kWh Lítio 48V (26675)",,620,24,14.88,14880,0,,6,1,24,Solar Kit Hybrid
,,3,48,kits,Neosolar,NEO-26860,,,1,"Kit Energia Solar On Grid Híbrido - 6,2kWp 4,8kWh Lítio 48V (26860)",,620,10,2.0,6200,0,,3,1,10,Solar Kit Hybrid
,,4,48,kits,Neosolar,NEO-26861,,,1,"Kit Energia Solar On Grid Híbrido - 6,2kWp 4,8kWh Lítio 48V (26861)",,620,10,2.0,6200,0,,4,1,10,Solar Kit Hybrid
,,4,48,kits,Neosolar,NEO-26799,,,1,"Kit Energia Solar On Grid Híbrido - 6,2kWp 4,8kWh Lítio 48V (26799)",,620,10,2.0,6200,0,,4,1,10,Solar Kit Hybrid
,,1,48,kits,Neosolar,NEO-26858,,,1,"Kit Energia Solar On Grid Híbrido - 6,2kWp 4,8kWh Lítio 48V (26658)",,620,10,2.0,6200,0,,1,1,10,Solar Kit Hybrid
,,2,48,kits,Neosolar,NEO-26859,,,1,"Kit Energia Solar On Grid Híbrido - 6,2kWp 4,8kWh Lítio 48V (26859)",,620,10,2.0,6200,0,,2,1,10,Solar Kit Hybrid
,,4,48,kits,Neosolar,NEO-26849,,,1,"Kit Energia Solar On Grid Híbrido - 6,2kWp Lítio 48V (26849)",,620,10,2.0,6200,0,,4,1,10,Solar Kit Hybrid
,,3,48,kits,Neosolar,NEO-26848,,,1,"Kit Energia Solar On Grid Híbrido - 6,2kWp Lítio 48V (26848)",,620,10,2.0,6200,0,,3,1,10,Solar Kit Hybrid
,,1,48,kits,Neosolar,NEO-26846,,,1,"Kit Energia Solar On Grid Híbrido - 6,2kWp Lítio 48V (26846)",,620,10,2.0,6200,0,,1,1,10,Solar Kit Hybrid
,,2,48,kits,Neosolar,NEO-26847,,,1,"Kit Energia Solar On Grid Híbrido - 6,2kWp Lítio 48V (26847)",,620,10,2.0,6200,0,,2,1,10,Solar Kit Hybrid
,,,,kits,Neosolar,NEO-27093,,,2,"Kit de Energia Solar On Grid 6,20KWP-OS 5KW LI s/ Estrutura",,620,10,20.0,6200,8880.57,,0,2,10,Solar Kit Grid-Tie
,,2,48,kits,Neosolar,NEO-26785,,,1,"Kit Energia Solar On Grid Híbrido - 6,2kWp Lítio 48V (26785)",,620,10,2.0,6200,21254.52,,2,1,10,Solar Kit Hybrid
,,3,48,kits,Neosolar,NEO-26786,,,1,"Kit Energia Solar On Grid Híbrido - 6,2kWp Lítio 48V (26786)",,620,10,2.0,6200,25658.86,,3,1,10,Solar Kit Hybrid
,,1,48,kits,Neosolar,NEO-26796,,,1,"Kit Energia Solar On Grid Híbrido - 6,2kWp 4,8kWh Lítio 48V (26796)",,620,10,2.0,6200,23608.96,,1,1,10,Solar Kit Hybrid
,,1,48,kits,Neosolar,NEO-26784,,,1,"Kit Energia Solar On Grid Híbrido - 6,2kWp Lítio 48V (26784)",,620,10,2.0,6200,16850.19,,1,1,10,Solar Kit Hybrid
,,3,48,kits,Neosolar,NEO-26798,,,1,"Kit Energia Solar On Grid Híbrido - 6,2kWp 4,8kWh Lítio 48V (26798)",,620,10,2.0,6200,32417.63,,3,1,10,Solar Kit Hybrid
,,2,48,kits,Neosolar,NEO-26797,,,1,"Kit Energia Solar On Grid Híbrido - 6,2kWp 4,8kWh Lítio 48V (26797)",,620,10,2.0,6200,28013.29,,2,1,10,Solar Kit Hybrid
,,4,48,kits,Neosolar,NEO-26787,,,1,"Kit Energia Solar On Grid Híbrido - 6,2kWp Lítio 48V (26787)",,620,10,2.0,6200,0,,4,1,10,Solar Kit Hybrid
,,1,48,kits,Neosolar,NEO-26670,,,1,"Kit Energia Solar On Grid Híbrido - 14.88kWp 4,8kWh Lítio 48V (26670)",,620,24,14.88,14880,39291.55,,1,1,24,Solar Kit Hybrid
,,3,48,kits,Neosolar,NEO-26672,,,1,"Kit Energia Solar On Grid Híbrido - 14.88kWp 4,8kWh Lítio 48V (26672)",,620,24,14.88,14880,0,,3,1,24,Solar Kit Hybrid
,,2,48,kits,Neosolar,NEO-26671,,,1,"Kit Energia Solar On Grid Híbrido - 14.88kWp 4,8kWh Lítio 48V (26671)",,620,24,14.88,14880,0,,2,1,24,Solar Kit Hybrid
,,,,kits,Neosolar,NEO-26927,,,1,Kit Gerador Energia Solar 1.24kWp - Microinversor Deye c/ Wifi SUN2250 - Painel DAH Solar,,0,1,1.24,1240,2353.87,,0,1,4,Solar Kit Grid-Tie
,,,,kits,Neosolar,NEO-26948,,,1,Kit Gerador Energia Solar 0.62kWp - Microinversor Deye c/ Wifi SUN2250 - Painel DAH Solar s/ Estrutura,,0,1,0.62,620,1910.91,,0,1,3,Solar Kit Grid-Tie
,,,,kits,Neosolar,NEO-26934,,,1,Kit Gerador Energia Solar 1.86kWp - Microinversor Deye c/ Wifi SUN2250 - Painel DAH Solar s/ Estrutura,,0,1,1.86,1860,2687.2,,0,1,5,Solar Kit Grid-Tie
,,,,kits,Neosolar,NEO-27152,,,1,Kit Gerador Energia Solar 1.4kWp - Microinversor Deye c/ Wifi SUN2250 - Painel DAH Solar s/ Estrutura,,0,1,1.4,1400,2698.14,,0,1,4,Solar Kit Grid-Tie
,,,,kits,Neosolar,NEO-27156,,,1,Kit Gerador Energia Solar 2.1kWp - Microinversor Deye c/ Wifi SUN2250 - Painel DAH Solar Estrutura p/ Madeira,,0,1,2.1,2100,3258.74,,0,1,5,Solar Kit Grid-Tie
,,,,kits,Neosolar,NEO-27149,,,1,Kit Gerador Energia Solar 1.4kWp - Microinversor Deye c/ Wifi SUN2250 - Painel DAH Solar Estrutura p/ Madeira,,0,1,1.4,1400,2897.54,,0,1,4,Solar Kit Grid-Tie
,,,,kits,Neosolar,NEO-26941,,,1,Kit Gerador Energia Solar 2.48kWp - Microinversor Deye c/ Wifi SUN2250 - Painel DAH Solar s/ Estrutura,,0,1,2.48,2480,2873.94,,0,1,6,Solar Kit Grid-Tie
,,,,kits,Neosolar,NEO-26945,,,1,Kit Gerador Energia Solar 0.62kWp - Microinversor Deye c/ Wifi SUN2250 - Painel DAH Solar c/ Parafuso Madeira,,0,1,0.62,620,2280.09,,0,1,3,Solar Kit Grid-Tie
,,,,kits,Neosolar,NEO-27157,,,1,Kit Gerador Energia Solar 2.1kWp - Microinversor Deye c/ Wifi SUN2250 - Painel DAH Solar Estrutura Metálica,,0,1,2.1,2100,3258.74,,0,1,5,Solar Kit Grid-Tie
,,,,kits,Neosolar,NEO-27150,,,1,Kit Gerador Energia Solar 1.4kWp - Microinversor Deye c/ Wifi SUN2250 - Painel DAH Solar Estrutura Metálica,,0,1,1.4,1400,2897.54,,0,1,4,Solar Kit Grid-Tie
,,,,kits,Neosolar,NEO-27171,,,1,Kit Gerador Energia Solar 700kWp - Microinversor Deye c/ Wifi SUN2250 - Painel DAH Solar Estrutura Metálica,,0,1,700.0,700,2342.52,,0,1,3,Solar Kit Grid-Tie
,,,,kits,Neosolar,NEO-26931,,,1,Kit Gerador Energia Solar 1.86kWp - Microinversor Deye c/ Wifi SUN2250 - Painel DAH Solar c/ Parafuso Madeira,,0,1,1.86,1860,3060.7,,0,1,5,Solar Kit Grid-Tie
,,,,kits,Neosolar,NEO-26924,,,1,Kit Gerador Energia Solar 1.24kWp - Microinversor Deye c/ Wifi SUN2250 - Painel DAH Solar c/ Parafuso Madeira,,0,1,1.24,1240,2722.97,,0,1,4,Solar Kit Grid-Tie
,,,,kits,Neosolar,NEO-27163,,,1,Kit Gerador Energia Solar 2.8kWp - Microinversor Deye c/ Wifi SUN2250 - Painel DAH Solar Estrutura p/ Madeira,,0,1,2.8,2800,3249.93,,0,1,6,Solar Kit Grid-Tie
,,,,kits,Neosolar,NEO-26922,,,1,Kit Gerador Energia Solar 1.24kWp - Microinversor Deye c/ Wifi SUN2250 - Painel DAH Solar com GANCHO p/ CERÂMICA,,0,1,1.24,1240,2725.43,,0,1,4,Solar Kit Grid-Tie
,,,,kits,Neosolar,NEO-26937,,,1,Kit Gerador Energia Solar 2.48kWp - Microinversor Deye c/ Wifi SUN2250 - Painel DAH Solar c/ Mini Trilho,,0,1,2.48,2480,3242.7,,0,1,6,Solar Kit Grid-Tie
,,,,kits,Neosolar,NEO-26923,,,1,Kit Gerador Energia Solar 1.24kWp - Microinversor Deye c/ Wifi SUN2250 - Painel DAH Solar com Mini Trilho,,0,1,1.24,1240,2723.34,,0,1,4,Solar Kit Grid-Tie
,,,,kits,Neosolar,NEO-26930,,,1,Kit Gerador Energia Solar 1.86kWp - Microinversor Deye c/ Wifi SUN2250 - Painel DAH Solar c/ Mini Trilho,,0,1,1.86,1860,3056.35,,0,1,5,Solar Kit Grid-Tie
,,,,kits,Neosolar,NEO-26944,,,1,Kit Gerador Energia Solar 0.62kWp - Microinversor Deye c/ Wifi SUN2250 - Painel DAH Solar c/ Mini Trilho,,0,1,0.62,620,2280.58,,0,1,3,Solar Kit Grid-Tie
,,,,kits,Neosolar,NEO-26929,,,1,Kit Gerador Energia Solar 1.86kWp - Microinversor Deye c/ Wifi SUN2250 - Painel DAH Solar c/ Gancho p/ Cêramica,,0,1,1.86,1860,3062.47,,0,1,5,Solar Kit Grid-Tie
,,,,kits,Neosolar,NEO-26943,,,1,Kit Gerador Energia Solar 0.62kWp - Microinversor Deye c/ Wifi SUN2250 - Painel DAH Solar c/ Gancho p/ Cerâmica,,0,1,0.62,620,2283.29,,0,1,3,Solar Kit Grid-Tie
,,,,kits,Neosolar,NEO-27160,,,1,Kit Gerador Energia Solar 2.8kWp - Microinversor Deye c/ Wifi SUN2250 - Painel DAH Solar Estrutura p/ Laje,,0,1,2.8,2800,3408.54,,0,1,6,Solar Kit Grid-Tie
,,,,kits,Neosolar,NEO-27162,,,1,Kit Gerador Energia Solar 2.8kWp - Microinversor Deye c/ Wifi SUN2250 - Painel DAH Solar Estrutura c/ Mini Trilho,,0,1,2.8,2800,3252.64,,0,1,6,Solar Kit Grid-Tie
,,,,kits,Neosolar,NEO-27146,,,1,Kit Gerador Energia Solar 1.4kWp - Microinversor Deye c/ Wifi SUN2250 - Painel DAH Solar Estrutura p/ Laje,,0,1,1.4,1400,3053.39,,0,1,4,Solar Kit Grid-Tie
,,,,kits,Neosolar,NEO-27153,,,1,Kit Gerador Energia Solar 2.1kWp - Microinversor Deye c/ Wifi SUN2250 - Painel DAH Solar Estrutura p/ Laje,,0,1,2.1,2100,3417.42,,0,1,5,Solar Kit Grid-Tie
,,,,kits,Neosolar,NEO-27167,,,1,Kit Gerador Energia Solar 700kWp - Microinversor Deye c/ Wifi SUN2250 - Painel DAH Solar Estrutura p/ Laje,,0,1,700.0,700,2494.04,,0,1,3,Solar Kit Grid-Tie
,,1,48,kits,Neosolar,NEO-26845,,,1,"Kit Energia Solar On Grid Híbrido - 3,7kWp Lítio 48V (26845)",,620,6,7.0,3720,14800.61,,1,1,6,Solar Kit Hybrid
,,1,48,kits,Neosolar,NEO-26857,,,1,"Kit Energia Solar On Grid Híbrido - 3,72kWp 4,8kWh Lítio 48V (26857)",,620,6,72.0,3720,21559.38,,1,1,6,Solar Kit Hybrid
,,,,kits,Neosolar,NEO-27091,,,1,"Kit de Energia Solar On Grid 3,72KWP-OS 5KW LI s/ Estrutura",,620,6,72.0,3720,5327.97,,0,1,6,Solar Kit Grid-Tie
,,,,kits,Neosolar,NEO-27131,,,1,"Kit de Energia Solar On Grid 3,72KWP-OS 5KW LI Estrutura p/ Madeira",,620,6,72.0,3720,6071.97,,0,1,6,Solar Kit Grid-Tie
,,1,48,kits,Neosolar,NEO-26795,,,1,"Kit Energia Solar On Grid Híbrido - 3,72kWp 4,8kWh Lítio 48V (26795)",,620,6,72.0,3720,20843.75,,1,1,6,Solar Kit Hybrid
,,1,48,kits,Neosolar,NEO-26783,,,1,"Kit Energia Solar On Grid Híbrido - 3,7kWp Lítio 48V (26783)",,620,6,7.0,3720,14084.97,,1,1,6,Solar Kit Hybrid
,,1,48,kits,Neosolar,NEO-26669,,,1,"Kit Energia Solar On Grid Híbrido - 8.06kWp 4,8kWh Lítio 48V (26669)",,620,13,8.06,8060,31591.94,,1,1,13,Solar Kit Hybrid
,,1,48,kits,Neosolar,NEO-26657,,,1,"Kit Energia Solar On Grid Híbrido - 3,72kWp 4,8kWh Lítio 48V (26657)",,620,6,72.0,3720,21022.97,,1,1,6,Solar Kit Hybrid
,,,,kits,Neosolar,NEO-27137,,,1,"Kit de Energia Solar On Grid 4,96KWP-OS 5KW LI Estrutura p/ Madeira",,620,8,96.0,4960,7848.27,,0,1,8,Solar Kit Grid-Tie
,,2,48,kits,Neosolar,NEO-26766,,,1,"Kit Energia Solar On Grid Híbrido - 5.65kWp 4,8kWh Lítio 48V (26766)",,565,10,5.65,5650,27456.69,,2,1,10,Solar Kit Hybrid
,,2,48,kits,Neosolar,NEO-26754,,,1,"Kit Energia Solar On Grid Híbrido - 5.65kWp 4,8kWh Lítio 48V (26754)",,565,10,5.65,5650,20697.91,,2,1,10,Solar Kit Hybrid
,,3,48,kits,Neosolar,NEO-26767,,,1,"Kit Energia Solar On Grid Híbrido - 5.65kWp 4,8kWh Lítio 48V (26767)",,565,10,5.65,5650,31861.03,,3,1,10,Solar Kit Hybrid
,,4,48,kits,Neosolar,NEO-26768,,,1,"Kit Energia Solar On Grid Híbrido - 5.65kWp 4,8kWh Lítio 48V (26768)",,565,10,5.65,5650,0,,4,1,10,Solar Kit Hybrid
,,3,48,kits,Neosolar,NEO-26755,,,1,"Kit Energia Solar On Grid Híbrido - 5.65kWp 4,8kWh Lítio 48V (26755)",,565,10,5.65,5650,25102.25,,3,1,10,Solar Kit Hybrid
,,3,48,kits,Neosolar,NEO-26817,,,1,"Kit Energia Solar On Grid Híbrido - 5.65kWp 4,8kWh Lítio 48V (26817)",,565,10,5.65,5650,0,,3,1,10,Solar Kit Hybrid
,,1,48,kits,Neosolar,NEO-26765,,,1,"Kit Energia Solar On Grid Híbrido - 5.65kWp 4,8kWh Lítio 48V (26765)",,565,10,5.65,5650,23052.36,,1,1,10,Solar Kit Hybrid
,,1,48,kits,Neosolar,NEO-26753,,,1,"Kit Energia Solar On Grid Híbrido - 5.65kWp 4,8kWh Lítio 48V (26753)",,565,10,5.65,5650,16293.58,,1,1,10,Solar Kit Hybrid
,,1,48,kits,Neosolar,NEO-26815,,,1,"Kit Energia Solar On Grid Híbrido - 5.65kWp 4,8kWh Lítio 48V (26815)",,565,10,5.65,5650,0,,1,1,10,Solar Kit Hybrid
,,2,48,kits,Neosolar,NEO-26816,,,1,"Kit Energia Solar On Grid Híbrido - 5.65kWp 4,8kWh Lítio 48V (26816)",,565,10,5.65,5650,0,,2,1,10,Solar Kit Hybrid
,,2,48,kits,Neosolar,NEO-26628,,,1,"Kit Energia Solar On Grid Híbrido - 5.65kWp 4,8kWh Lítio 48V (26628)",,565,10,5.65,5650,0,,2,1,10,Solar Kit Hybrid
,,,,kits,Neosolar,NEO-27166,,,1,Kit Gerador Energia Solar 2.8kWp - Microinversor Deye c/ Wifi SUN2250 - Painel DAH Solar s/ Estrutura,,0,1,2.8,2800,3047.53,,0,1,6,Solar Kit Grid-Tie
,,,,kits,Neosolar,NEO-26936,,,1,Kit Gerador Energia Solar 2.48kWp - Microinversor Deye c/ Wifi SUN2250 - Painel DAH Solar c/ Gancho p/ Cerâmica,,0,1,2.48,2480,3247.51,,0,1,6,Solar Kit Grid-Tie
,,,,kits,Neosolar,NEO-27130,,,1,"Kit de Energia Solar On Grid 3,72KWP-OS 5KW LI Estrutura c/ Mini Trilho",,620,6,72.0,3720,6071.97,,0,1,6,Solar Kit Grid-Tie
,,,,kits,Neosolar,NEO-27136,,,1,"Kit de Energia Solar On Grid 4,96KWP-OS 5KW LI Estrutura c/ Mini Trilho",,620,8,96.0,4960,7848.27,,0,1,8,Solar Kit Grid-Tie
,,1,6,kits,Neosolar,NEO-25050,,,1,Kit Energia Solar Off Grid - 870Wp 100Ah/24V Lítio (25050),,435,2,0.87,870,6147.89,,1,1,2,Solar Kit Off-Grid
,,,,kits,Neosolar,NEO-27128,,,1,"Kit de Energia Solar On Grid 3,72KWP-OS 5KW LI Estrutura p/ Laje",,620,6,72.0,3720,6629.97,,0,1,6,Solar Kit Grid-Tie
,,,,kits,Neosolar,NEO-27134,,,1,"Kit de Energia Solar On Grid 4,96KWP-OS 5KW LI Estrutura p/ Laje",,620,8,96.0,4960,8406.27,,0,1,8,Solar Kit Grid-Tie
,,,,kits,Neosolar,NEO-27161,,,1,Kit Gerador Energia Solar 2.8kWp - Microinversor Deye c/ Wifi SUN2250 - Painel DAH Solar c/ Gancho p/ Cerâmica,,0,1,2.8,2800,3252.57,,0,1,6,Solar Kit Grid-Tie
,,1,48,kits,Neosolar,NEO-25055,,,1,"Kit Energia Solar Off Grid - 1,31kWp 105Ah 48V Lítio (25055)",,435,3,31.0,1305,6990.92,,1,1,3,Solar Kit Off-Grid
,,4,48,kits,Neosolar,NEO-26630,,,1,"Kit Energia Solar On Grid Híbrido - 5.65kWp 4,8kWh Lítio 48V (26630)",,565,10,5.65,5650,0,,4,1,10,Solar Kit Hybrid
,,,,kits,Neosolar,NEO-27141,,,2,"Kit de Energia Solar On Grid 6,20KWP-OS 5KW LI c/ Gancho p/ Cerâmica",,620,10,20.0,6200,9996.57,,0,2,10,Solar Kit Grid-Tie
,,5,48,kits,Neosolar,NEO-26674,,,1,"Kit Energia Solar On Grid Híbrido - 14.88kWp 4,8kWh Lítio 48V (26674)",,620,24,14.88,14880,0,,5,1,24,Solar Kit Hybrid
,,4,48,kits,Neosolar,NEO-26673,,,1,"Kit Energia Solar On Grid Híbrido - 14.88kWp 4,8kWh Lítio 48V (26673)",,620,24,14.88,14880,0,,4,1,24,Solar Kit Hybrid
,,6,48,kits,Neosolar,NEO-26675,,,1,"Kit Energia Solar On Grid Híbrido - 14.88kWp 4,8kWh Lítio 48V (26675)",,620,24,14.88,14880,0,,6,1,24,Solar Kit Hybrid
,,3,48,kits,Neosolar,NEO-26860,,,1,"Kit Energia Solar On Grid Híbrido - 6,2kWp 4,8kWh Lítio 48V (26860)",,620,10,2.0,6200,0,,3,1,10,Solar Kit Hybrid
,,4,48,kits,Neosolar,NEO-26861,,,1,"Kit Energia Solar On Grid Híbrido - 6,2kWp 4,8kWh Lítio 48V (26861)",,620,10,2.0,6200,0,,4,1,10,Solar Kit Hybrid
,,4,48,kits,Neosolar,NEO-26799,,,1,"Kit Energia Solar On Grid Híbrido - 6,2kWp 4,8kWh Lítio 48V (26799)",,620,10,2.0,6200,0,,4,1,10,Solar Kit Hybrid
,,1,48,kits,Neosolar,NEO-26858,,,1,"Kit Energia Solar On Grid Híbrido - 6,2kWp 4,8kWh Lítio 48V (26658)",,620,10,2.0,6200,0,,1,1,10,Solar Kit Hybrid
,,2,48,kits,Neosolar,NEO-26859,,,1,"Kit Energia Solar On Grid Híbrido - 6,2kWp 4,8kWh Lítio 48V (26859)",,620,10,2.0,6200,0,,2,1,10,Solar Kit Hybrid
,,4,48,kits,Neosolar,NEO-26849,,,1,"Kit Energia Solar On Grid Híbrido - 6,2kWp Lítio 48V (26849)",,620,10,2.0,6200,0,,4,1,10,Solar Kit Hybrid
,,3,48,kits,Neosolar,NEO-26848,,,1,"Kit Energia Solar On Grid Híbrido - 6,2kWp Lítio 48V (26848)",,620,10,2.0,6200,0,,3,1,10,Solar Kit Hybrid
,,1,48,kits,Neosolar,NEO-26846,,,1,"Kit Energia Solar On Grid Híbrido - 6,2kWp Lítio 48V (26846)",,620,10,2.0,6200,0,,1,1,10,Solar Kit Hybrid
,,2,48,kits,Neosolar,NEO-26847,,,1,"Kit Energia Solar On Grid Híbrido - 6,2kWp Lítio 48V (26847)",,620,10,2.0,6200,0,,2,1,10,Solar Kit Hybrid
,,,,kits,Neosolar,NEO-27093,,,2,"Kit de Energia Solar On Grid 6,20KWP-OS 5KW LI s/ Estrutura",,620,10,20.0,6200,8880.57,,0,2,10,Solar Kit Grid-Tie
,,2,48,kits,Neosolar,NEO-26785,,,1,"Kit Energia Solar On Grid Híbrido - 6,2kWp Lítio 48V (26785)",,620,10,2.0,6200,21254.52,,2,1,10,Solar Kit Hybrid
,,3,48,kits,Neosolar,NEO-26786,,,1,"Kit Energia Solar On Grid Híbrido - 6,2kWp Lítio 48V (26786)",,620,10,2.0,6200,25658.86,,3,1,10,Solar Kit Hybrid
,,1,48,kits,Neosolar,NEO-26796,,,1,"Kit Energia Solar On Grid Híbrido - 6,2kWp 4,8kWh Lítio 48V (26796)",,620,10,2.0,6200,23608.96,,1,1,10,Solar Kit Hybrid
,,1,48,kits,Neosolar,NEO-26784,,,1,"Kit Energia Solar On Grid Híbrido - 6,2kWp Lítio 48V (26784)",,620,10,2.0,6200,16850.19,,1,1,10,Solar Kit Hybrid
,,3,48,kits,Neosolar,NEO-26798,,,1,"Kit Energia Solar On Grid Híbrido - 6,2kWp 4,8kWh Lítio 48V (26798)",,620,10,2.0,6200,32417.63,,3,1,10,Solar Kit Hybrid
,,2,48,kits,Neosolar,NEO-26797,,,1,"Kit Energia Solar On Grid Híbrido - 6,2kWp 4,8kWh Lítio 48V (26797)",,620,10,2.0,6200,28013.29,,2,1,10,Solar Kit Hybrid
,,4,48,kits,Neosolar,NEO-26787,,,1,"Kit Energia Solar On Grid Híbrido - 6,2kWp Lítio 48V (26787)",,620,10,2.0,6200,0,,4,1,10,Solar Kit Hybrid
,,1,48,kits,Neosolar,NEO-26670,,,1,"Kit Energia Solar On Grid Híbrido - 14.88kWp 4,8kWh Lítio 48V (26670)",,620,24,14.88,14880,39291.55,,1,1,24,Solar Kit Hybrid
,,3,48,kits,Neosolar,NEO-26672,,,1,"Kit Energia Solar On Grid Híbrido - 14.88kWp 4,8kWh Lítio 48V (26672)",,620,24,14.88,14880,0,,3,1,24,Solar Kit Hybrid
,,2,48,kits,Neosolar,NEO-26671,,,1,"Kit Energia Solar On Grid Híbrido - 14.88kWp 4,8kWh Lítio 48V (26671)",,620,24,14.88,14880,0,,2,1,24,Solar Kit Hybrid
,,,,kits,Neosolar,NEO-27164,,,1,Kit Gerador Energia Solar 2.8kWp - Microinversor Deye c/ Wifi SUN2250 - Painel DAH Solar Estrutura Metálica,,0,1,2.8,2800,3249.93,,0,1,6,Solar Kit Grid-Tie
,,,,kits,Neosolar,NEO-27027,,,2,"Kit de Energia Solar On Grid 9,3KWP-OS 10,0KW LI Estrutura p/ Cerâmica",,565,20,3.0,11300,13121.37,,0,2,20,Solar Kit Grid-Tie
,,,,kits,Neosolar,NEO-27036,,,3,"Kit de Energia Solar On Grid 11,86KWP-OS 10,0KW LI c/ Estrutura p/ Madeira",,565,21,86.0,11865,16906.47,,0,3,21,Solar Kit Grid-Tie
,,,,kits,Neosolar,NEO-27025,,,2,"Kit de Energia Solar On Grid 9,3KWP-OS 10,0KW LI s/ Estrutura",,565,20,3.0,11300,12377.37,,0,2,20,Solar Kit Grid-Tie
,,,,kits,Neosolar,NEO-27015,,,2,"Kit de Energia Solar On Grid 7,9KWP-OS 7,5KW LI Estrutura p/ Madeira",,565,14,9.0,7910,11270.67,,0,2,14,Solar Kit Grid-Tie
,,,,kits,Neosolar,NEO-27013,,,2,"Kit de Energia Solar On Grid 7,9KWP-OS 7,5KW LI Estrutura p/ Cerâmica",,565,14,9.0,7910,11270.67,,0,2,14,Solar Kit Grid-Tie
,,,,kits,Neosolar,NEO-27037,,,3,"Kit de Energia Solar On Grid 11,86KWP-OS 10,0KW LI c/ Estrutura Metálica",,565,21,86.0,11865,16906.47,,0,3,21,Solar Kit Grid-Tie
,,,,kits,Neosolar,NEO-27022,,,2,"Kit de Energia Solar On Grid 8,4KWP-OS 7,5KW LI Estrutura p/ Madeira",,565,15,4.0,8475,12023.97,,0,2,15,Solar Kit Grid-Tie
,,,,kits,Neosolar,NEO-27011,,,2,"Kit de Energia Solar On Grid 7,9KWP-OS 7,5KW LI Estrutura s/ Estrutura",,565,14,9.0,7910,10526.67,,0,2,14,Solar Kit Grid-Tie
,,,,kits,Neosolar,NEO-27023,,,2,"Kit de Energia Solar On Grid 8,4KWP-OS 7,5KW LI Estrutura Metálica",,565,15,4.0,8475,12023.97,,0,2,15,Solar Kit Grid-Tie
,,,,kits,Neosolar,NEO-27016,,,2,"Kit de Energia Solar On Grid 7,9KWP-OS 7,5KW LI Estrutura Metálica",,565,14,9.0,7910,11270.67,,0,2,14,Solar Kit Grid-Tie
,,,,kits,Neosolar,NEO-27018,,,2,"Kit de Energia Solar On Grid 8,4KWP-OS 7,5KW LI Estrutura s/ Estrutura",,565,15,4.0,8475,11279.97,,0,2,15,Solar Kit Grid-Tie
,,,,kits,Neosolar,NEO-27029,,,2,"Kit de Energia Solar On Grid 9,3KWP-OS 10,0KW LI Estrutura p/ Madeira",,565,20,3.0,11300,13121.37,,0,2,20,Solar Kit Grid-Tie
,,,,kits,Neosolar,NEO-27034,,,3,"Kit de Energia Solar On Grid 11,86KWP-OS 10,0KW LI c/ Estrutura p/ Cerâmica",,565,21,86.0,11865,16906.47,,0,3,21,Solar Kit Grid-Tie
,,2,48,kits,Neosolar,NEO-26961,,,,"Kit de Energia Solar Off Grid c/ Inv-car - 3,4kWp 100Ah 24/220V Lítio (26961)",,565,6,4.0,3390,0,,2,0,6,Solar Kit Off-Grid
,,,,kits,Neosolar,NEO-27020,,,2,"Kit de Energia Solar On Grid 8,4KWP-OS 7,5KW LI Estrutura p/ Cerâmica",,565,15,4.0,8475,12023.97,,0,2,15,Solar Kit Grid-Tie
,,,,kits,Neosolar,NEO-27135,,,1,"Kit de Energia Solar On Grid 4,96KWP-OS 5KW LI c/ Gancho p/ Cerâmica",,620,8,96.0,4960,7848.27,,0,1,8,Solar Kit Grid-Tie
,,1,48,kits,Neosolar,NEO-26619,,,1,"Kit Energia Solar On Grid Híbrido - 5.08kWp 4,8kWh Lítio 48V (26619)",,565,9,5.08,5085,22905.69,,1,1,9,Solar Kit Hybrid
,,6,48,kits,Neosolar,NEO-26656,,,1,"Kit Energia Solar On Grid Híbrido - 9,92kWp 4,8kWh Lítio 48V (26656)",,620,16,92.0,9920,0,,6,1,16,Solar Kit Hybrid
,,4,48,kits,Neosolar,NEO-26654,,,1,"Kit Energia Solar On Grid Híbrido - 9,92kWp 4,8kWh Lítio 48V (26654)",,620,16,92.0,9920,0,,4,1,16,Solar Kit Hybrid
,,5,48,kits,Neosolar,NEO-26655,,,1,"Kit Energia Solar On Grid Híbrido - 9,92kWp 4,8kWh Lítio 48V (26655)",,620,16,92.0,9920,0,,5,1,16,Solar Kit Hybrid
,,1,48,kits,Neosolar,NEO-26651,,,1,"Kit Energia Solar On Grid Híbrido - 9,92kWp 4,8kWh Lítio 48V (26651)",,620,16,92.0,9920,0,,1,1,16,Solar Kit Hybrid
,,1,48,kits,Neosolar,NEO-26652,,,1,"Kit Energia Solar On Grid Híbrido - 9,92kWp 4,8kWh Lítio 48V (26652)",,620,16,92.0,9920,0,,1,1,16,Solar Kit Hybrid
,,1,48,kits,Neosolar,NEO-26650,,,1,"Kit Energia Solar On Grid Híbrido - 5,58kWp 4,8kWh Lítio 48V (26650)",,620,9,58.0,5580,23434.46,,1,1,9,Solar Kit Hybrid
,,3,48,kits,Neosolar,NEO-26665,,,1,"Kit Energia Solar On Grid Híbrido - 9,92kWp 4,8kWh Lítio 48V (26665)",,620,16,92.0,9920,0,,3,1,16,Solar Kit Hybrid
,,2,48,kits,Neosolar,NEO-26664,,,1,"Kit Energia Solar On Grid Híbrido - 9,92kWp 4,8kWh Lítio 48V (26664)",,620,16,92.0,9920,0,,2,1,16,Solar Kit Hybrid
,,1,48,kits,Neosolar,NEO-26663,,,1,"Kit Energia Solar On Grid Híbrido - 9,92kWp 4,8kWh Lítio 48V (26663)",,620,16,92.0,9920,31106.64,,1,1,16,Solar Kit Hybrid
,,1,48,kits,Neosolar,NEO-26662,,,1,"Kit Energia Solar On Grid Híbrido - 5,58kWp 4,8kWh Lítio 48V (26662)",,620,9,58.0,5580,25889.32,,1,1,9,Solar Kit Hybrid
,,6,48,kits,Neosolar,NEO-26668,,,1,"Kit Energia Solar On Grid Híbrido - 9,92kWp 4,8kWh Lítio 48V (26668)",,620,16,92.0,9920,0,,6,1,16,Solar Kit Hybrid
,,4,48,kits,Neosolar,NEO-26666,,,1,"Kit Energia Solar On Grid Híbrido - 9,92kWp 4,8kWh Lítio 48V (26666)",,620,16,92.0,9920,0,,4,1,16,Solar Kit Hybrid
,,5,48,kits,Neosolar,NEO-26667,,,1,"Kit Energia Solar On Grid Híbrido - 9,92kWp 4,8kWh Lítio 48V (26667)",,620,16,92.0,9920,0,,5,1,16,Solar Kit Hybrid
,,1,48,kits,Neosolar,NEO-26788,,,1,"Kit Energia Solar On Grid Híbrido - 5,58kWp Lítio 48V (26788)",,620,9,58.0,5580,21716.02,,1,1,9,Solar Kit Hybrid
,,6,48,kits,Neosolar,NEO-26794,,,1,"Kit Energia Solar On Grid Híbrido - 9.92kWp 4,8kWh Lítio 48V (26794)",,620,16,9.92,9920,0,,6,1,16,Solar Kit Hybrid
,,3,48,kits,Neosolar,NEO-26791,,,1,"Kit Energia Solar On Grid Híbrido - 9.92kWp 4,8kWh Lítio 48V (26791)",,620,16,9.92,9920,34718.8,,3,1,16,Solar Kit Hybrid
,,4,48,kits,Neosolar,NEO-26792,,,1,"Kit Energia Solar On Grid Híbrido - 9.92kWp 4,8kWh Lítio 48V (26792)",,620,16,9.92,9920,0,,4,1,16,Solar Kit Hybrid
,,5,48,kits,Neosolar,NEO-26793,,,1,"Kit Energia Solar On Grid Híbrido - 9.92kWp 4,8kWh Lítio 48V (26793)",,620,16,9.92,9920,0,,5,1,16,Solar Kit Hybrid
,,2,48,kits,Neosolar,NEO-26790,,,1,"Kit Energia Solar On Grid Híbrido - 9.92kWp 4,8kWh Lítio 48V (26790)",,620,16,9.92,9920,30314.46,,2,1,16,Solar Kit Hybrid
,,1,48,kits,Neosolar,NEO-26789,,,1,"Kit Energia Solar On Grid Híbrido - 9.92kWp 4,8kWh Lítio 48V (26789)",,620,16,9.92,9920,25910.13,,1,1,16,Solar Kit Hybrid
,,1,48,kits,Neosolar,NEO-26851,,,1,"Kit Energia Solar On Grid Híbrido - 9.92kWp 4,8kWh Lítio 48V (26851)",,620,16,9.92,9920,0,,1,1,16,Solar Kit Hybrid
,,1,48,kits,Neosolar,NEO-26852,,,1,"Kit Energia Solar On Grid Híbrido - 9.92kWp 4,8kWh Lítio 48V (26852)",,620,16,9.92,9920,0,,1,1,16,Solar Kit Hybrid
,,1,48,kits,Neosolar,NEO-26850,,,1,"Kit Energia Solar On Grid Híbrido - 5,6kWp Lítio 48V (26850)",,620,9,6.0,5580,22431.66,,1,1,9,Solar Kit Hybrid
,,6,48,kits,Neosolar,NEO-26856,,,1,"Kit Energia Solar On Grid Híbrido - 9.92kWp 4,8kWh Lítio 48V (26856)",,620,16,9.92,9920,0,,6,1,16,Solar Kit Hybrid
,,3,48,kits,Neosolar,NEO-26853,,,1,"Kit Energia Solar On Grid Híbrido - 9.92kWp 4,8kWh Lítio 48V (26853)",,620,16,9.92,9920,0,,3,1,16,Solar Kit Hybrid
,,5,48,kits,Neosolar,NEO-26855,,,1,"Kit Energia Solar On Grid Híbrido - 9.92kWp 4,8kWh Lítio 48V (26855)",,620,16,9.92,9920,0,,5,1,16,Solar Kit Hybrid
,,4,48,kits,Neosolar,NEO-26854,,,1,"Kit Energia Solar On Grid Híbrido - 9.92kWp 4,8kWh Lítio 48V (26854)",,620,16,9.92,9920,0,,4,1,16,Solar Kit Hybrid
,,,,kits,Neosolar,NEO-26928,,,1,Kit Gerador Energia Solar 1.86kWp - Microinversor Deye c/ Wifi SUN2250 - Painel DAH Solar com Base P/ Laje,,0,1,1.86,1860,3352.9,,0,1,5,Solar Kit Grid-Tie
,,,,kits,Neosolar,NEO-26921,,,1,Kit Gerador Energia Solar 1.24kWp - Microinversor Deye c/ Wifi SUN2250 - Painel DAH Solar com Base p/ Laje,,0,1,1.24,1240,3020.61,,0,1,4,Solar Kit Grid-Tie
,,,,kits,Neosolar,NEO-26942,,,1,Kit Gerador Energia Solar 0.62kWp - Microinversor Deye c/ Wifi SUN2250 - Painel DAH Solar com Base P/ Laje,,0,1,0.62,620,2582.62,,0,1,3,Solar Kit Grid-Tie
,,,,kits,Neosolar,NEO-27047,,,3,"Kit de Energia Solar On Grid 13,02KWP-OS 10,0KW LI Estrutura c/ Mini Trilho",,620,21,2.0,13020,17603.97,,0,3,21,Solar Kit Grid-Tie
,,,,kits,Neosolar,NEO-27045,,,3,"Kit de Energia Solar On Grid 13,02KWP-OS 10,0KW LI Estrutura p/ Laje",,620,21,2.0,13020,19277.97,,0,3,21,Solar Kit Grid-Tie
,,,,kits,Neosolar,NEO-27050,,,3,"Kit de Energia Solar On Grid 13,02KWP-OS 10,0KW LI Estrutura c/ Solo",,620,21,2.0,13020,18719.97,,0,3,21,Solar Kit Grid-Tie
,,,,kits,Neosolar,NEO-27054,,,2,"Kit de Energia Solar On Grid 12,4KWP-OS 10,0KW LI Estrutura c/ Mini Trilho",,620,20,4.0,12400,16497.27,,0,2,20,Solar Kit Grid-Tie
,,,,kits,Neosolar,NEO-27052,,,2,"Kit de Energia Solar On Grid 12,4KWP-OS 10,0KW LI Estrutura p/ Laje",,620,20,4.0,12400,17892.27,,0,2,20,Solar Kit Grid-Tie
,,,,kits,Neosolar,NEO-27059,,,3,"Kit de Energia Solar On Grid 9,3KWP-OS 7,5KW LI Estrutura p/ Laje",,620,15,3.0,9300,14274.57,,0,3,15,Solar Kit Grid-Tie
,,,,kits,Neosolar,NEO-27057,,,2,"Kit de Energia Solar On Grid 12,4KWP-OS 10,0KW LI Estrutura c/ Solo",,620,20,4.0,12400,17427.27,,0,2,20,Solar Kit Grid-Tie
,,,,kits,Neosolar,NEO-27064,,,3,"Kit de Energia Solar On Grid 9,3KWP-OS 7,5KW LI Estrutura c/ Solo",,620,15,3.0,9300,13902.57,,0,3,15,Solar Kit Grid-Tie
,,,,kits,Neosolar,NEO-27066,,,2,"Kit de Energia Solar On Grid 8,6KWP-OS 7,5KW LI Estrutura p/ Laje",,620,14,6.0,8680,13493.37,,0,2,14,Solar Kit Grid-Tie
,,,,kits,Neosolar,NEO-27076,,,2,"Kit de Energia Solar On Grid 7,44KWP-OS 6KW LI Estrutura Metálica",,620,12,44.0,7440,10173.27,,0,2,12,Solar Kit Grid-Tie
,,,,kits,Neosolar,NEO-27072,,,2,"Kit de Energia Solar On Grid 7,44KWP-OS 6KW LI Estrutura p/ Laje",,620,12,44.0,7440,11010.27,,0,2,12,Solar Kit Grid-Tie
,,,,kits,Neosolar,NEO-27071,,,2,"Kit de Energia Solar On Grid 8,6KWP-OS 7,5KW LI Estrutura p/ Solo",,620,14,6.0,8680,13121.37,,0,2,14,Solar Kit Grid-Tie
,,,,kits,Neosolar,NEO-27077,,,2,"Kit de Energia Solar On Grid 7,44KWP-OS 6KW LI Estrutura c/ Solo",,620,12,44.0,7440,10731.27,,0,2,12,Solar Kit Grid-Tie
,,,,kits,Neosolar,NEO-27133,,,1,"Kit de Energia Solar On Grid 3,72KWP-OS 5KW LI Estrutura p/ Solo",,620,6,72.0,3720,6443.97,,0,1,6,Solar Kit Grid-Tie
,,,,kits,Neosolar,NEO-27144,,,2,"Kit de Energia Solar On Grid 6,20KWP-OS 5KW LI Estrutura Metálica",,620,10,20.0,6200,9996.57,,0,2,10,Solar Kit Grid-Tie
,,,,kits,Neosolar,NEO-27145,,,2,"Kit de Energia Solar On Grid 6,20KWP-OS 5KW LI Estrutura p/ Solo",,620,10,20.0,6200,10554.57,,0,2,10,Solar Kit Grid-Tie
,,,,kits,Neosolar,NEO-27139,,,1,"Kit de Energia Solar On Grid 4,96KWP-OS 5KW LI Estrutura p/ Solo",,620,8,96.0,4960,8220.27,,0,1,8,Solar Kit Grid-Tie
,,,,kits,Neosolar,NEO-21607,,,1,"Kit Gerador Energia Solar 1,74 kWp - Microinversor Deye c/ Wifi SUN2000 - Painel OSDA Com Estrutura",,0,74,74.0,1740,0,,0,1,77,Solar Kit Grid-Tie
,,,,kits,Neosolar,NEO-21608,,,1,"Kit Gerador Energia Solar 1,74 kWp - Microinversor Deye c/ Wifi SUN2000 - Painel OSDA Com Estrtura",,0,74,74.0,1740,0,,0,1,77,Solar Kit Grid-Tie
,,,,kits,Neosolar,NEO-21611,,,1,"Kit Gerador Energia Solar 0,58 kWp - Microinversor Deye c/ Wifi SUN2000 - Painel OSDA (Metálica)",,0,58,58.0,580,0,,0,1,59,Solar Kit Grid-Tie
,,,,kits,Neosolar,NEO-21287,,,1,"Kit Gerador Energia Solar 1,72 kWp - Microinversor Deye c/ Wifi SUN2000 - Painel OSDA Com Estrtutura",,0,72,72.0,1725,0,,0,1,75,Solar Kit Grid-Tie
,,,,kits,Neosolar,NEO-21286,,,1,"Kit Gerador Energia Solar 1,78 kWp - Microinversor Deye c/ Wifi SUN2000 - Painel Luxen (Solo)",,0,78,78.0,1785,0,,0,1,81,Solar Kit Grid-Tie
,,,,kits,Neosolar,NEO-21267,,,1,"Kit Gerador Energia Solar 2,38 kWp - Microinversor Deye c/ Wifi SUN2000 - Painel Luxen (Solo)",,0,38,38.0,2380,0,,0,1,42,Solar Kit Grid-Tie
,,,,kits,Neosolar,NEO-21124,,,1,"Kit Gerador Energia Solar 2,30 kWp - Microinversor Deye c/ Wifi SUN2000 - Painel OSDA (Mini Trilho)",,0,30,30.0,2300,0,,0,1,34,Solar Kit Grid-Tie
,,,,kits,Neosolar,NEO-21609,,,1,"Kit Gerador Energia Solar 0,58 kWp - Microinversor Deye c/ Wifi SUN2000 - Painel OSDA (Cerâmica)",,0,58,58.0,580,0,,0,1,59,Solar Kit Grid-Tie
,,,,kits,Neosolar,NEO-21073,,,1,"Kit Gerador Energia Solar 1,72 kWp - Microinversor Deye c/ Wifi SUN2000 - Painel OSDA Com Estrtura",,0,74,72.0,1740,0,,0,1,77,Solar Kit Grid-Tie
,,,,kits,Neosolar,NEO-21070,,,1,"Kit Gerador Energia Solar 1,78 kWp - Microinversor Deye c/ Wifi SUN2000 - Painel Luxen (Metálica)",,0,78,78.0,1785,0,,0,1,81,Solar Kit Grid-Tie
,,,,kits,Neosolar,NEO-21068,,,1,"Kit Gerador Energia Solar 1,78 kWp - Microinversor Deye c/ Wifi SUN2000 - Painel Luxen (Cerâmica)",,0,78,78.0,1785,0,,0,1,81,Solar Kit Grid-Tie
,,,,kits,Neosolar,NEO-21071,,,1,"Kit Gerador Energia Solar 1,78 kWp - Microinversor Deye c/ Wifi SUN2000 - Painel Luxen (Laje)",,0,78,78.0,1785,0,,0,1,81,Solar Kit Grid-Tie
,,,,kits,Neosolar,NEO-21047,,,1,"Kit Gerador Energia Solar 2,30 kWp - Microinversor Deye c/ Wifi SUN2000 - Painel OSDA (Metálica)",,0,30,30.0,2300,0,,0,1,34,Solar Kit Grid-Tie
,,,,kits,Neosolar,NEO-21043,,,1,"Kit Gerador Energia Solar 2,38 kWp - Microinversor Deye c/ Wifi SUN2000 - Painel Luxen (Metálica)",,0,38,38.0,2380,0,,0,1,42,Solar Kit Grid-Tie
,,4,48,kits,Neosolar,NEO-24909,,,1,"Kit Energia Solar On Grid Híbrido - 9,76kWp 4,8kWh Lítio 48V (24909)",,610,16,76.0,9760,0,,4,1,16,Solar Kit Hybrid
,,3,48,kits,Neosolar,NEO-24931,,,1,"Kit Energia Solar On Grid Híbrido - 9,76kWp 4,8kWh Lítio 48V (24931)",,610,16,76.0,9760,0,,3,1,16,Solar Kit Hybrid
,,1,48,kits,Neosolar,NEO-24942,,,1,"Kit Energia Solar On Grid Híbrido - 14,64kWp 4,8kWh Lítio 48V (24942)",,610,24,64.0,14640,0,,1,1,24,Solar Kit Hybrid
,,2,48,kits,Neosolar,NEO-24919,,,1,"Kit Energia Solar On Grid Híbrido - 6,1kWp 4,8kWh Lítio 48V (24919)",,610,10,1.0,6100,0,,2,1,10,Solar Kit Hybrid
,,,,kits,Neosolar,NEO-25069,,,3,"Kit de Energia Solar On Grid - 12,81kWp (P/ Cerâmica)",,610,21,81.0,12810,0,,0,3,21,Solar Kit Grid-Tie
,,,,kits,Neosolar,NEO-25093,,,3,"Kit de Energia Solar On Grid - 12,81kWp (P/ Mini Trilho)",,610,21,81.0,12810,0,,0,3,21,Solar Kit Grid-Tie
,,,,kits,Neosolar,NEO-25077,,,3,"Kit de Energia Solar On Grid - 12,81kWp (P/ Madeira)",,610,21,81.0,12810,0,,0,3,21,Solar Kit Grid-Tie
,,,,kits,Neosolar,NEO-25092,,,3,"Kit de Energia Solar On Grid - 12,20kWp (P/ Mini trilho)",,610,20,20.0,12200,0,,0,3,20,Solar Kit Grid-Tie
,,,,kits,Neosolar,NEO-25075,,,3,"Kit de Energia Solar On Grid - 9,15kWp (P/ Madeira)",,610,15,15.0,9150,0,,0,3,15,Solar Kit Grid-Tie
,,,,kits,Neosolar,NEO-25072,,,2,"Kit de Energia Solar On Grid - 6,10kWp (P/ Madeira)",,610,10,10.0,6100,0,,0,2,10,Solar Kit Grid-Tie
,,,,kits,Neosolar,NEO-25064,,,2,"Kit de Energia Solar On Grid - 6,10kWp (P/ Cerâmica)",,610,10,10.0,6100,0,,0,2,10,Solar Kit Grid-Tie
,,,,kits,Neosolar,NEO-24977,,,2,"Kit de Energia Solar On Grid - 6,10kWp (P/ Cerâmica)",,610,10,10.0,6100,0,,0,2,10,Solar Kit Grid-Tie
,,,,kits,Neosolar,NEO-22888,,,1,"Kit Gerador Energia Solar 2,32 kWp - Microinversor Deye c/ Wifi SUN2250 - Painel OSDA- Solo",,0,32,32.0,2320,0,,0,1,36,Solar Kit Grid-Tie
,,,,kits,Neosolar,NEO-22886,,,1,"Kit Gerador Energia Solar 1,74 kWp - Microinversor Deye c/ Wifi SUN2250 - Painel OSDA",,0,74,74.0,1740,0,,0,1,77,Solar Kit Grid-Tie
,,,,kits,Neosolar,NEO-21120,,,1,"Kit Gerador Energia Solar 0,59 kWp - Microinversor Deye c/ Wifi SUN2000 - Painel Luxen (Metálica)",,0,595,59.0,595,0,,0,1,596,Solar Kit Grid-Tie
,,,,kits,Neosolar,NEO-21573,,,1,"Kit Gerador Energia Solar 1,72 kWp - Microinversor Deye c/ Wifi SUN2000 - Painel OSDA Com Estrutura",,0,72,72.0,1725,0,,0,1,75,Solar Kit Grid-Tie
,,,,kits,Neosolar,NEO-21510,,,1,"Kit Gerador Energia Solar 0,58 kWp - Microinversor Deye c/ Wifi SUN2000 - Painel OSDA (Mini Trilho)",,0,58,58.0,580,0,,0,1,59,Solar Kit Grid-Tie
,,,,kits,Neosolar,NEO-21401,,,1,"Kit Gerador Energia Solar 0,57 kWp - Microinversor Deye c/ Wifi SUN2000 - Painel OSDA (Cerâmica)",,0,57,57.0,575,0,,0,1,58,Solar Kit Grid-Tie
,,,,kits,Neosolar,NEO-21603,,,1,"Kit Gerador Energia Solar 1,16 kWp - Microinversor Deye c/ Wifi SUN2000 - Painel OSDA Com Estrutura",,0,16,16.0,1160,0,,0,1,18,Solar Kit Grid-Tie
,,,,kits,Neosolar,NEO-23098,,,1,"Kit Gerador Energia Solar 2,34 kWp - Microinversor Deye c/ Wifi SUN2250 - Painel OSDA | Estrutura para Telha Cerâmica",,0,34,34.0,2340,0,,0,1,38,Solar Kit Grid-Tie
,,,,kits,Neosolar,NEO-23004,,,1,"Kit Gerador Energia Solar 2,32 kWp - Microinversor Deye c/ Wifi SUN2250 - Painel OSDA- Metálica",,0,32,32.0,2320,0,,0,1,36,Solar Kit Grid-Tie
,,,,kits,Neosolar,NEO-22998,,,1,"Kit Gerador Energia Solar 2,32 kWp - Microinversor Deye c/ Wifi SUN2250 - Painel OSDA- Cerâmica",,0,32,32.0,2320,0,,0,1,36,Solar Kit Grid-Tie
,,,,kits,Neosolar,NEO-22982,,,1,"Kit Gerador Energia Solar 0,58 kWp - Microinversor Deye c/ Wifi SUN2250 - Painel OSDA- Solo",,0,58,58.0,580,0,,0,1,59,Solar Kit Grid-Tie
,,,,kits,Neosolar,NEO-20926,,,1,"Kit Gerador Energia Solar 2,38 kWp - Microinversor Deye c/ Wifi SUN2000 - Painel Luxen - Sem estrutura",,0,38,38.0,2380,0,,0,1,42,Solar Kit Grid-Tie
,,,,kits,Neosolar,NEO-20975,,,1,"Kit Gerador Energia Solar 1,78 kWp - Microinversor Deye c/ Wifi SUN2000 - Painel Luxen (sem estrutur",,0,78,78.0,1785,0,,0,1,81,Solar Kit Grid-Tie
,,,,kits,Neosolar,NEO-20832,,,1,"Kit Gerador Energia Solar 1,15 kWp - Microinversor Deye c/ Wifi SUN2000 - Painel OSDA (Sem estrutura",,0,15,15.0,1150,0,,0,1,17,Solar Kit Grid-Tie
,,,,kits,Neosolar,NEO-20826,,,1,"Kit Gerador Energia Solar 2,30 kWp - Microinversor Deye c/ Wifi SUN2000 - Painel OSDA (Sem Estrutura",,0,30,30.0,2300,0,,0,1,34,Solar Kit Grid-Tie
,,,,kits,Neosolar,NEO-20838,,,1,"Kit Gerador Energia Solar 1,72 kWp - Microinversor Deye c/ Wifi SUN2000 - Painel OSDA Sem Estrutura",,0,72,72.0,1725,0,,0,1,75,Solar Kit Grid-Tie
,,,,kits,Neosolar,NEO-23087,,,1,"Kit Gerador Energia Solar 1,17 kWp - Microinversor Deye c/ Wifi SUN2250 - Painel OSDA- Metal",,0,17,17.0,1170,0,,0,1,19,Solar Kit Grid-Tie
,,,,kits,Neosolar,NEO-23003,,,1,"Kit Gerador Energia Solar 2,32 kWp - Microinversor Deye c/ Wifi SUN2250 - Painel OSDA- Madeira",,0,32,32.0,2320,0,,0,1,36,Solar Kit Grid-Tie
,,,,kits,Neosolar,NEO-23005,,,1,"Kit Gerador Energia Solar 2,32 kWp - Microinversor Deye c/ Wifi SUN2250 - Painel OSDA- Laje",,0,32,32.0,2320,0,,0,1,36,Solar Kit Grid-Tie
,,,,kits,Neosolar,NEO-22981,,,1,"Kit Gerador Energia Solar 0,58 kWp - Microinversor Deye c/ Wifi SUN2250 - Painel OSDA- Laje",,0,58,58.0,580,0,,0,1,59,Solar Kit Grid-Tie
,,,,kits,Neosolar,NEO-22996,,,1,"Kit Gerador Energia Solar 1,74 kWp - Microinversor Deye c/ Wifi SUN2250 - Painel OSDA- Solo",,0,74,74.0,1740,0,,0,1,77,Solar Kit Grid-Tie
,,,,kits,Neosolar,NEO-22986,,,1,"Kit Gerador Energia Solar 1,16 kWp - Microinversor Deye c/ Wifi SUN2250 - Painel OSDA- Madeira",,0,16,16.0,1160,0,,0,1,18,Solar Kit Grid-Tie
,,,,kits,Neosolar,NEO-23007,,,1,"Kit Gerador Energia Solar 2,32 kWp - Microinversor Deye c/ Wifi SUN2250 - Painel OSDA",,0,32,32.0,2320,0,,0,1,36,Solar Kit Grid-Tie
,,,,kits,Neosolar,NEO-23103,,,1,"Kit Gerador Energia Solar 2,34 kWp - Microinversor Deye c/ Wifi SUN2250 - Painel OSDA | Estrutira para solo",,0,34,34.0,2340,0,,0,1,38,Solar Kit Grid-Tie
,,,,kits,Neosolar,NEO-23102,,,1,"Kit Gerador Energia Solar 2,34 kWp - Microinversor Deye c/ Wifi SUN2250 - Painel OSDA | estrutura para laje",,0,34,34.0,2340,0,,0,1,38,Solar Kit Grid-Tie
,,,,kits,Neosolar,NEO-23091,,,1,"Kit Gerador Energia Solar 1,75 kWp - Microinversor Deye c/ Wifi SUN2250 - Painel OSDA",,0,75,75.0,1755,0,,0,1,78,Solar Kit Grid-Tie
,,,,kits,Neosolar,NEO-23086,,,1,"Kit Gerador Energia Solar 1,17 kWp - Microinversor Deye c/ Wifi SUN2250 - Painel OSDA- Madeira",,0,17,17.0,1170,0,,0,1,19,Solar Kit Grid-Tie
,,,,kits,Neosolar,NEO-23079,,,1,"Kit Gerador Energia Solar 0,58 kWp - Microinversor Deye c/ Wifi SUN2250 - Painel OSDA - Madeira",,0,58,58.0,585,0,,0,1,59,Solar Kit Grid-Tie
,,,,kits,Neosolar,NEO-23081,,,1,"Kit Gerador Energia Solar 0,58 kWp - Microinversor Deye c/ Wifi SUN2250 - Painel OSDA - Laje",,0,58,58.0,585,0,,0,1,59,Solar Kit Grid-Tie
,,,,kits,Neosolar,NEO-23083,,,1,"Kit Gerador Energia Solar 0,58 kWp - Microinversor Deye c/ Wifi SUN2250 - Painel OSDA",,0,58,58.0,585,0,,0,1,59,Solar Kit Grid-Tie
,,,,kits,Neosolar,NEO-22357,,,1,"Kit Gerador Energia Solar 0,59 kWp - Microinversor Deye c/ Wifi SUN2000 - Painel Luxen - Estrutura Mini Trilho",,0,595,59.0,595,0,,0,1,596,Solar Kit Grid-Tie
,,,,kits,Neosolar,NEO-22223,,,1,"Kit Gerador Energia Solar 1,65 kWp - Microinversor Deye c/ Wifi SUN2000 - Painel Sunova (Mini Trilho)",,0,65,65.0,1650,0,,0,1,68,Solar Kit Grid-Tie
,,,,kits,Neosolar,NEO-22215,,,1,"Kit Gerador Energia Solar 1,10 kWp - Microinversor Deye c/ Wifi SUN2000 - Painel Sunova (Cerâmica)",,0,10,10.0,1100,0,,0,1,12,Solar Kit Grid-Tie
,,,,kits,Neosolar,NEO-22175,,,1,"Kit Gerador Energia Solar 1,16 kWp - Microinversor Deye c/ Wifi SUN2000 - Painel Sunova (Mini Trilho)",,0,16,16.0,1160,0,,0,1,18,Solar Kit Grid-Tie
,,,,kits,Neosolar,NEO-22173,,,1,"Kit Gerador Energia Solar 1,16 kWp - Microinversor Deye c/ Wifi SUN2000 - Painel Sunova (Para Laje)",,0,16,16.0,1160,0,,0,1,18,Solar Kit Grid-Tie
,,,,kits,Neosolar,NEO-22177,,,1,"Kit Gerador Energia Solar 1,16 kWp - Microinversor Deye c/ Wifi SUN2000 - Painel Sunova (Metálica)",,0,16,16.0,1160,0,,0,1,18,Solar Kit Grid-Tie
,,,,kits,Neosolar,NEO-22181,,,1,"Kit Gerador Energia Solar 1,74 kWp - Microinversor Deye c/ Wifi SUN2000 - Painel Sunova (Cerâmica)",,0,74,74.0,1740,0,,0,1,77,Solar Kit Grid-Tie
,,,,kits,Neosolar,NEO-22179,,,1,"Kit Gerador Energia Solar 1,16 kWp - Microinversor Deye c/ Wifi SUN2000 - Painel Sunova (Sem Estrutura)",,0,16,16.0,1160,0,,0,1,18,Solar Kit Grid-Tie
,,,,kits,Neosolar,NEO-22220,,,1,"Kit Gerador Energia Solar 1,10 kWp - Microinversor Deye c/ Wifi SUN2000 - Painel Sunova (Sem Estrutura)",,0,10,10.0,1100,0,,0,1,12,Solar Kit Grid-Tie
,,,,kits,Neosolar,NEO-22171,,,1,"Kit Gerador Energia Solar 0,58 kWp - Microinversor Deye c/ Wifi SUN2000 - Painel Sunova (Solo)",,0,58,58.0,580,0,,0,1,59,Solar Kit Grid-Tie
,,,,kits,Neosolar,NEO-22407,,,1,"Kit Gerador Energia Solar 0,58 kWp - Microinversor Deye c/ Wifi SUN2000 - Painel OSDA (Mini Trilho)",,0,58,58.0,580,0,,0,1,59,Solar Kit Grid-Tie
,,,,kits,Neosolar,NEO-22307,,,1,"Kit Gerador Energia Solar 0,55 kWp - Microinversor Deye c/ Wifi SUN2000 - Painel Sunova (Solo)",,0,55,55.0,550,0,,0,1,56,Solar Kit Grid-Tie
,,,,kits,Neosolar,NEO-22296,,,1,"Kit Gerador Energia Solar 2,32 kWp - Microinversor Deye c/ Wifi SUN2000 - Painel Sunova (Cerâmica)",,0,32,32.0,2320,0,,0,1,36,Solar Kit Grid-Tie
,,,,kits,Neosolar,NEO-22299,,,1,"Kit Gerador Energia Solar 2,32 kWp - Microinversor Deye c/ Wifi SUN2000 - Painel Sunova (Metal)",,0,32,32.0,2320,0,,0,1,36,Solar Kit Grid-Tie
,,,,kits,Neosolar,NEO-22309,,,1,"Kit Gerador Energia Solar 1,10 kWp - Microinversor Deye c/ Wifi SUN2000 - Painel Sunova (Laje)",,0,10,10.0,1100,0,,0,1,12,Solar Kit Grid-Tie
,,,,kits,Neosolar,NEO-22457,,,1,"Kit Gerador Energia Solar 0,59 kWp - Microinversor Deye c/ Wifi SUN2000 - Painel Luxen (Metálica)",,0,595,59.0,595,0,,0,1,596,Solar Kit Grid-Tie
,,,,kits,Neosolar,NEO-22249,,,1,"Kit Gerador Energia Solar 1,74 kWp - Microinversor Deye c/ Wifi SUN2000 - Painel Sunova (Cerâmica)",,0,74,74.0,2320,0,,0,1,78,Solar Kit Grid-Tie
,,,,kits,Neosolar,NEO-22251,,,1,"Kit Gerador Energia Solar 1,74 kWp - Microinversor Deye c/ Wifi SUN2000 - Painel Sunova (Metal)",,0,74,74.0,2200,0,,0,1,78,Solar Kit Grid-Tie
,,,,kits,Neosolar,NEO-22051,,,1,"Kit Gerador Energia Solar 1,74 kWp - Microinversor Deye c/ Wifi SUN2000 - Painel OSDA (Cerâmica)",,0,74,74.0,1740,0,,0,1,77,Solar Kit Grid-Tie
,,,,kits,Neosolar,NEO-22311,,,1,"Kit Gerador Energia Solar 1,10 kWp - Microinversor Deye c/ Wifi SUN2000 - Painel Sunova (Mini Trilho)",,0,10,10.0,1100,0,,0,1,12,Solar Kit Grid-Tie
,,,,kits,Neosolar,NEO-22326,,,1,"Kit Gerador Energia Solar 2,20 kWp - Microinversor Deye c/ Wifi SUN2000 - Painel Sunova (Madeira)",,0,20,20.0,2200,0,,0,1,24,Solar Kit Grid-Tie
,,,,kits,Neosolar,NEO-22253,,,1,"Kit Gerador Energia Solar 2,32 kWp - Microinversor Deye c/ Wifi SUN2000 - Painel Sunova (Cerâmica)",,0,32,32.0,2320,0,,0,1,36,Solar Kit Grid-Tie
,,,,kits,Neosolar,NEO-22331,,,1,"Kit Gerador Energia Solar 2,38 kWp - Microinversor Deye c/ Wifi SUN2000 - Painel Luxen - Estrutura Cerâmica",,0,38,38.0,2380,0,,0,1,42,Solar Kit Grid-Tie
,,,,kits,Neosolar,NEO-22178,,,1,"Kit Gerador Energia Solar 1,16 kWp - Microinversor Deye c/ Wifi SUN2000 - Painel Sunova (Solo)",,0,16,16.0,1160,0,,0,1,18,Solar Kit Grid-Tie
,,,,kits,Neosolar,NEO-22182,,,1,"Kit Gerador Energia Solar 1,74 kWp - Microinversor Deye c/ Wifi SUN2000 - Painel Sunova (Mini Trilho)",,0,74,74.0,1740,0,,0,1,77,Solar Kit Grid-Tie
,,,,kits,Neosolar,NEO-22180,,,1,"Kit Gerador Energia Solar 1,74 kWp - Microinversor Deye c/ Wifi SUN2000 - Painel Sunova (Para Laje)",,0,74,74.0,1740,0,,0,1,77,Solar Kit Grid-Tie
,,,,kits,Neosolar,NEO-22176,,,1,"Kit Gerador Energia Solar 1,16 kWp - Microinversor Deye c/ Wifi SUN2000 - Painel Sunova (Madeira)",,0,16,16.0,1160,0,,0,1,18,Solar Kit Grid-Tie
,,,,kits,Neosolar,NEO-22287,,,1,"Kit Gerador Energia Solar 1,16 kWp - Microinversor Deye c/ Wifi SUN2000 - Painel Sunova",,0,16,16.0,1160,0,,0,1,18,Solar Kit Grid-Tie
,,,,kits,Neosolar,NEO-22166,,,1,"Kit Gerador Energia Solar 0,58 kWp - Microinversor Deye c/ Wifi SUN2000 - Painel Sunova (Laje)",,0,58,58.0,580,0,,0,1,59,Solar Kit Grid-Tie
,,,,kits,Neosolar,NEO-22302,,,55,"Kit Gerador Energia Solar 0,55 kWp - Microinversor Deye c/ Wifi SUN2000 - Painel Sunova (Laje)",,,,55.0,0,0,,0,55,0,Solar Kit Grid-Tie
,,,,kits,Neosolar,NEO-21807,,,1,"Kit Gerador Energia Solar 1,74 kWp - Microinversor Deye c/ Wifi SUN2000 - Painel OSDA (Solo)",,0,74,74.0,1740,0,,0,1,77,Solar Kit Grid-Tie
,,,,kits,Neosolar,NEO-21253,,,1,"Kit Gerador Energia Solar 1,74 kWp - Microinversor Deye c/ Wifi SUN2000 - Painel OSDA Com Estrtura",,0,74,74.0,1740,0,,0,1,77,Solar Kit Grid-Tie
,,,,kits,Neosolar,NEO-21254,,,1,"Kit Gerador Energia Solar 1,74 kWp - Microinversor Deye c/ Wifi SUN2000 - Painel OSDA Com Estrtura",,0,74,74.0,1740,0,,0,1,77,Solar Kit Grid-Tie
,,,,kits,Neosolar,NEO-21777,,,1,"Kit Gerador Energia Solar 2,32 kWp - Microinversor Deye c/ Wifi SUN2000 - Painel OSDA (Mini Trilho)",,0,32,32.0,2320,0,,0,1,36,Solar Kit Grid-Tie
,,,,kits,Neosolar,NEO-21240,,,1,"Kit Gerador Energia Solar 2,32 kWp - Microinversor Deye c/ Wifi SUN2000 - Painel OSDA (Para Solo)",,0,32,32.0,2320,0,,0,1,36,Solar Kit Grid-Tie
,,,,kits,Neosolar,NEO-21816,,,1,"Kit Gerador Energia Solar 1,74 kWp - Microinversor Deye c/ Wifi SUN2000 - Painel OSDA Com Estrutura",,0,74,74.0,1740,0,,0,1,77,Solar Kit Grid-Tie
,,,,kits,Neosolar,NEO-21790,,,1,"Kit Gerador Energia Solar 0,58 kWp - Microinversor Deye c/ Wifi SUN2000 - Painel OSDA (Mini Trilho)",,0,58,58.0,580,0,,0,1,59,Solar Kit Grid-Tie
,,,,kits,Neosolar,NEO-21250,,,1,"Kit Gerador Energia Solar 1,74 kWp - Microinversor Deye c/ Wifi SUN2000 - Painel OSDA Com Estrtura",,0,74,74.0,1740,0,,0,1,77,Solar Kit Grid-Tie
,,,,kits,Neosolar,NEO-24688,,,1,"Kit Gerador Energia Solar  2,44kWp - Microinversor Deye c/ Wifi SUN2250 - Painel Sunova | P/ Cerâmica",,0,1,44.0,2440,0,,0,1,5,Solar Kit Grid-Tie
,,,,kits,Neosolar,NEO-22884,,,1,"Kit Gerador Energia Solar 1,74 kWp - Microinversor Deye c/ Wifi SUN2250 - Painel OSDA- Laje",,0,74,74.0,1740,0,,0,1,77,Solar Kit Grid-Tie
,,,,kits,Neosolar,NEO-21402,,,1,"Kit Gerador Energia Solar 0,57 kWp - Microinversor Deye c/ Wifi SUN2000 - Painel OSDA (Metálica)",,0,57,57.0,575,0,,0,1,58,Solar Kit Grid-Tie
,,,,kits,Neosolar,NEO-21123,,,1,"Kit Gerador Energia Solar 2,38 kWp - Microinversor Deye c/ Wifi SUN2000 - Painel Luxen (Mini Trilho)",,0,38,38.0,2380,0,,0,1,42,Solar Kit Grid-Tie
,,,,kits,Neosolar,NEO-21281,,,1,"Kit Gerador Energia Solar 2,30 kWp - Microinversor Deye c/ Wifi SUN2000 - Painel OSDA (Para Solo)",,0,30,30.0,2300,0,,0,1,34,Solar Kit Grid-Tie
,,,,kits,Neosolar,NEO-21804,,,1,"Kit Gerador Energia Solar 1,74 kWp - Microinversor Deye c/ Wifi SUN2000 - Painel OSDA (Mini Trilho)",,0,74,74.0,1740,0,,0,1,77,Solar Kit Grid-Tie
,,,,kits,Neosolar,NEO-21761,,,,"Kit Energia Solar On Grid Híbrido - 6,38kWp 5000Wh Lítio 220V - Sem Estrutura",,0,1,38.0,0,0,,0,0,1,Solar Kit Hybrid
,,4,48,kits,Neosolar,NEO-24900,,,1,"Kit Energia Solar On Grid Híbrido - 6,1kWp 4,8kWh Lítio 48V (24900)",,610,10,1.0,6100,0,,4,1,10,Solar Kit Hybrid
,,4,48,kits,Neosolar,NEO-24899,,,1,"Kit Energia Solar On Grid Híbrido - 6,1kWp 4,8kWh Lítio 48V (24899)",,610,10,1.0,6100,0,,4,1,10,Solar Kit Hybrid
,,1,48,kits,Neosolar,NEO-24903,,,1,"Kit Energia Solar On Grid Híbrido - 9,76kWp 4,8kWh Lítio 48V (24903)",,610,16,76.0,9760,0,,1,1,16,Solar Kit Hybrid
,,1,48,kits,Neosolar,NEO-24902,,,1,"Kit Energia Solar On Grid Híbrido - 5,49kWp 4,8kWh Lítio 48V (24902)",,610,9,49.0,5490,0,,1,1,9,Solar Kit Hybrid
,,1,48,kits,Neosolar,NEO-24901,,,1,"Kit Energia Solar On Grid Híbrido - 5,49kWp 4,8kWh Lítio 48V (24901)",,610,9,49.0,5490,0,,1,1,9,Solar Kit Hybrid
,,4,48,kits,Neosolar,NEO-24933,,,1,"Kit Energia Solar On Grid Híbrido - 9,76kWp 4,8kWh Lítio 48V (24933)",,610,16,76.0,9760,0,,4,1,16,Solar Kit Hybrid
,,1,48,kits,Neosolar,NEO-24892,,,1,"Kit Energia Solar On Grid Híbrido - 3,66kWp 4,8kWh Lítio 48V (24892)",,610,6,66.0,3660,0,,1,1,6,Solar Kit Hybrid
,,1,48,kits,Neosolar,NEO-24925,,,1,"Kit Energia Solar On Grid Híbrido - 5,49kWp 4,8kWh Lítio 48V (24925)",,610,9,49.0,5490,0,,1,1,9,Solar Kit Hybrid
,,6,48,kits,Neosolar,NEO-24938,,,1,"Kit Energia Solar On Grid Híbrido - 9,76kWp 4,8kWh Lítio 48V (24938)",,610,16,76.0,9760,0,,6,1,16,Solar Kit Hybrid
,,,,kits,Neosolar,NEO-25076,,,3,"Kit de Energia Solar On Grid - 12,20kWp (P/ Madeira)",,610,20,20.0,12200,0,,0,3,20,Solar Kit Grid-Tie
,,,,kits,Neosolar,NEO-25074,,,3,"Kit de Energia Solar On Grid - 8,54kWp (P/ Madeira)",,610,14,54.0,8540,0,,0,3,14,Solar Kit Grid-Tie
,,,,kits,Neosolar,NEO-25090,,,3,"Kit de Energia Solar On Grid - 8,54kWp (P/ Mini Trilho)",,610,14,54.0,8540,0,,0,3,14,Solar Kit Grid-Tie
,,,,kits,Neosolar,NEO-25083,,,3,"Kit de Energia Solar On Grid - 9,15kWp (P/ Metal)",,610,15,15.0,9150,0,,0,3,15,Solar Kit Grid-Tie
,,,,kits,Neosolar,NEO-25087,,,2,"Kit de Energia Solar On Grid - 4,88kWp (P/ Mini Trilho)",,610,8,88.0,4880,0,,0,2,8,Solar Kit Grid-Tie
,,,,kits,Neosolar,NEO-25081,,,2,"Kit de Energia Solar On Grid - 7,32kWp (P/ Metal)",,610,12,32.0,7320,0,,0,2,12,Solar Kit Grid-Tie
,,,,kits,Neosolar,NEO-24981,,,3,"Kit de Energia Solar On Grid - 12,20kWp (Sem Estrutura)",,610,20,20.0,12200,0,,0,3,20,Solar Kit Grid-Tie
,,,,kits,Neosolar,NEO-24978,,,2,"Kit de Energia Solar On Grid - 7,32kWp (Sem Estrutura)",,610,12,32.0,7320,0,,0,2,12,Solar Kit Grid-Tie
,,,,kits,Neosolar,NEO-21132,,,1,"Kit Gerador Energia Solar 0,59 kWp - Microinversor Deye c/ Wifi SUN2000 - Painel Luxen (Mini Trilho)",,0,595,59.0,595,0,,0,1,596,Solar Kit Grid-Tie
,,,,kits,Neosolar,NEO-21238,,,1,"Kit Gerador Energia Solar 2,32 kWp - Microinversor Deye c/ Wifi SUN2000 - Painel OSDA (Para Laje)",,0,32,32.0,2320,0,,0,1,36,Solar Kit Grid-Tie
,,,,kits,Neosolar,NEO-21239,,,1,"Kit Gerador Energia Solar 2,32 kWp - Microinversor Deye c/ Wifi SUN2000 - Painel OSDA (Mini Trilho)",,0,32,32.0,2320,0,,0,1,36,Solar Kit Grid-Tie
,,,,kits,Neosolar,NEO-21403,,,1,"Kit Gerador Energia Solar 0,57 kWp - Microinversor Deye c/ Wifi SUN2000 - Painel OSDA (Laje)",,0,57,57.0,575,0,,0,1,58,Solar Kit Grid-Tie
,,,,kits,Neosolar,NEO-21793,,,1,"Kit Gerador Energia Solar 0,58 kWp - Microinversor Deye c/ Wifi SUN2000 - Painel OSDA (Solo)",,0,58,58.0,580,0,,0,1,59,Solar Kit Grid-Tie
,,,,kits,Neosolar,NEO-21399,,,1,"Kit Gerador Energia Solar 0,57 kWp - Microinversor Deye c/ Wifi SUN2000 - Painel OSDA (Sem Estrutura",,0,57,57.0,575,0,,0,1,58,Solar Kit Grid-Tie
,,,,kits,Neosolar,NEO-23092,,,1,"Kit Gerador Energia Solar 1,75 kWp - Microinversor Deye c/ Wifi SUN2250 - Painel OSDA",,0,75,75.0,1755,0,,0,1,78,Solar Kit Grid-Tie
,,,,kits,Neosolar,NEO-23096,,,1,"Kit Gerador Energia Solar 1,75 kWp - Microinversor Deye c/ Wifi SUN2250 - Painel OSDA",,0,75,75.0,1755,0,,0,1,78,Solar Kit Grid-Tie
,,,,kits,Neosolar,NEO-22978,,,1,"Kit Gerador Energia Solar 0,58 kWp - Microinversor Deye c/ Wifi SUN2250 - Painel OSDA- Mini Trilho",,0,58,58.0,580,0,,0,1,59,Solar Kit Grid-Tie
,,,,kits,Neosolar,NEO-23077,,,1,"Kit Gerador Energia Solar 0,58 kWp - Microinversor Deye c/ Wifi SUN2250 - Painel OSDA - Cerâmica",,0,58,58.0,585,0,,0,1,59,Solar Kit Grid-Tie
,,,,kits,Neosolar,NEO-23089,,,1,"Kit Gerador Energia Solar 1,17 kWp - Microinversor Deye c/ Wifi SUN2250 - Painel OSDA - Solo",,0,17,17.0,1170,0,,0,1,19,Solar Kit Grid-Tie
,,,,kits,Neosolar,NEO-22887,,,1,"Kit Gerador Energia Solar 2,32 kWp - Microinversor Deye c/ Wifi SUN2250 - Painel OSDA- Laje",,0,32,32.0,2320,0,,0,1,36,Solar Kit Grid-Tie
,,,,kits,Neosolar,NEO-22939,,,1,"Kit Gerador Energia Solar 1,66 kWp - Microinversor Deye c/ Wifi SUN2250 - Painel ReneSola- Mini Trilho",,0,66,66.0,1665,0,,0,1,69,Solar Kit Grid-Tie
,,,,kits,Neosolar,NEO-22945,,,1,"Kit Gerador Energia Solar 2,22 kWp - Microinversor Deye c/ Wifi SUN2250 - Painel ReneSola- Cerâmica",,0,22,22.0,2220,0,,0,1,26,Solar Kit Grid-Tie
,,,,kits,Neosolar,NEO-22949,,,1,"Kit Gerador Energia Solar 2,22 kWp - Microinversor Deye c/ Wifi SUN2250 - Painel ReneSola- Laje",,0,22,22.0,2220,0,,0,1,26,Solar Kit Grid-Tie
,,,,kits,Neosolar,NEO-22984,,,1,"Kit Gerador Energia Solar 1,16 kWp - Microinversor Deye c/ Wifi SUN2250 - Painel OSDA- Cerâmica",,0,16,16.0,1160,0,,0,1,18,Solar Kit Grid-Tie
,,,,kits,Neosolar,NEO-22977,,,1,"Kit Gerador Energia Solar 0,58 kWp - Microinversor Deye c/ Wifi SUN2250 - Painel OSDA- Cerâmica",,0,58,58.0,580,0,,0,1,59,Solar Kit Grid-Tie
,,,,kits,Neosolar,NEO-22947,,,1,"Kit Gerador Energia Solar 2,22 kWp - Microinversor Deye c/ Wifi SUN2250 - Painel ReneSola- Madeira",,0,22,22.0,2220,0,,0,1,26,Solar Kit Grid-Tie
,,,,kits,Neosolar,NEO-22951,,,1,"Kit Gerador Energia Solar 2,22 kWp - Microinversor Deye c/ Wifi SUN2250 - Painel ReneSola",,0,22,22.0,2220,0,,0,1,26,Solar Kit Grid-Tie
,,,,kits,Neosolar,NEO-22937,,,1,"Kit Gerador Energia Solar 1,11 kWp - Microinversor Deye c/ Wifi SUN2250 - Painel ReneSola | Sem estrutura",,0,11,11.0,1110,0,,0,1,13,Solar Kit Grid-Tie
,,,,kits,Neosolar,NEO-23095,,,1,"Kit Gerador Energia Solar 1,75 kWp - Microinversor Deye c/ Wifi SUN2250 - Painel OSDA",,0,75,75.0,1755,0,,0,1,78,Solar Kit Grid-Tie
,,,,kits,Neosolar,NEO-22987,,,1,"Kit Gerador Energia Solar 1,16 kWp - Microinversor Deye c/ Wifi SUN2250 - Painel OSDA- Metálica",,0,16,16.0,1160,0,,0,1,18,Solar Kit Grid-Tie
,,,,kits,Neosolar,NEO-22980,,,1,"Kit Gerador Energia Solar 0,58 kWp - Microinversor Deye c/ Wifi SUN2250 - Painel OSDA- Metálica",,0,58,58.0,580,0,,0,1,59,Solar Kit Grid-Tie
,,,,kits,Neosolar,NEO-22994,,,1,"Kit Gerador Energia Solar 1,74 kWp - Microinversor Deye c/ Wifi SUN2250 - Painel OSDA- Metálica",,0,74,74.0,1740,0,,0,1,77,Solar Kit Grid-Tie
,,,,kits,Neosolar,NEO-22988,,,1,"Kit Gerador Energia Solar 1,16 kWp - Microinversor Deye c/ Wifi SUN2250 - Painel OSDA- Laje",,0,16,16.0,1160,0,,0,1,18,Solar Kit Grid-Tie
,,,,kits,Neosolar,NEO-22999,,,1,"Kit Gerador Energia Solar 2,32 kWp - Microinversor Deye c/ Wifi SUN2250 - Painel OSDA- Mini Trilho",,0,32,32.0,2320,0,,0,1,36,Solar Kit Grid-Tie
,,,,kits,Neosolar,NEO-22983,,,1,"Kit Gerador Energia Solar 0,58 kWp - Microinversor Deye c/ Wifi SUN2250 - Painel OSDA",,0,58,58.0,580,0,,0,1,59,Solar Kit Grid-Tie
,,,,kits,Neosolar,NEO-22209,,,1,"Kit Gerador Energia Solar 0,55 kWp - Microinversor Deye c/ Wifi SUN2000 - Painel Sunova (Mini Trilho)",,0,55,55.0,550,0,,0,1,56,Solar Kit Grid-Tie
,,,,kits,Neosolar,NEO-22226,,,1,"Kit Gerador Energia Solar 1,65 kWp - Microinversor Deye c/ Wifi SUN2000 - Painel Sunova (Solo)",,0,65,65.0,1650,0,,0,1,68,Solar Kit Grid-Tie
,,,,kits,Neosolar,NEO-22232,,,1,"Kit Gerador Energia Solar 2,20 kWp - Microinversor Deye c/ Wifi SUN2000 - Painel Sunova (Metal)",,0,20,20.0,2200,0,,0,1,24,Solar Kit Grid-Tie
,,,,kits,Neosolar,NEO-22228,,,1,"Kit Gerador Energia Solar 2,20 kWp - Microinversor Deye c/ Wifi SUN2000 - Painel Sunova (Laje)",,0,20,20.0,2200,0,,0,1,24,Solar Kit Grid-Tie
,,,,kits,Neosolar,NEO-22230,,,1,"Kit Gerador Energia Solar 2,20 kWp - Microinversor Deye c/ Wifi SUN2000 - Painel Sunova (Mini Trilho)",,0,20,20.0,2200,0,,0,1,24,Solar Kit Grid-Tie
,,,,kits,Neosolar,NEO-22234,,,1,"Kit Gerador Energia Solar 2,20 kWp - Microinversor Deye c/ Wifi SUN2000 - Painel Sunova",,0,20,20.0,2200,0,,0,1,24,Solar Kit Grid-Tie
,,,,kits,Neosolar,NEO-22502,,,1,"Kit Gerador Energia Solar 1,11 kWp - Microinversor Deye c/ Wifi SUN2000 - Painel ReneSola (Para Solo)",,0,11,11.0,1110,0,,0,1,13,Solar Kit Grid-Tie
,,,,kits,Neosolar,NEO-22500,,,1,"Kit Gerador Energia Solar 1,11 kWp - Microinversor Deye c/ Wifi SUN2000 - Painel ReneSola (Madeira)",,0,11,11.0,1110,0,,0,1,13,Solar Kit Grid-Tie
,,,,kits,Neosolar,NEO-22417,,,1,"Kit Gerador Energia Solar 1,16 kWp - Microinversor Deye c/ Wifi SUN2000 - Painel OSDA (Para Solo)",,0,16,16.0,1160,0,,0,1,18,Solar Kit Grid-Tie
,,,,kits,Neosolar,NEO-22408,,,1,"Kit Gerador Energia Solar 0,58 kWp - Microinversor Deye c/ Wifi SUN2000 - Painel OSDA (Madeira)",,0,58,58.0,580,0,,0,1,59,Solar Kit Grid-Tie
,,,,kits,Neosolar,NEO-22405,,,1,"Kit Gerador Energia Solar 0,58 kWp - Microinversor Deye c/ Wifi SUN2000 - Painel OSDA (Para Laje)",,0,58,58.0,580,0,,0,1,59,Solar Kit Grid-Tie
,,,,kits,Neosolar,NEO-22459,,,1,"Kit Gerador Energia Solar 0,59 kWp - Microinversor Deye c/ Wifi SUN2000 - Painel Luxen (Para Solo)",,0,595,59.0,595,0,,0,1,596,Solar Kit Grid-Tie
,,,,kits,Neosolar,NEO-22455,,,1,"Kit Gerador Energia Solar 0,59 kWp - Microinversor Deye c/ Wifi SUN2000 - Painel Luxen (Cerâmica)",,0,595,59.0,595,0,,0,1,596,Solar Kit Grid-Tie
,,,,kits,Neosolar,NEO-22348,,,1,"Kit Gerador Energia Solar 1,78 kWp - Microinversor Deye c/ Wifi SUN2000 - Painel Luxen - Estrutura Para Laje",,0,78,78.0,1785,0,,0,1,81,Solar Kit Grid-Tie
,,,,kits,Neosolar,NEO-22346,,,1,"Kit Gerador Energia Solar 1,78 kWp - Microinversor Deye c/ Wifi SUN2000 - Painel Luxen - Estrutura Madeira",,0,78,78.0,1785,0,,0,1,81,Solar Kit Grid-Tie
,,,,kits,Neosolar,NEO-22222,,,1,"Kit Gerador Energia Solar 1,65 kWp - Microinversor Deye c/ Wifi SUN2000 - Painel Sunova (Cerâmica)",,0,65,65.0,1650,0,,0,1,68,Solar Kit Grid-Tie
,,,,kits,Neosolar,NEO-22432,,,1,"Kit Gerador Energia Solar 2,32 kWp - Microinversor Deye c/ Wifi SUN2000 - Painel OSDA (Sem Estrutura)",,0,32,32.0,2320,0,,0,1,36,Solar Kit Grid-Tie
,,,,kits,Neosolar,NEO-22425,,,1,"Kit Gerador Energia Solar 1,74 kWp - Microinversor Deye c/ Wifi SUN2000 - Painel OSDA (Sem Estrutura)",,0,74,74.0,1740,0,,0,1,77,Solar Kit Grid-Tie
,,,,kits,Neosolar,NEO-22428,,,1,"Kit Gerador Energia Solar 2,32 kWp - Microinversor Deye c/ Wifi SUN2000 - Painel OSDA (Mini Trilho)",,0,32,32.0,2320,0,,0,1,36,Solar Kit Grid-Tie
,,,,kits,Neosolar,NEO-22446,,,1,"Kit Gerador Energia Solar 1,19 kWp - Microinversor Deye c/ Wifi SUN2000 - Painel Luxen (Mini Trilho)",,0,19,19.0,1190,0,,0,1,21,Solar Kit Grid-Tie
,,,,kits,Neosolar,NEO-22442,,,1,"Kit Gerador Energia Solar 1,19 kWp - Microinversor Deye c/ Wifi SUN2000 - Painel Luxen (Madeira)",,0,19,19.0,1190,0,,0,1,21,Solar Kit Grid-Tie
,,,,kits,Neosolar,NEO-22218,,,1,"Kit Gerador Energia Solar 1,10 kWp - Microinversor Deye c/ Wifi SUN2000 - Painel Sunova (Metálica)",,0,10,10.0,1100,0,,0,1,12,Solar Kit Grid-Tie
,,,,kits,Neosolar,NEO-22431,,,1,"Kit Gerador Energia Solar 2,32 kWp - Microinversor Deye c/ Wifi SUN2000 - Painel OSDA (Para Solo)",,0,32,32.0,2320,0,,0,1,36,Solar Kit Grid-Tie
,,,,kits,Neosolar,NEO-24632,,,1,"Kit Gerador Energia Solar  1,24kWp - Microinversor Deye c/ Wifi SUN2250 - Painel OSDA P/ Mini Trilho",,0,1,24.0,1240,0,,0,1,3,Solar Kit Grid-Tie
,,,,kits,Neosolar,NEO-22454,,,1,"Kit Gerador Energia Solar 0,59 kWp - Microinversor Deye c/ Wifi SUN2000 - Painel Luxen (Sem Estrutura)",,0,595,59.0,595,0,,0,1,596,Solar Kit Grid-Tie
,,,,kits,Neosolar,NEO-21284,,,1,"Kit Gerador Energia Solar 1,15 kWp - Microinversor Deye c/ Wifi SUN2000 - Painel OSDA (Solo)",,0,15,15.0,1150,0,,0,1,17,Solar Kit Grid-Tie
,,,,kits,Neosolar,NEO-21249,,,1,"Kit Gerador Energia Solar 1,74 kWp - Microinversor Deye c/ Wifi SUN2000 - Painel OSDA Com Estrutura",,0,74,74.0,1740,0,,0,1,77,Solar Kit Grid-Tie
,,,,kits,Neosolar,NEO-21234,,,1,"Kit Gerador Energia Solar 2,32 kWp - Microinversor Deye c/ Wifi SUN2000 - Painel OSDA (sem estrutura)",,0,32,32.0,2320,0,,0,1,36,Solar Kit Grid-Tie
,,,,kits,Neosolar,NEO-21242,,,1,"Kit Gerador Energia Solar 1,16 kWp - Microinversor Deye c/ Wifi SUN2000 - Painel OSDA Com Estrutura",,0,16,16.0,1160,0,,0,1,18,Solar Kit Grid-Tie
,,,,kits,Neosolar,NEO-21605,,,1,"Kit Gerador Energia Solar 1,74 kWp - Microinversor Deye c/ Wifi SUN2000 - Painel OSDA Com Estrutura",,0,74,74.0,1740,0,,0,1,77,Solar Kit Grid-Tie
,,,,kits,Neosolar,NEO-21606,,,1,"Kit Gerador Energia Solar 1,74 kWp - Microinversor Deye c/ Wifi SUN2000 - Painel OSDA Com Estrtura",,0,74,74.0,1740,0,,0,1,77,Solar Kit Grid-Tie
,,3,48,kits,Neosolar,NEO-24922,,,1,"Kit Energia Solar On Grid Híbrido - 6,1kWp 4,8kWh Lítio 48V (24922)",,610,10,1.0,6100,0,,3,1,10,Solar Kit Hybrid
,,1,48,kits,Neosolar,NEO-24917,,,1,"Kit Energia Solar On Grid Híbrido - 6,1kWp 4,8kWh Lítio 48V (24917)",,610,10,1.0,6100,0,,1,1,10,Solar Kit Hybrid
,,5,48,kits,Neosolar,NEO-24912,,,1,"Kit Energia Solar On Grid Híbrido - 9,76kWp 4,8kWh Lítio 48V (24912)",,610,16,76.0,9760,0,,5,1,16,Solar Kit Hybrid
,,5,48,kits,Neosolar,NEO-24911,,,1,"Kit Energia Solar On Grid Híbrido - 9,76kWp 4,8kWh Lítio 48V (24911)",,610,16,76.0,9760,0,,5,1,16,Solar Kit Hybrid
,,3,48,kits,Neosolar,NEO-24907,,,1,"Kit Energia Solar On Grid Híbrido - 9,76kWp 4,8kWh Lítio 48V (24907)",,610,16,76.0,9760,0,,3,1,16,Solar Kit Hybrid
,,,,kits,Neosolar,NEO-24976,,,2,"Kit de Energia Solar On Grid - 4,88kWp (Sem Estrutura)",,610,8,88.0,4880,0,,0,2,8,Solar Kit Grid-Tie
,,,,kits,Neosolar,NEO-25068,,,3,"Kit de Energia Solar On Grid - 12,20kWp (P/ Cerâmica)",,610,20,20.0,12200,0,,0,3,20,Solar Kit Grid-Tie
,,,,kits,Neosolar,NEO-25067,,,3,"Kit de Energia Solar On Grid - 9,15kWp (P/ Cerâmica)",,610,15,15.0,9150,0,,0,3,15,Solar Kit Grid-Tie
,,,,kits,Neosolar,NEO-25063,,,2,"Kit de Energia Solar On Grid - 4,88kWp (P/ Cerâmica)",,610,8,88.0,4880,0,,0,2,8,Solar Kit Grid-Tie
,,,,kits,Neosolar,NEO-25065,,,2,"Kit de Energia Solar On Grid - 7,32kWp (P/ Cerâmica)",,610,12,32.0,7320,0,,0,2,12,Solar Kit Grid-Tie
,,,,kits,Neosolar,NEO-25078,,,2,"Kit de Energia Solar On Grid - 3,66kWp (P/ Metal)",,610,6,66.0,3660,0,,0,2,6,Solar Kit Grid-Tie
,,,,kits,Neosolar,NEO-25089,,,2,"Kit de Energia Solar On Grid - 7,32kWp (P/ Mini Trilho)",,610,12,32.0,7320,0,,0,2,12,Solar Kit Grid-Tie
,,,,kits,Neosolar,NEO-24982,,,3,"Kit de Energia Solar On Grid - 12,81kWp (Sem Estrutura)",,610,21,81.0,12810,0,,0,3,21,Solar Kit Grid-Tie
,,,,kits,Neosolar,NEO-24975,,,2,"Kit de Energia Solar On Grid - 3,66kWp (Sem Estrutura)",,610,6,66.0,3660,0,,0,2,6,Solar Kit Grid-Tie
,,,,kits,Neosolar,NEO-22552,,,1,"Kit Gerador Energia Solar 2,32 kWp - Microinversor Deye c/ Wifi SUN2000 - Painel OSDA (Cerâmica)",,0,32,32.0,2320,0,,0,1,36,Solar Kit Grid-Tie
,,,,kits,Neosolar,NEO-22168,,,1,"Kit Gerador Energia Solar 0,58 kWp - Microinversor Deye c/ Wifi SUN2000 - Painel Sunova (Mini Trilho)",,0,58,58.0,580,0,,0,1,59,Solar Kit Grid-Tie
,,,,kits,Neosolar,NEO-22170,,,1,"Kit Gerador Energia Solar 0,58 kWp - Microinversor Deye c/ Wifi SUN2000 - Painel Sunova (Metálica)",,0,58,58.0,580,0,,0,1,59,Solar Kit Grid-Tie
,,,,kits,Neosolar,NEO-22129,,,,"Kit Gerador Energia Solar 2,22kWp - Microinversor Deye c/ Wifi SUN2000 C/ Parafuso (Madeira)",,555,4,22.0,2220,0,,0,0,4,Solar Kit Grid-Tie
,,,,kits,Neosolar,NEO-22121,,,,"Kit Gerador Energia Solar 1,66kWp - Microinversor Deye c/ Wifi SUN2000 C/ Gancho P/ Cerâmica",,555,3,66.0,1665,0,,0,0,3,Solar Kit Grid-Tie
,,,,kits,Neosolar,NEO-22131,,,,"Kit Gerador Energia Solar 2,22kWp - Microinversor Deye c/ Wifi SUN2000 C/ Est. Solo",,555,4,22.0,2220,0,,0,0,4,Solar Kit Grid-Tie
,,,,kits,Neosolar,NEO-22125,,,,"Kit Gerador Energia Solar 1,66kWp - Microinversor Deye c/ Wifi SUN2000 C/ Est. Solo",,555,3,66.0,1665,0,,0,0,3,Solar Kit Grid-Tie
,,,,kits,Neosolar,NEO-22542,,,1,"Kit Gerador Energia Solar 1,66 kWp - Microinversor Deye c/ Wifi SUN2000 - Painel ReneSola (Metálica)",,0,66,66.0,1665,0,,0,1,69,Solar Kit Grid-Tie
,,,,kits,Neosolar,NEO-22539,,,1,"Kit Gerador Energia Solar 1,66 kWp - Microinversor Deye c/ Wifi SUN2000 - Painel ReneSola (Para Laje)",,0,66,66.0,1665,0,,0,1,69,Solar Kit Grid-Tie
,,,,kits,Neosolar,NEO-22553,,,1,"Kit Gerador Energia Solar 2,32 kWp - Microinversor Deye c/ Wifi SUN2000 - Painel OSDA (Madeira)",,0,32,32.0,2320,0,,0,1,36,Solar Kit Grid-Tie
,,,,kits,Neosolar,NEO-22561,,,1,"Kit Gerador Energia Solar 1,78 kWp - Microinversor Deye c/ Wifi SUN2000 - Painel Luxen (Metálica)",,0,78,78.0,1785,0,,0,1,81,Solar Kit Grid-Tie
,,,,kits,Neosolar,NEO-22551,,,1,"Kit Gerador Energia Solar 2,32 kWp - Microinversor Deye c/ Wifi SUN2000 - Painel OSDA (Para Laje)",,0,32,32.0,2320,0,,0,1,36,Solar Kit Grid-Tie
,,,,kits,Neosolar,NEO-22112,,,,"Kit Gerador Energia Solar 0,55kWp - Microinversor Deye c/ Wifi SUN2000 C/ Parafuso (Metal)",,555,1,55.0,555,0,,0,0,1,Solar Kit Grid-Tie
,,,,kits,Neosolar,NEO-22115,,,,"Kit Gerador Energia Solar 1,11kWp - Microinversor Deye c/ Wifi SUN2000 C/ Gancho P/ Cerâmica",,555,2,11.0,1110,0,,0,0,2,Solar Kit Grid-Tie
,,,,kits,Neosolar,NEO-22113,,,,"Kit Gerador Energia Solar 0,55kWp - Microinversor Deye c/ Wifi SUN2000 C/ Est. Solo",,555,1,55.0,555,0,,0,0,1,Solar Kit Grid-Tie
,,,,kits,Neosolar,NEO-22543,,,1,"Kit Gerador Energia Solar 2,22 kWp - Microinversor Deye c/ Wifi SUN2000 - Painel ReneSola (Para Laje)",,0,22,22.0,2220,0,,0,1,26,Solar Kit Grid-Tie
,,,,kits,Neosolar,NEO-22541,,,1,"Kit Gerador Energia Solar 1,66 kWp - Microinversor Deye c/ Wifi SUN2000 - Painel ReneSola (Madeira)",,0,66,66.0,1665,0,,0,1,69,Solar Kit Grid-Tie
,,,,kits,Neosolar,NEO-22540,,,1,"Kit Gerador Energia Solar 1,66 kWp - Microinversor Deye c/ Wifi SUN2000 - Painel ReneSola (Cerâmica)",,0,66,66.0,1665,0,,0,1,69,Solar Kit Grid-Tie
,,,,kits,Neosolar,NEO-22548,,,1,"Kit Gerador Energia Solar 1,74 kWp - Microinversor Deye c/ Wifi SUN2000 - Painel OSDA (Cerâmica)",,0,74,74.0,1740,0,,0,1,77,Solar Kit Grid-Tie
,,,,kits,Neosolar,NEO-22452,,,1,"Kit Gerador Energia Solar 1,78 kWp - Microinversor Deye c/ Wifi SUN2000 - Painel Luxen (Mini Trilho)",,0,78,78.0,1785,0,,0,1,81,Solar Kit Grid-Tie
,,,,kits,Neosolar,NEO-22443,,,1,"Kit Gerador Energia Solar 1,19 kWp - Microinversor Deye c/ Wifi SUN2000 - Painel Luxen (Metálica)",,0,19,19.0,1190,0,,0,1,21,Solar Kit Grid-Tie
,,,,kits,Neosolar,NEO-22257,,,1,"Kit Gerador Energia Solar 1,65 kWp - Microinversor Deye c/ Wifi SUN2000 - Painel Sunova (Cerâmica)",,0,65,65.0,2200,0,,0,1,69,Solar Kit Grid-Tie
,,,,kits,Neosolar,NEO-22250,,,1,"Kit Gerador Energia Solar 1,74 kWp - Microinversor Deye c/ Wifi SUN2000 - Painel Sunova (Madeira)",,0,74,74.0,2320,0,,0,1,78,Solar Kit Grid-Tie
,,,,kits,Neosolar,NEO-22255,,,1,"Kit Gerador Energia Solar 2,32 kWp - Microinversor Deye c/ Wifi SUN2000 - Painel Sunova (Metal)",,0,32,32.0,2320,0,,0,1,36,Solar Kit Grid-Tie
,,,,kits,Neosolar,NEO-22418,,,1,"Kit Gerador Energia Solar 1,16 kWp - Microinversor Deye c/ Wifi SUN2000 - Painel OSDA (Sem Estrutura)",,0,16,16.0,1160,0,,0,1,18,Solar Kit Grid-Tie
,,,,kits,Neosolar,NEO-22415,,,1,"Kit Gerador Energia Solar 1,16 kWp - Microinversor Deye c/ Wifi SUN2000 - Painel OSDA (Madeira)",,0,16,16.0,1160,0,,0,1,18,Solar Kit Grid-Tie
,,,,kits,Neosolar,NEO-22327,,,1,"Kit Gerador Energia Solar 2,20 kWp - Microinversor Deye c/ Wifi SUN2000 - Painel Sunova (Metal)",,0,20,20.0,2200,0,,0,1,24,Solar Kit Grid-Tie
,,,,kits,Neosolar,NEO-22187,,,1,"Kit Gerador Energia Solar 2,32 kWp - Microinversor Deye c/ Wifi SUN2000 - Painel Sunova (Para Laje)",,0,32,32.0,2320,0,,0,1,36,Solar Kit Grid-Tie
,,,,kits,Neosolar,NEO-22190,,,1,"Kit Gerador Energia Solar 2,32 kWp - Microinversor Deye c/ Wifi SUN2000 - Painel Sunova (Madeira)",,0,32,32.0,2320,0,,0,1,36,Solar Kit Grid-Tie
,,,,kits,Neosolar,NEO-22211,,,1,"Kit Gerador Energia Solar 0,55 kWp - Microinversor Deye c/ Wifi SUN2000 - Painel Sunova (Metálica)",,0,55,55.0,550,0,,0,1,56,Solar Kit Grid-Tie
,,,,kits,Neosolar,NEO-22213,,,1,"Kit Gerador Energia Solar 0,55 kWp - Microinversor Deye c/ Wifi SUN2000 - Painel Sunova (Sem Estrutura)",,0,55,55.0,550,0,,0,1,56,Solar Kit Grid-Tie
,,,,kits,Neosolar,NEO-22054,,,1,"Kit Gerador Energia Solar 0,58 kWp - Microinversor Deye c/ Wifi SUN2000 - Painel OSDA (Madeira)",,0,58,58.0,580,0,,0,1,59,Solar Kit Grid-Tie
,,,,kits,Neosolar,NEO-22130,,,,"Kit Gerador Energia Solar 2,22kWp - Microinversor Deye c/ Wifi SUN2000 C/ Parafuso (Metal)",,555,4,22.0,2220,0,,0,0,4,Solar Kit Grid-Tie
,,,,kits,Neosolar,NEO-22458,,,1,"Kit Gerador Energia Solar 0,59 kWp - Microinversor Deye c/ Wifi SUN2000 - Painel Luxen (Para Laje)",,0,595,59.0,595,0,,0,1,596,Solar Kit Grid-Tie
,,,,kits,Neosolar,NEO-22501,,,1,"Kit Gerador Energia Solar 1,11 kWp - Microinversor Deye c/ Wifi SUN2000 - Painel ReneSola (Metálica)",,0,11,11.0,1110,0,,0,1,13,Solar Kit Grid-Tie
,,,,kits,Neosolar,NEO-22498,,,1,"Kit Gerador Energia Solar 1,11 kWp - Microinversor Deye c/ Wifi SUN2000 - Painel ReneSola (Cerâmica)",,0,11,11.0,1110,0,,0,1,13,Solar Kit Grid-Tie
,,,,kits,Neosolar,NEO-22118,,,,"Kit Gerador Energia Solar 1,11kWp - Microinversor Deye c/ Wifi SUN2000 C/ Parafuso (Metal)",,555,2,11.0,1110,0,,0,0,2,Solar Kit Grid-Tie
,,,,kits,Neosolar,NEO-22120,,,,"Kit Gerador Energia Solar 1,66kWp - Microinversor Deye c/ Wifi SUN2000 C/ Base p/ Laje",,555,3,66.0,1665,0,,0,0,3,Solar Kit Grid-Tie
,,,,kits,Neosolar,NEO-22126,,,,"Kit Gerador Energia Solar 2,22kWp - Microinversor Deye c/ Wifi SUN2000 C/ Base p/ Laje",,555,4,22.0,2220,0,,0,0,4,Solar Kit Grid-Tie
,,,,kits,Neosolar,NEO-22116,,,,"Kit Gerador Energia Solar 1,11kWp - Microinversor Deye c/ Wifi SUN2000 C/ Mini Trilho",,555,2,11.0,1110,0,,0,0,2,Solar Kit Grid-Tie
,,,,kits,Neosolar,NEO-22122,,,,"Kit Gerador Energia Solar 1,66kWp - Microinversor Deye c/ Wifi SUN2000 C/ Mini Trilho",,555,3,66.0,1665,0,,0,0,3,Solar Kit Grid-Tie
,,,,kits,Neosolar,NEO-22322,,,1,"Kit Gerador Energia Solar 1,65 kWp - Microinversor Deye c/ Wifi SUN2000 - Painel Sunova",,0,65,65.0,1650,0,,0,1,68,Solar Kit Grid-Tie
,,,,kits,Neosolar,NEO-22453,,,1,"Kit Gerador Energia Solar 1,78 kWp - Microinversor Deye c/ Wifi SUN2000 - Painel Luxen (Para Solo)",,0,78,78.0,1785,0,,0,1,81,Solar Kit Grid-Tie
,,,,kits,Neosolar,NEO-22295,,,1,"Kit Gerador Energia Solar 2,32 kWp - Microinversor Deye c/ Wifi SUN2000 - Painel Sunova (Laje)",,0,32,32.0,2320,0,,0,1,36,Solar Kit Grid-Tie
,,,,kits,Neosolar,NEO-22276,,,1,"Kit Gerador Energia Solar 0,58 kWp - Microinversor Deye c/ Wifi SUN2000 - Painel Sunova (Mini Trilho)",,0,58,58.0,580,0,,0,1,59,Solar Kit Grid-Tie
,,,,kits,Neosolar,NEO-22291,,,1,"Kit Gerador Energia Solar 1,74 kWp - Microinversor Deye c/ Wifi SUN2000 - Painel Sunova (Madeira)",,0,74,74.0,1740,0,,0,1,77,Solar Kit Grid-Tie
,,,,kits,Neosolar,NEO-22275,,,1,"Kit Gerador Energia Solar 0,58 kWp - Microinversor Deye c/ Wifi SUN2000 - Painel Sunova (Cerâmica)",,0,58,58.0,580,0,,0,1,59,Solar Kit Grid-Tie
,,,,kits,Neosolar,NEO-22278,,,1,"Kit Gerador Energia Solar 0,58 kWp - Microinversor Deye c/ Wifi SUN2000 - Painel Sunova (Metal)",,0,58,58.0,580,0,,0,1,59,Solar Kit Grid-Tie
,,,,kits,Neosolar,NEO-22189,,,1,"Kit Gerador Energia Solar 2,32 kWp - Microinversor Deye c/ Wifi SUN2000 - Painel Sunova (Mini Trilho)",,0,32,32.0,2320,0,,0,1,36,Solar Kit Grid-Tie
,,,,kits,Neosolar,NEO-22216,,,1,"Kit Gerador Energia Solar 1,10 kWp - Microinversor Deye c/ Wifi SUN2000 - Painel Sunova (Mini Trilho)",,0,10,10.0,1100,0,,0,1,12,Solar Kit Grid-Tie
,,,,kits,Neosolar,NEO-22233,,,1,"Kit Gerador Energia Solar 2,20 kWp - Microinversor Deye c/ Wifi SUN2000 - Painel Sunova (Solo)",,0,20,20.0,2200,0,,0,1,24,Solar Kit Grid-Tie
,,,,kits,Neosolar,NEO-22224,,,1,"Kit Gerador Energia Solar 1,65 kWp - Microinversor Deye c/ Wifi SUN2000 - Painel Sunova (Madeira)",,0,65,65.0,1650,0,,0,1,68,Solar Kit Grid-Tie
,,,,kits,Neosolar,NEO-22495,,,1,"Kit Gerador Energia Solar 0,55 kWp - Microinversor Deye c/ Wifi SUN2000 - Painel ReneSola (Para Solo)",,0,55,55.0,555,0,,0,1,56,Solar Kit Grid-Tie
,,,,kits,Neosolar,NEO-22411,,,1,"Kit Gerador Energia Solar 0,58 kWp - Microinversor Deye c/ Wifi SUN2000 - Painel OSDA (Sem Estrutura)",,0,58,58.0,580,0,,0,1,59,Solar Kit Grid-Tie
,,,,kits,Neosolar,NEO-22413,,,1,"Kit Gerador Energia Solar 1,16 kWp - Microinversor Deye c/ Wifi SUN2000 - Painel OSDA (Cerâmica)",,0,16,16.0,1160,0,,0,1,18,Solar Kit Grid-Tie
,,,,kits,Neosolar,NEO-22409,,,1,"Kit Gerador Energia Solar 0,58 kWp - Microinversor Deye c/ Wifi SUN2000 - Painel OSDA (Metálica)",,0,58,58.0,580,0,,0,1,59,Solar Kit Grid-Tie
,,,,kits,Neosolar,NEO-22441,,,1,"Kit Gerador Energia Solar 1,19 kWp - Microinversor Deye c/ Wifi SUN2000 - Painel Luxen (Cerâmica)",,0,19,19.0,1190,0,,0,1,21,Solar Kit Grid-Tie
,,,,kits,Neosolar,NEO-22212,,,1,"Kit Gerador Energia Solar 0,55 kWp - Microinversor Deye c/ Wifi SUN2000 - Painel Sunova (Solo)",,0,55,55.0,550,0,,0,1,56,Solar Kit Grid-Tie
,,,,kits,Neosolar,NEO-22335,,,1,"Kit Gerador Energia Solar 2,38 kWp - Microinversor Deye c/ Wifi SUN2000 - Painel Luxen - Estrutura Para Solo",,0,38,38.0,2380,0,,0,1,42,Solar Kit Grid-Tie
,,,,kits,Neosolar,NEO-22208,,,1,"Kit Gerador Energia Solar 0,55 kWp - Microinversor Deye c/ Wifi SUN2000 - Painel Sunova (Cerâmica)",,0,55,55.0,550,0,,0,1,56,Solar Kit Grid-Tie
,,,,kits,Neosolar,NEO-22339,,,1,"Kit Gerador Energia Solar 1,19 kWp - Microinversor Deye c/ Wifi SUN2000 - Painel Luxen - Estrutura Madeira",,0,19,19.0,1190,0,,0,1,21,Solar Kit Grid-Tie
,,,,kits,Neosolar,NEO-22337,,,1,"Kit Gerador Energia Solar 1,19 kWp - Microinversor Deye c/ Wifi SUN2000 - Painel Luxen - S/ estrutura",,0,19,19.0,1190,0,,0,1,21,Solar Kit Grid-Tie
,,,,kits,Neosolar,NEO-22333,,,1,"Kit Gerador Energia Solar 2,38 kWp - Microinversor Deye c/ Wifi SUN2000 - Painel Luxen - Estrutura Metálica",,0,38,38.0,2380,0,,0,1,42,Solar Kit Grid-Tie
,,,,kits,Neosolar,NEO-22123,,,,"Kit Gerador Energia Solar 1,66kWp - Microinversor Deye c/ Wifi SUN2000 C/ Parafuso (Madeira)",,555,3,66.0,1665,0,,0,0,3,Solar Kit Grid-Tie
,,,,kits,Neosolar,NEO-22127,,,,"Kit Gerador Energia Solar 2,22kWp - Microinversor Deye c/ Wifi SUN2000 C/ Gancho P/ Cerâmica",,555,4,22.0,2220,0,,0,0,4,Solar Kit Grid-Tie
,,,,kits,Neosolar,NEO-22412,,,1,"Kit Gerador Energia Solar 1,16 kWp - Microinversor Deye c/ Wifi SUN2000 - Painel OSDA (Para Laje)",,0,16,16.0,1160,0,,0,1,18,Solar Kit Grid-Tie
,,,,kits,Neosolar,NEO-22414,,,1,"Kit Gerador Energia Solar 1,16 kWp - Microinversor Deye c/ Wifi SUN2000 - Painel OSDA (Mini Trilho)",,0,16,16.0,1160,0,,0,1,18,Solar Kit Grid-Tie
,,,,kits,Neosolar,NEO-22117,,,,"Kit Gerador Energia Solar 1,11kWp - Microinversor Deye c/ Wifi SUN2000 C/ Parafuso (Madeira)",,555,2,11.0,1110,0,,0,0,2,Solar Kit Grid-Tie
,,,,kits,Neosolar,NEO-22108,,,,"Kit Gerador Energia Solar 0,55kWp - Microinversor Deye c/ Wifi SUN2000 C/ Base p/ Laje",,555,1,55.0,555,0,,0,0,1,Solar Kit Grid-Tie
,,,,kits,Neosolar,NEO-22114,,,,"Kit Gerador Energia Solar 1,11kWp - Microinversor Deye c/ Wifi SUN2000 C/ Base p/ Laje",,555,2,11.0,1110,0,,0,0,2,Solar Kit Grid-Tie
,,,,kits,Neosolar,NEO-22119,,,,"Kit Gerador Energia Solar 1,11kWp - Microinversor Deye c/ Wifi SUN2000 C/ Est. Solo",,555,2,11.0,1110,0,,0,0,2,Solar Kit Grid-Tie
,,,,kits,Neosolar,NEO-22104,,,,"Kit Gerador Energia Solar 1,66kWp - Microinversor Deye c/ Wifi SUN2000 S/ Estrutura",,555,3,66.0,1665,0,,0,0,3,Solar Kit Grid-Tie
,,,,kits,Neosolar,NEO-22103,,,,"Kit Gerador Energia Solar 1,11kWp - Microinversor Deye c/ Wifi SUN2000 S/ Estrutura",,555,2,11.0,1110,0,,0,0,2,Solar Kit Grid-Tie
,,,,kits,Neosolar,NEO-22410,,,1,"Kit Gerador Energia Solar 0,58 kWp - Microinversor Deye c/ Wifi SUN2000 - Painel OSDA (Para Solo)",,0,58,58.0,580,0,,0,1,59,Solar Kit Grid-Tie
,,,,kits,Neosolar,NEO-22406,,,1,"Kit Gerador Energia Solar 0,58 kWp - Microinversor Deye c/ Wifi SUN2000 - Painel OSDA (Cerâmica)",,0,58,58.0,580,0,,0,1,59,Solar Kit Grid-Tie
,,,,kits,Neosolar,NEO-22353,,,1,"Kit Gerador Energia Solar 0,59 kWp - Microinversor Deye c/ Wifi SUN2000 - Painel Luxen - Estrutura Madeira",,0,595,59.0,595,0,,0,1,596,Solar Kit Grid-Tie
,,,,kits,Neosolar,NEO-22338,,,1,"Kit Gerador Energia Solar 1,19 kWp - Microinversor Deye c/ Wifi SUN2000 - Painel Luxen - Estrutura Cerâmica",,0,19,19.0,1190,0,,0,1,21,Solar Kit Grid-Tie
,,,,kits,Neosolar,NEO-22355,,,1,"Kit Gerador Energia Solar 0,59 kWp - Microinversor Deye c/ Wifi SUN2000 - Painel Luxen - Estrutura Para Laje",,0,595,59.0,595,0,,0,1,596,Solar Kit Grid-Tie
,,,,kits,Neosolar,NEO-22354,,,1,"Kit Gerador Energia Solar 0,59 kWp - Microinversor Deye c/ Wifi SUN2000 - Painel Luxen - Estrutura Metálica",,0,595,59.0,595,0,,0,1,596,Solar Kit Grid-Tie
,,,,kits,Neosolar,NEO-22351,,,1,"Kit Gerador Energia Solar 0,59 kWp - Microinversor Deye c/ Wifi SUN2000 - Painel Luxen - S/ estrutura",,0,595,59.0,595,0,,0,1,596,Solar Kit Grid-Tie
,,,,kits,Neosolar,NEO-22110,,,,"Kit Gerador Energia Solar 0,55kWp - Microinversor Deye c/ Wifi SUN2000 C/ Mini Trilho",,555,1,55.0,555,0,,0,0,1,Solar Kit Grid-Tie
,,,,kits,Neosolar,NEO-22332,,,1,"Kit Gerador Energia Solar 2,38 kWp - Microinversor Deye c/ Wifi SUN2000 - Painel Luxen - Estrutura Madeira",,0,38,38.0,2380,0,,0,1,42,Solar Kit Grid-Tie
,,,,kits,Neosolar,NEO-22225,,,1,"Kit Gerador Energia Solar 1,65 kWp - Microinversor Deye c/ Wifi SUN2000 - Painel Sunova (Metal)",,0,65,65.0,1650,0,,0,1,68,Solar Kit Grid-Tie
,,,,kits,Neosolar,NEO-22229,,,1,"Kit Gerador Energia Solar 2,20 kWp - Microinversor Deye c/ Wifi SUN2000 - Painel Sunova (Cerâmica)",,0,20,20.0,2200,0,,0,1,24,Solar Kit Grid-Tie
,,,,kits,Neosolar,NEO-22289,,,1,"Kit Gerador Energia Solar 1,74 kWp - Microinversor Deye c/ Wifi SUN2000 - Painel Sunova (Cerâmica)",,0,74,74.0,1740,0,,0,1,77,Solar Kit Grid-Tie
,,,,kits,Neosolar,NEO-22227,,,1,"Kit Gerador Energia Solar 1,65 kWp - Microinversor Deye c/ Wifi SUN2000 - Painel Sunova (Sem Estrutura)",,0,65,65.0,1650,0,,0,1,68,Solar Kit Grid-Tie
,,,,kits,Neosolar,NEO-22330,,,1,"Kit Gerador Energia Solar 2,38 kWp - Microinversor Deye c/ Wifi SUN2000 - Painel Luxen - S/ estrutura",,0,38,38.0,2380,0,,0,1,42,Solar Kit Grid-Tie
,,,,kits,Neosolar,NEO-22499,,,1,"Kit Gerador Energia Solar 1,11 kWp - Microinversor Deye c/ Wifi SUN2000 - Painel ReneSola (Mini Trilho)",,0,11,11.0,1110,0,,0,1,13,Solar Kit Grid-Tie
,,,,kits,Neosolar,NEO-22111,,,,"Kit Gerador Energia Solar 0,55kWp - Microinversor Deye c/ Wifi SUN2000 C/ Parafuso (Madeira)",,555,1,55.0,555,0,,0,0,1,Solar Kit Grid-Tie
,,,,kits,Neosolar,NEO-22513,,,1,"Kit Gerador Energia Solar 2,22 kWp - Microinversor Deye c/ Wifi SUN2000 - Painel ReneSola (Mini Trilho)",,0,22,22.0,2220,0,,0,1,26,Solar Kit Grid-Tie
,,,,kits,Neosolar,NEO-22497,,,1,"Kit Gerador Energia Solar 1,11 kWp - Microinversor Deye c/ Wifi SUN2000 - Painel ReneSola (Para Laje)",,0,11,11.0,1110,0,,0,1,13,Solar Kit Grid-Tie
,,,,kits,Neosolar,NEO-22509,,,1,"Kit Gerador Energia Solar 1,66 kWp - Microinversor Deye c/ Wifi SUN2000 - Painel ReneSola (Para Solo)",,0,66,66.0,1665,0,,0,1,69,Solar Kit Grid-Tie
,,,,kits,Neosolar,NEO-22109,,,,"Kit Gerador Energia Solar 0,55kWp - Microinversor Deye c/ Wifi SUN2000 C/ Gancho P/ Cerâmica",,555,1,55.0,555,0,,0,0,1,Solar Kit Grid-Tie
,,,,kits,Neosolar,NEO-21767,,,1,"Kit Gerador Energia Solar 2,32 kWp - Microinversor Deye c/ Wifi SUN2000 - Painel OSDA (cerâmica)",,0,32,32.0,2320,0,,0,1,36,Solar Kit Grid-Tie
,,,,kits,Neosolar,NEO-21261,,,1,"Kit Gerador Energia Solar 0,58 kWp - Microinversor Deye c/ Wifi SUN2000 - Painel OSDA (Solo)",,0,58,58.0,580,0,,0,1,59,Solar Kit Grid-Tie
,,,,kits,Neosolar,NEO-21257,,,1,"Kit Gerador Energia Solar 0,58 kWp - Microinversor Deye c/ Wifi SUN2000 - Painel OSDA (Madeira)",,0,58,58.0,580,0,,0,1,59,Solar Kit Grid-Tie
,,,,kits,Neosolar,NEO-21256,,,1,"Kit Gerador Energia Solar 0,58 kWp - Microinversor Deye c/ Wifi SUN2000 - Painel OSDA (Cerâmica)",,0,58,58.0,580,0,,0,1,59,Solar Kit Grid-Tie
,,,,kits,Neosolar,NEO-21768,,,1,"Kit Gerador Energia Solar 1,16 kWp - Microinversor Deye c/ Wifi SUN2000 - Painel OSDA Com Estrutura",,0,16,16.0,1160,0,,0,1,18,Solar Kit Grid-Tie
,,,,kits,Neosolar,NEO-21251,,,1,"Kit Gerador Energia Solar 1,74 kWp - Microinversor Deye c/ Wifi SUN2000 - Painel OSDA Com Estrutura",,0,74,74.0,1740,0,,0,1,77,Solar Kit Grid-Tie
,,,,kits,Neosolar,NEO-21236,,,1,"Kit Gerador Energia Solar 2,32 kWp - Microinversor Deye c/ Wifi SUN2000 - Painel OSDA (Madeira)",,0,32,32.0,2320,0,,0,1,36,Solar Kit Grid-Tie
,,,,kits,Neosolar,NEO-21252,,,1,"Kit Gerador Energia Solar 1,74 kWp - Microinversor Deye c/ Wifi SUN2000 - Painel OSDA Com Estrtura",,0,74,74.0,1740,0,,0,1,77,Solar Kit Grid-Tie
,,,,kits,Neosolar,NEO-21776,,,1,"Kit Gerador Energia Solar 0,58 kWp - Microinversor Deye c/ Wifi SUN2000 - Painel OSDA (Madeira)",,0,58,58.0,580,0,,0,1,59,Solar Kit Grid-Tie
,,,,kits,Neosolar,NEO-21775,,,1,"Kit Gerador Energia Solar 0,58 kWp - Microinversor Deye c/ Wifi SUN2000 - Painel OSDA (Cerâmica)",,0,58,58.0,580,0,,0,1,59,Solar Kit Grid-Tie
,,,,kits,Neosolar,NEO-21950,,,,"Kit Energia Solar On Grid Híbrido - 2,90kWp 5000Wh Lítio 220V - Sem Estrutura",,0,1,90.0,0,0,,0,0,1,Solar Kit Hybrid
,,,,kits,Neosolar,NEO-21544,,,,"Kit Energia Solar On Grid Híbrido - 4,14kWp 5000Wh Lítio 220V - Sem Estrutura",,0,1,14.0,0,0,,0,0,1,Solar Kit Hybrid
,,2,48,kits,Neosolar,NEO-24896,,,1,"Kit Energia Solar On Grid Híbrido - 6,1kWp 4,8kWh Lítio 48V (24896)",,610,10,1.0,6100,0,,2,1,10,Solar Kit Hybrid
,,1,48,kits,Neosolar,NEO-24894,,,1,"Kit Energia Solar On Grid Híbrido - 6,1kWp 4,8kWh Lítio 48V (24894)",,610,10,1.0,6100,0,,1,1,10,Solar Kit Hybrid
,,3,48,kits,Neosolar,NEO-24897,,,1,"Kit Energia Solar On Grid Híbrido - 6,1kWp 4,8kWh Lítio 48V (24897)",,610,10,1.0,6100,0,,3,1,10,Solar Kit Hybrid
,,2,48,kits,Neosolar,NEO-24895,,,1,"Kit Energia Solar On Grid Híbrido - 6,1kWp 4,8kWh Lítio 48V (24895)",,610,10,1.0,6100,0,,2,1,10,Solar Kit Hybrid
,,1,48,kits,Neosolar,NEO-24893,,,1,"Kit Energia Solar On Grid Híbrido - 6,1kWp 4,8kWh Lítio 48V (24893)",,610,10,1.0,6100,0,,1,1,10,Solar Kit Hybrid
,,1,48,kits,Neosolar,NEO-24904,,,1,"Kit Energia Solar On Grid Híbrido - 9,76kWp 4,8kWh Lítio 48V (24904)",,610,16,76.0,9760,0,,1,1,16,Solar Kit Hybrid
,,1,48,kits,Neosolar,NEO-24891,,,1,"Kit Energia Solar On Grid Híbrido - 3,66kWp 4,8kWh Lítio 48V (24891)",,610,6,66.0,3660,0,,1,1,6,Solar Kit Hybrid
,,,,kits,Neosolar,NEO-25066,,,3,"Kit de Energia Solar On Grid - 8,54kWp (P/ Cerâmica)",,610,14,54.0,8540,0,,0,3,14,Solar Kit Grid-Tie
,,,,kits,Neosolar,NEO-25062,,,2,"Kit de Energia Solar On Grid - 3,66kWp (P/ Cerâmica)",,610,6,66.0,3660,0,,0,2,6,Solar Kit Grid-Tie
,,,,kits,Neosolar,NEO-25086,,,2,"Kit de Energia Solar On Grid - 3,66kWp (P/ Mini Trilhos)",,610,6,66.0,3660,0,,0,2,6,Solar Kit Grid-Tie
,,,,kits,Neosolar,NEO-25070,,,2,"Kit de Energia Solar On Grid - 3,66kWp (P/ Madeira)",,610,6,66.0,3660,0,,0,2,6,Solar Kit Grid-Tie
,,,,kits,Neosolar,NEO-25071,,,2,"Kit de Energia Solar On Grid - 4,88kWp (P/ Madeira)",,610,8,88.0,4880,0,,0,2,8,Solar Kit Grid-Tie
,,,,kits,Neosolar,NEO-25073,,,2,"Kit de Energia Solar On Grid - 7,32kWp (P/ Madeira)",,610,12,32.0,7320,0,,0,2,12,Solar Kit Grid-Tie
,,,,kits,Neosolar,NEO-24980,,,3,"Kit de Energia Solar On Grid - 9,15kWp (Sem Estrutura)",,610,15,15.0,9150,0,,0,3,15,Solar Kit Grid-Tie
,,,,kits,Neosolar,NEO-24979,,,3,"Kit de Energia Solar On Grid - 8,54kWp (Sem Estrutura)",,610,14,54.0,8540,0,,0,3,14,Solar Kit Grid-Tie
,,,,kits,Neosolar,NEO-25079,,,2,"Kit de Energia Solar On Grid - 4,88kWp (P/ Metal)",,610,8,88.0,4880,0,,0,2,8,Solar Kit Grid-Tie
,,,,kits,Neosolar,NEO-25085,,,3,"Kit de Energia Solar On Grid - 12,81kWp (P/ Metal)",,610,21,81.0,12810,0,,0,3,21,Solar Kit Grid-Tie
,,,,kits,Neosolar,NEO-25091,,,3,"Kit de Energia Solar On Grid - 9,15kWp (P/ Mini Trilho)",,610,15,15.0,9150,0,,0,3,15,Solar Kit Grid-Tie
,,,,kits,Neosolar,NEO-25084,,,3,"Kit de Energia Solar On Grid - 12,20kWp (P/ Metal)",,610,20,20.0,12200,0,,0,3,20,Solar Kit Grid-Tie
,,,,kits,Neosolar,NEO-25082,,,3,"Kit de Energia Solar On Grid - 8,54kWp (P/ Metal)",,610,14,54.0,8540,0,,0,3,14,Solar Kit Grid-Tie
,,,,kits,Neosolar,NEO-25088,,,2,"Kit de Energia Solar On Grid - 6,10kWp (P/ Mini Trilho)",,610,10,10.0,6100,0,,0,2,10,Solar Kit Grid-Tie
,,,,kits,Neosolar,NEO-25080,,,2,"Kit de Energia Solar On Grid - 6,10kWp (P/ Metal)",,610,10,10.0,6100,0,,0,2,10,Solar Kit Grid-Tie
,,,,kits,Neosolar,NEO-21042,,,1,"Kit Gerador Energia Solar 2,38 kWp - Microinversor Deye c/ Wifi SUN2000 - Painel Luxen (Madeira)",,0,38,38.0,2380,0,,0,1,42,Solar Kit Grid-Tie
,,,,kits,Neosolar,NEO-21069,,,1,"Kit Gerador Energia Solar 1,78 kWp - Microinversor Deye c/ Wifi SUN2000 - Painel Luxen (Madeira)",,0,78,78.0,1785,0,,0,1,81,Solar Kit Grid-Tie
,,,,kits,Neosolar,NEO-21058,,,1,"Kit Gerador Energia Solar 1,15 kWp - Microinversor Deye c/ Wifi SUN2000 - Painel OSDA (Metálica)",,0,15,15.0,1150,0,,0,1,17,Solar Kit Grid-Tie
,,,,kits,Neosolar,NEO-21041,,,1,"Kit Gerador Energia Solar 2,38 kWp - Microinversor Deye c/ Wifi SUN2000 - Painel Luxen (Cerâmica)",,0,38,38.0,2380,0,,0,1,42,Solar Kit Grid-Tie
,,,,kits,Neosolar,NEO-21059,,,1,"Kit Gerador Energia Solar 1,15 kWp - Microinversor Deye c/ Wifi SUN2000 - Painel OSDA (Laje)",,0,15,15.0,1150,0,,0,1,17,Solar Kit Grid-Tie
,,,,kits,Neosolar,NEO-21056,,,1,"Kit Gerador Energia Solar 1,15 kWp - Microinversor Deye c/ Wifi SUN2000 - Painel OSDA (Cerâmica)",,0,15,15.0,1150,0,,0,1,17,Solar Kit Grid-Tie
,,,,kits,Neosolar,NEO-21045,,,1,"Kit Gerador Energia Solar 2,30 kWp - Microinversor Deye c/ Wifi SUN2000 - Painel OSDA (Cerâmica)",,0,30,30.0,2300,0,,0,1,34,Solar Kit Grid-Tie
,,,,kits,Neosolar,NEO-21044,,,1,"Kit Gerador Energia Solar 2,30 kWp - Microinversor Deye c/ Wifi SUN2000 - Painel OSDA (Para Laje)",,0,30,30.0,2300,0,,0,1,34,Solar Kit Grid-Tie
,,,,kits,Neosolar,NEO-21054,,,1,"Kit Gerador Energia Solar 1,19 kWp - Microinversor Deye c/ Wifi SUN2000 - Painel Luxen Com Estrutura",,0,19,19.0,1190,0,,0,1,21,Solar Kit Grid-Tie
,,,,kits,Neosolar,NEO-22873,,,1,"Kit Gerador Energia Solar 2,32 kWp - Microinversor Deye c/ Wifi SUN2250 - Painel OSDA- Madeira",,0,32,32.0,2320,0,,0,1,36,Solar Kit Grid-Tie
,,,,kits,Neosolar,NEO-22874,,,1,"Kit Gerador Energia Solar 2,32 kWp - Microinversor Deye c/ Wifi SUN2250 - Painel OSDA- Metal",,0,32,32.0,2320,0,,0,1,36,Solar Kit Grid-Tie
,,,,kits,Neosolar,NEO-22870,,,1,"Kit Gerador Energia Solar 1,74 kWp - Microinversor Deye c/ Wifi SUN2250 - Painel OSDA- Metal",,0,74,74.0,1740,0,,0,1,77,Solar Kit Grid-Tie
,,,,kits,Neosolar,NEO-22979,,,1,"Kit Gerador Energia Solar 0,58 kWp - Microinversor Deye c/ Wifi SUN2250 - Painel OSDA- Madeira",,0,58,58.0,580,0,,0,1,59,Solar Kit Grid-Tie
,,,,kits,Neosolar,NEO-22872,,,1,"Kit Gerador Energia Solar 2,32 kWp - Microinversor Deye c/ Wifi SUN2250 - Painel OSDA- Mini Trilho",,0,32,32.0,2320,0,,0,1,36,Solar Kit Grid-Tie
,,,,kits,Neosolar,NEO-22985,,,1,"Kit Gerador Energia Solar 1,16 kWp - Microinversor Deye c/ Wifi SUN2250 - Painel OSDA- Mini Trilho",,0,16,16.0,1160,0,,0,1,18,Solar Kit Grid-Tie
,,,,kits,Neosolar,NEO-22868,,,1,"Kit Gerador Energia Solar 1,74 kWp - Microinversor Deye c/ Wifi SUN2250 - Painel OSDA- Mini Trilho",,0,74,74.0,1740,0,,0,1,77,Solar Kit Grid-Tie
,,,,kits,Neosolar,NEO-22889,,,1,"Kit Gerador Energia Solar 2,32 kWp - Microinversor Deye c/ Wifi SUN2000 - Painel OSDA",,0,32,32.0,2320,0,,0,1,36,Solar Kit Grid-Tie
,,6,48,kits,Neosolar,NEO-26806,,,1,"Kit Energia Solar On Grid Híbrido - 9,92kWp 4,8kWh Lítio 48V (26806)",,620,16,92.0,9920,0,,6,1,16,Solar Kit Hybrid
,,5,48,kits,Neosolar,NEO-26805,,,1,"Kit Energia Solar On Grid Híbrido - 9,92kWp 4,8kWh Lítio 48V (26805)",,620,16,92.0,9920,0,,5,1,16,Solar Kit Hybrid
,,2,48,kits,Neosolar,NEO-26802,,,1,"Kit Energia Solar On Grid Híbrido - 9,92kWp 4,8kWh Lítio 48V (26802)",,620,16,92.0,9920,32461.36,,2,1,16,Solar Kit Hybrid
,,1,48,kits,Neosolar,NEO-26801,,,1,"Kit Energia Solar On Grid Híbrido - 9,92kWp 4,8kWh Lítio 48V (26801)",,620,16,92.0,9920,28057.03,,1,1,16,Solar Kit Hybrid
,,1,48,kits,Neosolar,NEO-26645,,,1,"Kit Energia Solar On Grid Híbrido - 3,72kWp 4,8kWh Lítio 48V (26645)",,620,6,72.0,3720,15379.46,,1,1,6,Solar Kit Hybrid
,,,,kits,Neosolar,NEO-27044,,,3,"Kit de Energia Solar On Grid 13,02KWP-OS 10,0KW LI s/ Estrutura",,620,21,2.0,13020,15381.27,,0,3,21,Solar Kit Grid-Tie
,,,,kits,Neosolar,NEO-26933,,,1,Kit Gerador Energia Solar 1.86kWp - Microinversor Deye c/ Wifi SUN2250 - Painel DAH Solar c/ Solo,,0,1,1.86,1860,3256.61,,0,1,5,Solar Kit Grid-Tie
,,,,kits,Neosolar,NEO-26947,,,1,Kit Gerador Energia Solar 0.62kWp - Microinversor Deye c/ Wifi SUN2250 - Painel DAH Solar c/ Solo,,0,1,0.62,620,2489.31,,0,1,3,Solar Kit Grid-Tie
,,,,kits,Neosolar,NEO-27070,,,2,"Kit de Energia Solar On Grid 8,6KWP-OS 7,5KW LI Estrutura Metálica",,620,14,6.0,8680,12377.37,,0,2,14,Solar Kit Grid-Tie
,,,,kits,Neosolar,NEO-27046,,,3,"Kit de Energia Solar On Grid 13,02KWP-OS 10,0KW LI Estrutura p/ Cerâmica",,620,21,2.0,13020,17603.97,,0,3,21,Solar Kit Grid-Tie
,,,,kits,Neosolar,NEO-27053,,,2,"Kit de Energia Solar On Grid 12,4KWP-OS 10,0KW LI Estrutura c/ Cerâmica",,620,20,4.0,12400,16497.27,,0,2,20,Solar Kit Grid-Tie
,,,,kits,Neosolar,NEO-27055,,,2,"Kit de Energia Solar On Grid 12,4KWP-OS 10,0KW LI Estrutura p/ Madeira",,620,20,4.0,12400,16497.27,,0,2,20,Solar Kit Grid-Tie
,,,,kits,Neosolar,NEO-27056,,,2,"Kit de Energia Solar On Grid 12,4KWP-OS 10,0KW LI Estrutura Metálica",,620,20,4.0,12400,16497.27,,0,2,20,Solar Kit Grid-Tie
,,,,kits,Neosolar,NEO-27051,,,2,"Kit de Energia Solar On Grid 12,4KWP-OS 10,0KW LI s/ Estrutura",,620,20,4.0,12400,14646.57,,0,2,20,Solar Kit Grid-Tie
,,,,kits,Neosolar,NEO-27048,,,3,"Kit de Energia Solar On Grid 13,02KWP-OS 10,0KW LI Estrutura p/ Madeira",,620,21,2.0,13020,17603.97,,0,3,21,Solar Kit Grid-Tie
,,,,kits,Neosolar,NEO-27049,,,3,"Kit de Energia Solar On Grid 13,02KWP-OS 10,0KW LI Estrutura Metálica",,620,21,2.0,13020,17603.97,,0,3,21,Solar Kit Grid-Tie
,,,,kits,Neosolar,NEO-27063,,,3,"Kit de Energia Solar On Grid 9,3KWP-OS 7,5KW LI Estrutura Metálica",,620,15,3.0,9300,13158.57,,0,3,15,Solar Kit Grid-Tie
,,,,kits,Neosolar,NEO-27125,,,2,"Kit de Energia Solar On Grid 5,65KWP-OS 5KW LI Estrutura p/ Madeira",,565,10,65.0,5650,8657.37,,0,2,10,Solar Kit Grid-Tie
,,,,kits,Neosolar,NEO-27126,,,2,"Kit de Energia Solar On Grid 5,65KWP-OS 5KW LI Estrutura Metálica",,565,10,65.0,5650,8657.37,,0,2,10,Solar Kit Grid-Tie
,,,,kits,Neosolar,NEO-27118,,,1,"Kit de Energia Solar On Grid 4,52KWP-OS 5KW LI Estrutura p/ Mini Trilho",,565,8,52.0,4520,6853.17,,0,1,8,Solar Kit Grid-Tie
,,,,kits,Neosolar,NEO-27127,,,2,"Kit de Energia Solar On Grid 5,65KWP-OS 5KW LI Estrutura p/ Solo",,565,10,65.0,5650,8936.37,,0,2,10,Solar Kit Grid-Tie
,,,,kits,Neosolar,NEO-27123,,,2,"Kit de Energia Solar On Grid 5,65KWP-OS 5KW LI c/ Gancho p/ Cerâmica",,565,10,65.0,5650,8657.37,,0,2,10,Solar Kit Grid-Tie
,,,,kits,Neosolar,NEO-27117,,,1,"Kit de Energia Solar On Grid 4,52KWP-OS 5KW LI c/ Gancho p/ Cerâmica",,565,8,52.0,4520,6853.17,,0,1,8,Solar Kit Grid-Tie
,,,,kits,Neosolar,NEO-27110,,,1,"Kit de Energia Solar On Grid 3,39KWP-OS 5KW LI Estrutura p/ Laje",,565,6,39.0,3390,5504.67,,0,1,6,Solar Kit Grid-Tie
,,,,kits,Neosolar,NEO-27035,,,3,"Kit de Energia Solar On Grid 11,86KWP-OS 10,0KW LI c/ Estrutura c/ Mini Trilho",,565,21,86.0,11865,16906.47,,0,3,21,Solar Kit Grid-Tie
,,,,kits,Neosolar,NEO-27124,,,2,"Kit de Energia Solar On Grid 5,65KWP-OS 5KW LI Estrutura c/ Mini Trilho",,565,10,65.0,5650,8657.37,,0,2,10,Solar Kit Grid-Tie
,,,,kits,Neosolar,NEO-27119,,,1,"Kit de Energia Solar On Grid 4,52KWP-OS 5KW LI Estrutura p/ Madeira",,565,8,52.0,4520,6853.17,,0,1,8,Solar Kit Grid-Tie
,,,,kits,Neosolar,NEO-27111,,,1,"Kit de Energia Solar On Grid 3,39KWP-OS 5KW LI Estrutura c/ Mini Trilho",,565,6,39.0,3390,5225.67,,0,1,6,Solar Kit Grid-Tie
,,,,kits,Neosolar,NEO-27031,,,2,"Kit de Energia Solar On Grid 9,3KWP-OS 10,0KW LI Estrutura c/ Solo",,565,20,3.0,11300,13493.37,,0,2,20,Solar Kit Grid-Tie
,,,,kits,Neosolar,NEO-27010,,,2,"Kit de Energia Solar On Grid 6,7KWP-OS 6KW LI s/ Estrutura",,565,12,7.0,6780,9020.07,,0,2,12,Solar Kit Grid-Tie
,,1,48,kits,Neosolar,NEO-27295,,,,"Kit de Energia Solar Off Grid c/ Inv-car - 2,5kWp 100Ah 48/220V Lítio",,565,4,5.0,2260,12198.95,,1,0,4,Solar Kit Off-Grid
,,6,48,kits,Neosolar,NEO-26763,,,1,"Kit Energia Solar On Grid Híbrido - 9.04kWp 4,8kWh Lítio 48V (26763)",,565,16,9.04,9040,0,,6,1,16,Solar Kit Hybrid
,,5,48,kits,Neosolar,NEO-26762,,,1,"Kit Energia Solar On Grid Híbrido - 9.04kWp 4,8kWh Lítio 48V (26762)",,565,16,9.04,9040,0,,5,1,16,Solar Kit Hybrid
,,2,48,kits,Neosolar,NEO-26759,,,1,"Kit Energia Solar On Grid Híbrido - 9.04kWp 4,8kWh Lítio 48V (26759)",,565,16,9.04,9040,29423.89,,2,1,16,Solar Kit Hybrid
,,1,48,kits,Neosolar,NEO-26764,,,1,"Kit Energia Solar On Grid Híbrido - 3,95kWp 4,8kWh Lítio 48V (26764)",,565,7,95.0,3955,20930.41,,1,1,7,Solar Kit Hybrid
,,4,48,kits,Neosolar,NEO-26642,,,1,"Kit Energia Solar On Grid Híbrido - 13.56kWp 4,8kWh Lítio 48V (26642)",,565,24,13.56,13560,0,,4,1,24,Solar Kit Hybrid
,,1,48,kits,Neosolar,NEO-26776,,,1,"Kit Energia Solar On Grid Híbrido - 7.35kWp 4,8kWh Lítio 48V (26776)",,565,13,7.35,7345,0,,1,1,13,Solar Kit Hybrid
,,3,48,kits,Neosolar,NEO-26641,,,1,"Kit Energia Solar On Grid Híbrido - 13.56kWp 4,8kWh Lítio 48V (26641)",,565,24,13.56,13560,0,,3,1,24,Solar Kit Hybrid
,,1,48,kits,Neosolar,NEO-26777,,,1,"Kit Energia Solar On Grid Híbrido - 13.56kWp 4,8kWh Lítio 48V (26777)",,565,24,13.56,13560,34500.13,,1,1,24,Solar Kit Hybrid
,,1,48,kits,Neosolar,NEO-26639,,,1,"Kit Energia Solar On Grid Híbrido - 13.56kWp 4,8kWh Lítio 48V (26639)",,565,24,13.56,13560,0,,1,1,24,Solar Kit Hybrid
,,1,48,kits,Neosolar,NEO-26752,,,1,"Kit Energia Solar On Grid Híbrido - 3,95kWp 4,8kWh Lítio 48V (26752)",,565,7,95.0,3955,14171.64,,1,1,7,Solar Kit Hybrid
,,2,48,kits,Neosolar,NEO-26778,,,1,"Kit Energia Solar On Grid Híbrido - 13.56kWp 4,8kWh Lítio 48V (26778)",,565,24,13.56,13560,38904.47,,2,1,24,Solar Kit Hybrid
,,1,48,kits,Neosolar,NEO-26757,,,1,"Kit Energia Solar On Grid Híbrido - 5.08kWp 4,8kWh Lítio 48V (26757)",,565,9,5.08,5085,21215.08,,1,1,9,Solar Kit Hybrid
,,5,48,kits,Neosolar,NEO-26781,,,1,"Kit Energia Solar On Grid Híbrido - 13.56kWp 4,8kWh Lítio 48V (26781)",,565,24,13.56,13560,0,,5,1,24,Solar Kit Hybrid
,,5,48,kits,Neosolar,NEO-26824,,,1,"Kit Energia Solar On Grid Híbrido - 9.04kWp 4,8kWh Lítio 48V (26824)",,565,16,9.04,9040,0,,5,1,16,Solar Kit Hybrid
,,3,48,kits,Neosolar,NEO-26779,,,1,"Kit Energia Solar On Grid Híbrido - 13.56kWp 4,8kWh Lítio 48V (26779)",,565,24,13.56,13560,0,,3,1,24,Solar Kit Hybrid
,,4,48,kits,Neosolar,NEO-26780,,,1,"Kit Energia Solar On Grid Híbrido - 13.56kWp 4,8kWh Lítio 48V (26780)",,565,24,13.56,13560,0,,4,1,24,Solar Kit Hybrid
,,6,48,kits,Neosolar,NEO-26825,,,1,"Kit Energia Solar On Grid Híbrido - 9.04kWp 4,8kWh Lítio 48V (26825)",,565,16,9.04,9040,0,,6,1,16,Solar Kit Hybrid
,,1,48,kits,Neosolar,NEO-26819,,,1,"Kit Energia Solar On Grid Híbrido - 5.08kWp 4,8kWh Lítio 48V (26819)",,565,9,5.08,5085,21930.71,,1,1,9,Solar Kit Hybrid
,,2,48,kits,Neosolar,NEO-26821,,,1,"Kit Energia Solar On Grid Híbrido - 9.04kWp 4,8kWh Lítio 48V (26821)",,565,16,9.04,9040,0,,2,1,16,Solar Kit Hybrid
,,1,48,kits,Neosolar,NEO-26814,,,1,"Kit Energia Solar On Grid Híbrido - 3,95kWp 4,8kWh Lítio 48V (26814)",,565,7,95.0,3955,14887.27,,1,1,7,Solar Kit Hybrid
,,3,48,kits,Neosolar,NEO-26822,,,1,"Kit Energia Solar On Grid Híbrido - 9.04kWp 4,8kWh Lítio 48V (26822)",,565,16,9.04,9040,0,,3,1,16,Solar Kit Hybrid
,,1,48,kits,Neosolar,NEO-26826,,,1,"Kit Energia Solar On Grid Híbrido - 3,95kWp 4,8kWh Lítio 48V (26626)",,565,7,95.0,3955,21646.05,,1,1,7,Solar Kit Hybrid
,,6,48,kits,Neosolar,NEO-26782,,,1,"Kit Energia Solar On Grid Híbrido - 13.56kWp 4,8kWh Lítio 48V (26782)",,565,24,13.56,13560,0,,6,1,24,Solar Kit Hybrid
,,4,48,kits,Neosolar,NEO-26761,,,1,"Kit Energia Solar On Grid Híbrido - 9.04kWp 4,8kWh Lítio 48V (26761)",,565,16,9.04,9040,0,,4,1,16,Solar Kit Hybrid
,,3,48,kits,Neosolar,NEO-26760,,,1,"Kit Energia Solar On Grid Híbrido - 9.04kWp 4,8kWh Lítio 48V (26760)",,565,16,9.04,9040,33828.23,,3,1,16,Solar Kit Hybrid
,,5,48,kits,Neosolar,NEO-26643,,,1,"Kit Energia Solar On Grid Híbrido - 13.56kWp 4,8kWh Lítio 48V (26643)",,565,24,13.56,13560,0,,5,1,24,Solar Kit Hybrid
,,1,48,kits,Neosolar,NEO-26758,,,1,"Kit Energia Solar On Grid Híbrido - 9.04kWp 4,8kWh",,565,16,9.04,9040,25019.56,,1,1,16,Solar Kit Hybrid
,,1,48,kits,Neosolar,NEO-26820,,,1,"Kit Energia Solar On Grid Híbrido - 9.04kWp 4,8kWh Lítio 48V (26820)",,565,16,9.04,9040,0,,1,1,16,Solar Kit Hybrid
,,4,48,kits,Neosolar,NEO-26818,,,1,"Kit Energia Solar On Grid Híbrido - 5.65kWp 4,8kWh Lítio 48V (26818)",,565,10,5.65,5650,0,,4,1,10,Solar Kit Hybrid
,,1,48,kits,Neosolar,NEO-26838,,,1,"Kit Energia Solar On Grid Híbrido - 7.35kWp 4,8kWh Lítio 48V (26838)",,565,13,7.35,7345,29728.75,,1,1,13,Solar Kit Hybrid
,,4,48,kits,Neosolar,NEO-26830,,,1,"Kit Energia Solar On Grid Híbrido - 5.65kWp 4,8kWh Lítio 48V (26830)",,565,10,5.65,5650,0,,4,1,10,Solar Kit Hybrid
,,4,48,kits,Neosolar,NEO-26823,,,1,"Kit Energia Solar On Grid Híbrido - 9.04kWp 4,8kWh Lítio 48V (26823)",,565,16,9.04,9040,0,,4,1,16,Solar Kit Hybrid
,,1,48,kits,Neosolar,NEO-26614,,,1,"Kit Energia Solar On Grid Híbrido - 3,95kWp 4,8kWh Lítio 48V (26614)",,565,7,95.0,3955,15470.94,,1,1,7,Solar Kit Hybrid
,,4,48,kits,Neosolar,NEO-26618,,,1,"Kit Energia Solar On Grid Híbrido - 5.65kWp 4,8kWh Lítio 48V (26618)",,565,10,5.65,5650,0,,4,1,10,Solar Kit Hybrid
,,6,48,kits,Neosolar,NEO-26625,,,1,"Kit Energia Solar On Grid Híbrido - 9.04kWp 4,8kWh Lítio 48V (26625)",,565,16,9.04,9040,0,,6,1,16,Solar Kit Hybrid
,,1,48,kits,Neosolar,NEO-26626,,,1,"Kit Energia Solar On Grid Híbrido - 3,95kWp 4,8kWh Lítio 48V (26626)",,565,7,95.0,3955,22605.2,,1,1,7,Solar Kit Hybrid
,,2,48,kits,Neosolar,NEO-26640,,,1,"Kit Energia Solar On Grid Híbrido - 13.56kWp 4,8kWh Lítio 48V (26640)",,565,24,13.56,13560,0,,2,1,24,Solar Kit Hybrid
,,4,12,kits,Neosolar,NEO-26676,,,,"Kit de Energia Solar Off Grid c/ Inv-car - 2,26kWp 220Ah 24/220V Chumbo-Carbono",,565,4,26.0,2260,0,,4,0,4,Solar Kit Off-Grid
,,6,48,kits,Neosolar,NEO-26644,,,1,"Kit Energia Solar On Grid Híbrido - 13.56kWp 4,8kWh Lítio 48V (26644)",,565,24,13.56,13560,0,,6,1,24,Solar Kit Hybrid
,,1,48,kits,Neosolar,NEO-26638,,,1,"Kit Energia Solar On Grid Híbrido - 7.35kWp 4,8kWh Lítio 48V (26638)",,565,13,7.35,7345,31136.94,,1,1,13,Solar Kit Hybrid
,,,,kits,Neosolar,NEO-27024,,,2,"Kit de Energia Solar On Grid 8,4KWP-OS 7,5KW LI Estrutura c/ Solo",,565,15,4.0,8475,12395.97,,0,2,15,Solar Kit Grid-Tie
,,,,kits,Neosolar,NEO-27030,,,2,"Kit de Energia Solar On Grid 9,3KWP-OS 10,0KW LI Estrutura Metálica",,565,20,3.0,11300,13121.37,,0,2,20,Solar Kit Grid-Tie
,,,,kits,Neosolar,NEO-27112,,,1,"Kit de Energia Solar On Grid 3,39KWP-OS 5KW LI Estrutura p/ Madeira",,565,6,39.0,3390,5225.67,,0,1,6,Solar Kit Grid-Tie
,,,,kits,Neosolar,NEO-27009,,,2,"Kit de Energia Solar On Grid 6,7KWP-OS 6KW LI Estrutura c/ Solo",,565,12,7.0,6780,9857.07,,0,2,12,Solar Kit Grid-Tie
,,,,kits,Neosolar,NEO-27033,,,3,"Kit de Energia Solar On Grid 11,86KWP-OS 10,0KW LI c/ Estrutura p/ Laje",,565,21,86.0,11865,17743.47,,0,3,21,Solar Kit Grid-Tie
,,,,kits,Neosolar,NEO-27019,,,2,"Kit de Energia Solar On Grid 8,4KWP-OS 7,5KW LI Estrutura p/ Laje",,565,15,4.0,8475,12581.97,,0,2,15,Solar Kit Grid-Tie
,,,,kits,Neosolar,NEO-27026,,,2,"Kit de Energia Solar On Grid 9,3KWP-OS 10,0KW LI Estrutura p/ Laje",,565,20,3.0,11300,13679.37,,0,2,20,Solar Kit Grid-Tie
,,,,kits,Neosolar,NEO-27021,,,2,"Kit de Energia Solar On Grid 8,4KWP-OS 7,5KW LI Estrutura c/ Mini Trilho",,565,15,4.0,8475,12023.97,,0,2,15,Solar Kit Grid-Tie
,,,,kits,Neosolar,NEO-27038,,,3,"Kit de Energia Solar On Grid 11,86KWP-OS 10,0KW LI c/ Estrutura p/ Solo",,565,21,86.0,11865,17464.47,,0,3,21,Solar Kit Grid-Tie
,,,,kits,Neosolar,NEO-26927,,,1,Kit Gerador Energia Solar 1.24kWp - Microinversor Deye c/ Wifi SUN2250 - Painel DAH Solar,,0,1,1.24,1240,2353.87,,0,1,4,Solar Kit Grid-Tie
,,,,kits,Neosolar,NEO-26948,,,1,Kit Gerador Energia Solar 0.62kWp - Microinversor Deye c/ Wifi SUN2250 - Painel DAH Solar s/ Estrutura,,0,1,0.62,620,1910.91,,0,1,3,Solar Kit Grid-Tie
,,,,kits,Neosolar,NEO-26934,,,1,Kit Gerador Energia Solar 1.86kWp - Microinversor Deye c/ Wifi SUN2250 - Painel DAH Solar s/ Estrutura,,0,1,1.86,1860,2687.2,,0,1,5,Solar Kit Grid-Tie
,,,,kits,Neosolar,NEO-27152,,,1,Kit Gerador Energia Solar 1.4kWp - Microinversor Deye c/ Wifi SUN2250 - Painel DAH Solar s/ Estrutura,,0,1,1.4,1400,2698.14,,0,1,4,Solar Kit Grid-Tie
,,,,kits,Neosolar,NEO-27156,,,1,Kit Gerador Energia Solar 2.1kWp - Microinversor Deye c/ Wifi SUN2250 - Painel DAH Solar Estrutura p/ Madeira,,0,1,2.1,2100,3258.74,,0,1,5,Solar Kit Grid-Tie
,,,,kits,Neosolar,NEO-27149,,,1,Kit Gerador Energia Solar 1.4kWp - Microinversor Deye c/ Wifi SUN2250 - Painel DAH Solar Estrutura p/ Madeira,,0,1,1.4,1400,2897.54,,0,1,4,Solar Kit Grid-Tie
,,,,kits,Neosolar,NEO-26941,,,1,Kit Gerador Energia Solar 2.48kWp - Microinversor Deye c/ Wifi SUN2250 - Painel DAH Solar s/ Estrutura,,0,1,2.48,2480,2873.94,,0,1,6,Solar Kit Grid-Tie
,,,,kits,Neosolar,NEO-26945,,,1,Kit Gerador Energia Solar 0.62kWp - Microinversor Deye c/ Wifi SUN2250 - Painel DAH Solar c/ Parafuso Madeira,,0,1,0.62,620,2280.09,,0,1,3,Solar Kit Grid-Tie
,,,,kits,Neosolar,NEO-27157,,,1,Kit Gerador Energia Solar 2.1kWp - Microinversor Deye c/ Wifi SUN2250 - Painel DAH Solar Estrutura Metálica,,0,1,2.1,2100,3258.74,,0,1,5,Solar Kit Grid-Tie
,,,,kits,Neosolar,NEO-27150,,,1,Kit Gerador Energia Solar 1.4kWp - Microinversor Deye c/ Wifi SUN2250 - Painel DAH Solar Estrutura Metálica,,0,1,1.4,1400,2897.54,,0,1,4,Solar Kit Grid-Tie
,,,,kits,Neosolar,NEO-27171,,,1,Kit Gerador Energia Solar 700kWp - Microinversor Deye c/ Wifi SUN2250 - Painel DAH Solar Estrutura Metálica,,0,1,700.0,700,2342.52,,0,1,3,Solar Kit Grid-Tie
,,,,kits,Neosolar,NEO-26931,,,1,Kit Gerador Energia Solar 1.86kWp - Microinversor Deye c/ Wifi SUN2250 - Painel DAH Solar c/ Parafuso Madeira,,0,1,1.86,1860,3060.7,,0,1,5,Solar Kit Grid-Tie
,,,,kits,Neosolar,NEO-26924,,,1,Kit Gerador Energia Solar 1.24kWp - Microinversor Deye c/ Wifi SUN2250 - Painel DAH Solar c/ Parafuso Madeira,,0,1,1.24,1240,2722.97,,0,1,4,Solar Kit Grid-Tie
,,,,kits,Neosolar,NEO-27163,,,1,Kit Gerador Energia Solar 2.8kWp - Microinversor Deye c/ Wifi SUN2250 - Painel DAH Solar Estrutura p/ Madeira,,0,1,2.8,2800,3249.93,,0,1,6,Solar Kit Grid-Tie
,,,,kits,Neosolar,NEO-26922,,,1,Kit Gerador Energia Solar 1.24kWp - Microinversor Deye c/ Wifi SUN2250 - Painel DAH Solar com GANCHO p/ CERÂMICA,,0,1,1.24,1240,2725.43,,0,1,4,Solar Kit Grid-Tie
,,,,kits,Neosolar,NEO-26937,,,1,Kit Gerador Energia Solar 2.48kWp - Microinversor Deye c/ Wifi SUN2250 - Painel DAH Solar c/ Mini Trilho,,0,1,2.48,2480,3242.7,,0,1,6,Solar Kit Grid-Tie
,,,,kits,Neosolar,NEO-26923,,,1,Kit Gerador Energia Solar 1.24kWp - Microinversor Deye c/ Wifi SUN2250 - Painel DAH Solar com Mini Trilho,,0,1,1.24,1240,2723.34,,0,1,4,Solar Kit Grid-Tie
,,,,kits,Neosolar,NEO-26930,,,1,Kit Gerador Energia Solar 1.86kWp - Microinversor Deye c/ Wifi SUN2250 - Painel DAH Solar c/ Mini Trilho,,0,1,1.86,1860,3056.35,,0,1,5,Solar Kit Grid-Tie
,,,,kits,Neosolar,NEO-26944,,,1,Kit Gerador Energia Solar 0.62kWp - Microinversor Deye c/ Wifi SUN2250 - Painel DAH Solar c/ Mini Trilho,,0,1,0.62,620,2280.58,,0,1,3,Solar Kit Grid-Tie
,,,,kits,Neosolar,NEO-26929,,,1,Kit Gerador Energia Solar 1.86kWp - Microinversor Deye c/ Wifi SUN2250 - Painel DAH Solar c/ Gancho p/ Cêramica,,0,1,1.86,1860,3062.47,,0,1,5,Solar Kit Grid-Tie
,,,,kits,Neosolar,NEO-26943,,,1,Kit Gerador Energia Solar 0.62kWp - Microinversor Deye c/ Wifi SUN2250 - Painel DAH Solar c/ Gancho p/ Cerâmica,,0,1,0.62,620,2283.29,,0,1,3,Solar Kit Grid-Tie
,,,,kits,Neosolar,NEO-27160,,,1,Kit Gerador Energia Solar 2.8kWp - Microinversor Deye c/ Wifi SUN2250 - Painel DAH Solar Estrutura p/ Laje,,0,1,2.8,2800,3408.54,,0,1,6,Solar Kit Grid-Tie
,,,,kits,Neosolar,NEO-27162,,,1,Kit Gerador Energia Solar 2.8kWp - Microinversor Deye c/ Wifi SUN2250 - Painel DAH Solar Estrutura c/ Mini Trilho,,0,1,2.8,2800,3252.64,,0,1,6,Solar Kit Grid-Tie
,,,,kits,Neosolar,NEO-27146,,,1,Kit Gerador Energia Solar 1.4kWp - Microinversor Deye c/ Wifi SUN2250 - Painel DAH Solar Estrutura p/ Laje,,0,1,1.4,1400,3053.39,,0,1,4,Solar Kit Grid-Tie
,,,,kits,Neosolar,NEO-27153,,,1,Kit Gerador Energia Solar 2.1kWp - Microinversor Deye c/ Wifi SUN2250 - Painel DAH Solar Estrutura p/ Laje,,0,1,2.1,2100,3417.42,,0,1,5,Solar Kit Grid-Tie
,,,,kits,Neosolar,NEO-27167,,,1,Kit Gerador Energia Solar 700kWp - Microinversor Deye c/ Wifi SUN2250 - Painel DAH Solar Estrutura p/ Laje,,0,1,700.0,700,2494.04,,0,1,3,Solar Kit Grid-Tie
,,1,48,kits,Neosolar,NEO-26845,,,1,"Kit Energia Solar On Grid Híbrido - 3,7kWp Lítio 48V (26845)",,620,6,7.0,3720,14800.61,,1,1,6,Solar Kit Hybrid
,,1,48,kits,Neosolar,NEO-26857,,,1,"Kit Energia Solar On Grid Híbrido - 3,72kWp 4,8kWh Lítio 48V (26857)",,620,6,72.0,3720,21559.38,,1,1,6,Solar Kit Hybrid
,,,,kits,Neosolar,NEO-27091,,,1,"Kit de Energia Solar On Grid 3,72KWP-OS 5KW LI s/ Estrutura",,620,6,72.0,3720,5327.97,,0,1,6,Solar Kit Grid-Tie
,,,,kits,Neosolar,NEO-27131,,,1,"Kit de Energia Solar On Grid 3,72KWP-OS 5KW LI Estrutura p/ Madeira",,620,6,72.0,3720,6071.97,,0,1,6,Solar Kit Grid-Tie
,,1,48,kits,Neosolar,NEO-26795,,,1,"Kit Energia Solar On Grid Híbrido - 3,72kWp 4,8kWh Lítio 48V (26795)",,620,6,72.0,3720,20843.75,,1,1,6,Solar Kit Hybrid
,,1,48,kits,Neosolar,NEO-26783,,,1,"Kit Energia Solar On Grid Híbrido - 3,7kWp Lítio 48V (26783)",,620,6,7.0,3720,14084.97,,1,1,6,Solar Kit Hybrid
,,1,48,kits,Neosolar,NEO-26669,,,1,"Kit Energia Solar On Grid Híbrido - 8.06kWp 4,8kWh Lítio 48V (26669)",,620,13,8.06,8060,31591.94,,1,1,13,Solar Kit Hybrid
,,1,48,kits,Neosolar,NEO-26657,,,1,"Kit Energia Solar On Grid Híbrido - 3,72kWp 4,8kWh Lítio 48V (26657)",,620,6,72.0,3720,21022.97,,1,1,6,Solar Kit Hybrid
,,,,kits,Neosolar,NEO-27137,,,1,"Kit de Energia Solar On Grid 4,96KWP-OS 5KW LI Estrutura p/ Madeira",,620,8,96.0,4960,7848.27,,0,1,8,Solar Kit Grid-Tie
,,2,48,kits,Neosolar,NEO-26766,,,1,"Kit Energia Solar On Grid Híbrido - 5.65kWp 4,8kWh Lítio 48V (26766)",,565,10,5.65,5650,27456.69,,2,1,10,Solar Kit Hybrid
,,2,48,kits,Neosolar,NEO-26754,,,1,"Kit Energia Solar On Grid Híbrido - 5.65kWp 4,8kWh Lítio 48V (26754)",,565,10,5.65,5650,20697.91,,2,1,10,Solar Kit Hybrid
,,3,48,kits,Neosolar,NEO-26767,,,1,"Kit Energia Solar On Grid Híbrido - 5.65kWp 4,8kWh Lítio 48V (26767)",,565,10,5.65,5650,31861.03,,3,1,10,Solar Kit Hybrid
,,4,48,kits,Neosolar,NEO-26768,,,1,"Kit Energia Solar On Grid Híbrido - 5.65kWp 4,8kWh Lítio 48V (26768)",,565,10,5.65,5650,0,,4,1,10,Solar Kit Hybrid
,,3,48,kits,Neosolar,NEO-26755,,,1,"Kit Energia Solar On Grid Híbrido - 5.65kWp 4,8kWh Lítio 48V (26755)",,565,10,5.65,5650,25102.25,,3,1,10,Solar Kit Hybrid
,,3,48,kits,Neosolar,NEO-26817,,,1,"Kit Energia Solar On Grid Híbrido - 5.65kWp 4,8kWh Lítio 48V (26817)",,565,10,5.65,5650,0,,3,1,10,Solar Kit Hybrid
,,1,48,kits,Neosolar,NEO-26765,,,1,"Kit Energia Solar On Grid Híbrido - 5.65kWp 4,8kWh Lítio 48V (26765)",,565,10,5.65,5650,23052.36,,1,1,10,Solar Kit Hybrid
,,1,48,kits,Neosolar,NEO-26753,,,1,"Kit Energia Solar On Grid Híbrido - 5.65kWp 4,8kWh Lítio 48V (26753)",,565,10,5.65,5650,16293.58,,1,1,10,Solar Kit Hybrid
,,1,48,kits,Neosolar,NEO-26815,,,1,"Kit Energia Solar On Grid Híbrido - 5.65kWp 4,8kWh Lítio 48V (26815)",,565,10,5.65,5650,0,,1,1,10,Solar Kit Hybrid
,,2,48,kits,Neosolar,NEO-26816,,,1,"Kit Energia Solar On Grid Híbrido - 5.65kWp 4,8kWh Lítio 48V (26816)",,565,10,5.65,5650,0,,2,1,10,Solar Kit Hybrid
,,2,48,kits,Neosolar,NEO-26628,,,1,"Kit Energia Solar On Grid Híbrido - 5.65kWp 4,8kWh Lítio 48V (26628)",,565,10,5.65,5650,0,,2,1,10,Solar Kit Hybrid
,,,,kits,Neosolar,NEO-27166,,,1,Kit Gerador Energia Solar 2.8kWp - Microinversor Deye c/ Wifi SUN2250 - Painel DAH Solar s/ Estrutura,,0,1,2.8,2800,3047.53,,0,1,6,Solar Kit Grid-Tie
,,,,kits,Neosolar,NEO-26936,,,1,Kit Gerador Energia Solar 2.48kWp - Microinversor Deye c/ Wifi SUN2250 - Painel DAH Solar c/ Gancho p/ Cerâmica,,0,1,2.48,2480,3247.51,,0,1,6,Solar Kit Grid-Tie
,,,,kits,Neosolar,NEO-27130,,,1,"Kit de Energia Solar On Grid 3,72KWP-OS 5KW LI Estrutura c/ Mini Trilho",,620,6,72.0,3720,6071.97,,0,1,6,Solar Kit Grid-Tie
,,,,kits,Neosolar,NEO-27136,,,1,"Kit de Energia Solar On Grid 4,96KWP-OS 5KW LI Estrutura c/ Mini Trilho",,620,8,96.0,4960,7848.27,,0,1,8,Solar Kit Grid-Tie
,,1,6,kits,Neosolar,NEO-25050,,,1,Kit Energia Solar Off Grid - 870Wp 100Ah/24V Lítio (25050),,435,2,0.87,870,6147.89,,1,1,2,Solar Kit Off-Grid
,,,,kits,Neosolar,NEO-27128,,,1,"Kit de Energia Solar On Grid 3,72KWP-OS 5KW LI Estrutura p/ Laje",,620,6,72.0,3720,6629.97,,0,1,6,Solar Kit Grid-Tie
,,,,kits,Neosolar,NEO-27134,,,1,"Kit de Energia Solar On Grid 4,96KWP-OS 5KW LI Estrutura p/ Laje",,620,8,96.0,4960,8406.27,,0,1,8,Solar Kit Grid-Tie
,,,,kits,Neosolar,NEO-27161,,,1,Kit Gerador Energia Solar 2.8kWp - Microinversor Deye c/ Wifi SUN2250 - Painel DAH Solar c/ Gancho p/ Cerâmica,,0,1,2.8,2800,3252.57,,0,1,6,Solar Kit Grid-Tie
,,1,48,kits,Neosolar,NEO-25055,,,1,"Kit Energia Solar Off Grid - 1,31kWp 105Ah 48V Lítio (25055)",,435,3,31.0,1305,6990.92,,1,1,3,Solar Kit Off-Grid
,,4,48,kits,Neosolar,NEO-26630,,,1,"Kit Energia Solar On Grid Híbrido - 5.65kWp 4,8kWh Lítio 48V (26630)",,565,10,5.65,5650,0,,4,1,10,Solar Kit Hybrid
,,,,kits,Neosolar,NEO-27141,,,2,"Kit de Energia Solar On Grid 6,20KWP-OS 5KW LI c/ Gancho p/ Cerâmica",,620,10,20.0,6200,9996.57,,0,2,10,Solar Kit Grid-Tie
,,5,48,kits,Neosolar,NEO-26674,,,1,"Kit Energia Solar On Grid Híbrido - 14.88kWp 4,8kWh Lítio 48V (26674)",,620,24,14.88,14880,0,,5,1,24,Solar Kit Hybrid
,,4,48,kits,Neosolar,NEO-26673,,,1,"Kit Energia Solar On Grid Híbrido - 14.88kWp 4,8kWh Lítio 48V (26673)",,620,24,14.88,14880,0,,4,1,24,Solar Kit Hybrid
,,6,48,kits,Neosolar,NEO-26675,,,1,"Kit Energia Solar On Grid Híbrido - 14.88kWp 4,8kWh Lítio 48V (26675)",,620,24,14.88,14880,0,,6,1,24,Solar Kit Hybrid
,,3,48,kits,Neosolar,NEO-26860,,,1,"Kit Energia Solar On Grid Híbrido - 6,2kWp 4,8kWh Lítio 48V (26860)",,620,10,2.0,6200,0,,3,1,10,Solar Kit Hybrid
,,4,48,kits,Neosolar,NEO-26861,,,1,"Kit Energia Solar On Grid Híbrido - 6,2kWp 4,8kWh Lítio 48V (26861)",,620,10,2.0,6200,0,,4,1,10,Solar Kit Hybrid
,,4,48,kits,Neosolar,NEO-26799,,,1,"Kit Energia Solar On Grid Híbrido - 6,2kWp 4,8kWh Lítio 48V (26799)",,620,10,2.0,6200,0,,4,1,10,Solar Kit Hybrid
,,1,48,kits,Neosolar,NEO-26858,,,1,"Kit Energia Solar On Grid Híbrido - 6,2kWp 4,8kWh Lítio 48V (26658)",,620,10,2.0,6200,0,,1,1,10,Solar Kit Hybrid
,,2,48,kits,Neosolar,NEO-26859,,,1,"Kit Energia Solar On Grid Híbrido - 6,2kWp 4,8kWh Lítio 48V (26859)",,620,10,2.0,6200,0,,2,1,10,Solar Kit Hybrid
,,4,48,kits,Neosolar,NEO-26849,,,1,"Kit Energia Solar On Grid Híbrido - 6,2kWp Lítio 48V (26849)",,620,10,2.0,6200,0,,4,1,10,Solar Kit Hybrid
,,3,48,kits,Neosolar,NEO-26848,,,1,"Kit Energia Solar On Grid Híbrido - 6,2kWp Lítio 48V (26848)",,620,10,2.0,6200,0,,3,1,10,Solar Kit Hybrid
,,1,48,kits,Neosolar,NEO-26846,,,1,"Kit Energia Solar On Grid Híbrido - 6,2kWp Lítio 48V (26846)",,620,10,2.0,6200,0,,1,1,10,Solar Kit Hybrid
,,2,48,kits,Neosolar,NEO-26847,,,1,"Kit Energia Solar On Grid Híbrido - 6,2kWp Lítio 48V (26847)",,620,10,2.0,6200,0,,2,1,10,Solar Kit Hybrid
,,,,kits,Neosolar,NEO-27093,,,2,"Kit de Energia Solar On Grid 6,20KWP-OS 5KW LI s/ Estrutura",,620,10,20.0,6200,8880.57,,0,2,10,Solar Kit Grid-Tie
,,2,48,kits,Neosolar,NEO-26785,,,1,"Kit Energia Solar On Grid Híbrido - 6,2kWp Lítio 48V (26785)",,620,10,2.0,6200,21254.52,,2,1,10,Solar Kit Hybrid
,,3,48,kits,Neosolar,NEO-26786,,,1,"Kit Energia Solar On Grid Híbrido - 6,2kWp Lítio 48V (26786)",,620,10,2.0,6200,25658.86,,3,1,10,Solar Kit Hybrid
,,1,48,kits,Neosolar,NEO-26796,,,1,"Kit Energia Solar On Grid Híbrido - 6,2kWp 4,8kWh Lítio 48V (26796)",,620,10,2.0,6200,23608.96,,1,1,10,Solar Kit Hybrid
,,1,48,kits,Neosolar,NEO-26784,,,1,"Kit Energia Solar On Grid Híbrido - 6,2kWp Lítio 48V (26784)",,620,10,2.0,6200,16850.19,,1,1,10,Solar Kit Hybrid
,,3,48,kits,Neosolar,NEO-26798,,,1,"Kit Energia Solar On Grid Híbrido - 6,2kWp 4,8kWh Lítio 48V (26798)",,620,10,2.0,6200,32417.63,,3,1,10,Solar Kit Hybrid
,,2,48,kits,Neosolar,NEO-26797,,,1,"Kit Energia Solar On Grid Híbrido - 6,2kWp 4,8kWh Lítio 48V (26797)",,620,10,2.0,6200,28013.29,,2,1,10,Solar Kit Hybrid
,,4,48,kits,Neosolar,NEO-26787,,,1,"Kit Energia Solar On Grid Híbrido - 6,2kWp Lítio 48V (26787)",,620,10,2.0,6200,0,,4,1,10,Solar Kit Hybrid
,,1,48,kits,Neosolar,NEO-26670,,,1,"Kit Energia Solar On Grid Híbrido - 14.88kWp 4,8kWh Lítio 48V (26670)",,620,24,14.88,14880,39291.55,,1,1,24,Solar Kit Hybrid
,,3,48,kits,Neosolar,NEO-26672,,,1,"Kit Energia Solar On Grid Híbrido - 14.88kWp 4,8kWh Lítio 48V (26672)",,620,24,14.88,14880,0,,3,1,24,Solar Kit Hybrid
,,2,48,kits,Neosolar,NEO-26671,,,1,"Kit Energia Solar On Grid Híbrido - 14.88kWp 4,8kWh Lítio 48V (26671)",,620,24,14.88,14880,0,,2,1,24,Solar Kit Hybrid
,,,,kits,Neosolar,NEO-27164,,,1,Kit Gerador Energia Solar 2.8kWp - Microinversor Deye c/ Wifi SUN2250 - Painel DAH Solar Estrutura Metálica,,0,1,2.8,2800,3249.93,,0,1,6,Solar Kit Grid-Tie
,,,,kits,Neosolar,NEO-27027,,,2,"Kit de Energia Solar On Grid 9,3KWP-OS 10,0KW LI Estrutura p/ Cerâmica",,565,20,3.0,11300,13121.37,,0,2,20,Solar Kit Grid-Tie
,,,,kits,Neosolar,NEO-27036,,,3,"Kit de Energia Solar On Grid 11,86KWP-OS 10,0KW LI c/ Estrutura p/ Madeira",,565,21,86.0,11865,16906.47,,0,3,21,Solar Kit Grid-Tie
,,,,kits,Neosolar,NEO-27025,,,2,"Kit de Energia Solar On Grid 9,3KWP-OS 10,0KW LI s/ Estrutura",,565,20,3.0,11300,12377.37,,0,2,20,Solar Kit Grid-Tie
,,,,kits,Neosolar,NEO-27015,,,2,"Kit de Energia Solar On Grid 7,9KWP-OS 7,5KW LI Estrutura p/ Madeira",,565,14,9.0,7910,11270.67,,0,2,14,Solar Kit Grid-Tie
,,,,kits,Neosolar,NEO-27013,,,2,"Kit de Energia Solar On Grid 7,9KWP-OS 7,5KW LI Estrutura p/ Cerâmica",,565,14,9.0,7910,11270.67,,0,2,14,Solar Kit Grid-Tie
,,,,kits,Neosolar,NEO-27037,,,3,"Kit de Energia Solar On Grid 11,86KWP-OS 10,0KW LI c/ Estrutura Metálica",,565,21,86.0,11865,16906.47,,0,3,21,Solar Kit Grid-Tie
,,,,kits,Neosolar,NEO-27022,,,2,"Kit de Energia Solar On Grid 8,4KWP-OS 7,5KW LI Estrutura p/ Madeira",,565,15,4.0,8475,12023.97,,0,2,15,Solar Kit Grid-Tie
,,,,kits,Neosolar,NEO-27011,,,2,"Kit de Energia Solar On Grid 7,9KWP-OS 7,5KW LI Estrutura s/ Estrutura",,565,14,9.0,7910,10526.67,,0,2,14,Solar Kit Grid-Tie
,,,,kits,Neosolar,NEO-27023,,,2,"Kit de Energia Solar On Grid 8,4KWP-OS 7,5KW LI Estrutura Metálica",,565,15,4.0,8475,12023.97,,0,2,15,Solar Kit Grid-Tie
,,,,kits,Neosolar,NEO-27016,,,2,"Kit de Energia Solar On Grid 7,9KWP-OS 7,5KW LI Estrutura Metálica",,565,14,9.0,7910,11270.67,,0,2,14,Solar Kit Grid-Tie
,,,,kits,Neosolar,NEO-27018,,,2,"Kit de Energia Solar On Grid 8,4KWP-OS 7,5KW LI Estrutura s/ Estrutura",,565,15,4.0,8475,11279.97,,0,2,15,Solar Kit Grid-Tie
,,,,kits,Neosolar,NEO-27029,,,2,"Kit de Energia Solar On Grid 9,3KWP-OS 10,0KW LI Estrutura p/ Madeira",,565,20,3.0,11300,13121.37,,0,2,20,Solar Kit Grid-Tie
,,,,kits,Neosolar,NEO-27034,,,3,"Kit de Energia Solar On Grid 11,86KWP-OS 10,0KW LI c/ Estrutura p/ Cerâmica",,565,21,86.0,11865,16906.47,,0,3,21,Solar Kit Grid-Tie
,,2,48,kits,Neosolar,NEO-26961,,,,"Kit de Energia Solar Off Grid c/ Inv-car - 3,4kWp 100Ah 24/220V Lítio (26961)",,565,6,4.0,3390,0,,2,0,6,Solar Kit Off-Grid
,,,,kits,Neosolar,NEO-27020,,,2,"Kit de Energia Solar On Grid 8,4KWP-OS 7,5KW LI Estrutura p/ Cerâmica",,565,15,4.0,8475,12023.97,,0,2,15,Solar Kit Grid-Tie
,,,,kits,Neosolar,NEO-27135,,,1,"Kit de Energia Solar On Grid 4,96KWP-OS 5KW LI c/ Gancho p/ Cerâmica",,620,8,96.0,4960,7848.27,,0,1,8,Solar Kit Grid-Tie
,,1,48,kits,Neosolar,NEO-26619,,,1,"Kit Energia Solar On Grid Híbrido - 5.08kWp 4,8kWh Lítio 48V (26619)",,565,9,5.08,5085,22905.69,,1,1,9,Solar Kit Hybrid
,,6,48,kits,Neosolar,NEO-26656,,,1,"Kit Energia Solar On Grid Híbrido - 9,92kWp 4,8kWh Lítio 48V (26656)",,620,16,92.0,9920,0,,6,1,16,Solar Kit Hybrid
,,4,48,kits,Neosolar,NEO-26654,,,1,"Kit Energia Solar On Grid Híbrido - 9,92kWp 4,8kWh Lítio 48V (26654)",,620,16,92.0,9920,0,,4,1,16,Solar Kit Hybrid
,,5,48,kits,Neosolar,NEO-26655,,,1,"Kit Energia Solar On Grid Híbrido - 9,92kWp 4,8kWh Lítio 48V (26655)",,620,16,92.0,9920,0,,5,1,16,Solar Kit Hybrid
,,1,48,kits,Neosolar,NEO-26651,,,1,"Kit Energia Solar On Grid Híbrido - 9,92kWp 4,8kWh Lítio 48V (26651)",,620,16,92.0,9920,0,,1,1,16,Solar Kit Hybrid
,,1,48,kits,Neosolar,NEO-26652,,,1,"Kit Energia Solar On Grid Híbrido - 9,92kWp 4,8kWh Lítio 48V (26652)",,620,16,92.0,9920,0,,1,1,16,Solar Kit Hybrid
,,1,48,kits,Neosolar,NEO-26650,,,1,"Kit Energia Solar On Grid Híbrido - 5,58kWp 4,8kWh Lítio 48V (26650)",,620,9,58.0,5580,23434.46,,1,1,9,Solar Kit Hybrid
,,3,48,kits,Neosolar,NEO-26665,,,1,"Kit Energia Solar On Grid Híbrido - 9,92kWp 4,8kWh Lítio 48V (26665)",,620,16,92.0,9920,0,,3,1,16,Solar Kit Hybrid
,,2,48,kits,Neosolar,NEO-26664,,,1,"Kit Energia Solar On Grid Híbrido - 9,92kWp 4,8kWh Lítio 48V (26664)",,620,16,92.0,9920,0,,2,1,16,Solar Kit Hybrid
,,1,48,kits,Neosolar,NEO-26663,,,1,"Kit Energia Solar On Grid Híbrido - 9,92kWp 4,8kWh Lítio 48V (26663)",,620,16,92.0,9920,31106.64,,1,1,16,Solar Kit Hybrid
,,1,48,kits,Neosolar,NEO-26662,,,1,"Kit Energia Solar On Grid Híbrido - 5,58kWp 4,8kWh Lítio 48V (26662)",,620,9,58.0,5580,25889.32,,1,1,9,Solar Kit Hybrid
,,6,48,kits,Neosolar,NEO-26668,,,1,"Kit Energia Solar On Grid Híbrido - 9,92kWp 4,8kWh Lítio 48V (26668)",,620,16,92.0,9920,0,,6,1,16,Solar Kit Hybrid
,,4,48,kits,Neosolar,NEO-26666,,,1,"Kit Energia Solar On Grid Híbrido - 9,92kWp 4,8kWh Lítio 48V (26666)",,620,16,92.0,9920,0,,4,1,16,Solar Kit Hybrid
,,5,48,kits,Neosolar,NEO-26667,,,1,"Kit Energia Solar On Grid Híbrido - 9,92kWp 4,8kWh Lítio 48V (26667)",,620,16,92.0,9920,0,,5,1,16,Solar Kit Hybrid
,,1,48,kits,Neosolar,NEO-26788,,,1,"Kit Energia Solar On Grid Híbrido - 5,58kWp Lítio 48V (26788)",,620,9,58.0,5580,21716.02,,1,1,9,Solar Kit Hybrid
,,6,48,kits,Neosolar,NEO-26794,,,1,"Kit Energia Solar On Grid Híbrido - 9.92kWp 4,8kWh Lítio 48V (26794)",,620,16,9.92,9920,0,,6,1,16,Solar Kit Hybrid
,,3,48,kits,Neosolar,NEO-26791,,,1,"Kit Energia Solar On Grid Híbrido - 9.92kWp 4,8kWh Lítio 48V (26791)",,620,16,9.92,9920,34718.8,,3,1,16,Solar Kit Hybrid
,,4,48,kits,Neosolar,NEO-26792,,,1,"Kit Energia Solar On Grid Híbrido - 9.92kWp 4,8kWh Lítio 48V (26792)",,620,16,9.92,9920,0,,4,1,16,Solar Kit Hybrid
,,5,48,kits,Neosolar,NEO-26793,,,1,"Kit Energia Solar On Grid Híbrido - 9.92kWp 4,8kWh Lítio 48V (26793)",,620,16,9.92,9920,0,,5,1,16,Solar Kit Hybrid
,,2,48,kits,Neosolar,NEO-26790,,,1,"Kit Energia Solar On Grid Híbrido - 9.92kWp 4,8kWh Lítio 48V (26790)",,620,16,9.92,9920,30314.46,,2,1,16,Solar Kit Hybrid
,,1,48,kits,Neosolar,NEO-26789,,,1,"Kit Energia Solar On Grid Híbrido - 9.92kWp 4,8kWh Lítio 48V (26789)",,620,16,9.92,9920,25910.13,,1,1,16,Solar Kit Hybrid
,,1,48,kits,Neosolar,NEO-26851,,,1,"Kit Energia Solar On Grid Híbrido - 9.92kWp 4,8kWh Lítio 48V (26851)",,620,16,9.92,9920,0,,1,1,16,Solar Kit Hybrid
,,1,48,kits,Neosolar,NEO-26852,,,1,"Kit Energia Solar On Grid Híbrido - 9.92kWp 4,8kWh Lítio 48V (26852)",,620,16,9.92,9920,0,,1,1,16,Solar Kit Hybrid
,,1,48,kits,Neosolar,NEO-26850,,,1,"Kit Energia Solar On Grid Híbrido - 5,6kWp Lítio 48V (26850)",,620,9,6.0,5580,22431.66,,1,1,9,Solar Kit Hybrid
,,6,48,kits,Neosolar,NEO-26856,,,1,"Kit Energia Solar On Grid Híbrido - 9.92kWp 4,8kWh Lítio 48V (26856)",,620,16,9.92,9920,0,,6,1,16,Solar Kit Hybrid
,,3,48,kits,Neosolar,NEO-26853,,,1,"Kit Energia Solar On Grid Híbrido - 9.92kWp 4,8kWh Lítio 48V (26853)",,620,16,9.92,9920,0,,3,1,16,Solar Kit Hybrid
,,5,48,kits,Neosolar,NEO-26855,,,1,"Kit Energia Solar On Grid Híbrido - 9.92kWp 4,8kWh Lítio 48V (26855)",,620,16,9.92,9920,0,,5,1,16,Solar Kit Hybrid
,,4,48,kits,Neosolar,NEO-26854,,,1,"Kit Energia Solar On Grid Híbrido - 9.92kWp 4,8kWh Lítio 48V (26854)",,620,16,9.92,9920,0,,4,1,16,Solar Kit Hybrid
,,,,kits,Neosolar,NEO-26928,,,1,Kit Gerador Energia Solar 1.86kWp - Microinversor Deye c/ Wifi SUN2250 - Painel DAH Solar com Base P/ Laje,,0,1,1.86,1860,3352.9,,0,1,5,Solar Kit Grid-Tie
,,,,kits,Neosolar,NEO-26921,,,1,Kit Gerador Energia Solar 1.24kWp - Microinversor Deye c/ Wifi SUN2250 - Painel DAH Solar com Base p/ Laje,,0,1,1.24,1240,3020.61,,0,1,4,Solar Kit Grid-Tie
,,,,kits,Neosolar,NEO-26942,,,1,Kit Gerador Energia Solar 0.62kWp - Microinversor Deye c/ Wifi SUN2250 - Painel DAH Solar com Base P/ Laje,,0,1,0.62,620,2582.62,,0,1,3,Solar Kit Grid-Tie
,,,,kits,Neosolar,NEO-27047,,,3,"Kit de Energia Solar On Grid 13,02KWP-OS 10,0KW LI Estrutura c/ Mini Trilho",,620,21,2.0,13020,17603.97,,0,3,21,Solar Kit Grid-Tie
,,,,kits,Neosolar,NEO-27045,,,3,"Kit de Energia Solar On Grid 13,02KWP-OS 10,0KW LI Estrutura p/ Laje",,620,21,2.0,13020,19277.97,,0,3,21,Solar Kit Grid-Tie
,,,,kits,Neosolar,NEO-27050,,,3,"Kit de Energia Solar On Grid 13,02KWP-OS 10,0KW LI Estrutura c/ Solo",,620,21,2.0,13020,18719.97,,0,3,21,Solar Kit Grid-Tie
,,,,kits,Neosolar,NEO-27054,,,2,"Kit de Energia Solar On Grid 12,4KWP-OS 10,0KW LI Estrutura c/ Mini Trilho",,620,20,4.0,12400,16497.27,,0,2,20,Solar Kit Grid-Tie
,,,,kits,Neosolar,NEO-27052,,,2,"Kit de Energia Solar On Grid 12,4KWP-OS 10,0KW LI Estrutura p/ Laje",,620,20,4.0,12400,17892.27,,0,2,20,Solar Kit Grid-Tie
,,,,kits,Neosolar,NEO-27059,,,3,"Kit de Energia Solar On Grid 9,3KWP-OS 7,5KW LI Estrutura p/ Laje",,620,15,3.0,9300,14274.57,,0,3,15,Solar Kit Grid-Tie
,,,,kits,Neosolar,NEO-27057,,,2,"Kit de Energia Solar On Grid 12,4KWP-OS 10,0KW LI Estrutura c/ Solo",,620,20,4.0,12400,17427.27,,0,2,20,Solar Kit Grid-Tie
,,,,kits,Neosolar,NEO-27064,,,3,"Kit de Energia Solar On Grid 9,3KWP-OS 7,5KW LI Estrutura c/ Solo",,620,15,3.0,9300,13902.57,,0,3,15,Solar Kit Grid-Tie
,,,,kits,Neosolar,NEO-27066,,,2,"Kit de Energia Solar On Grid 8,6KWP-OS 7,5KW LI Estrutura p/ Laje",,620,14,6.0,8680,13493.37,,0,2,14,Solar Kit Grid-Tie
,,,,kits,Neosolar,NEO-27076,,,2,"Kit de Energia Solar On Grid 7,44KWP-OS 6KW LI Estrutura Metálica",,620,12,44.0,7440,10173.27,,0,2,12,Solar Kit Grid-Tie
,,,,kits,Neosolar,NEO-27072,,,2,"Kit de Energia Solar On Grid 7,44KWP-OS 6KW LI Estrutura p/ Laje",,620,12,44.0,7440,11010.27,,0,2,12,Solar Kit Grid-Tie
,,,,kits,Neosolar,NEO-27071,,,2,"Kit de Energia Solar On Grid 8,6KWP-OS 7,5KW LI Estrutura p/ Solo",,620,14,6.0,8680,13121.37,,0,2,14,Solar Kit Grid-Tie
,,,,kits,Neosolar,NEO-27077,,,2,"Kit de Energia Solar On Grid 7,44KWP-OS 6KW LI Estrutura c/ Solo",,620,12,44.0,7440,10731.27,,0,2,12,Solar Kit Grid-Tie
,,,,kits,Neosolar,NEO-27133,,,1,"Kit de Energia Solar On Grid 3,72KWP-OS 5KW LI Estrutura p/ Solo",,620,6,72.0,3720,6443.97,,0,1,6,Solar Kit Grid-Tie
,,,,kits,Neosolar,NEO-27144,,,2,"Kit de Energia Solar On Grid 6,20KWP-OS 5KW LI Estrutura Metálica",,620,10,20.0,6200,9996.57,,0,2,10,Solar Kit Grid-Tie
,,,,kits,Neosolar,NEO-27145,,,2,"Kit de Energia Solar On Grid 6,20KWP-OS 5KW LI Estrutura p/ Solo",,620,10,20.0,6200,10554.57,,0,2,10,Solar Kit Grid-Tie
,,,,kits,Neosolar,NEO-27139,,,1,"Kit de Energia Solar On Grid 4,96KWP-OS 5KW LI Estrutura p/ Solo",,620,8,96.0,4960,8220.27,,0,1,8,Solar Kit Grid-Tie
,,,,kits,Neosolar,NEO-21607,,,1,"Kit Gerador Energia Solar 1,74 kWp - Microinversor Deye c/ Wifi SUN2000 - Painel OSDA Com Estrutura",,0,74,74.0,1740,0,,0,1,77,Solar Kit Grid-Tie
,,,,kits,Neosolar,NEO-21608,,,1,"Kit Gerador Energia Solar 1,74 kWp - Microinversor Deye c/ Wifi SUN2000 - Painel OSDA Com Estrtura",,0,74,74.0,1740,0,,0,1,77,Solar Kit Grid-Tie
,,,,kits,Neosolar,NEO-21611,,,1,"Kit Gerador Energia Solar 0,58 kWp - Microinversor Deye c/ Wifi SUN2000 - Painel OSDA (Metálica)",,0,58,58.0,580,0,,0,1,59,Solar Kit Grid-Tie
,,,,kits,Neosolar,NEO-21287,,,1,"Kit Gerador Energia Solar 1,72 kWp - Microinversor Deye c/ Wifi SUN2000 - Painel OSDA Com Estrtutura",,0,72,72.0,1725,0,,0,1,75,Solar Kit Grid-Tie
,,,,kits,Neosolar,NEO-21286,,,1,"Kit Gerador Energia Solar 1,78 kWp - Microinversor Deye c/ Wifi SUN2000 - Painel Luxen (Solo)",,0,78,78.0,1785,0,,0,1,81,Solar Kit Grid-Tie
,,,,kits,Neosolar,NEO-21267,,,1,"Kit Gerador Energia Solar 2,38 kWp - Microinversor Deye c/ Wifi SUN2000 - Painel Luxen (Solo)",,0,38,38.0,2380,0,,0,1,42,Solar Kit Grid-Tie
,,,,kits,Neosolar,NEO-21124,,,1,"Kit Gerador Energia Solar 2,30 kWp - Microinversor Deye c/ Wifi SUN2000 - Painel OSDA (Mini Trilho)",,0,30,30.0,2300,0,,0,1,34,Solar Kit Grid-Tie
,,,,kits,Neosolar,NEO-21609,,,1,"Kit Gerador Energia Solar 0,58 kWp - Microinversor Deye c/ Wifi SUN2000 - Painel OSDA (Cerâmica)",,0,58,58.0,580,0,,0,1,59,Solar Kit Grid-Tie
,,,,kits,Neosolar,NEO-21073,,,1,"Kit Gerador Energia Solar 1,72 kWp - Microinversor Deye c/ Wifi SUN2000 - Painel OSDA Com Estrtura",,0,74,72.0,1740,0,,0,1,77,Solar Kit Grid-Tie
,,,,kits,Neosolar,NEO-21070,,,1,"Kit Gerador Energia Solar 1,78 kWp - Microinversor Deye c/ Wifi SUN2000 - Painel Luxen (Metálica)",,0,78,78.0,1785,0,,0,1,81,Solar Kit Grid-Tie
,,,,kits,Neosolar,NEO-21068,,,1,"Kit Gerador Energia Solar 1,78 kWp - Microinversor Deye c/ Wifi SUN2000 - Painel Luxen (Cerâmica)",,0,78,78.0,1785,0,,0,1,81,Solar Kit Grid-Tie
,,,,kits,Neosolar,NEO-21071,,,1,"Kit Gerador Energia Solar 1,78 kWp - Microinversor Deye c/ Wifi SUN2000 - Painel Luxen (Laje)",,0,78,78.0,1785,0,,0,1,81,Solar Kit Grid-Tie
,,,,kits,Neosolar,NEO-21047,,,1,"Kit Gerador Energia Solar 2,30 kWp - Microinversor Deye c/ Wifi SUN2000 - Painel OSDA (Metálica)",,0,30,30.0,2300,0,,0,1,34,Solar Kit Grid-Tie
,,,,kits,Neosolar,NEO-21043,,,1,"Kit Gerador Energia Solar 2,38 kWp - Microinversor Deye c/ Wifi SUN2000 - Painel Luxen (Metálica)",,0,38,38.0,2380,0,,0,1,42,Solar Kit Grid-Tie
,,,,kits,Neosolar,NEO-20970,,,1,"Kit Gerador Energia Solar 1,19 kWp - Microinversor Deye c/ Wifi SUN2000 - Painel Luxen(sem estrutura",,0,19,19.0,1190,0,,0,1,21,Solar Kit Grid-Tie
,,,,kits,Neosolar,NEO-21072,,,1,"Kit Gerador Energia Solar 1,72 kWp - Microinversor Deye c/ Wifi SUN2000 - Painel OSDA Com Estrutura",,0,74,72.0,1740,0,,0,1,77,Solar Kit Grid-Tie
,,,,kits,Neosolar,NEO-22940,,,1,"Kit Gerador Energia Solar 1,66 kWp - Microinversor Deye c/ Wifi SUN2250 - Painel ReneSola- Madeira",,0,66,66.0,1665,0,,0,1,69,Solar Kit Grid-Tie
,,,,kits,Neosolar,NEO-22933,,,1,"Kit Gerador Energia Solar 1,11 kWp - Microinversor Deye c/ Wifi SUN2250 - Painel ReneSola | Estrutura para madeira",,0,11,11.0,1110,0,,0,1,13,Solar Kit Grid-Tie
,,,,kits,Neosolar,NEO-22941,,,1,"Kit Gerador Energia Solar 1,66 kWp - Microinversor Deye c/ Wifi SUN2250 - Painel ReneSola- Metal",,0,66,66.0,1665,0,,0,1,69,Solar Kit Grid-Tie
,,,,kits,Neosolar,NEO-22938,,,1,"Kit Gerador Energia Solar 1,66 kWp - Microinversor Deye c/ Wifi SUN2250 - Painel ReneSola- Cerâmica",,0,66,66.0,1665,0,,0,1,69,Solar Kit Grid-Tie
,,,,kits,Neosolar,NEO-22935,,,1,"Kit Gerador Energia Solar 1,11 kWp - Microinversor Deye c/ Wifi SUN2250 - Painel ReneSola | Base Para Laje",,0,11,11.0,1110,0,,0,1,13,Solar Kit Grid-Tie
,,,,kits,Neosolar,NEO-22992,,,1,"Kit Gerador Energia Solar 1,74 kWp - Microinversor Deye c/ Wifi SUN2250 - Painel OSDA- MiniTrilho",,0,74,74.0,1740,0,,0,1,77,Solar Kit Grid-Tie
,,,,kits,Neosolar,NEO-22925,,,1,"Kit Gerador Energia Solar 0,55 kWp - Microinversor Deye c/ Wifi SUN2250 - Painel ReneSola | Mini Trilho",,0,55,55.0,555,0,,0,1,56,Solar Kit Grid-Tie
,,,,kits,Neosolar,NEO-22989,,,1,"Kit Gerador Energia Solar 1,16 kWp - Microinversor Deye c/ Wifi SUN2250 - Painel OSDA- Solo",,0,16,16.0,1160,0,,0,1,18,Solar Kit Grid-Tie
,,,,kits,Neosolar,NEO-22990,,,1,"Kit Gerador Energia Solar 1,16 kWp - Microinversor Deye c/ Wifi SUN2250 - Painel OSDA",,0,16,16.0,1160,0,,0,1,18,Solar Kit Grid-Tie
,,,,kits,Neosolar,NEO-23101,,,1,"Kit Gerador Energia Solar 2,34 kWp - Microinversor Deye c/ Wifi SUN2250 - Painel OSDA | Para metalica",,0,34,34.0,2340,0,,0,1,38,Solar Kit Grid-Tie
,,,,kits,Neosolar,NEO-23099,,,1,"Kit Gerador Energia Solar 2,34 kWp - Microinversor Deye c/ Wifi SUN2250 - Painel OSDA | Mini trilho",,0,34,34.0,2340,0,,0,1,38,Solar Kit Grid-Tie
,,,,kits,Neosolar,NEO-22927,,,1,"Kit Gerador Energia Solar 0,55 kWp - Microinversor Deye c/ Wifi SUN2250 - Painel ReneSola | Estrtura de metal",,0,55,55.0,555,0,,0,1,56,Solar Kit Grid-Tie
,,,,kits,Neosolar,NEO-22936,,,1,"Kit Gerador Energia Solar 1,11 kWp - Microinversor Deye c/ Wifi SUN2250 - Painel ReneSola | Estrutura para Solo",,0,11,11.0,1110,0,,0,1,13,Solar Kit Grid-Tie
,,,,kits,Neosolar,NEO-22932,,,1,"Kit Gerador Energia Solar 1,11 kWp - Microinversor Deye c/ Wifi SUN2250 - Painel ReneSola | Mini Trilho",,0,11,11.0,1110,0,,0,1,13,Solar Kit Grid-Tie
,,,,kits,Neosolar,NEO-22867,,,1,"Kit Gerador Energia Solar 1,74 kWp - Microinversor Deye c/ Wifi SUN2250 - Painel OSDA - Cerâmica",,0,74,74.0,1740,0,,0,1,77,Solar Kit Grid-Tie
,,,,kits,Neosolar,NEO-22929,,,1,"Kit Gerador Energia Solar 0,55 kWp - Microinversor Deye c/ Wifi SUN2250 - Painel ReneSola | Solo e P.M8",,0,55,55.0,555,0,,0,1,56,Solar Kit Grid-Tie
,,,,kits,Neosolar,NEO-22930,,,1,"Kit Gerador Energia Solar 0,55 kWp - Microinversor Deye c/ Wifi SUN2250 - Painel ReneSola | Sem estrutura",,0,55,55.0,555,0,,0,1,56,Solar Kit Grid-Tie
,,,,kits,Neosolar,NEO-22439,,,1,"Kit Gerador Energia Solar 2,38 kWp - Microinversor Deye c/ Wifi SUN2000 - Painel Luxen (Mini Trilho)",,0,38,38.0,2380,0,,0,1,42,Solar Kit Grid-Tie
,,,,kits,Neosolar,NEO-22324,,,20,"Kit Gerador Energia Solar 2,20 kWp - Microinversor Deye c/ Wifi SUN2000 - Painel Sunova (Cerâmica)",,,,20.0,0,0,,0,20,0,Solar Kit Grid-Tie
,,,,kits,Neosolar,NEO-22308,,,1,"Kit Gerador Energia Solar 0,55 kWp - Microinversor Deye c/ Wifi SUN2000 - Painel Sunova",,0,55,55.0,550,0,,0,1,56,Solar Kit Grid-Tie
,,,,kits,Neosolar,NEO-22312,,,1,"Kit Gerador Energia Solar 1,10 kWp - Microinversor Deye c/ Wifi SUN2000 - Painel Sunova (Madeira)",,0,10,10.0,1100,0,,0,1,12,Solar Kit Grid-Tie
,,,,kits,Neosolar,NEO-22321,,,1,"Kit Gerador Energia Solar 1,65 kWp - Microinversor Deye c/ Wifi SUN2000 - Painel Sunova (Solo)",,0,65,65.0,1650,0,,0,1,68,Solar Kit Grid-Tie
,,,,kits,Neosolar,NEO-22217,,,1,"Kit Gerador Energia Solar 1,10 kWp - Microinversor Deye c/ Wifi SUN2000 - Painel Sunova (Madeira)",,0,10,10.0,1100,0,,0,1,12,Solar Kit Grid-Tie
,,,,kits,Neosolar,NEO-22183,,,1,"Kit Gerador Energia Solar 1,74 kWp - Microinversor Deye c/ Wifi SUN2000 - Painel Sunova (Madeira)",,0,74,74.0,1740,0,,0,1,77,Solar Kit Grid-Tie
,,,,kits,Neosolar,NEO-22185,,,1,"Kit Gerador Energia Solar 1,74 kWp - Microinversor Deye c/ Wifi SUN2000 - Painel Sunova (Solo)",,0,74,74.0,1740,0,,0,1,77,Solar Kit Grid-Tie
,,,,kits,Neosolar,NEO-22318,,,1,"Kit Gerador Energia Solar 1,65 kWp - Microinversor Deye c/ Wifi SUN2000 - Painel Sunova (Mini Trilho)",,0,65,65.0,1650,0,,0,1,68,Solar Kit Grid-Tie
,,,,kits,Neosolar,NEO-22300,,,1,"Kit Gerador Energia Solar 2,32 kWp - Microinversor Deye c/ Wifi SUN2000 - Painel Sunova (Solo)",,0,32,32.0,2320,0,,0,1,36,Solar Kit Grid-Tie
,,,,kits,Neosolar,NEO-22325,,,1,"Kit Gerador Energia Solar 2,20 kWp - Microinversor Deye c/ Wifi SUN2000 - Painel Sunova (Mini Trilho)",,0,20,20.0,2200,0,,0,1,24,Solar Kit Grid-Tie
,,,,kits,Neosolar,NEO-22310,,,1,"Kit Gerador Energia Solar 1,10 kWp - Microinversor Deye c/ Wifi SUN2000 - Painel Sunova (Cerâmica)",,0,10,10.0,1100,0,,0,1,12,Solar Kit Grid-Tie
,,,,kits,Neosolar,NEO-22319,,,1,"Kit Gerador Energia Solar 1,65 kWp - Microinversor Deye c/ Wifi SUN2000 - Painel Sunova (Madeira)",,0,65,65.0,1650,0,,0,1,68,Solar Kit Grid-Tie
,,,,kits,Neosolar,NEO-22314,,,1,"Kit Gerador Energia Solar 1,10 kWp - Microinversor Deye c/ Wifi SUN2000 - Painel Sunova (Solo)",,0,10,10.0,1100,0,,0,1,12,Solar Kit Grid-Tie
,,,,kits,Neosolar,NEO-22323,,,1,"Kit Gerador Energia Solar 2,20 kWp - Microinversor Deye c/ Wifi SUN2000 - Painel Sunova (Laje)",,0,20,20.0,2200,0,,0,1,24,Solar Kit Grid-Tie
,,,,kits,Neosolar,NEO-22315,,,1,"Kit Gerador Energia Solar 1,10 kWp - Microinversor Deye c/ Wifi SUN2000 - Painel Sunova",,0,10,10.0,1100,0,,0,1,12,Solar Kit Grid-Tie
,,,,kits,Neosolar,NEO-22460,,,1,"Kit Gerador Energia Solar 0,59 kWp - Microinversor Deye c/ Wifi SUN2000 - Painel Luxen (Mini Trilho)",,0,595,59.0,595,0,,0,1,596,Solar Kit Grid-Tie
,,,,kits,Neosolar,NEO-22304,,,55,"Kit Gerador Energia Solar 0,55 kWp - Microinversor Deye c/ Wifi SUN2000 - Painel Sunova (Mini Trilho)",,,,55.0,0,0,,0,55,0,Solar Kit Grid-Tie
,,,,kits,Neosolar,NEO-22286,,,1,"Kit Gerador Energia Solar 1,16 kWp - Microinversor Deye c/ Wifi SUN2000 - Painel Sunova (Solo)",,0,16,16.0,1160,0,,0,1,18,Solar Kit Grid-Tie
,,,,kits,Neosolar,NEO-22279,,,1,"Kit Gerador Energia Solar 0,58 kWp - Microinversor Deye c/ Wifi SUN2000 - Painel Sunova (Solo)",,0,58,58.0,580,0,,0,1,59,Solar Kit Grid-Tie
,,,,kits,Neosolar,NEO-22281,,,1,"Kit Gerador Energia Solar 1,16 kWp - Microinversor Deye c/ Wifi SUN2000 - Painel Sunova (Laje)",,0,16,16.0,1160,0,,0,1,18,Solar Kit Grid-Tie
,,,,kits,Neosolar,NEO-22288,,,1,"Kit Gerador Energia Solar 1,74 kWp - Microinversor Deye c/ Wifi SUN2000 - Painel Sunova (Laje)",,0,74,74.0,1740,0,,0,1,77,Solar Kit Grid-Tie
,,,,kits,Neosolar,NEO-22214,,,1,"Kit Gerador Energia Solar 1,10 kWp - Microinversor Deye c/ Wifi SUN2000 - Painel Sunova (Laje)",,0,10,10.0,1100,0,,0,1,12,Solar Kit Grid-Tie
,,,,kits,Neosolar,NEO-22124,,,,"Kit Gerador Energia Solar 1,66kWp - Microinversor Deye c/ Wifi SUN2000 C/ Parafuso (Metal)",,555,3,66.0,1665,0,,0,0,3,Solar Kit Grid-Tie
,,,,kits,Neosolar,NEO-22221,,,1,"Kit Gerador Energia Solar 1,65 kWp - Microinversor Deye c/ Wifi SUN2000 - Painel Sunova (Laje)",,0,65,65.0,1650,0,,0,1,68,Solar Kit Grid-Tie
,,,,kits,Neosolar,NEO-22416,,,1,"Kit Gerador Energia Solar 1,16 kWp - Microinversor Deye c/ Wifi SUN2000 - Painel OSDA (Metálica)",,0,16,16.0,1160,0,,0,1,18,Solar Kit Grid-Tie
,,,,kits,Neosolar,NEO-22283,,,1,"Kit Gerador Energia Solar 1,16 kWp - Microinversor Deye c/ Wifi SUN2000 - Painel Sunova (Mini trilho)",,0,16,16.0,1160,0,,0,1,18,Solar Kit Grid-Tie
,,,,kits,Neosolar,NEO-22277,,,1,"Kit Gerador Energia Solar 0,58 kWp - Microinversor Deye c/ Wifi SUN2000 - Painel Sunova (Madeira)",,0,58,58.0,580,0,,0,1,59,Solar Kit Grid-Tie
,,,,kits,Neosolar,NEO-22274,,,1,"Kit Gerador Energia Solar 0,58 kWp - Microinversor Deye c/ Wifi SUN2000 - Painel Sunova (Laje)",,0,58,58.0,580,0,,0,1,59,Solar Kit Grid-Tie
,,,,kits,Neosolar,NEO-22219,,,1,"Kit Gerador Energia Solar 1,10 kWp - Microinversor Deye c/ Wifi SUN2000 - Painel Sunova (Solo)",,0,10,10.0,1100,0,,0,1,12,Solar Kit Grid-Tie
,,,,kits,Neosolar,NEO-22210,,,1,"Kit Gerador Energia Solar 0,55 kWp - Microinversor Deye c/ Wifi SUN2000 - Painel Sunova (Madeira)",,0,55,55.0,550,0,,0,1,56,Solar Kit Grid-Tie
,,,,kits,Neosolar,NEO-22516,,,1,"Kit Gerador Energia Solar 2,22 kWp - Microinversor Deye c/ Wifi SUN2000 - Painel ReneSola (Para Solo)",,0,22,22.0,2220,0,,0,1,26,Solar Kit Grid-Tie
,,,,kits,Neosolar,NEO-22506,,,1,"Kit Gerador Energia Solar 1,66 kWp - Microinversor Deye c/ Wifi SUN2000 - Painel ReneSola (Mini Trilho)",,0,66,66.0,1665,0,,0,1,69,Solar Kit Grid-Tie
,,,,kits,Neosolar,NEO-22192,,,1,"Kit Gerador Energia Solar 2,32 kWp - Microinversor Deye c/ Wifi SUN2000 - Painel Sunova (Solo)",,0,32,32.0,2320,0,,0,1,36,Solar Kit Grid-Tie
,,,,kits,Neosolar,NEO-21923,,,1,"Kit Gerador Energia Solar 1,16 kWp - Microinversor Deye c/ Wifi SUN2000 - Painel OSDA Com Estrutura",,0,16,16.0,1160,0,,0,1,18,Solar Kit Grid-Tie
,,,,kits,Neosolar,NEO-22421,,,1,"Kit Gerador Energia Solar 1,74 kWp - Microinversor Deye c/ Wifi SUN2000 - Painel OSDA (Mini Trilho)",,0,74,74.0,1740,0,,0,1,77,Solar Kit Grid-Tie
,,,,kits,Neosolar,NEO-22347,,,1,"Kit Gerador Energia Solar 1,78 kWp - Microinversor Deye c/ Wifi SUN2000 - Painel Luxen - Estrutura Metálica",,0,78,78.0,1785,0,,0,1,81,Solar Kit Grid-Tie
,,,,kits,Neosolar,NEO-21235,,,1,"Kit Gerador Energia Solar 2,32 kWp - Microinversor Deye c/ Wifi SUN2000 - Painel OSDA (cerâmica)",,0,32,32.0,2320,0,,0,1,36,Solar Kit Grid-Tie
,,,,kits,Neosolar,NEO-21260,,,1,"Kit Gerador Energia Solar 0,58 kWp - Microinversor Deye c/ Wifi SUN2000 - Painel OSDA (Mini Trilho)",,0,58,58.0,580,0,,0,1,59,Solar Kit Grid-Tie
,,,,kits,Neosolar,NEO-22341,,,1,"Kit Gerador Energia Solar 1,19 kWp - Microinversor Deye c/ Wifi SUN2000 - Painel Luxen - Estrutura Para Laje",,0,19,19.0,1190,0,,0,1,21,Solar Kit Grid-Tie
,,,,kits,Neosolar,NEO-22345,,,1,"Kit Gerador Energia Solar 1,78 kWp - Microinversor Deye c/ Wifi SUN2000 - Painel Luxen - Estrutura Cerâmica",,0,78,78.0,1785,0,,0,1,81,Solar Kit Grid-Tie
,,,,kits,Neosolar,NEO-22343,,,1,"Kit Gerador Energia Solar 1,19 kWp - Microinversor Deye c/ Wifi SUN2000 - Painel Luxen - Estrutura Mini Trilho",,0,19,19.0,1190,0,,0,1,21,Solar Kit Grid-Tie
,,,,kits,Neosolar,NEO-21724,,,1,"Kit Gerador Energia Solar 2,32 kWp - Microinversor Deye c/ Wifi SUN2000 - Painel OSDA (Metálica)",,0,32,32.0,2320,0,,0,1,36,Solar Kit Grid-Tie
,,,,kits,Neosolar,NEO-21723,,,1,"Kit Gerador Energia Solar 2,32 kWp - Microinversor Deye c/ Wifi SUN2000 - Painel OSDA (Madeira)",,0,32,32.0,2320,0,,0,1,36,Solar Kit Grid-Tie
,,,,kits,Neosolar,NEO-21283,,,1,"Kit Gerador Energia Solar 1,19 kWp - Microinversor Deye c/ Wifi SUN2000 - Painel Luxen Com Estrutura",,0,19,19.0,1190,0,,0,1,21,Solar Kit Grid-Tie
,,,,kits,Neosolar,NEO-21126,,,1,"Kit Gerador Energia Solar 1,19 kWp - Microinversor Deye c/ Wifi SUN2000 - Painel Luxen Com Estrtura",,0,19,19.0,1190,0,,0,1,21,Solar Kit Grid-Tie
,,,,kits,Neosolar,NEO-21127,,,1,"Kit Gerador Energia Solar 1,15 kWp - Microinversor Deye c/ Wifi SUN2000 - Painel OSDA (Mini Trilho)",,0,15,15.0,1150,0,,0,1,17,Solar Kit Grid-Tie
,,,,kits,Neosolar,NEO-21398,,,1,"Kit Gerador Energia Solar 0,57 kWp - Microinversor Deye c/ Wifi SUN2000 - Painel OSDA (Madeira)",,0,57,57.0,575,0,,0,1,58,Solar Kit Grid-Tie
,,,,kits,Neosolar,NEO-21117,,,1,"Kit Gerador Energia Solar 0,59 kWp - Microinversor Deye c/ Wifi SUN2000 - Painel Luxen (sem estrutur",,0,595,59.0,595,0,,0,1,596,Solar Kit Grid-Tie
,,,,kits,Neosolar,NEO-24690,,,1,"Kit Gerador Energia Solar  2,44kWp - Microinversor Deye c/ Wifi SUN2250 - Painel Sunova | P/ Madeira",,0,1,44.0,2440,0,,0,1,5,Solar Kit Grid-Tie
,,,,kits,Neosolar,NEO-24693,,,1,"Kit Gerador Energia Solar  1,22kWp - Microinversor Deye c/ Wifi SUN2250 - Painel Sunova | S/ Estrutura",,0,1,22.0,1220,0,,0,1,3,Solar Kit Grid-Tie
,,,,kits,Neosolar,NEO-24694,,,1,"Kit Gerador Energia Solar  1,83kWp - Microinversor Deye c/ Wifi SUN2250 - Painel Sunova | S/ Estrutura",,0,1,83.0,1830,0,,0,1,4,Solar Kit Grid-Tie
,,,,kits,Neosolar,NEO-21119,,,1,"Kit Gerador Energia Solar 0,59 kWp - Microinversor Deye c/ Wifi SUN2000 - Painel Luxen (Madeira)",,0,595,59.0,595,0,,0,1,596,Solar Kit Grid-Tie
,,,,kits,Neosolar,NEO-21259,,,1,"Kit Gerador Energia Solar 0,58 kWp - Microinversor Deye c/ Wifi SUN2000 - Painel OSDA (Laje)",,0,58,58.0,580,0,,0,1,59,Solar Kit Grid-Tie
,,,,kits,Neosolar,NEO-21511,,,1,"Kit Gerador Energia Solar 0,58 kWp - Microinversor Deye c/ Wifi SUN2000 - Painel OSDA (Solo)",,0,58,58.0,580,0,,0,1,59,Solar Kit Grid-Tie
,,,,kits,Neosolar,NEO-21740,,,1,"Kit Gerador Energia Solar 1,74 kWp - Microinversor Deye c/ Wifi SUN2000 - Painel OSDA Com Estrtura",,0,74,74.0,1740,0,,0,1,77,Solar Kit Grid-Tie
,,,,kits,Neosolar,NEO-21797,,,1,"Kit Gerador Energia Solar 1,16 kWp - Microinversor Deye c/ Wifi SUN2000 - Painel OSDA (Mini Trilho)",,0,16,16.0,1160,0,,0,1,18,Solar Kit Grid-Tie
,,,,kits,Neosolar,NEO-21800,,,1,"Kit Gerador Energia Solar 1,16 kWp - Microinversor Deye c/ Wifi SUN2000 - Painel OSDA (Solo)",,0,16,16.0,1160,0,,0,1,18,Solar Kit Grid-Tie
,,4,48,kits,Neosolar,NEO-24924,,,1,"Kit Energia Solar On Grid Híbrido - 6,1kWp 4,8kWh Lítio 48V (24924)",,610,10,1.0,6100,0,,4,1,10,Solar Kit Hybrid
,,4,48,kits,Neosolar,NEO-24923,,,1,"Kit Energia Solar On Grid Híbrido - 6,1kWp 4,8kWh Lítio 48V (24923)",,610,10,1.0,6100,0,,4,1,10,Solar Kit Hybrid
,,3,48,kits,Neosolar,NEO-24908,,,1,"Kit Energia Solar On Grid Híbrido - 9,76kWp 4,8kWh Lítio 48V (24908)",,610,16,76.0,9760,0,,3,1,16,Solar Kit Hybrid
,,4,48,kits,Neosolar,NEO-24909,,,1,"Kit Energia Solar On Grid Híbrido - 9,76kWp 4,8kWh Lítio 48V (24909)",,610,16,76.0,9760,0,,4,1,16,Solar Kit Hybrid
,,3,48,kits,Neosolar,NEO-24931,,,1,"Kit Energia Solar On Grid Híbrido - 9,76kWp 4,8kWh Lítio 48V (24931)",,610,16,76.0,9760,0,,3,1,16,Solar Kit Hybrid
,,1,48,kits,Neosolar,NEO-24942,,,1,"Kit Energia Solar On Grid Híbrido - 14,64kWp 4,8kWh Lítio 48V (24942)",,610,24,64.0,14640,0,,1,1,24,Solar Kit Hybrid
,,2,48,kits,Neosolar,NEO-24919,,,1,"Kit Energia Solar On Grid Híbrido - 6,1kWp 4,8kWh Lítio 48V (24919)",,610,10,1.0,6100,0,,2,1,10,Solar Kit Hybrid
,,,,kits,Neosolar,NEO-25069,,,3,"Kit de Energia Solar On Grid - 12,81kWp (P/ Cerâmica)",,610,21,81.0,12810,0,,0,3,21,Solar Kit Grid-Tie
,,,,kits,Neosolar,NEO-25093,,,3,"Kit de Energia Solar On Grid - 12,81kWp (P/ Mini Trilho)",,610,21,81.0,12810,0,,0,3,21,Solar Kit Grid-Tie
,,,,kits,Neosolar,NEO-25077,,,3,"Kit de Energia Solar On Grid - 12,81kWp (P/ Madeira)",,610,21,81.0,12810,0,,0,3,21,Solar Kit Grid-Tie
,,,,kits,Neosolar,NEO-25092,,,3,"Kit de Energia Solar On Grid - 12,20kWp (P/ Mini trilho)",,610,20,20.0,12200,0,,0,3,20,Solar Kit Grid-Tie
,,,,kits,Neosolar,NEO-25075,,,3,"Kit de Energia Solar On Grid - 9,15kWp (P/ Madeira)",,610,15,15.0,9150,0,,0,3,15,Solar Kit Grid-Tie
,,,,kits,Neosolar,NEO-25072,,,2,"Kit de Energia Solar On Grid - 6,10kWp (P/ Madeira)",,610,10,10.0,6100,0,,0,2,10,Solar Kit Grid-Tie
,,,,kits,Neosolar,NEO-25064,,,2,"Kit de Energia Solar On Grid - 6,10kWp (P/ Cerâmica)",,610,10,10.0,6100,0,,0,2,10,Solar Kit Grid-Tie
,,,,kits,Neosolar,NEO-24977,,,2,"Kit de Energia Solar On Grid - 6,10kWp (P/ Cerâmica)",,610,10,10.0,6100,0,,0,2,10,Solar Kit Grid-Tie
,,,,kits,Neosolar,NEO-22888,,,1,"Kit Gerador Energia Solar 2,32 kWp - Microinversor Deye c/ Wifi SUN2250 - Painel OSDA- Solo",,0,32,32.0,2320,0,,0,1,36,Solar Kit Grid-Tie
,,,,kits,Neosolar,NEO-22886,,,1,"Kit Gerador Energia Solar 1,74 kWp - Microinversor Deye c/ Wifi SUN2250 - Painel OSDA",,0,74,74.0,1740,0,,0,1,77,Solar Kit Grid-Tie
,,,,kits,Neosolar,NEO-21120,,,1,"Kit Gerador Energia Solar 0,59 kWp - Microinversor Deye c/ Wifi SUN2000 - Painel Luxen (Metálica)",,0,595,59.0,595,0,,0,1,596,Solar Kit Grid-Tie
,,,,kits,Neosolar,NEO-21573,,,1,"Kit Gerador Energia Solar 1,72 kWp - Microinversor Deye c/ Wifi SUN2000 - Painel OSDA Com Estrutura",,0,72,72.0,1725,0,,0,1,75,Solar Kit Grid-Tie
,,,,kits,Neosolar,NEO-21510,,,1,"Kit Gerador Energia Solar 0,58 kWp - Microinversor Deye c/ Wifi SUN2000 - Painel OSDA (Mini Trilho)",,0,58,58.0,580,0,,0,1,59,Solar Kit Grid-Tie
,,,,kits,Neosolar,NEO-21401,,,1,"Kit Gerador Energia Solar 0,57 kWp - Microinversor Deye c/ Wifi SUN2000 - Painel OSDA (Cerâmica)",,0,57,57.0,575,0,,0,1,58,Solar Kit Grid-Tie
,,,,kits,Neosolar,NEO-21603,,,1,"Kit Gerador Energia Solar 1,16 kWp - Microinversor Deye c/ Wifi SUN2000 - Painel OSDA Com Estrutura",,0,16,16.0,1160,0,,0,1,18,Solar Kit Grid-Tie
,,,,kits,Neosolar,NEO-23098,,,1,"Kit Gerador Energia Solar 2,34 kWp - Microinversor Deye c/ Wifi SUN2250 - Painel OSDA | Estrutura para Telha Cerâmica",,0,34,34.0,2340,0,,0,1,38,Solar Kit Grid-Tie
,,,,kits,Neosolar,NEO-23004,,,1,"Kit Gerador Energia Solar 2,32 kWp - Microinversor Deye c/ Wifi SUN2250 - Painel OSDA- Metálica",,0,32,32.0,2320,0,,0,1,36,Solar Kit Grid-Tie
,,,,kits,Neosolar,NEO-22998,,,1,"Kit Gerador Energia Solar 2,32 kWp - Microinversor Deye c/ Wifi SUN2250 - Painel OSDA- Cerâmica",,0,32,32.0,2320,0,,0,1,36,Solar Kit Grid-Tie
,,,,kits,Neosolar,NEO-22982,,,1,"Kit Gerador Energia Solar 0,58 kWp - Microinversor Deye c/ Wifi SUN2250 - Painel OSDA- Solo",,0,58,58.0,580,0,,0,1,59,Solar Kit Grid-Tie
,,,,kits,Neosolar,NEO-20926,,,1,"Kit Gerador Energia Solar 2,38 kWp - Microinversor Deye c/ Wifi SUN2000 - Painel Luxen - Sem estrutura",,0,38,38.0,2380,0,,0,1,42,Solar Kit Grid-Tie
,,,,kits,Neosolar,NEO-20975,,,1,"Kit Gerador Energia Solar 1,78 kWp - Microinversor Deye c/ Wifi SUN2000 - Painel Luxen (sem estrutur",,0,78,78.0,1785,0,,0,1,81,Solar Kit Grid-Tie
,,,,kits,Neosolar,NEO-20832,,,1,"Kit Gerador Energia Solar 1,15 kWp - Microinversor Deye c/ Wifi SUN2000 - Painel OSDA (Sem estrutura",,0,15,15.0,1150,0,,0,1,17,Solar Kit Grid-Tie
,,,,kits,Neosolar,NEO-20826,,,1,"Kit Gerador Energia Solar 2,30 kWp - Microinversor Deye c/ Wifi SUN2000 - Painel OSDA (Sem Estrutura",,0,30,30.0,2300,0,,0,1,34,Solar Kit Grid-Tie
,,,,kits,Neosolar,NEO-20838,,,1,"Kit Gerador Energia Solar 1,72 kWp - Microinversor Deye c/ Wifi SUN2000 - Painel OSDA Sem Estrutura",,0,72,72.0,1725,0,,0,1,75,Solar Kit Grid-Tie
,,,,kits,Neosolar,NEO-23087,,,1,"Kit Gerador Energia Solar 1,17 kWp - Microinversor Deye c/ Wifi SUN2250 - Painel OSDA- Metal",,0,17,17.0,1170,0,,0,1,19,Solar Kit Grid-Tie
,,,,kits,Neosolar,NEO-23003,,,1,"Kit Gerador Energia Solar 2,32 kWp - Microinversor Deye c/ Wifi SUN2250 - Painel OSDA- Madeira",,0,32,32.0,2320,0,,0,1,36,Solar Kit Grid-Tie
,,,,kits,Neosolar,NEO-23005,,,1,"Kit Gerador Energia Solar 2,32 kWp - Microinversor Deye c/ Wifi SUN2250 - Painel OSDA- Laje",,0,32,32.0,2320,0,,0,1,36,Solar Kit Grid-Tie
,,,,kits,Neosolar,NEO-22981,,,1,"Kit Gerador Energia Solar 0,58 kWp - Microinversor Deye c/ Wifi SUN2250 - Painel OSDA- Laje",,0,58,58.0,580,0,,0,1,59,Solar Kit Grid-Tie
,,,,kits,Neosolar,NEO-22996,,,1,"Kit Gerador Energia Solar 1,74 kWp - Microinversor Deye c/ Wifi SUN2250 - Painel OSDA- Solo",,0,74,74.0,1740,0,,0,1,77,Solar Kit Grid-Tie
,,,,kits,Neosolar,NEO-22986,,,1,"Kit Gerador Energia Solar 1,16 kWp - Microinversor Deye c/ Wifi SUN2250 - Painel OSDA- Madeira",,0,16,16.0,1160,0,,0,1,18,Solar Kit Grid-Tie
,,,,kits,Neosolar,NEO-23007,,,1,"Kit Gerador Energia Solar 2,32 kWp - Microinversor Deye c/ Wifi SUN2250 - Painel OSDA",,0,32,32.0,2320,0,,0,1,36,Solar Kit Grid-Tie
,,,,kits,Neosolar,NEO-23103,,,1,"Kit Gerador Energia Solar 2,34 kWp - Microinversor Deye c/ Wifi SUN2250 - Painel OSDA | Estrutira para solo",,0,34,34.0,2340,0,,0,1,38,Solar Kit Grid-Tie
,,,,kits,Neosolar,NEO-23102,,,1,"Kit Gerador Energia Solar 2,34 kWp - Microinversor Deye c/ Wifi SUN2250 - Painel OSDA | estrutura para laje",,0,34,34.0,2340,0,,0,1,38,Solar Kit Grid-Tie
,,,,kits,Neosolar,NEO-23091,,,1,"Kit Gerador Energia Solar 1,75 kWp - Microinversor Deye c/ Wifi SUN2250 - Painel OSDA",,0,75,75.0,1755,0,,0,1,78,Solar Kit Grid-Tie
,,,,kits,Neosolar,NEO-23086,,,1,"Kit Gerador Energia Solar 1,17 kWp - Microinversor Deye c/ Wifi SUN2250 - Painel OSDA- Madeira",,0,17,17.0,1170,0,,0,1,19,Solar Kit Grid-Tie
,,,,kits,Neosolar,NEO-23079,,,1,"Kit Gerador Energia Solar 0,58 kWp - Microinversor Deye c/ Wifi SUN2250 - Painel OSDA - Madeira",,0,58,58.0,585,0,,0,1,59,Solar Kit Grid-Tie
,,,,kits,Neosolar,NEO-23081,,,1,"Kit Gerador Energia Solar 0,58 kWp - Microinversor Deye c/ Wifi SUN2250 - Painel OSDA - Laje",,0,58,58.0,585,0,,0,1,59,Solar Kit Grid-Tie
,,,,kits,Neosolar,NEO-23083,,,1,"Kit Gerador Energia Solar 0,58 kWp - Microinversor Deye c/ Wifi SUN2250 - Painel OSDA",,0,58,58.0,585,0,,0,1,59,Solar Kit Grid-Tie
,,,,kits,Neosolar,NEO-22357,,,1,"Kit Gerador Energia Solar 0,59 kWp - Microinversor Deye c/ Wifi SUN2000 - Painel Luxen - Estrutura Mini Trilho",,0,595,59.0,595,0,,0,1,596,Solar Kit Grid-Tie
,,,,kits,Neosolar,NEO-22223,,,1,"Kit Gerador Energia Solar 1,65 kWp - Microinversor Deye c/ Wifi SUN2000 - Painel Sunova (Mini Trilho)",,0,65,65.0,1650,0,,0,1,68,Solar Kit Grid-Tie
,,,,kits,Neosolar,NEO-22215,,,1,"Kit Gerador Energia Solar 1,10 kWp - Microinversor Deye c/ Wifi SUN2000 - Painel Sunova (Cerâmica)",,0,10,10.0,1100,0,,0,1,12,Solar Kit Grid-Tie
,,,,kits,Neosolar,NEO-22175,,,1,"Kit Gerador Energia Solar 1,16 kWp - Microinversor Deye c/ Wifi SUN2000 - Painel Sunova (Mini Trilho)",,0,16,16.0,1160,0,,0,1,18,Solar Kit Grid-Tie
,,,,kits,Neosolar,NEO-22173,,,1,"Kit Gerador Energia Solar 1,16 kWp - Microinversor Deye c/ Wifi SUN2000 - Painel Sunova (Para Laje)",,0,16,16.0,1160,0,,0,1,18,Solar Kit Grid-Tie
,,,,kits,Neosolar,NEO-22177,,,1,"Kit Gerador Energia Solar 1,16 kWp - Microinversor Deye c/ Wifi SUN2000 - Painel Sunova (Metálica)",,0,16,16.0,1160,0,,0,1,18,Solar Kit Grid-Tie
,,,,kits,Neosolar,NEO-22181,,,1,"Kit Gerador Energia Solar 1,74 kWp - Microinversor Deye c/ Wifi SUN2000 - Painel Sunova (Cerâmica)",,0,74,74.0,1740,0,,0,1,77,Solar Kit Grid-Tie
,,,,kits,Neosolar,NEO-22179,,,1,"Kit Gerador Energia Solar 1,16 kWp - Microinversor Deye c/ Wifi SUN2000 - Painel Sunova (Sem Estrutura)",,0,16,16.0,1160,0,,0,1,18,Solar Kit Grid-Tie
,,,,kits,Neosolar,NEO-22220,,,1,"Kit Gerador Energia Solar 1,10 kWp - Microinversor Deye c/ Wifi SUN2000 - Painel Sunova (Sem Estrutura)",,0,10,10.0,1100,0,,0,1,12,Solar Kit Grid-Tie
,,,,kits,Neosolar,NEO-22171,,,1,"Kit Gerador Energia Solar 0,58 kWp - Microinversor Deye c/ Wifi SUN2000 - Painel Sunova (Solo)",,0,58,58.0,580,0,,0,1,59,Solar Kit Grid-Tie
,,,,kits,Neosolar,NEO-22407,,,1,"Kit Gerador Energia Solar 0,58 kWp - Microinversor Deye c/ Wifi SUN2000 - Painel OSDA (Mini Trilho)",,0,58,58.0,580,0,,0,1,59,Solar Kit Grid-Tie
,,,,kits,Neosolar,NEO-22307,,,1,"Kit Gerador Energia Solar 0,55 kWp - Microinversor Deye c/ Wifi SUN2000 - Painel Sunova (Solo)",,0,55,55.0,550,0,,0,1,56,Solar Kit Grid-Tie
,,,,kits,Neosolar,NEO-22296,,,1,"Kit Gerador Energia Solar 2,32 kWp - Microinversor Deye c/ Wifi SUN2000 - Painel Sunova (Cerâmica)",,0,32,32.0,2320,0,,0,1,36,Solar Kit Grid-Tie
,,,,kits,Neosolar,NEO-22299,,,1,"Kit Gerador Energia Solar 2,32 kWp - Microinversor Deye c/ Wifi SUN2000 - Painel Sunova (Metal)",,0,32,32.0,2320,0,,0,1,36,Solar Kit Grid-Tie
,,,,kits,Neosolar,NEO-22309,,,1,"Kit Gerador Energia Solar 1,10 kWp - Microinversor Deye c/ Wifi SUN2000 - Painel Sunova (Laje)",,0,10,10.0,1100,0,,0,1,12,Solar Kit Grid-Tie
,,,,kits,Neosolar,NEO-22457,,,1,"Kit Gerador Energia Solar 0,59 kWp - Microinversor Deye c/ Wifi SUN2000 - Painel Luxen (Metálica)",,0,595,59.0,595,0,,0,1,596,Solar Kit Grid-Tie
,,,,kits,Neosolar,NEO-22249,,,1,"Kit Gerador Energia Solar 1,74 kWp - Microinversor Deye c/ Wifi SUN2000 - Painel Sunova (Cerâmica)",,0,74,74.0,2320,0,,0,1,78,Solar Kit Grid-Tie
,,,,kits,Neosolar,NEO-22251,,,1,"Kit Gerador Energia Solar 1,74 kWp - Microinversor Deye c/ Wifi SUN2000 - Painel Sunova (Metal)",,0,74,74.0,2200,0,,0,1,78,Solar Kit Grid-Tie
,,,,kits,Neosolar,NEO-22051,,,1,"Kit Gerador Energia Solar 1,74 kWp - Microinversor Deye c/ Wifi SUN2000 - Painel OSDA (Cerâmica)",,0,74,74.0,1740,0,,0,1,77,Solar Kit Grid-Tie
,,,,kits,Neosolar,NEO-22311,,,1,"Kit Gerador Energia Solar 1,10 kWp - Microinversor Deye c/ Wifi SUN2000 - Painel Sunova (Mini Trilho)",,0,10,10.0,1100,0,,0,1,12,Solar Kit Grid-Tie
,,,,kits,Neosolar,NEO-22326,,,1,"Kit Gerador Energia Solar 2,20 kWp - Microinversor Deye c/ Wifi SUN2000 - Painel Sunova (Madeira)",,0,20,20.0,2200,0,,0,1,24,Solar Kit Grid-Tie
,,,,kits,Neosolar,NEO-22253,,,1,"Kit Gerador Energia Solar 2,32 kWp - Microinversor Deye c/ Wifi SUN2000 - Painel Sunova (Cerâmica)",,0,32,32.0,2320,0,,0,1,36,Solar Kit Grid-Tie
,,,,kits,Neosolar,NEO-22331,,,1,"Kit Gerador Energia Solar 2,38 kWp - Microinversor Deye c/ Wifi SUN2000 - Painel Luxen - Estrutura Cerâmica",,0,38,38.0,2380,0,,0,1,42,Solar Kit Grid-Tie
,,,,kits,Neosolar,NEO-22178,,,1,"Kit Gerador Energia Solar 1,16 kWp - Microinversor Deye c/ Wifi SUN2000 - Painel Sunova (Solo)",,0,16,16.0,1160,0,,0,1,18,Solar Kit Grid-Tie
,,,,kits,Neosolar,NEO-22182,,,1,"Kit Gerador Energia Solar 1,74 kWp - Microinversor Deye c/ Wifi SUN2000 - Painel Sunova (Mini Trilho)",,0,74,74.0,1740,0,,0,1,77,Solar Kit Grid-Tie
,,,,kits,Neosolar,NEO-22180,,,1,"Kit Gerador Energia Solar 1,74 kWp - Microinversor Deye c/ Wifi SUN2000 - Painel Sunova (Para Laje)",,0,74,74.0,1740,0,,0,1,77,Solar Kit Grid-Tie
,,,,kits,Neosolar,NEO-22176,,,1,"Kit Gerador Energia Solar 1,16 kWp - Microinversor Deye c/ Wifi SUN2000 - Painel Sunova (Madeira)",,0,16,16.0,1160,0,,0,1,18,Solar Kit Grid-Tie
,,,,kits,Neosolar,NEO-22287,,,1,"Kit Gerador Energia Solar 1,16 kWp - Microinversor Deye c/ Wifi SUN2000 - Painel Sunova",,0,16,16.0,1160,0,,0,1,18,Solar Kit Grid-Tie
,,,,kits,Neosolar,NEO-22166,,,1,"Kit Gerador Energia Solar 0,58 kWp - Microinversor Deye c/ Wifi SUN2000 - Painel Sunova (Laje)",,0,58,58.0,580,0,,0,1,59,Solar Kit Grid-Tie
,,,,kits,Neosolar,NEO-22302,,,55,"Kit Gerador Energia Solar 0,55 kWp - Microinversor Deye c/ Wifi SUN2000 - Painel Sunova (Laje)",,,,55.0,0,0,,0,55,0,Solar Kit Grid-Tie
,,,,kits,Neosolar,NEO-21807,,,1,"Kit Gerador Energia Solar 1,74 kWp - Microinversor Deye c/ Wifi SUN2000 - Painel OSDA (Solo)",,0,74,74.0,1740,0,,0,1,77,Solar Kit Grid-Tie
,,,,kits,Neosolar,NEO-21253,,,1,"Kit Gerador Energia Solar 1,74 kWp - Microinversor Deye c/ Wifi SUN2000 - Painel OSDA Com Estrtura",,0,74,74.0,1740,0,,0,1,77,Solar Kit Grid-Tie
,,,,kits,Neosolar,NEO-21254,,,1,"Kit Gerador Energia Solar 1,74 kWp - Microinversor Deye c/ Wifi SUN2000 - Painel OSDA Com Estrtura",,0,74,74.0,1740,0,,0,1,77,Solar Kit Grid-Tie
,,,,kits,Neosolar,NEO-21777,,,1,"Kit Gerador Energia Solar 2,32 kWp - Microinversor Deye c/ Wifi SUN2000 - Painel OSDA (Mini Trilho)",,0,32,32.0,2320,0,,0,1,36,Solar Kit Grid-Tie
,,,,kits,Neosolar,NEO-21240,,,1,"Kit Gerador Energia Solar 2,32 kWp - Microinversor Deye c/ Wifi SUN2000 - Painel OSDA (Para Solo)",,0,32,32.0,2320,0,,0,1,36,Solar Kit Grid-Tie
,,,,kits,Neosolar,NEO-21816,,,1,"Kit Gerador Energia Solar 1,74 kWp - Microinversor Deye c/ Wifi SUN2000 - Painel OSDA Com Estrutura",,0,74,74.0,1740,0,,0,1,77,Solar Kit Grid-Tie
,,,,kits,Neosolar,NEO-21790,,,1,"Kit Gerador Energia Solar 0,58 kWp - Microinversor Deye c/ Wifi SUN2000 - Painel OSDA (Mini Trilho)",,0,58,58.0,580,0,,0,1,59,Solar Kit Grid-Tie
,,,,kits,Neosolar,NEO-21250,,,1,"Kit Gerador Energia Solar 1,74 kWp - Microinversor Deye c/ Wifi SUN2000 - Painel OSDA Com Estrtura",,0,74,74.0,1740,0,,0,1,77,Solar Kit Grid-Tie
,,,,kits,Neosolar,NEO-24688,,,1,"Kit Gerador Energia Solar  2,44kWp - Microinversor Deye c/ Wifi SUN2250 - Painel Sunova | P/ Cerâmica",,0,1,44.0,2440,0,,0,1,5,Solar Kit Grid-Tie
,,,,kits,Neosolar,NEO-22884,,,1,"Kit Gerador Energia Solar 1,74 kWp - Microinversor Deye c/ Wifi SUN2250 - Painel OSDA- Laje",,0,74,74.0,1740,0,,0,1,77,Solar Kit Grid-Tie
,,,,kits,Neosolar,NEO-21402,,,1,"Kit Gerador Energia Solar 0,57 kWp - Microinversor Deye c/ Wifi SUN2000 - Painel OSDA (Metálica)",,0,57,57.0,575,0,,0,1,58,Solar Kit Grid-Tie
,,,,kits,Neosolar,NEO-21123,,,1,"Kit Gerador Energia Solar 2,38 kWp - Microinversor Deye c/ Wifi SUN2000 - Painel Luxen (Mini Trilho)",,0,38,38.0,2380,0,,0,1,42,Solar Kit Grid-Tie
,,,,kits,Neosolar,NEO-21281,,,1,"Kit Gerador Energia Solar 2,30 kWp - Microinversor Deye c/ Wifi SUN2000 - Painel OSDA (Para Solo)",,0,30,30.0,2300,0,,0,1,34,Solar Kit Grid-Tie
,,,,kits,Neosolar,NEO-21804,,,1,"Kit Gerador Energia Solar 1,74 kWp - Microinversor Deye c/ Wifi SUN2000 - Painel OSDA (Mini Trilho)",,0,74,74.0,1740,0,,0,1,77,Solar Kit Grid-Tie
,,,,kits,Neosolar,NEO-21761,,,,"Kit Energia Solar On Grid Híbrido - 6,38kWp 5000Wh Lítio 220V - Sem Estrutura",,0,1,38.0,0,0,,0,0,1,Solar Kit Hybrid
,,4,48,kits,Neosolar,NEO-24900,,,1,"Kit Energia Solar On Grid Híbrido - 6,1kWp 4,8kWh Lítio 48V (24900)",,610,10,1.0,6100,0,,4,1,10,Solar Kit Hybrid
,,4,48,kits,Neosolar,NEO-24899,,,1,"Kit Energia Solar On Grid Híbrido - 6,1kWp 4,8kWh Lítio 48V (24899)",,610,10,1.0,6100,0,,4,1,10,Solar Kit Hybrid
,,1,48,kits,Neosolar,NEO-24903,,,1,"Kit Energia Solar On Grid Híbrido - 9,76kWp 4,8kWh Lítio 48V (24903)",,610,16,76.0,9760,0,,1,1,16,Solar Kit Hybrid
,,1,48,kits,Neosolar,NEO-24902,,,1,"Kit Energia Solar On Grid Híbrido - 5,49kWp 4,8kWh Lítio 48V (24902)",,610,9,49.0,5490,0,,1,1,9,Solar Kit Hybrid
,,1,48,kits,Neosolar,NEO-24901,,,1,"Kit Energia Solar On Grid Híbrido - 5,49kWp 4,8kWh Lítio 48V (24901)",,610,9,49.0,5490,0,,1,1,9,Solar Kit Hybrid
,,4,48,kits,Neosolar,NEO-24933,,,1,"Kit Energia Solar On Grid Híbrido - 9,76kWp 4,8kWh Lítio 48V (24933)",,610,16,76.0,9760,0,,4,1,16,Solar Kit Hybrid
,,1,48,kits,Neosolar,NEO-24892,,,1,"Kit Energia Solar On Grid Híbrido - 3,66kWp 4,8kWh Lítio 48V (24892)",,610,6,66.0,3660,0,,1,1,6,Solar Kit Hybrid
,,1,48,kits,Neosolar,NEO-24925,,,1,"Kit Energia Solar On Grid Híbrido - 5,49kWp 4,8kWh Lítio 48V (24925)",,610,9,49.0,5490,0,,1,1,9,Solar Kit Hybrid
,,6,48,kits,Neosolar,NEO-24938,,,1,"Kit Energia Solar On Grid Híbrido - 9,76kWp 4,8kWh Lítio 48V (24938)",,610,16,76.0,9760,0,,6,1,16,Solar Kit Hybrid
,,,,kits,Neosolar,NEO-25076,,,3,"Kit de Energia Solar On Grid - 12,20kWp (P/ Madeira)",,610,20,20.0,12200,0,,0,3,20,Solar Kit Grid-Tie
,,,,kits,Neosolar,NEO-25074,,,3,"Kit de Energia Solar On Grid - 8,54kWp (P/ Madeira)",,610,14,54.0,8540,0,,0,3,14,Solar Kit Grid-Tie
,,,,kits,Neosolar,NEO-25090,,,3,"Kit de Energia Solar On Grid - 8,54kWp (P/ Mini Trilho)",,610,14,54.0,8540,0,,0,3,14,Solar Kit Grid-Tie
,,,,kits,Neosolar,NEO-25083,,,3,"Kit de Energia Solar On Grid - 9,15kWp (P/ Metal)",,610,15,15.0,9150,0,,0,3,15,Solar Kit Grid-Tie
,,,,kits,Neosolar,NEO-25087,,,2,"Kit de Energia Solar On Grid - 4,88kWp (P/ Mini Trilho)",,610,8,88.0,4880,0,,0,2,8,Solar Kit Grid-Tie
,,,,kits,Neosolar,NEO-25081,,,2,"Kit de Energia Solar On Grid - 7,32kWp (P/ Metal)",,610,12,32.0,7320,0,,0,2,12,Solar Kit Grid-Tie
,,,,kits,Neosolar,NEO-24981,,,3,"Kit de Energia Solar On Grid - 12,20kWp (Sem Estrutura)",,610,20,20.0,12200,0,,0,3,20,Solar Kit Grid-Tie
,,,,kits,Neosolar,NEO-24978,,,2,"Kit de Energia Solar On Grid - 7,32kWp (Sem Estrutura)",,610,12,32.0,7320,0,,0,2,12,Solar Kit Grid-Tie
,,,,kits,Neosolar,NEO-21132,,,1,"Kit Gerador Energia Solar 0,59 kWp - Microinversor Deye c/ Wifi SUN2000 - Painel Luxen (Mini Trilho)",,0,595,59.0,595,0,,0,1,596,Solar Kit Grid-Tie
,,,,kits,Neosolar,NEO-21238,,,1,"Kit Gerador Energia Solar 2,32 kWp - Microinversor Deye c/ Wifi SUN2000 - Painel OSDA (Para Laje)",,0,32,32.0,2320,0,,0,1,36,Solar Kit Grid-Tie
,,,,kits,Neosolar,NEO-21239,,,1,"Kit Gerador Energia Solar 2,32 kWp - Microinversor Deye c/ Wifi SUN2000 - Painel OSDA (Mini Trilho)",,0,32,32.0,2320,0,,0,1,36,Solar Kit Grid-Tie
,,,,kits,Neosolar,NEO-21403,,,1,"Kit Gerador Energia Solar 0,57 kWp - Microinversor Deye c/ Wifi SUN2000 - Painel OSDA (Laje)",,0,57,57.0,575,0,,0,1,58,Solar Kit Grid-Tie
,,,,kits,Neosolar,NEO-21793,,,1,"Kit Gerador Energia Solar 0,58 kWp - Microinversor Deye c/ Wifi SUN2000 - Painel OSDA (Solo)",,0,58,58.0,580,0,,0,1,59,Solar Kit Grid-Tie
,,,,kits,Neosolar,NEO-21399,,,1,"Kit Gerador Energia Solar 0,57 kWp - Microinversor Deye c/ Wifi SUN2000 - Painel OSDA (Sem Estrutura",,0,57,57.0,575,0,,0,1,58,Solar Kit Grid-Tie
,,,,kits,Neosolar,NEO-23092,,,1,"Kit Gerador Energia Solar 1,75 kWp - Microinversor Deye c/ Wifi SUN2250 - Painel OSDA",,0,75,75.0,1755,0,,0,1,78,Solar Kit Grid-Tie
,,,,kits,Neosolar,NEO-23096,,,1,"Kit Gerador Energia Solar 1,75 kWp - Microinversor Deye c/ Wifi SUN2250 - Painel OSDA",,0,75,75.0,1755,0,,0,1,78,Solar Kit Grid-Tie
,,,,kits,Neosolar,NEO-22978,,,1,"Kit Gerador Energia Solar 0,58 kWp - Microinversor Deye c/ Wifi SUN2250 - Painel OSDA- Mini Trilho",,0,58,58.0,580,0,,0,1,59,Solar Kit Grid-Tie
,,,,kits,Neosolar,NEO-23077,,,1,"Kit Gerador Energia Solar 0,58 kWp - Microinversor Deye c/ Wifi SUN2250 - Painel OSDA - Cerâmica",,0,58,58.0,585,0,,0,1,59,Solar Kit Grid-Tie
,,,,kits,Neosolar,NEO-23089,,,1,"Kit Gerador Energia Solar 1,17 kWp - Microinversor Deye c/ Wifi SUN2250 - Painel OSDA - Solo",,0,17,17.0,1170,0,,0,1,19,Solar Kit Grid-Tie
,,,,kits,Neosolar,NEO-22887,,,1,"Kit Gerador Energia Solar 2,32 kWp - Microinversor Deye c/ Wifi SUN2250 - Painel OSDA- Laje",,0,32,32.0,2320,0,,0,1,36,Solar Kit Grid-Tie
,,,,kits,Neosolar,NEO-22939,,,1,"Kit Gerador Energia Solar 1,66 kWp - Microinversor Deye c/ Wifi SUN2250 - Painel ReneSola- Mini Trilho",,0,66,66.0,1665,0,,0,1,69,Solar Kit Grid-Tie
,,,,kits,Neosolar,NEO-22945,,,1,"Kit Gerador Energia Solar 2,22 kWp - Microinversor Deye c/ Wifi SUN2250 - Painel ReneSola- Cerâmica",,0,22,22.0,2220,0,,0,1,26,Solar Kit Grid-Tie
,,,,kits,Neosolar,NEO-22949,,,1,"Kit Gerador Energia Solar 2,22 kWp - Microinversor Deye c/ Wifi SUN2250 - Painel ReneSola- Laje",,0,22,22.0,2220,0,,0,1,26,Solar Kit Grid-Tie
,,,,kits,Neosolar,NEO-22984,,,1,"Kit Gerador Energia Solar 1,16 kWp - Microinversor Deye c/ Wifi SUN2250 - Painel OSDA- Cerâmica",,0,16,16.0,1160,0,,0,1,18,Solar Kit Grid-Tie
,,,,kits,Neosolar,NEO-22977,,,1,"Kit Gerador Energia Solar 0,58 kWp - Microinversor Deye c/ Wifi SUN2250 - Painel OSDA- Cerâmica",,0,58,58.0,580,0,,0,1,59,Solar Kit Grid-Tie
,,,,kits,Neosolar,NEO-22947,,,1,"Kit Gerador Energia Solar 2,22 kWp - Microinversor Deye c/ Wifi SUN2250 - Painel ReneSola- Madeira",,0,22,22.0,2220,0,,0,1,26,Solar Kit Grid-Tie
,,,,kits,Neosolar,NEO-22951,,,1,"Kit Gerador Energia Solar 2,22 kWp - Microinversor Deye c/ Wifi SUN2250 - Painel ReneSola",,0,22,22.0,2220,0,,0,1,26,Solar Kit Grid-Tie
,,,,kits,Neosolar,NEO-22937,,,1,"Kit Gerador Energia Solar 1,11 kWp - Microinversor Deye c/ Wifi SUN2250 - Painel ReneSola | Sem estrutura",,0,11,11.0,1110,0,,0,1,13,Solar Kit Grid-Tie
,,,,kits,Neosolar,NEO-23095,,,1,"Kit Gerador Energia Solar 1,75 kWp - Microinversor Deye c/ Wifi SUN2250 - Painel OSDA",,0,75,75.0,1755,0,,0,1,78,Solar Kit Grid-Tie
,,,,kits,Neosolar,NEO-22987,,,1,"Kit Gerador Energia Solar 1,16 kWp - Microinversor Deye c/ Wifi SUN2250 - Painel OSDA- Metálica",,0,16,16.0,1160,0,,0,1,18,Solar Kit Grid-Tie
,,,,kits,Neosolar,NEO-22980,,,1,"Kit Gerador Energia Solar 0,58 kWp - Microinversor Deye c/ Wifi SUN2250 - Painel OSDA- Metálica",,0,58,58.0,580,0,,0,1,59,Solar Kit Grid-Tie
,,,,kits,Neosolar,NEO-22994,,,1,"Kit Gerador Energia Solar 1,74 kWp - Microinversor Deye c/ Wifi SUN2250 - Painel OSDA- Metálica",,0,74,74.0,1740,0,,0,1,77,Solar Kit Grid-Tie
,,,,kits,Neosolar,NEO-22988,,,1,"Kit Gerador Energia Solar 1,16 kWp - Microinversor Deye c/ Wifi SUN2250 - Painel OSDA- Laje",,0,16,16.0,1160,0,,0,1,18,Solar Kit Grid-Tie
,,,,kits,Neosolar,NEO-22999,,,1,"Kit Gerador Energia Solar 2,32 kWp - Microinversor Deye c/ Wifi SUN2250 - Painel OSDA- Mini Trilho",,0,32,32.0,2320,0,,0,1,36,Solar Kit Grid-Tie
,,,,kits,Neosolar,NEO-22983,,,1,"Kit Gerador Energia Solar 0,58 kWp - Microinversor Deye c/ Wifi SUN2250 - Painel OSDA",,0,58,58.0,580,0,,0,1,59,Solar Kit Grid-Tie
,,,,kits,Neosolar,NEO-22209,,,1,"Kit Gerador Energia Solar 0,55 kWp - Microinversor Deye c/ Wifi SUN2000 - Painel Sunova (Mini Trilho)",,0,55,55.0,550,0,,0,1,56,Solar Kit Grid-Tie
,,,,kits,Neosolar,NEO-22226,,,1,"Kit Gerador Energia Solar 1,65 kWp - Microinversor Deye c/ Wifi SUN2000 - Painel Sunova (Solo)",,0,65,65.0,1650,0,,0,1,68,Solar Kit Grid-Tie
,,,,kits,Neosolar,NEO-22232,,,1,"Kit Gerador Energia Solar 2,20 kWp - Microinversor Deye c/ Wifi SUN2000 - Painel Sunova (Metal)",,0,20,20.0,2200,0,,0,1,24,Solar Kit Grid-Tie
,,,,kits,Neosolar,NEO-22228,,,1,"Kit Gerador Energia Solar 2,20 kWp - Microinversor Deye c/ Wifi SUN2000 - Painel Sunova (Laje)",,0,20,20.0,2200,0,,0,1,24,Solar Kit Grid-Tie
,,,,kits,Neosolar,NEO-22230,,,1,"Kit Gerador Energia Solar 2,20 kWp - Microinversor Deye c/ Wifi SUN2000 - Painel Sunova (Mini Trilho)",,0,20,20.0,2200,0,,0,1,24,Solar Kit Grid-Tie
,,,,kits,Neosolar,NEO-22234,,,1,"Kit Gerador Energia Solar 2,20 kWp - Microinversor Deye c/ Wifi SUN2000 - Painel Sunova",,0,20,20.0,2200,0,,0,1,24,Solar Kit Grid-Tie
,,,,kits,Neosolar,NEO-22502,,,1,"Kit Gerador Energia Solar 1,11 kWp - Microinversor Deye c/ Wifi SUN2000 - Painel ReneSola (Para Solo)",,0,11,11.0,1110,0,,0,1,13,Solar Kit Grid-Tie
,,,,kits,Neosolar,NEO-22500,,,1,"Kit Gerador Energia Solar 1,11 kWp - Microinversor Deye c/ Wifi SUN2000 - Painel ReneSola (Madeira)",,0,11,11.0,1110,0,,0,1,13,Solar Kit Grid-Tie
,,,,kits,Neosolar,NEO-22417,,,1,"Kit Gerador Energia Solar 1,16 kWp - Microinversor Deye c/ Wifi SUN2000 - Painel OSDA (Para Solo)",,0,16,16.0,1160,0,,0,1,18,Solar Kit Grid-Tie
,,,,kits,Neosolar,NEO-22408,,,1,"Kit Gerador Energia Solar 0,58 kWp - Microinversor Deye c/ Wifi SUN2000 - Painel OSDA (Madeira)",,0,58,58.0,580,0,,0,1,59,Solar Kit Grid-Tie
,,,,kits,Neosolar,NEO-22405,,,1,"Kit Gerador Energia Solar 0,58 kWp - Microinversor Deye c/ Wifi SUN2000 - Painel OSDA (Para Laje)",,0,58,58.0,580,0,,0,1,59,Solar Kit Grid-Tie
,,,,kits,Neosolar,NEO-22459,,,1,"Kit Gerador Energia Solar 0,59 kWp - Microinversor Deye c/ Wifi SUN2000 - Painel Luxen (Para Solo)",,0,595,59.0,595,0,,0,1,596,Solar Kit Grid-Tie
,,,,kits,Neosolar,NEO-22455,,,1,"Kit Gerador Energia Solar 0,59 kWp - Microinversor Deye c/ Wifi SUN2000 - Painel Luxen (Cerâmica)",,0,595,59.0,595,0,,0,1,596,Solar Kit Grid-Tie
,,,,kits,Neosolar,NEO-22348,,,1,"Kit Gerador Energia Solar 1,78 kWp - Microinversor Deye c/ Wifi SUN2000 - Painel Luxen - Estrutura Para Laje",,0,78,78.0,1785,0,,0,1,81,Solar Kit Grid-Tie
,,,,kits,Neosolar,NEO-22346,,,1,"Kit Gerador Energia Solar 1,78 kWp - Microinversor Deye c/ Wifi SUN2000 - Painel Luxen - Estrutura Madeira",,0,78,78.0,1785,0,,0,1,81,Solar Kit Grid-Tie
,,,,kits,Neosolar,NEO-22222,,,1,"Kit Gerador Energia Solar 1,65 kWp - Microinversor Deye c/ Wifi SUN2000 - Painel Sunova (Cerâmica)",,0,65,65.0,1650,0,,0,1,68,Solar Kit Grid-Tie
,,,,kits,Neosolar,NEO-22432,,,1,"Kit Gerador Energia Solar 2,32 kWp - Microinversor Deye c/ Wifi SUN2000 - Painel OSDA (Sem Estrutura)",,0,32,32.0,2320,0,,0,1,36,Solar Kit Grid-Tie
,,,,kits,Neosolar,NEO-22425,,,1,"Kit Gerador Energia Solar 1,74 kWp - Microinversor Deye c/ Wifi SUN2000 - Painel OSDA (Sem Estrutura)",,0,74,74.0,1740,0,,0,1,77,Solar Kit Grid-Tie
,,,,kits,Neosolar,NEO-22428,,,1,"Kit Gerador Energia Solar 2,32 kWp - Microinversor Deye c/ Wifi SUN2000 - Painel OSDA (Mini Trilho)",,0,32,32.0,2320,0,,0,1,36,Solar Kit Grid-Tie
,,,,kits,Neosolar,NEO-22446,,,1,"Kit Gerador Energia Solar 1,19 kWp - Microinversor Deye c/ Wifi SUN2000 - Painel Luxen (Mini Trilho)",,0,19,19.0,1190,0,,0,1,21,Solar Kit Grid-Tie
,,,,kits,Neosolar,NEO-22442,,,1,"Kit Gerador Energia Solar 1,19 kWp - Microinversor Deye c/ Wifi SUN2000 - Painel Luxen (Madeira)",,0,19,19.0,1190,0,,0,1,21,Solar Kit Grid-Tie
,,,,kits,Neosolar,NEO-22218,,,1,"Kit Gerador Energia Solar 1,10 kWp - Microinversor Deye c/ Wifi SUN2000 - Painel Sunova (Metálica)",,0,10,10.0,1100,0,,0,1,12,Solar Kit Grid-Tie
,,,,kits,Neosolar,NEO-22431,,,1,"Kit Gerador Energia Solar 2,32 kWp - Microinversor Deye c/ Wifi SUN2000 - Painel OSDA (Para Solo)",,0,32,32.0,2320,0,,0,1,36,Solar Kit Grid-Tie
,,,,kits,Neosolar,NEO-24632,,,1,"Kit Gerador Energia Solar  1,24kWp - Microinversor Deye c/ Wifi SUN2250 - Painel OSDA P/ Mini Trilho",,0,1,24.0,1240,0,,0,1,3,Solar Kit Grid-Tie
,,,,kits,Neosolar,NEO-22454,,,1,"Kit Gerador Energia Solar 0,59 kWp - Microinversor Deye c/ Wifi SUN2000 - Painel Luxen (Sem Estrutura)",,0,595,59.0,595,0,,0,1,596,Solar Kit Grid-Tie
,,,,kits,Neosolar,NEO-21284,,,1,"Kit Gerador Energia Solar 1,15 kWp - Microinversor Deye c/ Wifi SUN2000 - Painel OSDA (Solo)",,0,15,15.0,1150,0,,0,1,17,Solar Kit Grid-Tie
,,,,kits,Neosolar,NEO-21249,,,1,"Kit Gerador Energia Solar 1,74 kWp - Microinversor Deye c/ Wifi SUN2000 - Painel OSDA Com Estrutura",,0,74,74.0,1740,0,,0,1,77,Solar Kit Grid-Tie
,,,,kits,Neosolar,NEO-21234,,,1,"Kit Gerador Energia Solar 2,32 kWp - Microinversor Deye c/ Wifi SUN2000 - Painel OSDA (sem estrutura)",,0,32,32.0,2320,0,,0,1,36,Solar Kit Grid-Tie
,,,,kits,Neosolar,NEO-21242,,,1,"Kit Gerador Energia Solar 1,16 kWp - Microinversor Deye c/ Wifi SUN2000 - Painel OSDA Com Estrutura",,0,16,16.0,1160,0,,0,1,18,Solar Kit Grid-Tie
,,,,kits,Neosolar,NEO-21601,,,1,"Kit Gerador Energia Solar 1,16 kWp - Microinversor Deye c/ Wifi SUN2000 - Painel OSDA Com Estrutura",,0,16,16.0,1160,0,,0,1,18,Solar Kit Grid-Tie
,,,,kits,Neosolar,NEO-21074,,,1,"Kit Gerador Energia Solar 1,72 kWp - Microinversor Deye c/ Wifi SUN2000 - Painel OSDA Com Estrtura",,0,72,72.0,1725,0,,0,1,75,Solar Kit Grid-Tie
,,,,kits,Neosolar,NEO-21053,,,1,"Kit Gerador Energia Solar 1,19 kWp - Microinversor Deye c/ Wifi SUN2000 - Painel Luxen com Estrutura",,0,19,19.0,1190,0,,0,1,21,Solar Kit Grid-Tie
,,,,kits,Neosolar,NEO-21075,,,1,"Kit Gerador Energia Solar 1,72 kWp - Microinversor Deye c/ Wifi SUN2000 - Painel OSDA Com Estrutura",,0,72,72.0,1725,0,,0,1,75,Solar Kit Grid-Tie
,,,,kits,Neosolar,NEO-21055,,,1,"Kit Gerador Energia Solar 1,19 kWp - Microinversor Deye c/ Wifi SUN2000 - Painel Luxen Com Estrutura",,0,19,19.0,1190,0,,0,1,21,Solar Kit Grid-Tie
,,,,kits,Neosolar,NEO-21040,,,1,"Kit Gerador Energia Solar 2,38 kWp - Microinversor Deye c/ Wifi SUN2000 - Painel Luxen (Laje)",,0,38,38.0,2380,0,,0,1,42,Solar Kit Grid-Tie
,,,,kits,Neosolar,NEO-21057,,,1,"Kit Gerador Energia Solar 1,15 kWp - Microinversor Deye c/ Wifi SUN2000 - Painel OSDA (Madeira)",,0,15,15.0,1150,0,,0,1,17,Solar Kit Grid-Tie
,,,,kits,Neosolar,NEO-21046,,,1,"Kit Gerador Energia Solar 2,30 kWp - Microinversor Deye c/ Wifi SUN2000 - Painel OSDA (Madeira)",,0,30,30.0,2300,0,,0,1,34,Solar Kit Grid-Tie
,,,,kits,Neosolar,NEO-21052,,,1,"Kit Gerador Energia Solar 1,19 kWp - Microinversor Deye c/ Wifi SUN2000 - Painel Luxen Com Estrutura",,0,19,19.0,1190,0,,0,1,21,Solar Kit Grid-Tie
,,,,kits,Neosolar,NEO-23100,,,1,"Kit Gerador Energia Solar 2,34 kWp - Microinversor Deye c/ Wifi SUN2250 - Painel OSDA | Para madeira",,0,34,34.0,2340,0,,0,1,38,Solar Kit Grid-Tie
,,,,kits,Neosolar,NEO-23104,,,1,"Kit Gerador Energia Solar 2,34 kWp - Microinversor Deye c/ Wifi SUN2250 - Painel OSDA",,0,34,34.0,2340,0,,0,1,38,Solar Kit Grid-Tie
,,,,kits,Neosolar,NEO-22934,,,1,"Kit Gerador Energia Solar 1,11 kWp - Microinversor Deye c/ Wifi SUN2250 - Painel ReneSola | Estrutura metálica",,0,11,11.0,1110,0,,0,1,13,Solar Kit Grid-Tie
,,,,kits,Neosolar,NEO-22950,,,1,"Kit Gerador Energia Solar 2,22 kWp - Microinversor Deye c/ Wifi SUN2250 - Painel ReneSola- Solo",,0,22,22.0,2220,0,,0,1,26,Solar Kit Grid-Tie
,,,,kits,Neosolar,NEO-23097,,,1,"Kit Gerador Energia Solar 1,75 kWp - Microinversor Deye c/ Wifi SUN2250 - Painel OSDA",,0,75,75.0,1755,0,,0,1,78,Solar Kit Grid-Tie
,,,,kits,Neosolar,NEO-23088,,,1,"Kit Gerador Energia Solar 1,17 kWp - Microinversor Deye c/ Wifi SUN2250 - Painel OSDA - Laje",,0,17,17.0,1170,0,,0,1,19,Solar Kit Grid-Tie
,,,,kits,Neosolar,NEO-23084,,,1,"Kit Gerador Energia Solar 1,17 kWp - Microinversor Deye c/ Wifi SUN2250 - Painel OSDA - Cerâmica",,0,17,17.0,1170,0,,0,1,19,Solar Kit Grid-Tie
,,,,kits,Neosolar,NEO-23082,,,1,"Kit Gerador Energia Solar 0,58 kWp - Microinversor Deye c/ Wifi SUN2250 - Painel OSDA- Solo",,0,58,58.0,585,0,,0,1,59,Solar Kit Grid-Tie
,,,,kits,Neosolar,NEO-22944,,,1,"Kit Gerador Energia Solar 1,66 kWp - Microinversor Deye c/ Wifi SUN2250 - Painel ReneSola",,0,66,66.0,1665,0,,0,1,69,Solar Kit Grid-Tie
,,,,kits,Neosolar,NEO-22948,,,1,"Kit Gerador Energia Solar 2,22 kWp - Microinversor Deye c/ Wifi SUN2250 - Painel ReneSola- Metal",,0,22,22.0,2220,0,,0,1,26,Solar Kit Grid-Tie
,,,,kits,Neosolar,NEO-22946,,,1,"Kit Gerador Energia Solar 2,22 kWp - Microinversor Deye c/ Wifi SUN2250 - Painel ReneSola- Mini Trilho",,0,22,22.0,2220,0,,0,1,26,Solar Kit Grid-Tie
,,,,kits,Neosolar,NEO-22869,,,1,"Kit Gerador Energia Solar 1,74 kWp - Microinversor Deye c/ Wifi SUN2250 - Painel OSDA- Madeira",,0,74,74.0,1740,0,,0,1,77,Solar Kit Grid-Tie
,,,,kits,Neosolar,NEO-22942,,,1,"Kit Gerador Energia Solar 1,66 kWp - Microinversor Deye c/ Wifi SUN2250 - Painel ReneSola- Laje",,0,66,66.0,1665,0,,0,1,69,Solar Kit Grid-Tie
,,,,kits,Neosolar,NEO-22943,,,1,"Kit Gerador Energia Solar 1,66 kWp - Microinversor Deye c/ Wifi SUN2250 - Painel ReneSola- Solo",,0,66,66.0,1665,0,,0,1,69,Solar Kit Grid-Tie
,,,,kits,Neosolar,NEO-22871,,,1,"Kit Gerador Energia Solar 2,32 kWp - Microinversor Deye c/ Wifi SUN2250 - Painel OSDA- Cerâmica",,0,32,32.0,2320,0,,0,1,36,Solar Kit Grid-Tie
,,,,kits,Neosolar,NEO-23080,,,1,"Kit Gerador Energia Solar 0,58 kWp - Microinversor Deye c/ Wifi SUN2250 - Painel OSDA - Metal",,0,58,58.0,585,0,,0,1,59,Solar Kit Grid-Tie
,,,,kits,Neosolar,NEO-23078,,,1,"Kit Gerador Energia Solar 0,58 kWp - Microinversor Deye c/ Wifi SUN2250 - Painel OSDA - Mini Trilho",,0,58,58.0,585,0,,0,1,59,Solar Kit Grid-Tie
,,,,kits,Neosolar,NEO-22991,,,1,"Kit Gerador Energia Solar 1,74 kWp - Microinversor Deye c/ Wifi SUN2250 - Painel OSDA- Cerâmica",,0,74,74.0,1740,0,,0,1,77,Solar Kit Grid-Tie
,,,,kits,Neosolar,NEO-22995,,,1,"Kit Gerador Energia Solar 1,74 kWp - Microinversor Deye c/ Wifi SUN2250 - Painel OSDA- Laje",,0,74,74.0,1740,0,,0,1,77,Solar Kit Grid-Tie
,,,,kits,Neosolar,NEO-22993,,,1,"Kit Gerador Energia Solar 1,74 kWp - Microinversor Deye c/ Wifi SUN2250 - Painel OSDA- Madeira",,0,74,74.0,1740,0,,0,1,77,Solar Kit Grid-Tie
,,,,kits,Neosolar,NEO-22489,,,1,"Kit Gerador Energia Solar 0,55 kWp - Microinversor Deye c/ Wifi SUN2000 - Painel ReneSola (Sem Estrutura)",,0,55,55.0,555,0,,0,1,56,Solar Kit Grid-Tie
,,,,kits,Neosolar,NEO-22493,,,1,"Kit Gerador Energia Solar 0,55 kWp - Microinversor Deye c/ Wifi SUN2000 - Painel ReneSola (Madeira)",,0,55,55.0,555,0,,0,1,56,Solar Kit Grid-Tie
,,,,kits,Neosolar,NEO-22997,,,1,"Kit Gerador Energia Solar 1,74 kWp - Microinversor Deye c/ Wifi SUN2250 - Painel OSDA",,0,74,74.0,1740,0,,0,1,77,Solar Kit Grid-Tie
,,,,kits,Neosolar,NEO-22496,,,1,"Kit Gerador Energia Solar 1,11 kWp - Microinversor Deye c/ Wifi SUN2000 - Painel ReneSola (Sem Estrutura)",,0,11,11.0,1110,0,,0,1,13,Solar Kit Grid-Tie
,,,,kits,Neosolar,NEO-22254,,,1,"Kit Gerador Energia Solar 2,32 kWp - Microinversor Deye c/ Wifi SUN2000 - Painel Sunova (Madeira)",,0,32,32.0,2320,0,,0,1,36,Solar Kit Grid-Tie
,,,,kits,Neosolar,NEO-22256,,,1,"Kit Gerador Energia Solar 1,65 kWp - Microinversor Deye c/ Wifi SUN2000 - Painel Sunova (Laje)",,0,65,65.0,2200,0,,0,1,69,Solar Kit Grid-Tie
,,,,kits,Neosolar,NEO-22258,,,1,"Kit Gerador Energia Solar 1,65 kWp - Microinversor Deye c/ Wifi SUN2000 - Painel Sunova (Madeira)",,0,65,65.0,2200,0,,0,1,69,Solar Kit Grid-Tie
,,,,kits,Neosolar,NEO-22260,,,1,"Kit Gerador Energia Solar 2,20 kWp - Microinversor Deye c/ Wifi SUN2000 - Painel Sunova (Laje)",,0,20,20.0,2200,0,,0,1,24,Solar Kit Grid-Tie
,,,,kits,Neosolar,NEO-22262,,,1,"Kit Gerador Energia Solar 2,20 kWp - Microinversor Deye c/ Wifi SUN2000 - Painel Sunova (Madeira)",,0,20,20.0,2200,0,,0,1,24,Solar Kit Grid-Tie
,,,,kits,Neosolar,NEO-22350,,,1,"Kit Gerador Energia Solar 1,78 kWp - Microinversor Deye c/ Wifi SUN2000 - Painel Luxen - Estrutura Mini Trilho",,0,78,78.0,1785,0,,0,1,81,Solar Kit Grid-Tie
,,,,kits,Neosolar,NEO-22356,,,1,"Kit Gerador Energia Solar 0,59 kWp - Microinversor Deye c/ Wifi SUN2000 - Painel Luxen - Estrutura Para Solo",,0,595,59.0,595,0,,0,1,596,Solar Kit Grid-Tie
,,,,kits,Neosolar,NEO-22352,,,1,"Kit Gerador Energia Solar 0,59 kWp - Microinversor Deye c/ Wifi SUN2000 - Painel Luxen - Estrutura Cerâmica",,0,595,59.0,595,0,,0,1,596,Solar Kit Grid-Tie
,,,,kits,Neosolar,NEO-22550,,,1,"Kit Gerador Energia Solar 1,74 kWp - Microinversor Deye c/ Wifi SUN2000 - Painel OSDA (Metálica)",,0,74,74.0,1740,0,,0,1,77,Solar Kit Grid-Tie
,,,,kits,Neosolar,NEO-22128,,,,"Kit Gerador Energia Solar 2,22kWp - Microinversor Deye c/ Wifi SUN2000 C/ Mini Trilho",,555,4,22.0,2220,0,,0,0,4,Solar Kit Grid-Tie
,,,,kits,Neosolar,NEO-22544,,,1,"Kit Gerador Energia Solar 2,22 kWp - Microinversor Deye c/ Wifi SUN2000 - Painel ReneSola (Cerâmica)",,0,22,22.0,2220,0,,0,1,26,Solar Kit Grid-Tie
,,,,kits,Neosolar,NEO-22546,,,1,"Kit Gerador Energia Solar 2,22 kWp - Microinversor Deye c/ Wifi SUN2000 - Painel ReneSola (Metálica)",,0,22,22.0,2220,0,,0,1,26,Solar Kit Grid-Tie
,,,,kits,Neosolar,NEO-22340,,,1,"Kit Gerador Energia Solar 1,19 kWp - Microinversor Deye c/ Wifi SUN2000 - Painel Luxen - Estrutura Metálica",,0,19,19.0,1190,0,,0,1,21,Solar Kit Grid-Tie
,,,,kits,Neosolar,NEO-22292,,,1,"Kit Gerador Energia Solar 1,74 kWp - Microinversor Deye c/ Wifi SUN2000 - Painel Sunova (Metal)",,0,74,74.0,1740,0,,0,1,77,Solar Kit Grid-Tie
,,,,kits,Neosolar,NEO-22297,,,1,"Kit Gerador Energia Solar 2,32 kWp - Microinversor Deye c/ Wifi SUN2000 - Painel Sunova (Mini Trilho)",,0,32,32.0,2320,0,,0,1,36,Solar Kit Grid-Tie
,,,,kits,Neosolar,NEO-22336,,,1,"Kit Gerador Energia Solar 2,38 kWp - Microinversor Deye c/ Wifi SUN2000 - Painel Luxen - Estrutura Mini Trilho",,0,38,38.0,2380,0,,0,1,42,Solar Kit Grid-Tie
,,,,kits,Neosolar,NEO-22334,,,1,"Kit Gerador Energia Solar 2,38 kWp - Microinversor Deye c/ Wifi SUN2000 - Painel Luxen - Estrutura Para Laje",,0,38,38.0,2380,0,,0,1,42,Solar Kit Grid-Tie
,,,,kits,Neosolar,NEO-22186,,,1,"Kit Gerador Energia Solar 1,74 kWp - Microinversor Deye c/ Wifi SUN2000 - Painel Sunova (Sem Estrutura)",,0,74,74.0,1740,0,,0,1,77,Solar Kit Grid-Tie
,,,,kits,Neosolar,NEO-22193,,,1,"Kit Gerador Energia Solar 2,32 kWp - Microinversor Deye c/ Wifi SUN2000 - Painel Sunova (Sem Estrutura)",,0,32,32.0,2320,0,,0,1,36,Solar Kit Grid-Tie
,,,,kits,Neosolar,NEO-22188,,,1,"Kit Gerador Energia Solar 2,32 kWp - Microinversor Deye c/ Wifi SUN2000 - Painel Sunova (Cerâmica)",,0,32,32.0,2320,0,,0,1,36,Solar Kit Grid-Tie
,,,,kits,Neosolar,NEO-22172,,,1,"Kit Gerador Energia Solar 0,58 kWp - Microinversor Deye c/ Wifi SUN2000 - Painel Sunova (Sem Estrutura)",,0,58,58.0,580,0,,0,1,59,Solar Kit Grid-Tie
,,,,kits,Neosolar,NEO-22174,,,1,"Kit Gerador Energia Solar 1,16 kWp - Microinversor Deye c/ Wifi SUN2000 - Painel Sunova (Cerâmica)",,0,16,16.0,1160,0,,0,1,18,Solar Kit Grid-Tie
,,,,kits,Neosolar,NEO-22184,,,1,"Kit Gerador Energia Solar 1,74 kWp - Microinversor Deye c/ Wifi SUN2000 - Painel Sunova (Metálica)",,0,74,74.0,1740,0,,0,1,77,Solar Kit Grid-Tie
,,,,kits,Neosolar,NEO-22167,,,1,"Kit Gerador Energia Solar 0,58 kWp - Microinversor Deye c/ Wifi SUN2000 - Painel Sunova (Cerâmica)",,0,58,58.0,580,0,,0,1,59,Solar Kit Grid-Tie
,,,,kits,Neosolar,NEO-22169,,,1,"Kit Gerador Energia Solar 0,58 kWp - Microinversor Deye c/ Wifi SUN2000 - Painel Sunova (Madeira)",,0,58,58.0,580,0,,0,1,59,Solar Kit Grid-Tie
,,,,kits,Neosolar,NEO-22492,,,1,"Kit Gerador Energia Solar 0,55 kWp - Microinversor Deye c/ Wifi SUN2000 - Painel ReneSola (Mini Trilho)",,0,55,55.0,555,0,,0,1,56,Solar Kit Grid-Tie
,,,,kits,Neosolar,NEO-22490,,,1,"Kit Gerador Energia Solar 0,55 kWp - Microinversor Deye c/ Wifi SUN2000 - Painel ReneSola (Para Laje)",,0,55,55.0,555,0,,0,1,56,Solar Kit Grid-Tie
,,,,kits,Neosolar,NEO-22494,,,1,"Kit Gerador Energia Solar 0,55 kWp - Microinversor Deye c/ Wifi SUN2000 - Painel ReneSola (Metálica)",,0,55,55.0,555,0,,0,1,56,Solar Kit Grid-Tie
,,,,kits,Neosolar,NEO-22424,,,1,"Kit Gerador Energia Solar 1,74 kWp - Microinversor Deye c/ Wifi SUN2000 - Painel OSDA (Para Solo)",,0,74,74.0,1740,0,,0,1,77,Solar Kit Grid-Tie
,,,,kits,Neosolar,NEO-22438,,,1,"Kit Gerador Energia Solar 2,38 kWp - Microinversor Deye c/ Wifi SUN2000 - Painel Luxen (Para Solo)",,0,38,38.0,2380,0,,0,1,42,Solar Kit Grid-Tie
,,,,kits,Neosolar,NEO-22440,,,1,"Kit Gerador Energia Solar 1,19 kWp - Microinversor Deye c/ Wifi SUN2000 - Painel Luxen (Sem Estrutura)",,0,19,19.0,1190,0,,0,1,21,Solar Kit Grid-Tie
,,,,kits,Neosolar,NEO-22444,,,1,"Kit Gerador Energia Solar 1,19 kWp - Microinversor Deye c/ Wifi SUN2000 - Painel Luxen (Para Laje)",,0,19,19.0,1190,0,,0,1,21,Solar Kit Grid-Tie
,,,,kits,Neosolar,NEO-22456,,,1,"Kit Gerador Energia Solar 0,59 kWp - Microinversor Deye c/ Wifi SUN2000 - Painel Luxen (Madeira)",,0,595,59.0,595,0,,0,1,596,Solar Kit Grid-Tie
,,,,kits,Neosolar,NEO-22885,,,1,"Kit Gerador Energia Solar 1,74 kWp - Microinversor Deye c/ Wifi SUN2250 - Painel OSDA- Solo",,0,74,74.0,1740,0,,0,1,77,Solar Kit Grid-Tie
,,,,kits,Neosolar,NEO-21602,,,1,"Kit Gerador Energia Solar 1,16 kWp - Microinversor Deye c/ Wifi SUN2000 - Painel OSDA Com Estrutura",,0,16,16.0,1160,0,,0,1,18,Solar Kit Grid-Tie
,,,,kits,Neosolar,NEO-21258,,,1,"Kit Gerador Energia Solar 0,58 kWp - Microinversor Deye c/ Wifi SUN2000 - Painel OSDA (Metálica)",,0,58,58.0,580,0,,0,1,59,Solar Kit Grid-Tie
,,,,kits,Neosolar,NEO-21246,,,1,"Kit Gerador Energia Solar 1,16 kWp - Microinversor Deye c/ Wifi SUN2000 - Painel OSDA Com Estrtura",,0,16,16.0,1160,0,,0,1,18,Solar Kit Grid-Tie
,,,,kits,Neosolar,NEO-21610,,,1,"Kit Gerador Energia Solar 0,58 kWp - Microinversor Deye c/ Wifi SUN2000 - Painel OSDA (Madeira)",,0,58,58.0,580,0,,0,1,59,Solar Kit Grid-Tie
,,,,kits,Neosolar,NEO-21247,,,1,"Kit Gerador Energia Solar 1,16 kWp - Microinversor Deye c/ Wifi SUN2000 - Painel OSDA Com Estrtura",,0,16,16.0,1160,0,,0,1,18,Solar Kit Grid-Tie
,,,,kits,Neosolar,NEO-21289,,,1,"Kit Gerador Energia Solar 0,59 kWp - Microinversor Deye c/ Wifi SUN2000 - Painel Luxen (Solo)",,0,595,59.0,595,0,,0,1,596,Solar Kit Grid-Tie
,,,,kits,Neosolar,NEO-21244,,,1,"Kit Gerador Energia Solar 1,16 kWp - Microinversor Deye c/ Wifi SUN2000 - Painel OSDA Com Estrutura",,0,16,16.0,1160,0,,0,1,18,Solar Kit Grid-Tie
,,,,kits,Neosolar,NEO-21245,,,1,"Kit Gerador Energia Solar 1,16 kWp - Microinversor Deye c/ Wifi SUN2000 - Painel OSDA Com Estrtura",,0,16,16.0,1160,0,,0,1,18,Solar Kit Grid-Tie
,,,,kits,Neosolar,NEO-21604,,,1,"Kit Gerador Energia Solar 1,16 kWp - Microinversor Deye c/ Wifi SUN2000 - Painel OSDA Com Estrtura",,0,16,16.0,1160,0,,0,1,18,Solar Kit Grid-Tie
,,,,kits,Neosolar,NEO-21130,,,1,"Kit Gerador Energia Solar 1,72 kWp - Microinversor Deye c/ Wifi SUN2000 - Painel OSDA Com Estrutura",,0,72,72.0,1725,0,,0,1,75,Solar Kit Grid-Tie
,,,,kits,Neosolar,NEO-21118,,,1,"Kit Gerador Energia Solar 0,59 kWp - Microinversor Deye c/ Wifi SUN2000 - Painel Luxen (Cerâmica)",,0,595,59.0,595,0,,0,1,596,Solar Kit Grid-Tie
,,,,kits,Neosolar,NEO-21612,,,1,"Kit Gerador Energia Solar 0,58 kWp - Microinversor Deye c/ Wifi SUN2000 - Painel OSDA (Laje)",,0,58,58.0,580,0,,0,1,59,Solar Kit Grid-Tie
,,,,kits,Neosolar,NEO-21605,,,1,"Kit Gerador Energia Solar 1,74 kWp - Microinversor Deye c/ Wifi SUN2000 - Painel OSDA Com Estrutura",,0,74,74.0,1740,0,,0,1,77,Solar Kit Grid-Tie
,,,,kits,Neosolar,NEO-21606,,,1,"Kit Gerador Energia Solar 1,74 kWp - Microinversor Deye c/ Wifi SUN2000 - Painel OSDA Com Estrtura",,0,74,74.0,1740,0,,0,1,77,Solar Kit Grid-Tie
,,3,48,kits,Neosolar,NEO-24922,,,1,"Kit Energia Solar On Grid Híbrido - 6,1kWp 4,8kWh Lítio 48V (24922)",,610,10,1.0,6100,0,,3,1,10,Solar Kit Hybrid
,,1,48,kits,Neosolar,NEO-24917,,,1,"Kit Energia Solar On Grid Híbrido - 6,1kWp 4,8kWh Lítio 48V (24917)",,610,10,1.0,6100,0,,1,1,10,Solar Kit Hybrid
,,5,48,kits,Neosolar,NEO-24912,,,1,"Kit Energia Solar On Grid Híbrido - 9,76kWp 4,8kWh Lítio 48V (24912)",,610,16,76.0,9760,0,,5,1,16,Solar Kit Hybrid
,,5,48,kits,Neosolar,NEO-24911,,,1,"Kit Energia Solar On Grid Híbrido - 9,76kWp 4,8kWh Lítio 48V (24911)",,610,16,76.0,9760,0,,5,1,16,Solar Kit Hybrid
,,3,48,kits,Neosolar,NEO-24907,,,1,"Kit Energia Solar On Grid Híbrido - 9,76kWp 4,8kWh Lítio 48V (24907)",,610,16,76.0,9760,0,,3,1,16,Solar Kit Hybrid
,,,,kits,Neosolar,NEO-24976,,,2,"Kit de Energia Solar On Grid - 4,88kWp (Sem Estrutura)",,610,8,88.0,4880,0,,0,2,8,Solar Kit Grid-Tie
,,,,kits,Neosolar,NEO-25068,,,3,"Kit de Energia Solar On Grid - 12,20kWp (P/ Cerâmica)",,610,20,20.0,12200,0,,0,3,20,Solar Kit Grid-Tie
,,,,kits,Neosolar,NEO-25067,,,3,"Kit de Energia Solar On Grid - 9,15kWp (P/ Cerâmica)",,610,15,15.0,9150,0,,0,3,15,Solar Kit Grid-Tie
,,,,kits,Neosolar,NEO-25063,,,2,"Kit de Energia Solar On Grid - 4,88kWp (P/ Cerâmica)",,610,8,88.0,4880,0,,0,2,8,Solar Kit Grid-Tie
,,,,kits,Neosolar,NEO-25065,,,2,"Kit de Energia Solar On Grid - 7,32kWp (P/ Cerâmica)",,610,12,32.0,7320,0,,0,2,12,Solar Kit Grid-Tie
,,,,kits,Neosolar,NEO-25078,,,2,"Kit de Energia Solar On Grid - 3,66kWp (P/ Metal)",,610,6,66.0,3660,0,,0,2,6,Solar Kit Grid-Tie
,,,,kits,Neosolar,NEO-25089,,,2,"Kit de Energia Solar On Grid - 7,32kWp (P/ Mini Trilho)",,610,12,32.0,7320,0,,0,2,12,Solar Kit Grid-Tie
,,,,kits,Neosolar,NEO-24982,,,3,"Kit de Energia Solar On Grid - 12,81kWp (Sem Estrutura)",,610,21,81.0,12810,0,,0,3,21,Solar Kit Grid-Tie
,,,,kits,Neosolar,NEO-24975,,,2,"Kit de Energia Solar On Grid - 3,66kWp (Sem Estrutura)",,610,6,66.0,3660,0,,0,2,6,Solar Kit Grid-Tie
,,,,kits,Neosolar,NEO-22552,,,1,"Kit Gerador Energia Solar 2,32 kWp - Microinversor Deye c/ Wifi SUN2000 - Painel OSDA (Cerâmica)",,0,32,32.0,2320,0,,0,1,36,Solar Kit Grid-Tie
,,,,kits,Neosolar,NEO-22168,,,1,"Kit Gerador Energia Solar 0,58 kWp - Microinversor Deye c/ Wifi SUN2000 - Painel Sunova (Mini Trilho)",,0,58,58.0,580,0,,0,1,59,Solar Kit Grid-Tie
,,,,kits,Neosolar,NEO-22170,,,1,"Kit Gerador Energia Solar 0,58 kWp - Microinversor Deye c/ Wifi SUN2000 - Painel Sunova (Metálica)",,0,58,58.0,580,0,,0,1,59,Solar Kit Grid-Tie
,,,,kits,Neosolar,NEO-22129,,,,"Kit Gerador Energia Solar 2,22kWp - Microinversor Deye c/ Wifi SUN2000 C/ Parafuso (Madeira)",,555,4,22.0,2220,0,,0,0,4,Solar Kit Grid-Tie
,,,,kits,Neosolar,NEO-22121,,,,"Kit Gerador Energia Solar 1,66kWp - Microinversor Deye c/ Wifi SUN2000 C/ Gancho P/ Cerâmica",,555,3,66.0,1665,0,,0,0,3,Solar Kit Grid-Tie
,,,,kits,Neosolar,NEO-22131,,,,"Kit Gerador Energia Solar 2,22kWp - Microinversor Deye c/ Wifi SUN2000 C/ Est. Solo",,555,4,22.0,2220,0,,0,0,4,Solar Kit Grid-Tie
,,,,kits,Neosolar,NEO-22125,,,,"Kit Gerador Energia Solar 1,66kWp - Microinversor Deye c/ Wifi SUN2000 C/ Est. Solo",,555,3,66.0,1665,0,,0,0,3,Solar Kit Grid-Tie
,,,,kits,Neosolar,NEO-22542,,,1,"Kit Gerador Energia Solar 1,66 kWp - Microinversor Deye c/ Wifi SUN2000 - Painel ReneSola (Metálica)",,0,66,66.0,1665,0,,0,1,69,Solar Kit Grid-Tie
,,,,kits,Neosolar,NEO-22539,,,1,"Kit Gerador Energia Solar 1,66 kWp - Microinversor Deye c/ Wifi SUN2000 - Painel ReneSola (Para Laje)",,0,66,66.0,1665,0,,0,1,69,Solar Kit Grid-Tie
,,,,kits,Neosolar,NEO-22553,,,1,"Kit Gerador Energia Solar 2,32 kWp - Microinversor Deye c/ Wifi SUN2000 - Painel OSDA (Madeira)",,0,32,32.0,2320,0,,0,1,36,Solar Kit Grid-Tie
,,,,kits,Neosolar,NEO-22561,,,1,"Kit Gerador Energia Solar 1,78 kWp - Microinversor Deye c/ Wifi SUN2000 - Painel Luxen (Metálica)",,0,78,78.0,1785,0,,0,1,81,Solar Kit Grid-Tie
,,,,kits,Neosolar,NEO-22551,,,1,"Kit Gerador Energia Solar 2,32 kWp - Microinversor Deye c/ Wifi SUN2000 - Painel OSDA (Para Laje)",,0,32,32.0,2320,0,,0,1,36,Solar Kit Grid-Tie
,,,,kits,Neosolar,NEO-22112,,,,"Kit Gerador Energia Solar 0,55kWp - Microinversor Deye c/ Wifi SUN2000 C/ Parafuso (Metal)",,555,1,55.0,555,0,,0,0,1,Solar Kit Grid-Tie
,,,,kits,Neosolar,NEO-22115,,,,"Kit Gerador Energia Solar 1,11kWp - Microinversor Deye c/ Wifi SUN2000 C/ Gancho P/ Cerâmica",,555,2,11.0,1110,0,,0,0,2,Solar Kit Grid-Tie
,,,,kits,Neosolar,NEO-22113,,,,"Kit Gerador Energia Solar 0,55kWp - Microinversor Deye c/ Wifi SUN2000 C/ Est. Solo",,555,1,55.0,555,0,,0,0,1,Solar Kit Grid-Tie
,,,,kits,Neosolar,NEO-22543,,,1,"Kit Gerador Energia Solar 2,22 kWp - Microinversor Deye c/ Wifi SUN2000 - Painel ReneSola (Para Laje)",,0,22,22.0,2220,0,,0,1,26,Solar Kit Grid-Tie
,,,,kits,Neosolar,NEO-22541,,,1,"Kit Gerador Energia Solar 1,66 kWp - Microinversor Deye c/ Wifi SUN2000 - Painel ReneSola (Madeira)",,0,66,66.0,1665,0,,0,1,69,Solar Kit Grid-Tie
,,,,kits,Neosolar,NEO-22540,,,1,"Kit Gerador Energia Solar 1,66 kWp - Microinversor Deye c/ Wifi SUN2000 - Painel ReneSola (Cerâmica)",,0,66,66.0,1665,0,,0,1,69,Solar Kit Grid-Tie
,,,,kits,Neosolar,NEO-22548,,,1,"Kit Gerador Energia Solar 1,74 kWp - Microinversor Deye c/ Wifi SUN2000 - Painel OSDA (Cerâmica)",,0,74,74.0,1740,0,,0,1,77,Solar Kit Grid-Tie
,,,,kits,Neosolar,NEO-22452,,,1,"Kit Gerador Energia Solar 1,78 kWp - Microinversor Deye c/ Wifi SUN2000 - Painel Luxen (Mini Trilho)",,0,78,78.0,1785,0,,0,1,81,Solar Kit Grid-Tie
,,,,kits,Neosolar,NEO-22443,,,1,"Kit Gerador Energia Solar 1,19 kWp - Microinversor Deye c/ Wifi SUN2000 - Painel Luxen (Metálica)",,0,19,19.0,1190,0,,0,1,21,Solar Kit Grid-Tie
,,,,kits,Neosolar,NEO-22257,,,1,"Kit Gerador Energia Solar 1,65 kWp - Microinversor Deye c/ Wifi SUN2000 - Painel Sunova (Cerâmica)",,0,65,65.0,2200,0,,0,1,69,Solar Kit Grid-Tie
,,,,kits,Neosolar,NEO-22250,,,1,"Kit Gerador Energia Solar 1,74 kWp - Microinversor Deye c/ Wifi SUN2000 - Painel Sunova (Madeira)",,0,74,74.0,2320,0,,0,1,78,Solar Kit Grid-Tie
,,,,kits,Neosolar,NEO-22255,,,1,"Kit Gerador Energia Solar 2,32 kWp - Microinversor Deye c/ Wifi SUN2000 - Painel Sunova (Metal)",,0,32,32.0,2320,0,,0,1,36,Solar Kit Grid-Tie
,,,,kits,Neosolar,NEO-22418,,,1,"Kit Gerador Energia Solar 1,16 kWp - Microinversor Deye c/ Wifi SUN2000 - Painel OSDA (Sem Estrutura)",,0,16,16.0,1160,0,,0,1,18,Solar Kit Grid-Tie
,,,,kits,Neosolar,NEO-22415,,,1,"Kit Gerador Energia Solar 1,16 kWp - Microinversor Deye c/ Wifi SUN2000 - Painel OSDA (Madeira)",,0,16,16.0,1160,0,,0,1,18,Solar Kit Grid-Tie
,,,,kits,Neosolar,NEO-22327,,,1,"Kit Gerador Energia Solar 2,20 kWp - Microinversor Deye c/ Wifi SUN2000 - Painel Sunova (Metal)",,0,20,20.0,2200,0,,0,1,24,Solar Kit Grid-Tie
,,,,kits,Neosolar,NEO-22187,,,1,"Kit Gerador Energia Solar 2,32 kWp - Microinversor Deye c/ Wifi SUN2000 - Painel Sunova (Para Laje)",,0,32,32.0,2320,0,,0,1,36,Solar Kit Grid-Tie
,,,,kits,Neosolar,NEO-22190,,,1,"Kit Gerador Energia Solar 2,32 kWp - Microinversor Deye c/ Wifi SUN2000 - Painel Sunova (Madeira)",,0,32,32.0,2320,0,,0,1,36,Solar Kit Grid-Tie
,,,,kits,Neosolar,NEO-22211,,,1,"Kit Gerador Energia Solar 0,55 kWp - Microinversor Deye c/ Wifi SUN2000 - Painel Sunova (Metálica)",,0,55,55.0,550,0,,0,1,56,Solar Kit Grid-Tie
,,,,kits,Neosolar,NEO-22213,,,1,"Kit Gerador Energia Solar 0,55 kWp - Microinversor Deye c/ Wifi SUN2000 - Painel Sunova (Sem Estrutura)",,0,55,55.0,550,0,,0,1,56,Solar Kit Grid-Tie
,,,,kits,Neosolar,NEO-22054,,,1,"Kit Gerador Energia Solar 0,58 kWp - Microinversor Deye c/ Wifi SUN2000 - Painel OSDA (Madeira)",,0,58,58.0,580,0,,0,1,59,Solar Kit Grid-Tie
,,,,kits,Neosolar,NEO-22130,,,,"Kit Gerador Energia Solar 2,22kWp - Microinversor Deye c/ Wifi SUN2000 C/ Parafuso (Metal)",,555,4,22.0,2220,0,,0,0,4,Solar Kit Grid-Tie
,,,,kits,Neosolar,NEO-22458,,,1,"Kit Gerador Energia Solar 0,59 kWp - Microinversor Deye c/ Wifi SUN2000 - Painel Luxen (Para Laje)",,0,595,59.0,595,0,,0,1,596,Solar Kit Grid-Tie
,,,,kits,Neosolar,NEO-22501,,,1,"Kit Gerador Energia Solar 1,11 kWp - Microinversor Deye c/ Wifi SUN2000 - Painel ReneSola (Metálica)",,0,11,11.0,1110,0,,0,1,13,Solar Kit Grid-Tie
,,,,kits,Neosolar,NEO-22498,,,1,"Kit Gerador Energia Solar 1,11 kWp - Microinversor Deye c/ Wifi SUN2000 - Painel ReneSola (Cerâmica)",,0,11,11.0,1110,0,,0,1,13,Solar Kit Grid-Tie
,,,,kits,Neosolar,NEO-22118,,,,"Kit Gerador Energia Solar 1,11kWp - Microinversor Deye c/ Wifi SUN2000 C/ Parafuso (Metal)",,555,2,11.0,1110,0,,0,0,2,Solar Kit Grid-Tie
,,,,kits,Neosolar,NEO-22120,,,,"Kit Gerador Energia Solar 1,66kWp - Microinversor Deye c/ Wifi SUN2000 C/ Base p/ Laje",,555,3,66.0,1665,0,,0,0,3,Solar Kit Grid-Tie
,,,,kits,Neosolar,NEO-22126,,,,"Kit Gerador Energia Solar 2,22kWp - Microinversor Deye c/ Wifi SUN2000 C/ Base p/ Laje",,555,4,22.0,2220,0,,0,0,4,Solar Kit Grid-Tie
,,,,kits,Neosolar,NEO-22116,,,,"Kit Gerador Energia Solar 1,11kWp - Microinversor Deye c/ Wifi SUN2000 C/ Mini Trilho",,555,2,11.0,1110,0,,0,0,2,Solar Kit Grid-Tie
,,,,kits,Neosolar,NEO-22122,,,,"Kit Gerador Energia Solar 1,66kWp - Microinversor Deye c/ Wifi SUN2000 C/ Mini Trilho",,555,3,66.0,1665,0,,0,0,3,Solar Kit Grid-Tie
,,,,kits,Neosolar,NEO-22322,,,1,"Kit Gerador Energia Solar 1,65 kWp - Microinversor Deye c/ Wifi SUN2000 - Painel Sunova",,0,65,65.0,1650,0,,0,1,68,Solar Kit Grid-Tie
,,,,kits,Neosolar,NEO-22453,,,1,"Kit Gerador Energia Solar 1,78 kWp - Microinversor Deye c/ Wifi SUN2000 - Painel Luxen (Para Solo)",,0,78,78.0,1785,0,,0,1,81,Solar Kit Grid-Tie
,,,,kits,Neosolar,NEO-22295,,,1,"Kit Gerador Energia Solar 2,32 kWp - Microinversor Deye c/ Wifi SUN2000 - Painel Sunova (Laje)",,0,32,32.0,2320,0,,0,1,36,Solar Kit Grid-Tie
,,,,kits,Neosolar,NEO-22276,,,1,"Kit Gerador Energia Solar 0,58 kWp - Microinversor Deye c/ Wifi SUN2000 - Painel Sunova (Mini Trilho)",,0,58,58.0,580,0,,0,1,59,Solar Kit Grid-Tie
,,,,kits,Neosolar,NEO-22291,,,1,"Kit Gerador Energia Solar 1,74 kWp - Microinversor Deye c/ Wifi SUN2000 - Painel Sunova (Madeira)",,0,74,74.0,1740,0,,0,1,77,Solar Kit Grid-Tie
,,,,kits,Neosolar,NEO-22275,,,1,"Kit Gerador Energia Solar 0,58 kWp - Microinversor Deye c/ Wifi SUN2000 - Painel Sunova (Cerâmica)",,0,58,58.0,580,0,,0,1,59,Solar Kit Grid-Tie
,,,,kits,Neosolar,NEO-22278,,,1,"Kit Gerador Energia Solar 0,58 kWp - Microinversor Deye c/ Wifi SUN2000 - Painel Sunova (Metal)",,0,58,58.0,580,0,,0,1,59,Solar Kit Grid-Tie
,,,,kits,Neosolar,NEO-22189,,,1,"Kit Gerador Energia Solar 2,32 kWp - Microinversor Deye c/ Wifi SUN2000 - Painel Sunova (Mini Trilho)",,0,32,32.0,2320,0,,0,1,36,Solar Kit Grid-Tie
,,,,kits,Neosolar,NEO-22216,,,1,"Kit Gerador Energia Solar 1,10 kWp - Microinversor Deye c/ Wifi SUN2000 - Painel Sunova (Mini Trilho)",,0,10,10.0,1100,0,,0,1,12,Solar Kit Grid-Tie
,,,,kits,Neosolar,NEO-22233,,,1,"Kit Gerador Energia Solar 2,20 kWp - Microinversor Deye c/ Wifi SUN2000 - Painel Sunova (Solo)",,0,20,20.0,2200,0,,0,1,24,Solar Kit Grid-Tie
,,,,kits,Neosolar,NEO-22224,,,1,"Kit Gerador Energia Solar 1,65 kWp - Microinversor Deye c/ Wifi SUN2000 - Painel Sunova (Madeira)",,0,65,65.0,1650,0,,0,1,68,Solar Kit Grid-Tie
,,,,kits,Neosolar,NEO-22495,,,1,"Kit Gerador Energia Solar 0,55 kWp - Microinversor Deye c/ Wifi SUN2000 - Painel ReneSola (Para Solo)",,0,55,55.0,555,0,,0,1,56,Solar Kit Grid-Tie
,,,,kits,Neosolar,NEO-22411,,,1,"Kit Gerador Energia Solar 0,58 kWp - Microinversor Deye c/ Wifi SUN2000 - Painel OSDA (Sem Estrutura)",,0,58,58.0,580,0,,0,1,59,Solar Kit Grid-Tie
,,,,kits,Neosolar,NEO-22413,,,1,"Kit Gerador Energia Solar 1,16 kWp - Microinversor Deye c/ Wifi SUN2000 - Painel OSDA (Cerâmica)",,0,16,16.0,1160,0,,0,1,18,Solar Kit Grid-Tie
,,,,kits,Neosolar,NEO-22409,,,1,"Kit Gerador Energia Solar 0,58 kWp - Microinversor Deye c/ Wifi SUN2000 - Painel OSDA (Metálica)",,0,58,58.0,580,0,,0,1,59,Solar Kit Grid-Tie
,,,,kits,Neosolar,NEO-22441,,,1,"Kit Gerador Energia Solar 1,19 kWp - Microinversor Deye c/ Wifi SUN2000 - Painel Luxen (Cerâmica)",,0,19,19.0,1190,0,,0,1,21,Solar Kit Grid-Tie
,,,,kits,Neosolar,NEO-22212,,,1,"Kit Gerador Energia Solar 0,55 kWp - Microinversor Deye c/ Wifi SUN2000 - Painel Sunova (Solo)",,0,55,55.0,550,0,,0,1,56,Solar Kit Grid-Tie
,,,,kits,Neosolar,NEO-22335,,,1,"Kit Gerador Energia Solar 2,38 kWp - Microinversor Deye c/ Wifi SUN2000 - Painel Luxen - Estrutura Para Solo",,0,38,38.0,2380,0,,0,1,42,Solar Kit Grid-Tie
,,,,kits,Neosolar,NEO-22208,,,1,"Kit Gerador Energia Solar 0,55 kWp - Microinversor Deye c/ Wifi SUN2000 - Painel Sunova (Cerâmica)",,0,55,55.0,550,0,,0,1,56,Solar Kit Grid-Tie
,,,,kits,Neosolar,NEO-22339,,,1,"Kit Gerador Energia Solar 1,19 kWp - Microinversor Deye c/ Wifi SUN2000 - Painel Luxen - Estrutura Madeira",,0,19,19.0,1190,0,,0,1,21,Solar Kit Grid-Tie
,,,,kits,Neosolar,NEO-22337,,,1,"Kit Gerador Energia Solar 1,19 kWp - Microinversor Deye c/ Wifi SUN2000 - Painel Luxen - S/ estrutura",,0,19,19.0,1190,0,,0,1,21,Solar Kit Grid-Tie
,,,,kits,Neosolar,NEO-22333,,,1,"Kit Gerador Energia Solar 2,38 kWp - Microinversor Deye c/ Wifi SUN2000 - Painel Luxen - Estrutura Metálica",,0,38,38.0,2380,0,,0,1,42,Solar Kit Grid-Tie
,,,,kits,Neosolar,NEO-22123,,,,"Kit Gerador Energia Solar 1,66kWp - Microinversor Deye c/ Wifi SUN2000 C/ Parafuso (Madeira)",,555,3,66.0,1665,0,,0,0,3,Solar Kit Grid-Tie
,,,,kits,Neosolar,NEO-22127,,,,"Kit Gerador Energia Solar 2,22kWp - Microinversor Deye c/ Wifi SUN2000 C/ Gancho P/ Cerâmica",,555,4,22.0,2220,0,,0,0,4,Solar Kit Grid-Tie
,,,,kits,Neosolar,NEO-22412,,,1,"Kit Gerador Energia Solar 1,16 kWp - Microinversor Deye c/ Wifi SUN2000 - Painel OSDA (Para Laje)",,0,16,16.0,1160,0,,0,1,18,Solar Kit Grid-Tie
,,,,kits,Neosolar,NEO-22414,,,1,"Kit Gerador Energia Solar 1,16 kWp - Microinversor Deye c/ Wifi SUN2000 - Painel OSDA (Mini Trilho)",,0,16,16.0,1160,0,,0,1,18,Solar Kit Grid-Tie
,,,,kits,Neosolar,NEO-22117,,,,"Kit Gerador Energia Solar 1,11kWp - Microinversor Deye c/ Wifi SUN2000 C/ Parafuso (Madeira)",,555,2,11.0,1110,0,,0,0,2,Solar Kit Grid-Tie
,,,,kits,Neosolar,NEO-22108,,,,"Kit Gerador Energia Solar 0,55kWp - Microinversor Deye c/ Wifi SUN2000 C/ Base p/ Laje",,555,1,55.0,555,0,,0,0,1,Solar Kit Grid-Tie
,,,,kits,Neosolar,NEO-22114,,,,"Kit Gerador Energia Solar 1,11kWp - Microinversor Deye c/ Wifi SUN2000 C/ Base p/ Laje",,555,2,11.0,1110,0,,0,0,2,Solar Kit Grid-Tie
,,,,kits,Neosolar,NEO-22119,,,,"Kit Gerador Energia Solar 1,11kWp - Microinversor Deye c/ Wifi SUN2000 C/ Est. Solo",,555,2,11.0,1110,0,,0,0,2,Solar Kit Grid-Tie
,,,,kits,Neosolar,NEO-22104,,,,"Kit Gerador Energia Solar 1,66kWp - Microinversor Deye c/ Wifi SUN2000 S/ Estrutura",,555,3,66.0,1665,0,,0,0,3,Solar Kit Grid-Tie
,,,,kits,Neosolar,NEO-22103,,,,"Kit Gerador Energia Solar 1,11kWp - Microinversor Deye c/ Wifi SUN2000 S/ Estrutura",,555,2,11.0,1110,0,,0,0,2,Solar Kit Grid-Tie
,,,,kits,Neosolar,NEO-22410,,,1,"Kit Gerador Energia Solar 0,58 kWp - Microinversor Deye c/ Wifi SUN2000 - Painel OSDA (Para Solo)",,0,58,58.0,580,0,,0,1,59,Solar Kit Grid-Tie
,,,,kits,Neosolar,NEO-22406,,,1,"Kit Gerador Energia Solar 0,58 kWp - Microinversor Deye c/ Wifi SUN2000 - Painel OSDA (Cerâmica)",,0,58,58.0,580,0,,0,1,59,Solar Kit Grid-Tie
,,,,kits,Neosolar,NEO-22353,,,1,"Kit Gerador Energia Solar 0,59 kWp - Microinversor Deye c/ Wifi SUN2000 - Painel Luxen - Estrutura Madeira",,0,595,59.0,595,0,,0,1,596,Solar Kit Grid-Tie
,,,,kits,Neosolar,NEO-22338,,,1,"Kit Gerador Energia Solar 1,19 kWp - Microinversor Deye c/ Wifi SUN2000 - Painel Luxen - Estrutura Cerâmica",,0,19,19.0,1190,0,,0,1,21,Solar Kit Grid-Tie
,,,,kits,Neosolar,NEO-22355,,,1,"Kit Gerador Energia Solar 0,59 kWp - Microinversor Deye c/ Wifi SUN2000 - Painel Luxen - Estrutura Para Laje",,0,595,59.0,595,0,,0,1,596,Solar Kit Grid-Tie
,,,,kits,Neosolar,NEO-22354,,,1,"Kit Gerador Energia Solar 0,59 kWp - Microinversor Deye c/ Wifi SUN2000 - Painel Luxen - Estrutura Metálica",,0,595,59.0,595,0,,0,1,596,Solar Kit Grid-Tie
,,,,kits,Neosolar,NEO-22351,,,1,"Kit Gerador Energia Solar 0,59 kWp - Microinversor Deye c/ Wifi SUN2000 - Painel Luxen - S/ estrutura",,0,595,59.0,595,0,,0,1,596,Solar Kit Grid-Tie
,,,,kits,Neosolar,NEO-22110,,,,"Kit Gerador Energia Solar 0,55kWp - Microinversor Deye c/ Wifi SUN2000 C/ Mini Trilho",,555,1,55.0,555,0,,0,0,1,Solar Kit Grid-Tie
,,,,kits,Neosolar,NEO-22332,,,1,"Kit Gerador Energia Solar 2,38 kWp - Microinversor Deye c/ Wifi SUN2000 - Painel Luxen - Estrutura Madeira",,0,38,38.0,2380,0,,0,1,42,Solar Kit Grid-Tie
,,,,kits,Neosolar,NEO-22225,,,1,"Kit Gerador Energia Solar 1,65 kWp - Microinversor Deye c/ Wifi SUN2000 - Painel Sunova (Metal)",,0,65,65.0,1650,0,,0,1,68,Solar Kit Grid-Tie
,,,,kits,Neosolar,NEO-22229,,,1,"Kit Gerador Energia Solar 2,20 kWp - Microinversor Deye c/ Wifi SUN2000 - Painel Sunova (Cerâmica)",,0,20,20.0,2200,0,,0,1,24,Solar Kit Grid-Tie
,,,,kits,Neosolar,NEO-22289,,,1,"Kit Gerador Energia Solar 1,74 kWp - Microinversor Deye c/ Wifi SUN2000 - Painel Sunova (Cerâmica)",,0,74,74.0,1740,0,,0,1,77,Solar Kit Grid-Tie
,,,,kits,Neosolar,NEO-22227,,,1,"Kit Gerador Energia Solar 1,65 kWp - Microinversor Deye c/ Wifi SUN2000 - Painel Sunova (Sem Estrutura)",,0,65,65.0,1650,0,,0,1,68,Solar Kit Grid-Tie
,,,,kits,Neosolar,NEO-22330,,,1,"Kit Gerador Energia Solar 2,38 kWp - Microinversor Deye c/ Wifi SUN2000 - Painel Luxen - S/ estrutura",,0,38,38.0,2380,0,,0,1,42,Solar Kit Grid-Tie
,,,,kits,Neosolar,NEO-22499,,,1,"Kit Gerador Energia Solar 1,11 kWp - Microinversor Deye c/ Wifi SUN2000 - Painel ReneSola (Mini Trilho)",,0,11,11.0,1110,0,,0,1,13,Solar Kit Grid-Tie
,,,,kits,Neosolar,NEO-22111,,,,"Kit Gerador Energia Solar 0,55kWp - Microinversor Deye c/ Wifi SUN2000 C/ Parafuso (Madeira)",,555,1,55.0,555,0,,0,0,1,Solar Kit Grid-Tie
,,,,kits,Neosolar,NEO-22513,,,1,"Kit Gerador Energia Solar 2,22 kWp - Microinversor Deye c/ Wifi SUN2000 - Painel ReneSola (Mini Trilho)",,0,22,22.0,2220,0,,0,1,26,Solar Kit Grid-Tie
,,,,kits,Neosolar,NEO-22497,,,1,"Kit Gerador Energia Solar 1,11 kWp - Microinversor Deye c/ Wifi SUN2000 - Painel ReneSola (Para Laje)",,0,11,11.0,1110,0,,0,1,13,Solar Kit Grid-Tie
,,,,kits,Neosolar,NEO-22509,,,1,"Kit Gerador Energia Solar 1,66 kWp - Microinversor Deye c/ Wifi SUN2000 - Painel ReneSola (Para Solo)",,0,66,66.0,1665,0,,0,1,69,Solar Kit Grid-Tie
,,,,kits,Neosolar,NEO-22109,,,,"Kit Gerador Energia Solar 0,55kWp - Microinversor Deye c/ Wifi SUN2000 C/ Gancho P/ Cerâmica",,555,1,55.0,555,0,,0,0,1,Solar Kit Grid-Tie
,,,,kits,Neosolar,NEO-21767,,,1,"Kit Gerador Energia Solar 2,32 kWp - Microinversor Deye c/ Wifi SUN2000 - Painel OSDA (cerâmica)",,0,32,32.0,2320,0,,0,1,36,Solar Kit Grid-Tie
,,,,kits,Neosolar,NEO-21261,,,1,"Kit Gerador Energia Solar 0,58 kWp - Microinversor Deye c/ Wifi SUN2000 - Painel OSDA (Solo)",,0,58,58.0,580,0,,0,1,59,Solar Kit Grid-Tie
,,,,kits,Neosolar,NEO-21257,,,1,"Kit Gerador Energia Solar 0,58 kWp - Microinversor Deye c/ Wifi SUN2000 - Painel OSDA (Madeira)",,0,58,58.0,580,0,,0,1,59,Solar Kit Grid-Tie
,,,,kits,Neosolar,NEO-21256,,,1,"Kit Gerador Energia Solar 0,58 kWp - Microinversor Deye c/ Wifi SUN2000 - Painel OSDA (Cerâmica)",,0,58,58.0,580,0,,0,1,59,Solar Kit Grid-Tie
,,,,kits,Neosolar,NEO-21768,,,1,"Kit Gerador Energia Solar 1,16 kWp - Microinversor Deye c/ Wifi SUN2000 - Painel OSDA Com Estrutura",,0,16,16.0,1160,0,,0,1,18,Solar Kit Grid-Tie
,,,,kits,Neosolar,NEO-21251,,,1,"Kit Gerador Energia Solar 1,74 kWp - Microinversor Deye c/ Wifi SUN2000 - Painel OSDA Com Estrutura",,0,74,74.0,1740,0,,0,1,77,Solar Kit Grid-Tie
,,,,kits,Neosolar,NEO-21236,,,1,"Kit Gerador Energia Solar 2,32 kWp - Microinversor Deye c/ Wifi SUN2000 - Painel OSDA (Madeira)",,0,32,32.0,2320,0,,0,1,36,Solar Kit Grid-Tie
,,,,kits,Neosolar,NEO-21252,,,1,"Kit Gerador Energia Solar 1,74 kWp - Microinversor Deye c/ Wifi SUN2000 - Painel OSDA Com Estrtura",,0,74,74.0,1740,0,,0,1,77,Solar Kit Grid-Tie
,,,,kits,Neosolar,NEO-21776,,,1,"Kit Gerador Energia Solar 0,58 kWp - Microinversor Deye c/ Wifi SUN2000 - Painel OSDA (Madeira)",,0,58,58.0,580,0,,0,1,59,Solar Kit Grid-Tie
,,,,kits,Neosolar,NEO-21775,,,1,"Kit Gerador Energia Solar 0,58 kWp - Microinversor Deye c/ Wifi SUN2000 - Painel OSDA (Cerâmica)",,0,58,58.0,580,0,,0,1,59,Solar Kit Grid-Tie
,,,,kits,Neosolar,NEO-21950,,,,"Kit Energia Solar On Grid Híbrido - 2,90kWp 5000Wh Lítio 220V - Sem Estrutura",,0,1,90.0,0,0,,0,0,1,Solar Kit Hybrid
,,,,kits,Neosolar,NEO-21544,,,,"Kit Energia Solar On Grid Híbrido - 4,14kWp 5000Wh Lítio 220V - Sem Estrutura",,0,1,14.0,0,0,,0,0,1,Solar Kit Hybrid
,,2,48,kits,Neosolar,NEO-24896,,,1,"Kit Energia Solar On Grid Híbrido - 6,1kWp 4,8kWh Lítio 48V (24896)",,610,10,1.0,6100,0,,2,1,10,Solar Kit Hybrid
,,1,48,kits,Neosolar,NEO-24894,,,1,"Kit Energia Solar On Grid Híbrido - 6,1kWp 4,8kWh Lítio 48V (24894)",,610,10,1.0,6100,0,,1,1,10,Solar Kit Hybrid
,,3,48,kits,Neosolar,NEO-24897,,,1,"Kit Energia Solar On Grid Híbrido - 6,1kWp 4,8kWh Lítio 48V (24897)",,610,10,1.0,6100,0,,3,1,10,Solar Kit Hybrid
,,2,48,kits,Neosolar,NEO-24895,,,1,"Kit Energia Solar On Grid Híbrido - 6,1kWp 4,8kWh Lítio 48V (24895)",,610,10,1.0,6100,0,,2,1,10,Solar Kit Hybrid
,,1,48,kits,Neosolar,NEO-24893,,,1,"Kit Energia Solar On Grid Híbrido - 6,1kWp 4,8kWh Lítio 48V (24893)",,610,10,1.0,6100,0,,1,1,10,Solar Kit Hybrid
,,1,48,kits,Neosolar,NEO-24904,,,1,"Kit Energia Solar On Grid Híbrido - 9,76kWp 4,8kWh Lítio 48V (24904)",,610,16,76.0,9760,0,,1,1,16,Solar Kit Hybrid
,,1,48,kits,Neosolar,NEO-24891,,,1,"Kit Energia Solar On Grid Híbrido - 3,66kWp 4,8kWh Lítio 48V (24891)",,610,6,66.0,3660,0,,1,1,6,Solar Kit Hybrid
,,,,kits,Neosolar,NEO-25066,,,3,"Kit de Energia Solar On Grid - 8,54kWp (P/ Cerâmica)",,610,14,54.0,8540,0,,0,3,14,Solar Kit Grid-Tie
,,,,kits,Neosolar,NEO-25062,,,2,"Kit de Energia Solar On Grid - 3,66kWp (P/ Cerâmica)",,610,6,66.0,3660,0,,0,2,6,Solar Kit Grid-Tie
,,,,kits,Neosolar,NEO-25086,,,2,"Kit de Energia Solar On Grid - 3,66kWp (P/ Mini Trilhos)",,610,6,66.0,3660,0,,0,2,6,Solar Kit Grid-Tie
,,,,kits,Neosolar,NEO-25070,,,2,"Kit de Energia Solar On Grid - 3,66kWp (P/ Madeira)",,610,6,66.0,3660,0,,0,2,6,Solar Kit Grid-Tie
,,,,kits,Neosolar,NEO-25071,,,2,"Kit de Energia Solar On Grid - 4,88kWp (P/ Madeira)",,610,8,88.0,4880,0,,0,2,8,Solar Kit Grid-Tie
,,,,kits,Neosolar,NEO-25073,,,2,"Kit de Energia Solar On Grid - 7,32kWp (P/ Madeira)",,610,12,32.0,7320,0,,0,2,12,Solar Kit Grid-Tie
,,,,kits,Neosolar,NEO-24980,,,3,"Kit de Energia Solar On Grid - 9,15kWp (Sem Estrutura)",,610,15,15.0,9150,0,,0,3,15,Solar Kit Grid-Tie
,,,,kits,Neosolar,NEO-24979,,,3,"Kit de Energia Solar On Grid - 8,54kWp (Sem Estrutura)",,610,14,54.0,8540,0,,0,3,14,Solar Kit Grid-Tie
,,,,kits,Neosolar,NEO-25079,,,2,"Kit de Energia Solar On Grid - 4,88kWp (P/ Metal)",,610,8,88.0,4880,0,,0,2,8,Solar Kit Grid-Tie
,,,,kits,Neosolar,NEO-25085,,,3,"Kit de Energia Solar On Grid - 12,81kWp (P/ Metal)",,610,21,81.0,12810,0,,0,3,21,Solar Kit Grid-Tie
,,,,kits,Neosolar,NEO-25091,,,3,"Kit de Energia Solar On Grid - 9,15kWp (P/ Mini Trilho)",,610,15,15.0,9150,0,,0,3,15,Solar Kit Grid-Tie
,,,,kits,Neosolar,NEO-25084,,,3,"Kit de Energia Solar On Grid - 12,20kWp (P/ Metal)",,610,20,20.0,12200,0,,0,3,20,Solar Kit Grid-Tie
,,,,kits,Neosolar,NEO-25082,,,3,"Kit de Energia Solar On Grid - 8,54kWp (P/ Metal)",,610,14,54.0,8540,0,,0,3,14,Solar Kit Grid-Tie
,,,,kits,Neosolar,NEO-25088,,,2,"Kit de Energia Solar On Grid - 6,10kWp (P/ Mini Trilho)",,610,10,10.0,6100,0,,0,2,10,Solar Kit Grid-Tie
,,,,kits,Neosolar,NEO-25080,,,2,"Kit de Energia Solar On Grid - 6,10kWp (P/ Metal)",,610,10,10.0,6100,0,,0,2,10,Solar Kit Grid-Tie
,,,,kits,Neosolar,NEO-21042,,,1,"Kit Gerador Energia Solar 2,38 kWp - Microinversor Deye c/ Wifi SUN2000 - Painel Luxen (Madeira)",,0,38,38.0,2380,0,,0,1,42,Solar Kit Grid-Tie
,,,,kits,Neosolar,NEO-21069,,,1,"Kit Gerador Energia Solar 1,78 kWp - Microinversor Deye c/ Wifi SUN2000 - Painel Luxen (Madeira)",,0,78,78.0,1785,0,,0,1,81,Solar Kit Grid-Tie
,,,,kits,Neosolar,NEO-21058,,,1,"Kit Gerador Energia Solar 1,15 kWp - Microinversor Deye c/ Wifi SUN2000 - Painel OSDA (Metálica)",,0,15,15.0,1150,0,,0,1,17,Solar Kit Grid-Tie
,,,,kits,Neosolar,NEO-21041,,,1,"Kit Gerador Energia Solar 2,38 kWp - Microinversor Deye c/ Wifi SUN2000 - Painel Luxen (Cerâmica)",,0,38,38.0,2380,0,,0,1,42,Solar Kit Grid-Tie
,,,,kits,Neosolar,NEO-21059,,,1,"Kit Gerador Energia Solar 1,15 kWp - Microinversor Deye c/ Wifi SUN2000 - Painel OSDA (Laje)",,0,15,15.0,1150,0,,0,1,17,Solar Kit Grid-Tie
,,,,kits,Neosolar,NEO-21056,,,1,"Kit Gerador Energia Solar 1,15 kWp - Microinversor Deye c/ Wifi SUN2000 - Painel OSDA (Cerâmica)",,0,15,15.0,1150,0,,0,1,17,Solar Kit Grid-Tie
,,,,kits,Neosolar,NEO-21045,,,1,"Kit Gerador Energia Solar 2,30 kWp - Microinversor Deye c/ Wifi SUN2000 - Painel OSDA (Cerâmica)",,0,30,30.0,2300,0,,0,1,34,Solar Kit Grid-Tie
,,,,kits,Neosolar,NEO-21044,,,1,"Kit Gerador Energia Solar 2,30 kWp - Microinversor Deye c/ Wifi SUN2000 - Painel OSDA (Para Laje)",,0,30,30.0,2300,0,,0,1,34,Solar Kit Grid-Tie
,,,,kits,Neosolar,NEO-21054,,,1,"Kit Gerador Energia Solar 1,19 kWp - Microinversor Deye c/ Wifi SUN2000 - Painel Luxen Com Estrutura",,0,19,19.0,1190,0,,0,1,21,Solar Kit Grid-Tie
,,,,kits,Neosolar,NEO-22873,,,1,"Kit Gerador Energia Solar 2,32 kWp - Microinversor Deye c/ Wifi SUN2250 - Painel OSDA- Madeira",,0,32,32.0,2320,0,,0,1,36,Solar Kit Grid-Tie
,,,,kits,Neosolar,NEO-22874,,,1,"Kit Gerador Energia Solar 2,32 kWp - Microinversor Deye c/ Wifi SUN2250 - Painel OSDA- Metal",,0,32,32.0,2320,0,,0,1,36,Solar Kit Grid-Tie
,,,,kits,Neosolar,NEO-22870,,,1,"Kit Gerador Energia Solar 1,74 kWp - Microinversor Deye c/ Wifi SUN2250 - Painel OSDA- Metal",,0,74,74.0,1740,0,,0,1,77,Solar Kit Grid-Tie
,,,,kits,Neosolar,NEO-22979,,,1,"Kit Gerador Energia Solar 0,58 kWp - Microinversor Deye c/ Wifi SUN2250 - Painel OSDA- Madeira",,0,58,58.0,580,0,,0,1,59,Solar Kit Grid-Tie
,,,,kits,Neosolar,NEO-22872,,,1,"Kit Gerador Energia Solar 2,32 kWp - Microinversor Deye c/ Wifi SUN2250 - Painel OSDA- Mini Trilho",,0,32,32.0,2320,0,,0,1,36,Solar Kit Grid-Tie
,,,,kits,Neosolar,NEO-22985,,,1,"Kit Gerador Energia Solar 1,16 kWp - Microinversor Deye c/ Wifi SUN2250 - Painel OSDA- Mini Trilho",,0,16,16.0,1160,0,,0,1,18,Solar Kit Grid-Tie
,,,,kits,Neosolar,NEO-22868,,,1,"Kit Gerador Energia Solar 1,74 kWp - Microinversor Deye c/ Wifi SUN2250 - Painel OSDA- Mini Trilho",,0,74,74.0,1740,0,,0,1,77,Solar Kit Grid-Tie
,,,,kits,Neosolar,NEO-22889,,,1,"Kit Gerador Energia Solar 2,32 kWp - Microinversor Deye c/ Wifi SUN2000 - Painel OSDA",,0,32,32.0,2320,0,,0,1,36,Solar Kit Grid-Tie
,,6,48,kits,Neosolar,NEO-26806,,,1,"Kit Energia Solar On Grid Híbrido - 9,92kWp 4,8kWh Lítio 48V (26806)",,620,16,92.0,9920,0,,6,1,16,Solar Kit Hybrid
,,5,48,kits,Neosolar,NEO-26805,,,1,"Kit Energia Solar On Grid Híbrido - 9,92kWp 4,8kWh Lítio 48V (26805)",,620,16,92.0,9920,0,,5,1,16,Solar Kit Hybrid
,,2,48,kits,Neosolar,NEO-26802,,,1,"Kit Energia Solar On Grid Híbrido - 9,92kWp 4,8kWh Lítio 48V (26802)",,620,16,92.0,9920,32461.36,,2,1,16,Solar Kit Hybrid
,,1,48,kits,Neosolar,NEO-26801,,,1,"Kit Energia Solar On Grid Híbrido - 9,92kWp 4,8kWh Lítio 48V (26801)",,620,16,92.0,9920,28057.03,,1,1,16,Solar Kit Hybrid
,,1,48,kits,Neosolar,NEO-26645,,,1,"Kit Energia Solar On Grid Híbrido - 3,72kWp 4,8kWh Lítio 48V (26645)",,620,6,72.0,3720,15379.46,,1,1,6,Solar Kit Hybrid
,,,,kits,Neosolar,NEO-27044,,,3,"Kit de Energia Solar On Grid 13,02KWP-OS 10,0KW LI s/ Estrutura",,620,21,2.0,13020,15381.27,,0,3,21,Solar Kit Grid-Tie
,,,,kits,Neosolar,NEO-26933,,,1,Kit Gerador Energia Solar 1.86kWp - Microinversor Deye c/ Wifi SUN2250 - Painel DAH Solar c/ Solo,,0,1,1.86,1860,3256.61,,0,1,5,Solar Kit Grid-Tie
,,,,kits,Neosolar,NEO-26947,,,1,Kit Gerador Energia Solar 0.62kWp - Microinversor Deye c/ Wifi SUN2250 - Painel DAH Solar c/ Solo,,0,1,0.62,620,2489.31,,0,1,3,Solar Kit Grid-Tie
,,,,kits,Neosolar,NEO-27070,,,2,"Kit de Energia Solar On Grid 8,6KWP-OS 7,5KW LI Estrutura Metálica",,620,14,6.0,8680,12377.37,,0,2,14,Solar Kit Grid-Tie
,,,,kits,Neosolar,NEO-27046,,,3,"Kit de Energia Solar On Grid 13,02KWP-OS 10,0KW LI Estrutura p/ Cerâmica",,620,21,2.0,13020,17603.97,,0,3,21,Solar Kit Grid-Tie
,,,,kits,Neosolar,NEO-27053,,,2,"Kit de Energia Solar On Grid 12,4KWP-OS 10,0KW LI Estrutura c/ Cerâmica",,620,20,4.0,12400,16497.27,,0,2,20,Solar Kit Grid-Tie
,,,,kits,Neosolar,NEO-27055,,,2,"Kit de Energia Solar On Grid 12,4KWP-OS 10,0KW LI Estrutura p/ Madeira",,620,20,4.0,12400,16497.27,,0,2,20,Solar Kit Grid-Tie
,,,,kits,Neosolar,NEO-27056,,,2,"Kit de Energia Solar On Grid 12,4KWP-OS 10,0KW LI Estrutura Metálica",,620,20,4.0,12400,16497.27,,0,2,20,Solar Kit Grid-Tie
,,,,kits,Neosolar,NEO-27051,,,2,"Kit de Energia Solar On Grid 12,4KWP-OS 10,0KW LI s/ Estrutura",,620,20,4.0,12400,14646.57,,0,2,20,Solar Kit Grid-Tie
,,,,kits,Neosolar,NEO-27048,,,3,"Kit de Energia Solar On Grid 13,02KWP-OS 10,0KW LI Estrutura p/ Madeira",,620,21,2.0,13020,17603.97,,0,3,21,Solar Kit Grid-Tie
,,,,kits,Neosolar,NEO-27049,,,3,"Kit de Energia Solar On Grid 13,02KWP-OS 10,0KW LI Estrutura Metálica",,620,21,2.0,13020,17603.97,,0,3,21,Solar Kit Grid-Tie
,,,,kits,Neosolar,NEO-27063,,,3,"Kit de Energia Solar On Grid 9,3KWP-OS 7,5KW LI Estrutura Metálica",,620,15,3.0,9300,13158.57,,0,3,15,Solar Kit Grid-Tie
,,,,kits,Neosolar,NEO-27125,,,2,"Kit de Energia Solar On Grid 5,65KWP-OS 5KW LI Estrutura p/ Madeira",,565,10,65.0,5650,8657.37,,0,2,10,Solar Kit Grid-Tie
,,,,kits,Neosolar,NEO-27126,,,2,"Kit de Energia Solar On Grid 5,65KWP-OS 5KW LI Estrutura Metálica",,565,10,65.0,5650,8657.37,,0,2,10,Solar Kit Grid-Tie
,,,,kits,Neosolar,NEO-27118,,,1,"Kit de Energia Solar On Grid 4,52KWP-OS 5KW LI Estrutura p/ Mini Trilho",,565,8,52.0,4520,6853.17,,0,1,8,Solar Kit Grid-Tie
,,,,kits,Neosolar,NEO-27127,,,2,"Kit de Energia Solar On Grid 5,65KWP-OS 5KW LI Estrutura p/ Solo",,565,10,65.0,5650,8936.37,,0,2,10,Solar Kit Grid-Tie
,,,,kits,Neosolar,NEO-27123,,,2,"Kit de Energia Solar On Grid 5,65KWP-OS 5KW LI c/ Gancho p/ Cerâmica",,565,10,65.0,5650,8657.37,,0,2,10,Solar Kit Grid-Tie
,,,,kits,Neosolar,NEO-27117,,,1,"Kit de Energia Solar On Grid 4,52KWP-OS 5KW LI c/ Gancho p/ Cerâmica",,565,8,52.0,4520,6853.17,,0,1,8,Solar Kit Grid-Tie
,,,,kits,Neosolar,NEO-27110,,,1,"Kit de Energia Solar On Grid 3,39KWP-OS 5KW LI Estrutura p/ Laje",,565,6,39.0,3390,5504.67,,0,1,6,Solar Kit Grid-Tie
,,,,kits,Neosolar,NEO-27035,,,3,"Kit de Energia Solar On Grid 11,86KWP-OS 10,0KW LI c/ Estrutura c/ Mini Trilho",,565,21,86.0,11865,16906.47,,0,3,21,Solar Kit Grid-Tie
,,,,kits,Neosolar,NEO-27124,,,2,"Kit de Energia Solar On Grid 5,65KWP-OS 5KW LI Estrutura c/ Mini Trilho",,565,10,65.0,5650,8657.37,,0,2,10,Solar Kit Grid-Tie
,,,,kits,Neosolar,NEO-27119,,,1,"Kit de Energia Solar On Grid 4,52KWP-OS 5KW LI Estrutura p/ Madeira",,565,8,52.0,4520,6853.17,,0,1,8,Solar Kit Grid-Tie
,,,,kits,Neosolar,NEO-27111,,,1,"Kit de Energia Solar On Grid 3,39KWP-OS 5KW LI Estrutura c/ Mini Trilho",,565,6,39.0,3390,5225.67,,0,1,6,Solar Kit Grid-Tie
,,,,kits,Neosolar,NEO-27031,,,2,"Kit de Energia Solar On Grid 9,3KWP-OS 10,0KW LI Estrutura c/ Solo",,565,20,3.0,11300,13493.37,,0,2,20,Solar Kit Grid-Tie
,,,,kits,Neosolar,NEO-27010,,,2,"Kit de Energia Solar On Grid 6,7KWP-OS 6KW LI s/ Estrutura",,565,12,7.0,6780,9020.07,,0,2,12,Solar Kit Grid-Tie
,,1,48,kits,Neosolar,NEO-27295,,,,"Kit de Energia Solar Off Grid c/ Inv-car - 2,5kWp 100Ah 48/220V Lítio",,565,4,5.0,2260,12198.95,,1,0,4,Solar Kit Off-Grid
,,6,48,kits,Neosolar,NEO-26763,,,1,"Kit Energia Solar On Grid Híbrido - 9.04kWp 4,8kWh Lítio 48V (26763)",,565,16,9.04,9040,0,,6,1,16,Solar Kit Hybrid
,,5,48,kits,Neosolar,NEO-26762,,,1,"Kit Energia Solar On Grid Híbrido - 9.04kWp 4,8kWh Lítio 48V (26762)",,565,16,9.04,9040,0,,5,1,16,Solar Kit Hybrid
,,2,48,kits,Neosolar,NEO-26759,,,1,"Kit Energia Solar On Grid Híbrido - 9.04kWp 4,8kWh Lítio 48V (26759)",,565,16,9.04,9040,29423.89,,2,1,16,Solar Kit Hybrid
,,1,48,kits,Neosolar,NEO-26764,,,1,"Kit Energia Solar On Grid Híbrido - 3,95kWp 4,8kWh Lítio 48V (26764)",,565,7,95.0,3955,20930.41,,1,1,7,Solar Kit Hybrid
,,4,48,kits,Neosolar,NEO-26642,,,1,"Kit Energia Solar On Grid Híbrido - 13.56kWp 4,8kWh Lítio 48V (26642)",,565,24,13.56,13560,0,,4,1,24,Solar Kit Hybrid
,,1,48,kits,Neosolar,NEO-26776,,,1,"Kit Energia Solar On Grid Híbrido - 7.35kWp 4,8kWh Lítio 48V (26776)",,565,13,7.35,7345,0,,1,1,13,Solar Kit Hybrid
,,3,48,kits,Neosolar,NEO-26641,,,1,"Kit Energia Solar On Grid Híbrido - 13.56kWp 4,8kWh Lítio 48V (26641)",,565,24,13.56,13560,0,,3,1,24,Solar Kit Hybrid
,,1,48,kits,Neosolar,NEO-26777,,,1,"Kit Energia Solar On Grid Híbrido - 13.56kWp 4,8kWh Lítio 48V (26777)",,565,24,13.56,13560,34500.13,,1,1,24,Solar Kit Hybrid
,,1,48,kits,Neosolar,NEO-26639,,,1,"Kit Energia Solar On Grid Híbrido - 13.56kWp 4,8kWh Lítio 48V (26639)",,565,24,13.56,13560,0,,1,1,24,Solar Kit Hybrid
,,1,48,kits,Neosolar,NEO-26752,,,1,"Kit Energia Solar On Grid Híbrido - 3,95kWp 4,8kWh Lítio 48V (26752)",,565,7,95.0,3955,14171.64,,1,1,7,Solar Kit Hybrid
,,2,48,kits,Neosolar,NEO-26778,,,1,"Kit Energia Solar On Grid Híbrido - 13.56kWp 4,8kWh Lítio 48V (26778)",,565,24,13.56,13560,38904.47,,2,1,24,Solar Kit Hybrid
,,1,48,kits,Neosolar,NEO-26757,,,1,"Kit Energia Solar On Grid Híbrido - 5.08kWp 4,8kWh Lítio 48V (26757)",,565,9,5.08,5085,21215.08,,1,1,9,Solar Kit Hybrid
,,5,48,kits,Neosolar,NEO-26781,,,1,"Kit Energia Solar On Grid Híbrido - 13.56kWp 4,8kWh Lítio 48V (26781)",,565,24,13.56,13560,0,,5,1,24,Solar Kit Hybrid
,,5,48,kits,Neosolar,NEO-26824,,,1,"Kit Energia Solar On Grid Híbrido - 9.04kWp 4,8kWh Lítio 48V (26824)",,565,16,9.04,9040,0,,5,1,16,Solar Kit Hybrid
,,3,48,kits,Neosolar,NEO-26779,,,1,"Kit Energia Solar On Grid Híbrido - 13.56kWp 4,8kWh Lítio 48V (26779)",,565,24,13.56,13560,0,,3,1,24,Solar Kit Hybrid
,,4,48,kits,Neosolar,NEO-26780,,,1,"Kit Energia Solar On Grid Híbrido - 13.56kWp 4,8kWh Lítio 48V (26780)",,565,24,13.56,13560,0,,4,1,24,Solar Kit Hybrid
,,6,48,kits,Neosolar,NEO-26825,,,1,"Kit Energia Solar On Grid Híbrido - 9.04kWp 4,8kWh Lítio 48V (26825)",,565,16,9.04,9040,0,,6,1,16,Solar Kit Hybrid
,,1,48,kits,Neosolar,NEO-26819,,,1,"Kit Energia Solar On Grid Híbrido - 5.08kWp 4,8kWh Lítio 48V (26819)",,565,9,5.08,5085,21930.71,,1,1,9,Solar Kit Hybrid
,,2,48,kits,Neosolar,NEO-26821,,,1,"Kit Energia Solar On Grid Híbrido - 9.04kWp 4,8kWh Lítio 48V (26821)",,565,16,9.04,9040,0,,2,1,16,Solar Kit Hybrid
,,1,48,kits,Neosolar,NEO-26814,,,1,"Kit Energia Solar On Grid Híbrido - 3,95kWp 4,8kWh Lítio 48V (26814)",,565,7,95.0,3955,14887.27,,1,1,7,Solar Kit Hybrid
,,3,48,kits,Neosolar,NEO-26822,,,1,"Kit Energia Solar On Grid Híbrido - 9.04kWp 4,8kWh Lítio 48V (26822)",,565,16,9.04,9040,0,,3,1,16,Solar Kit Hybrid
,,1,48,kits,Neosolar,NEO-26826,,,1,"Kit Energia Solar On Grid Híbrido - 3,95kWp 4,8kWh Lítio 48V (26626)",,565,7,95.0,3955,21646.05,,1,1,7,Solar Kit Hybrid
,,6,48,kits,Neosolar,NEO-26782,,,1,"Kit Energia Solar On Grid Híbrido - 13.56kWp 4,8kWh Lítio 48V (26782)",,565,24,13.56,13560,0,,6,1,24,Solar Kit Hybrid
,,4,48,kits,Neosolar,NEO-26761,,,1,"Kit Energia Solar On Grid Híbrido - 9.04kWp 4,8kWh Lítio 48V (26761)",,565,16,9.04,9040,0,,4,1,16,Solar Kit Hybrid
,,3,48,kits,Neosolar,NEO-26760,,,1,"Kit Energia Solar On Grid Híbrido - 9.04kWp 4,8kWh Lítio 48V (26760)",,565,16,9.04,9040,33828.23,,3,1,16,Solar Kit Hybrid
,,5,48,kits,Neosolar,NEO-26643,,,1,"Kit Energia Solar On Grid Híbrido - 13.56kWp 4,8kWh Lítio 48V (26643)",,565,24,13.56,13560,0,,5,1,24,Solar Kit Hybrid
,,1,48,kits,Neosolar,NEO-26758,,,1,"Kit Energia Solar On Grid Híbrido - 9.04kWp 4,8kWh",,565,16,9.04,9040,25019.56,,1,1,16,Solar Kit Hybrid
,,1,48,kits,Neosolar,NEO-26820,,,1,"Kit Energia Solar On Grid Híbrido - 9.04kWp 4,8kWh Lítio 48V (26820)",,565,16,9.04,9040,0,,1,1,16,Solar Kit Hybrid
,,4,48,kits,Neosolar,NEO-26818,,,1,"Kit Energia Solar On Grid Híbrido - 5.65kWp 4,8kWh Lítio 48V (26818)",,565,10,5.65,5650,0,,4,1,10,Solar Kit Hybrid
,,1,48,kits,Neosolar,NEO-26838,,,1,"Kit Energia Solar On Grid Híbrido - 7.35kWp 4,8kWh Lítio 48V (26838)",,565,13,7.35,7345,29728.75,,1,1,13,Solar Kit Hybrid
,,4,48,kits,Neosolar,NEO-26830,,,1,"Kit Energia Solar On Grid Híbrido - 5.65kWp 4,8kWh Lítio 48V (26830)",,565,10,5.65,5650,0,,4,1,10,Solar Kit Hybrid
,,4,48,kits,Neosolar,NEO-26823,,,1,"Kit Energia Solar On Grid Híbrido - 9.04kWp 4,8kWh Lítio 48V (26823)",,565,16,9.04,9040,0,,4,1,16,Solar Kit Hybrid
,,1,48,kits,Neosolar,NEO-26614,,,1,"Kit Energia Solar On Grid Híbrido - 3,95kWp 4,8kWh Lítio 48V (26614)",,565,7,95.0,3955,15470.94,,1,1,7,Solar Kit Hybrid
,,4,48,kits,Neosolar,NEO-26618,,,1,"Kit Energia Solar On Grid Híbrido - 5.65kWp 4,8kWh Lítio 48V (26618)",,565,10,5.65,5650,0,,4,1,10,Solar Kit Hybrid
,,6,48,kits,Neosolar,NEO-26625,,,1,"Kit Energia Solar On Grid Híbrido - 9.04kWp 4,8kWh Lítio 48V (26625)",,565,16,9.04,9040,0,,6,1,16,Solar Kit Hybrid
,,1,48,kits,Neosolar,NEO-26626,,,1,"Kit Energia Solar On Grid Híbrido - 3,95kWp 4,8kWh Lítio 48V (26626)",,565,7,95.0,3955,22605.2,,1,1,7,Solar Kit Hybrid
,,2,48,kits,Neosolar,NEO-26640,,,1,"Kit Energia Solar On Grid Híbrido - 13.56kWp 4,8kWh Lítio 48V (26640)",,565,24,13.56,13560,0,,2,1,24,Solar Kit Hybrid
,,4,12,kits,Neosolar,NEO-26676,,,,"Kit de Energia Solar Off Grid c/ Inv-car - 2,26kWp 220Ah 24/220V Chumbo-Carbono",,565,4,26.0,2260,0,,4,0,4,Solar Kit Off-Grid
,,6,48,kits,Neosolar,NEO-26644,,,1,"Kit Energia Solar On Grid Híbrido - 13.56kWp 4,8kWh Lítio 48V (26644)",,565,24,13.56,13560,0,,6,1,24,Solar Kit Hybrid
,,1,48,kits,Neosolar,NEO-26638,,,1,"Kit Energia Solar On Grid Híbrido - 7.35kWp 4,8kWh Lítio 48V (26638)",,565,13,7.35,7345,31136.94,,1,1,13,Solar Kit Hybrid
,,,,kits,Neosolar,NEO-27024,,,2,"Kit de Energia Solar On Grid 8,4KWP-OS 7,5KW LI Estrutura c/ Solo",,565,15,4.0,8475,12395.97,,0,2,15,Solar Kit Grid-Tie
,,,,kits,Neosolar,NEO-27030,,,2,"Kit de Energia Solar On Grid 9,3KWP-OS 10,0KW LI Estrutura Metálica",,565,20,3.0,11300,13121.37,,0,2,20,Solar Kit Grid-Tie
,,,,kits,Neosolar,NEO-27112,,,1,"Kit de Energia Solar On Grid 3,39KWP-OS 5KW LI Estrutura p/ Madeira",,565,6,39.0,3390,5225.67,,0,1,6,Solar Kit Grid-Tie
,,,,kits,Neosolar,NEO-27009,,,2,"Kit de Energia Solar On Grid 6,7KWP-OS 6KW LI Estrutura c/ Solo",,565,12,7.0,6780,9857.07,,0,2,12,Solar Kit Grid-Tie
,,,,kits,Neosolar,NEO-27033,,,3,"Kit de Energia Solar On Grid 11,86KWP-OS 10,0KW LI c/ Estrutura p/ Laje",,565,21,86.0,11865,17743.47,,0,3,21,Solar Kit Grid-Tie
,,,,kits,Neosolar,NEO-27019,,,2,"Kit de Energia Solar On Grid 8,4KWP-OS 7,5KW LI Estrutura p/ Laje",,565,15,4.0,8475,12581.97,,0,2,15,Solar Kit Grid-Tie
,,,,kits,Neosolar,NEO-27026,,,2,"Kit de Energia Solar On Grid 9,3KWP-OS 10,0KW LI Estrutura p/ Laje",,565,20,3.0,11300,13679.37,,0,2,20,Solar Kit Grid-Tie
,,,,kits,Neosolar,NEO-27021,,,2,"Kit de Energia Solar On Grid 8,4KWP-OS 7,5KW LI Estrutura c/ Mini Trilho",,565,15,4.0,8475,12023.97,,0,2,15,Solar Kit Grid-Tie
,,,,kits,Neosolar,NEO-27038,,,3,"Kit de Energia Solar On Grid 11,86KWP-OS 10,0KW LI c/ Estrutura p/ Solo",,565,21,86.0,11865,17464.47,,0,3,21,Solar Kit Grid-Tie
,,,,kits,Neosolar,NEO-27028,,,2,"Kit de Energia Solar On Grid 9,3KWP-OS 10,0KW LI Estrutura c/ Mini Trilho",,565,20,3.0,11300,13121.37,,0,2,20,Solar Kit Grid-Tie
,,,,kits,Neosolar,NEO-27088,,,1,"Kit de Energia Solar On Grid 3,39KWP-OS 5KW LI s/ Estrutura",,565,6,39.0,3390,4862.97,,0,1,6,Solar Kit Grid-Tie
,,,,kits,Neosolar,NEO-27032,,,3,"Kit de Energia Solar On Grid 11,86KWP-OS 10,0KW LI s/ Estrutura",,565,21,86.0,11865,15790.47,,0,3,21,Solar Kit Grid-Tie
,,6,48,kits,Neosolar,NEO-26837,,,1,"Kit Energia Solar On Grid Híbrido - 9.04kWp 4,8kWh Lítio 48V (26837)",,565,16,9.04,9040,0,,6,1,16,Solar Kit Hybrid
,,3,48,kits,Neosolar,NEO-26829,,,1,"Kit Energia Solar On Grid Híbrido - 5.65kWp 4,8kWh Lítio 48V (26829)",,565,10,5.65,5650,0,,3,1,10,Solar Kit Hybrid
,,4,48,kits,Neosolar,NEO-26842,,,1,"Kit Energia Solar On Grid Híbrido - 13.56kWp 4,8kWh Lítio 48V (26842)",,565,24,13.56,13560,0,,4,1,24,Solar Kit Hybrid
,,5,48,kits,Neosolar,NEO-26836,,,1,"Kit Energia Solar On Grid Híbrido - 9.04kWp 4,8kWh Lítio 48V (26836)",,565,16,9.04,9040,0,,5,1,16,Solar Kit Hybrid
,,,,kits,Neosolar,NEO-27005,,,2,"Kit de Energia Solar On Grid 6,7KWP-OS 6KW LI Estrutura p/ Cerâmica",,565,12,7.0,6780,9578.07,,0,2,12,Solar Kit Grid-Tie
,,,,kits,Neosolar,NEO-27006,,,2,"Kit de Energia Solar On Grid 6,7KWP-OS 6KW LI Estrutura c/ Mini Trilho",,565,12,7.0,6780,9578.07,,0,2,12,Solar Kit Grid-Tie
,,2,48,kits,Neosolar,NEO-26840,,,1,"Kit Energia Solar On Grid Híbrido - 13.56kWp 4,8kWh Lítio 48V (26639)",,565,24,13.56,13560,0,,2,1,24,Solar Kit Hybrid
,,1,48,kits,Neosolar,NEO-26827,,,1,"Kit Energia Solar On Grid Híbrido - 5.65kWp 4,8kWh Lítio 48V (26827)",,565,10,5.65,5650,0,,1,1,10,Solar Kit Hybrid
,,5,48,kits,Neosolar,NEO-26843,,,1,"Kit Energia Solar On Grid Híbrido - 13.56kWp 4,8kWh Lítio 48V (26843)",,565,24,13.56,13560,0,,5,1,24,Solar Kit Hybrid
,,3,48,kits,Neosolar,NEO-26834,,,1,"Kit Energia Solar On Grid Híbrido - 9.04kWp 4,8kWh Lítio 48V (26834)",,565,16,9.04,9040,0,,3,1,16,Solar Kit Hybrid
,,1,48,kits,Neosolar,NEO-26839,,,1,"Kit Energia Solar On Grid Híbrido - 13.56kWp 4,8kWh Lítio 48V (26839)",,565,24,13.56,13560,0,,1,1,24,Solar Kit Hybrid
,,4,48,kits,Neosolar,NEO-26835,,,1,"Kit Energia Solar On Grid Híbrido - 9.04kWp 4,8kWh Lítio 48V (26835)",,565,16,9.04,9040,0,,4,1,16,Solar Kit Hybrid
,,1,48,kits,Neosolar,NEO-26831,,,1,"Kit Energia Solar On Grid Híbrido - 5.08kWp 4,8kWh Lítio 48V (26831)",,565,9,5.08,5085,24077.62,,1,1,9,Solar Kit Hybrid
,,1,48,kits,Neosolar,NEO-26832,,,1,"Kit Energia Solar On Grid Híbrido - 9.04kWp 4,8kWh Lítio 48V (26832)",,565,16,9.04,9040,0,,1,1,16,Solar Kit Hybrid
,,2,48,kits,Neosolar,NEO-26833,,,1,"Kit Energia Solar On Grid Híbrido - 9.04kWp 4,8kWh Lítio 48V (26833)",,565,16,9.04,9040,0,,2,1,16,Solar Kit Hybrid
,,2,48,kits,Neosolar,NEO-26828,,,1,"Kit Energia Solar On Grid Híbrido - 5.65kWp 4,8kWh Lítio 48V (26828)",,565,10,5.65,5650,0,,2,1,10,Solar Kit Hybrid
,,3,48,kits,Neosolar,NEO-26841,,,1,"Kit Energia Solar On Grid Híbrido - 13.56kWp 4,8kWh Lítio 48V (26841)",,565,24,13.56,13560,0,,3,1,24,Solar Kit Hybrid
,,6,48,kits,Neosolar,NEO-26844,,,1,"Kit Energia Solar On Grid Híbrido - 13.56kWp 4,8kWh Lítio 48V (26844)",,565,24,13.56,13560,0,,6,1,24,Solar Kit Hybrid
,,,,kits,Neosolar,NEO-27116,,,1,"Kit de Energia Solar On Grid 4,52KWP-OS 5KW LI Estrutura p/ Laje",,565,8,52.0,4520,7132.17,,0,1,8,Solar Kit Grid-Tie
,,,,kits,Neosolar,NEO-27122,,,2,"Kit de Energia Solar On Grid 5,65KWP-OS 5KW LI Estrutura p/ Laje",,565,10,65.0,5650,9075.87,,0,2,10,Solar Kit Grid-Tie
,,,,kits,Neosolar,NEO-27115,,,1,"Kit de Energia Solar On Grid 3,39KWP-OS 5KW LI Estrutura p/ Solo",,565,6,39.0,3390,5411.67,,0,1,6,Solar Kit Grid-Tie
,,,,kits,Neosolar,NEO-27014,,,2,"Kit de Energia Solar On Grid 7,9KWP-OS 7,5KW LI Estrutura Estrutura c/ Mini Trilho",,565,14,9.0,7910,11270.67,,0,2,14,Solar Kit Grid-Tie
,,,,kits,Neosolar,NEO-27017,,,2,"Kit de Energia Solar On Grid 7,9KWP-OS 7,5KW LI Estrutura c/ Solo",,565,14,9.0,7910,11642.67,,0,2,14,Solar Kit Grid-Tie
,,,,kits,Neosolar,NEO-27090,,,2,"Kit de Energia Solar On Grid 5,65KWP-OS 5KW LI s/ Estrutura",,565,10,65.0,5650,8099.37,,0,2,10,Solar Kit Grid-Tie
,,,,kits,Neosolar,NEO-27089,,,1,"Kit de Energia Solar On Grid 4,52KWP-OS 5KW LI s/ Estrutura",,565,8,52.0,4520,6481.17,,0,1,8,Solar Kit Grid-Tie
,,,,kits,Neosolar,NEO-27120,,,1,"Kit de Energia Solar On Grid 4,52KWP-OS 5KW LI Estrutura Metálica",,565,8,52.0,4520,6853.17,,0,1,8,Solar Kit Grid-Tie
,,,,kits,Neosolar,NEO-27121,,,1,"Kit de Energia Solar On Grid 4,52KWP-OS 5KW LI Estrutura p/ Solo",,565,8,52.0,4520,7039.17,,0,1,8,Solar Kit Grid-Tie
,,,,kits,Neosolar,NEO-27114,,,1,"Kit de Energia Solar On Grid 3,39KWP-OS 5KW LI c/ Gancho p/ Cerâmica",,565,6,39.0,3390,5225.67,,0,1,6,Solar Kit Grid-Tie
,,,,kits,Neosolar,NEO-27113,,,1,"Kit de Energia Solar On Grid 3,39KWP-OS 5KW LI Estrutura Metálica",,565,6,39.0,3390,5225.67,,0,1,6,Solar Kit Grid-Tie
,,,,kits,Neosolar,NEO-27007,,,2,"Kit de Energia Solar On Grid 6,7KWP-OS 6KW LI Estrutura p/ Madeira",,565,12,7.0,6780,9578.07,,0,2,12,Solar Kit Grid-Tie
,,,,kits,Neosolar,NEO-27008,,,2,"Kit de Energia Solar On Grid 6,7KWP-OS 6KW LI Estrutura Metálica",,565,12,7.0,6780,9578.07,,0,2,12,Solar Kit Grid-Tie
,,,,kits,Neosolar,NEO-27012,,,2,"Kit de Energia Solar On Grid 7,9KWP-OS 7,5KW LI Estrutura p/ Laje",,565,14,9.0,7910,11828.67,,0,2,14,Solar Kit Grid-Tie
,,,,kits,Neosolar,NEO-27004,,,2,"Kit de Energia Solar On Grid 6,7KWP-OS 6KW LI Estrutura p/ Laje",,565,12,7.0,6780,9996.57,,0,2,12,Solar Kit Grid-Tie
,,1,48,kits,Neosolar,NEO-27405,,,,"Kit Energia Solar On Grid Híbrido - 3,96kWp 100Ah/48V",,,,96.0,0,0,,1,0,0,Solar Kit Hybrid
,,3,48,kits,Neosolar,NEO-26653,,,1,"Kit Energia Solar On Grid Híbrido - 9,92kWp 4,8kWh Lítio 48V (26653)",,620,16,92.0,9920,0,,3,1,16,Solar Kit Hybrid
,,1,48,kits,Neosolar,NEO-27404,,,,"Kit Energia Solar On Grid Híbrido - 14,88kWp 600Ah/48V",,,,88.0,0,0,,1,0,0,Solar Kit Hybrid
,,,,kits,Neosolar,NEO-26938,,,1,Kit Gerador Energia Solar 2.48kWp - Microinversor Deye c/ Wifi SUN2250 - Painel DAH Solar c/ Parafuso Madeira,,0,1,2.48,2480,3246.12,,0,1,6,Solar Kit Grid-Tie
,,,,kits,Neosolar,NEO-23757,,,,Kit Bomba Solar ZTROON - 3ZTPC3.8-180-96-1500W - até 180m ou 22.800 L/dia (23757),,720,1,3.44,3440,5355.96,,0,0,9,Solar Kit Grid-Tie
,,,,kits,Neosolar,NEO-23760,,,,Kit Bomba Solar Helicoidal ZTROON 3ZTS1.2-77-24-210W - até 77m ou 7.200 L/dia (23760),,340,1,0.68,680,1788.72,,0,0,2,Solar Kit Grid-Tie
,,,,kits,Neosolar,NEO-23759,,,,Kit Bomba Solar Centrífuga ZTROON - 3ZTPC5.2-75-96-750W - até 75m ou 31.200 L/dia (23759),,1360,1,2.72,2720,3595.05,,0,0,5,Solar Kit Grid-Tie
,,,,kits,Neosolar,NEO-24021,,,,Kit Bomba Solar Helicoidal ZTROON - 3ZTS2.0-150-48-750W - até 150m ou 12.000L/dia,,1360,1,2.72,2720,3441.16,,0,0,5,Solar Kit Grid-Tie
,,,,kits,Neosolar,NEO-23761,,,,Kit Bomba Solar Híbrida ZTROON - 4ZTLR11.5-100-200-1500-A/D - até 100m ou 69.000 L/dia (23761),,720,1,3.44,3440,5883.87,,0,0,9,Solar Kit Grid-Tie
,,,,kits,Neosolar,NEO-24607,,,,Kit Bomba Solar Helicoidal ZTROON - 3ZTS1.7-109-48-500W - até 900Wp,,900,1,0.9,1800,2339.85,,0,0,5,Solar Kit Grid-Tie
,,,,kits,Neosolar,NEO-24594,,,,Kit Bomba Solar Centrífuga ZTROON - 3ZTPC5-45-48-500W - até 900Wp,,900,1,0.9,1800,2424.5,,0,0,5,Solar Kit Grid-Tie
,,,,kits,Neosolar,NEO-24072,,,,Kit Bomba Solar Híbrida ZTROON - 4ZTSC4.8-203-200-1500-A/D - até 203m ou 27.000 L/dia,,720,1,3.44,3440,6132.31,,0,0,9,Solar Kit Grid-Tie
,,,,kits,Neosolar,NEO-27329,,,,Kit Bomba Solar Anauger R100 STD - até 40m ou 4.600 L/dia,,340,1,0.68,680,1961.77,,0,0,2,Solar Kit Grid-Tie
,,,,kits,Neosolar,NEO-23758,,,,Kit Bomba Solar Centrífuga ZTROON - 3ZTPC6-125-96-1500W - até 125m ou 36.000 L/dia (23758),,720,1,3.44,3440,5433.9,,0,0,9,Solar Kit Grid-Tie
,,,,kits,Neosolar,NEO-24802,,,,Kit Bomba Solar Híbrida ZTROON - 4ZTSC6-255-200-2200-A/D - até 255m ou 30.000L/dia,,340,1,4.68,4680,7813.09,,0,0,8,Solar Kit Grid-Tie
,,,,kits,Neosolar,NEO-25220,,,,Kit Bomba Solar Anauger P100 MAXX - até 40m ou 8.600 L/dia,,200,1,0.4,400,1524.63,,0,0,3,Solar Kit Grid-Tie
,,,,kits,Neosolar,NEO-26904,,,,Kit Bomba Solar Híbrida ZTROON - 4ZTSC6-255-200-2200-A/D - até 255m ou 30.000L/dia,,270,1,4.54,4540,9147.17,,0,0,8,Solar Kit Grid-Tie
,,,,kits,Neosolar,NEO-24609,,,,Kit Bomba Solar Superfície ZTROON - ZTHF6-24-48-550W - até 900Wp,,900,1,0.9,1800,2134.95,,0,0,5,Solar Kit Grid-Tie
,,,,kits,Neosolar,NEO-27327,,,,Kit Bomba Solar Anauger P100 STD - até 40m ou 4.600 L/dia,,340,1,0.68,680,1915.38,,0,0,2,Solar Kit Grid-Tie
,,,,kits,Neosolar,NEO-24801,,,,Kit Bomba Solar Híbrida ZTROON - 4ZTPC14-125-200-2200-A/D - até 125m ou 70.000L/dia,,340,1,4.68,4680,6769.61,,0,0,8,Solar Kit Grid-Tie
,,,,kits,Neosolar,NEO-26903,,,,Kit Bomba Solar Híbrida ZTROON - 4ZTPC14-125-200-2200-A/D - até 125m ou 70.000L/dia,,340,1,4.68,4680,7947.35,,0,0,8,Solar Kit Grid-Tie
,,,,kits,Neosolar,NEO-25023,,,,Kit Solar p/ Bomba (CA) até 3CV 220V - Apollo GS500 2.2G-2SB - 4.88kWp,,,,4.88,0,6809.6,,0,0,0,Solar Kit Grid-Tie
,,,,kits,Neosolar,NEO-24716,,,,Kit Solar p/ Bomba (CA) até 3CV 220V - Apollo GS500 2.2G-2SB - 4.96kWp,,,,4.96,0,6592.2,,0,0,0,Solar Kit Grid-Tie
,,,,kits,Neosolar,NEO-27328,,,,Kit Bomba Solar Anauger P100 MAXX - até 40m ou 8.600 L/dia,,435,1,0.87,870,1933.05,,0,0,2,Solar Kit Grid-Tie
,,,,kits,Neosolar,NEO-27330,,,,Kit Bomba Solar Anauger R100 MAXX - até 40m ou 8.600 L/dia,,435,1,0.87,870,1979.44,,0,0,2,Solar Kit Grid-Tie
,,,,kits,Neosolar,NEO-25128,,,,Kit Bomba Solar 12V Shurflo 8000 STD - até 42m ou 2.940 L/dia,,100,1,0.2,200,1063.05,,0,0,2,Solar Kit Grid-Tie
,,,,kits,Neosolar,NEO-24718,,,,Kit Solar p/ Bomba (CA) até 7.5CV 380V - Apollo GS500 7.5G - 16.12kWp,,,,16.12,0,17270.27,,0,0,0,Solar Kit Grid-Tie
,,,,kits,Neosolar,NEO-26901,,,,Kit Solar p/ Bomba (CA) até 7.5CV 380V - Apollo GS500 7.5G - 16.12kWp,,,,16.12,0,20162.42,,0,0,0,Solar Kit Grid-Tie
,,,,kits,Neosolar,NEO-24795,,,,Kit Bomba Solar 12V Shurflo 8000 MAXX - até 42m ou 2.940 L/dia,,160,1,0.32,320,1131.06,,0,0,2,Solar Kit Grid-Tie
,,,,kits,Neosolar,NEO-24019,,,,Kit Bomba Solar Superfície ZTROON - ZTHF50-17-96-1500W - até 17m ou 270m³/dia,,720,1,3.44,3440,5200.08,,0,0,9,Solar Kit Grid-Tie
,,,,kits,Neosolar,NEO-24249,,,,Kit Bomba Solar Anauger R100 STD - até 40m ou 4.600 L/dia,,120,1,0.24,240,1772.13,,0,0,3,Solar Kit Grid-Tie
,,,,kits,Neosolar,NEO-26900,,,,Kit Solar p/ Bomba (CA) até 3CV 220V - Apollo GS500 2.2G-2SB - 4.96kWp,,,,4.96,0,7862.3,,0,0,0,Solar Kit Grid-Tie
,,,,kits,Neosolar,NEO-24606,,,,Kit Bomba Solar Helicoidal ZTROON - 3ZTS1.7-109-48-500W - até 109 m ou 10.200 L/dia,,870,1,1.74,1740,2112.49,,0,0,3,Solar Kit Grid-Tie
,,,,kits,Neosolar,NEO-24608,,,,Kit Bomba Solar Superfície ZTROON - ZTHF6-24-48-550W - até 24m ou 36m³/dia,,870,1,1.74,1740,1907.59,,0,0,3,Solar Kit Grid-Tie
,,,,kits,Neosolar,NEO-26902,,,,Kit Solar p/ Bomba (CA) até 10CV 380V - Apollo GS500 11G - 24.18kWp,,,,24.18,0,30421.49,,0,0,0,Solar Kit Grid-Tie
,,,,kits,Neosolar,NEO-24717,,,,Kit Solar p/ Bomba (CA) até 10CV 380V - Apollo GS500 11G - 24.18kWp,,,,24.18,0,25936.95,,0,0,0,Solar Kit Grid-Tie
,,,,kits,Neosolar,NEO-25025,,,,Kit Solar p/ Bomba (CA) até 10CV 380V - Apollo GS500 11G - 23.39kWp,,,,23.39,0,26433.36,,0,0,0,Solar Kit Grid-Tie
,,,,kits,Neosolar,NEO-25024,,,,Kit Solar p/ Bomba (CA) até 7.5CV 380V - Apollo GS500 7.5G - 15.86kWp,,,,15.86,0,17535.88,,0,0,0,Solar Kit Grid-Tie
,,,,kits,Neosolar,NEO-25012,,,,Kit Bomba Solar Híbrida ZTROON - 4ZTPC14-125-200-2200-A/D - até 125m ou 70.000L/dia,,270,1,4.54,4540,6116.15,,0,0,8,Solar Kit Grid-Tie
,,,,kits,Neosolar,NEO-26360,,,,Kit Solar p/ Bomba (CA) até 7.5CV 380V - Apollo GS500 7.5G - 18.27kWp,,,,18.27,0,20152.26,,0,0,0,Solar Kit Grid-Tie
,,,,kits,Neosolar,NEO-21757,,,,Kit Bomba Solar Anauger R100 STD - até 40m ou 4.600 L/dia,,120,1,0.24,240,0,,0,0,3,Solar Kit Grid-Tie
,,,,kits,Neosolar,NEO-24715,,,,Kit Solar p/ Bomba (CA) até 10CV 380V - Apollo GS500 11G - 23.49kWp,,,,23.49,0,28864.19,,0,0,0,Solar Kit Grid-Tie
,,,,kits,Neosolar,NEO-24714,,,,Kit Solar p/ Bomba (CA) até 7.5CV 380V - Apollo GS500 7.5G - 18.27kWp,,,,18.27,0,22301.46,,0,0,0,Solar Kit Grid-Tie
,,,,kits,Neosolar,NEO-24713,,,,"Kit Solar p/ Bomba (CA) até 3CV 240V - Apollo GS500 2.2G-2SB - 5,22kWp",,,,22.0,0,7599.62,,0,0,0,Solar Kit Grid-Tie
,,,,kits,Neosolar,NEO-21751,,,,Kit Bomba Solar Anauger P100 MAXX - até 40m ou 8.600 L/dia,,200,1,0.4,400,0,,0,0,3,Solar Kit Grid-Tie
,,,,kits,Neosolar,NEO-21741,,,,Kit Bomba Solar 12V Shurflo 2088 MAXX - até 35m ou 4.750 L/dia,,200,1,0.4,400,0,,0,0,3,Solar Kit Grid-Tie
,,,,kits,Neosolar,NEO-21743,,,,Kit Bomba Solar 24V Shurflo 9325 - até 70m ou 2.520 L/dia,,200,1,0.4,400,0,,0,0,3,Solar Kit Grid-Tie
,,,,kits,Neosolar,NEO-21756,,,,Kit Bomba Solar Anauger R100 MAXX - até 40m ou 8.600 L/dia,,200,1,0.4,400,0,,0,0,3,Solar Kit Grid-Tie
,,,,kits,Neosolar,NEO-21755,,,,Kit Bomba Solar Anauger P100 STD - até 40m ou 4.600 L/dia,,120,1,0.24,240,0,,0,0,3,Solar Kit Grid-Tie
,,,,kits,Neosolar,NEO-21742,,,,Kit Bomba Solar 12V Shurflo 2088 STD - até 14m ou 4.750 L/dia,,155,1,0.31,310,0,,0,0,2,Solar Kit Grid-Tie
,,,,kits,Neosolar,NEO-26361,,,,Kit Solar p/ Bomba (CA) até 10CV 380V - Apollo GS500 11G - 23.49kWp,,,,23.49,0,26237.72,,0,0,0,Solar Kit Grid-Tie
,,,,kits,Neosolar,NEO-26359,,,,"Kit Solar p/ Bomba (CA) até 3CV 240V - Apollo GS500 2.2G-2SB - 5,22kWp",,,,22.0,0,7117.23,,0,0,0,Solar Kit Grid-Tie
,,,,kits,Neosolar,NEO-24593,,,,Kit Bomba Solar Centrífuga ZTROON - 3ZTPC5-45-48-500W - até 45m ou 30.000 L/dia,,870,1,1.74,1740,2321.28,,0,0,3,Solar Kit Grid-Tie
,,,,kits,Neosolar,NEO-23757,,,,Kit Bomba Solar ZTROON - 3ZTPC3.8-180-96-1500W - até 180m ou 22.800 L/dia (23757),,720,1,3.44,3440,5355.96,,0,0,9,Solar Kit Grid-Tie
,,,,kits,Neosolar,NEO-23760,,,,Kit Bomba Solar Helicoidal ZTROON 3ZTS1.2-77-24-210W - até 77m ou 7.200 L/dia (23760),,340,1,0.68,680,1788.72,,0,0,2,Solar Kit Grid-Tie
,,,,kits,Neosolar,NEO-23759,,,,Kit Bomba Solar Centrífuga ZTROON - 3ZTPC5.2-75-96-750W - até 75m ou 31.200 L/dia (23759),,1360,1,2.72,2720,3595.05,,0,0,5,Solar Kit Grid-Tie
,,,,kits,Neosolar,NEO-24021,,,,Kit Bomba Solar Helicoidal ZTROON - 3ZTS2.0-150-48-750W - até 150m ou 12.000L/dia,,1360,1,2.72,2720,3441.16,,0,0,5,Solar Kit Grid-Tie
,,,,kits,Neosolar,NEO-23761,,,,Kit Bomba Solar Híbrida ZTROON - 4ZTLR11.5-100-200-1500-A/D - até 100m ou 69.000 L/dia (23761),,720,1,3.44,3440,5883.87,,0,0,9,Solar Kit Grid-Tie
,,,,kits,Neosolar,NEO-24607,,,,Kit Bomba Solar Helicoidal ZTROON - 3ZTS1.7-109-48-500W - até 900Wp,,900,1,0.9,1800,2339.85,,0,0,5,Solar Kit Grid-Tie
,,,,kits,Neosolar,NEO-24594,,,,Kit Bomba Solar Centrífuga ZTROON - 3ZTPC5-45-48-500W - até 900Wp,,900,1,0.9,1800,2424.5,,0,0,5,Solar Kit Grid-Tie
,,,,kits,Neosolar,NEO-24072,,,,Kit Bomba Solar Híbrida ZTROON - 4ZTSC4.8-203-200-1500-A/D - até 203m ou 27.000 L/dia,,720,1,3.44,3440,6132.31,,0,0,9,Solar Kit Grid-Tie
,,,,kits,Neosolar,NEO-27329,,,,Kit Bomba Solar Anauger R100 STD - até 40m ou 4.600 L/dia,,340,1,0.68,680,1961.77,,0,0,2,Solar Kit Grid-Tie
,,,,kits,Neosolar,NEO-23758,,,,Kit Bomba Solar Centrífuga ZTROON - 3ZTPC6-125-96-1500W - até 125m ou 36.000 L/dia (23758),,720,1,3.44,3440,5433.9,,0,0,9,Solar Kit Grid-Tie
,,,,kits,Neosolar,NEO-24802,,,,Kit Bomba Solar Híbrida ZTROON - 4ZTSC6-255-200-2200-A/D - até 255m ou 30.000L/dia,,340,1,4.68,4680,7813.09,,0,0,8,Solar Kit Grid-Tie
,,,,kits,Neosolar,NEO-25220,,,,Kit Bomba Solar Anauger P100 MAXX - até 40m ou 8.600 L/dia,,200,1,0.4,400,1524.63,,0,0,3,Solar Kit Grid-Tie
,,,,kits,Neosolar,NEO-26904,,,,Kit Bomba Solar Híbrida ZTROON - 4ZTSC6-255-200-2200-A/D - até 255m ou 30.000L/dia,,270,1,4.54,4540,9147.17,,0,0,8,Solar Kit Grid-Tie
,,,,kits,Neosolar,NEO-24609,,,,Kit Bomba Solar Superfície ZTROON - ZTHF6-24-48-550W - até 900Wp,,900,1,0.9,1800,2134.95,,0,0,5,Solar Kit Grid-Tie
,,,,kits,Neosolar,NEO-27327,,,,Kit Bomba Solar Anauger P100 STD - até 40m ou 4.600 L/dia,,340,1,0.68,680,1915.38,,0,0,2,Solar Kit Grid-Tie
,,,,kits,Neosolar,NEO-24801,,,,Kit Bomba Solar Híbrida ZTROON - 4ZTPC14-125-200-2200-A/D - até 125m ou 70.000L/dia,,340,1,4.68,4680,6769.61,,0,0,8,Solar Kit Grid-Tie
,,,,kits,Neosolar,NEO-26903,,,,Kit Bomba Solar Híbrida ZTROON - 4ZTPC14-125-200-2200-A/D - até 125m ou 70.000L/dia,,340,1,4.68,4680,7947.35,,0,0,8,Solar Kit Grid-Tie
,,,,kits,Neosolar,NEO-25023,,,,Kit Solar p/ Bomba (CA) até 3CV 220V - Apollo GS500 2.2G-2SB - 4.88kWp,,,,4.88,0,6809.6,,0,0,0,Solar Kit Grid-Tie
,,,,kits,Neosolar,NEO-24716,,,,Kit Solar p/ Bomba (CA) até 3CV 220V - Apollo GS500 2.2G-2SB - 4.96kWp,,,,4.96,0,6592.2,,0,0,0,Solar Kit Grid-Tie
,,,,kits,Neosolar,NEO-27328,,,,Kit Bomba Solar Anauger P100 MAXX - até 40m ou 8.600 L/dia,,435,1,0.87,870,1933.05,,0,0,2,Solar Kit Grid-Tie
,,,,kits,Neosolar,NEO-27330,,,,Kit Bomba Solar Anauger R100 MAXX - até 40m ou 8.600 L/dia,,435,1,0.87,870,1979.44,,0,0,2,Solar Kit Grid-Tie
,,,,kits,Neosolar,NEO-25128,,,,Kit Bomba Solar 12V Shurflo 8000 STD - até 42m ou 2.940 L/dia,,100,1,0.2,200,1063.05,,0,0,2,Solar Kit Grid-Tie
,,,,kits,Neosolar,NEO-24718,,,,Kit Solar p/ Bomba (CA) até 7.5CV 380V - Apollo GS500 7.5G - 16.12kWp,,,,16.12,0,17270.27,,0,0,0,Solar Kit Grid-Tie
,,,,kits,Neosolar,NEO-26901,,,,Kit Solar p/ Bomba (CA) até 7.5CV 380V - Apollo GS500 7.5G - 16.12kWp,,,,16.12,0,20162.42,,0,0,0,Solar Kit Grid-Tie
,,,,kits,Neosolar,NEO-24795,,,,Kit Bomba Solar 12V Shurflo 8000 MAXX - até 42m ou 2.940 L/dia,,160,1,0.32,320,1131.06,,0,0,2,Solar Kit Grid-Tie
,,,,kits,Neosolar,NEO-24019,,,,Kit Bomba Solar Superfície ZTROON - ZTHF50-17-96-1500W - até 17m ou 270m³/dia,,720,1,3.44,3440,5200.08,,0,0,9,Solar Kit Grid-Tie
,,,,kits,Neosolar,NEO-24249,,,,Kit Bomba Solar Anauger R100 STD - até 40m ou 4.600 L/dia,,120,1,0.24,240,1772.13,,0,0,3,Solar Kit Grid-Tie
,,,,kits,Neosolar,NEO-26900,,,,Kit Solar p/ Bomba (CA) até 3CV 220V - Apollo GS500 2.2G-2SB - 4.96kWp,,,,4.96,0,7862.3,,0,0,0,Solar Kit Grid-Tie
,,,,kits,Neosolar,NEO-24606,,,,Kit Bomba Solar Helicoidal ZTROON - 3ZTS1.7-109-48-500W - até 109 m ou 10.200 L/dia,,870,1,1.74,1740,2112.49,,0,0,3,Solar Kit Grid-Tie
,,,,kits,Neosolar,NEO-24608,,,,Kit Bomba Solar Superfície ZTROON - ZTHF6-24-48-550W - até 24m ou 36m³/dia,,870,1,1.74,1740,1907.59,,0,0,3,Solar Kit Grid-Tie
,,,,kits,Neosolar,NEO-26902,,,,Kit Solar p/ Bomba (CA) até 10CV 380V - Apollo GS500 11G - 24.18kWp,,,,24.18,0,30421.49,,0,0,0,Solar Kit Grid-Tie
,,,,kits,Neosolar,NEO-24717,,,,Kit Solar p/ Bomba (CA) até 10CV 380V - Apollo GS500 11G - 24.18kWp,,,,24.18,0,25936.95,,0,0,0,Solar Kit Grid-Tie
,,,,kits,Neosolar,NEO-25025,,,,Kit Solar p/ Bomba (CA) até 10CV 380V - Apollo GS500 11G - 23.39kWp,,,,23.39,0,26433.36,,0,0,0,Solar Kit Grid-Tie
,,,,kits,Neosolar,NEO-25024,,,,Kit Solar p/ Bomba (CA) até 7.5CV 380V - Apollo GS500 7.5G - 15.86kWp,,,,15.86,0,17535.88,,0,0,0,Solar Kit Grid-Tie
,,,,kits,Neosolar,NEO-25012,,,,Kit Bomba Solar Híbrida ZTROON - 4ZTPC14-125-200-2200-A/D - até 125m ou 70.000L/dia,,270,1,4.54,4540,6116.15,,0,0,8,Solar Kit Grid-Tie
,,,,kits,Neosolar,NEO-26360,,,,Kit Solar p/ Bomba (CA) até 7.5CV 380V - Apollo GS500 7.5G - 18.27kWp,,,,18.27,0,20152.26,,0,0,0,Solar Kit Grid-Tie
,,,,kits,Neosolar,NEO-21757,,,,Kit Bomba Solar Anauger R100 STD - até 40m ou 4.600 L/dia,,120,1,0.24,240,0,,0,0,3,Solar Kit Grid-Tie
,,,,kits,Neosolar,NEO-24715,,,,Kit Solar p/ Bomba (CA) até 10CV 380V - Apollo GS500 11G - 23.49kWp,,,,23.49,0,28864.19,,0,0,0,Solar Kit Grid-Tie
,,,,kits,Neosolar,NEO-24714,,,,Kit Solar p/ Bomba (CA) até 7.5CV 380V - Apollo GS500 7.5G - 18.27kWp,,,,18.27,0,22301.46,,0,0,0,Solar Kit Grid-Tie
,,,,kits,Neosolar,NEO-24713,,,,"Kit Solar p/ Bomba (CA) até 3CV 240V - Apollo GS500 2.2G-2SB - 5,22kWp",,,,22.0,0,7599.62,,0,0,0,Solar Kit Grid-Tie
,,,,kits,Neosolar,NEO-21751,,,,Kit Bomba Solar Anauger P100 MAXX - até 40m ou 8.600 L/dia,,200,1,0.4,400,0,,0,0,3,Solar Kit Grid-Tie
,,,,kits,Neosolar,NEO-21741,,,,Kit Bomba Solar 12V Shurflo 2088 MAXX - até 35m ou 4.750 L/dia,,200,1,0.4,400,0,,0,0,3,Solar Kit Grid-Tie
,,,,kits,Neosolar,NEO-21743,,,,Kit Bomba Solar 24V Shurflo 9325 - até 70m ou 2.520 L/dia,,200,1,0.4,400,0,,0,0,3,Solar Kit Grid-Tie
,,,,kits,Neosolar,NEO-21756,,,,Kit Bomba Solar Anauger R100 MAXX - até 40m ou 8.600 L/dia,,200,1,0.4,400,0,,0,0,3,Solar Kit Grid-Tie
,,,,kits,Neosolar,NEO-21755,,,,Kit Bomba Solar Anauger P100 STD - até 40m ou 4.600 L/dia,,120,1,0.24,240,0,,0,0,3,Solar Kit Grid-Tie
,,,,kits,Neosolar,NEO-21742,,,,Kit Bomba Solar 12V Shurflo 2088 STD - até 14m ou 4.750 L/dia,,155,1,0.31,310,0,,0,0,2,Solar Kit Grid-Tie
,,,,kits,Neosolar,NEO-26361,,,,Kit Solar p/ Bomba (CA) até 10CV 380V - Apollo GS500 11G - 23.49kWp,,,,23.49,0,26237.72,,0,0,0,Solar Kit Grid-Tie
,,,,kits,Neosolar,NEO-26359,,,,"Kit Solar p/ Bomba (CA) até 3CV 240V - Apollo GS500 2.2G-2SB - 5,22kWp",,,,22.0,0,7117.23,,0,0,0,Solar Kit Grid-Tie
,,,,kits,Neosolar,NEO-24593,,,,Kit Bomba Solar Centrífuga ZTROON - 3ZTPC5-45-48-500W - até 45m ou 30.000 L/dia,,870,1,1.74,1740,2321.28,,0,0,3,Solar Kit Grid-Tie
,,,,kits,Neosolar,NEO-23762,,,,Kit Bomba Solar Superfície ZTROON - ZTQB2-25-24-210W - até 25m ou 12m³/dia,,340,1,0.68,680,1437.98,,0,0,2,Solar Kit Grid-Tie
,,,,kits,Neosolar,NEO-21043,,,1,"Kit Gerador Energia Solar 2,38 kWp - Microinversor Deye c/ Wifi SUN2000 - Painel Luxen (Metálica)",,0,38,38.0,2380,0,,0,1,42,Solar Kit Grid-Tie
,,,,kits,Neosolar,NEO-20970,,,1,"Kit Gerador Energia Solar 1,19 kWp - Microinversor Deye c/ Wifi SUN2000 - Painel Luxen(sem estrutura",,0,19,19.0,1190,0,,0,1,21,Solar Kit Grid-Tie
,,,,kits,Neosolar,NEO-21072,,,1,"Kit Gerador Energia Solar 1,72 kWp - Microinversor Deye c/ Wifi SUN2000 - Painel OSDA Com Estrutura",,0,74,72.0,1740,0,,0,1,77,Solar Kit Grid-Tie
,,,,kits,Neosolar,NEO-22940,,,1,"Kit Gerador Energia Solar 1,66 kWp - Microinversor Deye c/ Wifi SUN2250 - Painel ReneSola- Madeira",,0,66,66.0,1665,0,,0,1,69,Solar Kit Grid-Tie
,,,,kits,Neosolar,NEO-22933,,,1,"Kit Gerador Energia Solar 1,11 kWp - Microinversor Deye c/ Wifi SUN2250 - Painel ReneSola | Estrutura para madeira",,0,11,11.0,1110,0,,0,1,13,Solar Kit Grid-Tie
,,,,kits,Neosolar,NEO-22941,,,1,"Kit Gerador Energia Solar 1,66 kWp - Microinversor Deye c/ Wifi SUN2250 - Painel ReneSola- Metal",,0,66,66.0,1665,0,,0,1,69,Solar Kit Grid-Tie
,,,,kits,Neosolar,NEO-22938,,,1,"Kit Gerador Energia Solar 1,66 kWp - Microinversor Deye c/ Wifi SUN2250 - Painel ReneSola- Cerâmica",,0,66,66.0,1665,0,,0,1,69,Solar Kit Grid-Tie
,,,,kits,Neosolar,NEO-22935,,,1,"Kit Gerador Energia Solar 1,11 kWp - Microinversor Deye c/ Wifi SUN2250 - Painel ReneSola | Base Para Laje",,0,11,11.0,1110,0,,0,1,13,Solar Kit Grid-Tie
,,,,kits,Neosolar,NEO-22992,,,1,"Kit Gerador Energia Solar 1,74 kWp - Microinversor Deye c/ Wifi SUN2250 - Painel OSDA- MiniTrilho",,0,74,74.0,1740,0,,0,1,77,Solar Kit Grid-Tie
,,,,kits,Neosolar,NEO-22925,,,1,"Kit Gerador Energia Solar 0,55 kWp - Microinversor Deye c/ Wifi SUN2250 - Painel ReneSola | Mini Trilho",,0,55,55.0,555,0,,0,1,56,Solar Kit Grid-Tie
,,,,kits,Neosolar,NEO-22989,,,1,"Kit Gerador Energia Solar 1,16 kWp - Microinversor Deye c/ Wifi SUN2250 - Painel OSDA- Solo",,0,16,16.0,1160,0,,0,1,18,Solar Kit Grid-Tie
,,,,kits,Neosolar,NEO-22990,,,1,"Kit Gerador Energia Solar 1,16 kWp - Microinversor Deye c/ Wifi SUN2250 - Painel OSDA",,0,16,16.0,1160,0,,0,1,18,Solar Kit Grid-Tie
,,,,kits,Neosolar,NEO-23101,,,1,"Kit Gerador Energia Solar 2,34 kWp - Microinversor Deye c/ Wifi SUN2250 - Painel OSDA | Para metalica",,0,34,34.0,2340,0,,0,1,38,Solar Kit Grid-Tie
,,,,kits,Neosolar,NEO-23099,,,1,"Kit Gerador Energia Solar 2,34 kWp - Microinversor Deye c/ Wifi SUN2250 - Painel OSDA | Mini trilho",,0,34,34.0,2340,0,,0,1,38,Solar Kit Grid-Tie
,,,,kits,Neosolar,NEO-22927,,,1,"Kit Gerador Energia Solar 0,55 kWp - Microinversor Deye c/ Wifi SUN2250 - Painel ReneSola | Estrtura de metal",,0,55,55.0,555,0,,0,1,56,Solar Kit Grid-Tie
,,,,kits,Neosolar,NEO-22936,,,1,"Kit Gerador Energia Solar 1,11 kWp - Microinversor Deye c/ Wifi SUN2250 - Painel ReneSola | Estrutura para Solo",,0,11,11.0,1110,0,,0,1,13,Solar Kit Grid-Tie
,,,,kits,Neosolar,NEO-22932,,,1,"Kit Gerador Energia Solar 1,11 kWp - Microinversor Deye c/ Wifi SUN2250 - Painel ReneSola | Mini Trilho",,0,11,11.0,1110,0,,0,1,13,Solar Kit Grid-Tie
,,,,kits,Neosolar,NEO-22867,,,1,"Kit Gerador Energia Solar 1,74 kWp - Microinversor Deye c/ Wifi SUN2250 - Painel OSDA - Cerâmica",,0,74,74.0,1740,0,,0,1,77,Solar Kit Grid-Tie
,,,,kits,Neosolar,NEO-22929,,,1,"Kit Gerador Energia Solar 0,55 kWp - Microinversor Deye c/ Wifi SUN2250 - Painel ReneSola | Solo e P.M8",,0,55,55.0,555,0,,0,1,56,Solar Kit Grid-Tie
,,,,kits,Neosolar,NEO-22930,,,1,"Kit Gerador Energia Solar 0,55 kWp - Microinversor Deye c/ Wifi SUN2250 - Painel ReneSola | Sem estrutura",,0,55,55.0,555,0,,0,1,56,Solar Kit Grid-Tie
,,,,kits,Neosolar,NEO-22439,,,1,"Kit Gerador Energia Solar 2,38 kWp - Microinversor Deye c/ Wifi SUN2000 - Painel Luxen (Mini Trilho)",,0,38,38.0,2380,0,,0,1,42,Solar Kit Grid-Tie
,,,,kits,Neosolar,NEO-22324,,,20,"Kit Gerador Energia Solar 2,20 kWp - Microinversor Deye c/ Wifi SUN2000 - Painel Sunova (Cerâmica)",,,,20.0,0,0,,0,20,0,Solar Kit Grid-Tie
,,,,kits,Neosolar,NEO-22308,,,1,"Kit Gerador Energia Solar 0,55 kWp - Microinversor Deye c/ Wifi SUN2000 - Painel Sunova",,0,55,55.0,550,0,,0,1,56,Solar Kit Grid-Tie
,,,,kits,Neosolar,NEO-22312,,,1,"Kit Gerador Energia Solar 1,10 kWp - Microinversor Deye c/ Wifi SUN2000 - Painel Sunova (Madeira)",,0,10,10.0,1100,0,,0,1,12,Solar Kit Grid-Tie
,,,,kits,Neosolar,NEO-22321,,,1,"Kit Gerador Energia Solar 1,65 kWp - Microinversor Deye c/ Wifi SUN2000 - Painel Sunova (Solo)",,0,65,65.0,1650,0,,0,1,68,Solar Kit Grid-Tie
,,,,kits,Neosolar,NEO-22217,,,1,"Kit Gerador Energia Solar 1,10 kWp - Microinversor Deye c/ Wifi SUN2000 - Painel Sunova (Madeira)",,0,10,10.0,1100,0,,0,1,12,Solar Kit Grid-Tie
,,,,kits,Neosolar,NEO-22183,,,1,"Kit Gerador Energia Solar 1,74 kWp - Microinversor Deye c/ Wifi SUN2000 - Painel Sunova (Madeira)",,0,74,74.0,1740,0,,0,1,77,Solar Kit Grid-Tie
,,,,kits,Neosolar,NEO-22185,,,1,"Kit Gerador Energia Solar 1,74 kWp - Microinversor Deye c/ Wifi SUN2000 - Painel Sunova (Solo)",,0,74,74.0,1740,0,,0,1,77,Solar Kit Grid-Tie
,,,,kits,Neosolar,NEO-22318,,,1,"Kit Gerador Energia Solar 1,65 kWp - Microinversor Deye c/ Wifi SUN2000 - Painel Sunova (Mini Trilho)",,0,65,65.0,1650,0,,0,1,68,Solar Kit Grid-Tie
,,,,kits,Neosolar,NEO-22300,,,1,"Kit Gerador Energia Solar 2,32 kWp - Microinversor Deye c/ Wifi SUN2000 - Painel Sunova (Solo)",,0,32,32.0,2320,0,,0,1,36,Solar Kit Grid-Tie
,,,,kits,Neosolar,NEO-22325,,,1,"Kit Gerador Energia Solar 2,20 kWp - Microinversor Deye c/ Wifi SUN2000 - Painel Sunova (Mini Trilho)",,0,20,20.0,2200,0,,0,1,24,Solar Kit Grid-Tie
,,,,kits,Neosolar,NEO-22310,,,1,"Kit Gerador Energia Solar 1,10 kWp - Microinversor Deye c/ Wifi SUN2000 - Painel Sunova (Cerâmica)",,0,10,10.0,1100,0,,0,1,12,Solar Kit Grid-Tie
,,,,kits,Neosolar,NEO-22319,,,1,"Kit Gerador Energia Solar 1,65 kWp - Microinversor Deye c/ Wifi SUN2000 - Painel Sunova (Madeira)",,0,65,65.0,1650,0,,0,1,68,Solar Kit Grid-Tie
,,,,kits,Neosolar,NEO-22314,,,1,"Kit Gerador Energia Solar 1,10 kWp - Microinversor Deye c/ Wifi SUN2000 - Painel Sunova (Solo)",,0,10,10.0,1100,0,,0,1,12,Solar Kit Grid-Tie
,,,,kits,Neosolar,NEO-22323,,,1,"Kit Gerador Energia Solar 2,20 kWp - Microinversor Deye c/ Wifi SUN2000 - Painel Sunova (Laje)",,0,20,20.0,2200,0,,0,1,24,Solar Kit Grid-Tie
,,,,kits,Neosolar,NEO-22315,,,1,"Kit Gerador Energia Solar 1,10 kWp - Microinversor Deye c/ Wifi SUN2000 - Painel Sunova",,0,10,10.0,1100,0,,0,1,12,Solar Kit Grid-Tie
,,,,kits,Neosolar,NEO-22460,,,1,"Kit Gerador Energia Solar 0,59 kWp - Microinversor Deye c/ Wifi SUN2000 - Painel Luxen (Mini Trilho)",,0,595,59.0,595,0,,0,1,596,Solar Kit Grid-Tie
,,,,kits,Neosolar,NEO-22304,,,55,"Kit Gerador Energia Solar 0,55 kWp - Microinversor Deye c/ Wifi SUN2000 - Painel Sunova (Mini Trilho)",,,,55.0,0,0,,0,55,0,Solar Kit Grid-Tie
,,,,kits,Neosolar,NEO-22286,,,1,"Kit Gerador Energia Solar 1,16 kWp - Microinversor Deye c/ Wifi SUN2000 - Painel Sunova (Solo)",,0,16,16.0,1160,0,,0,1,18,Solar Kit Grid-Tie
,,,,kits,Neosolar,NEO-22279,,,1,"Kit Gerador Energia Solar 0,58 kWp - Microinversor Deye c/ Wifi SUN2000 - Painel Sunova (Solo)",,0,58,58.0,580,0,,0,1,59,Solar Kit Grid-Tie
,,,,kits,Neosolar,NEO-22281,,,1,"Kit Gerador Energia Solar 1,16 kWp - Microinversor Deye c/ Wifi SUN2000 - Painel Sunova (Laje)",,0,16,16.0,1160,0,,0,1,18,Solar Kit Grid-Tie
,,,,kits,Neosolar,NEO-22288,,,1,"Kit Gerador Energia Solar 1,74 kWp - Microinversor Deye c/ Wifi SUN2000 - Painel Sunova (Laje)",,0,74,74.0,1740,0,,0,1,77,Solar Kit Grid-Tie
,,,,kits,Neosolar,NEO-22214,,,1,"Kit Gerador Energia Solar 1,10 kWp - Microinversor Deye c/ Wifi SUN2000 - Painel Sunova (Laje)",,0,10,10.0,1100,0,,0,1,12,Solar Kit Grid-Tie
,,,,kits,Neosolar,NEO-22124,,,,"Kit Gerador Energia Solar 1,66kWp - Microinversor Deye c/ Wifi SUN2000 C/ Parafuso (Metal)",,555,3,66.0,1665,0,,0,0,3,Solar Kit Grid-Tie
,,,,kits,Neosolar,NEO-22221,,,1,"Kit Gerador Energia Solar 1,65 kWp - Microinversor Deye c/ Wifi SUN2000 - Painel Sunova (Laje)",,0,65,65.0,1650,0,,0,1,68,Solar Kit Grid-Tie
,,,,kits,Neosolar,NEO-22416,,,1,"Kit Gerador Energia Solar 1,16 kWp - Microinversor Deye c/ Wifi SUN2000 - Painel OSDA (Metálica)",,0,16,16.0,1160,0,,0,1,18,Solar Kit Grid-Tie
,,,,kits,Neosolar,NEO-22283,,,1,"Kit Gerador Energia Solar 1,16 kWp - Microinversor Deye c/ Wifi SUN2000 - Painel Sunova (Mini trilho)",,0,16,16.0,1160,0,,0,1,18,Solar Kit Grid-Tie
,,,,kits,Neosolar,NEO-22277,,,1,"Kit Gerador Energia Solar 0,58 kWp - Microinversor Deye c/ Wifi SUN2000 - Painel Sunova (Madeira)",,0,58,58.0,580,0,,0,1,59,Solar Kit Grid-Tie
,,,,kits,Neosolar,NEO-22274,,,1,"Kit Gerador Energia Solar 0,58 kWp - Microinversor Deye c/ Wifi SUN2000 - Painel Sunova (Laje)",,0,58,58.0,580,0,,0,1,59,Solar Kit Grid-Tie
,,,,kits,Neosolar,NEO-22219,,,1,"Kit Gerador Energia Solar 1,10 kWp - Microinversor Deye c/ Wifi SUN2000 - Painel Sunova (Solo)",,0,10,10.0,1100,0,,0,1,12,Solar Kit Grid-Tie
,,,,kits,Neosolar,NEO-22210,,,1,"Kit Gerador Energia Solar 0,55 kWp - Microinversor Deye c/ Wifi SUN2000 - Painel Sunova (Madeira)",,0,55,55.0,550,0,,0,1,56,Solar Kit Grid-Tie
,,,,kits,Neosolar,NEO-22516,,,1,"Kit Gerador Energia Solar 2,22 kWp - Microinversor Deye c/ Wifi SUN2000 - Painel ReneSola (Para Solo)",,0,22,22.0,2220,0,,0,1,26,Solar Kit Grid-Tie
,,,,kits,Neosolar,NEO-22506,,,1,"Kit Gerador Energia Solar 1,66 kWp - Microinversor Deye c/ Wifi SUN2000 - Painel ReneSola (Mini Trilho)",,0,66,66.0,1665,0,,0,1,69,Solar Kit Grid-Tie
,,,,kits,Neosolar,NEO-22192,,,1,"Kit Gerador Energia Solar 2,32 kWp - Microinversor Deye c/ Wifi SUN2000 - Painel Sunova (Solo)",,0,32,32.0,2320,0,,0,1,36,Solar Kit Grid-Tie
,,,,kits,Neosolar,NEO-21923,,,1,"Kit Gerador Energia Solar 1,16 kWp - Microinversor Deye c/ Wifi SUN2000 - Painel OSDA Com Estrutura",,0,16,16.0,1160,0,,0,1,18,Solar Kit Grid-Tie
,,,,kits,Neosolar,NEO-22421,,,1,"Kit Gerador Energia Solar 1,74 kWp - Microinversor Deye c/ Wifi SUN2000 - Painel OSDA (Mini Trilho)",,0,74,74.0,1740,0,,0,1,77,Solar Kit Grid-Tie
,,,,kits,Neosolar,NEO-22347,,,1,"Kit Gerador Energia Solar 1,78 kWp - Microinversor Deye c/ Wifi SUN2000 - Painel Luxen - Estrutura Metálica",,0,78,78.0,1785,0,,0,1,81,Solar Kit Grid-Tie
,,,,kits,Neosolar,NEO-21235,,,1,"Kit Gerador Energia Solar 2,32 kWp - Microinversor Deye c/ Wifi SUN2000 - Painel OSDA (cerâmica)",,0,32,32.0,2320,0,,0,1,36,Solar Kit Grid-Tie
,,,,kits,Neosolar,NEO-21260,,,1,"Kit Gerador Energia Solar 0,58 kWp - Microinversor Deye c/ Wifi SUN2000 - Painel OSDA (Mini Trilho)",,0,58,58.0,580,0,,0,1,59,Solar Kit Grid-Tie
,,,,kits,Neosolar,NEO-22341,,,1,"Kit Gerador Energia Solar 1,19 kWp - Microinversor Deye c/ Wifi SUN2000 - Painel Luxen - Estrutura Para Laje",,0,19,19.0,1190,0,,0,1,21,Solar Kit Grid-Tie
,,,,kits,Neosolar,NEO-22345,,,1,"Kit Gerador Energia Solar 1,78 kWp - Microinversor Deye c/ Wifi SUN2000 - Painel Luxen - Estrutura Cerâmica",,0,78,78.0,1785,0,,0,1,81,Solar Kit Grid-Tie
,,,,kits,Neosolar,NEO-22343,,,1,"Kit Gerador Energia Solar 1,19 kWp - Microinversor Deye c/ Wifi SUN2000 - Painel Luxen - Estrutura Mini Trilho",,0,19,19.0,1190,0,,0,1,21,Solar Kit Grid-Tie
,,,,kits,Neosolar,NEO-21724,,,1,"Kit Gerador Energia Solar 2,32 kWp - Microinversor Deye c/ Wifi SUN2000 - Painel OSDA (Metálica)",,0,32,32.0,2320,0,,0,1,36,Solar Kit Grid-Tie
,,,,kits,Neosolar,NEO-21723,,,1,"Kit Gerador Energia Solar 2,32 kWp - Microinversor Deye c/ Wifi SUN2000 - Painel OSDA (Madeira)",,0,32,32.0,2320,0,,0,1,36,Solar Kit Grid-Tie
,,,,kits,Neosolar,NEO-21283,,,1,"Kit Gerador Energia Solar 1,19 kWp - Microinversor Deye c/ Wifi SUN2000 - Painel Luxen Com Estrutura",,0,19,19.0,1190,0,,0,1,21,Solar Kit Grid-Tie
,,,,kits,Neosolar,NEO-21126,,,1,"Kit Gerador Energia Solar 1,19 kWp - Microinversor Deye c/ Wifi SUN2000 - Painel Luxen Com Estrtura",,0,19,19.0,1190,0,,0,1,21,Solar Kit Grid-Tie
,,,,kits,Neosolar,NEO-21127,,,1,"Kit Gerador Energia Solar 1,15 kWp - Microinversor Deye c/ Wifi SUN2000 - Painel OSDA (Mini Trilho)",,0,15,15.0,1150,0,,0,1,17,Solar Kit Grid-Tie
,,,,kits,Neosolar,NEO-21398,,,1,"Kit Gerador Energia Solar 0,57 kWp - Microinversor Deye c/ Wifi SUN2000 - Painel OSDA (Madeira)",,0,57,57.0,575,0,,0,1,58,Solar Kit Grid-Tie
,,,,kits,Neosolar,NEO-21117,,,1,"Kit Gerador Energia Solar 0,59 kWp - Microinversor Deye c/ Wifi SUN2000 - Painel Luxen (sem estrutur",,0,595,59.0,595,0,,0,1,596,Solar Kit Grid-Tie
,,,,kits,Neosolar,NEO-24690,,,1,"Kit Gerador Energia Solar  2,44kWp - Microinversor Deye c/ Wifi SUN2250 - Painel Sunova | P/ Madeira",,0,1,44.0,2440,0,,0,1,5,Solar Kit Grid-Tie
,,,,kits,Neosolar,NEO-24693,,,1,"Kit Gerador Energia Solar  1,22kWp - Microinversor Deye c/ Wifi SUN2250 - Painel Sunova | S/ Estrutura",,0,1,22.0,1220,0,,0,1,3,Solar Kit Grid-Tie
,,,,kits,Neosolar,NEO-24694,,,1,"Kit Gerador Energia Solar  1,83kWp - Microinversor Deye c/ Wifi SUN2250 - Painel Sunova | S/ Estrutura",,0,1,83.0,1830,0,,0,1,4,Solar Kit Grid-Tie
,,,,kits,Neosolar,NEO-21119,,,1,"Kit Gerador Energia Solar 0,59 kWp - Microinversor Deye c/ Wifi SUN2000 - Painel Luxen (Madeira)",,0,595,59.0,595,0,,0,1,596,Solar Kit Grid-Tie
,,,,kits,Neosolar,NEO-21259,,,1,"Kit Gerador Energia Solar 0,58 kWp - Microinversor Deye c/ Wifi SUN2000 - Painel OSDA (Laje)",,0,58,58.0,580,0,,0,1,59,Solar Kit Grid-Tie
,,,,kits,Neosolar,NEO-21511,,,1,"Kit Gerador Energia Solar 0,58 kWp - Microinversor Deye c/ Wifi SUN2000 - Painel OSDA (Solo)",,0,58,58.0,580,0,,0,1,59,Solar Kit Grid-Tie
,,,,kits,Neosolar,NEO-21740,,,1,"Kit Gerador Energia Solar 1,74 kWp - Microinversor Deye c/ Wifi SUN2000 - Painel OSDA Com Estrtura",,0,74,74.0,1740,0,,0,1,77,Solar Kit Grid-Tie
,,,,kits,Neosolar,NEO-21797,,,1,"Kit Gerador Energia Solar 1,16 kWp - Microinversor Deye c/ Wifi SUN2000 - Painel OSDA (Mini Trilho)",,0,16,16.0,1160,0,,0,1,18,Solar Kit Grid-Tie
,,,,kits,Neosolar,NEO-21800,,,1,"Kit Gerador Energia Solar 1,16 kWp - Microinversor Deye c/ Wifi SUN2000 - Painel OSDA (Solo)",,0,16,16.0,1160,0,,0,1,18,Solar Kit Grid-Tie
,,4,48,kits,Neosolar,NEO-24924,,,1,"Kit Energia Solar On Grid Híbrido - 6,1kWp 4,8kWh Lítio 48V (24924)",,610,10,1.0,6100,0,,4,1,10,Solar Kit Hybrid
,,4,48,kits,Neosolar,NEO-24923,,,1,"Kit Energia Solar On Grid Híbrido - 6,1kWp 4,8kWh Lítio 48V (24923)",,610,10,1.0,6100,0,,4,1,10,Solar Kit Hybrid
,,,,kits,Neosolar,NEO-23757,,,,Kit Bomba Solar ZTROON - 3ZTPC3.8-180-96-1500W - até 180m ou 22.800 L/dia (23757),,720,1,3.44,3440,4726.22,,0,0,9,Solar Kit Grid-Tie
,,,,kits,Neosolar,NEO-27329,,,,Kit Bomba Solar Anauger R100 STD - até 40m ou 4.600 L/dia,,340,1,0.68,680,1862.59,,0,0,2,Solar Kit Grid-Tie
,,,,kits,Neosolar,NEO-24072,,,,Kit Bomba Solar Híbrida ZTROON - 4ZTSC4.8-203-200-1500-A/D - até 203m ou 27.000 L/dia,,720,1,3.44,3440,5175.61,,0,0,9,Solar Kit Grid-Tie
,,,,kits,Neosolar,NEO-23758,,,,Kit Bomba Solar Centrífuga ZTROON - 3ZTPC6-125-96-1500W - até 125m ou 36.000 L/dia (23758),,720,1,3.44,3440,4794.52,,0,0,9,Solar Kit Grid-Tie
,,,,kits,Neosolar,NEO-24021,,,,Kit Bomba Solar Helicoidal ZTROON - 3ZTS2.0-150-48-750W - até 150m ou 12.000L/dia,,1360,1,2.72,2720,3028.95,,0,0,5,Solar Kit Grid-Tie
,,,,kits,Neosolar,NEO-23761,,,,Kit Bomba Solar Híbrida ZTROON - 4ZTLR11.5-100-200-1500-A/D - até 100m ou 69.000 L/dia (23761),,720,1,3.44,3440,4871.12,,0,0,9,Solar Kit Grid-Tie
,,,,kits,Neosolar,NEO-23759,,,,Kit Bomba Solar Centrífuga ZTROON - 3ZTPC5.2-75-96-750W - até 75m ou 31.200 L/dia (23759),,1360,1,2.72,2720,3167.56,,0,0,5,Solar Kit Grid-Tie
,,,,kits,Neosolar,NEO-24607,,,,Kit Bomba Solar Helicoidal ZTROON - 3ZTS1.7-109-48-500W - até 900Wp,,900,1,0.9,1800,2246.21,,0,0,5,Solar Kit Grid-Tie
,,,,kits,Neosolar,NEO-25220,,,,Kit Bomba Solar Anauger P100 MAXX - até 40m ou 8.600 L/dia,,200,1,0.4,400,1631.22,,0,0,3,Solar Kit Grid-Tie
,,,,kits,Neosolar,NEO-24795,,,,Kit Bomba Solar 12V Shurflo 8000 MAXX - até 42m ou 2.940 L/dia,,160,1,0.32,320,1266.36,,0,0,2,Solar Kit Grid-Tie
,,,,kits,Neosolar,NEO-23757,,,,Kit Bomba Solar ZTROON - 3ZTPC3.8-180-96-1500W - até 180m ou 22.800 L/dia (23757),,720,1,3.44,3440,4726.22,,0,0,9,Solar Kit Grid-Tie
,,,,kits,Neosolar,NEO-27329,,,,Kit Bomba Solar Anauger R100 STD - até 40m ou 4.600 L/dia,,340,1,0.68,680,1862.59,,0,0,2,Solar Kit Grid-Tie
,,,,kits,Neosolar,NEO-24072,,,,Kit Bomba Solar Híbrida ZTROON - 4ZTSC4.8-203-200-1500-A/D - até 203m ou 27.000 L/dia,,720,1,3.44,3440,5175.61,,0,0,9,Solar Kit Grid-Tie
,,,,kits,Neosolar,NEO-23758,,,,Kit Bomba Solar Centrífuga ZTROON - 3ZTPC6-125-96-1500W - até 125m ou 36.000 L/dia (23758),,720,1,3.44,3440,4794.52,,0,0,9,Solar Kit Grid-Tie
,,,,kits,Neosolar,NEO-24021,,,,Kit Bomba Solar Helicoidal ZTROON - 3ZTS2.0-150-48-750W - até 150m ou 12.000L/dia,,1360,1,2.72,2720,3028.95,,0,0,5,Solar Kit Grid-Tie
,,,,kits,Neosolar,NEO-23761,,,,Kit Bomba Solar Híbrida ZTROON - 4ZTLR11.5-100-200-1500-A/D - até 100m ou 69.000 L/dia (23761),,720,1,3.44,3440,4871.12,,0,0,9,Solar Kit Grid-Tie
,,,,kits,Neosolar,NEO-23759,,,,Kit Bomba Solar Centrífuga ZTROON - 3ZTPC5.2-75-96-750W - até 75m ou 31.200 L/dia (23759),,1360,1,2.72,2720,3167.56,,0,0,5,Solar Kit Grid-Tie
,,,,kits,Neosolar,NEO-24607,,,,Kit Bomba Solar Helicoidal ZTROON - 3ZTS1.7-109-48-500W - até 900Wp,,900,1,0.9,1800,2246.21,,0,0,5,Solar Kit Grid-Tie
,,,,kits,Neosolar,NEO-25220,,,,Kit Bomba Solar Anauger P100 MAXX - até 40m ou 8.600 L/dia,,200,1,0.4,400,1631.22,,0,0,3,Solar Kit Grid-Tie
,,,,kits,Neosolar,NEO-24795,,,,Kit Bomba Solar 12V Shurflo 8000 MAXX - até 42m ou 2.940 L/dia,,160,1,0.32,320,1266.36,,0,0,2,Solar Kit Grid-Tie
,,,,kits,Neosolar,NEO-24249,,,,Kit Bomba Solar Anauger R100 STD - até 40m ou 4.600 L/dia,,120,1,0.24,240,1734.52,,0,0,3,Solar Kit Grid-Tie
,,,,kits,Neosolar,NEO-26900,,,,Kit Solar p/ Bomba (CA) até 3CV 220V - Apollo GS500 2.2G-2SB - 4.96kWp,,,,4.96,0,6870.59,,0,0,0,Solar Kit Grid-Tie
,,,,kits,Neosolar,NEO-24606,,,,Kit Bomba Solar Helicoidal ZTROON - 3ZTS1.7-109-48-500W - até 109 m ou 10.200 L/dia,,870,1,1.74,1740,2110.4,,0,0,3,Solar Kit Grid-Tie
,,,,kits,Neosolar,NEO-24608,,,,Kit Bomba Solar Superfície ZTROON - ZTHF6-24-48-550W - até 24m ou 36m³/dia,,870,1,1.74,1740,1905.5,,0,0,3,Solar Kit Grid-Tie
,,,,kits,Neosolar,NEO-26902,,,,Kit Solar p/ Bomba (CA) até 10CV 380V - Apollo GS500 11G - 24.18kWp,,,,24.18,0,23171.4,,0,0,0,Solar Kit Grid-Tie
,,,,kits,Neosolar,NEO-24717,,,,Kit Solar p/ Bomba (CA) até 10CV 380V - Apollo GS500 11G - 24.18kWp,,,,24.18,0,25936.95,,0,0,0,Solar Kit Grid-Tie
,,,,kits,Neosolar,NEO-25025,,,,Kit Solar p/ Bomba (CA) até 10CV 380V - Apollo GS500 11G - 23.39kWp,,,,23.39,0,26433.36,,0,0,0,Solar Kit Grid-Tie
,,,,kits,Neosolar,NEO-23760,,,,Kit Bomba Solar Helicoidal ZTROON 3ZTS1.2-77-24-210W - até 77m ou 7.200 L/dia (23760),,340,1,0.68,680,1570.19,,0,0,2,Solar Kit Grid-Tie
,,,,kits,Neosolar,NEO-25024,,,,Kit Solar p/ Bomba (CA) até 7.5CV 380V - Apollo GS500 7.5G - 15.86kWp,,,,15.86,0,17535.88,,0,0,0,Solar Kit Grid-Tie
,,,,kits,Neosolar,NEO-25012,,,,Kit Bomba Solar Híbrida ZTROON - 4ZTPC14-125-200-2200-A/D - até 125m ou 70.000L/dia,,270,1,4.54,4540,5663.53,,0,0,8,Solar Kit Grid-Tie
,,,,kits,Neosolar,NEO-26360,,,,Kit Solar p/ Bomba (CA) até 7.5CV 380V - Apollo GS500 7.5G - 18.27kWp,,,,18.27,0,21145.21,,0,0,0,Solar Kit Grid-Tie
,,,,kits,Neosolar,NEO-21757,,,,Kit Bomba Solar Anauger R100 STD - até 40m ou 4.600 L/dia,,120,1,0.24,240,0,,0,0,3,Solar Kit Grid-Tie
,,,,kits,Neosolar,NEO-24715,,,,Kit Solar p/ Bomba (CA) até 10CV 380V - Apollo GS500 11G - 23.49kWp,,,,23.49,0,28864.19,,0,0,0,Solar Kit Grid-Tie
,,,,kits,Neosolar,NEO-23757,,,,Kit Bomba Solar ZTROON - 3ZTPC3.8-180-96-1500W - até 180m ou 22.800 L/dia (23757),,720,1,3.44,3440,4726.22,,0,0,9,Solar Kit Grid-Tie
,,,,kits,Neosolar,NEO-27329,,,,Kit Bomba Solar Anauger R100 STD - até 40m ou 4.600 L/dia,,340,1,0.68,680,1862.59,,0,0,2,Solar Kit Grid-Tie
,,,,kits,Neosolar,NEO-24072,,,,Kit Bomba Solar Híbrida ZTROON - 4ZTSC4.8-203-200-1500-A/D - até 203m ou 27.000 L/dia,,720,1,3.44,3440,5175.61,,0,0,9,Solar Kit Grid-Tie
,,,,kits,Neosolar,NEO-23758,,,,Kit Bomba Solar Centrífuga ZTROON - 3ZTPC6-125-96-1500W - até 125m ou 36.000 L/dia (23758),,720,1,3.44,3440,4794.52,,0,0,9,Solar Kit Grid-Tie
,,,,kits,Neosolar,NEO-24021,,,,Kit Bomba Solar Helicoidal ZTROON - 3ZTS2.0-150-48-750W - até 150m ou 12.000L/dia,,1360,1,2.72,2720,3028.95,,0,0,5,Solar Kit Grid-Tie
,,,,kits,Neosolar,NEO-23759,,,,Kit Bomba Solar Centrífuga ZTROON - 3ZTPC5.2-75-96-750W - até 75m ou 31.200 L/dia (23759),,1360,1,2.72,2720,3167.56,,0,0,5,Solar Kit Grid-Tie
,,,,kits,Neosolar,NEO-23761,,,,Kit Bomba Solar Híbrida ZTROON - 4ZTLR11.5-100-200-1500-A/D - até 100m ou 69.000 L/dia (23761),,720,1,3.44,3440,4871.12,,0,0,9,Solar Kit Grid-Tie
,,,,kits,Neosolar,NEO-24607,,,,Kit Bomba Solar Helicoidal ZTROON - 3ZTS1.7-109-48-500W - até 900Wp,,900,1,0.9,1800,2246.21,,0,0,5,Solar Kit Grid-Tie
,,,,kits,Neosolar,NEO-25220,,,,Kit Bomba Solar Anauger P100 MAXX - até 40m ou 8.600 L/dia,,200,1,0.4,400,1631.22,,0,0,3,Solar Kit Grid-Tie
,,,,kits,Neosolar,NEO-24795,,,,Kit Bomba Solar 12V Shurflo 8000 MAXX - até 42m ou 2.940 L/dia,,160,1,0.32,320,1266.36,,0,0,2,Solar Kit Grid-Tie
,,,,kits,Neosolar,NEO-24802,,,,Kit Bomba Solar Híbrida ZTROON - 4ZTSC6-255-200-2200-A/D - até 255m ou 30.000L/dia,,340,1,4.68,4680,6989.37,,0,0,8,Solar Kit Grid-Tie
,,,,kits,Neosolar,NEO-26904,,,,Kit Bomba Solar Híbrida ZTROON - 4ZTSC6-255-200-2200-A/D - até 255m ou 30.000L/dia,,270,1,4.54,4540,7250.8,,0,0,8,Solar Kit Grid-Tie
,,,,kits,Neosolar,NEO-25128,,,,Kit Bomba Solar 12V Shurflo 8000 STD - até 42m ou 2.940 L/dia,,100,1,0.2,200,1198.6,,0,0,2,Solar Kit Grid-Tie
,,,,kits,Neosolar,NEO-24019,,,,Kit Bomba Solar Superfície ZTROON - ZTHF50-17-96-1500W - até 17m ou 270m³/dia,,720,1,3.44,3440,4589.62,,0,0,9,Solar Kit Grid-Tie
,,,,kits,Neosolar,NEO-27327,,,,Kit Bomba Solar Anauger P100 STD - até 40m ou 4.600 L/dia,,340,1,0.68,680,1818.53,,0,0,2,Solar Kit Grid-Tie
,,,,kits,Neosolar,NEO-24801,,,,Kit Bomba Solar Híbrida ZTROON - 4ZTPC14-125-200-2200-A/D - até 125m ou 70.000L/dia,,340,1,4.68,4680,5715.35,,0,0,8,Solar Kit Grid-Tie
,,,,kits,Neosolar,NEO-26903,,,,Kit Bomba Solar Híbrida ZTROON - 4ZTPC14-125-200-2200-A/D - até 125m ou 70.000L/dia,,340,1,4.68,4680,5974.47,,0,0,8,Solar Kit Grid-Tie
,,,,kits,Neosolar,NEO-25023,,,,Kit Solar p/ Bomba (CA) até 3CV 220V - Apollo GS500 2.2G-2SB - 4.88kWp,,,,4.88,0,6809.6,,0,0,0,Solar Kit Grid-Tie
,,,,kits,Neosolar,NEO-24716,,,,Kit Solar p/ Bomba (CA) até 3CV 220V - Apollo GS500 2.2G-2SB - 4.96kWp,,,,4.96,0,6592.2,,0,0,0,Solar Kit Grid-Tie
,,,,kits,Neosolar,NEO-27328,,,,Kit Bomba Solar Anauger P100 MAXX - até 40m ou 8.600 L/dia,,435,1,0.87,870,1835.28,,0,0,2,Solar Kit Grid-Tie
,,,,kits,Neosolar,NEO-27330,,,,Kit Bomba Solar Anauger R100 MAXX - até 40m ou 8.600 L/dia,,435,1,0.87,870,1879.34,,0,0,2,Solar Kit Grid-Tie
,,,,kits,Neosolar,NEO-24718,,,,Kit Solar p/ Bomba (CA) até 7.5CV 380V - Apollo GS500 7.5G - 16.12kWp,,,,16.12,0,17270.27,,0,0,0,Solar Kit Grid-Tie
,,,,kits,Neosolar,NEO-26901,,,,Kit Solar p/ Bomba (CA) até 7.5CV 380V - Apollo GS500 7.5G - 16.12kWp,,,,16.12,0,15699.28,,0,0,0,Solar Kit Grid-Tie
,,,,kits,Neosolar,NEO-24249,,,,Kit Bomba Solar Anauger R100 STD - até 40m ou 4.600 L/dia,,120,1,0.24,240,1734.52,,0,0,3,Solar Kit Grid-Tie
,,,,kits,Neosolar,NEO-26900,,,,Kit Solar p/ Bomba (CA) até 3CV 220V - Apollo GS500 2.2G-2SB - 4.96kWp,,,,4.96,0,6870.59,,0,0,0,Solar Kit Grid-Tie
,,,,kits,Neosolar,NEO-24606,,,,Kit Bomba Solar Helicoidal ZTROON - 3ZTS1.7-109-48-500W - até 109 m ou 10.200 L/dia,,870,1,1.74,1740,2110.4,,0,0,3,Solar Kit Grid-Tie
,,,,kits,Neosolar,NEO-24608,,,,Kit Bomba Solar Superfície ZTROON - ZTHF6-24-48-550W - até 24m ou 36m³/dia,,870,1,1.74,1740,1905.5,,0,0,3,Solar Kit Grid-Tie
,,,,kits,Neosolar,NEO-26902,,,,Kit Solar p/ Bomba (CA) até 10CV 380V - Apollo GS500 11G - 24.18kWp,,,,24.18,0,23171.4,,0,0,0,Solar Kit Grid-Tie
,,,,kits,Neosolar,NEO-24717,,,,Kit Solar p/ Bomba (CA) até 10CV 380V - Apollo GS500 11G - 24.18kWp,,,,24.18,0,25936.95,,0,0,0,Solar Kit Grid-Tie
,,,,kits,Neosolar,NEO-25025,,,,Kit Solar p/ Bomba (CA) até 10CV 380V - Apollo GS500 11G - 23.39kWp,,,,23.39,0,26433.36,,0,0,0,Solar Kit Grid-Tie
,,,,kits,Neosolar,NEO-23760,,,,Kit Bomba Solar Helicoidal ZTROON 3ZTS1.2-77-24-210W - até 77m ou 7.200 L/dia (23760),,340,1,0.68,680,1570.19,,0,0,2,Solar Kit Grid-Tie
,,,,kits,Neosolar,NEO-25024,,,,Kit Solar p/ Bomba (CA) até 7.5CV 380V - Apollo GS500 7.5G - 15.86kWp,,,,15.86,0,17535.88,,0,0,0,Solar Kit Grid-Tie
,,,,kits,Neosolar,NEO-25012,,,,Kit Bomba Solar Híbrida ZTROON - 4ZTPC14-125-200-2200-A/D - até 125m ou 70.000L/dia,,270,1,4.54,4540,5663.53,,0,0,8,Solar Kit Grid-Tie
,,,,kits,Neosolar,NEO-26360,,,,Kit Solar p/ Bomba (CA) até 7.5CV 380V - Apollo GS500 7.5G - 18.27kWp,,,,18.27,0,21145.21,,0,0,0,Solar Kit Grid-Tie
,,,,kits,Neosolar,NEO-21757,,,,Kit Bomba Solar Anauger R100 STD - até 40m ou 4.600 L/dia,,120,1,0.24,240,0,,0,0,3,Solar Kit Grid-Tie
,,,,kits,Neosolar,NEO-24715,,,,Kit Solar p/ Bomba (CA) até 10CV 380V - Apollo GS500 11G - 23.49kWp,,,,23.49,0,28864.19,,0,0,0,Solar Kit Grid-Tie
,,,,kits,Neosolar,NEO-24714,,,,Kit Solar p/ Bomba (CA) até 7.5CV 380V - Apollo GS500 7.5G - 18.27kWp,,,,18.27,0,22301.46,,0,0,0,Solar Kit Grid-Tie
,,,,kits,Neosolar,NEO-24713,,,,"Kit Solar p/ Bomba (CA) até 3CV 240V - Apollo GS500 2.2G-2SB - 5,22kWp",,,,22.0,0,7599.62,,0,0,0,Solar Kit Grid-Tie
,,,,kits,Neosolar,NEO-21751,,,,Kit Bomba Solar Anauger P100 MAXX - até 40m ou 8.600 L/dia,,200,1,0.4,400,0,,0,0,3,Solar Kit Grid-Tie
,,,,kits,Neosolar,NEO-21741,,,,Kit Bomba Solar 12V Shurflo 2088 MAXX - até 35m ou 4.750 L/dia,,200,1,0.4,400,0,,0,0,3,Solar Kit Grid-Tie
,,,,kits,Neosolar,NEO-21743,,,,Kit Bomba Solar 24V Shurflo 9325 - até 70m ou 2.520 L/dia,,200,1,0.4,400,0,,0,0,3,Solar Kit Grid-Tie
,,,,kits,Neosolar,NEO-21756,,,,Kit Bomba Solar Anauger R100 MAXX - até 40m ou 8.600 L/dia,,200,1,0.4,400,0,,0,0,3,Solar Kit Grid-Tie
,,,,kits,Neosolar,NEO-21755,,,,Kit Bomba Solar Anauger P100 STD - até 40m ou 4.600 L/dia,,120,1,0.24,240,0,,0,0,3,Solar Kit Grid-Tie
,,,,kits,Neosolar,NEO-21742,,,,Kit Bomba Solar 12V Shurflo 2088 STD - até 14m ou 4.750 L/dia,,155,1,0.31,310,0,,0,0,2,Solar Kit Grid-Tie
,,,,kits,Neosolar,NEO-26361,,,,Kit Solar p/ Bomba (CA) até 10CV 380V - Apollo GS500 11G - 23.49kWp,,,,23.49,0,27514.99,,0,0,0,Solar Kit Grid-Tie
,,,,kits,Neosolar,NEO-26359,,,,"Kit Solar p/ Bomba (CA) até 3CV 240V - Apollo GS500 2.2G-2SB - 5,22kWp",,,,22.0,0,7403.52,,0,0,0,Solar Kit Grid-Tie
,,,,kits,Neosolar,NEO-24594,,,,Kit Bomba Solar Centrífuga ZTROON - 3ZTPC5-45-48-500W - até 900Wp,,900,1,0.9,1800,2177.91,,0,0,5,Solar Kit Grid-Tie
,,,,kits,Neosolar,NEO-24593,,,,Kit Bomba Solar Centrífuga ZTROON - 3ZTPC5-45-48-500W - até 45m ou 30.000 L/dia,,870,1,1.74,1740,2042.1,,0,0,3,Solar Kit Grid-Tie
,,,,kits,Neosolar,NEO-24609,,,,Kit Bomba Solar Superfície ZTROON - ZTHF6-24-48-550W - até 900Wp,,900,1,0.9,1800,2041.31,,0,0,5,Solar Kit Grid-Tie
,,,,kits,Neosolar,NEO-23762,,,,Kit Bomba Solar Superfície ZTROON - ZTQB2-25-24-210W - até 25m ou 12m³/dia,,340,1,0.68,680,1262.85,,0,0,2,Solar Kit Grid-Tie
,,,,kits,Neosolar,NEO-23780,,,4,Kit de Montagem - Estrutura de Fixação para Telha Mini Trilho - Solar System,,,,0,0,0,,0,4,0,Solar Kit Grid-Tie
,,,,kits,Neosolar,NEO-23504,,,4,Kit de Montagem - Estrutura de Fixação para Telha Fibrocimento c/ Estrutura de Madeira - Solar System,,,,0,0,429.08,,0,4,0,Solar Kit Grid-Tie
,,,,kits,Neosolar,NEO-23503,,,4,Kit de Montagem - Estrutura de Fixação para Telha Cerâmica - Solar System,,,,0,0,458.94,,0,4,0,Solar Kit Grid-Tie
,,,,kits,Neosolar,NEO-23505,,,4,Kit de Montagem - Estrutura de Fixação para Telha Fibrocimento c/ Estrutura de Metálica - Solar System,,,,0,0,480.18,,0,4,0,Solar Kit Grid-Tie
,,,,kits,Neosolar,NEO-21771,,,,Kit de Montagem - Estrutura de Fixação para Telha Fibrocimento c/ Estrutura de Metálica - Perfil Master,,,,0,0,648.48,,0,0,0,Solar Kit Grid-Tie
,,,,kits,Neosolar,NEO-21770,,,,Kit de Montagem - Estrutura de Fixação para Telha Fibrocimento c/ Estrutura de Madeira - Perfil Master,,,,0,0,648.48,,0,0,0,Solar Kit Grid-Tie
,,,,kits,Neosolar,NEO-21769,,,4,Kit de Montagem - Estrutura de Fixação para Telha Cerâmica - Perfil Master,,,,0,0,901.45,,0,4,0,Solar Kit Grid-Tie
,,,,kits,Neosolar,NEO-21772,,,,Kit de Montagem - Estrutura de Fixação para Solo - Perfil Master,,,,0,0,994.73,,0,0,0,Solar Kit Grid-Tie
,,,,kits,Neosolar,NEO-27352,,,4,Kit de Montagem - Estrutura de Fixação para Telha Mini Trilho - Solar System,,,,0,0,0,,0,4,0,Solar Kit Grid-Tie
,,,,kits,Neosolar,NEO-25205,,,,Kit de Montagem - Estrutura de Fixação para Solo - Perfil Master,,,,0,0,964.21,,0,0,0,Solar Kit Grid-Tie
,,1,48,kits,Neosolar,NEO-27314,,,1,"Kit Energia Solar Off Grid - 1,24kWp 100Ah/48V Lítio (27314)",,620,2,24.0,1240,6807.53,,1,1,2,Solar Kit Off-Grid
,,1,6,kits,Neosolar,NEO-25049,,,1,Kit Energia Solar Off Grid - 680Wp 100Ah/24V Lítio (25049),,340,2,0.68,680,5897.16,,1,1,2,Solar Kit Off-Grid
,,1,6,kits,Neosolar,NEO-27475,,,1,Kit Energia Solar Off Grid - 680Wp 100Ah/24V Lítio (27475),,340,2,0.68,680,4653.12,,1,1,2,Solar Kit Off-Grid
,,1,6,kits,Neosolar,NEO-25164,,,1,Kit Energia Solar Off Grid - 680Wp 100Ah/24V Lítio 1000W/127V Ztroon,,340,2,0.68,680,6812.12,,1,1,2,Solar Kit Off-Grid
,,2,48,kits,Neosolar,NEO-27315,,,1,"Kit Energia Solar Off Grid - 1,24kWp 100Ah/48V Lítio (27315)",,620,4,24.0,2480,12731.46,,2,1,4,Solar Kit Off-Grid
,,1,12,kits,Neosolar,NEO-23927,,,1,Kit Energia Solar Off Grid s/ Inversor - 30Wp 115/105Ah 12V Estacionária (23927),,30,1,0.03,30,1256.64,,1,1,1,Solar Kit Off-Grid
,,1,48,kits,Neosolar,NEO-27347,,,1,"Kit Energia Solar Off Grid - 1,24kWp 100Ah/48V Lítio - Inversor 2000W 48/127 (27347)",,620,2,24.0,1240,0,,1,2,2,Solar Kit Off-Grid
,,2,48,kits,Neosolar,NEO-27349,,,1,"Kit Energia Solar Off Grid - 1,24kWp 100Ah/48V Lítio  - Inversor 2000W 48/127 (27349)",,620,4,24.0,2480,0,,2,2,4,Solar Kit Off-Grid
,,1,12,kits,Neosolar,NEO-25131,,,1,Kit Energia Solar para Starlink - 10h/dia (até 1.280 Wh/dia) - Chumbo (25131),,320,320,102.4,102400,2414.24,,1,1,320,Solar Kit Off-Grid
,,1,12,kits,Neosolar,NEO-23928,,,1,Kit Energia Solar Off Grid s/ Inversor - 60Wp 115/105Ah 12V Estacionária (23928),,60,1,0.06,60,1343.79,,1,1,1,Solar Kit Off-Grid
,,1,12,kits,Neosolar,NEO-27339,,,1,Kit Energia Solar Off Grid s/ Inversor - 100Wp 115/105Ah 12V Estacionária (27339),,100,1,0.1,100,1113.09,,1,1,1,Solar Kit Off-Grid
,,1,12,kits,Neosolar,NEO-23929,,,1,Kit Energia Solar Off Grid s/ Inversor - 100Wp 115/105Ah 12V Estacionária (23929),,100,1,0.1,100,1343.79,,1,1,1,Solar Kit Off-Grid
,,2,12,kits,Neosolar,NEO-27476,,,1,Kit Energia Solar Off Grid - 680Wp 220Ah/24V (27476),,340,2,0.68,680,3767.8,,2,1,2,Solar Kit Off-Grid
,,1,12,kits,Neosolar,NEO-26720,,,1,Kit Energia Solar Off Grid s/ Inversor - 320Wp 240Ah / 220Ah 12V Estacionária (26720),,160,2,0.32,320,2195.68,,1,1,2,Solar Kit Off-Grid
,,1,12,kits,Neosolar,NEO-26721,,,1,Kit Energia Solar Off Grid s/ Inversor - 320Wp 240Ah / 220Ah 12V Estacionária (26721),,160,2,0.32,320,2272.99,,1,1,2,Solar Kit Off-Grid
,,1,12,kits,Neosolar,NEO-25158,,,1,Kit Energia Solar Off Grid - 160Wp 105Ah/12V 600W/127V Ztroon,,160,1,0.16,160,2070.56,,1,1,1,Solar Kit Off-Grid
,,2,12,kits,Neosolar,NEO-26722,,,1,Kit Energia Solar Off Grid s/ Inversor - 480Wp 240Ah / 220Ah 12V Estacionária (26722),,160,3,0.48,480,4162.98,,2,1,3,Solar Kit Off-Grid
,,1,48,kits,Neosolar,NEO-27348,,,1,"Kit Energia Solar Off Grid - 1,24kWp 100Ah/48V Lítio - Inversor 2000W 48/220 (27348)",,620,2,24.0,1240,0,,1,2,2,Solar Kit Off-Grid
,,2,48,kits,Neosolar,NEO-27378,,,1,"Kit Energia Solar Off Grid - 1,24kWp 100Ah/48V Lítio  - Inversor 2000W 48/220 (27378)",,620,4,24.0,2480,13837.36,,2,2,4,Solar Kit Off-Grid
,,3,12,kits,Neosolar,NEO-27313,,,1,Kit Energia Solar Off Grid s/ Inversor - 960Wp 240Ah / 220Ah 12V Estacionária (27313),,160,6,0.96,960,5600.97,,3,1,6,Solar Kit Off-Grid
,,1,12,kits,Neosolar,NEO-25130,,,1,Kit Energia Solar para Starlink - 06h/dia (até 640 Wh/dia) - Chumbo (25130),,160,160,25.6,25600,2037.51,,1,1,160,Solar Kit Off-Grid
,,2,12,kits,Neosolar,NEO-25048,,,1,Kit Energia Solar Off Grid - 340Wp 105Ah/24V (25048),,340,1,0.34,340,2600.37,,2,1,1,Solar Kit Off-Grid
,,1,12,kits,Neosolar,NEO-25047,,,1,Kit Energia Solar Off Grid - 320Wp 150Ah/12V (25047),,160,2,0.32,320,2159.1,,1,1,2,Solar Kit Off-Grid
,,2,12,kits,Neosolar,NEO-25163,,,1,Kit Energia Solar Off Grid - 340Wp 105Ah/24V 1000W/220V Ztroon,,340,1,0.34,340,3515.34,,2,1,1,Solar Kit Off-Grid
,,1,12,kits,Neosolar,NEO-25160,,,1,Kit Energia Solar Off Grid - 320Wp 150Ah/12V 600W/127V Ztroon,,160,2,0.32,320,2806.23,,1,1,2,Solar Kit Off-Grid
,,2,12,kits,Neosolar,NEO-25162,,,1,Kit Energia Solar Off Grid - 340Wp 105Ah/24V 1000W/127V Ztroon,,340,1,0.34,340,3515.34,,2,1,1,Solar Kit Off-Grid
,,1,48,kits,Neosolar,NEO-27267,,,,"Kit de Energia Solar Off Grid c/ Inv-car - 2,5kWp 100Ah 48/220V Lítio",,620,4,5.0,2480,11015.48,,1,0,4,Solar Kit Off-Grid
,,1,48,kits,Neosolar,NEO-27303,,,,"Kit de Energia Solar Off Grid c/ Inv-car - 2,5kWp 100Ah 48/220V Lítio",,620,4,5.0,2480,11085.92,,1,0,4,Solar Kit Off-Grid
,,1,48,kits,Neosolar,NEO-27299,,,,"Kit de Energia Solar Off Grid c/ Inv-car - 2,5kWp 100Ah 48/220V Lítio",,620,4,5.0,2480,10552.11,,1,0,4,Solar Kit Off-Grid
,,1,48,kits,Neosolar,NEO-27263,,,,"Kit de Energia Solar Off Grid c/ Inv-car - 2,5kWp 100Ah 48/220V Lítio",,620,4,5.0,2480,10481.67,,1,0,4,Solar Kit Off-Grid
,,1,48,kits,Neosolar,NEO-27259,,,,"Kit de Energia Solar Off Grid c/ Inv-car - 2,5kWp 100Ah 48/220V Lítio",,620,4,5.0,2480,12128.51,,1,0,4,Solar Kit Off-Grid
,,1,12,kits,Neosolar,NEO-25129,,,1,Kit Energia Solar para Starlink - 06h/dia (até 640 Wh/dia) - Chumbo (25129),,160,160,25.6,25600,1980.97,,1,1,160,Solar Kit Off-Grid
,,1,12,kits,Neosolar,NEO-23699,,,1,Kit Energia Solar para Starlink - 06h/dia (até 640 Wh/dia) - Chumbo (23699),,160,160,25.6,25600,0,,1,1,160,Solar Kit Off-Grid
,,1,12,kits,Neosolar,NEO-23703,,,1,Kit Energia Solar para Starlink - 10h/dia (até 1.280 Wh/dia) - Chumbo (23703),,320,320,102.4,102400,0,,1,1,320,Solar Kit Off-Grid
,,4,48,kits,Neosolar,NEO-27266,,,,"Kit de Energia Solar Off Grid c/ Inv-car - 5,0kWp 100Ah 48/220V Lítio",,620,8,4.96,4960,26697.71,,4,0,8,Solar Kit Off-Grid
,,2,48,kits,Neosolar,NEO-27304,,,,"Kit de Energia Solar Off Grid c/ Inv-car - 3,7kWp 100Ah 48/220V Lítio",,620,6,7.0,3720,17991.4,,2,0,6,Solar Kit Off-Grid
,,4,48,kits,Neosolar,NEO-27298,,,,"Kit de Energia Solar Off Grid c/ Inv-car - 5,0kWp 100Ah 48/220V Lítio",,620,8,4.96,4960,33355.51,,4,0,8,Solar Kit Off-Grid
,,3,48,kits,Neosolar,NEO-27297,,,,"Kit de Energia Solar Off Grid c/ Inv-car - 5,0kWp 100Ah 48/220V Lítio",,620,8,4.96,4960,27362.67,,3,0,8,Solar Kit Off-Grid
,,3,48,kits,Neosolar,NEO-27305,,,,"Kit de Energia Solar Off Grid c/ Inv-car - 5,0kWp 100Ah 48/220V Lítio",,620,8,4.96,4960,24023.58,,3,0,8,Solar Kit Off-Grid
,,4,48,kits,Neosolar,NEO-27306,,,,"Kit de Energia Solar Off Grid c/ Inv-car - 5,0kWp 100Ah 48/220V Lítio",,,,0.0,0,28903.4,,4,0,0,Solar Kit Off-Grid
,,3,48,kits,Neosolar,NEO-27269,,,,"Kit de Energia Solar Off Grid c/ Inv-car - 5,0kWp 100Ah 48/220V Lítio",,620,8,4.96,4960,23953.15,,3,0,8,Solar Kit Off-Grid
,,2,48,kits,Neosolar,NEO-27268,,,,"Kit de Energia Solar Off Grid c/ Inv-car - 3,7kWp 100Ah 48/220V Lítio",,620,6,7.0,3720,17920.96,,2,0,6,Solar Kit Off-Grid
,,2,48,kits,Neosolar,NEO-27300,,,,"Kit de Energia Solar Off Grid c/ Inv-car - 3,7kWp 100Ah 48/220V Lítio",,620,6,7.0,3720,16923.78,,2,0,6,Solar Kit Off-Grid
,,4,48,kits,Neosolar,NEO-27302,,,,"Kit de Energia Solar Off Grid c/ Inv-car - 5,0kWp 100Ah 48/220V Lítio",,620,8,4.96,4960,26768.14,,4,0,8,Solar Kit Off-Grid
,,3,48,kits,Neosolar,NEO-27301,,,,"Kit de Energia Solar Off Grid c/ Inv-car - 5,0kWp 100Ah 48/220V Lítio",,620,8,4.96,4960,22422.14,,3,0,8,Solar Kit Off-Grid
,,2,48,kits,Neosolar,NEO-27296,,,,"Kit de Energia Solar Off Grid c/ Inv-car - 3,7kWp 100Ah 48/220V Lítio",,620,6,7.0,3720,20217.47,,2,0,6,Solar Kit Off-Grid
,,4,48,kits,Neosolar,NEO-27270,,,,"Kit de Energia Solar Off Grid c/ Inv-car - 5,0kWp 100Ah 48/220V Lítio",,620,8,4.96,4960,28832.96,,4,0,8,Solar Kit Off-Grid
,,2,48,kits,Neosolar,NEO-27260,,,,"Kit de Energia Solar Off Grid c/ Inv-car - 3,7kWp 100Ah 48/220V Lítio",,620,6,7.0,3720,20147.03,,2,0,6,Solar Kit Off-Grid
,,3,48,kits,Neosolar,NEO-27261,,,,"Kit de Energia Solar Off Grid c/ Inv-car - 5,0kWp 100Ah 48/220V Lítio",,620,8,4.96,4960,27292.24,,3,0,8,Solar Kit Off-Grid
,,2,48,kits,Neosolar,NEO-27264,,,,"Kit de Energia Solar Off Grid c/ Inv-car - 3,7kWp 100Ah 48/220V Lítio",,620,6,7.0,3720,16853.34,,2,0,6,Solar Kit Off-Grid
,,3,48,kits,Neosolar,NEO-27265,,,,"Kit de Energia Solar Off Grid c/ Inv-car - 5,0kWp 100Ah 48/220V Lítio",,620,8,4.96,4960,22351.7,,3,0,8,Solar Kit Off-Grid
,,4,48,kits,Neosolar,NEO-27262,,,,"Kit de Energia Solar Off Grid c/ Inv-car - 5,0kWp 100Ah 48/220V Lítio",,620,8,4.96,4960,33285.07,,4,0,8,Solar Kit Off-Grid
,,7,48,kits,Neosolar,NEO-26701,,,,"Kit de Energia Solar Off Grid c/ Inv-car - 6,2kWp 100Ah 24/220V Lítio (26701)",,620,10,2.0,6200,0,,7,0,10,Solar Kit Off-Grid
,,1,12,kits,Neosolar,NEO-26723,,,1,Kit Energia Solar Off Grid s/ Inversor - 160Wp 165Ah / 150Ah 12V Estacionária (26723),,160,1,0.16,160,1563.51,,1,1,1,Solar Kit Off-Grid
,,1,12,kits,Neosolar,NEO-25132,,,1,Kit Energia Solar para Starlink - 10h/dia (até 1.280 Wh/dia) - Chumbo (25132),,320,320,102.4,102400,2470.79,,1,1,320,Solar Kit Off-Grid
,,1,12,kits,Neosolar,NEO-25044,,,1,Kit Energia Solar Off Grid - 60Wp 45Ah/12V (25044),,60,1,0.06,60,916.2,,1,1,1,Solar Kit Off-Grid
,,1,12,kits,Neosolar,NEO-25045,,,1,Kit Energia Solar Off Grid - 100Wp 45Ah/12V (25045),,100,1,0.1,100,932.16,,1,1,1,Solar Kit Off-Grid
,,1,12,kits,Neosolar,NEO-25043,,,1,Kit Energia Solar Off Grid - 30Wp 45Ah/12V (25043),,30,1,0.03,30,861.47,,1,1,1,Solar Kit Off-Grid
,,1,12,kits,Neosolar,NEO-25154,,,1,Kit Energia Solar Off Grid - 60Wp 45Ah/12V 600W/127V Ztroon,,60,1,0.06,60,1563.33,,1,1,1,Solar Kit Off-Grid
,,1,12,kits,Neosolar,NEO-25156,,,1,Kit Energia Solar Off Grid - 100Wp 45Ah/12V 600W/127V Ztroon,,100,1,0.1,100,1579.29,,1,1,1,Solar Kit Off-Grid
,,2,48,kits,Neosolar,NEO-26695,,,,"Kit de Energia Solar Off Grid c/ Inv-car - 3,7kWp 100Ah 24/220V Lítio (26695)",,620,6,7.0,3720,0,,2,0,6,Solar Kit Off-Grid
,,1,48,kits,Neosolar,NEO-26694,,,,"Kit de Energia Solar Off Grid c/ Inv-car - 2,5kWp 100Ah 48/220V Lítio",,620,4,5.0,2480,0,,1,0,4,Solar Kit Off-Grid
,,4,48,kits,Neosolar,NEO-26698,,,,"Kit de Energia Solar Off Grid c/ Inv-car - 3,7kWp 100Ah 24/220V Lítio (26698)",,620,6,7.0,3720,0,,4,0,6,Solar Kit Off-Grid
,,5,48,kits,Neosolar,NEO-26699,,,,"Kit de Energia Solar Off Grid c/ Inv-car - 6,2kWp 100Ah 24/220V Lítio (26699)",,620,10,2.0,6200,0,,5,0,10,Solar Kit Off-Grid
,,3,48,kits,Neosolar,NEO-26697,,,,"Kit de Energia Solar Off Grid c/ Inv-car - 3,1kWp 100Ah 24/220V Lítio (26697)",,620,5,1.0,3100,0,,3,0,5,Solar Kit Off-Grid
,,2,48,kits,Neosolar,NEO-26696,,,,"Kit de Energia Solar Off Grid c/ Inv-car - 1,9kWp 100Ah 24/220V Lítio (26696)",,620,3,9.0,1860,0,,2,0,3,Solar Kit Off-Grid
,,6,48,kits,Neosolar,NEO-26700,,,,"Kit de Energia Solar Off Grid c/ Inv-car - 6,2kWp 100Ah 24/220V Lítio (26700)",,620,10,2.0,6200,0,,6,0,10,Solar Kit Off-Grid
,,2,12,kits,Neosolar,NEO-25053,,,1,Kit Energia Solar Off Grid - 680Wp 220Ah/24V (25053),,340,2,0.68,680,4624.47,,2,1,2,Solar Kit Off-Grid
,,1,48,kits,Neosolar,NEO-26968,,,,"Kit de Energia Solar Off Grid c/ Inv-car - 2,5kWp 100Ah 24/220V Lítio (26968)",,620,4,5.0,2480,0,,1,0,4,Solar Kit Off-Grid
,,7,48,kits,Neosolar,NEO-26991,,,,"Kit de Energia Solar Off Grid c/ Inv-car - 6,2kWp 100Ah 24/220V Lítio (26991)",,620,10,2.0,6200,0,,7,0,10,Solar Kit Off-Grid
,,7,48,kits,Neosolar,NEO-26975,,,,"Kit de Energia Solar Off Grid c/ Inv-car - 6,2kWp 100Ah 24/220V Lítio (26975)",,620,10,2.0,6200,0,,7,0,10,Solar Kit Off-Grid
,,1,48,kits,Neosolar,NEO-26984,,,,"Kit de Energia Solar Off Grid c/ Inv-car - 2,5kWp 100Ah 24/220V Lítio (26984)",,620,4,5.0,2480,0,,1,0,4,Solar Kit Off-Grid
,,3,48,kits,Neosolar,NEO-26971,,,,"Kit de Energia Solar Off Grid c/ Inv-car - 3,1kWp 100Ah 24/220V Lítio (26971)",,620,5,1.0,3100,0,,3,0,5,Solar Kit Off-Grid
,,4,48,kits,Neosolar,NEO-26972,,,,"Kit de Energia Solar Off Grid c/ Inv-car - 3,7kWp 100Ah 24/220V Lítio (26972)",,620,6,7.0,3720,0,,4,0,6,Solar Kit Off-Grid
,,2,48,kits,Neosolar,NEO-26969,,,,"Kit de Energia Solar Off Grid c/ Inv-car - 3,7kWp 100Ah 24/220V Lítio (26969)",,620,6,7.0,3720,0,,2,0,6,Solar Kit Off-Grid
,,2,48,kits,Neosolar,NEO-26970,,,,"Kit de Energia Solar Off Grid c/ Inv-car - 1,9kWp 100Ah 24/220V Lítio (26970)",,620,3,9.0,1860,0,,2,0,3,Solar Kit Off-Grid
,,4,48,kits,Neosolar,NEO-26988,,,,"Kit de Energia Solar Off Grid c/ Inv-car - 3,7kWp 100Ah 24/220V Lítio (26988)",,620,6,7.0,3720,0,,4,0,6,Solar Kit Off-Grid
,,3,48,kits,Neosolar,NEO-26987,,,,"Kit de Energia Solar Off Grid c/ Inv-car - 3,1kWp 100Ah 24/220V Lítio (26987)",,620,5,1.0,3100,0,,3,0,5,Solar Kit Off-Grid
,,2,48,kits,Neosolar,NEO-26986,,,,"Kit de Energia Solar Off Grid c/ Inv-car - 1,9kWp 100Ah 24/220V Lítio (26986)",,620,3,9.0,1860,0,,2,0,3,Solar Kit Off-Grid
,,2,48,kits,Neosolar,NEO-26985,,,,"Kit de Energia Solar Off Grid c/ Inv-car - 3,7kWp 100Ah 24/220V Lítio (26985)",,620,6,7.0,3720,0,,2,0,6,Solar Kit Off-Grid
,,1,48,kits,Neosolar,NEO-27314,,,1,"Kit Energia Solar Off Grid - 1,24kWp 100Ah/48V Lítio (27314)",,620,2,24.0,1240,6807.53,,1,1,2,Solar Kit Off-Grid
,,1,6,kits,Neosolar,NEO-25049,,,1,Kit Energia Solar Off Grid - 680Wp 100Ah/24V Lítio (25049),,340,2,0.68,680,5897.16,,1,1,2,Solar Kit Off-Grid
,,1,6,kits,Neosolar,NEO-27475,,,1,Kit Energia Solar Off Grid - 680Wp 100Ah/24V Lítio (27475),,340,2,0.68,680,4653.12,,1,1,2,Solar Kit Off-Grid
,,1,6,kits,Neosolar,NEO-25164,,,1,Kit Energia Solar Off Grid - 680Wp 100Ah/24V Lítio 1000W/127V Ztroon,,340,2,0.68,680,6812.12,,1,1,2,Solar Kit Off-Grid
,,2,48,kits,Neosolar,NEO-27315,,,1,"Kit Energia Solar Off Grid - 1,24kWp 100Ah/48V Lítio (27315)",,620,4,24.0,2480,12731.46,,2,1,4,Solar Kit Off-Grid
,,1,12,kits,Neosolar,NEO-23927,,,1,Kit Energia Solar Off Grid s/ Inversor - 30Wp 115/105Ah 12V Estacionária (23927),,30,1,0.03,30,1256.64,,1,1,1,Solar Kit Off-Grid
,,1,48,kits,Neosolar,NEO-27347,,,1,"Kit Energia Solar Off Grid - 1,24kWp 100Ah/48V Lítio - Inversor 2000W 48/127 (27347)",,620,2,24.0,1240,0,,1,2,2,Solar Kit Off-Grid
,,2,48,kits,Neosolar,NEO-27349,,,1,"Kit Energia Solar Off Grid - 1,24kWp 100Ah/48V Lítio  - Inversor 2000W 48/127 (27349)",,620,4,24.0,2480,0,,2,2,4,Solar Kit Off-Grid
,,1,12,kits,Neosolar,NEO-25131,,,1,Kit Energia Solar para Starlink - 10h/dia (até 1.280 Wh/dia) - Chumbo (25131),,320,320,102.4,102400,2414.24,,1,1,320,Solar Kit Off-Grid
,,1,12,kits,Neosolar,NEO-23928,,,1,Kit Energia Solar Off Grid s/ Inversor - 60Wp 115/105Ah 12V Estacionária (23928),,60,1,0.06,60,1343.79,,1,1,1,Solar Kit Off-Grid
,,1,12,kits,Neosolar,NEO-27339,,,1,Kit Energia Solar Off Grid s/ Inversor - 100Wp 115/105Ah 12V Estacionária (27339),,100,1,0.1,100,1113.09,,1,1,1,Solar Kit Off-Grid
,,1,12,kits,Neosolar,NEO-23929,,,1,Kit Energia Solar Off Grid s/ Inversor - 100Wp 115/105Ah 12V Estacionária (23929),,100,1,0.1,100,1343.79,,1,1,1,Solar Kit Off-Grid
,,2,12,kits,Neosolar,NEO-27476,,,1,Kit Energia Solar Off Grid - 680Wp 220Ah/24V (27476),,340,2,0.68,680,3767.8,,2,1,2,Solar Kit Off-Grid
,,1,12,kits,Neosolar,NEO-26720,,,1,Kit Energia Solar Off Grid s/ Inversor - 320Wp 240Ah / 220Ah 12V Estacionária (26720),,160,2,0.32,320,2195.68,,1,1,2,Solar Kit Off-Grid
,,1,12,kits,Neosolar,NEO-26721,,,1,Kit Energia Solar Off Grid s/ Inversor - 320Wp 240Ah / 220Ah 12V Estacionária (26721),,160,2,0.32,320,2272.99,,1,1,2,Solar Kit Off-Grid
,,1,12,kits,Neosolar,NEO-25158,,,1,Kit Energia Solar Off Grid - 160Wp 105Ah/12V 600W/127V Ztroon,,160,1,0.16,160,2070.56,,1,1,1,Solar Kit Off-Grid
,,2,12,kits,Neosolar,NEO-26722,,,1,Kit Energia Solar Off Grid s/ Inversor - 480Wp 240Ah / 220Ah 12V Estacionária (26722),,160,3,0.48,480,4162.98,,2,1,3,Solar Kit Off-Grid
,,1,48,kits,Neosolar,NEO-27348,,,1,"Kit Energia Solar Off Grid - 1,24kWp 100Ah/48V Lítio - Inversor 2000W 48/220 (27348)",,620,2,24.0,1240,0,,1,2,2,Solar Kit Off-Grid
,,2,48,kits,Neosolar,NEO-27378,,,1,"Kit Energia Solar Off Grid - 1,24kWp 100Ah/48V Lítio  - Inversor 2000W 48/220 (27378)",,620,4,24.0,2480,13837.36,,2,2,4,Solar Kit Off-Grid
,,3,12,kits,Neosolar,NEO-27313,,,1,Kit Energia Solar Off Grid s/ Inversor - 960Wp 240Ah / 220Ah 12V Estacionária (27313),,160,6,0.96,960,5600.97,,3,1,6,Solar Kit Off-Grid
,,1,12,kits,Neosolar,NEO-25130,,,1,Kit Energia Solar para Starlink - 06h/dia (até 640 Wh/dia) - Chumbo (25130),,160,160,25.6,25600,2037.51,,1,1,160,Solar Kit Off-Grid
,,2,12,kits,Neosolar,NEO-25048,,,1,Kit Energia Solar Off Grid - 340Wp 105Ah/24V (25048),,340,1,0.34,340,2600.37,,2,1,1,Solar Kit Off-Grid
,,1,12,kits,Neosolar,NEO-25047,,,1,Kit Energia Solar Off Grid - 320Wp 150Ah/12V (25047),,160,2,0.32,320,2159.1,,1,1,2,Solar Kit Off-Grid
,,2,12,kits,Neosolar,NEO-25163,,,1,Kit Energia Solar Off Grid - 340Wp 105Ah/24V 1000W/220V Ztroon,,340,1,0.34,340,3515.34,,2,1,1,Solar Kit Off-Grid
,,1,12,kits,Neosolar,NEO-25160,,,1,Kit Energia Solar Off Grid - 320Wp 150Ah/12V 600W/127V Ztroon,,160,2,0.32,320,2806.23,,1,1,2,Solar Kit Off-Grid
,,2,12,kits,Neosolar,NEO-25162,,,1,Kit Energia Solar Off Grid - 340Wp 105Ah/24V 1000W/127V Ztroon,,340,1,0.34,340,3515.34,,2,1,1,Solar Kit Off-Grid
,,1,48,kits,Neosolar,NEO-27267,,,,"Kit de Energia Solar Off Grid c/ Inv-car - 2,5kWp 100Ah 48/220V Lítio",,620,4,5.0,2480,11015.48,,1,0,4,Solar Kit Off-Grid
,,1,48,kits,Neosolar,NEO-27303,,,,"Kit de Energia Solar Off Grid c/ Inv-car - 2,5kWp 100Ah 48/220V Lítio",,620,4,5.0,2480,11085.92,,1,0,4,Solar Kit Off-Grid
,,1,48,kits,Neosolar,NEO-27299,,,,"Kit de Energia Solar Off Grid c/ Inv-car - 2,5kWp 100Ah 48/220V Lítio",,620,4,5.0,2480,10552.11,,1,0,4,Solar Kit Off-Grid
,,1,48,kits,Neosolar,NEO-27263,,,,"Kit de Energia Solar Off Grid c/ Inv-car - 2,5kWp 100Ah 48/220V Lítio",,620,4,5.0,2480,10481.67,,1,0,4,Solar Kit Off-Grid
,,1,48,kits,Neosolar,NEO-27259,,,,"Kit de Energia Solar Off Grid c/ Inv-car - 2,5kWp 100Ah 48/220V Lítio",,620,4,5.0,2480,12128.51,,1,0,4,Solar Kit Off-Grid
,,1,12,kits,Neosolar,NEO-25129,,,1,Kit Energia Solar para Starlink - 06h/dia (até 640 Wh/dia) - Chumbo (25129),,160,160,25.6,25600,1980.97,,1,1,160,Solar Kit Off-Grid
,,1,12,kits,Neosolar,NEO-23699,,,1,Kit Energia Solar para Starlink - 06h/dia (até 640 Wh/dia) - Chumbo (23699),,160,160,25.6,25600,0,,1,1,160,Solar Kit Off-Grid
,,1,12,kits,Neosolar,NEO-23703,,,1,Kit Energia Solar para Starlink - 10h/dia (até 1.280 Wh/dia) - Chumbo (23703),,320,320,102.4,102400,0,,1,1,320,Solar Kit Off-Grid
,,4,48,kits,Neosolar,NEO-27266,,,,"Kit de Energia Solar Off Grid c/ Inv-car - 5,0kWp 100Ah 48/220V Lítio",,620,8,4.96,4960,26697.71,,4,0,8,Solar Kit Off-Grid
,,2,48,kits,Neosolar,NEO-27304,,,,"Kit de Energia Solar Off Grid c/ Inv-car - 3,7kWp 100Ah 48/220V Lítio",,620,6,7.0,3720,17991.4,,2,0,6,Solar Kit Off-Grid
,,4,48,kits,Neosolar,NEO-27298,,,,"Kit de Energia Solar Off Grid c/ Inv-car - 5,0kWp 100Ah 48/220V Lítio",,620,8,4.96,4960,33355.51,,4,0,8,Solar Kit Off-Grid
,,3,48,kits,Neosolar,NEO-27297,,,,"Kit de Energia Solar Off Grid c/ Inv-car - 5,0kWp 100Ah 48/220V Lítio",,620,8,4.96,4960,27362.67,,3,0,8,Solar Kit Off-Grid
,,3,48,kits,Neosolar,NEO-27305,,,,"Kit de Energia Solar Off Grid c/ Inv-car - 5,0kWp 100Ah 48/220V Lítio",,620,8,4.96,4960,24023.58,,3,0,8,Solar Kit Off-Grid
,,4,48,kits,Neosolar,NEO-27306,,,,"Kit de Energia Solar Off Grid c/ Inv-car - 5,0kWp 100Ah 48/220V Lítio",,,,0.0,0,28903.4,,4,0,0,Solar Kit Off-Grid
,,3,48,kits,Neosolar,NEO-27269,,,,"Kit de Energia Solar Off Grid c/ Inv-car - 5,0kWp 100Ah 48/220V Lítio",,620,8,4.96,4960,23953.15,,3,0,8,Solar Kit Off-Grid
,,2,48,kits,Neosolar,NEO-27268,,,,"Kit de Energia Solar Off Grid c/ Inv-car - 3,7kWp 100Ah 48/220V Lítio",,620,6,7.0,3720,17920.96,,2,0,6,Solar Kit Off-Grid
,,2,48,kits,Neosolar,NEO-27300,,,,"Kit de Energia Solar Off Grid c/ Inv-car - 3,7kWp 100Ah 48/220V Lítio",,620,6,7.0,3720,16923.78,,2,0,6,Solar Kit Off-Grid
,,4,48,kits,Neosolar,NEO-27302,,,,"Kit de Energia Solar Off Grid c/ Inv-car - 5,0kWp 100Ah 48/220V Lítio",,620,8,4.96,4960,26768.14,,4,0,8,Solar Kit Off-Grid
,,3,48,kits,Neosolar,NEO-27301,,,,"Kit de Energia Solar Off Grid c/ Inv-car - 5,0kWp 100Ah 48/220V Lítio",,620,8,4.96,4960,22422.14,,3,0,8,Solar Kit Off-Grid
,,2,48,kits,Neosolar,NEO-27296,,,,"Kit de Energia Solar Off Grid c/ Inv-car - 3,7kWp 100Ah 48/220V Lítio",,620,6,7.0,3720,20217.47,,2,0,6,Solar Kit Off-Grid
,,4,48,kits,Neosolar,NEO-27270,,,,"Kit de Energia Solar Off Grid c/ Inv-car - 5,0kWp 100Ah 48/220V Lítio",,620,8,4.96,4960,28832.96,,4,0,8,Solar Kit Off-Grid
,,2,48,kits,Neosolar,NEO-27260,,,,"Kit de Energia Solar Off Grid c/ Inv-car - 3,7kWp 100Ah 48/220V Lítio",,620,6,7.0,3720,20147.03,,2,0,6,Solar Kit Off-Grid
,,3,48,kits,Neosolar,NEO-27261,,,,"Kit de Energia Solar Off Grid c/ Inv-car - 5,0kWp 100Ah 48/220V Lítio",,620,8,4.96,4960,27292.24,,3,0,8,Solar Kit Off-Grid
,,2,48,kits,Neosolar,NEO-27264,,,,"Kit de Energia Solar Off Grid c/ Inv-car - 3,7kWp 100Ah 48/220V Lítio",,620,6,7.0,3720,16853.34,,2,0,6,Solar Kit Off-Grid
,,3,48,kits,Neosolar,NEO-27265,,,,"Kit de Energia Solar Off Grid c/ Inv-car - 5,0kWp 100Ah 48/220V Lítio",,620,8,4.96,4960,22351.7,,3,0,8,Solar Kit Off-Grid
,,4,48,kits,Neosolar,NEO-27262,,,,"Kit de Energia Solar Off Grid c/ Inv-car - 5,0kWp 100Ah 48/220V Lítio",,620,8,4.96,4960,33285.07,,4,0,8,Solar Kit Off-Grid
,,7,48,kits,Neosolar,NEO-26701,,,,"Kit de Energia Solar Off Grid c/ Inv-car - 6,2kWp 100Ah 24/220V Lítio (26701)",,620,10,2.0,6200,0,,7,0,10,Solar Kit Off-Grid
,,1,12,kits,Neosolar,NEO-26723,,,1,Kit Energia Solar Off Grid s/ Inversor - 160Wp 165Ah / 150Ah 12V Estacionária (26723),,160,1,0.16,160,1563.51,,1,1,1,Solar Kit Off-Grid
,,1,12,kits,Neosolar,NEO-25132,,,1,Kit Energia Solar para Starlink - 10h/dia (até 1.280 Wh/dia) - Chumbo (25132),,320,320,102.4,102400,2470.79,,1,1,320,Solar Kit Off-Grid
,,1,12,kits,Neosolar,NEO-25044,,,1,Kit Energia Solar Off Grid - 60Wp 45Ah/12V (25044),,60,1,0.06,60,916.2,,1,1,1,Solar Kit Off-Grid
,,1,12,kits,Neosolar,NEO-25045,,,1,Kit Energia Solar Off Grid - 100Wp 45Ah/12V (25045),,100,1,0.1,100,932.16,,1,1,1,Solar Kit Off-Grid
,,1,12,kits,Neosolar,NEO-25043,,,1,Kit Energia Solar Off Grid - 30Wp 45Ah/12V (25043),,30,1,0.03,30,861.47,,1,1,1,Solar Kit Off-Grid
,,1,12,kits,Neosolar,NEO-25154,,,1,Kit Energia Solar Off Grid - 60Wp 45Ah/12V 600W/127V Ztroon,,60,1,0.06,60,1563.33,,1,1,1,Solar Kit Off-Grid
,,1,12,kits,Neosolar,NEO-25156,,,1,Kit Energia Solar Off Grid - 100Wp 45Ah/12V 600W/127V Ztroon,,100,1,0.1,100,1579.29,,1,1,1,Solar Kit Off-Grid
,,2,48,kits,Neosolar,NEO-26695,,,,"Kit de Energia Solar Off Grid c/ Inv-car - 3,7kWp 100Ah 24/220V Lítio (26695)",,620,6,7.0,3720,0,,2,0,6,Solar Kit Off-Grid
,,1,48,kits,Neosolar,NEO-26694,,,,"Kit de Energia Solar Off Grid c/ Inv-car - 2,5kWp 100Ah 48/220V Lítio",,620,4,5.0,2480,0,,1,0,4,Solar Kit Off-Grid
,,4,48,kits,Neosolar,NEO-26698,,,,"Kit de Energia Solar Off Grid c/ Inv-car - 3,7kWp 100Ah 24/220V Lítio (26698)",,620,6,7.0,3720,0,,4,0,6,Solar Kit Off-Grid
,,5,48,kits,Neosolar,NEO-26699,,,,"Kit de Energia Solar Off Grid c/ Inv-car - 6,2kWp 100Ah 24/220V Lítio (26699)",,620,10,2.0,6200,0,,5,0,10,Solar Kit Off-Grid
,,3,48,kits,Neosolar,NEO-26697,,,,"Kit de Energia Solar Off Grid c/ Inv-car - 3,1kWp 100Ah 24/220V Lítio (26697)",,620,5,1.0,3100,0,,3,0,5,Solar Kit Off-Grid
,,2,48,kits,Neosolar,NEO-26696,,,,"Kit de Energia Solar Off Grid c/ Inv-car - 1,9kWp 100Ah 24/220V Lítio (26696)",,620,3,9.0,1860,0,,2,0,3,Solar Kit Off-Grid
,,6,48,kits,Neosolar,NEO-26700,,,,"Kit de Energia Solar Off Grid c/ Inv-car - 6,2kWp 100Ah 24/220V Lítio (26700)",,620,10,2.0,6200,0,,6,0,10,Solar Kit Off-Grid
,,2,12,kits,Neosolar,NEO-25053,,,1,Kit Energia Solar Off Grid - 680Wp 220Ah/24V (25053),,340,2,0.68,680,4624.47,,2,1,2,Solar Kit Off-Grid
,,1,48,kits,Neosolar,NEO-26968,,,,"Kit de Energia Solar Off Grid c/ Inv-car - 2,5kWp 100Ah 24/220V Lítio (26968)",,620,4,5.0,2480,0,,1,0,4,Solar Kit Off-Grid
,,7,48,kits,Neosolar,NEO-26991,,,,"Kit de Energia Solar Off Grid c/ Inv-car - 6,2kWp 100Ah 24/220V Lítio (26991)",,620,10,2.0,6200,0,,7,0,10,Solar Kit Off-Grid
,,7,48,kits,Neosolar,NEO-26975,,,,"Kit de Energia Solar Off Grid c/ Inv-car - 6,2kWp 100Ah 24/220V Lítio (26975)",,620,10,2.0,6200,0,,7,0,10,Solar Kit Off-Grid
,,1,48,kits,Neosolar,NEO-26984,,,,"Kit de Energia Solar Off Grid c/ Inv-car - 2,5kWp 100Ah 24/220V Lítio (26984)",,620,4,5.0,2480,0,,1,0,4,Solar Kit Off-Grid
,,3,48,kits,Neosolar,NEO-26971,,,,"Kit de Energia Solar Off Grid c/ Inv-car - 3,1kWp 100Ah 24/220V Lítio (26971)",,620,5,1.0,3100,0,,3,0,5,Solar Kit Off-Grid
,,4,48,kits,Neosolar,NEO-26972,,,,"Kit de Energia Solar Off Grid c/ Inv-car - 3,7kWp 100Ah 24/220V Lítio (26972)",,620,6,7.0,3720,0,,4,0,6,Solar Kit Off-Grid
,,2,48,kits,Neosolar,NEO-26969,,,,"Kit de Energia Solar Off Grid c/ Inv-car - 3,7kWp 100Ah 24/220V Lítio (26969)",,620,6,7.0,3720,0,,2,0,6,Solar Kit Off-Grid
,,2,48,kits,Neosolar,NEO-26970,,,,"Kit de Energia Solar Off Grid c/ Inv-car - 1,9kWp 100Ah 24/220V Lítio (26970)",,620,3,9.0,1860,0,,2,0,3,Solar Kit Off-Grid
,,4,48,kits,Neosolar,NEO-26988,,,,"Kit de Energia Solar Off Grid c/ Inv-car - 3,7kWp 100Ah 24/220V Lítio (26988)",,620,6,7.0,3720,0,,4,0,6,Solar Kit Off-Grid
,,3,48,kits,Neosolar,NEO-26987,,,,"Kit de Energia Solar Off Grid c/ Inv-car - 3,1kWp 100Ah 24/220V Lítio (26987)",,620,5,1.0,3100,0,,3,0,5,Solar Kit Off-Grid
,,2,48,kits,Neosolar,NEO-26986,,,,"Kit de Energia Solar Off Grid c/ Inv-car - 1,9kWp 100Ah 24/220V Lítio (26986)",,620,3,9.0,1860,0,,2,0,3,Solar Kit Off-Grid
,,2,48,kits,Neosolar,NEO-26985,,,,"Kit de Energia Solar Off Grid c/ Inv-car - 3,7kWp 100Ah 24/220V Lítio (26985)",,620,6,7.0,3720,0,,2,0,6,Solar Kit Off-Grid
,,8,12,kits,Neosolar,NEO-24435,,,,"Kit de Energia Solar Nobreak c/ Inv-car - 3,51kWp 440Ah 48/220V (24435)",,585,6,51.0,3510,0,,8,0,6,Solar Kit Off-Grid
,,14,12,kits,Neosolar,NEO-24767,,,,"Kit de Energia Solar Nobreak c/ Inv-car - 4,27kWp 220Ah 24/220V (24767)",,610,7,27.0,4270,0,,14,0,7,Solar Kit Off-Grid
,,2,12,kits,Neosolar,NEO-24763,,,,"Kit de Energia Solar Nobreak c/ Inv-car - 1,83kWp 220Ah 24/220V (24763)",,610,3,83.0,1830,0,,2,0,3,Solar Kit Off-Grid
,,8,12,kits,Neosolar,NEO-24765,,,,"Kit de Energia Solar Nobreak c/ Inv-car - 2,44kWp 220Ah 24/220V (24765)",,610,4,44.0,2440,0,,8,0,4,Solar Kit Off-Grid
,,1,6,kits,Neosolar,NEO-24773,,,,"Kit de Energia Solar Off Grid c/ Inv-car - 1,83kWp 100Ah 24/220V Lítio (24773)",,610,3,83.0,1830,0,,1,0,3,Solar Kit Off-Grid
,,2,12,kits,Neosolar,NEO-24764,,,,"Kit de Energia Solar Nobreak c/ Inv-car - 1,83kWp 220Ah 24/220V (24764)",,610,3,83.0,1830,0,,2,0,3,Solar Kit Off-Grid
,,4,48,kits,Neosolar,NEO-24444,,,,"Kit de Energia Solar Nobreak c/ Inv-car - 2,17kWp 220Ah 48/220V (24444)",,435,5,17.0,2175,0,,4,0,5,Solar Kit Off-Grid
,,,,kits,Neosolar,NEO-24044,,,,"Kit Energia Solar Híbrido Off-Grid UP6021 1,16kWp c/ Bateria de Chumbo (24044)",,0,16,16.0,1170,0,,0,0,18,Solar Kit Off-Grid
,,,,kits,Neosolar,NEO-24031,,,,"Kit Energia Solar Híbrido Off-Grid UP5042 4,06kWp c/ Bateria de Chumbo (24031)",,0,6,6.0,4095,0,,0,0,13,Solar Kit Off-Grid
,,,,kits,Neosolar,NEO-24052,,,,"Kit Nobreak Solar Híbrido Off-Grid UP8042 4,06kWp c/ Bateria de Lítio (24052)",,0,6,6.0,4095,0,,0,0,13,Solar Kit Off-Grid
,,,,kits,Neosolar,NEO-24046,,,,"Kit Nobreak Solar Híbrido Off-Grid UP8042 2,32 kWp c/ Bateria de Chumbo (24046)",,0,32,32.0,2340,0,,0,0,36,Solar Kit Off-Grid
,,,,kits,Neosolar,NEO-24055,,,,"Kit Nobreak Solar Híbrido Off-Grid UP8041 2,32 kWp c/ Bateria de Lítio (24055)",,0,32,32.0,2340,0,,0,0,36,Solar Kit Off-Grid
,,,,kits,Neosolar,NEO-24050,,,,"Kit Nobreak Solar Híbrido Off-Grid UP8042 4,09 kWp c/ Bateria de Chumbo (24050)",,0,5,9.0,4095,0,,0,0,12,Solar Kit Off-Grid
,,,,kits,Neosolar,NEO-24054,,,,"Kit Nobreak Solar Híbrido Off-Grid UP5042 2,32 kWp c/ Bateria de Chumbo (24054)",,0,32,32.0,2340,0,,0,0,36,Solar Kit Off-Grid
,,2,48,kits,Neosolar,NEO-22694,,,1,Kit Energia Solar Off Grid s/ Inversor - 2.32kWp 200Ah 48V Lítio (22694),,580,4,2.32,2320,0,,2,1,4,Solar Kit Off-Grid
,,1,12,kits,Neosolar,NEO-24119,,,1,Kit Energia Solar Off Grid s/ Inversor - 280Wp 220Ah 12V Chumbo (24119),,280,1,0.28,280,0,,1,1,1,Solar Kit Off-Grid
,,1,48,kits,Neosolar,NEO-24556,,,1,Kit Energia Solar Off Grid s/ Inversor - 1.17kWp 100Ah 48V Lítio (24556),,585,2,1.17,1170,0,,1,1,2,Solar Kit Off-Grid
,,2,48,kits,Neosolar,NEO-23939,,,1,Kit Energia Solar Off Grid s/ Inversor - 2.220Wp 100Ah 48V Lítio (23939),,555,4,0.22,2220,0,,2,1,4,Solar Kit Off-Grid
,,2,12,kits,Neosolar,NEO-23926,,,1,Kit Energia Solar Off Grid s/ Inversor - 480Wp 240Ah / 220Ah 12V Estacionária (23926),,160,3,0.48,480,0,,2,1,3,Solar Kit Off-Grid
,,2,12,kits,Neosolar,NEO-23932,,,1,Kit Energia Solar Off Grid s/ Inversor - 480Wp 240Ah / 220Ah 12V Estacionária (23932),,160,3,0.48,480,0,,2,1,3,Solar Kit Off-Grid
,,1,12,kits,Neosolar,NEO-24165,,,1,Kit Energia Solar Off Grid s/ Inversor - 320Wp 240Ah / 220Ah 12V Estacionária (23931),,160,2,0.32,320,0,,1,1,2,Solar Kit Off-Grid
,,4,12,kits,Neosolar,NEO-23936,,,1,Kit Energia Solar Off Grid s/ Inversor - 1.120Wp 240Ah / 220Ah 12V Estacionária (23936),,160,7,0.12,1120,0,,4,1,7,Solar Kit Off-Grid
,,2,48,kits,Neosolar,NEO-23938,,,1,Kit Energia Solar Off Grid s/ Inversor - 1.170Wp 105Ah 48V Lítio (23938),,585,2,0.17,1170,0,,2,1,2,Solar Kit Off-Grid
,,2,12,kits,Neosolar,NEO-22657,,,1,Kit Energia Solar Off Grid s/ Inversor - 330Wp 440Ah 12V Chumbo (22657),,330,1,0.33,330,0,,2,1,1,Solar Kit Off-Grid
,,1,12,kits,Neosolar,NEO-22656,,,1,Kit Energia Solar Off Grid s/ Inversor - 330Wp 220Ah 12V Chumbo (22656),,330,1,0.33,330,0,,1,1,1,Solar Kit Off-Grid
,,4,12,kits,Neosolar,NEO-22654,,,1,Kit Energia Solar Off Grid s/ Inversor - 560Wp 440Ah 24V Chumbo (22654),,280,2,0.56,560,0,,4,1,2,Solar Kit Off-Grid
,,2,12,kits,Neosolar,NEO-22653,,,1,Kit Energia Solar Off Grid s/ Inversor - 560Wp 220Ah 24V Chumbo (22653),,280,2,0.56,560,0,,2,1,2,Solar Kit Off-Grid
,,1,12,kits,Neosolar,NEO-22649,,,1,Kit Energia Solar Off Grid s/ Inversor - 280Wp 220Ah 12V Chumbo (22649),,280,1,0.28,280,0,,1,1,1,Solar Kit Off-Grid
,,4,12,kits,Neosolar,NEO-22631,,,1,Kit Energia Solar Off Grid s/ Inversor - 660Wp 300Ah 24V Chumbo (22631),,330,2,0.66,660,0,,4,1,2,Solar Kit Off-Grid
,,6,12,kits,Neosolar,NEO-22668,,,1,Kit Energia Solar Off Grid s/ Inversor - 1.12kWp 660Ah 24V Chumbo (22668),,280,4,1.12,1120,0,,6,1,4,Solar Kit Off-Grid
,,2,12,kits,Neosolar,NEO-22629,,,1,Kit Energia Solar Off Grid s/ Inversor - 330Wp 150Ah 24V Chumbo (22629),,330,1,0.33,330,0,,2,1,1,Solar Kit Off-Grid
,,6,48,kits,Neosolar,NEO-24551,,,,"Kit de Energia Solar Off Grid c/ Inv-car - 5,85kWp 600Ah 48/220V Lítio (24551)",,585,10,85.0,5850,0,,6,0,10,Solar Kit Off-Grid
,,4,48,kits,Neosolar,NEO-24553,,,,"Kit de Energia Solar Off Grid c/ Inv-car - 3,48kWp 400Ah 48/220V Lítio",,435,8,48.0,3480,0,,4,0,8,Solar Kit Off-Grid
,,8,48,kits,Neosolar,NEO-24615,,,,"Kit de Energia Solar Nobreak c/ Inv-car - 3,05kWp 440Ah 48/220V (24615)",,435,7,5.0,3045,0,,8,0,7,Solar Kit Off-Grid
,,2,48,kits,Neosolar,NEO-24549,,,,"Kit de Energia Solar Nobreak c/ Inv-car - 3,51kWp 200Ah 48/220V Lítio",,585,6,51.0,3510,0,,2,0,6,Solar Kit Off-Grid
,,12,12,kits,Neosolar,NEO-24758,,,,"Kit de Energia Solar Nobreak c/ Inv-car - 3,05kWp 220Ah 48/220V (24758)",,610,5,5.0,3050,0,,12,0,5,Solar Kit Off-Grid
,,4,12,kits,Neosolar,NEO-24756,,,,"Kit de Energia Solar Nobreak c/ Inv-car - 2,44kWp 220Ah 48/220V (24756)",,610,4,44.0,2440,0,,4,0,4,Solar Kit Off-Grid
,,4,12,kits,Neosolar,NEO-24757,,,,"Kit de Energia Solar Nobreak c/ Inv-car - 2,44kWp 220Ah 48/220V (24757)",,610,4,44.0,2440,0,,4,0,4,Solar Kit Off-Grid
,,1,48,kits,Neosolar,NEO-24760,,,,"Kit de Energia Solar Off Grid c/ Inv-car - 2,44kWp 100Ah 48/220V Lítio (24760)",,610,4,44.0,2440,0,,1,0,4,Solar Kit Off-Grid
,,12,48,kits,Neosolar,NEO-24448,,,,"Kit de Energia Solar Off Grid c/ Inversor Carregador - 2,61kWp 660Ah 48/220V (24448)",,435,6,61.0,2610,0,,12,0,6,Solar Kit Off-Grid
,,8,48,kits,Neosolar,NEO-24445,,,,"Kit de Energia Solar Nobreak c/ Inversor Carregador - 3,48kWp 440Ah 48/220V (24445)",,435,8,48.0,3480,0,,8,0,8,Solar Kit Off-Grid
,,8,12,kits,Neosolar,NEO-24436,,,,"Kit de Energia Solar Nobreak c/ Inv-car - 3,51kWp 440Ah 48/220V (24436)",,585,6,51.0,3510,0,,8,0,6,Solar Kit Off-Grid
,,12,12,kits,Neosolar,NEO-24437,,,,"Kit de Energia Solar Off Grid c/ Inv-car - 2,93kWp 660Ah 48/220V (24437)",,585,5,93.0,2925,0,,12,0,5,Solar Kit Off-Grid
,,,,kits,Neosolar,NEO-24057,,,,"Kit Nobreak Solar Híbrido Off-Grid UP6021 1,16kWp c/ Bateria de Chumbo (24057)",,0,17,16.0,1170,0,,0,0,19,Solar Kit Off-Grid
,,,,kits,Neosolar,NEO-24043,,,,"Kit Energia Solar Híbrido Off-Grid UP8042 2,90kWp c/ Bateria de Chumbo (24043)",,0,90,90.0,2925,0,,0,0,95,Solar Kit Off-Grid
,,,,kits,Neosolar,NEO-24041,,,,"Kit Energia Solar Híbrido Off-Grid UP8041 2,32kWp 15kWh c/ Bateria de Lítio (24041)",,0,32,32.0,2340,0,,0,0,36,Solar Kit Off-Grid
,,,,kits,Neosolar,NEO-24058,,,,"Kit Nobreak Solar Híbrido Off-Grid UP8042 4,09kWp c/ Bateria de Lítio (24058)",,0,6,9.0,4095,0,,0,0,13,Solar Kit Off-Grid
,,4,12,kits,Neosolar,NEO-22680,,,1,Kit Energia Solar Off Grid s/ Inversor - 1.16kWp 440Ah 24V Chumbo (22680),,580,2,1.16,1160,0,,4,1,2,Solar Kit Off-Grid
,,6,12,kits,Neosolar,NEO-22681,,,1,Kit Energia Solar Off Grid s/ Inversor - 1.16kWp 660Ah 24V Chumbo (22681),,580,2,1.16,1160,0,,6,1,2,Solar Kit Off-Grid
,,2,12,kits,Neosolar,NEO-22672,,,1,Kit Energia Solar Off Grid s/ Inversor - 660Wp 220Ah 24V Chumbo (22672),,330,2,0.66,660,0,,2,1,2,Solar Kit Off-Grid
,,2,12,kits,Neosolar,NEO-22660,,,1,Kit Energia Solar Off Grid s/ Inversor - 330Wp 200Ah 12V Lítio (22660),,330,1,0.33,330,0,,2,1,1,Solar Kit Off-Grid
,,,,kits,Neosolar,NEO-20208,,,2,Kit Energia Solar Off Grid c/ Bateria 660Wp - até 2495Wh/dia,,,,0.66,0,0,,0,2,0,Solar Kit Off-Grid
,,,,kits,Neosolar,NEO-21093,,,,Kit Energia Solar Off Grid c/ Bateria 990Wp - até 3119Wh/dia,,,,0.99,0,0,,0,0,0,Solar Kit Off-Grid
,,,,kits,Neosolar,NEO-21822,,,,Kit Energia Solar Off Grid c/ Bateria 155Wp - até 488Wh/dia,,,,0.15,0,0,,0,0,0,Solar Kit Off-Grid
,,1,6,kits,Neosolar,NEO-25175,,,1,Kit Energia Solar Off Grid - 610Wp 100Ah/24V Lítio 2000W/220V Ztroon,,610,1,0.61,610,0,,1,1,1,Solar Kit Off-Grid
,,1,6,kits,Neosolar,NEO-25174,,,1,Kit Energia Solar Off Grid - 610Wp 100Ah/24V Lítio 2000W/127V Ztroon,,610,1,0.61,610,0,,1,1,1,Solar Kit Off-Grid
,,,,kits,Neosolar,NEO-23471,,,,"Kit Energia Solar Híbrido Off-Grid UP5042 4,09kWp c/ Bateria de Chumbo",,0,9,9.0,4095,0,,0,0,16,Solar Kit Off-Grid
,,4,48,kits,Neosolar,NEO-24810,,,,"Kit de Energia Solar Off Grid c/ Inv-car - 3,48kWp 400Ah 48/220V Litio (24810)",,435,8,48.0,3480,0,,4,0,8,Solar Kit Off-Grid
,,5,48,kits,Neosolar,NEO-24554,,,,"Kit de Energia Solar Off Grid c/ Inv-car - 5,22kWp 500Ah 48/220V Lítio",,435,12,22.0,5220,0,,5,0,12,Solar Kit Off-Grid
,,,,kits,Neosolar,NEO-24049,,,,"Kit Nobreak Solar Híbrido Off-Grid UP5042 4,06kWp c/ Bateria de Lítio (24049)",,0,32,6.0,4095,0,,0,0,39,Solar Kit Off-Grid
,,,,kits,Neosolar,NEO-24032,,,,"Kit Energia Solar Híbrido Off-Grid UP5042 4,06kWp 20kWh c/ Bateria de Lítio",,0,6,6.0,4095,0,,0,0,13,Solar Kit Off-Grid
,,,,kits,Neosolar,NEO-24047,,,,"Kit Nobreak Solar Híbrido Off-Grid UP8041 3,48 kWp c/ Bateria de Lítio (24047)",,0,48,48.0,3510,0,,0,0,54,Solar Kit Off-Grid
,,1,6,kits,Neosolar,NEO-25177,,,1,Kit Energia Solar Off Grid - 610Wp 100Ah/24V Lítio 2000W/220V Epever,,610,1,0.61,610,0,,1,1,1,Solar Kit Off-Grid
,,1,6,kits,Neosolar,NEO-25172,,,1,Kit Energia Solar Off Grid - 610Wp 100Ah/24V Lítio 1000W/127V Ztroon,,610,1,0.61,610,0,,1,1,1,Solar Kit Off-Grid
,,1,6,kits,Neosolar,NEO-25173,,,1,Kit Energia Solar Off Grid - 610Wp 100Ah/24V Lítio 1000W/220V Ztroon,,610,1,0.61,610,0,,1,1,1,Solar Kit Off-Grid
,,,,kits,Neosolar,NEO-24039,,,,"Kit Energia Solar Híbrido Off-Grid UP5042 2,32kWp 10kWh c/ Bateria de Lítio (24039)",,0,32,32.0,2340,0,,0,0,36,Solar Kit Off-Grid
,,8,48,kits,Neosolar,NEO-24616,,,,"Kit de Energia Solar Nobreak c/ Inv-car - 3,05kWp 440Ah 48/220V (24616)",,435,7,5.0,3045,0,,8,0,7,Solar Kit Off-Grid
,,4,48,kits,Neosolar,NEO-24614,,,,"Kit de Energia Solar Nobreak c/ Inv-car - 1,74kWp 220Ah 48/220V (24614)",,435,4,74.0,1740,0,,4,0,4,Solar Kit Off-Grid
,,1,48,kits,Neosolar,NEO-24617,,,,"Kit de Energia Solar Nobreak c/ Inv-car - 1,74kWp 100Ah 48/220V Lítio",,435,4,74.0,1740,0,,1,0,4,Solar Kit Off-Grid
,,4,48,kits,Neosolar,NEO-24613,,,,"Kit de Energia Solar Nobreak c/ Inv-car - 1,74kWp 220Ah 48/220V (24613)",,435,4,74.0,1740,0,,4,0,4,Solar Kit Off-Grid
,,8,12,kits,Neosolar,NEO-24622,,,,"Kit de Energia Solar Off Grid c/ Inv-car - 2,61kWp 880Ah 24/220V",,435,6,61.0,2610,0,,8,0,6,Solar Kit Off-Grid
,,12,12,kits,Neosolar,NEO-24438,,,,"Kit de Energia Solar Off Grid c/ Inv-car - 2,93kWp 660Ah 48/220V (24438)",,585,5,93.0,2925,0,,12,0,5,Solar Kit Off-Grid
,,,,kits,Neosolar,NEO-24045,,,,"Kit Nobreak Solar Híbrido Off-Grid UP5042 2,34kWp c/ Bateria de Lítio (24045)",,0,32,34.0,2340,0,,0,0,36,Solar Kit Off-Grid
,,,,kits,Neosolar,NEO-23489,,,,"Kit Nobreak Solar Híbrido Off-Grid UP8042 4,09 kWp c/ Bateria de Chumbo",,0,9,9.0,4095,0,,0,0,16,Solar Kit Off-Grid
,,,,kits,Neosolar,NEO-23472,,,,"Kit Energia Solar Híbrido Off-Grid UP5042 4,09kWp 20kWh c/ Bateria de Lítio",,0,9,9.0,4095,0,,0,0,16,Solar Kit Off-Grid
,,,,kits,Neosolar,NEO-21749,,,,"Kit Nobreak Solar Híbrido Off-Grid UP6021 1,84kWp c/ Bateria de Chumbo",,0,84,84.0,1840,0,,0,0,88,Solar Kit Off-Grid
,,2,48,kits,Neosolar,NEO-25200,,,1,"Kit Energia Solar Off Grid - 2,44kWp 105Ah/48V Lítio 2000W/127V Epever",,610,4,44.0,2440,0,,2,1,4,Solar Kit Off-Grid
,,2,48,kits,Neosolar,NEO-25201,,,1,"Kit Energia Solar Off Grid - 2,44kWp 105Ah/48V Lítio 2000W/220V Epever",,610,4,44.0,2440,0,,2,1,4,Solar Kit Off-Grid
,,1,48,kits,Neosolar,NEO-25197,,,1,"Kit Energia Solar Off Grid - 1,22kWp 105Ah/48V Lítio 2000W/220V Epever",,610,2,22.0,1220,0,,1,1,2,Solar Kit Off-Grid
,,1,48,kits,Neosolar,NEO-25196,,,1,"Kit Energia Solar Off Grid - 1,22kWp 105Ah/48V Lítio 2000W/127V Epever",,610,2,22.0,1220,0,,1,1,2,Solar Kit Off-Grid
,,1,48,kits,Neosolar,NEO-25198,,,1,"Kit Energia Solar Off Grid - 1,74kWp 105Ah/48V Lítio 2000W/127V Epever",,435,4,74.0,1740,9864.46,,1,1,4,Solar Kit Off-Grid
,,1,48,kits,Neosolar,NEO-25199,,,1,"Kit Energia Solar Off Grid - 1,74kWp 105Ah/48V Lítio 2000W/220V Epever",,435,4,74.0,1740,9864.46,,1,1,4,Solar Kit Off-Grid
,,4,12,kits,Neosolar,NEO-22667,,,1,Kit Energia Solar Off Grid s/ Inversor - 1.16kWp 440Ah 24V Chumbo (22667),,580,2,1.16,1160,0,,4,1,2,Solar Kit Off-Grid
,,2,12,kits,Neosolar,NEO-22678,,,1,Kit Energia Solar Off Grid s/ Inversor - 580Wp 440Ah 12V Chumbo (22678),,580,1,0.58,580,0,,2,1,1,Solar Kit Off-Grid
,,4,12,kits,Neosolar,NEO-22674,,,1,Kit Energia Solar Off Grid s/ Inversor - 1.38kWp 220Ah 48V Chumbo (22674),,460,3,1.38,1380,0,,4,1,3,Solar Kit Off-Grid
,,8,12,kits,Neosolar,NEO-22648,,,1,Kit Energia Solar Off Grid s/ Inversor - 1.98kWp 880Ah 24V Chumbo (22648),,330,6,1.98,1980,0,,8,1,6,Solar Kit Off-Grid
,,4,12,kits,Neosolar,NEO-22673,,,1,Kit Energia Solar Off Grid s/ Inversor - 660Wp 440Ah 24V Chumbo (22673),,330,2,0.66,660,0,,4,1,2,Solar Kit Off-Grid
,,1,12,kits,Neosolar,NEO-22670,,,1,Kit Energia Solar Off Grid s/ Inversor - 330Wp 220Ah 12V Chumbo (22670),,330,1,0.33,330,0,,1,1,1,Solar Kit Off-Grid
,,2,48,kits,Neosolar,NEO-22688,,,1,Kit Energia Solar Off Grid s/ Inversor - 2.32kWp 200Ah 48V Lítio (22688),,580,4,2.32,2320,0,,2,1,4,Solar Kit Off-Grid
,,2,48,kits,Neosolar,NEO-22687,,,1,Kit Energia Solar Off Grid s/ Inversor - 1.16kWp 200Ah 48V Lítio (22687),,580,2,1.16,1160,0,,2,1,2,Solar Kit Off-Grid
,,6,12,kits,Neosolar,NEO-22647,,,1,Kit Energia Solar Off Grid s/ Inversor - 1.65kWp 660Ah 24V Chumbo (22647),,330,5,1.65,1650,0,,6,1,5,Solar Kit Off-Grid
,,5,48,kits,Neosolar,NEO-24811,,,,"Kit de Energia Solar Off Grid c/ Inv-car - 5,22kWp 500Ah 48/220V Litio (24811)",,435,12,22.0,5220,0,,5,0,12,Solar Kit Off-Grid
,,1,48,kits,Neosolar,NEO-24552,,,,"Kit de Energia Solar Nobreak c/ Inv-car - 2,17kWp 100Ah 48/220V Lítio",,435,5,17.0,2175,0,,1,0,5,Solar Kit Off-Grid
,,1,48,kits,Neosolar,NEO-24808,,,,"Kit de Energia Solar Nobreak c/ Inv-car - 2,18kWp 100Ah 48/220V Litio (24808)",,435,5,18.0,2175,0,,1,0,5,Solar Kit Off-Grid
,,4,6,kits,Neosolar,NEO-24774,,,,"Kit de Energia Solar Off Grid c/ Inv-car - 2,44kWp 100Ah 24/220V Lítio (24774)",,610,4,44.0,2440,0,,4,0,4,Solar Kit Off-Grid
,,5,48,kits,Neosolar,NEO-24814,,,,"Kit de Energia Solar Off Grid c/ Inv-car - 6,1kWp 100Ah 48/220V Lítio (24814)",,610,10,1.0,6100,0,,5,0,10,Solar Kit Off-Grid
,,1,48,kits,Neosolar,NEO-24812,,,,"Kit de Energia Solar Off Grid c/ Inv-car - 2,44kWp 100Ah 48/220V Lítio (24812)",,610,4,44.0,2440,0,,1,0,4,Solar Kit Off-Grid
,,2,48,kits,Neosolar,NEO-24809,,,,"Kit de Energia Solar Off Grid c/ Inv-car - 1,74kWp 200Ah 48/220V Litio (24809)",,435,4,74.0,1740,0,,2,0,4,Solar Kit Off-Grid
,,,,kits,Neosolar,NEO-24037,,,,"Kit Energia Solar Híbrido Off-Grid UP5042 3,48kWp 15kWh c/ Bateria de Lítio (24037)",,0,48,48.0,3510,0,,0,0,54,Solar Kit Off-Grid
,,8,48,kits,Neosolar,NEO-24446,,,,"Kit de Energia Solar Nobreak c/ Inversor Carregador - 3,48kWp 440Ah 48/220V (24446)",,435,8,48.0,3480,0,,8,0,8,Solar Kit Off-Grid
,,8,12,kits,Neosolar,NEO-24623,,,,"Kit de Energia Solar Off Grid c/ Inv-car - 2,61kWp 880Ah 24/220V",,435,6,61.0,2610,0,,8,0,6,Solar Kit Off-Grid
,,2,48,kits,Neosolar,NEO-24813,,,,"Kit de Energia Solar Off Grid c/ Inv-car - 1,83kWp 100Ah 48/220V Lítio (24813)",,610,3,83.0,1830,0,,2,0,3,Solar Kit Off-Grid
,,14,12,kits,Neosolar,NEO-24768,,,,"Kit de Energia Solar Nobreak c/ Inv-car - 4,27kWp 220Ah 24/220V (24768)",,610,7,27.0,4270,0,,14,0,7,Solar Kit Off-Grid
,,12,12,kits,Neosolar,NEO-24759,,,,"Kit de Energia Solar Nobreak c/ Inv-car - 3,05kWp 220Ah 48/220V (24759)",,610,5,5.0,3050,0,,12,0,5,Solar Kit Off-Grid
,,8,12,kits,Neosolar,NEO-24766,,,,"Kit de Energia Solar Nobreak c/ Inv-car - 2,44kWp 220Ah 24/220V (24766)",,610,4,44.0,2440,0,,8,0,4,Solar Kit Off-Grid
,,2,48,kits,Neosolar,NEO-24761,,,,"Kit de Energia Solar Off Grid c/ Inv-car - 1,83kWp 100Ah 48/220V Lítio (24761)",,610,3,83.0,1830,0,,2,0,3,Solar Kit Off-Grid
,,2,48,kits,Neosolar,NEO-24618,,,,"Kit de Energia Solar Nobreak c/ Inv-car - 3,05kWp 200Ah 48/220V Lítio (24618)",,435,7,5.0,3045,0,,2,0,7,Solar Kit Off-Grid
,,1,48,kits,Neosolar,NEO-24548,,,,"Kit de Energia Solar Nobreak c/ Inv-car - 2,34kWp 100Ah 48/220V Lítio",,585,4,34.0,2340,0,,1,0,4,Solar Kit Off-Grid
,,3,48,kits,Neosolar,NEO-24550,,,,"Kit de Energia Solar Off Grid c/ Inv-car - 2,93kWp 300Ah 48/220V Lítio",,585,5,93.0,2925,0,,3,0,5,Solar Kit Off-Grid
,,,,kits,Neosolar,NEO-24038,,,,"Kit Energia Solar Híbrido Off-Grid UP8041 3,48kWp c/ Bateria de Chumbo (24038)",,0,48,48.0,3510,0,,0,0,54,Solar Kit Off-Grid
,,,,kits,Neosolar,NEO-24048,,,,"Kit Nobreak Solar Híbrido Off-Grid UP5042 4,06 kWp c/ Bateria de Chumbo (24048)",,0,6,6.0,4095,0,,0,0,13,Solar Kit Off-Grid
,,,,kits,Neosolar,NEO-24051,,,,"Kit Nobreak Solar Híbrido Off-Grid UP8042 2,90kWp c/ Bateria de Lítio (24051)",,0,90,90.0,2925,0,,0,0,95,Solar Kit Off-Grid
,,,,kits,Neosolar,NEO-24053,,,,"Kit Nobreak Solar Híbrido Off-Grid UP5042 3,51 kWp c/ Bateria de Chumbo (24053)",,0,48,51.0,3510,0,,0,0,54,Solar Kit Off-Grid
,,,,kits,Neosolar,NEO-24033,,,,"Kit Energia Solar Híbrido Off-Grid UP8042 4,06kWp c/ Bateria de Chumbo (24033)",,0,6,6.0,4095,0,,0,0,13,Solar Kit Off-Grid
,,,,kits,Neosolar,NEO-24056,,,,"Kit Nobreak Solar Híbrido Off-Grid UP8041 2,34 kWp c/ Bateria de Chumbo (24056)",,0,32,34.0,2340,0,,0,0,36,Solar Kit Off-Grid
,,,,kits,Neosolar,NEO-24035,,,,"Kit Energia Solar Híbrido Off-Grid UP8042 4,06kWp 25kWh c/ Bateria de Lítio (24035)",,0,6,6.0,4095,0,,0,0,13,Solar Kit Off-Grid
,,12,12,kits,Neosolar,NEO-22683,,,1,Kit Energia Solar Off Grid s/ Inversor - 2.32kWp 660Ah 48V Chumbo (22683),,580,4,2.32,2320,0,,12,1,4,Solar Kit Off-Grid
,,2,12,kits,Neosolar,NEO-24308,,,1,Kit Energia Solar Off Grid s/ Inversor - 560Wp 220Ah 24V Chumbo (22653),,280,2,0.56,560,0,,2,1,2,Solar Kit Off-Grid
,,1,12,kits,Neosolar,NEO-23925,,,1,Kit Energia Solar Off Grid s/ Inversor - 320Wp 240Ah / 220Ah 12V Estacionária (23925),,160,2,0.32,320,0,,1,1,2,Solar Kit Off-Grid
,,1,12,kits,Neosolar,NEO-24317,,,1,Kit Energia Solar Off Grid s/ Inversor - 160Wp 165Ah / 150Ah 12V Estacionária (24317),,160,1,0.16,160,0,,1,1,1,Solar Kit Off-Grid
,,1,12,kits,Neosolar,NEO-23931,,,1,Kit Energia Solar Off Grid s/ Inversor - 320Wp 240Ah / 220Ah 12V Estacionária (23931),,160,2,0.32,320,0,,1,1,2,Solar Kit Off-Grid
,,3,12,kits,Neosolar,NEO-23935,,,1,Kit Energia Solar Off Grid s/ Inversor - 960Wp 240Ah / 220Ah 12V Estacionária (23935),,160,6,0.96,960,0,,3,1,6,Solar Kit Off-Grid
,,3,12,kits,Neosolar,NEO-23934,,,1,Kit Energia Solar Off Grid s/ Inversor - 800Wp 240Ah / 220Ah 12V Estacionária (23934),,160,5,0.8,800,0,,3,1,5,Solar Kit Off-Grid
,,1,12,kits,Neosolar,NEO-23922,,,1,Kit Energia Solar Off Grid s/ Inversor - 60Wp 115/105h 12V Estacionária (23922),,60,1,0.06,60,0,,1,1,1,Solar Kit Off-Grid
,,2,12,kits,Neosolar,NEO-22636,,,1,Kit Energia Solar Off Grid s/ Inversor - 330Wp 150Ah 24V Chumbo (22636),,330,1,0.33,330,0,,2,1,1,Solar Kit Off-Grid
,,4,12,kits,Neosolar,NEO-22641,,,1,Kit Energia Solar Off Grid s/ Inversor - 990Wp 440Ah 24V Chumbo (22641),,330,3,0.99,990,0,,4,1,3,Solar Kit Off-Grid
,,2,12,kits,Neosolar,NEO-22639,,,1,Kit Energia Solar Off Grid s/ Inversor - 660Wp 220Ah 24V Chumbo (22639),,330,2,0.66,660,0,,2,1,2,Solar Kit Off-Grid
,,6,12,kits,Neosolar,NEO-22644,,,1,Kit Energia Solar Off Grid s/ Inversor - 1.32kWp 660Ah 24V Chumbo (22644),,330,4,1.32,1320,0,,6,1,4,Solar Kit Off-Grid
,,4,12,kits,Neosolar,NEO-22662,,,1,Kit Energia Solar Off Grid s/ Inversor - 660Wp 440Ah 24V Chumbo (22662),,330,2,0.66,660,0,,4,1,2,Solar Kit Off-Grid
,,2,12,kits,Neosolar,NEO-22661,,,1,Kit Energia Solar Off Grid s/ Inversor - 660Wp 220Ah 24V Chumbo (22661),,330,2,0.66,660,0,,2,1,2,Solar Kit Off-Grid
,,2,12,kits,Neosolar,NEO-22650,,,1,Kit Energia Solar Off Grid s/ Inversor - 280Wp 440Ah 12V Chumbo (22650),,280,1,0.28,280,0,,2,1,1,Solar Kit Off-Grid
,,2,12,kits,Neosolar,NEO-22632,,,1,Kit Energia Solar Off Grid s/ Inversor - 660Wp 220Ah 24V Chumbo (22632),,330,2,0.66,660,0,,2,1,2,Solar Kit Off-Grid
,,3,12,kits,Neosolar,NEO-22664,,,1,Kit Energia Solar Off Grid s/ Inversor - 560Wp 660Ah 12V Chumbo (22664),,280,2,0.56,560,0,,3,1,2,Solar Kit Off-Grid
,,4,12,kits,Neosolar,NEO-24434,,,,"Kit de Energia Solar Nobreak c/ Inv-car - 2,34kWp 220Ah 48/220V (24434)",,585,4,34.0,2340,0,,4,0,4,Solar Kit Off-Grid
,,4,6,kits,Neosolar,NEO-24625,,,,"Kit de Energia Solar Off Grid c/ Inv-car - 2,18kWp 400Ah 24/220V Lítio",,435,5,18.0,2175,0,,4,0,5,Solar Kit Off-Grid
,,12,48,kits,Neosolar,NEO-24447,,,,"Kit de Energia Solar Off Grid c/ Inversor Carregador - 2,61kWp 660Ah 48/220V (24447)",,435,6,61.0,2610,0,,12,0,6,Solar Kit Off-Grid
,,3,48,kits,Neosolar,NEO-24619,,,,"Kit de Energia Solar Off Grid c/ Inv-car - 2,61kWp 300Ah 48/220V Lítio (24619)",,435,6,61.0,2610,0,,3,0,6,Solar Kit Off-Grid
,,2,12,kits,Neosolar,NEO-24621,,,,"Kit de Energia Solar Nobreak c/ Inv-car - 1,74kWp 220Ah 24/220V",,435,4,74.0,1740,0,,2,0,4,Solar Kit Off-Grid
,,4,12,kits,Neosolar,NEO-24433,,,,"Kit de Energia Solar Nobreak c/ Inv-car - 2,34kWp 220Ah 48/220V (24433)",,585,4,34.0,2340,0,,4,0,4,Solar Kit Off-Grid
,,5,48,kits,Neosolar,NEO-24762,,,,"Kit de Energia Solar Off Grid c/ Inv-car - 6,1kWp 100Ah 48/220V Lítio (24762)",,610,10,1.0,6100,0,,5,0,10,Solar Kit Off-Grid
,,,,kits,Neosolar,NEO-24036,,,,"Kit Energia Solar Híbrido Off-Grid UP8042 3,48kWp 15kWh c/ Bateria de Lítio (24036)",,0,48,48.0,3510,0,,0,0,54,Solar Kit Off-Grid
,,,,kits,Neosolar,NEO-23477,,,,"Kit Energia Solar Híbrido Off-Grid UP5042 3,51kWp 15kWh c/ Bateria de Lítio",,0,51,51.0,3510,0,,0,0,57,Solar Kit Off-Grid
,,,,kits,Neosolar,NEO-23478,,,,"Kit Energia Solar Híbrido Off-Grid UP8041 3,51kWp c/ Bateria de Chumbo",,0,51,51.0,3510,0,,0,0,57,Solar Kit Off-Grid
,,,,kits,Neosolar,NEO-23480,,,,"Kit Energia Solar Híbrido Off-Grid UP8041 2,34kWp 10kWh c/ Bateria de Lítio",,0,34,34.0,2340,0,,0,0,38,Solar Kit Off-Grid
,,,,kits,Neosolar,NEO-23588,,,,"Kit Energia Solar Híbrido Off-Grid UP8041 2,34kWp 15kWh c/ Bateria de Lítio",,0,34,34.0,2340,0,,0,0,38,Solar Kit Off-Grid
,,,,kits,Neosolar,NEO-23490,,,,"Kit Nobreak Solar Híbrido Off-Grid UP8042 2,92kWp c/ Bateria de Lítio",,0,92,92.0,2925,0,,0,0,97,Solar Kit Off-Grid
,,,,kits,Neosolar,NEO-23485,,,,"Kit Nobreak Solar Híbrido Off-Grid UP8042 2,34 kWp c/ Bateria de Chumbo",,0,34,34.0,2340,0,,0,0,38,Solar Kit Off-Grid
,,,,kits,Neosolar,NEO-23482,,,,"Kit Energia Solar Híbrido Off-Grid UP8042 2,92kWp c/ Bateria de Chumbo",,0,92,92.0,2925,0,,0,0,97,Solar Kit Off-Grid
,,,,kits,Neosolar,NEO-24042,,,,"Kit Energia Solar Híbrido Off-Grid UP8041 2,32kWp c/ Bateria de Chumbo (24042)",,0,32,32.0,2340,0,,0,0,36,Solar Kit Off-Grid
,,,,kits,Neosolar,NEO-24040,,,,"Kit Energia Solar Híbrido Off-Grid UP8041 2,32kWp 10kWh c/ Bateria de Lítio (24040)",,0,32,32.0,2340,0,,0,0,36,Solar Kit Off-Grid
,,1,12,kits,Neosolar,NEO-22659,,,1,Kit Energia Solar Off Grid s/ Inversor - 330Wp 100Ah 12V Lítio (22659),,330,1,0.33,330,0,,1,1,1,Solar Kit Off-Grid
,,2,48,kits,Neosolar,NEO-25058,,,1,"Kit Energia Solar Off Grid - 2,44kWp 105Ah/48V Lítio (25058)",,610,4,44.0,2440,0,,2,1,4,Solar Kit Off-Grid
,,3,48,kits,Neosolar,NEO-22695,,,1,Kit Energia Solar Off Grid s/ Inversor - 2.32kWp 300Ah 48V Lítio (22695),,580,4,2.32,2320,0,,3,1,4,Solar Kit Off-Grid
,,2,48,kits,Neosolar,NEO-22693,,,1,Kit Energia Solar Off Grid s/ Inversor - 1.16kWp 200Ah 48V Lítio (22693),,580,2,1.16,1160,0,,2,1,2,Solar Kit Off-Grid
,,1,48,kits,Neosolar,NEO-22686,,,1,Kit Energia Solar Off Grid s/ Inversor - 1.16kWp 100Ah 48V Lítio (22686),,580,2,1.16,1160,0,,1,1,2,Solar Kit Off-Grid
,,1,48,kits,Neosolar,NEO-25057,,,1,"Kit Energia Solar Off Grid - 1,74kWp 105Ah/48V Lítio (25057)",,435,4,74.0,1740,7529.05,,1,1,4,Solar Kit Off-Grid
,,1,48,kits,Neosolar,NEO-25056,,,1,"Kit Energia Solar Off Grid - 1,22kWp 105Ah/48V Lítio (25056)",,610,2,22.0,1220,0,,1,1,2,Solar Kit Off-Grid
,,2,12,kits,Neosolar,NEO-25054,,,1,Kit Energia Solar Off Grid - 870Wp 220Ah/24V (25054),,435,2,0.87,870,0,,2,1,2,Solar Kit Off-Grid
,,1,6,kits,Neosolar,NEO-25051,,,1,Kit Energia Solar Off Grid - 610Wp 100Ah/24V Lítio (25051),,610,1,0.61,610,5605.06,,1,1,1,Solar Kit Off-Grid
,,2,12,kits,Neosolar,NEO-25052,,,1,Kit Energia Solar Off Grid - 435Wp 300Ah/12V (25052),,435,1,0.43,435,0,,2,1,1,Solar Kit Off-Grid
,,1,12,kits,Neosolar,NEO-25046,,,1,Kit Energia Solar Off Grid - 160Wp 105Ah/12V (25046),,160,1,0.16,160,1423.43,,1,1,1,Solar Kit Off-Grid
,,2,48,kits,Neosolar,NEO-22691,,,1,Kit Energia Solar Off Grid s/ Inversor - 1.38kWp 200Ah 48V Lítio (22691),,460,3,1.38,1380,0,,2,1,3,Solar Kit Off-Grid
,,1,48,kits,Neosolar,NEO-22690,,,1,Kit Energia Solar Off Grid s/ Inversor - 1.38kWp 100Ah 48V Lítio (22690),,460,3,1.38,1380,0,,1,1,3,Solar Kit Off-Grid
,,8,12,kits,Neosolar,NEO-22675,,,1,Kit Energia Solar Off Grid s/ Inversor - 1.38kWp 440Ah 48V Chumbo (22675),,460,3,1.38,1380,0,,8,1,3,Solar Kit Off-Grid
,,2,12,kits,Neosolar,NEO-22671,,,1,Kit Energia Solar Off Grid s/ Inversor - 330Wp 440Ah 12V Chumbo (22671),,330,1,0.33,330,0,,2,1,1,Solar Kit Off-Grid
,,3,48,kits,Neosolar,NEO-22689,,,1,Kit Energia Solar Off Grid s/ Inversor - 2.32kWp 300Ah 48V Lítio (22689),,580,4,2.32,2320,0,,3,1,4,Solar Kit Off-Grid
,,2,48,kits,Neosolar,NEO-22685,,,1,Kit Energia Solar Off Grid s/ Inversor - 1.38kWp 200Ah 48V Lítio (22685),,460,3,1.38,1380,0,,2,1,3,Solar Kit Off-Grid
,,1,48,kits,Neosolar,NEO-22684,,,1,Kit Energia Solar Off Grid s/ Inversor - 1.38kWp 100Ah 48V Lítio (22684),,460,3,1.38,1380,0,,1,1,3,Solar Kit Off-Grid
,,1,48,kits,Neosolar,NEO-22692,,,1,Kit Energia Solar Off Grid s/ Inversor - 1.16kWp 100Ah 48V Lítio (22692),,580,2,1.16,1160,0,,1,1,2,Solar Kit Off-Grid
,,8,12,kits,Neosolar,NEO-22677,,,1,Kit Energia Solar Off Grid s/ Inversor - 1.16kWp 440Ah 48V Chumbo (22677),,580,2,1.16,1160,0,,8,1,2,Solar Kit Off-Grid
,,4,12,kits,Neosolar,NEO-22676,,,1,Kit Energia Solar Off Grid s/ Inversor - 1.16kWp 220Ah 48V Chumbo (22676),,580,2,1.16,1160,0,,4,1,2,Solar Kit Off-Grid
,,3,12,kits,Neosolar,NEO-22679,,,1,Kit Energia Solar Off Grid s/ Inversor - 580Wp 660Ah 12V Chumbo (22679),,580,1,0.58,580,0,,3,1,1,Solar Kit Off-Grid
,,2,12,kits,Neosolar,NEO-22663,,,1,Kit Energia Solar Off Grid s/ Inversor - 580Wp 440Ah 12V Chumbo (22663),,580,1,0.58,580,0,,2,1,1,Solar Kit Off-Grid
,,4,12,kits,Neosolar,NEO-26689,,,,"Kit de Energia Solar c/ Inv-car - 2,48kWp 220Ah 48/220V",,620,4,48.0,2480,0,,4,0,4,Solar Kit Off-Grid
,,16,12,kits,Neosolar,NEO-26693,,,,"Kit de Energia Solar c/ Inv-car - 3,72kWp 220Ah 48/220V",,620,6,72.0,3720,0,,16,0,6,Solar Kit Off-Grid
,,12,12,kits,Neosolar,NEO-26692,,,,"Kit de Energia Solar c/ Inv-car - 3,10kWp 220Ah 48/220V",,620,5,10.0,3100,0,,12,0,5,Solar Kit Off-Grid
,,8,12,kits,Neosolar,NEO-26690,,,,"Kit de Energia Solar c/ Inv-car - 3,72kWp 220Ah 48/220V",,620,6,72.0,3720,0,,8,0,6,Solar Kit Off-Grid
,,8,12,kits,Neosolar,NEO-26691,,,,"Kit de Energia Solar c/ Inv-car - 1,86kWp 220Ah 48/220V",,620,3,86.0,1860,0,,8,0,3,Solar Kit Off-Grid
,,,,panels,Solfacil,solfacil_panels_1,,,,https://cdn-ecommerce.solfacil.com.br/contents/products/559375/images/IMAGE_PRODUCT_559375.jpeg HANERSUN,,,1,0,0,0,,0,0,1,Solar Panel
,,,,panels,Solfacil,solfacil_panels_2,,,,HANERSUN,,,1,0,0,0,,0,0,1,Solar Panel
,,,,panels,Solfacil,solfacil_panels_3,,,,DAH,,,1,0,0,0,,0,0,1,Solar Panel
,,,,panels,Solfacil,solfacil_panels_4,,,,https://cdn-ecommerce.solfacil.com.br/contents/products/559381/images/IMAGE_PRODUCT_559381.png OSDA,,,1,0,0,0,,0,0,1,Solar Panel
,,,,panels,Solfacil,solfacil_panels_5,,,,https://cdn-ecommerce.solfacil.com.br/contents/products/573429/images/IMAGE_PRODUCT_573429.png HANERSUN,,,1,0,0,0,,0,0,1,Solar Panel
,,,,panels,Solfacil,solfacil_panels_6,,,,https://cdn-ecommerce.solfacil.com.br/contents/products/550010/images/image.png MINASOL,,,1,0,0,0,,0,0,1,Solar Panel
,,,,panels,Solfacil,solfacil_inverters_1,,,,ENPHASE IQ8P-72-2-BR,,,1,0,0,0,,0,0,1,Solar Panel
,,,,panels,Solfacil,solfacil_inverters_2,,,,GOODWE EZLOGGER PRO,,,1,0,0,0,,0,0,1,Solar Panel
,,,,panels,Solfacil,solfacil_inverters_3,,,,GOODWE GW2000-MIS,,,1,0,0,0,,0,0,1,Solar Panel
,,,,panels,Solfacil,solfacil_inverters_4,,,,DEYE SUN-5K-G,,,1,0,0,0,,0,0,1,Solar Panel
,,,,panels,Solfacil,solfacil_inverters_5,,,,GOODWE GW 3300-XS-30 - AFCI,,,1,0,0,0,,0,0,1,Solar Panel
,,,,panels,Solfacil,solfacil_inverters_6,,,,SOFAR 5KTLM-G3 - AFCI,,,1,0,0,0,,0,0,1,Solar Panel
,,,,panels,Solfacil,solfacil_inverters_7,,,,HUAWEI SUN2000-3KTL-L1 - AFCI,,,1,0,0,0,,0,0,1,Solar Panel
,,,,panels,Solfacil,solfacil_inverters_8,,,,DEYE SUN-8K-G,,,1,0,0,0,,0,0,1,Solar Panel
,,,,panels,Solfacil,solfacil_inverters_9,,,,GOODWE GW 5000-DNS-30 (16A) - AFCI,,,1,0,0,0,,0,0,1,Solar Panel
,,,,panels,Solfacil,solfacil_inverters_10,,,,HUAWEI SUN2000-4KTL-L1 - AFCI,,,1,0,0,0,,0,0,1,Solar Panel
,,,,panels,Solfacil,solfacil_inverters_11,,,,GOODWE GW8000-MS-C30 - AFCI,,,1,0,0,0,,0,0,1,Solar Panel
,,,,panels,Solfacil,solfacil_inverters_12,,,,GOODWE GW 10K-MS-30 (20A) - AFCI,,,1,0,0,0,,0,0,1,Solar Panel
,,,,panels,Solfacil,solfacil_inverters_13,,,,HUAWEI SUN2000-10K-LC0 - AFCI,,,1,0,0,0,,0,0,1,Solar Panel
,,,,panels,Solfacil,solfacil_inverters_14,,,,GOODWE GW10K-MS-G40 - AFCI,,,1,0,0,0,,0,0,1,Solar Panel
,,,,panels,Solfacil,solfacil_inverters_15,,,,GOODWE GW10K-MS-G40 - AFCI C/ RSD,,,1,0,0,0,,0,0,1,Solar Panel
,,,,panels,Solfacil,solfacil_inverters_16,,,,GROWATT MID 20KTL3 XL2 - AFCI,,,1,0,0,0,,0,0,1,Solar Panel
,,,,panels,Solfacil,solfacil_inverters_17,,,,GROWATT MID 20KTL3 XL2 - AFCI,,,1,0,0,0,,0,0,1,Solar Panel
,,,,panels,Solfacil,solfacil_inverters_18,,,,HUAWEI SUN2000-12K-MB0 - AFCI,,,1,0,0,0,,0,0,1,Solar Panel
,,,,panels,Solfacil,solfacil_inverters_19,,,,GROWATT MID 25KTL3-X,,,1,0,0,0,,0,0,1,Solar Panel
,,,,panels,Solfacil,solfacil_inverters_21,,,,HUAWEI SUN2000-15K-MB0 - AFCI,,,1,0,0,0,,0,0,1,Solar Panel
,,,,panels,Solfacil,solfacil_inverters_22,,,,DEYE SUN-25K-G02-LV,,,1,0,0,0,,0,0,1,Solar Panel
,,,,panels,Solfacil,solfacil_inverters_23,,,,GOODWE GW 12KLV-SDT-C30 - AFCI,,,1,0,0,0,,0,0,1,Solar Panel
,,,,panels,Solfacil,solfacil_inverters_24,,,,GOODWE GW20K-SDT-31 - AFCI C/ RSD,,,1,0,0,0,,0,0,1,Solar Panel
,,,,panels,Solfacil,solfacil_inverters_25,,,,GOODWE GW12KLV-SDT-C31 - AFCI,,,1,0,0,0,,0,0,1,Solar Panel
,,,,panels,Solfacil,solfacil_inverters_26,,,,SOFAR 25KTLX-G3-LV - AFCI,,,1,0,0,0,,0,0,1,Solar Panel
,,,,panels,Solfacil,solfacil_inverters_27,,,,GOODWE GW25K-SDT-P31 - AFCI,,,1,0,0,0,,0,0,1,Solar Panel
,,,,panels,Solfacil,solfacil_inverters_28,,,,GOODWE GW 12KLV-MT,,,1,0,0,0,,0,0,1,Solar Panel
,,,,panels,Solfacil,solfacil_inverters_29,,,,GOODWE GW25K-SDT-P31 - AFCI C/ RSD,,,1,0,0,0,,0,0,1,Solar Panel
,,,,panels,Solfacil,solfacil_inverters_30,,,,GOODWE GW6000-ES-BR20 - AFCI,,,1,0,0,0,,0,0,1,Solar Panel
,,,,panels,Solfacil,solfacil_inverters_31,,,,GOODWE GW6000-SBP-20,,,1,0,0,0,,0,0,1,Solar Panel
,,,,panels,Solfacil,solfacil_inverters_32,,,,GOODWE GW 15KLV-MT,,,1,0,0,0,,0,0,1,Solar Panel
,,,,panels,Solfacil,solfacil_inverters_33,,,,GROWATT MID 50KTL3-X2 - AFCI,,,1,0,0,0,,0,0,1,Solar Panel
,,,,panels,Solfacil,solfacil_inverters_34,,,,GOODWE GW 30K-SDT-C30 - AFCI,,,1,0,0,0,,0,0,1,Solar Panel
,,,,panels,Solfacil,solfacil_inverters_35,,,,DEYE SUN-35K-G02-LV,,,1,0,0,0,,0,0,1,Solar Panel
,,,,panels,Solfacil,solfacil_inverters_36,,,,DEYE SUN-35K-G02-LV,,,1,0,0,0,,0,0,1,Solar Panel
,,,,panels,Solfacil,solfacil_inverters_37,,,,GOODWE GW3600-ES-BR20 - AFCI,,,1,0,0,0,,0,0,1,Solar Panel
,,,,panels,Solfacil,solfacil_inverters_38,,,,GOODWE GW 36K-MT - AFCI,,,1,0,0,0,,0,0,1,Solar Panel
,,,,panels,Solfacil,solfacil_inverters_39,,,,GOODWE GW37K5-SDT-BR30 - AFCI,,,1,0,0,0,,0,0,1,Solar Panel
,,,,panels,Solfacil,solfacil_inverters_40,,,,GROWATT MAC 36KTL3-XL - AFCI,,,1,0,0,0,,0,0,1,Solar Panel
,,,,panels,Solfacil,solfacil_inverters_41,,,,GROWATT MAC 36KTL3-XL,,,1,0,0,0,,0,0,1,Solar Panel
,,,,panels,Solfacil,solfacil_inverters_42,,,,GROWATT MAC 36KTL3-XL - AFCI,,,1,0,0,0,,0,0,1,Solar Panel
,,,,panels,Solfacil,solfacil_inverters_43,,,,GOODWE GW17KLV-SDT-C30 - AFCI,,,1,0,0,0,,0,0,1,Solar Panel
,,,,panels,Solfacil,solfacil_inverters_44,,,,GOODWE GW6000-ES-BR20 - AFCI,,,1,0,0,0,,0,0,1,Solar Panel
,,,,panels,Solfacil,solfacil_inverters_45,,,,GOODWE GW6000-ES-BR20 - AFCI,,,1,0,0,0,,0,0,1,Solar Panel
,,,,panels,Solfacil,solfacil_inverters_46,,,,GOODWE GW3500L-ES-BR20,,,1,0,0,0,,0,0,1,Solar Panel
,,,,panels,Solfacil,solfacil_inverters_47,,,,GOODWE GW 20KLV-MT - AFCI,,,1,0,0,0,,0,0,1,Solar Panel
,,,,panels,Solfacil,solfacil_inverters_48,,,,GOODWE GW 50KS-MT - AFCI,,,1,0,0,0,,0,0,1,Solar Panel
,,,,panels,Solfacil,solfacil_inverters_49,,,,GOODWE GW 30KLS-MT,,,1,0,0,0,,0,0,1,Solar Panel
,,,,panels,Solfacil,solfacil_inverters_50,,,,GOODWE GW23KLV-SDT-BR30 - AFCI,,,1,0,0,0,,0,0,1,Solar Panel
,,,,panels,Solfacil,solfacil_inverters_51,,,,GOODWE GW 30KLS-MT - AFCI,,,1,0,0,0,,0,0,1,Solar Panel
,,,,panels,Solfacil,solfacil_inverters_52,,,,GOODWE GW 30KLS-MT - AFCI,,,1,0,0,0,,0,0,1,Solar Panel
,,,,panels,Solfacil,solfacil_inverters_53,,,,GOODWE GW 30KLS-MT - AFCI RED,,,1,0,0,0,,0,0,1,Solar Panel
,,,,panels,Solfacil,solfacil_inverters_54,,,,GOODWE GW 60KBF-MT,,,1,0,0,0,,0,0,1,Solar Panel
,,,,panels,Solfacil,solfacil_inverters_55,,,,GOODWE GW 60KS-MT,,,1,0,0,0,,0,0,1,Solar Panel
,,,,panels,Solfacil,solfacil_inverters_56,,,,GOODWE GW 35KLS-MT,,,1,0,0,0,,0,0,1,Solar Panel
,,,,panels,Solfacil,solfacil_inverters_57,,,,GROWATT MAX 50KTL3-XL2,,,1,0,0,0,,0,0,1,Solar Panel
,,,,panels,Solfacil,solfacil_inverters_58,,,,DEYE SUN-50K-G-LV,,,1,0,0,0,,0,0,1,Solar Panel
,,,,panels,Solfacil,solfacil_inverters_59,,,,DEYE SUN-50K-G-LV,,,1,0,0,0,,0,0,1,Solar Panel
,,,,panels,Solfacil,solfacil_inverters_60,,,,DEYE SUN-50K-G-LV,,,1,0,0,0,,0,0,1,Solar Panel
,,,,panels,Solfacil,solfacil_inverters_61,,,,GOODWE GW10K-BT,,,1,0,0,0,,0,0,1,Solar Panel
,,,,panels,Solfacil,solfacil_inverters_62,,,,DEYE SUN-75K-G01P3-LV,,,1,0,0,0,,0,0,1,Solar Panel
,,,,panels,Solfacil,solfacil_inverters_63,,,,DEYE SUN-75K-G01P3-LV,,,1,0,0,0,,0,0,1,Solar Panel
,,,,panels,Solfacil,solfacil_inverters_64,,,,GROWATT MAX 50KTL3-XL2 - AFCI,,,1,0,0,0,,0,0,1,Solar Panel
,,,,panels,Solfacil,solfacil_inverters_65,,,,GROWATT MAX 50KTL3-XL2 - AFCI,,,1,0,0,0,,0,0,1,Solar Panel
,,,,panels,Solfacil,solfacil_inverters_66,,,,GOODWE GW 35KLS-MT - AFCI,,,1,0,0,0,,0,0,1,Solar Panel
,,,,panels,Solfacil,solfacil_inverters_67,,,,GOODWE GW 35KLS-MT - AFCI,,,1,0,0,0,,0,0,1,Solar Panel
,,,,panels,Solfacil,solfacil_inverters_68,,,,GOODWE GW 60KS-MT - AFCI,,,1,0,0,0,,0,0,1,Solar Panel
,,,,panels,Solfacil,solfacil_inverters_69,,,,GROWATT MAX60KTL3-XL 2,,,1,0,0,0,,0,0,1,Solar Panel
,,,,panels,Solfacil,solfacil_inverters_70,,,,GOODWE GW75K-SMT - AFCI,,,1,0,0,0,,0,0,1,Solar Panel
,,,,panels,Solfacil,solfacil_inverters_71,,,,GOODWE GW 73KLV-HT - AFCI,,,1,0,0,0,,0,0,1,Solar Panel
,,,,panels,Solfacil,solfacil_inverters_72,,,,GOODWE GW 73KLV-HT - AFCI,,,1,0,0,0,,0,0,1,Solar Panel
,,,,panels,Solfacil,solfacil_inverters_73,,,,GOODWE GW20K-ET - AFCI,,,1,0,0,0,,0,0,1,Solar Panel
,,,,panels,Solfacil,solfacil_inverters_74,,,,GOODWE GW12KL-ET - AFCI,,,1,0,0,0,,0,0,1,Solar Panel
,,,,panels,Solfacil,solfacil_inverters_75,,,,GOODWE GW15K-ET - AFCI,,,1,0,0,0,,0,0,1,Solar Panel
,,,,panels,Solfacil,solfacil_inverters_76,,,,GOODWE GW 100K-HT,,,1,0,0,0,,0,0,1,Solar Panel
,,,,panels,Solfacil,solfacil_inverters_77,,,,GOODWE GW100K-HT,,,1,0,0,0,,0,0,1,Solar Panel
,,,,panels,Solfacil,solfacil_inverters_78,,,,GOODWE GW100K-GT - AFCI,,,1,0,0,0,,0,0,1,Solar Panel
,,,,panels,Solfacil,solfacil_inverters_79,,,,GOODWE GW 110K-HT,,,1,0,0,0,,0,0,1,Solar Panel
,,,,panels,Solfacil,solfacil_inverters_80,,,,GOODWE GW30K-ET - AFCI,,,1,0,0,0,,0,0,1,Solar Panel
,,,,panels,Solfacil,solfacil_inverters_81,,,,GOODWE GW250KN-HT,,,1,0,0,0,,0,0,1,Solar Panel
,,,,panels,Solfacil,solfacil_inverters_82,,,,GOODWE GW250KH-UT,,,1,0,0,0,,0,0,1,Solar Panel
,,,,panels,Solfacil,solfacil_inverters_83,,,,GOODWE GW250K-HT,,,1,0,0,0,,0,0,1,Solar Panel
,,,,panels,Solfacil,solfacil_batteries_1,,,,UNIDADE DE CONTROLE [PCU-F52] - PARA BATERIA LX F3.2-20,,,1,0,0,0,,0,0,1,Solar Panel
,,,,panels,Solfacil,solfacil_batteries_2,,,,BATERIA LFP LYNX F (G2) LX F3.2-20 - 3.2KWH - GOODWE,,,1,0,0,0,,0,0,1,Solar Panel
,,,,panels,Solfacil,solfacil_batteries_3,,,,BATERIA UNIP LFP UPLFP48100 EN - 48V 100AH RACK - LP 5.1KWH - UNIPOWER,,,1,0,0,0,,0,0,1,Solar Panel
,,,,panels,Solfacil,solfacil_batteries_4,,,,BATERIA LFP LYNX U (G3) LXU 5.0-30 - 5KWH - GOODWE,,,1,0,0,0,,0,0,1,Solar Panel
