battery_capacity_kwh,battery_manufacturer,battery_quantity,battery_voltage_v,category,currency,distributor,id,image_url,inverter_image,inverter_manufacturer,inverter_power_kw,inverter_quantity,name,panel_image,panel_manufacturer,panel_power_w,panel_quantity,power_kwp,power_watts,price_brl,price_per_wp,source_csv,status,tags,total_batteries,total_inverters,total_panels,total_structures,type
,,,,kits,BRL,Fortlev,fortlev_kit_001,,https://prod-platform-api.s3.amazonaws.com/components/66b3b62951d7cf33a7085c16/GROWATT-NEO-2000M-X-2000W-220V.png,Growatt,2.0,1,Kit 2.44kWp - Panel + Growatt,https://prod-platform-api.s3.amazonaws.com/components/68dbedcc54fa3ed05329e145/IMO00135.png,,,,2.44,2440.0,2923.56,1.2,https___fortlevsolar.app_old.csv,published,Solar Kit|Grid-Tie|Photovoltaic System|2.44kWp|Unknown|Growatt|Residential Small,0,1,1,0,Solar Kit
,,,,kits,BRL,Fortlev,fortlev_kit_002,,https://prod-platform-api.s3.amazonaws.com/components/66b3b62951d7cf33a7085c16/GROWATT-NEO-2000M-X-2000W-220V.png,Growatt,2.0,1,Kit 2.52kWp - Longi + Growatt,https://prod-platform-api.s3.amazonaws.com/components/68cbfb5b8434a2f72c363a4f/LONGI-630Wp_v2.png,Longi,630,4,2.52,2520.0,3163.7,1.26,https___fortlevsolar.app_old.csv,published,Solar Kit|Grid-Tie|Photovoltaic System|2.52kWp|LONGi|Growatt|Residential Small,0,1,1,0,Solar Kit
,,,,kits,BRL,Fortlev,fortlev_kit_003,,https://prod-platform-api.s3.amazonaws.com/components/66b3b62951d7cf33a7085c16/GROWATT-NEO-2000M-X-2000W-220V.png,Growatt,2.0,1,Kit 2.8kWp - Risen + Growatt,https://prod-platform-api.s3.amazonaws.com/components/671fe64111d826f8e99a58e4/RISEN-700W.png,Risen,700,4,2.8,2800.0,3837.94,1.37,https___fortlevsolar.app_old.csv,published,Solar Kit|Grid-Tie|Photovoltaic System|2.8kWp|Risen|Growatt|Residential Small,0,1,1,0,Solar Kit
,,,,kits,BRL,Fortlev,fortlev_kit_004,,"https://prod-platform-api.s3.amazonaws.com/components/67d9594a76d2130bb9003087/GROWATT-NEO-2,25.png",Growatt,,1,Kit 2.8kWp - Risen + Growatt,https://prod-platform-api.s3.amazonaws.com/components/671fe64111d826f8e99a58e4/RISEN-700W.png,Risen,700,4,2.8,2800.0,3923.18,1.4,https___fortlevsolar.app_old.csv,published,Solar Kit|Grid-Tie|Photovoltaic System|2.8kWp|Risen|Growatt|Residential Small,0,1,1,0,Solar Kit
,,,,kits,BRL,Fortlev,fortlev_kit_005,,https://prod-platform-api.s3.amazonaws.com/components/66b3b62951d7cf33a7085c16/GROWATT-NEO-2000M-X-2000W-220V.png,Growatt,2.0,1,Kit 2.92kWp - Longi + Growatt,https://prod-platform-api.s3.amazonaws.com/components/6888f711d571954b7ff6effc/LONGI-585W.png,Longi,585,5,2.92,2920.0,4222.76,1.44,https___fortlevsolar.app_old.csv,published,Solar Kit|Grid-Tie|Photovoltaic System|2.92kWp|LONGi|Growatt|Residential Small,0,1,1,0,Solar Kit
,,,,kits,BRL,Fortlev,fortlev_kit_006,,"https://prod-platform-api.s3.amazonaws.com/components/67d9594a76d2130bb9003087/GROWATT-NEO-2,25.png",Growatt,,1,Kit 2.92kWp - Longi + Growatt,https://prod-platform-api.s3.amazonaws.com/components/6888f711d571954b7ff6effc/LONGI-585W.png,Longi,585,5,2.92,2920.0,4393.24,1.5,https___fortlevsolar.app_old.csv,published,Solar Kit|Grid-Tie|Photovoltaic System|2.92kWp|LONGi|Growatt|Residential Small,0,1,1,0,Solar Kit
,,,,kits,BRL,Fortlev,fortlev_kit_007,,"https://prod-platform-api.s3.amazonaws.com/components/67d9594a76d2130bb9003087/GROWATT-NEO-2,25.png",Growatt,,1,Kit 3.05kWp - Panel + Growatt,https://prod-platform-api.s3.amazonaws.com/components/68dbedcc54fa3ed05329e145/IMO00135.png,,,,3.05,3050.0,4394.4,1.44,https___fortlevsolar.app_old.csv,published,Solar Kit|Grid-Tie|Photovoltaic System|3.05kWp|Unknown|Growatt|Residential Medium,0,1,1,0,Solar Kit
,,,,kits,BRL,Fortlev,fortlev_kit_008,,"https://prod-platform-api.s3.amazonaws.com/components/67d9594a76d2130bb9003087/GROWATT-NEO-2,25.png",Growatt,,1,Kit 3.15kWp - Longi + Growatt,https://prod-platform-api.s3.amazonaws.com/components/68cbfb5b8434a2f72c363a4f/LONGI-630Wp_v2.png,Longi,630,5,3.15,3150.0,4694.59,1.49,https___fortlevsolar.app_old.csv,published,Solar Kit|Grid-Tie|Photovoltaic System|3.15kWp|LONGi|Growatt|Residential Medium,0,1,1,0,Solar Kit
,,,,kits,BRL,Fortlev,fortlev_kit_009,,https://prod-platform-api.s3.amazonaws.com/components/670d5c35dac72e01f686b281/GROWATT-MIC-3000TL-X2-220V-1MPPT.png,Growatt,,1,Kit 3.66kWp - Panel + Growatt,https://prod-platform-api.s3.amazonaws.com/components/68dbedcc54fa3ed05329e145/IMO00135.png,,,,3.66,3660.0,4986.95,1.36,https___fortlevsolar.app_old.csv,published,Solar Kit|Grid-Tie|Photovoltaic System|3.66kWp|Unknown|Growatt|Residential Medium,0,1,1,0,Solar Kit
,,,,kits,BRL,Fortlev,fortlev_kit_010,,https://prod-platform-api.s3.amazonaws.com/components/6687e304189963220c27c8a6/IIN00225.png,,,1,Kit 3.51kWp - Longi + Inverter,https://prod-platform-api.s3.amazonaws.com/components/6888f711d571954b7ff6effc/LONGI-585W.png,Longi,585,6,3.51,3510.0,5056.46,1.44,https___fortlevsolar.app_old.csv,published,Solar Kit|Grid-Tie|Photovoltaic System|3.51kWp|LONGi|Unknown|Residential Medium,0,1,1,0,Solar Kit
,,,,kits,BRL,Fortlev,fortlev_kit_011,,https://prod-platform-api.s3.amazonaws.com/components/6687e304189963220c27c8a6/IIN00225.png,,,1,Kit 3.66kWp - Panel + Inverter,https://prod-platform-api.s3.amazonaws.com/components/68dbedcc54fa3ed05329e145/IMO00135.png,,,,3.66,3660.0,5057.86,1.38,https___fortlevsolar.app_old.csv,published,Solar Kit|Grid-Tie|Photovoltaic System|3.66kWp|Unknown|Unknown|Residential Medium|Full Images Available,0,1,1,0,Solar Kit
,,,,kits,BRL,Fortlev,fortlev_kit_012,,https://prod-platform-api.s3.amazonaws.com/components/66b3b62951d7cf33a7085c16/GROWATT-NEO-2000M-X-2000W-220V.png,Growatt,2.0,1,Kit 2.65kWp - BYD + Growatt,https://prod-platform-api.s3.amazonaws.com/components/68500752d2d60d325a684b96/PAINEL-BYD-BYD-530W-MLK-36---530W.png,BYD,530,5,2.65,2650.0,5073.84,1.91,https___fortlevsolar.app_old.csv,published,Solar Kit|Grid-Tie|Photovoltaic System|2.65kWp|Byd|Growatt|Residential Small,0,1,1,0,Solar Kit
,,,,kits,BRL,Fortlev,fortlev_kit_013,,https://prod-platform-api.s3.amazonaws.com/components/68275a028d3cd4ac4215d6cf/IIN00349.png,,,1,Kit 3.51kWp - Longi + Inverter,https://prod-platform-api.s3.amazonaws.com/components/6888f711d571954b7ff6effc/LONGI-585W.png,Longi,585,6,3.51,3510.0,5202.9,1.48,https___fortlevsolar.app_old.csv,published,Solar Kit|Grid-Tie|Photovoltaic System|3.51kWp|LONGi|Unknown|Residential Medium,0,1,1,0,Solar Kit
,,,,kits,BRL,Fortlev,fortlev_kit_014,,https://prod-platform-api.s3.amazonaws.com/components/68275a028d3cd4ac4215d6cf/IIN00349.png,,,1,Kit 3.66kWp - Panel + Inverter,https://prod-platform-api.s3.amazonaws.com/components/68dbedcc54fa3ed05329e145/IMO00135.png,,,,3.66,3660.0,5204.3,1.42,https___fortlevsolar.app_old.csv,published,Solar Kit|Grid-Tie|Photovoltaic System|3.66kWp|Unknown|Unknown|Residential Medium|Full Images Available,0,1,1,0,Solar Kit
,,,,kits,BRL,Fortlev,fortlev_kit_015,,https://prod-platform-api.s3.amazonaws.com/components/6687e304189963220c27c85d/GROWATT%20MIC3000TL-X%20-220V%20-%201MPPT.png,Growatt,,1,Kit 3.78kWp - Longi + Growatt,https://prod-platform-api.s3.amazonaws.com/components/68cbfb5b8434a2f72c363a4f/LONGI-630Wp_v2.png,Longi,630,6,3.78,3780.0,5304.08,1.4,https___fortlevsolar.app_old.csv,published,Solar Kit|Grid-Tie|Photovoltaic System|3.78kWp|LONGi|Growatt|Residential Medium,0,1,1,0,Solar Kit
,,,,kits,BRL,Fortlev,fortlev_kit_016,,https://prod-platform-api.s3.amazonaws.com/components/670d5c35dac72e01f686b281/GROWATT-MIC-3000TL-X2-220V-1MPPT.png,Growatt,,1,Kit 3.78kWp - Longi + Growatt,https://prod-platform-api.s3.amazonaws.com/components/68cbfb5b8434a2f72c363a4f/LONGI-630Wp_v2.png,Longi,630,6,3.78,3780.0,5347.17,1.41,https___fortlevsolar.app_old.csv,published,Solar Kit|Grid-Tie|Photovoltaic System|3.78kWp|LONGi|Growatt|Residential Medium,0,1,1,0,Solar Kit
,,,,kits,BRL,Fortlev,fortlev_kit_017,,https://prod-platform-api.s3.amazonaws.com/components/682e22bca14a42eee678f83a/IIN00352.png,,,1,Kit 3.51kWp - Longi + Inverter,https://prod-platform-api.s3.amazonaws.com/components/6888f711d571954b7ff6effc/LONGI-585W.png,Longi,585,6,3.51,3510.0,5364.9,1.53,https___fortlevsolar.app_old.csv,published,Solar Kit|Grid-Tie|Photovoltaic System|3.51kWp|LONGi|Unknown|Residential Medium,0,1,1,0,Solar Kit
,,,,kits,BRL,Fortlev,fortlev_kit_018,,https://prod-platform-api.s3.amazonaws.com/components/682e22bca14a42eee678f83a/IIN00352.png,,,1,Kit 3.66kWp - Panel + Inverter,https://prod-platform-api.s3.amazonaws.com/components/68dbedcc54fa3ed05329e145/IMO00135.png,,,,3.66,3660.0,5366.3,1.47,https___fortlevsolar.app_old.csv,published,Solar Kit|Grid-Tie|Photovoltaic System|3.66kWp|Unknown|Unknown|Residential Medium|Full Images Available,0,1,1,0,Solar Kit
,,,,kits,BRL,Fortlev,fortlev_kit_019,,https://prod-platform-api.s3.amazonaws.com/components/6687e304189963220c27c8a6/IIN00225.png,,,1,Kit 3.78kWp - Longi + Inverter,https://prod-platform-api.s3.amazonaws.com/components/68cbfb5b8434a2f72c363a4f/LONGI-630Wp_v2.png,Longi,630,6,3.78,3780.0,5418.08,1.43,https___fortlevsolar.app_old.csv,published,Solar Kit|Grid-Tie|Photovoltaic System|3.78kWp|LONGi|Unknown|Residential Medium,0,1,1,0,Solar Kit
,,,,kits,BRL,Fortlev,fortlev_kit_020,,https://prod-platform-api.s3.amazonaws.com/components/6687e304189963220c27c897/IIN00193.png,,,1,Kit 4.09kWp - Longi + Inverter,https://prod-platform-api.s3.amazonaws.com/components/6888f711d571954b7ff6effc/LONGI-585W.png,Longi,585,7,4.09,4090.0,5457.3,1.33,https___fortlevsolar.app_old.csv,published,Solar Kit|Grid-Tie|Photovoltaic System|4.09kWp|LONGi|Unknown|Residential Medium,0,1,1,0,Solar Kit
,,,,kits,BRL,Fortlev,fortlev_kit_021,,https://prod-platform-api.s3.amazonaws.com/components/6687e304189963220c27c897/IIN00193.png,,,1,Kit 4.27kWp - Panel + Inverter,https://prod-platform-api.s3.amazonaws.com/components/68dbedcc54fa3ed05329e145/IMO00135.png,,,,4.27,4270.0,5458.93,1.28,https___fortlevsolar.app_old.csv,published,Solar Kit|Grid-Tie|Photovoltaic System|4.27kWp|Unknown|Unknown|Residential Medium|Full Images Available,0,1,1,0,Solar Kit
,,,,kits,BRL,Fortlev,fortlev_kit_022,,https://prod-platform-api.s3.amazonaws.com/components/6687e304189963220c27c85d/GROWATT%20MIC3000TL-X%20-220V%20-%201MPPT.png,Growatt,,1,Kit 4.09kWp - Longi + Growatt,https://prod-platform-api.s3.amazonaws.com/components/6888f711d571954b7ff6effc/LONGI-585W.png,Longi,585,7,4.09,4090.0,5483.29,1.34,https___fortlevsolar.app_old.csv,published,Solar Kit|Grid-Tie|Photovoltaic System|4.09kWp|LONGi|Growatt|Residential Medium,0,1,1,0,Solar Kit
,,,,kits,BRL,Fortlev,fortlev_kit_023,,https://prod-platform-api.s3.amazonaws.com/components/670d5c35dac72e01f686b281/GROWATT-MIC-3000TL-X2-220V-1MPPT.png,Growatt,,1,Kit 4.09kWp - Longi + Growatt,https://prod-platform-api.s3.amazonaws.com/components/6888f711d571954b7ff6effc/LONGI-585W.png,Longi,585,7,4.09,4090.0,5526.38,1.35,https___fortlevsolar.app_old.csv,published,Solar Kit|Grid-Tie|Photovoltaic System|4.09kWp|LONGi|Growatt|Residential Medium,0,1,1,0,Solar Kit
,,,,kits,BRL,Fortlev,fortlev_kit_024,,https://prod-platform-api.s3.amazonaws.com/components/68275a028d3cd4ac4215d6cf/IIN00349.png,,,1,Kit 3.78kWp - Longi + Inverter,https://prod-platform-api.s3.amazonaws.com/components/68cbfb5b8434a2f72c363a4f/LONGI-630Wp_v2.png,Longi,630,6,3.78,3780.0,5564.52,1.47,https___fortlevsolar.app_old.csv,published,Solar Kit|Grid-Tie|Photovoltaic System|3.78kWp|LONGi|Unknown|Residential Medium,0,1,1,0,Solar Kit
,,,,kits,BRL,Fortlev,fortlev_kit_025,,https://prod-platform-api.s3.amazonaws.com/components/6687e304189963220c27c8c7/IIN00126.png,,,1,Kit 2.92kWp - Longi + Inverter,https://prod-platform-api.s3.amazonaws.com/components/6888f711d571954b7ff6effc/LONGI-585W.png,Longi,585,5,2.92,2920.0,5574.92,1.91,https___fortlevsolar.app_old.csv,published,Solar Kit|Grid-Tie|Photovoltaic System|2.92kWp|LONGi|Unknown|Residential Small,0,1,1,0,Solar Kit
,,,,kits,BRL,Fortlev,fortlev_kit_026,,https://prod-platform-api.s3.amazonaws.com/components/66880a777bc71b60358a5aef/SUNGROW-SG3.0RS-220V-1MPPT.png,Sungrow,,1,Kit 4.09kWp - Longi + Sungrow,https://prod-platform-api.s3.amazonaws.com/components/6888f711d571954b7ff6effc/LONGI-585W.png,Longi,585,7,4.09,4090.0,5636.14,1.38,https___fortlevsolar.app_old.csv,published,Solar Kit|Grid-Tie|Photovoltaic System|4.09kWp|LONGi|Sungrow|Residential Medium,0,1,1,0,Solar Kit
,,,,kits,BRL,Fortlev,fortlev_kit_027,,https://prod-platform-api.s3.amazonaws.com/components/66880a777bc71b60358a5aef/SUNGROW-SG3.0RS-220V-1MPPT.png,Sungrow,,1,Kit 4.27kWp - Panel + Sungrow,https://prod-platform-api.s3.amazonaws.com/components/68dbedcc54fa3ed05329e145/IMO00135.png,,,,4.27,4270.0,5637.77,1.32,https___fortlevsolar.app_old.csv,published,Solar Kit|Grid-Tie|Photovoltaic System|4.27kWp|Unknown|Sungrow|Residential Medium,0,1,1,0,Solar Kit
,,,,kits,BRL,Fortlev,fortlev_kit_028,,https://prod-platform-api.s3.amazonaws.com/components/682e22bca14a42eee678f83a/IIN00352.png,,,1,Kit 3.78kWp - Longi + Inverter,https://prod-platform-api.s3.amazonaws.com/components/68cbfb5b8434a2f72c363a4f/LONGI-630Wp_v2.png,Longi,630,6,3.78,3780.0,5726.52,1.51,https___fortlevsolar.app_old.csv,published,Solar Kit|Grid-Tie|Photovoltaic System|3.78kWp|LONGi|Unknown|Residential Medium,0,1,1,0,Solar Kit
,,,,kits,BRL,Fortlev,fortlev_kit_029,,https://prod-platform-api.s3.amazonaws.com/components/68654277371780ce1447985b/IIN00364.png,,,1,Kit 4.09kWp - Longi + Inverter,https://prod-platform-api.s3.amazonaws.com/components/6888f711d571954b7ff6effc/LONGI-585W.png,Longi,585,7,4.09,4090.0,5786.74,1.41,https___fortlevsolar.app_old.csv,published,Solar Kit|Grid-Tie|Photovoltaic System|4.09kWp|LONGi|Unknown|Residential Medium,0,1,1,0,Solar Kit
,,,,kits,BRL,Fortlev,fortlev_kit_030,,https://prod-platform-api.s3.amazonaws.com/components/68654277371780ce1447985b/IIN00364.png,,,1,Kit 4.27kWp - Panel + Inverter,https://prod-platform-api.s3.amazonaws.com/components/68dbedcc54fa3ed05329e145/IMO00135.png,,,,4.27,4270.0,5788.38,1.36,https___fortlevsolar.app_old.csv,published,Solar Kit|Grid-Tie|Photovoltaic System|4.27kWp|Unknown|Unknown|Residential Medium|Full Images Available,0,1,1,0,Solar Kit
,,,,kits,BRL,Fortlev,fortlev_kit_031,,https://prod-platform-api.s3.amazonaws.com/components/68275a028d3cd4ac4215d6cf/IIN00349.png,,,1,Kit 3.5kWp - Risen + Inverter,https://prod-platform-api.s3.amazonaws.com/components/671fe64111d826f8e99a58e4/RISEN-700W.png,Risen,700,5,3.5,3500.0,5806.22,1.66,https___fortlevsolar.app_old.csv,published,Solar Kit|Grid-Tie|Photovoltaic System|3.5kWp|Risen|Unknown|Residential Medium,0,1,1,0,Solar Kit
,,,,kits,BRL,Fortlev,fortlev_kit_032,,https://prod-platform-api.s3.amazonaws.com/components/67818a5fc57f3b2021da959f/IIN00301_v2.png,,,1,Kit 4.09kWp - Longi + Inverter,https://prod-platform-api.s3.amazonaws.com/components/6888f711d571954b7ff6effc/LONGI-585W.png,Longi,585,7,4.09,4090.0,5841.18,1.43,https___fortlevsolar.app_old.csv,published,Solar Kit|Grid-Tie|Photovoltaic System|4.09kWp|LONGi|Unknown|Residential Medium,0,1,1,0,Solar Kit
,,,,kits,BRL,Fortlev,fortlev_kit_033,,https://prod-platform-api.s3.amazonaws.com/components/67818a5fc57f3b2021da959f/IIN00301_v2.png,,,1,Kit 4.27kWp - Panel + Inverter,https://prod-platform-api.s3.amazonaws.com/components/68dbedcc54fa3ed05329e145/IMO00135.png,,,,4.27,4270.0,5842.82,1.37,https___fortlevsolar.app_old.csv,published,Solar Kit|Grid-Tie|Photovoltaic System|4.27kWp|Unknown|Unknown|Residential Medium|Full Images Available,0,1,1,0,Solar Kit
,,,,kits,BRL,Fortlev,fortlev_kit_034,,https://prod-platform-api.s3.amazonaws.com/components/6687e304189963220c27c897/IIN00193.png,,,1,Kit 4.41kWp - Longi + Inverter,https://prod-platform-api.s3.amazonaws.com/components/68cbfb5b8434a2f72c363a4f/LONGI-630Wp_v2.png,Longi,630,7,4.41,4410.0,5879.19,1.33,https___fortlevsolar.app_old.csv,published,Solar Kit|Grid-Tie|Photovoltaic System|4.41kWp|LONGi|Unknown|Residential Medium,0,1,1,0,Solar Kit
,,,,kits,BRL,Fortlev,fortlev_kit_035,,"https://prod-platform-api.s3.amazonaws.com/components/67d9594a76d2130bb9003087/GROWATT-NEO-2,25.png",Growatt,,1,Kit 3.18kWp - BYD + Growatt,https://prod-platform-api.s3.amazonaws.com/components/68500752d2d60d325a684b96/PAINEL-BYD-BYD-530W-MLK-36---530W.png,BYD,530,6,3.18,3180.0,5955.36,1.87,https___fortlevsolar.app_old.csv,published,Solar Kit|Grid-Tie|Photovoltaic System|3.18kWp|Byd|Growatt|Residential Medium,0,1,1,0,Solar Kit
,,,,kits,BRL,Fortlev,fortlev_kit_036,,https://prod-platform-api.s3.amazonaws.com/components/682e22bca14a42eee678f83a/IIN00352.png,,,1,Kit 3.5kWp - Risen + Inverter,https://prod-platform-api.s3.amazonaws.com/components/671fe64111d826f8e99a58e4/RISEN-700W.png,Risen,700,5,3.5,3500.0,5968.22,1.71,https___fortlevsolar.app_old.csv,published,Solar Kit|Grid-Tie|Photovoltaic System|3.5kWp|Risen|Unknown|Residential Medium,0,1,1,0,Solar Kit
,,,,kits,BRL,Fortlev,fortlev_kit_037,,https://prod-platform-api.s3.amazonaws.com/components/66880a777bc71b60358a5aef/SUNGROW-SG3.0RS-220V-1MPPT.png,Sungrow,,1,Kit 4.41kWp - Longi + Sungrow,https://prod-platform-api.s3.amazonaws.com/components/68cbfb5b8434a2f72c363a4f/LONGI-630Wp_v2.png,Longi,630,7,4.41,4410.0,6058.03,1.37,https___fortlevsolar.app_old.csv,published,Solar Kit|Grid-Tie|Photovoltaic System|4.41kWp|LONGi|Sungrow|Residential Medium,0,1,1,0,Solar Kit
,,,,kits,BRL,Fortlev,fortlev_kit_038,,https://prod-platform-api.s3.amazonaws.com/components/68654277371780ce1447985b/IIN00364.png,,,1,Kit 4.41kWp - Longi + Inverter,https://prod-platform-api.s3.amazonaws.com/components/68cbfb5b8434a2f72c363a4f/LONGI-630Wp_v2.png,Longi,630,7,4.41,4410.0,6208.63,1.41,https___fortlevsolar.app_old.csv,published,Solar Kit|Grid-Tie|Photovoltaic System|4.41kWp|LONGi|Unknown|Residential Medium,0,1,1,0,Solar Kit
,,,,kits,BRL,Fortlev,fortlev_kit_039,,https://prod-platform-api.s3.amazonaws.com/components/66b3b62951d7cf33a7085c16/GROWATT-NEO-2000M-X-2000W-220V.png,Growatt,2.0,1,Kit 2.88kWp - Panel + Growatt,https://prod-platform-api.s3.amazonaws.com/components/66d778fb02c2dc75cdab12df/IMO00093.png,,,,2.88,2880.0,6244.48,2.17,https___fortlevsolar.app_old.csv,published,Solar Kit|Grid-Tie|Photovoltaic System|2.88kWp|Unknown|Growatt|Residential Small,0,1,1,0,Solar Kit
,,,,kits,BRL,Fortlev,fortlev_kit_040,,https://prod-platform-api.s3.amazonaws.com/components/67818a5fc57f3b2021da959f/IIN00301_v2.png,,,1,Kit 4.41kWp - Longi + Inverter,https://prod-platform-api.s3.amazonaws.com/components/68cbfb5b8434a2f72c363a4f/LONGI-630Wp_v2.png,Longi,630,7,4.41,4410.0,6263.07,1.42,https___fortlevsolar.app_old.csv,published,Solar Kit|Grid-Tie|Photovoltaic System|4.41kWp|LONGi|Unknown|Residential Medium,0,1,1,0,Solar Kit
,,,,kits,BRL,Fortlev,fortlev_kit_041,,https://prod-platform-api.s3.amazonaws.com/components/674e1fe18b02c0d00962193e/Enphase-IQB.png,Enphase,,1,Kit 2.8kWp - Risen + Enphase,https://prod-platform-api.s3.amazonaws.com/components/671fe64111d826f8e99a58e4/RISEN-700W.png,Risen,700,4,2.8,2800.0,6296.65,2.25,https___fortlevsolar.app_old.csv,published,Solar Kit|Grid-Tie|Photovoltaic System|2.8kWp|Risen|Enphase|Residential Small,0,1,1,0,Solar Kit
,,,,kits,BRL,Fortlev,fortlev_kit_042,,https://prod-platform-api.s3.amazonaws.com/components/670d5c35dac72e01f686b281/GROWATT-MIC-3000TL-X2-220V-1MPPT.png,Growatt,,1,Kit 4.2kWp - Risen + Growatt,https://prod-platform-api.s3.amazonaws.com/components/671fe64111d826f8e99a58e4/RISEN-700W.png,Risen,700,6,4.2,4200.0,6358.53,1.51,https___fortlevsolar.app_old.csv,published,Solar Kit|Grid-Tie|Photovoltaic System|4.2kWp|Risen|Growatt|Residential Medium,0,1,1,0,Solar Kit
,,,,kits,BRL,Fortlev,fortlev_kit_043,,"https://prod-platform-api.s3.amazonaws.com/components/67d9594a76d2130bb9003087/GROWATT-NEO-2,25.png",Growatt,,1,Kit 2.88kWp - Panel + Growatt,https://prod-platform-api.s3.amazonaws.com/components/66d778fb02c2dc75cdab12df/IMO00093.png,,,,2.88,2880.0,6414.96,2.23,https___fortlevsolar.app_old.csv,published,Solar Kit|Grid-Tie|Photovoltaic System|2.88kWp|Unknown|Growatt|Residential Small,0,1,1,0,Solar Kit
,,,,kits,BRL,Fortlev,fortlev_kit_044,,https://prod-platform-api.s3.amazonaws.com/components/66880a777bc71b60358a5aef/SUNGROW-SG3.0RS-220V-1MPPT.png,Sungrow,,1,Kit 4.2kWp - Risen + Sungrow,https://prod-platform-api.s3.amazonaws.com/components/671fe64111d826f8e99a58e4/RISEN-700W.png,Risen,700,6,4.2,4200.0,6468.29,1.54,https___fortlevsolar.app_old.csv,published,Solar Kit|Grid-Tie|Photovoltaic System|4.2kWp|Risen|Sungrow|Residential Medium,0,1,1,0,Solar Kit
,,,,kits,BRL,Fortlev,fortlev_kit_045,,https://prod-platform-api.s3.amazonaws.com/components/674e1fe18b02c0d00962193e/Enphase-IQB.png,Enphase,,1,Kit 2.92kWp - Longi + Enphase,https://prod-platform-api.s3.amazonaws.com/components/6888f711d571954b7ff6effc/LONGI-585W.png,Longi,585,5,2.92,2920.0,6510.25,2.23,https___fortlevsolar.app_old.csv,published,Solar Kit|Grid-Tie|Photovoltaic System|2.92kWp|LONGi|Enphase|Residential Small,0,1,1,0,Solar Kit
,,,,kits,BRL,Fortlev,fortlev_kit_046,,https://prod-platform-api.s3.amazonaws.com/components/674e1fe18b02c0d00962193e/Enphase-IQB.png,Enphase,,1,Kit 3.05kWp - Panel + Enphase,https://prod-platform-api.s3.amazonaws.com/components/68dbedcc54fa3ed05329e145/IMO00135.png,,,,3.05,3050.0,6511.42,2.13,https___fortlevsolar.app_old.csv,published,Solar Kit|Grid-Tie|Photovoltaic System|3.05kWp|Unknown|Enphase|Residential Medium,0,1,1,0,Solar Kit
,,,,kits,BRL,Fortlev,fortlev_kit_047,,https://prod-platform-api.s3.amazonaws.com/components/67818a5fc57f3b2021da959f/IIN00301_v2.png,,,1,Kit 4.2kWp - Risen + Inverter,https://prod-platform-api.s3.amazonaws.com/components/671fe64111d826f8e99a58e4/RISEN-700W.png,Risen,700,6,4.2,4200.0,6673.33,1.59,https___fortlevsolar.app_old.csv,published,Solar Kit|Grid-Tie|Photovoltaic System|4.2kWp|Risen|Unknown|Residential Medium,0,1,1,0,Solar Kit
,,,,kits,BRL,Fortlev,fortlev_kit_048,,https://prod-platform-api.s3.amazonaws.com/components/6687e304189963220c27c85d/GROWATT%20MIC3000TL-X%20-220V%20-%201MPPT.png,Growatt,,1,Kit 3.71kWp - BYD + Growatt,https://prod-platform-api.s3.amazonaws.com/components/68500752d2d60d325a684b96/PAINEL-BYD-BYD-530W-MLK-36---530W.png,BYD,530,7,3.71,3710.0,6674.8,1.8,https___fortlevsolar.app_old.csv,published,Solar Kit|Grid-Tie|Photovoltaic System|3.71kWp|Byd|Growatt|Residential Medium,0,1,1,0,Solar Kit
,,,,kits,BRL,Fortlev,fortlev_kit_049,,https://prod-platform-api.s3.amazonaws.com/components/670d5c35dac72e01f686b281/GROWATT-MIC-3000TL-X2-220V-1MPPT.png,Growatt,,1,Kit 3.71kWp - BYD + Growatt,https://prod-platform-api.s3.amazonaws.com/components/68500752d2d60d325a684b96/PAINEL-BYD-BYD-530W-MLK-36---530W.png,BYD,530,7,3.71,3710.0,6717.89,1.81,https___fortlevsolar.app_old.csv,published,Solar Kit|Grid-Tie|Photovoltaic System|3.71kWp|Byd|Growatt|Residential Medium,0,1,1,0,Solar Kit
,,,,kits,BRL,Fortlev,fortlev_kit_050,,https://prod-platform-api.s3.amazonaws.com/components/674e1fe18b02c0d00962193e/Enphase-IQB.png,Enphase,,1,Kit 3.15kWp - Longi + Enphase,https://prod-platform-api.s3.amazonaws.com/components/68cbfb5b8434a2f72c363a4f/LONGI-630Wp_v2.png,Longi,630,5,3.15,3150.0,6811.6,2.16,https___fortlevsolar.app_old.csv,published,Solar Kit|Grid-Tie|Photovoltaic System|3.15kWp|LONGi|Enphase|Residential Medium,0,1,1,0,Solar Kit
,,,,kits,BRL,Fortlev,fortlev_kit_051,,https://prod-platform-api.s3.amazonaws.com/components/68275a028d3cd4ac4215d6cf/IIN00349.png,,,1,Kit 3.71kWp - BYD + Inverter,https://prod-platform-api.s3.amazonaws.com/components/68500752d2d60d325a684b96/PAINEL-BYD-BYD-530W-MLK-36---530W.png,BYD,530,7,3.71,3710.0,6935.24,1.87,https___fortlevsolar.app_old.csv,published,Solar Kit|Grid-Tie|Photovoltaic System|3.71kWp|Byd|Unknown|Residential Medium,0,1,1,0,Solar Kit
,,,,kits,BRL,Fortlev,fortlev_kit_052,,https://prod-platform-api.s3.amazonaws.com/components/67818a5fc57f3b2021da95a0/IIN00302.png,,,1,Kit 5.49kWp - Panel + Inverter,https://prod-platform-api.s3.amazonaws.com/components/68dbedcc54fa3ed05329e145/IMO00135.png,,,,5.49,5490.0,7095.28,1.29,https___fortlevsolar.app_old.csv,published,Solar Kit|Grid-Tie|Photovoltaic System|5.49kWp|Unknown|Unknown|Residential Large|Full Images Available,0,1,1,0,Solar Kit
,,,,kits,BRL,Fortlev,fortlev_kit_053,,https://prod-platform-api.s3.amazonaws.com/components/682e22bca14a42eee678f83a/IIN00352.png,,,1,Kit 3.71kWp - BYD + Inverter,https://prod-platform-api.s3.amazonaws.com/components/68500752d2d60d325a684b96/PAINEL-BYD-BYD-530W-MLK-36---530W.png,BYD,530,7,3.71,3710.0,7097.24,1.91,https___fortlevsolar.app_old.csv,published,Solar Kit|Grid-Tie|Photovoltaic System|3.71kWp|Byd|Unknown|Residential Medium,0,1,1,0,Solar Kit
,,,,kits,BRL,Fortlev,fortlev_kit_054,,https://prod-platform-api.s3.amazonaws.com/components/6687e304189963220c27c897/IIN00193.png,,,1,Kit 4.24kWp - BYD + Inverter,https://prod-platform-api.s3.amazonaws.com/components/68500752d2d60d325a684b96/PAINEL-BYD-BYD-530W-MLK-36---530W.png,BYD,530,8,4.24,4240.0,7359.85,1.74,https___fortlevsolar.app_old.csv,published,Solar Kit|Grid-Tie|Photovoltaic System|4.24kWp|Byd|Unknown|Residential Medium,0,1,1,0,Solar Kit
,,,,kits,BRL,Fortlev,fortlev_kit_055,,https://prod-platform-api.s3.amazonaws.com/components/6687e304189963220c27c8a6/IIN00225.png,,,1,Kit 3.71kWp - BYD + Inverter,https://prod-platform-api.s3.amazonaws.com/components/68500752d2d60d325a684b96/PAINEL-BYD-BYD-530W-MLK-36---530W.png,BYD,530,7,3.71,3710.0,7380.85,1.99,https___fortlevsolar.app_old.csv,published,Solar Kit|Grid-Tie|Photovoltaic System|3.71kWp|Byd|Unknown|Residential Medium,0,1,1,0,Solar Kit
,,,,kits,BRL,Fortlev,fortlev_kit_056,,https://prod-platform-api.s3.amazonaws.com/components/66880a777bc71b60358a5af0/SUNGROW-SG4.0RS-220V-2MPPT.png,Sungrow,,1,Kit 5.49kWp - Panel + Sungrow,https://prod-platform-api.s3.amazonaws.com/components/68dbedcc54fa3ed05329e145/IMO00135.png,,,,5.49,5490.0,7432.63,1.35,https___fortlevsolar.app_old.csv,published,Solar Kit|Grid-Tie|Photovoltaic System|5.49kWp|Unknown|Sungrow|Residential Large,0,1,1,0,Solar Kit
,,,,kits,BRL,Fortlev,fortlev_kit_057,,https://prod-platform-api.s3.amazonaws.com/components/6687e304189963220c27c8a6/IIN00225.png,,,1,Kit 3.45kWp - Panel + Inverter,https://prod-platform-api.s3.amazonaws.com/components/66d778fb02c2dc75cdab12df/IMO00093.png,,,,3.45,3450.0,7482.53,2.17,https___fortlevsolar.app_old.csv,published,Solar Kit|Grid-Tie|Photovoltaic System|3.45kWp|Unknown|Unknown|Residential Medium|Full Images Available,0,1,1,0,Solar Kit
,,,,kits,BRL,Fortlev,fortlev_kit_058,,https://prod-platform-api.s3.amazonaws.com/components/6687e304189963220c27c8c7/IIN00126.png,,,1,Kit 3.18kWp - BYD + Inverter,https://prod-platform-api.s3.amazonaws.com/components/68500752d2d60d325a684b96/PAINEL-BYD-BYD-530W-MLK-36---530W.png,BYD,530,6,3.18,3180.0,7538.06,2.37,https___fortlevsolar.app_old.csv,published,Solar Kit|Grid-Tie|Photovoltaic System|3.18kWp|Byd|Unknown|Residential Medium,0,1,1,0,Solar Kit
,,,,kits,BRL,Fortlev,fortlev_kit_059,,https://prod-platform-api.s3.amazonaws.com/components/66880a777bc71b60358a5aef/SUNGROW-SG3.0RS-220V-1MPPT.png,Sungrow,,1,Kit 4.24kWp - BYD + Sungrow,https://prod-platform-api.s3.amazonaws.com/components/68500752d2d60d325a684b96/PAINEL-BYD-BYD-530W-MLK-36---530W.png,BYD,530,8,4.24,4240.0,7538.69,1.78,https___fortlevsolar.app_old.csv,published,Solar Kit|Grid-Tie|Photovoltaic System|4.24kWp|Byd|Sungrow|Residential Medium,0,1,1,0,Solar Kit
,,,,kits,BRL,Fortlev,fortlev_kit_060,,https://prod-platform-api.s3.amazonaws.com/components/68275a028d3cd4ac4215d6cf/IIN00349.png,,,1,Kit 3.45kWp - Panel + Inverter,https://prod-platform-api.s3.amazonaws.com/components/66d778fb02c2dc75cdab12df/IMO00093.png,,,,3.45,3450.0,7628.97,2.21,https___fortlevsolar.app_old.csv,published,Solar Kit|Grid-Tie|Photovoltaic System|3.45kWp|Unknown|Unknown|Residential Medium|Full Images Available,0,1,1,0,Solar Kit
,,,,kits,BRL,Fortlev,fortlev_kit_061,,https://prod-platform-api.s3.amazonaws.com/components/67818a5fc57f3b2021da95a0/IIN00302.png,,,1,Kit 5.85kWp - Longi + Inverter,https://prod-platform-api.s3.amazonaws.com/components/6888f711d571954b7ff6effc/LONGI-585W.png,Longi,585,10,5.85,5850.0,7634.01,1.3,https___fortlevsolar.app_old.csv,published,Solar Kit|Grid-Tie|Photovoltaic System|5.85kWp|LONGi|Unknown|Residential Large,0,1,1,0,Solar Kit
,,,,kits,BRL,Fortlev,fortlev_kit_062,,https://prod-platform-api.s3.amazonaws.com/components/67818a5fc57f3b2021da95a0/IIN00302.png,,,1,Kit 5.67kWp - Longi + Inverter,https://prod-platform-api.s3.amazonaws.com/components/68cbfb5b8434a2f72c363a4f/LONGI-630Wp_v2.png,Longi,630,9,5.67,5670.0,7635.62,1.35,https___fortlevsolar.app_old.csv,published,Solar Kit|Grid-Tie|Photovoltaic System|5.67kWp|LONGi|Unknown|Residential Large,0,1,1,0,Solar Kit
,,,,kits,BRL,Fortlev,fortlev_kit_063,,https://prod-platform-api.s3.amazonaws.com/components/68654277371780ce1447985b/IIN00364.png,,,1,Kit 4.24kWp - BYD + Inverter,https://prod-platform-api.s3.amazonaws.com/components/68500752d2d60d325a684b96/PAINEL-BYD-BYD-530W-MLK-36---530W.png,BYD,530,8,4.24,4240.0,7689.3,1.81,https___fortlevsolar.app_old.csv,published,Solar Kit|Grid-Tie|Photovoltaic System|4.24kWp|Byd|Unknown|Residential Medium,0,1,1,0,Solar Kit
,,,,kits,BRL,Fortlev,fortlev_kit_064,,https://prod-platform-api.s3.amazonaws.com/components/67818a5fc57f3b2021da959f/IIN00301_v2.png,,,1,Kit 4.24kWp - BYD + Inverter,https://prod-platform-api.s3.amazonaws.com/components/68500752d2d60d325a684b96/PAINEL-BYD-BYD-530W-MLK-36---530W.png,BYD,530,8,4.24,4240.0,7743.74,1.83,https___fortlevsolar.app_old.csv,published,Solar Kit|Grid-Tie|Photovoltaic System|4.24kWp|Byd|Unknown|Residential Medium,0,1,1,0,Solar Kit
,,,,kits,BRL,Fortlev,fortlev_kit_065,,https://prod-platform-api.s3.amazonaws.com/components/682e22bca14a42eee678f83a/IIN00352.png,,,1,Kit 3.45kWp - Panel + Inverter,https://prod-platform-api.s3.amazonaws.com/components/66d778fb02c2dc75cdab12df/IMO00093.png,,,,3.45,3450.0,7790.98,2.26,https___fortlevsolar.app_old.csv,published,Solar Kit|Grid-Tie|Photovoltaic System|3.45kWp|Unknown|Unknown|Residential Medium|Full Images Available,0,1,1,0,Solar Kit
,,,,kits,BRL,Fortlev,fortlev_kit_066,,https://prod-platform-api.s3.amazonaws.com/components/6687e304189963220c27c8be/IIN00071.png,,,1,Kit 4.09kWp - Longi + Inverter,https://prod-platform-api.s3.amazonaws.com/components/6888f711d571954b7ff6effc/LONGI-585W.png,Longi,585,7,4.09,4090.0,7858.86,1.92,https___fortlevsolar.app_old.csv,published,Solar Kit|Grid-Tie|Photovoltaic System|4.09kWp|LONGi|Unknown|Residential Medium,0,1,1,0,Solar Kit
,,,,kits,BRL,Fortlev,fortlev_kit_067,,https://prod-platform-api.s3.amazonaws.com/components/66880a777bc71b60358a5af0/SUNGROW-SG4.0RS-220V-2MPPT.png,Sungrow,,1,Kit 5.85kWp - Longi + Sungrow,https://prod-platform-api.s3.amazonaws.com/components/6888f711d571954b7ff6effc/LONGI-585W.png,Longi,585,10,5.85,5850.0,7971.36,1.36,https___fortlevsolar.app_old.csv,published,Solar Kit|Grid-Tie|Photovoltaic System|5.85kWp|LONGi|Sungrow|Residential Large,0,1,1,0,Solar Kit
,,,,kits,BRL,Fortlev,fortlev_kit_068,,https://prod-platform-api.s3.amazonaws.com/components/66880a777bc71b60358a5af0/SUNGROW-SG4.0RS-220V-2MPPT.png,Sungrow,,1,Kit 5.67kWp - Longi + Sungrow,https://prod-platform-api.s3.amazonaws.com/components/68cbfb5b8434a2f72c363a4f/LONGI-630Wp_v2.png,Longi,630,9,5.67,5670.0,7972.96,1.41,https___fortlevsolar.app_old.csv,published,Solar Kit|Grid-Tie|Photovoltaic System|5.67kWp|LONGi|Sungrow|Residential Large,0,1,1,0,Solar Kit
,,,,kits,BRL,Fortlev,fortlev_kit_069,,https://prod-platform-api.s3.amazonaws.com/components/6687e304189963220c27c8be/IIN00071.png,,,1,Kit 4.41kWp - Longi + Inverter,https://prod-platform-api.s3.amazonaws.com/components/68cbfb5b8434a2f72c363a4f/LONGI-630Wp_v2.png,Longi,630,7,4.41,4410.0,8280.75,1.88,https___fortlevsolar.app_old.csv,published,Solar Kit|Grid-Tie|Photovoltaic System|4.41kWp|LONGi|Unknown|Residential Medium,0,1,1,0,Solar Kit
,,,,kits,BRL,Fortlev,fortlev_kit_070,,https://prod-platform-api.s3.amazonaws.com/components/6687e304189963220c27c897/IIN00193.png,,,1,Kit 4.03kWp - Panel + Inverter,https://prod-platform-api.s3.amazonaws.com/components/66d778fb02c2dc75cdab12df/IMO00093.png,,,,4.03,4030.0000000000005,8287.72,2.06,https___fortlevsolar.app_old.csv,published,Solar Kit|Grid-Tie|Photovoltaic System|4.03kWp|Unknown|Unknown|Residential Medium|Full Images Available,0,1,1,0,Solar Kit
,,,,kits,BRL,Fortlev,fortlev_kit_071,,https://prod-platform-api.s3.amazonaws.com/components/6687e304189963220c27c85d/GROWATT%20MIC3000TL-X%20-220V%20-%201MPPT.png,Growatt,,1,Kit 4.03kWp - Panel + Growatt,https://prod-platform-api.s3.amazonaws.com/components/66d778fb02c2dc75cdab12df/IMO00093.png,,,,4.03,4030.0000000000005,8313.71,2.07,https___fortlevsolar.app_old.csv,published,Solar Kit|Grid-Tie|Photovoltaic System|4.03kWp|Unknown|Growatt|Residential Medium,0,1,1,0,Solar Kit
,,,,kits,BRL,Fortlev,fortlev_kit_072,,https://prod-platform-api.s3.amazonaws.com/components/670d5c35dac72e01f686b281/GROWATT-MIC-3000TL-X2-220V-1MPPT.png,Growatt,,1,Kit 4.03kWp - Panel + Growatt,https://prod-platform-api.s3.amazonaws.com/components/66d778fb02c2dc75cdab12df/IMO00093.png,,,,4.03,4030.0000000000005,8356.79,2.08,https___fortlevsolar.app_old.csv,published,Solar Kit|Grid-Tie|Photovoltaic System|4.03kWp|Unknown|Growatt|Residential Medium,0,1,1,0,Solar Kit
,,,,kits,BRL,Fortlev,fortlev_kit_073,,https://prod-platform-api.s3.amazonaws.com/components/67818a5fc57f3b2021da95a0/IIN00302.png,,,1,Kit 5.6kWp - Risen + Inverter,https://prod-platform-api.s3.amazonaws.com/components/671fe64111d826f8e99a58e4/RISEN-700W.png,Risen,700,8,5.6,5600.0,8382.99,1.5,https___fortlevsolar.app_old.csv,published,Solar Kit|Grid-Tie|Photovoltaic System|5.6kWp|Risen|Unknown|Residential Large,0,1,1,0,Solar Kit
,,,,kits,BRL,Fortlev,fortlev_kit_074,,https://prod-platform-api.s3.amazonaws.com/components/66880a777bc71b60358a5aef/SUNGROW-SG3.0RS-220V-1MPPT.png,Sungrow,,1,Kit 4.03kWp - Panel + Sungrow,https://prod-platform-api.s3.amazonaws.com/components/66d778fb02c2dc75cdab12df/IMO00093.png,,,,4.03,4030.0000000000005,8466.55,2.1,https___fortlevsolar.app_old.csv,published,Solar Kit|Grid-Tie|Photovoltaic System|4.03kWp|Unknown|Sungrow|Residential Medium,0,1,1,0,Solar Kit
,,,,kits,BRL,Fortlev,fortlev_kit_075,,https://prod-platform-api.s3.amazonaws.com/components/6687e304189963220c27c88f/IIN00184.png,,,1,Kit 7.02kWp - Longi + Inverter,https://prod-platform-api.s3.amazonaws.com/components/6888f711d571954b7ff6effc/LONGI-585W.png,Longi,585,12,7.02,7020.0,8584.9,1.22,https___fortlevsolar.app_old.csv,published,Solar Kit|Grid-Tie|Photovoltaic System|7.02kWp|LONGi|Unknown|Residential Large,0,1,1,0,Solar Kit
,,,,kits,BRL,Fortlev,fortlev_kit_076,,https://prod-platform-api.s3.amazonaws.com/components/6687e304189963220c27c88f/IIN00184.png,,,1,Kit 7.32kWp - Panel + Inverter,https://prod-platform-api.s3.amazonaws.com/components/68dbedcc54fa3ed05329e145/IMO00135.png,,,,7.32,7320.0,8587.7,1.17,https___fortlevsolar.app_old.csv,published,Solar Kit|Grid-Tie|Photovoltaic System|7.32kWp|Unknown|Unknown|Residential Large|Full Images Available,0,1,1,0,Solar Kit
,,,,kits,BRL,Fortlev,fortlev_kit_077,,https://prod-platform-api.s3.amazonaws.com/components/68654277371780ce1447985b/IIN00364.png,,,1,Kit 4.03kWp - Panel + Inverter,https://prod-platform-api.s3.amazonaws.com/components/66d778fb02c2dc75cdab12df/IMO00093.png,,,,4.03,4030.0000000000005,8617.16,2.14,https___fortlevsolar.app_old.csv,published,Solar Kit|Grid-Tie|Photovoltaic System|4.03kWp|Unknown|Unknown|Residential Medium|Full Images Available,0,1,1,0,Solar Kit
,,,,kits,BRL,Fortlev,fortlev_kit_078,,https://prod-platform-api.s3.amazonaws.com/components/6691a7697f99e1700d66acbd/IIN00251.png,,,1,Kit 7.02kWp - Longi + Inverter,https://prod-platform-api.s3.amazonaws.com/components/6888f711d571954b7ff6effc/LONGI-585W.png,Longi,585,12,7.02,7020.0,8650.8,1.23,https___fortlevsolar.app_old.csv,published,Solar Kit|Grid-Tie|Photovoltaic System|7.02kWp|LONGi|Unknown|Residential Large,0,1,1,0,Solar Kit
,,,,kits,BRL,Fortlev,fortlev_kit_079,,https://prod-platform-api.s3.amazonaws.com/components/6691a7697f99e1700d66acbd/IIN00251.png,,,1,Kit 7.32kWp - Panel + Inverter,https://prod-platform-api.s3.amazonaws.com/components/68dbedcc54fa3ed05329e145/IMO00135.png,,,,7.32,7320.0,8653.6,1.18,https___fortlevsolar.app_old.csv,published,Solar Kit|Grid-Tie|Photovoltaic System|7.32kWp|Unknown|Unknown|Residential Large|Full Images Available,0,1,1,0,Solar Kit
,,,,kits,BRL,Fortlev,fortlev_kit_080,,https://prod-platform-api.s3.amazonaws.com/components/674e1fe18b02c0d00962193e/Enphase-IQB.png,Enphase,,1,Kit 3.18kWp - BYD + Enphase,https://prod-platform-api.s3.amazonaws.com/components/68500752d2d60d325a684b96/PAINEL-BYD-BYD-530W-MLK-36---530W.png,BYD,530,6,3.18,3180.0,8660.46,2.72,https___fortlevsolar.app_old.csv,published,Solar Kit|Grid-Tie|Photovoltaic System|3.18kWp|Byd|Enphase|Residential Medium,0,1,1,0,Solar Kit
,,,,kits,BRL,Fortlev,fortlev_kit_081,,https://prod-platform-api.s3.amazonaws.com/components/67818a5fc57f3b2021da959f/IIN00301_v2.png,,,1,Kit 4.03kWp - Panel + Inverter,https://prod-platform-api.s3.amazonaws.com/components/66d778fb02c2dc75cdab12df/IMO00093.png,,,,4.03,4030.0000000000005,8671.6,2.15,https___fortlevsolar.app_old.csv,published,Solar Kit|Grid-Tie|Photovoltaic System|4.03kWp|Unknown|Unknown|Residential Medium|Full Images Available,0,1,1,0,Solar Kit
,,,,kits,BRL,Fortlev,fortlev_kit_082,,https://prod-platform-api.s3.amazonaws.com/components/6687e304189963220c27c88f/IIN00184.png,,,1,Kit 6.93kWp - Longi + Inverter,https://prod-platform-api.s3.amazonaws.com/components/68cbfb5b8434a2f72c363a4f/LONGI-630Wp_v2.png,Longi,630,11,6.93,6930.0,8707.04,1.26,https___fortlevsolar.app_old.csv,published,Solar Kit|Grid-Tie|Photovoltaic System|6.93kWp|LONGi|Unknown|Residential Large,0,1,1,0,Solar Kit
,,,,kits,BRL,Fortlev,fortlev_kit_083,,https://prod-platform-api.s3.amazonaws.com/components/66880a777bc71b60358a5af0/SUNGROW-SG4.0RS-220V-2MPPT.png,Sungrow,,1,Kit 5.6kWp - Risen + Sungrow,https://prod-platform-api.s3.amazonaws.com/components/671fe64111d826f8e99a58e4/RISEN-700W.png,Risen,700,8,5.6,5600.0,8720.34,1.56,https___fortlevsolar.app_old.csv,published,Solar Kit|Grid-Tie|Photovoltaic System|5.6kWp|Risen|Sungrow|Residential Large,0,1,1,0,Solar Kit
,,,,kits,BRL,Fortlev,fortlev_kit_084,,https://prod-platform-api.s3.amazonaws.com/components/6691a7697f99e1700d66acbd/IIN00251.png,,,1,Kit 6.93kWp - Longi + Inverter,https://prod-platform-api.s3.amazonaws.com/components/68cbfb5b8434a2f72c363a4f/LONGI-630Wp_v2.png,Longi,630,11,6.93,6930.0,8772.94,1.27,https___fortlevsolar.app_old.csv,published,Solar Kit|Grid-Tie|Photovoltaic System|6.93kWp|LONGi|Unknown|Residential Large,0,1,1,0,Solar Kit
,,,,kits,BRL,Fortlev,fortlev_kit_085,,https://prod-platform-api.s3.amazonaws.com/components/6687e304189963220c27c8a3/SUNGROW-SG5.0RS-220V-2MPPT.png,Sungrow,,1,Kit 7.02kWp - Longi + Sungrow,https://prod-platform-api.s3.amazonaws.com/components/6888f711d571954b7ff6effc/LONGI-585W.png,Longi,585,12,7.02,7020.0,8821.14,1.26,https___fortlevsolar.app_old.csv,published,Solar Kit|Grid-Tie|Photovoltaic System|7.02kWp|LONGi|Sungrow|Residential Large,0,1,1,0,Solar Kit
,,,,kits,BRL,Fortlev,fortlev_kit_086,,https://prod-platform-api.s3.amazonaws.com/components/6687e304189963220c27c8a3/SUNGROW-SG5.0RS-220V-2MPPT.png,Sungrow,,1,Kit 7.32kWp - Panel + Sungrow,https://prod-platform-api.s3.amazonaws.com/components/68dbedcc54fa3ed05329e145/IMO00135.png,,,,7.32,7320.0,8823.93,1.21,https___fortlevsolar.app_old.csv,published,Solar Kit|Grid-Tie|Photovoltaic System|7.32kWp|Unknown|Sungrow|Residential Large,0,1,1,0,Solar Kit
,,,,kits,BRL,Fortlev,fortlev_kit_087,,https://prod-platform-api.s3.amazonaws.com/components/68654277371780ce1447985c/IIN00365.png,,,1,Kit 7.02kWp - Longi + Inverter,https://prod-platform-api.s3.amazonaws.com/components/6888f711d571954b7ff6effc/LONGI-585W.png,Longi,585,12,7.02,7020.0,8828.45,1.26,https___fortlevsolar.app_old.csv,published,Solar Kit|Grid-Tie|Photovoltaic System|7.02kWp|LONGi|Unknown|Residential Large,0,1,1,0,Solar Kit
,,,,kits,BRL,Fortlev,fortlev_kit_088,,https://prod-platform-api.s3.amazonaws.com/components/68654277371780ce1447985c/IIN00365.png,,,1,Kit 7.32kWp - Panel + Inverter,https://prod-platform-api.s3.amazonaws.com/components/68dbedcc54fa3ed05329e145/IMO00135.png,,,,7.32,7320.0,8831.25,1.21,https___fortlevsolar.app_old.csv,published,Solar Kit|Grid-Tie|Photovoltaic System|7.32kWp|Unknown|Unknown|Residential Large|Full Images Available,0,1,1,0,Solar Kit
,,,,kits,BRL,Fortlev,fortlev_kit_089,,https://prod-platform-api.s3.amazonaws.com/components/67818a5fc57f3b2021da95a1/IIN00303.png,,,1,Kit 7.02kWp - Longi + Inverter,https://prod-platform-api.s3.amazonaws.com/components/6888f711d571954b7ff6effc/LONGI-585W.png,Longi,585,12,7.02,7020.0,8832.1,1.26,https___fortlevsolar.app_old.csv,published,Solar Kit|Grid-Tie|Photovoltaic System|7.02kWp|LONGi|Unknown|Residential Large,0,1,1,0,Solar Kit
,,,,kits,BRL,Fortlev,fortlev_kit_090,,https://prod-platform-api.s3.amazonaws.com/components/67818a5fc57f3b2021da95a1/IIN00303.png,,,1,Kit 7.32kWp - Panel + Inverter,https://prod-platform-api.s3.amazonaws.com/components/68dbedcc54fa3ed05329e145/IMO00135.png,,,,7.32,7320.0,8834.9,1.21,https___fortlevsolar.app_old.csv,published,Solar Kit|Grid-Tie|Photovoltaic System|7.32kWp|Unknown|Unknown|Residential Large|Full Images Available,0,1,1,0,Solar Kit
,,,,kits,BRL,Fortlev,fortlev_kit_091,,https://prod-platform-api.s3.amazonaws.com/components/6687e304189963220c27c8c7/IIN00126.png,,,1,Kit 3.45kWp - Panel + Inverter,https://prod-platform-api.s3.amazonaws.com/components/66d778fb02c2dc75cdab12df/IMO00093.png,,,,3.45,3450.0,8942.84,2.59,https___fortlevsolar.app_old.csv,published,Solar Kit|Grid-Tie|Photovoltaic System|3.45kWp|Unknown|Unknown|Residential Medium|Full Images Available,0,1,1,0,Solar Kit
,,,,kits,BRL,Fortlev,fortlev_kit_092,,https://prod-platform-api.s3.amazonaws.com/components/6687e304189963220c27c8a3/SUNGROW-SG5.0RS-220V-2MPPT.png,Sungrow,,1,Kit 6.93kWp - Longi + Sungrow,https://prod-platform-api.s3.amazonaws.com/components/68cbfb5b8434a2f72c363a4f/LONGI-630Wp_v2.png,Longi,630,11,6.93,6930.0,8943.28,1.29,https___fortlevsolar.app_old.csv,published,Solar Kit|Grid-Tie|Photovoltaic System|6.93kWp|LONGi|Sungrow|Residential Large,0,1,1,0,Solar Kit
,,,,kits,BRL,Fortlev,fortlev_kit_093,,https://prod-platform-api.s3.amazonaws.com/components/68654277371780ce1447985c/IIN00365.png,,,1,Kit 6.93kWp - Longi + Inverter,https://prod-platform-api.s3.amazonaws.com/components/68cbfb5b8434a2f72c363a4f/LONGI-630Wp_v2.png,Longi,630,11,6.93,6930.0,8950.59,1.29,https___fortlevsolar.app_old.csv,published,Solar Kit|Grid-Tie|Photovoltaic System|6.93kWp|LONGi|Unknown|Residential Large,0,1,1,0,Solar Kit
,,,,kits,BRL,Fortlev,fortlev_kit_094,,https://prod-platform-api.s3.amazonaws.com/components/67818a5fc57f3b2021da95a1/IIN00303.png,,,1,Kit 6.93kWp - Longi + Inverter,https://prod-platform-api.s3.amazonaws.com/components/68cbfb5b8434a2f72c363a4f/LONGI-630Wp_v2.png,Longi,630,11,6.93,6930.0,8954.24,1.29,https___fortlevsolar.app_old.csv,published,Solar Kit|Grid-Tie|Photovoltaic System|6.93kWp|LONGi|Unknown|Residential Large,0,1,1,0,Solar Kit
,,,,kits,BRL,Fortlev,fortlev_kit_095,,https://prod-platform-api.s3.amazonaws.com/components/6687e304189963220c27c8be/IIN00071.png,,,1,Kit 4.24kWp - BYD + Inverter,https://prod-platform-api.s3.amazonaws.com/components/68500752d2d60d325a684b96/PAINEL-BYD-BYD-530W-MLK-36---530W.png,BYD,530,8,4.24,4240.0,9761.42,2.3,https___fortlevsolar.app_old.csv,published,Solar Kit|Grid-Tie|Photovoltaic System|4.24kWp|Byd|Unknown|Residential Medium,0,1,1,0,Solar Kit
,,,,kits,BRL,Fortlev,fortlev_kit_096,,https://prod-platform-api.s3.amazonaws.com/components/6687e304189963220c27c892/IIN00188.png,,,1,Kit 8.54kWp - Panel + Inverter,https://prod-platform-api.s3.amazonaws.com/components/68dbedcc54fa3ed05329e145/IMO00135.png,,,,8.54,8540.0,9841.25,1.15,https___fortlevsolar.app_old.csv,published,Solar Kit|Grid-Tie|Photovoltaic System|8.54kWp|Unknown|Unknown|Residential Large|Full Images Available,0,1,1,0,Solar Kit
,,,,kits,BRL,Fortlev,fortlev_kit_097,,https://prod-platform-api.s3.amazonaws.com/components/6687e304189963220c27c8a4/IIN00221.png,,,1,Kit 8.54kWp - Panel + Inverter,https://prod-platform-api.s3.amazonaws.com/components/68dbedcc54fa3ed05329e145/IMO00135.png,,,,8.54,8540.0,9852.95,1.15,https___fortlevsolar.app_old.csv,published,Solar Kit|Grid-Tie|Photovoltaic System|8.54kWp|Unknown|Unknown|Residential Large|Full Images Available,0,1,1,0,Solar Kit
,,,,kits,BRL,Fortlev,fortlev_kit_098,,https://prod-platform-api.s3.amazonaws.com/components/6691a7697f99e1700d66acbd/IIN00251.png,,,1,Kit 7.0kWp - Risen + Inverter,https://prod-platform-api.s3.amazonaws.com/components/671fe64111d826f8e99a58e4/RISEN-700W.png,Risen,700,10,7.0,7000.0,9857.44,1.41,https___fortlevsolar.app_old.csv,published,Solar Kit|Grid-Tie|Photovoltaic System|7.0kWp|Risen|Unknown|Residential Large,0,1,1,0,Solar Kit
,,,,kits,BRL,Fortlev,fortlev_kit_099,,https://prod-platform-api.s3.amazonaws.com/components/6691a7697f99e1700d66acbc/IIN00250.png,,,1,Kit 8.54kWp - Panel + Inverter,https://prod-platform-api.s3.amazonaws.com/components/68dbedcc54fa3ed05329e145/IMO00135.png,,,,8.54,8540.0,9899.66,1.16,https___fortlevsolar.app_old.csv,published,Solar Kit|Grid-Tie|Photovoltaic System|8.54kWp|Unknown|Unknown|Residential Large|Full Images Available,0,1,1,0,Solar Kit
,,,,kits,BRL,Fortlev,fortlev_kit_100,,https://prod-platform-api.s3.amazonaws.com/components/68654277371780ce1447985d/IIN00366.png,,,1,Kit 8.54kWp - Panel + Inverter,https://prod-platform-api.s3.amazonaws.com/components/68dbedcc54fa3ed05329e145/IMO00135.png,,,,8.54,8540.0,9998.19,1.17,https___fortlevsolar.app_old.csv,published,Solar Kit|Grid-Tie|Photovoltaic System|8.54kWp|Unknown|Unknown|Residential Large|Full Images Available,0,1,1,0,Solar Kit
,,,,kits,BRL,Fortlev,fortlev_kit_101,,https://prod-platform-api.s3.amazonaws.com/components/6687e304189963220c27c8a3/SUNGROW-SG5.0RS-220V-2MPPT.png,Sungrow,,1,Kit 7.0kWp - Risen + Sungrow,https://prod-platform-api.s3.amazonaws.com/components/671fe64111d826f8e99a58e4/RISEN-700W.png,Risen,700,10,7.0,7000.0,10027.77,1.43,https___fortlevsolar.app_old.csv,published,Solar Kit|Grid-Tie|Photovoltaic System|7.0kWp|Risen|Sungrow|Residential Large,0,1,1,0,Solar Kit
,,,,kits,BRL,Fortlev,fortlev_kit_102,,https://prod-platform-api.s3.amazonaws.com/components/67818a5fc57f3b2021da95a1/IIN00303.png,,,1,Kit 7.0kWp - Risen + Inverter,https://prod-platform-api.s3.amazonaws.com/components/671fe64111d826f8e99a58e4/RISEN-700W.png,Risen,700,10,7.0,7000.0,10038.74,1.43,https___fortlevsolar.app_old.csv,published,Solar Kit|Grid-Tie|Photovoltaic System|7.0kWp|Risen|Unknown|Residential Large,0,1,1,0,Solar Kit
,,,,kits,BRL,Fortlev,fortlev_kit_103,,https://prod-platform-api.s3.amazonaws.com/components/67818a5fc57f3b2021da95a0/IIN00302.png,,,1,Kit 5.83kWp - BYD + Inverter,https://prod-platform-api.s3.amazonaws.com/components/68500752d2d60d325a684b96/PAINEL-BYD-BYD-530W-MLK-36---530W.png,BYD,530,11,5.83,5830.0,10047.22,1.72,https___fortlevsolar.app_old.csv,published,Solar Kit|Grid-Tie|Photovoltaic System|5.83kWp|Byd|Unknown|Residential Large,0,1,1,0,Solar Kit
,,,,kits,BRL,Fortlev,fortlev_kit_104,,https://prod-platform-api.s3.amazonaws.com/components/674e1fe18b02c0d00962193e/Enphase-IQB.png,Enphase,,1,Kit 3.45kWp - Panel + Enphase,https://prod-platform-api.s3.amazonaws.com/components/66d778fb02c2dc75cdab12df/IMO00093.png,,,,3.45,3450.0,10065.24,2.92,https___fortlevsolar.app_old.csv,published,Solar Kit|Grid-Tie|Photovoltaic System|3.45kWp|Unknown|Enphase|Residential Medium,0,1,1,0,Solar Kit
,,,,kits,BRL,Fortlev,fortlev_kit_105,,https://prod-platform-api.s3.amazonaws.com/components/6687e304189963220c27c892/IIN00188.png,,,1,Kit 8.78kWp - Longi + Inverter,https://prod-platform-api.s3.amazonaws.com/components/6888f711d571954b7ff6effc/LONGI-585W.png,Longi,585,15,8.78,8780.0,10378.82,1.18,https___fortlevsolar.app_old.csv,published,Solar Kit|Grid-Tie|Photovoltaic System|8.78kWp|LONGi|Unknown|Residential Large,0,1,1,0,Solar Kit
,,,,kits,BRL,Fortlev,fortlev_kit_106,,https://prod-platform-api.s3.amazonaws.com/components/66880a777bc71b60358a5af0/SUNGROW-SG4.0RS-220V-2MPPT.png,Sungrow,,1,Kit 5.83kWp - BYD + Sungrow,https://prod-platform-api.s3.amazonaws.com/components/68500752d2d60d325a684b96/PAINEL-BYD-BYD-530W-MLK-36---530W.png,BYD,530,11,5.83,5830.0,10384.56,1.78,https___fortlevsolar.app_old.csv,published,Solar Kit|Grid-Tie|Photovoltaic System|5.83kWp|Byd|Sungrow|Residential Large,0,1,1,0,Solar Kit
,,,,kits,BRL,Fortlev,fortlev_kit_107,,https://prod-platform-api.s3.amazonaws.com/components/6687e304189963220c27c8a4/IIN00221.png,,,1,Kit 8.78kWp - Longi + Inverter,https://prod-platform-api.s3.amazonaws.com/components/6888f711d571954b7ff6effc/LONGI-585W.png,Longi,585,15,8.78,8780.0,10390.52,1.18,https___fortlevsolar.app_old.csv,published,Solar Kit|Grid-Tie|Photovoltaic System|8.78kWp|LONGi|Unknown|Residential Large,0,1,1,0,Solar Kit
,,,,kits,BRL,Fortlev,fortlev_kit_108,,https://prod-platform-api.s3.amazonaws.com/components/6691a7697f99e1700d66acbc/IIN00250.png,,,1,Kit 8.78kWp - Longi + Inverter,https://prod-platform-api.s3.amazonaws.com/components/6888f711d571954b7ff6effc/LONGI-585W.png,Longi,585,15,8.78,8780.0,10437.22,1.19,https___fortlevsolar.app_old.csv,published,Solar Kit|Grid-Tie|Photovoltaic System|8.78kWp|LONGi|Unknown|Residential Large,0,1,1,0,Solar Kit
,,,,kits,BRL,Fortlev,fortlev_kit_109,,https://prod-platform-api.s3.amazonaws.com/components/68654277371780ce1447985d/IIN00366.png,,,1,Kit 8.78kWp - Longi + Inverter,https://prod-platform-api.s3.amazonaws.com/components/6888f711d571954b7ff6effc/LONGI-585W.png,Longi,585,15,8.78,8780.0,10535.76,1.2,https___fortlevsolar.app_old.csv,published,Solar Kit|Grid-Tie|Photovoltaic System|8.78kWp|LONGi|Unknown|Residential Large,0,1,1,0,Solar Kit
,,,,kits,BRL,Fortlev,fortlev_kit_110,,https://prod-platform-api.s3.amazonaws.com/components/6687e304189963220c27c892/IIN00188.png,,,1,Kit 8.82kWp - Longi + Inverter,https://prod-platform-api.s3.amazonaws.com/components/68cbfb5b8434a2f72c363a4f/LONGI-630Wp_v2.png,Longi,630,14,8.82,8820.0,10681.77,1.21,https___fortlevsolar.app_old.csv,published,Solar Kit|Grid-Tie|Photovoltaic System|8.82kWp|LONGi|Unknown|Residential Large,0,1,1,0,Solar Kit
,,,,kits,BRL,Fortlev,fortlev_kit_111,,https://prod-platform-api.s3.amazonaws.com/components/6687e304189963220c27c8be/IIN00071.png,,,1,Kit 4.03kWp - Panel + Inverter,https://prod-platform-api.s3.amazonaws.com/components/66d778fb02c2dc75cdab12df/IMO00093.png,,,,4.03,4030.0000000000005,10689.28,2.66,https___fortlevsolar.app_old.csv,published,Solar Kit|Grid-Tie|Photovoltaic System|4.03kWp|Unknown|Unknown|Residential Medium|Full Images Available,0,1,1,0,Solar Kit
,,,,kits,BRL,Fortlev,fortlev_kit_112,,https://prod-platform-api.s3.amazonaws.com/components/6687e304189963220c27c8a4/IIN00221.png,,,1,Kit 8.82kWp - Longi + Inverter,https://prod-platform-api.s3.amazonaws.com/components/68cbfb5b8434a2f72c363a4f/LONGI-630Wp_v2.png,Longi,630,14,8.82,8820.0,10693.47,1.21,https___fortlevsolar.app_old.csv,published,Solar Kit|Grid-Tie|Photovoltaic System|8.82kWp|LONGi|Unknown|Residential Large,0,1,1,0,Solar Kit
,,,,kits,BRL,Fortlev,fortlev_kit_113,,https://prod-platform-api.s3.amazonaws.com/components/6691a7697f99e1700d66acbc/IIN00250.png,,,1,Kit 8.82kWp - Longi + Inverter,https://prod-platform-api.s3.amazonaws.com/components/68cbfb5b8434a2f72c363a4f/LONGI-630Wp_v2.png,Longi,630,14,8.82,8820.0,10740.18,1.22,https___fortlevsolar.app_old.csv,published,Solar Kit|Grid-Tie|Photovoltaic System|8.82kWp|LONGi|Unknown|Residential Large,0,1,1,0,Solar Kit
,,,,kits,BRL,Fortlev,fortlev_kit_114,,https://prod-platform-api.s3.amazonaws.com/components/68654277371780ce1447985d/IIN00366.png,,,1,Kit 8.82kWp - Longi + Inverter,https://prod-platform-api.s3.amazonaws.com/components/68cbfb5b8434a2f72c363a4f/LONGI-630Wp_v2.png,Longi,630,14,8.82,8820.0,10838.71,1.23,https___fortlevsolar.app_old.csv,published,Solar Kit|Grid-Tie|Photovoltaic System|8.82kWp|LONGi|Unknown|Residential Large,0,1,1,0,Solar Kit
,,,,kits,BRL,Fortlev,fortlev_kit_115,,https://prod-platform-api.s3.amazonaws.com/components/6687e304189963220c27c8a4/IIN00221.png,,,1,Kit 8.4kWp - Risen + Inverter,https://prod-platform-api.s3.amazonaws.com/components/671fe64111d826f8e99a58e4/RISEN-700W.png,Risen,700,12,8.4,8400.0,11513.99,1.37,https___fortlevsolar.app_old.csv,published,Solar Kit|Grid-Tie|Photovoltaic System|8.4kWp|Risen|Unknown|Residential Large,0,1,1,0,Solar Kit
,,,,kits,BRL,Fortlev,fortlev_kit_116,,https://prod-platform-api.s3.amazonaws.com/components/6691a7697f99e1700d66acbc/IIN00250.png,,,1,Kit 8.4kWp - Risen + Inverter,https://prod-platform-api.s3.amazonaws.com/components/671fe64111d826f8e99a58e4/RISEN-700W.png,Risen,700,12,8.4,8400.0,11560.69,1.38,https___fortlevsolar.app_old.csv,published,Solar Kit|Grid-Tie|Photovoltaic System|8.4kWp|Risen|Unknown|Residential Large,0,1,1,0,Solar Kit
,,,,kits,BRL,Fortlev,fortlev_kit_117,,https://prod-platform-api.s3.amazonaws.com/components/67818a5fc57f3b2021da95a0/IIN00302.png,,,1,Kit 5.75kWp - Panel + Inverter,https://prod-platform-api.s3.amazonaws.com/components/66d778fb02c2dc75cdab12df/IMO00093.png,,,,5.75,5750.0,11677.47,2.03,https___fortlevsolar.app_old.csv,published,Solar Kit|Grid-Tie|Photovoltaic System|5.75kWp|Unknown|Unknown|Residential Large|Full Images Available,0,1,1,0,Solar Kit
,,,,kits,BRL,Fortlev,fortlev_kit_118,,https://prod-platform-api.s3.amazonaws.com/components/66880a777bc71b60358a5af0/SUNGROW-SG4.0RS-220V-2MPPT.png,Sungrow,,1,Kit 5.75kWp - Panel + Sungrow,https://prod-platform-api.s3.amazonaws.com/components/66d778fb02c2dc75cdab12df/IMO00093.png,,,,5.75,5750.0,12014.81,2.09,https___fortlevsolar.app_old.csv,published,Solar Kit|Grid-Tie|Photovoltaic System|5.75kWp|Unknown|Sungrow|Residential Large,0,1,1,0,Solar Kit
,,,,kits,BRL,Fortlev,fortlev_kit_119,,https://prod-platform-api.s3.amazonaws.com/components/6687e304189963220c27c88f/IIN00184.png,,,1,Kit 7.42kWp - BYD + Inverter,https://prod-platform-api.s3.amazonaws.com/components/68500752d2d60d325a684b96/PAINEL-BYD-BYD-530W-MLK-36---530W.png,BYD,530,14,7.42,7420.0,12049.58,1.62,https___fortlevsolar.app_old.csv,published,Solar Kit|Grid-Tie|Photovoltaic System|7.42kWp|Byd|Unknown|Residential Large,0,1,1,0,Solar Kit
,,,,kits,BRL,Fortlev,fortlev_kit_120,,https://prod-platform-api.s3.amazonaws.com/components/6691a7697f99e1700d66acbd/IIN00251.png,,,1,Kit 7.42kWp - BYD + Inverter,https://prod-platform-api.s3.amazonaws.com/components/68500752d2d60d325a684b96/PAINEL-BYD-BYD-530W-MLK-36---530W.png,BYD,530,14,7.42,7420.0,12115.48,1.63,https___fortlevsolar.app_old.csv,published,Solar Kit|Grid-Tie|Photovoltaic System|7.42kWp|Byd|Unknown|Residential Large,0,1,1,0,Solar Kit
,,,,kits,BRL,Fortlev,fortlev_kit_121,,https://prod-platform-api.s3.amazonaws.com/components/6687e304189963220c27c8a3/SUNGROW-SG5.0RS-220V-2MPPT.png,Sungrow,,1,Kit 7.42kWp - BYD + Sungrow,https://prod-platform-api.s3.amazonaws.com/components/68500752d2d60d325a684b96/PAINEL-BYD-BYD-530W-MLK-36---530W.png,BYD,530,14,7.42,7420.0,12285.82,1.66,https___fortlevsolar.app_old.csv,published,Solar Kit|Grid-Tie|Photovoltaic System|7.42kWp|Byd|Sungrow|Residential Large,0,1,1,0,Solar Kit
,,,,kits,BRL,Fortlev,fortlev_kit_122,,https://prod-platform-api.s3.amazonaws.com/components/68654277371780ce1447985c/IIN00365.png,,,1,Kit 7.42kWp - BYD + Inverter,https://prod-platform-api.s3.amazonaws.com/components/68500752d2d60d325a684b96/PAINEL-BYD-BYD-530W-MLK-36---530W.png,BYD,530,14,7.42,7420.0,12293.13,1.66,https___fortlevsolar.app_old.csv,published,Solar Kit|Grid-Tie|Photovoltaic System|7.42kWp|Byd|Unknown|Residential Large,0,1,1,0,Solar Kit
,,,,kits,BRL,Fortlev,fortlev_kit_123,,https://prod-platform-api.s3.amazonaws.com/components/67818a5fc57f3b2021da95a1/IIN00303.png,,,1,Kit 7.42kWp - BYD + Inverter,https://prod-platform-api.s3.amazonaws.com/components/68500752d2d60d325a684b96/PAINEL-BYD-BYD-530W-MLK-36---530W.png,BYD,530,14,7.42,7420.0,12296.78,1.66,https___fortlevsolar.app_old.csv,published,Solar Kit|Grid-Tie|Photovoltaic System|7.42kWp|Byd|Unknown|Residential Large,0,1,1,0,Solar Kit
,,,,kits,BRL,Fortlev,fortlev_kit_124,,https://prod-platform-api.s3.amazonaws.com/components/678191649fe6a400e32b7da9/IIN00305.png,,,1,Kit 10.98kWp - Panel + Inverter,https://prod-platform-api.s3.amazonaws.com/components/68dbedcc54fa3ed05329e145/IMO00135.png,,,,10.98,10980.0,12611.35,1.15,https___fortlevsolar.app_old.csv,published,Solar Kit|Grid-Tie|Photovoltaic System|10.98kWp|Unknown|Unknown|Commercial|Full Images Available,0,1,1,0,Solar Kit
,,,,kits,BRL,Fortlev,fortlev_kit_125,,https://prod-platform-api.s3.amazonaws.com/components/678950349ecacc7047df66f5/IIN00319.png,,,1,Kit 10.98kWp - Panel + Inverter,https://prod-platform-api.s3.amazonaws.com/components/68dbedcc54fa3ed05329e145/IMO00135.png,,,,10.98,10980.0,12633.06,1.15,https___fortlevsolar.app_old.csv,published,Solar Kit|Grid-Tie|Photovoltaic System|10.98kWp|Unknown|Unknown|Commercial|Full Images Available,0,1,1,0,Solar Kit
,,,,kits,BRL,Fortlev,fortlev_kit_126,,https://prod-platform-api.s3.amazonaws.com/components/678191649fe6a400e32b7da9/IIN00305.png,,,1,Kit 10.71kWp - Longi + Inverter,https://prod-platform-api.s3.amazonaws.com/components/68cbfb5b8434a2f72c363a4f/LONGI-630Wp_v2.png,Longi,630,17,10.71,10710.0,13090.92,1.22,https___fortlevsolar.app_old.csv,published,Solar Kit|Grid-Tie|Photovoltaic System|10.71kWp|LONGi|Unknown|Commercial,0,1,1,0,Solar Kit
,,,,kits,BRL,Fortlev,fortlev_kit_127,,https://prod-platform-api.s3.amazonaws.com/components/68402e4a01caf92f5b9b739d/IIN00348.png,,,1,Kit 10.53kWp - Longi + Inverter,https://prod-platform-api.s3.amazonaws.com/components/6888f711d571954b7ff6effc/LONGI-585W.png,Longi,585,18,10.53,10530.0,13097.17,1.24,https___fortlevsolar.app_old.csv,published,Solar Kit|Grid-Tie|Photovoltaic System|10.53kWp|LONGi|Unknown|Commercial,0,1,1,0,Solar Kit
,,,,kits,BRL,Fortlev,fortlev_kit_128,,https://prod-platform-api.s3.amazonaws.com/components/68402e4a01caf92f5b9b739d/IIN00348.png,,,1,Kit 10.98kWp - Panel + Inverter,https://prod-platform-api.s3.amazonaws.com/components/68dbedcc54fa3ed05329e145/IMO00135.png,,,,10.98,10980.0,13101.36,1.19,https___fortlevsolar.app_old.csv,published,Solar Kit|Grid-Tie|Photovoltaic System|10.98kWp|Unknown|Unknown|Commercial|Full Images Available,0,1,1,0,Solar Kit
,,,,kits,BRL,Fortlev,fortlev_kit_129,,https://prod-platform-api.s3.amazonaws.com/components/678950349ecacc7047df66f5/IIN00319.png,,,1,Kit 10.71kWp - Longi + Inverter,https://prod-platform-api.s3.amazonaws.com/components/68cbfb5b8434a2f72c363a4f/LONGI-630Wp_v2.png,Longi,630,17,10.71,10710.0,13112.63,1.22,https___fortlevsolar.app_old.csv,published,Solar Kit|Grid-Tie|Photovoltaic System|10.71kWp|LONGi|Unknown|Commercial,0,1,1,0,Solar Kit
,,,,kits,BRL,Fortlev,fortlev_kit_130,,https://prod-platform-api.s3.amazonaws.com/components/678950349ecacc7047df66f5/IIN00319.png,,,1,Kit 11.12kWp - Longi + Inverter,https://prod-platform-api.s3.amazonaws.com/components/6888f711d571954b7ff6effc/LONGI-585W.png,Longi,585,19,11.12,11120.0,13169.69,1.18,https___fortlevsolar.app_old.csv,published,Solar Kit|Grid-Tie|Photovoltaic System|11.12kWp|LONGi|Unknown|Commercial,0,1,1,0,Solar Kit
,,,,kits,BRL,Fortlev,fortlev_kit_131,,https://prod-platform-api.s3.amazonaws.com/components/6865497d9f791c3bb354c6ee/IIN00368.png,,,1,Kit 10.98kWp - Panel + Inverter,https://prod-platform-api.s3.amazonaws.com/components/68dbedcc54fa3ed05329e145/IMO00135.png,,,,10.98,10980.0,13303.21,1.21,https___fortlevsolar.app_old.csv,published,Solar Kit|Grid-Tie|Photovoltaic System|10.98kWp|Unknown|Unknown|Commercial|Full Images Available,0,1,1,0,Solar Kit
,,,,kits,BRL,Fortlev,fortlev_kit_132,,https://prod-platform-api.s3.amazonaws.com/components/6687e304189963220c27c890/IIN00185.png,,,1,Kit 11.59kWp - Panel + Inverter,https://prod-platform-api.s3.amazonaws.com/components/68dbedcc54fa3ed05329e145/IMO00135.png,,,,11.59,11590.0,13428.97,1.16,https___fortlevsolar.app_old.csv,published,Solar Kit|Grid-Tie|Photovoltaic System|11.59kWp|Unknown|Unknown|Commercial|Full Images Available,0,1,1,0,Solar Kit
,,,,kits,BRL,Fortlev,fortlev_kit_133,,https://prod-platform-api.s3.amazonaws.com/components/6691a7697f99e1700d66acbb/IIN00242.png,,,1,Kit 11.59kWp - Panel + Inverter,https://prod-platform-api.s3.amazonaws.com/components/68dbedcc54fa3ed05329e145/IMO00135.png,,,,11.59,11590.0,13580.32,1.17,https___fortlevsolar.app_old.csv,published,Solar Kit|Grid-Tie|Photovoltaic System|11.59kWp|Unknown|Unknown|Commercial|Full Images Available,0,1,1,0,Solar Kit
,,,,kits,BRL,Fortlev,fortlev_kit_134,,https://prod-platform-api.s3.amazonaws.com/components/68402e4a01caf92f5b9b739d/IIN00348.png,,,1,Kit 10.71kWp - Longi + Inverter,https://prod-platform-api.s3.amazonaws.com/components/68cbfb5b8434a2f72c363a4f/LONGI-630Wp_v2.png,Longi,630,17,10.71,10710.0,13580.93,1.27,https___fortlevsolar.app_old.csv,published,Solar Kit|Grid-Tie|Photovoltaic System|10.71kWp|LONGi|Unknown|Commercial,0,1,1,0,Solar Kit
,,,,kits,BRL,Fortlev,fortlev_kit_135,,https://prod-platform-api.s3.amazonaws.com/components/6687e304189963220c27c892/IIN00188.png,,,1,Kit 8.48kWp - BYD + Inverter,https://prod-platform-api.s3.amazonaws.com/components/68500752d2d60d325a684b96/PAINEL-BYD-BYD-530W-MLK-36---530W.png,BYD,530,16,8.48,8480.0,13643.1,1.61,https___fortlevsolar.app_old.csv,published,Solar Kit|Grid-Tie|Photovoltaic System|8.48kWp|Byd|Unknown|Residential Large,0,1,1,0,Solar Kit
,,,,kits,BRL,Fortlev,fortlev_kit_136,,https://prod-platform-api.s3.amazonaws.com/components/6687e304189963220c27c8a4/IIN00221.png,,,1,Kit 8.48kWp - BYD + Inverter,https://prod-platform-api.s3.amazonaws.com/components/68500752d2d60d325a684b96/PAINEL-BYD-BYD-530W-MLK-36---530W.png,BYD,530,16,8.48,8480.0,13654.8,1.61,https___fortlevsolar.app_old.csv,published,Solar Kit|Grid-Tie|Photovoltaic System|8.48kWp|Byd|Unknown|Residential Large,0,1,1,0,Solar Kit
,,,,kits,BRL,Fortlev,fortlev_kit_137,,https://prod-platform-api.s3.amazonaws.com/components/6691a7697f99e1700d66acbc/IIN00250.png,,,1,Kit 8.48kWp - BYD + Inverter,https://prod-platform-api.s3.amazonaws.com/components/68500752d2d60d325a684b96/PAINEL-BYD-BYD-530W-MLK-36---530W.png,BYD,530,16,8.48,8480.0,13701.5,1.62,https___fortlevsolar.app_old.csv,published,Solar Kit|Grid-Tie|Photovoltaic System|8.48kWp|Byd|Unknown|Residential Large,0,1,1,0,Solar Kit
,,,,kits,BRL,Fortlev,fortlev_kit_138,,https://prod-platform-api.s3.amazonaws.com/components/6865497d9f791c3bb354c6ee/IIN00368.png,,,1,Kit 10.71kWp - Longi + Inverter,https://prod-platform-api.s3.amazonaws.com/components/68cbfb5b8434a2f72c363a4f/LONGI-630Wp_v2.png,Longi,630,17,10.71,10710.0,13782.77,1.29,https___fortlevsolar.app_old.csv,published,Solar Kit|Grid-Tie|Photovoltaic System|10.71kWp|LONGi|Unknown|Commercial,0,1,1,0,Solar Kit
,,,,kits,BRL,Fortlev,fortlev_kit_139,,https://prod-platform-api.s3.amazonaws.com/components/68654277371780ce1447985d/IIN00366.png,,,1,Kit 8.48kWp - BYD + Inverter,https://prod-platform-api.s3.amazonaws.com/components/68500752d2d60d325a684b96/PAINEL-BYD-BYD-530W-MLK-36---530W.png,BYD,530,16,8.48,8480.0,13800.04,1.63,https___fortlevsolar.app_old.csv,published,Solar Kit|Grid-Tie|Photovoltaic System|8.48kWp|Byd|Unknown|Residential Large,0,1,1,0,Solar Kit
,,,,kits,BRL,Fortlev,fortlev_kit_140,,https://prod-platform-api.s3.amazonaws.com/components/6865497d9f791c3bb354c6ee/IIN00368.png,,,1,Kit 11.12kWp - Longi + Inverter,https://prod-platform-api.s3.amazonaws.com/components/6888f711d571954b7ff6effc/LONGI-585W.png,Longi,585,19,11.12,11120.0,13839.84,1.25,https___fortlevsolar.app_old.csv,published,Solar Kit|Grid-Tie|Photovoltaic System|11.12kWp|LONGi|Unknown|Commercial,0,1,1,0,Solar Kit
,,,,kits,BRL,Fortlev,fortlev_kit_141,,https://prod-platform-api.s3.amazonaws.com/components/6865497d9f791c3bb354c6f0/IIN00370.png,,,1,Kit 11.59kWp - Panel + Inverter,https://prod-platform-api.s3.amazonaws.com/components/68dbedcc54fa3ed05329e145/IMO00135.png,,,,11.59,11590.0,13891.31,1.2,https___fortlevsolar.app_old.csv,published,Solar Kit|Grid-Tie|Photovoltaic System|11.59kWp|Unknown|Unknown|Commercial|Full Images Available,0,1,1,0,Solar Kit
,,,,kits,BRL,Fortlev,fortlev_kit_142,,https://prod-platform-api.s3.amazonaws.com/components/6687e304189963220c27c890/IIN00185.png,,,1,Kit 11.7kWp - Longi + Inverter,https://prod-platform-api.s3.amazonaws.com/components/6888f711d571954b7ff6effc/LONGI-585W.png,Longi,585,20,11.7,11700.0,13965.37,1.19,https___fortlevsolar.app_old.csv,published,Solar Kit|Grid-Tie|Photovoltaic System|11.7kWp|LONGi|Unknown|Commercial,0,1,1,0,Solar Kit
,,,,kits,BRL,Fortlev,fortlev_kit_143,,https://prod-platform-api.s3.amazonaws.com/components/6687e304189963220c27c8a1/IIN00217.png,,,1,Kit 11.7kWp - Longi + Inverter,https://prod-platform-api.s3.amazonaws.com/components/6888f711d571954b7ff6effc/LONGI-585W.png,Longi,585,20,11.7,11700.0,14044.31,1.2,https___fortlevsolar.app_old.csv,published,Solar Kit|Grid-Tie|Photovoltaic System|11.7kWp|LONGi|Unknown|Commercial,0,1,1,0,Solar Kit
,,,,kits,BRL,Fortlev,fortlev_kit_144,,https://prod-platform-api.s3.amazonaws.com/components/6687e304189963220c27c8a1/IIN00217.png,,,1,Kit 12.2kWp - Panel + Inverter,https://prod-platform-api.s3.amazonaws.com/components/68dbedcc54fa3ed05329e145/IMO00135.png,,,,12.2,12200.0,14048.97,1.15,https___fortlevsolar.app_old.csv,published,Solar Kit|Grid-Tie|Photovoltaic System|12.2kWp|Unknown|Unknown|Commercial|Full Images Available,0,1,1,0,Solar Kit
,,,,kits,BRL,Fortlev,fortlev_kit_145,,https://prod-platform-api.s3.amazonaws.com/components/6691a7697f99e1700d66acbb/IIN00242.png,,,1,Kit 11.7kWp - Longi + Inverter,https://prod-platform-api.s3.amazonaws.com/components/6888f711d571954b7ff6effc/LONGI-585W.png,Longi,585,20,11.7,11700.0,14116.72,1.21,https___fortlevsolar.app_old.csv,published,Solar Kit|Grid-Tie|Photovoltaic System|11.7kWp|LONGi|Unknown|Commercial,0,1,1,0,Solar Kit
,,,,kits,BRL,Fortlev,fortlev_kit_146,,https://prod-platform-api.s3.amazonaws.com/components/6687e304189963220c27c88f/IIN00184.png,,,1,Kit 7.47kWp - Panel + Inverter,https://prod-platform-api.s3.amazonaws.com/components/66d778fb02c2dc75cdab12df/IMO00093.png,,,,7.47,7470.0,14382.22,1.92,https___fortlevsolar.app_old.csv,published,Solar Kit|Grid-Tie|Photovoltaic System|7.47kWp|Unknown|Unknown|Residential Large|Full Images Available,0,1,1,0,Solar Kit
,,,,kits,BRL,Fortlev,fortlev_kit_147,,https://prod-platform-api.s3.amazonaws.com/components/6865497d9f791c3bb354c6f0/IIN00370.png,,,1,Kit 11.7kWp - Longi + Inverter,https://prod-platform-api.s3.amazonaws.com/components/6888f711d571954b7ff6effc/LONGI-585W.png,Longi,585,20,11.7,11700.0,14427.7,1.23,https___fortlevsolar.app_old.csv,published,Solar Kit|Grid-Tie|Photovoltaic System|11.7kWp|LONGi|Unknown|Commercial,0,1,1,0,Solar Kit
,,,,kits,BRL,Fortlev,fortlev_kit_148,,https://prod-platform-api.s3.amazonaws.com/components/6691a7697f99e1700d66acbd/IIN00251.png,,,1,Kit 7.47kWp - Panel + Inverter,https://prod-platform-api.s3.amazonaws.com/components/66d778fb02c2dc75cdab12df/IMO00093.png,,,,7.47,7470.0,14448.11,1.93,https___fortlevsolar.app_old.csv,published,Solar Kit|Grid-Tie|Photovoltaic System|7.47kWp|Unknown|Unknown|Residential Large|Full Images Available,0,1,1,0,Solar Kit
,,,,kits,BRL,Fortlev,fortlev_kit_149,,https://prod-platform-api.s3.amazonaws.com/components/6687e304189963220c27c890/IIN00185.png,,,1,Kit 11.97kWp - Longi + Inverter,https://prod-platform-api.s3.amazonaws.com/components/68cbfb5b8434a2f72c363a4f/LONGI-630Wp_v2.png,Longi,630,19,11.97,11970.0,14569.67,1.22,https___fortlevsolar.app_old.csv,published,Solar Kit|Grid-Tie|Photovoltaic System|11.97kWp|LONGi|Unknown|Commercial,0,1,1,0,Solar Kit
,,,,kits,BRL,Fortlev,fortlev_kit_150,,https://prod-platform-api.s3.amazonaws.com/components/6687e304189963220c27c8a3/SUNGROW-SG5.0RS-220V-2MPPT.png,Sungrow,,1,Kit 7.47kWp - Panel + Sungrow,https://prod-platform-api.s3.amazonaws.com/components/66d778fb02c2dc75cdab12df/IMO00093.png,,,,7.47,7470.0,14618.45,1.96,https___fortlevsolar.app_old.csv,published,Solar Kit|Grid-Tie|Photovoltaic System|7.47kWp|Unknown|Sungrow|Residential Large,0,1,1,0,Solar Kit
,,,,kits,BRL,Fortlev,fortlev_kit_151,,https://prod-platform-api.s3.amazonaws.com/components/68654277371780ce1447985c/IIN00365.png,,,1,Kit 7.47kWp - Panel + Inverter,https://prod-platform-api.s3.amazonaws.com/components/66d778fb02c2dc75cdab12df/IMO00093.png,,,,7.47,7470.0,14625.76,1.96,https___fortlevsolar.app_old.csv,published,Solar Kit|Grid-Tie|Photovoltaic System|7.47kWp|Unknown|Unknown|Residential Large|Full Images Available,0,1,1,0,Solar Kit
,,,,kits,BRL,Fortlev,fortlev_kit_152,,https://prod-platform-api.s3.amazonaws.com/components/67818a5fc57f3b2021da95a1/IIN00303.png,,,1,Kit 7.47kWp - Panel + Inverter,https://prod-platform-api.s3.amazonaws.com/components/66d778fb02c2dc75cdab12df/IMO00093.png,,,,7.47,7470.0,14629.41,1.96,https___fortlevsolar.app_old.csv,published,Solar Kit|Grid-Tie|Photovoltaic System|7.47kWp|Unknown|Unknown|Residential Large|Full Images Available,0,1,1,0,Solar Kit
,,,,kits,BRL,Fortlev,fortlev_kit_153,,https://prod-platform-api.s3.amazonaws.com/components/6687e304189963220c27c8a1/IIN00217.png,,,1,Kit 11.97kWp - Longi + Inverter,https://prod-platform-api.s3.amazonaws.com/components/68cbfb5b8434a2f72c363a4f/LONGI-630Wp_v2.png,Longi,630,19,11.97,11970.0,14648.61,1.22,https___fortlevsolar.app_old.csv,published,Solar Kit|Grid-Tie|Photovoltaic System|11.97kWp|LONGi|Unknown|Commercial,0,1,1,0,Solar Kit
,,,,kits,BRL,Fortlev,fortlev_kit_154,,https://prod-platform-api.s3.amazonaws.com/components/6691a7697f99e1700d66acbb/IIN00242.png,,,1,Kit 11.97kWp - Longi + Inverter,https://prod-platform-api.s3.amazonaws.com/components/68cbfb5b8434a2f72c363a4f/LONGI-630Wp_v2.png,Longi,630,19,11.97,11970.0,14721.02,1.23,https___fortlevsolar.app_old.csv,published,Solar Kit|Grid-Tie|Photovoltaic System|11.97kWp|LONGi|Unknown|Commercial,0,1,1,0,Solar Kit
,,,,kits,BRL,Fortlev,fortlev_kit_155,,https://prod-platform-api.s3.amazonaws.com/components/68402e4a01caf92f5b9b739d/IIN00348.png,,,1,Kit 10.5kWp - Risen + Inverter,https://prod-platform-api.s3.amazonaws.com/components/671fe64111d826f8e99a58e4/RISEN-700W.png,Risen,700,15,10.5,10500.0,14907.12,1.42,https___fortlevsolar.app_old.csv,published,Solar Kit|Grid-Tie|Photovoltaic System|10.5kWp|Risen|Unknown|Commercial,0,1,1,0,Solar Kit
,,,,kits,BRL,Fortlev,fortlev_kit_156,,https://prod-platform-api.s3.amazonaws.com/components/6865497d9f791c3bb354c6f0/IIN00370.png,,,1,Kit 11.97kWp - Longi + Inverter,https://prod-platform-api.s3.amazonaws.com/components/68cbfb5b8434a2f72c363a4f/LONGI-630Wp_v2.png,Longi,630,19,11.97,11970.0,15032.01,1.26,https___fortlevsolar.app_old.csv,published,Solar Kit|Grid-Tie|Photovoltaic System|11.97kWp|LONGi|Unknown|Commercial,0,1,1,0,Solar Kit
,,,,kits,BRL,Fortlev,fortlev_kit_157,,https://prod-platform-api.s3.amazonaws.com/components/66880a777bc71b60358a5af5/IIN00259.png,,,1,Kit 13.42kWp - Panel + Inverter,https://prod-platform-api.s3.amazonaws.com/components/68dbedcc54fa3ed05329e145/IMO00135.png,,,,13.42,13420.0,15168.49,1.13,https___fortlevsolar.app_old.csv,published,Solar Kit|Grid-Tie|Photovoltaic System|13.42kWp|Unknown|Unknown|Commercial|Full Images Available,0,1,1,0,Solar Kit
,,,,kits,BRL,Fortlev,fortlev_kit_158,,https://prod-platform-api.s3.amazonaws.com/components/678191649fe6a400e32b7da9/IIN00305.png,,,1,Kit 11.2kWp - Risen + Inverter,https://prod-platform-api.s3.amazonaws.com/components/671fe64111d826f8e99a58e4/RISEN-700W.png,Risen,700,16,11.2,11200.0,15186.77,1.36,https___fortlevsolar.app_old.csv,published,Solar Kit|Grid-Tie|Photovoltaic System|11.2kWp|Risen|Unknown|Commercial,0,1,1,0,Solar Kit
,,,,kits,BRL,Fortlev,fortlev_kit_159,,https://prod-platform-api.s3.amazonaws.com/components/66880a777bc71b60358a5af5/IIN00259.png,,,1,Kit 13.46kWp - Longi + Inverter,https://prod-platform-api.s3.amazonaws.com/components/6888f711d571954b7ff6effc/LONGI-585W.png,Longi,585,23,13.46,13460.0,15704.19,1.17,https___fortlevsolar.app_old.csv,published,Solar Kit|Grid-Tie|Photovoltaic System|13.46kWp|LONGi|Unknown|Commercial,0,1,1,0,Solar Kit
,,,,kits,BRL,Fortlev,fortlev_kit_160,,https://prod-platform-api.s3.amazonaws.com/components/6687e304189963220c27c8a5/SUNGROW-SG9.0RS-220V-3MPPT.png,Sungrow,,1,Kit 13.42kWp - Panel + Sungrow,https://prod-platform-api.s3.amazonaws.com/components/68dbedcc54fa3ed05329e145/IMO00135.png,,,,13.42,13420.0,15816.36,1.18,https___fortlevsolar.app_old.csv,published,Solar Kit|Grid-Tie|Photovoltaic System|13.42kWp|Unknown|Sungrow|Commercial,0,1,1,0,Solar Kit
,,,,kits,BRL,Fortlev,fortlev_kit_161,,https://prod-platform-api.s3.amazonaws.com/components/6865497d9f791c3bb354c6ee/IIN00368.png,,,1,Kit 11.2kWp - Risen + Inverter,https://prod-platform-api.s3.amazonaws.com/components/671fe64111d826f8e99a58e4/RISEN-700W.png,Risen,700,16,11.2,11200.0,15878.62,1.42,https___fortlevsolar.app_old.csv,published,Solar Kit|Grid-Tie|Photovoltaic System|11.2kWp|Risen|Unknown|Commercial,0,1,1,0,Solar Kit
,,,,kits,BRL,Fortlev,fortlev_kit_162,,https://prod-platform-api.s3.amazonaws.com/components/66880a777bc71b60358a5af5/IIN00259.png,,,1,Kit 13.23kWp - Longi + Inverter,https://prod-platform-api.s3.amazonaws.com/components/68cbfb5b8434a2f72c363a4f/LONGI-630Wp_v2.png,Longi,630,21,13.23,13230.0,15888.2,1.2,https___fortlevsolar.app_old.csv,published,Solar Kit|Grid-Tie|Photovoltaic System|13.23kWp|LONGi|Unknown|Commercial,0,1,1,0,Solar Kit
,,,,kits,BRL,Fortlev,fortlev_kit_163,,https://prod-platform-api.s3.amazonaws.com/components/66b0f709cd109c6b7bfd3254/IIN00241.png,,,1,Kit 14.64kWp - Panel + Inverter,https://prod-platform-api.s3.amazonaws.com/components/68dbedcc54fa3ed05329e145/IMO00135.png,,,,14.64,14640.0,16304.21,1.11,https___fortlevsolar.app_old.csv,published,Solar Kit|Grid-Tie|Photovoltaic System|14.64kWp|Unknown|Unknown|Commercial|Full Images Available,0,1,1,0,Solar Kit
,,,,kits,BRL,Fortlev,fortlev_kit_164,,https://prod-platform-api.s3.amazonaws.com/components/6687e304189963220c27c8a1/IIN00217.png,,,1,Kit 11.9kWp - Risen + Inverter,https://prod-platform-api.s3.amazonaws.com/components/671fe64111d826f8e99a58e4/RISEN-700W.png,Risen,700,17,11.9,11900.0,16311.93,1.37,https___fortlevsolar.app_old.csv,published,Solar Kit|Grid-Tie|Photovoltaic System|11.9kWp|Risen|Unknown|Commercial,0,1,1,0,Solar Kit
,,,,kits,BRL,Fortlev,fortlev_kit_165,,https://prod-platform-api.s3.amazonaws.com/components/6687e304189963220c27c8a5/SUNGROW-SG9.0RS-220V-3MPPT.png,Sungrow,,1,Kit 13.46kWp - Longi + Sungrow,https://prod-platform-api.s3.amazonaws.com/components/6888f711d571954b7ff6effc/LONGI-585W.png,Longi,585,23,13.46,13460.0,16352.06,1.22,https___fortlevsolar.app_old.csv,published,Solar Kit|Grid-Tie|Photovoltaic System|13.46kWp|LONGi|Sungrow|Commercial,0,1,1,0,Solar Kit
,,,,kits,BRL,Fortlev,fortlev_kit_166,,https://prod-platform-api.s3.amazonaws.com/components/6691a7697f99e1700d66acbb/IIN00242.png,,,1,Kit 11.9kWp - Risen + Inverter,https://prod-platform-api.s3.amazonaws.com/components/671fe64111d826f8e99a58e4/RISEN-700W.png,Risen,700,17,11.9,11900.0,16384.34,1.38,https___fortlevsolar.app_old.csv,published,Solar Kit|Grid-Tie|Photovoltaic System|11.9kWp|Risen|Unknown|Commercial,0,1,1,0,Solar Kit
,,,,kits,BRL,Fortlev,fortlev_kit_167,,https://prod-platform-api.s3.amazonaws.com/components/6687e304189963220c27c892/IIN00188.png,,,1,Kit 8.63kWp - Panel + Inverter,https://prod-platform-api.s3.amazonaws.com/components/66d778fb02c2dc75cdab12df/IMO00093.png,,,,8.63,8630.0,16444.0,1.91,https___fortlevsolar.app_old.csv,published,Solar Kit|Grid-Tie|Photovoltaic System|8.63kWp|Unknown|Unknown|Residential Large|Full Images Available,0,1,1,0,Solar Kit
,,,,kits,BRL,Fortlev,fortlev_kit_168,,https://prod-platform-api.s3.amazonaws.com/components/6687e304189963220c27c8a4/IIN00221.png,,,1,Kit 8.63kWp - Panel + Inverter,https://prod-platform-api.s3.amazonaws.com/components/66d778fb02c2dc75cdab12df/IMO00093.png,,,,8.63,8630.0,16455.69,1.91,https___fortlevsolar.app_old.csv,published,Solar Kit|Grid-Tie|Photovoltaic System|8.63kWp|Unknown|Unknown|Residential Large|Full Images Available,0,1,1,0,Solar Kit
,,,,kits,BRL,Fortlev,fortlev_kit_169,,https://prod-platform-api.s3.amazonaws.com/components/6691a7697f99e1700d66acbc/IIN00250.png,,,1,Kit 8.63kWp - Panel + Inverter,https://prod-platform-api.s3.amazonaws.com/components/66d778fb02c2dc75cdab12df/IMO00093.png,,,,8.63,8630.0,16502.4,1.91,https___fortlevsolar.app_old.csv,published,Solar Kit|Grid-Tie|Photovoltaic System|8.63kWp|Unknown|Unknown|Residential Large|Full Images Available,0,1,1,0,Solar Kit
,,,,kits,BRL,Fortlev,fortlev_kit_170,,https://prod-platform-api.s3.amazonaws.com/components/6687e304189963220c27c8a5/SUNGROW-SG9.0RS-220V-3MPPT.png,Sungrow,,1,Kit 13.23kWp - Longi + Sungrow,https://prod-platform-api.s3.amazonaws.com/components/68cbfb5b8434a2f72c363a4f/LONGI-630Wp_v2.png,Longi,630,21,13.23,13230.0,16536.07,1.25,https___fortlevsolar.app_old.csv,published,Solar Kit|Grid-Tie|Photovoltaic System|13.23kWp|LONGi|Sungrow|Commercial,0,1,1,0,Solar Kit
,,,,kits,BRL,Fortlev,fortlev_kit_171,,https://prod-platform-api.s3.amazonaws.com/components/68654277371780ce1447985d/IIN00366.png,,,1,Kit 8.63kWp - Panel + Inverter,https://prod-platform-api.s3.amazonaws.com/components/66d778fb02c2dc75cdab12df/IMO00093.png,,,,8.63,8630.0,16600.94,1.92,https___fortlevsolar.app_old.csv,published,Solar Kit|Grid-Tie|Photovoltaic System|8.63kWp|Unknown|Unknown|Residential Large|Full Images Available,0,1,1,0,Solar Kit
,,,,kits,BRL,Fortlev,fortlev_kit_172,,https://prod-platform-api.s3.amazonaws.com/components/6687e304189963220c27c8a2/IIN00218.png,,,1,Kit 14.64kWp - Panel + Inverter,https://prod-platform-api.s3.amazonaws.com/components/68dbedcc54fa3ed05329e145/IMO00135.png,,,,14.64,14640.0,16621.79,1.14,https___fortlevsolar.app_old.csv,published,Solar Kit|Grid-Tie|Photovoltaic System|14.64kWp|Unknown|Unknown|Commercial|Full Images Available,0,1,1,0,Solar Kit
,,,,kits,BRL,Fortlev,fortlev_kit_173,,https://prod-platform-api.s3.amazonaws.com/components/66880a777bc71b60358a5af6/IIN00260.png,,,1,Kit 14.64kWp - Panel + Inverter,https://prod-platform-api.s3.amazonaws.com/components/68dbedcc54fa3ed05329e145/IMO00135.png,,,,14.64,14640.0,16631.57,1.14,https___fortlevsolar.app_old.csv,published,Solar Kit|Grid-Tie|Photovoltaic System|14.64kWp|Unknown|Unknown|Commercial|Full Images Available,0,1,1,0,Solar Kit
,,,,kits,BRL,Fortlev,fortlev_kit_174,,https://prod-platform-api.s3.amazonaws.com/components/67d831f583e66579a98c2abf/IIN00341.png,,,1,Kit 14.64kWp - Panel + Inverter,https://prod-platform-api.s3.amazonaws.com/components/68dbedcc54fa3ed05329e145/IMO00135.png,,,,14.64,14640.0,16638.67,1.14,https___fortlevsolar.app_old.csv,published,Solar Kit|Grid-Tie|Photovoltaic System|14.64kWp|Unknown|Unknown|Commercial|Full Images Available,0,1,1,0,Solar Kit
,,,,kits,BRL,Fortlev,fortlev_kit_175,,https://prod-platform-api.s3.amazonaws.com/components/6865497d9f791c3bb354c6f0/IIN00370.png,,,1,Kit 11.9kWp - Risen + Inverter,https://prod-platform-api.s3.amazonaws.com/components/671fe64111d826f8e99a58e4/RISEN-700W.png,Risen,700,17,11.9,11900.0,16695.32,1.4,https___fortlevsolar.app_old.csv,published,Solar Kit|Grid-Tie|Photovoltaic System|11.9kWp|Risen|Unknown|Commercial,0,1,1,0,Solar Kit
,,,,kits,BRL,Fortlev,fortlev_kit_176,,https://prod-platform-api.s3.amazonaws.com/components/68654277371780ce1447985e/IIN00367.png,,,1,Kit 14.64kWp - Panel + Inverter,https://prod-platform-api.s3.amazonaws.com/components/68dbedcc54fa3ed05329e145/IMO00135.png,,,,14.64,14640.0,16824.66,1.15,https___fortlevsolar.app_old.csv,published,Solar Kit|Grid-Tie|Photovoltaic System|14.64kWp|Unknown|Unknown|Commercial|Full Images Available,0,1,1,0,Solar Kit
,,,,kits,BRL,Fortlev,fortlev_kit_177,,https://prod-platform-api.s3.amazonaws.com/components/66b0f709cd109c6b7bfd3254/IIN00241.png,,,1,Kit 14.63kWp - Longi + Inverter,https://prod-platform-api.s3.amazonaws.com/components/6888f711d571954b7ff6effc/LONGI-585W.png,Longi,585,25,14.63,14630.0,16839.44,1.15,https___fortlevsolar.app_old.csv,published,Solar Kit|Grid-Tie|Photovoltaic System|14.63kWp|LONGi|Unknown|Commercial,0,1,1,0,Solar Kit
,,,,kits,BRL,Fortlev,fortlev_kit_178,,https://prod-platform-api.s3.amazonaws.com/components/66b0f709cd109c6b7bfd3254/IIN00241.png,,,1,Kit 14.49kWp - Longi + Inverter,https://prod-platform-api.s3.amazonaws.com/components/68cbfb5b8434a2f72c363a4f/LONGI-630Wp_v2.png,Longi,630,23,14.49,14490.0,17143.99,1.18,https___fortlevsolar.app_old.csv,published,Solar Kit|Grid-Tie|Photovoltaic System|14.49kWp|LONGi|Unknown|Commercial,0,1,1,0,Solar Kit
,,,,kits,BRL,Fortlev,fortlev_kit_179,,https://prod-platform-api.s3.amazonaws.com/components/6687e304189963220c27c8a2/IIN00218.png,,,1,Kit 14.63kWp - Longi + Inverter,https://prod-platform-api.s3.amazonaws.com/components/6888f711d571954b7ff6effc/LONGI-585W.png,Longi,585,25,14.63,14630.0,17157.02,1.17,https___fortlevsolar.app_old.csv,published,Solar Kit|Grid-Tie|Photovoltaic System|14.63kWp|LONGi|Unknown|Commercial,0,1,1,0,Solar Kit
,,,,kits,BRL,Fortlev,fortlev_kit_180,,https://prod-platform-api.s3.amazonaws.com/components/66880a777bc71b60358a5af6/IIN00260.png,,,1,Kit 14.63kWp - Longi + Inverter,https://prod-platform-api.s3.amazonaws.com/components/6888f711d571954b7ff6effc/LONGI-585W.png,Longi,585,25,14.63,14630.0,17166.8,1.17,https___fortlevsolar.app_old.csv,published,Solar Kit|Grid-Tie|Photovoltaic System|14.63kWp|LONGi|Unknown|Commercial,0,1,1,0,Solar Kit
,,,,kits,BRL,Fortlev,fortlev_kit_181,,https://prod-platform-api.s3.amazonaws.com/components/67d831f583e66579a98c2abf/IIN00341.png,,,1,Kit 14.63kWp - Longi + Inverter,https://prod-platform-api.s3.amazonaws.com/components/6888f711d571954b7ff6effc/LONGI-585W.png,Longi,585,25,14.63,14630.0,17173.9,1.17,https___fortlevsolar.app_old.csv,published,Solar Kit|Grid-Tie|Photovoltaic System|14.63kWp|LONGi|Unknown|Commercial,0,1,1,0,Solar Kit
,,,,kits,BRL,Fortlev,fortlev_kit_182,,https://prod-platform-api.s3.amazonaws.com/components/68654277371780ce1447985e/IIN00367.png,,,1,Kit 14.63kWp - Longi + Inverter,https://prod-platform-api.s3.amazonaws.com/components/6888f711d571954b7ff6effc/LONGI-585W.png,Longi,585,25,14.63,14630.0,17359.89,1.19,https___fortlevsolar.app_old.csv,published,Solar Kit|Grid-Tie|Photovoltaic System|14.63kWp|LONGi|Unknown|Commercial,0,1,1,0,Solar Kit
,,,,kits,BRL,Fortlev,fortlev_kit_183,,https://prod-platform-api.s3.amazonaws.com/components/6687e304189963220c27c8a2/IIN00218.png,,,1,Kit 14.49kWp - Longi + Inverter,https://prod-platform-api.s3.amazonaws.com/components/68cbfb5b8434a2f72c363a4f/LONGI-630Wp_v2.png,Longi,630,23,14.49,14490.0,17461.58,1.21,https___fortlevsolar.app_old.csv,published,Solar Kit|Grid-Tie|Photovoltaic System|14.49kWp|LONGi|Unknown|Commercial,0,1,1,0,Solar Kit
,,,,kits,BRL,Fortlev,fortlev_kit_184,,https://prod-platform-api.s3.amazonaws.com/components/66880a777bc71b60358a5af6/IIN00260.png,,,1,Kit 14.49kWp - Longi + Inverter,https://prod-platform-api.s3.amazonaws.com/components/68cbfb5b8434a2f72c363a4f/LONGI-630Wp_v2.png,Longi,630,23,14.49,14490.0,17471.36,1.21,https___fortlevsolar.app_old.csv,published,Solar Kit|Grid-Tie|Photovoltaic System|14.49kWp|LONGi|Unknown|Commercial,0,1,1,0,Solar Kit
,,,,kits,BRL,Fortlev,fortlev_kit_185,,https://prod-platform-api.s3.amazonaws.com/components/67d831f583e66579a98c2abf/IIN00341.png,,,1,Kit 14.49kWp - Longi + Inverter,https://prod-platform-api.s3.amazonaws.com/components/68cbfb5b8434a2f72c363a4f/LONGI-630Wp_v2.png,Longi,630,23,14.49,14490.0,17478.45,1.21,https___fortlevsolar.app_old.csv,published,Solar Kit|Grid-Tie|Photovoltaic System|14.49kWp|LONGi|Unknown|Commercial,0,1,1,0,Solar Kit
,,,,kits,BRL,Fortlev,fortlev_kit_186,,https://prod-platform-api.s3.amazonaws.com/components/68402e4a01caf92f5b9b739d/IIN00348.png,,,1,Kit 10.6kWp - BYD + Inverter,https://prod-platform-api.s3.amazonaws.com/components/68500752d2d60d325a684b96/PAINEL-BYD-BYD-530W-MLK-36---530W.png,BYD,530,20,10.6,10600.0,17583.14,1.66,https___fortlevsolar.app_old.csv,published,Solar Kit|Grid-Tie|Photovoltaic System|10.6kWp|Byd|Unknown|Commercial,0,1,1,0,Solar Kit
,,,,kits,BRL,Fortlev,fortlev_kit_187,,https://prod-platform-api.s3.amazonaws.com/components/68654277371780ce1447985e/IIN00367.png,,,1,Kit 14.49kWp - Longi + Inverter,https://prod-platform-api.s3.amazonaws.com/components/68cbfb5b8434a2f72c363a4f/LONGI-630Wp_v2.png,Longi,630,23,14.49,14490.0,17664.45,1.22,https___fortlevsolar.app_old.csv,published,Solar Kit|Grid-Tie|Photovoltaic System|14.49kWp|LONGi|Unknown|Commercial,0,1,1,0,Solar Kit
,,,,kits,BRL,Fortlev,fortlev_kit_188,,https://prod-platform-api.s3.amazonaws.com/components/678950349ecacc7047df66f5/IIN00319.png,,,1,Kit 11.13kWp - BYD + Inverter,https://prod-platform-api.s3.amazonaws.com/components/68500752d2d60d325a684b96/PAINEL-BYD-BYD-530W-MLK-36---530W.png,BYD,530,21,11.13,11130.0,17825.88,1.6,https___fortlevsolar.app_old.csv,published,Solar Kit|Grid-Tie|Photovoltaic System|11.13kWp|Byd|Unknown|Commercial,0,1,1,0,Solar Kit
,,,,kits,BRL,Fortlev,fortlev_kit_189,,https://prod-platform-api.s3.amazonaws.com/components/68500752d2d60d325a684b95/IIN00350.png,,,1,Kit 15.79kWp - Longi + Inverter,https://prod-platform-api.s3.amazonaws.com/components/6888f711d571954b7ff6effc/LONGI-585W.png,Longi,585,27,15.79,15790.0,18439.75,1.17,https___fortlevsolar.app_old.csv,published,Solar Kit|Grid-Tie|Photovoltaic System|15.79kWp|LONGi|Unknown|Commercial,0,1,1,0,Solar Kit
,,,,kits,BRL,Fortlev,fortlev_kit_190,,https://prod-platform-api.s3.amazonaws.com/components/6865497d9f791c3bb354c6ee/IIN00368.png,,,1,Kit 11.13kWp - BYD + Inverter,https://prod-platform-api.s3.amazonaws.com/components/68500752d2d60d325a684b96/PAINEL-BYD-BYD-530W-MLK-36---530W.png,BYD,530,21,11.13,11130.0,18496.03,1.66,https___fortlevsolar.app_old.csv,published,Solar Kit|Grid-Tie|Photovoltaic System|11.13kWp|Byd|Unknown|Commercial,0,1,1,0,Solar Kit
,,,,kits,BRL,Fortlev,fortlev_kit_191,,https://prod-platform-api.s3.amazonaws.com/components/6687e304189963220c27c8a5/SUNGROW-SG9.0RS-220V-3MPPT.png,Sungrow,,1,Kit 13.3kWp - Risen + Sungrow,https://prod-platform-api.s3.amazonaws.com/components/671fe64111d826f8e99a58e4/RISEN-700W.png,Risen,700,19,13.3,13300.0,18536.51,1.39,https___fortlevsolar.app_old.csv,published,Solar Kit|Grid-Tie|Photovoltaic System|13.3kWp|Risen|Sungrow|Commercial,0,1,1,0,Solar Kit
,,,,kits,BRL,Fortlev,fortlev_kit_192,,https://prod-platform-api.s3.amazonaws.com/components/6687e304189963220c27c890/IIN00185.png,,,1,Kit 11.66kWp - BYD + Inverter,https://prod-platform-api.s3.amazonaws.com/components/68500752d2d60d325a684b96/PAINEL-BYD-BYD-530W-MLK-36---530W.png,BYD,530,22,11.66,11660.0,18791.78,1.61,https___fortlevsolar.app_old.csv,published,Solar Kit|Grid-Tie|Photovoltaic System|11.66kWp|Byd|Unknown|Commercial,0,1,1,0,Solar Kit
,,,,kits,BRL,Fortlev,fortlev_kit_193,,https://prod-platform-api.s3.amazonaws.com/components/68500752d2d60d325a684b95/IIN00350.png,,,1,Kit 15.75kWp - Longi + Inverter,https://prod-platform-api.s3.amazonaws.com/components/68cbfb5b8434a2f72c363a4f/LONGI-630Wp_v2.png,Longi,630,25,15.75,15750.0,18864.85,1.2,https___fortlevsolar.app_old.csv,published,Solar Kit|Grid-Tie|Photovoltaic System|15.75kWp|LONGi|Unknown|Commercial,0,1,1,0,Solar Kit
,,,,kits,BRL,Fortlev,fortlev_kit_194,,https://prod-platform-api.s3.amazonaws.com/components/6691a7697f99e1700d66acbb/IIN00242.png,,,1,Kit 11.66kWp - BYD + Inverter,https://prod-platform-api.s3.amazonaws.com/components/68500752d2d60d325a684b96/PAINEL-BYD-BYD-530W-MLK-36---530W.png,BYD,530,22,11.66,11660.0,18943.13,1.62,https___fortlevsolar.app_old.csv,published,Solar Kit|Grid-Tie|Photovoltaic System|11.66kWp|Byd|Unknown|Commercial,0,1,1,0,Solar Kit
,,,,kits,BRL,Fortlev,fortlev_kit_195,,https://prod-platform-api.s3.amazonaws.com/components/67d831f583e66579a98c2abf/IIN00341.png,,,1,Kit 14.0kWp - Risen + Inverter,https://prod-platform-api.s3.amazonaws.com/components/671fe64111d826f8e99a58e4/RISEN-700W.png,Risen,700,20,14.0,14000.0,19046.35,1.36,https___fortlevsolar.app_old.csv,published,Solar Kit|Grid-Tie|Photovoltaic System|14.0kWp|Risen|Unknown|Commercial,0,1,1,0,Solar Kit
,,,,kits,BRL,Fortlev,fortlev_kit_196,,https://prod-platform-api.s3.amazonaws.com/components/6865497d9f791c3bb354c6f0/IIN00370.png,,,1,Kit 11.66kWp - BYD + Inverter,https://prod-platform-api.s3.amazonaws.com/components/68500752d2d60d325a684b96/PAINEL-BYD-BYD-530W-MLK-36---530W.png,BYD,530,22,11.66,11660.0,19254.11,1.65,https___fortlevsolar.app_old.csv,published,Solar Kit|Grid-Tie|Photovoltaic System|11.66kWp|Byd|Unknown|Commercial,0,1,1,0,Solar Kit
,,,,kits,BRL,Fortlev,fortlev_kit_197,,https://prod-platform-api.s3.amazonaws.com/components/66b0f709cd109c6b7bfd3254/IIN00241.png,,,1,Kit 14.7kWp - Risen + Inverter,https://prod-platform-api.s3.amazonaws.com/components/671fe64111d826f8e99a58e4/RISEN-700W.png,Risen,700,21,14.7,14700.0,19481.55,1.33,https___fortlevsolar.app_old.csv,published,Solar Kit|Grid-Tie|Photovoltaic System|14.7kWp|Risen|Unknown|Commercial,0,1,1,0,Solar Kit
,,,,kits,BRL,Fortlev,fortlev_kit_198,,https://prod-platform-api.s3.amazonaws.com/components/6687e304189963220c27c8a2/IIN00218.png,,,1,Kit 14.7kWp - Risen + Inverter,https://prod-platform-api.s3.amazonaws.com/components/671fe64111d826f8e99a58e4/RISEN-700W.png,Risen,700,21,14.7,14700.0,19799.13,1.35,https___fortlevsolar.app_old.csv,published,Solar Kit|Grid-Tie|Photovoltaic System|14.7kWp|Risen|Unknown|Commercial,0,1,1,0,Solar Kit
,,,,kits,BRL,Fortlev,fortlev_kit_199,,https://prod-platform-api.s3.amazonaws.com/components/68654277371780ce1447985e/IIN00367.png,,,1,Kit 14.7kWp - Risen + Inverter,https://prod-platform-api.s3.amazonaws.com/components/671fe64111d826f8e99a58e4/RISEN-700W.png,Risen,700,21,14.7,14700.0,20002.0,1.36,https___fortlevsolar.app_old.csv,published,Solar Kit|Grid-Tie|Photovoltaic System|14.7kWp|Risen|Unknown|Commercial,0,1,1,0,Solar Kit
,,,,kits,BRL,Fortlev,fortlev_kit_200,,https://prod-platform-api.s3.amazonaws.com/components/678191649fe6a400e32b7da9/IIN00305.png,,,1,Kit 10.93kWp - Panel + Inverter,https://prod-platform-api.s3.amazonaws.com/components/66d778fb02c2dc75cdab12df/IMO00093.png,,,,10.93,10930.0,20830.54,1.91,https___fortlevsolar.app_old.csv,published,Solar Kit|Grid-Tie|Photovoltaic System|10.93kWp|Unknown|Unknown|Commercial|Full Images Available,0,1,1,0,Solar Kit
,,,,kits,BRL,Fortlev,fortlev_kit_201,,https://prod-platform-api.s3.amazonaws.com/components/678950349ecacc7047df66f5/IIN00319.png,,,1,Kit 10.93kWp - Panel + Inverter,https://prod-platform-api.s3.amazonaws.com/components/66d778fb02c2dc75cdab12df/IMO00093.png,,,,10.93,10930.0,20852.25,1.91,https___fortlevsolar.app_old.csv,published,Solar Kit|Grid-Tie|Photovoltaic System|10.93kWp|Unknown|Unknown|Commercial|Full Images Available,0,1,1,0,Solar Kit
,,,,kits,BRL,Fortlev,fortlev_kit_202,,https://prod-platform-api.s3.amazonaws.com/components/66880a777bc71b60358a5af5/IIN00259.png,,,1,Kit 13.25kWp - BYD + Inverter,https://prod-platform-api.s3.amazonaws.com/components/68500752d2d60d325a684b96/PAINEL-BYD-BYD-530W-MLK-36---530W.png,BYD,530,25,13.25,13250.0,21041.24,1.59,https___fortlevsolar.app_old.csv,published,Solar Kit|Grid-Tie|Photovoltaic System|13.25kWp|Byd|Unknown|Commercial,0,1,1,0,Solar Kit
,,,,kits,BRL,Fortlev,fortlev_kit_203,,https://prod-platform-api.s3.amazonaws.com/components/68402e4a01caf92f5b9b739d/IIN00348.png,,,1,Kit 10.93kWp - Panel + Inverter,https://prod-platform-api.s3.amazonaws.com/components/66d778fb02c2dc75cdab12df/IMO00093.png,,,,10.93,10930.0,21320.55,1.95,https___fortlevsolar.app_old.csv,published,Solar Kit|Grid-Tie|Photovoltaic System|10.93kWp|Unknown|Unknown|Commercial|Full Images Available,0,1,1,0,Solar Kit
,,,,kits,BRL,Fortlev,fortlev_kit_204,,https://prod-platform-api.s3.amazonaws.com/components/6865497d9f791c3bb354c6ee/IIN00368.png,,,1,Kit 10.93kWp - Panel + Inverter,https://prod-platform-api.s3.amazonaws.com/components/66d778fb02c2dc75cdab12df/IMO00093.png,,,,10.93,10930.0,21522.39,1.97,https___fortlevsolar.app_old.csv,published,Solar Kit|Grid-Tie|Photovoltaic System|10.93kWp|Unknown|Unknown|Commercial|Full Images Available,0,1,1,0,Solar Kit
,,,,kits,BRL,Fortlev,fortlev_kit_205,,https://prod-platform-api.s3.amazonaws.com/components/68500752d2d60d325a684b95/IIN00350.png,,,1,Kit 16.1kWp - Risen + Inverter,https://prod-platform-api.s3.amazonaws.com/components/671fe64111d826f8e99a58e4/RISEN-700W.png,Risen,700,23,16.1,16100.000000000002,21539.52,1.34,https___fortlevsolar.app_old.csv,published,Solar Kit|Grid-Tie|Photovoltaic System|16.1kWp|Risen|Unknown|Commercial,0,1,1,0,Solar Kit
,,,,kits,BRL,Fortlev,fortlev_kit_206,,https://prod-platform-api.s3.amazonaws.com/components/6687e304189963220c27c8a5/SUNGROW-SG9.0RS-220V-3MPPT.png,Sungrow,,1,Kit 13.25kWp - BYD + Sungrow,https://prod-platform-api.s3.amazonaws.com/components/68500752d2d60d325a684b96/PAINEL-BYD-BYD-530W-MLK-36---530W.png,BYD,530,25,13.25,13250.0,21689.11,1.64,https___fortlevsolar.app_old.csv,published,Solar Kit|Grid-Tie|Photovoltaic System|13.25kWp|Byd|Sungrow|Commercial,0,1,1,0,Solar Kit
,,,,kits,BRL,Fortlev,fortlev_kit_207,,https://prod-platform-api.s3.amazonaws.com/components/6687e304189963220c27c890/IIN00185.png,,,1,Kit 11.5kWp - Panel + Inverter,https://prod-platform-api.s3.amazonaws.com/components/66d778fb02c2dc75cdab12df/IMO00093.png,,,,11.5,11500.0,22052.27,1.92,https___fortlevsolar.app_old.csv,published,Solar Kit|Grid-Tie|Photovoltaic System|11.5kWp|Unknown|Unknown|Commercial|Full Images Available,0,1,1,0,Solar Kit
,,,,kits,BRL,Fortlev,fortlev_kit_208,,https://prod-platform-api.s3.amazonaws.com/components/6691a7697f99e1700d66acbb/IIN00242.png,,,1,Kit 11.5kWp - Panel + Inverter,https://prod-platform-api.s3.amazonaws.com/components/66d778fb02c2dc75cdab12df/IMO00093.png,,,,11.5,11500.0,22203.62,1.93,https___fortlevsolar.app_old.csv,published,Solar Kit|Grid-Tie|Photovoltaic System|11.5kWp|Unknown|Unknown|Commercial|Full Images Available,0,1,1,0,Solar Kit
,,,,kits,BRL,Fortlev,fortlev_kit_209,,https://prod-platform-api.s3.amazonaws.com/components/6865497d9f791c3bb354c6f0/IIN00370.png,,,1,Kit 11.5kWp - Panel + Inverter,https://prod-platform-api.s3.amazonaws.com/components/66d778fb02c2dc75cdab12df/IMO00093.png,,,,11.5,11500.0,22514.61,1.96,https___fortlevsolar.app_old.csv,published,Solar Kit|Grid-Tie|Photovoltaic System|11.5kWp|Unknown|Unknown|Commercial|Full Images Available,0,1,1,0,Solar Kit
,,,,kits,BRL,Fortlev,fortlev_kit_210,,https://prod-platform-api.s3.amazonaws.com/components/66b0f709cd109c6b7bfd3254/IIN00241.png,,,1,Kit 14.84kWp - BYD + Inverter,https://prod-platform-api.s3.amazonaws.com/components/68500752d2d60d325a684b96/PAINEL-BYD-BYD-530W-MLK-36---530W.png,BYD,530,28,14.84,14840.0,23227.97,1.57,https___fortlevsolar.app_old.csv,published,Solar Kit|Grid-Tie|Photovoltaic System|14.84kWp|Byd|Unknown|Commercial,0,1,1,0,Solar Kit
,,,,kits,BRL,Fortlev,fortlev_kit_211,,https://prod-platform-api.s3.amazonaws.com/components/6687e304189963220c27c8a2/IIN00218.png,,,1,Kit 14.84kWp - BYD + Inverter,https://prod-platform-api.s3.amazonaws.com/components/68500752d2d60d325a684b96/PAINEL-BYD-BYD-530W-MLK-36---530W.png,BYD,530,28,14.84,14840.0,23545.55,1.59,https___fortlevsolar.app_old.csv,published,Solar Kit|Grid-Tie|Photovoltaic System|14.84kWp|Byd|Unknown|Commercial,0,1,1,0,Solar Kit
,,,,kits,BRL,Fortlev,fortlev_kit_212,,https://prod-platform-api.s3.amazonaws.com/components/66880a777bc71b60358a5af6/IIN00260.png,,,1,Kit 14.84kWp - BYD + Inverter,https://prod-platform-api.s3.amazonaws.com/components/68500752d2d60d325a684b96/PAINEL-BYD-BYD-530W-MLK-36---530W.png,BYD,530,28,14.84,14840.0,23555.34,1.59,https___fortlevsolar.app_old.csv,published,Solar Kit|Grid-Tie|Photovoltaic System|14.84kWp|Byd|Unknown|Commercial,0,1,1,0,Solar Kit
,,,,kits,BRL,Fortlev,fortlev_kit_213,,https://prod-platform-api.s3.amazonaws.com/components/68654277371780ce1447985e/IIN00367.png,,,1,Kit 14.84kWp - BYD + Inverter,https://prod-platform-api.s3.amazonaws.com/components/68500752d2d60d325a684b96/PAINEL-BYD-BYD-530W-MLK-36---530W.png,BYD,530,28,14.84,14840.0,23748.43,1.6,https___fortlevsolar.app_old.csv,published,Solar Kit|Grid-Tie|Photovoltaic System|14.84kWp|Byd|Unknown|Commercial,0,1,1,0,Solar Kit
,,,,kits,BRL,Fortlev,fortlev_kit_214,,https://prod-platform-api.s3.amazonaws.com/components/66880a777bc71b60358a5af5/IIN00259.png,,,1,Kit 13.22kWp - Panel + Inverter,https://prod-platform-api.s3.amazonaws.com/components/66d778fb02c2dc75cdab12df/IMO00093.png,,,,13.22,13220.0,25004.13,1.89,https___fortlevsolar.app_old.csv,published,Solar Kit|Grid-Tie|Photovoltaic System|13.22kWp|Unknown|Unknown|Commercial|Full Images Available,0,1,1,0,Solar Kit
,,,,kits,BRL,Fortlev,fortlev_kit_215,,https://prod-platform-api.s3.amazonaws.com/components/6687e304189963220c27c8a5/SUNGROW-SG9.0RS-220V-3MPPT.png,Sungrow,,1,Kit 13.22kWp - Panel + Sungrow,https://prod-platform-api.s3.amazonaws.com/components/66d778fb02c2dc75cdab12df/IMO00093.png,,,,13.22,13220.0,25652.0,1.94,https___fortlevsolar.app_old.csv,published,Solar Kit|Grid-Tie|Photovoltaic System|13.22kWp|Unknown|Sungrow|Commercial,0,1,1,0,Solar Kit
,,,,kits,BRL,Fortlev,fortlev_kit_216,,https://prod-platform-api.s3.amazonaws.com/components/67d831f583e66579a98c2abf/IIN00341.png,,,1,Kit 14.38kWp - Panel + Inverter,https://prod-platform-api.s3.amazonaws.com/components/66d778fb02c2dc75cdab12df/IMO00093.png,,,,14.38,14380.0,27282.53,1.9,https___fortlevsolar.app_old.csv,published,Solar Kit|Grid-Tie|Photovoltaic System|14.38kWp|Unknown|Unknown|Commercial|Full Images Available,0,1,1,0,Solar Kit
,,,,kits,BRL,Fortlev,fortlev_kit_217,,https://prod-platform-api.s3.amazonaws.com/components/68500752d2d60d325a684b95/IIN00350.png,,,1,Kit 16.1kWp - Panel + Inverter,https://prod-platform-api.s3.amazonaws.com/components/66d778fb02c2dc75cdab12df/IMO00093.png,,,,16.1,16100.000000000002,30302.25,1.88,https___fortlevsolar.app_old.csv,published,Solar Kit|Grid-Tie|Photovoltaic System|16.1kWp|Unknown|Unknown|Commercial|Full Images Available,0,1,1,0,Solar Kit
,,,,kits,BRL,Fotus,FOTUS-KP04-kits,/images/FOTUS-KITS/FOTUS-KP04-kits.jpg,,,2.25,1,"KP04 - SOLAR N PLUS | 570W N-TYPE BIFACIAL DG (22,1% EF.) | FRAME DE FIBRA DE VIDRO - MICROINVERSOR DEYE 2.25KW",,,570,2,1.14,1140,2507.99,,,published,Solar Kit|Fotus,0,1,2,0,kits
,,,,kits,BRL,Fotus,FOTUS-KP02-kits,/images/FOTUS-KITS/FOTUS-KP02-kits.jpg,,,2.25,1,KP02 - SOLAR N PLUS 600W N-TYPE BF DG - MICROINVERSOR TSUNESS2250W,,,600,2,1.2,1200,2679.49,,,published,Solar Kit|Fotus,0,1,2,0,kits
,,,,kits,BRL,Fotus,FOTUS-KP03-kits,/images/FOTUS-KITS/FOTUS-KP03-kits.jpg,,,2.25,1,KP03 - TRINA | TIER 1 | 710W N-TYPE BIFACIAL - MICROINVERSOR DEYE 2.25KW,,,710,2,1.42,1420,2896.41,,,published,Solar Kit|Fotus,0,1,2,0,kits
,,,,kits,BRL,Fotus,FOTUS-KP04-kits-hibridos,/images/FOTUS-KITS-HIBRIDOS/FOTUS-KP04-kits-hibridos.jpg,,,2.25,1,"KP04 - ASTRONERGY | TIER 1 | 600W N-TYPE BIFACIAL (22,2% EF.) - MICROINVERSOR TSUNESS2250W",,,600,2,1.2,1200,2706.07,,,published,Solar Kit|Fotus,0,1,2,0,kits-hibridos
,,1,12,kits,BRL,Neosolar,NEO-25046,https://portal.zydon.com.br/api/files/7b6f0b2b-afd9-4fa1-8956-5e84a158ca26/content?ingress=portalb2b.neosolar.com.br,,,,1,Kit Energia Solar Off Grid - 160Wp 105Ah/12V (25046),,,160,1,0.16,160,1423.43,,,draft,Solar Kit|Neosolar,1,1,1,0,Solar Kit Off-Grid
,,2,48,kits,BRL,Neosolar,NEO-22691,https://portal.zydon.com.br/api/files/48e603cd-6d4c-4263-ba93-96468c7f7cd1/content?ingress=portalb2b.neosolar.com.br,,,,1,Kit Energia Solar Off Grid s/ Inversor - 1.38kWp 200Ah 48V Lítio (22691),,,460,3,1.38,1380,0,,,draft,Solar Kit|Neosolar,2,1,3,0,Solar Kit Off-Grid
,,1,48,kits,BRL,Neosolar,NEO-22690,https://portal.zydon.com.br/api/files/6718996f-f280-43a1-ae3e-0ec159034560/content?ingress=portalb2b.neosolar.com.br,,,,1,Kit Energia Solar Off Grid s/ Inversor - 1.38kWp 100Ah 48V Lítio (22690),,,460,3,1.38,1380,0,,,draft,Solar Kit|Neosolar,1,1,3,0,Solar Kit Off-Grid
,,8,12,kits,BRL,Neosolar,NEO-22675,https://portal.zydon.com.br/api/files/182a3505-3a4c-434d-980b-7ed807a4bd08/content?ingress=portalb2b.neosolar.com.br,,,,1,Kit Energia Solar Off Grid s/ Inversor - 1.38kWp 440Ah 48V Chumbo (22675),,,460,3,1.38,1380,0,,,draft,Solar Kit|Neosolar,8,1,3,0,Solar Kit Off-Grid
,,2,12,kits,BRL,Neosolar,NEO-22671,https://portal.zydon.com.br/api/files/82cbca3a-47e0-4ae9-bef2-22a6be496eba/content?ingress=portalb2b.neosolar.com.br,,,,1,Kit Energia Solar Off Grid s/ Inversor - 330Wp 440Ah 12V Chumbo (22671),,,330,1,0.33,330,0,,,draft,Solar Kit|Neosolar,2,1,1,0,Solar Kit Off-Grid
,,3,48,kits,BRL,Neosolar,NEO-22689,https://portal.zydon.com.br/api/files/875a3f72-1bd9-4815-9985-d5d94c7dc6cf/content?ingress=portalb2b.neosolar.com.br,,,,1,Kit Energia Solar Off Grid s/ Inversor - 2.32kWp 300Ah 48V Lítio (22689),,,580,4,2.32,2320,0,,,draft,Solar Kit|Neosolar,3,1,4,0,Solar Kit Off-Grid
,,2,48,kits,BRL,Neosolar,NEO-22685,https://portal.zydon.com.br/api/files/e2a7b22d-6238-4dbf-8011-30b7be2c2acc/content?ingress=portalb2b.neosolar.com.br,,,,1,Kit Energia Solar Off Grid s/ Inversor - 1.38kWp 200Ah 48V Lítio (22685),,,460,3,1.38,1380,0,,,draft,Solar Kit|Neosolar,2,1,3,0,Solar Kit Off-Grid
,,1,48,kits,BRL,Neosolar,NEO-22684,https://portal.zydon.com.br/api/files/09d1cb39-777d-41bd-8da7-ee32da2ac135/content?ingress=portalb2b.neosolar.com.br,,,,1,Kit Energia Solar Off Grid s/ Inversor - 1.38kWp 100Ah 48V Lítio (22684),,,460,3,1.38,1380,0,,,draft,Solar Kit|Neosolar,1,1,3,0,Solar Kit Off-Grid
,,1,48,kits,BRL,Neosolar,NEO-22692,https://portal.zydon.com.br/api/files/09d4f04c-9bb3-4e47-b74b-3cf777023dd8/content?ingress=portalb2b.neosolar.com.br,,,,1,Kit Energia Solar Off Grid s/ Inversor - 1.16kWp 100Ah 48V Lítio (22692),,,580,2,1.16,1160,0,,,draft,Solar Kit|Neosolar,1,1,2,0,Solar Kit Off-Grid
,,8,12,kits,BRL,Neosolar,NEO-22677,https://portal.zydon.com.br/api/files/b807aae3-6eb3-4b0c-b612-af0852f62036/content?ingress=portalb2b.neosolar.com.br,,,,1,Kit Energia Solar Off Grid s/ Inversor - 1.16kWp 440Ah 48V Chumbo (22677),,,580,2,1.16,1160,0,,,draft,Solar Kit|Neosolar,8,1,2,0,Solar Kit Off-Grid
,,4,12,kits,BRL,Neosolar,NEO-22676,https://portal.zydon.com.br/api/files/aeb8aaa6-16ac-4fba-acc5-e5e1aa7f75c5/content?ingress=portalb2b.neosolar.com.br,,,,1,Kit Energia Solar Off Grid s/ Inversor - 1.16kWp 220Ah 48V Chumbo (22676),,,580,2,1.16,1160,0,,,draft,Solar Kit|Neosolar,4,1,2,0,Solar Kit Off-Grid
,,3,12,kits,BRL,Neosolar,NEO-22679,https://portal.zydon.com.br/api/files/b6de41dc-e5c1-4e70-97c9-afb50a4c7323/content?ingress=portalb2b.neosolar.com.br,,,,1,Kit Energia Solar Off Grid s/ Inversor - 580Wp 660Ah 12V Chumbo (22679),,,580,1,0.58,580,0,,,draft,Solar Kit|Neosolar,3,1,1,0,Solar Kit Off-Grid
,,2,12,kits,BRL,Neosolar,NEO-22663,https://portal.zydon.com.br/api/files/df89923a-1316-47a8-a6cb-92c521a3d308/content?ingress=portalb2b.neosolar.com.br,,,,1,Kit Energia Solar Off Grid s/ Inversor - 580Wp 440Ah 12V Chumbo (22663),,,580,1,0.58,580,0,,,draft,Solar Kit|Neosolar,2,1,1,0,Solar Kit Off-Grid
,,4,12,kits,BRL,Neosolar,NEO-26689,https://portal.zydon.com.br/api/files/3f4cbe65-2c61-4d88-8f79-b78c4ac6d090/content?ingress=portalb2b.neosolar.com.br,,,,,"Kit de Energia Solar c/ Inv-car - 2,48kWp 220Ah 48/220V",,,620,4,48.0,2480,0,,,draft,Solar Kit|Neosolar,4,0,4,0,Solar Kit Off-Grid
,,16,12,kits,BRL,Neosolar,NEO-26693,https://portal.zydon.com.br/api/files/ea1c29dc-1565-4960-92af-81b7d5dbbfc3/content?ingress=portalb2b.neosolar.com.br,,,,,"Kit de Energia Solar c/ Inv-car - 3,72kWp 220Ah 48/220V",,,620,6,72.0,3720,0,,,draft,Solar Kit|Neosolar,16,0,6,0,Solar Kit Off-Grid
,,12,12,kits,BRL,Neosolar,NEO-26692,https://portal.zydon.com.br/api/files/0e1ee7f0-8caa-4460-b2b5-182a11941df3/content?ingress=portalb2b.neosolar.com.br,,,,,"Kit de Energia Solar c/ Inv-car - 3,10kWp 220Ah 48/220V",,,620,5,10.0,3100,0,,,draft,Solar Kit|Neosolar,12,0,5,0,Solar Kit Off-Grid
,,8,12,kits,BRL,Neosolar,NEO-26690,https://portal.zydon.com.br/api/files/f42f9aad-f7d5-4253-9264-6911fef9b468/content?ingress=portalb2b.neosolar.com.br,,,,,"Kit de Energia Solar c/ Inv-car - 3,72kWp 220Ah 48/220V",,,620,6,72.0,3720,0,,,draft,Solar Kit|Neosolar,8,0,6,0,Solar Kit Off-Grid
,,8,12,kits,BRL,Neosolar,NEO-26691,https://portal.zydon.com.br/api/files/8b18b97d-5b13-447b-a8ec-53fda627ca46/content?ingress=portalb2b.neosolar.com.br,,,,,"Kit de Energia Solar c/ Inv-car - 1,86kWp 220Ah 48/220V",,,620,3,86.0,1860,0,,,draft,Solar Kit|Neosolar,8,0,3,0,Solar Kit Off-Grid
,,,,kits,BRL,Neosolar,NEO-26927,https://portal.zydon.com.br/api/files/073018db-ce60-44e0-afd4-08fa6aaa1320/content?ingress=portalb2b.neosolar.com.br,,,,1,Kit Gerador Energia Solar 1.24kWp - Microinversor Deye c/ Wifi SUN2250 - Painel DAH Solar,,,0,1,1.24,1240,2309.19,,,draft,Solar Kit|Neosolar,0,1,4,0,Solar Kit Grid-Tie
,,,,kits,BRL,Neosolar,NEO-26948,https://portal.zydon.com.br/api/files/85a8dfe9-d8f4-4d38-b555-6a54757b0e2b/content?ingress=portalb2b.neosolar.com.br,,,,1,Kit Gerador Energia Solar 0.62kWp - Microinversor Deye c/ Wifi SUN2250 - Painel DAH Solar s/ Estrutura,,,0,1,0.62,620,1899.49,,,draft,Solar Kit|Neosolar,0,1,3,0,Solar Kit Grid-Tie
,,,,kits,BRL,Neosolar,NEO-26934,https://portal.zydon.com.br/api/files/b0ce2974-6673-44fd-815d-070364b2ff5a/content?ingress=portalb2b.neosolar.com.br,,,,1,Kit Gerador Energia Solar 1.86kWp - Microinversor Deye c/ Wifi SUN2250 - Painel DAH Solar s/ Estrutura,,,0,1,1.86,1860,2614.3,,,draft,Solar Kit|Neosolar,0,1,5,0,Solar Kit Grid-Tie
,,,,kits,BRL,Neosolar,NEO-26941,https://portal.zydon.com.br/api/files/b7e58eb2-75a2-4676-9db7-4ea5d2ae06b0/content?ingress=portalb2b.neosolar.com.br,,,,1,Kit Gerador Energia Solar 2.48kWp - Microinversor Deye c/ Wifi SUN2250 - Painel DAH Solar s/ Estrutura,,,0,1,2.48,2480,2779.92,,,draft,Solar Kit|Neosolar,0,1,6,0,Solar Kit Grid-Tie
,,,,kits,BRL,Neosolar,NEO-27152,https://portal.zydon.com.br/api/files/7d6d6a18-4c14-4a6c-9ba7-da0b7514f79c/content?ingress=portalb2b.neosolar.com.br,,,,1,Kit Gerador Energia Solar 1.4kWp - Microinversor Deye c/ Wifi SUN2250 - Painel DAH Solar s/ Estrutura,,,0,1,1.4,1400,2698.14,,,draft,Solar Kit|Neosolar,0,1,4,0,Solar Kit Grid-Tie
,,,,kits,BRL,Neosolar,NEO-27156,https://portal.zydon.com.br/api/files/ea40f443-04a3-40c4-a400-583d4ca8fe28/content?ingress=portalb2b.neosolar.com.br,,,,1,Kit Gerador Energia Solar 2.1kWp - Microinversor Deye c/ Wifi SUN2250 - Painel DAH Solar Estrutura p/ Madeira,,,0,1,2.1,2100,3258.74,,,draft,Solar Kit|Neosolar,0,1,5,0,Solar Kit Grid-Tie
,,,,kits,BRL,Neosolar,NEO-27149,https://portal.zydon.com.br/api/files/47c22990-1738-4a9f-b7d1-7be62c975ab6/content?ingress=portalb2b.neosolar.com.br,,,,1,Kit Gerador Energia Solar 1.4kWp - Microinversor Deye c/ Wifi SUN2250 - Painel DAH Solar Estrutura p/ Madeira,,,0,1,1.4,1400,2897.54,,,draft,Solar Kit|Neosolar,0,1,4,0,Solar Kit Grid-Tie
,,,,kits,BRL,Neosolar,NEO-26936,https://portal.zydon.com.br/api/files/500c0b16-f10b-485e-9ce2-8c2e467dcfcd/content?ingress=portalb2b.neosolar.com.br,,,,1,Kit Gerador Energia Solar 2.48kWp - Microinversor Deye c/ Wifi SUN2250 - Painel DAH Solar c/ Gancho p/ Cerâmica,,,0,1,2.48,2480,2983.77,,,draft,Solar Kit|Neosolar,0,1,6,0,Solar Kit Grid-Tie
,,,,kits,BRL,Neosolar,NEO-26922,https://portal.zydon.com.br/api/files/96f74892-580d-45ca-b1c0-3e440529b59a/content?ingress=portalb2b.neosolar.com.br,,,,1,Kit Gerador Energia Solar 1.24kWp - Microinversor Deye c/ Wifi SUN2250 - Painel DAH Solar com GANCHO p/ CERÂMICA,,,0,1,1.24,1240,2508.33,,,draft,Solar Kit|Neosolar,0,1,4,0,Solar Kit Grid-Tie
,,,,kits,BRL,Neosolar,NEO-26945,https://portal.zydon.com.br/api/files/69ed872a-cad6-43cf-9072-a0f81d99e4de/content?ingress=portalb2b.neosolar.com.br,,,,1,Kit Gerador Energia Solar 0.62kWp - Microinversor Deye c/ Wifi SUN2250 - Painel DAH Solar c/ Parafuso Madeira,,,0,1,0.62,620,2092.73,,,draft,Solar Kit|Neosolar,0,1,3,0,Solar Kit Grid-Tie
,,,,kits,BRL,Neosolar,NEO-27157,https://portal.zydon.com.br/api/files/67d0a867-05e1-44ce-b8b6-076bde4c9a57/content?ingress=portalb2b.neosolar.com.br,,,,1,Kit Gerador Energia Solar 2.1kWp - Microinversor Deye c/ Wifi SUN2250 - Painel DAH Solar Estrutura Metálica,,,0,1,2.1,2100,3258.74,,,draft,Solar Kit|Neosolar,0,1,5,0,Solar Kit Grid-Tie
,,,,kits,BRL,Neosolar,NEO-27150,https://portal.zydon.com.br/api/files/16c6bc1d-de85-4b95-8f4d-9707f498d15f/content?ingress=portalb2b.neosolar.com.br,,,,1,Kit Gerador Energia Solar 1.4kWp - Microinversor Deye c/ Wifi SUN2250 - Painel DAH Solar Estrutura Metálica,,,0,1,1.4,1400,2897.54,,,draft,Solar Kit|Neosolar,0,1,4,0,Solar Kit Grid-Tie
,,,,kits,BRL,Neosolar,NEO-27171,https://portal.zydon.com.br/api/files/dcff0199-c1ca-403a-96fd-4e7e531b98f4/content?ingress=portalb2b.neosolar.com.br,,,,1,Kit Gerador Energia Solar 700kWp - Microinversor Deye c/ Wifi SUN2250 - Painel DAH Solar Estrutura Metálica,,,0,1,700.0,700,2342.52,,,draft,Solar Kit|Neosolar,0,1,3,0,Solar Kit Grid-Tie
,,,,kits,BRL,Neosolar,NEO-26931,https://portal.zydon.com.br/api/files/cf44dedb-c601-4e7b-83d3-c5b31bb63db4/content?ingress=portalb2b.neosolar.com.br,,,,1,Kit Gerador Energia Solar 1.86kWp - Microinversor Deye c/ Wifi SUN2250 - Painel DAH Solar c/ Parafuso Madeira,,,0,1,1.86,1860,2814.07,,,draft,Solar Kit|Neosolar,0,1,5,0,Solar Kit Grid-Tie
,,,,kits,BRL,Neosolar,NEO-26924,https://portal.zydon.com.br/api/files/1c551854-7d5a-42b0-9229-c80f11e4fbae/content?ingress=portalb2b.neosolar.com.br,,,,1,Kit Gerador Energia Solar 1.24kWp - Microinversor Deye c/ Wifi SUN2250 - Painel DAH Solar c/ Parafuso Madeira,,,0,1,1.24,1240,2506.18,,,draft,Solar Kit|Neosolar,0,1,4,0,Solar Kit Grid-Tie
,,,,kits,BRL,Neosolar,NEO-27163,https://portal.zydon.com.br/api/files/053dca07-d53e-405c-a089-82d8b8f2c066/content?ingress=portalb2b.neosolar.com.br,,,,1,Kit Gerador Energia Solar 2.8kWp - Microinversor Deye c/ Wifi SUN2250 - Painel DAH Solar Estrutura p/ Madeira,,,0,1,2.8,2800,3249.93,,,draft,Solar Kit|Neosolar,0,1,6,0,Solar Kit Grid-Tie
,,,,kits,BRL,Neosolar,NEO-26923,https://portal.zydon.com.br/api/files/98cfd50f-ba17-47fe-a982-073e7ceb22a5/content?ingress=portalb2b.neosolar.com.br,,,,1,Kit Gerador Energia Solar 1.24kWp - Microinversor Deye c/ Wifi SUN2250 - Painel DAH Solar com Mini Trilho,,,0,1,1.24,1240,2508.39,,,draft,Solar Kit|Neosolar,0,1,4,0,Solar Kit Grid-Tie
,,,,kits,BRL,Neosolar,NEO-26930,https://portal.zydon.com.br/api/files/9d21ee9c-0c08-4bcc-b1a0-89038fb0c477/content?ingress=portalb2b.neosolar.com.br,,,,1,Kit Gerador Energia Solar 1.86kWp - Microinversor Deye c/ Wifi SUN2250 - Painel DAH Solar c/ Mini Trilho,,,0,1,1.86,1860,2816.54,,,draft,Solar Kit|Neosolar,0,1,5,0,Solar Kit Grid-Tie
,,,,kits,BRL,Neosolar,NEO-26944,https://portal.zydon.com.br/api/files/2f2e915a-326f-4e88-88e8-e12c86b7a143/content?ingress=portalb2b.neosolar.com.br,,,,1,Kit Gerador Energia Solar 0.62kWp - Microinversor Deye c/ Wifi SUN2250 - Painel DAH Solar c/ Mini Trilho,,,0,1,0.62,620,2094.57,,,draft,Solar Kit|Neosolar,0,1,3,0,Solar Kit Grid-Tie
,,,,kits,BRL,Neosolar,NEO-26929,https://portal.zydon.com.br/api/files/9df07a10-9be0-4c76-869d-b39c59ab56e2/content?ingress=portalb2b.neosolar.com.br,,,,1,Kit Gerador Energia Solar 1.86kWp - Microinversor Deye c/ Wifi SUN2250 - Painel DAH Solar c/ Gancho p/ Cêramica,,,0,1,1.86,1860,2816.49,,,draft,Solar Kit|Neosolar,0,1,5,0,Solar Kit Grid-Tie
,,,,kits,BRL,Neosolar,NEO-26943,https://portal.zydon.com.br/api/files/5c5aa452-64d5-4936-999a-6a49bd9b38de/content?ingress=portalb2b.neosolar.com.br,,,,1,Kit Gerador Energia Solar 0.62kWp - Microinversor Deye c/ Wifi SUN2250 - Painel DAH Solar c/ Gancho p/ Cerâmica,,,0,1,0.62,620,2094.54,,,draft,Solar Kit|Neosolar,0,1,3,0,Solar Kit Grid-Tie
,,,,kits,BRL,Neosolar,NEO-26938,https://portal.zydon.com.br/api/files/43e47ccb-9b60-4ed8-bdc1-3218d9a1140c/content?ingress=portalb2b.neosolar.com.br,,,,1,Kit Gerador Energia Solar 2.48kWp - Microinversor Deye c/ Wifi SUN2250 - Painel DAH Solar c/ Parafuso Madeira,,,0,1,2.48,2480,2981.21,,,draft,Solar Kit|Neosolar,0,1,6,0,Solar Kit Grid-Tie
,,,,kits,BRL,Neosolar,NEO-27160,https://portal.zydon.com.br/api/files/281670bc-c7a4-49c5-b13a-3ec42eeb047c/content?ingress=portalb2b.neosolar.com.br,,,,1,Kit Gerador Energia Solar 2.8kWp - Microinversor Deye c/ Wifi SUN2250 - Painel DAH Solar Estrutura p/ Laje,,,0,1,2.8,2800,3408.54,,,draft,Solar Kit|Neosolar,0,1,6,0,Solar Kit Grid-Tie
,,,,kits,BRL,Neosolar,NEO-27162,https://portal.zydon.com.br/api/files/2f876239-7cbc-499b-a49f-2a1b81808d77/content?ingress=portalb2b.neosolar.com.br,,,,1,Kit Gerador Energia Solar 2.8kWp - Microinversor Deye c/ Wifi SUN2250 - Painel DAH Solar Estrutura c/ Mini Trilho,,,0,1,2.8,2800,3252.64,,,draft,Solar Kit|Neosolar,0,1,6,0,Solar Kit Grid-Tie
,,,,kits,BRL,Neosolar,NEO-27146,https://portal.zydon.com.br/api/files/0c31ed4b-aa83-4978-8334-12928ffc9601/content?ingress=portalb2b.neosolar.com.br,,,,1,Kit Gerador Energia Solar 1.4kWp - Microinversor Deye c/ Wifi SUN2250 - Painel DAH Solar Estrutura p/ Laje,,,0,1,1.4,1400,3053.39,,,draft,Solar Kit|Neosolar,0,1,4,0,Solar Kit Grid-Tie
,,,,kits,BRL,Neosolar,NEO-27153,https://portal.zydon.com.br/api/files/f99ab620-57ec-4068-a84a-ef8c19691128/content?ingress=portalb2b.neosolar.com.br,,,,1,Kit Gerador Energia Solar 2.1kWp - Microinversor Deye c/ Wifi SUN2250 - Painel DAH Solar Estrutura p/ Laje,,,0,1,2.1,2100,3417.42,,,draft,Solar Kit|Neosolar,0,1,5,0,Solar Kit Grid-Tie
,,,,kits,BRL,Neosolar,NEO-27167,https://portal.zydon.com.br/api/files/3c9de222-b1da-483f-9fbd-05826d938d9e/content?ingress=portalb2b.neosolar.com.br,,,,1,Kit Gerador Energia Solar 700kWp - Microinversor Deye c/ Wifi SUN2250 - Painel DAH Solar Estrutura p/ Laje,,,0,1,700.0,700,2494.04,,,draft,Solar Kit|Neosolar,0,1,3,0,Solar Kit Grid-Tie
,,1,48,kits,BRL,Neosolar,NEO-26845,https://portal.zydon.com.br/api/files/38d11579-116e-4c4f-85b6-91124c4b312c/content?ingress=portalb2b.neosolar.com.br,,,,1,"Kit Energia Solar On Grid Híbrido - 3,7kWp Lítio 48V (26845)",,,620,6,7.0,3720,14800.61,,,draft,Solar Kit|Neosolar,1,1,6,0,Solar Kit Hybrid
,,1,48,kits,BRL,Neosolar,NEO-26857,https://portal.zydon.com.br/api/files/eb236d93-6a75-48e7-8e98-79ea6a0ac676/content?ingress=portalb2b.neosolar.com.br,,,,1,"Kit Energia Solar On Grid Híbrido - 3,72kWp 4,8kWh Lítio 48V (26857)",,,620,6,72.0,3720,21559.38,,,draft,Solar Kit|Neosolar,1,1,6,0,Solar Kit Hybrid
,,,,kits,BRL,Neosolar,NEO-27091,https://portal.zydon.com.br/api/files/f9cebb88-d7d1-4ec2-a670-e0952112a699/content?ingress=portalb2b.neosolar.com.br,,,,1,"Kit de Energia Solar On Grid 3,72KWP-OS 5KW LI s/ Estrutura",,,620,6,72.0,3720,5327.97,,,draft,Solar Kit|Neosolar,0,1,6,0,Solar Kit Grid-Tie
,,,,kits,BRL,Neosolar,NEO-27131,https://portal.zydon.com.br/api/files/e7aad29a-d149-4d71-8e36-26aa18d802be/content?ingress=portalb2b.neosolar.com.br,,,,1,"Kit de Energia Solar On Grid 3,72KWP-OS 5KW LI Estrutura p/ Madeira",,,620,6,72.0,3720,5699.97,,,draft,Solar Kit|Neosolar,0,1,6,0,Solar Kit Grid-Tie
,,1,48,kits,BRL,Neosolar,NEO-26795,https://portal.zydon.com.br/api/files/f097c548-8334-48cc-9942-3cfe4e8a390b/content?ingress=portalb2b.neosolar.com.br,,,,1,"Kit Energia Solar On Grid Híbrido - 3,72kWp 4,8kWh Lítio 48V (26795)",,,620,6,72.0,3720,20843.75,,,draft,Solar Kit|Neosolar,1,1,6,0,Solar Kit Hybrid
,,1,48,kits,BRL,Neosolar,NEO-26783,https://portal.zydon.com.br/api/files/a60da2f3-750b-4b6a-be3d-e9b5b60448c1/content?ingress=portalb2b.neosolar.com.br,,,,1,"Kit Energia Solar On Grid Híbrido - 3,7kWp Lítio 48V (26783)",,,620,6,7.0,3720,14084.97,,,draft,Solar Kit|Neosolar,1,1,6,0,Solar Kit Hybrid
,,1,48,kits,BRL,Neosolar,NEO-26669,https://portalb2b.neosolar.com.br/b2b-noimage-white.svg,,,,1,"Kit Energia Solar On Grid Híbrido - 8.06kWp 4,8kWh Lítio 48V (26669)",,,620,13,8.06,8060,31900.73,,,draft,Solar Kit|Neosolar,1,1,13,0,Solar Kit Hybrid
,,1,48,kits,BRL,Neosolar,NEO-26657,https://portal.zydon.com.br/api/files/be926346-fbd9-404b-a370-a6250910b051/content?ingress=portalb2b.neosolar.com.br,,,,1,"Kit Energia Solar On Grid Híbrido - 3,72kWp 4,8kWh Lítio 48V (26657)",,,620,6,72.0,3720,22513.72,,,draft,Solar Kit|Neosolar,1,1,6,0,Solar Kit Hybrid
,,,,kits,BRL,Neosolar,NEO-27137,https://portal.zydon.com.br/api/files/acc03ccd-7fe1-40da-9497-f2121a563a15/content?ingress=portalb2b.neosolar.com.br,,,,1,"Kit de Energia Solar On Grid 4,96KWP-OS 5KW LI Estrutura p/ Madeira",,,620,8,96.0,4960,7476.27,,,draft,Solar Kit|Neosolar,0,1,8,0,Solar Kit Grid-Tie
,,2,48,kits,BRL,Neosolar,NEO-26766,https://portal.zydon.com.br/api/files/74de87bd-1ed5-4375-a87e-51819a9f515e/content?ingress=portalb2b.neosolar.com.br,,,,1,"Kit Energia Solar On Grid Híbrido - 5.65kWp 4,8kWh Lítio 48V (26766)",,,565,10,5.65,5650,27456.69,,,draft,Solar Kit|Neosolar,2,1,10,0,Solar Kit Hybrid
,,2,48,kits,BRL,Neosolar,NEO-26754,https://portal.zydon.com.br/api/files/c7877d55-11cb-4e3e-ad18-347fc4ca62b9/content?ingress=portalb2b.neosolar.com.br,,,,1,"Kit Energia Solar On Grid Híbrido - 5.65kWp 4,8kWh Lítio 48V (26754)",,,565,10,5.65,5650,20697.91,,,draft,Solar Kit|Neosolar,2,1,10,0,Solar Kit Hybrid
,,3,48,kits,BRL,Neosolar,NEO-26767,https://portal.zydon.com.br/api/files/938db400-1a27-4d9e-bdfa-cdc6d2870010/content?ingress=portalb2b.neosolar.com.br,,,,1,"Kit Energia Solar On Grid Híbrido - 5.65kWp 4,8kWh Lítio 48V (26767)",,,565,10,5.65,5650,31861.03,,,draft,Solar Kit|Neosolar,3,1,10,0,Solar Kit Hybrid
,,4,48,kits,BRL,Neosolar,NEO-26768,https://portal.zydon.com.br/api/files/d023fbde-e776-4b1e-9390-99c27b9aa1aa/content?ingress=portalb2b.neosolar.com.br,,,,1,"Kit Energia Solar On Grid Híbrido - 5.65kWp 4,8kWh Lítio 48V (26768)",,,565,10,5.65,5650,0,,,draft,Solar Kit|Neosolar,4,1,10,0,Solar Kit Hybrid
,,3,48,kits,BRL,Neosolar,NEO-26755,https://portal.zydon.com.br/api/files/480e9393-ba7f-4dbc-b6ba-d88557b5102b/content?ingress=portalb2b.neosolar.com.br,,,,1,"Kit Energia Solar On Grid Híbrido - 5.65kWp 4,8kWh Lítio 48V (26755)",,,565,10,5.65,5650,25102.25,,,draft,Solar Kit|Neosolar,3,1,10,0,Solar Kit Hybrid
,,3,48,kits,BRL,Neosolar,NEO-26817,https://portal.zydon.com.br/api/files/e6c8f095-21b2-4317-91f9-d02450aa6932/content?ingress=portalb2b.neosolar.com.br,,,,1,"Kit Energia Solar On Grid Híbrido - 5.65kWp 4,8kWh Lítio 48V (26817)",,,565,10,5.65,5650,0,,,draft,Solar Kit|Neosolar,3,1,10,0,Solar Kit Hybrid
,,1,48,kits,BRL,Neosolar,NEO-26765,https://portal.zydon.com.br/api/files/c56bfb63-420d-4a8e-9041-4ecd71277d99/content?ingress=portalb2b.neosolar.com.br,,,,1,"Kit Energia Solar On Grid Híbrido - 5.65kWp 4,8kWh Lítio 48V (26765)",,,565,10,5.65,5650,23052.36,,,draft,Solar Kit|Neosolar,1,1,10,0,Solar Kit Hybrid
,,1,48,kits,BRL,Neosolar,NEO-26753,https://portal.zydon.com.br/api/files/59a584f6-6932-4cb4-8d78-68d436b08ea8/content?ingress=portalb2b.neosolar.com.br,,,,1,"Kit Energia Solar On Grid Híbrido - 5.65kWp 4,8kWh Lítio 48V (26753)",,,565,10,5.65,5650,16293.58,,,draft,Solar Kit|Neosolar,1,1,10,0,Solar Kit Hybrid
,,1,48,kits,BRL,Neosolar,NEO-26815,https://portal.zydon.com.br/api/files/9044ca4a-c522-46b8-99a0-39a840f594a2/content?ingress=portalb2b.neosolar.com.br,,,,1,"Kit Energia Solar On Grid Híbrido - 5.65kWp 4,8kWh Lítio 48V (26815)",,,565,10,5.65,5650,0,,,draft,Solar Kit|Neosolar,1,1,10,0,Solar Kit Hybrid
,,2,48,kits,BRL,Neosolar,NEO-26816,https://portal.zydon.com.br/api/files/bc6e1fb0-7ba5-47c1-9784-f3358c15314a/content?ingress=portalb2b.neosolar.com.br,,,,1,"Kit Energia Solar On Grid Híbrido - 5.65kWp 4,8kWh Lítio 48V (26816)",,,565,10,5.65,5650,0,,,draft,Solar Kit|Neosolar,2,1,10,0,Solar Kit Hybrid
,,2,48,kits,BRL,Neosolar,NEO-26628,https://portal.zydon.com.br/api/files/736268c5-5840-4d66-a1e0-ea8287dddf69/content?ingress=portalb2b.neosolar.com.br,,,,1,"Kit Energia Solar On Grid Híbrido - 5.65kWp 4,8kWh Lítio 48V (26628)",,,565,10,5.65,5650,0,,,draft,Solar Kit|Neosolar,2,1,10,0,Solar Kit Hybrid
,,,,kits,BRL,Neosolar,NEO-27166,https://portal.zydon.com.br/api/files/27f4950d-d078-4b8a-8d4c-6c4126941c9d/content?ingress=portalb2b.neosolar.com.br,,,,1,Kit Gerador Energia Solar 2.8kWp - Microinversor Deye c/ Wifi SUN2250 - Painel DAH Solar s/ Estrutura,,,0,1,2.8,2800,3047.53,,,draft,Solar Kit|Neosolar,0,1,6,0,Solar Kit Grid-Tie
,,,,kits,BRL,Neosolar,NEO-27130,https://portal.zydon.com.br/api/files/70b33d17-df51-4342-9930-030f379a3ba8/content?ingress=portalb2b.neosolar.com.br,,,,1,"Kit de Energia Solar On Grid 3,72KWP-OS 5KW LI Estrutura c/ Mini Trilho",,,620,6,72.0,3720,5699.97,,,draft,Solar Kit|Neosolar,0,1,6,0,Solar Kit Grid-Tie
,,,,kits,BRL,Neosolar,NEO-27136,https://portal.zydon.com.br/api/files/a57d61bf-8a1b-4b89-a5c9-d5338679cd54/content?ingress=portalb2b.neosolar.com.br,,,,1,"Kit de Energia Solar On Grid 4,96KWP-OS 5KW LI Estrutura c/ Mini Trilho",,,620,8,96.0,4960,7476.27,,,draft,Solar Kit|Neosolar,0,1,8,0,Solar Kit Grid-Tie
,,1,6,kits,BRL,Neosolar,NEO-25050,https://portal.zydon.com.br/api/files/df0bde7a-efb8-47cf-affa-550f15fd815a/content?ingress=portalb2b.neosolar.com.br,,,,1,Kit Energia Solar Off Grid - 870Wp 100Ah/24V Lítio (25050),,,435,2,0.87,870,6147.89,,,draft,Solar Kit|Neosolar,1,1,2,0,Solar Kit Off-Grid
,,,,kits,BRL,Neosolar,NEO-27128,https://portal.zydon.com.br/api/files/1b499a8e-1a47-4aad-8262-c3f91f83091e/content?ingress=portalb2b.neosolar.com.br,,,,1,"Kit de Energia Solar On Grid 3,72KWP-OS 5KW LI Estrutura p/ Laje",,,620,6,72.0,3720,5978.97,,,draft,Solar Kit|Neosolar,0,1,6,0,Solar Kit Grid-Tie
,,,,kits,BRL,Neosolar,NEO-27134,https://portal.zydon.com.br/api/files/496e1824-39bc-4311-8cd5-4fb97598d132/content?ingress=portalb2b.neosolar.com.br,,,,1,"Kit de Energia Solar On Grid 4,96KWP-OS 5KW LI Estrutura p/ Laje",,,620,8,96.0,4960,7755.27,,,draft,Solar Kit|Neosolar,0,1,8,0,Solar Kit Grid-Tie
,,,,kits,BRL,Neosolar,NEO-27161,https://portal.zydon.com.br/api/files/45b2d5df-ccbb-4283-8589-35dadb69be7b/content?ingress=portalb2b.neosolar.com.br,,,,1,Kit Gerador Energia Solar 2.8kWp - Microinversor Deye c/ Wifi SUN2250 - Painel DAH Solar c/ Gancho p/ Cerâmica,,,0,1,2.8,2800,3252.57,,,draft,Solar Kit|Neosolar,0,1,6,0,Solar Kit Grid-Tie
,,1,48,kits,BRL,Neosolar,NEO-25055,https://portal.zydon.com.br/api/files/8e502799-cb06-4913-9414-922cc566b17b/content?ingress=portalb2b.neosolar.com.br,,,,1,"Kit Energia Solar Off Grid - 1,31kWp 105Ah 48V Lítio (25055)",,,435,3,31.0,1305,6990.92,,,draft,Solar Kit|Neosolar,1,1,3,0,Solar Kit Off-Grid
,,4,48,kits,BRL,Neosolar,NEO-26630,https://portal.zydon.com.br/api/files/2711f98d-87d3-42af-b396-346347b585ac/content?ingress=portalb2b.neosolar.com.br,,,,1,"Kit Energia Solar On Grid Híbrido - 5.65kWp 4,8kWh Lítio 48V (26630)",,,565,10,5.65,5650,0,,,draft,Solar Kit|Neosolar,4,1,10,0,Solar Kit Hybrid
,,,,kits,BRL,Neosolar,NEO-26937,https://portal.zydon.com.br/api/files/5db00a3e-d32e-46cc-90c5-3f0cca983307/content?ingress=portalb2b.neosolar.com.br,,,,1,Kit Gerador Energia Solar 2.48kWp - Microinversor Deye c/ Wifi SUN2250 - Painel DAH Solar c/ Mini Trilho,,,0,1,2.48,2480,2983.83,,,draft,Solar Kit|Neosolar,0,1,6,0,Solar Kit Grid-Tie
,,,,kits,BRL,Neosolar,NEO-27141,https://portal.zydon.com.br/api/files/3c8fe205-b964-4218-87cc-81d57af2e39d/content?ingress=portalb2b.neosolar.com.br,,,,2,"Kit de Energia Solar On Grid 6,20KWP-OS 5KW LI c/ Gancho p/ Cerâmica",,,620,10,20.0,6200,9447.87,,,draft,Solar Kit|Neosolar,0,2,10,0,Solar Kit Grid-Tie
,,5,48,kits,BRL,Neosolar,NEO-26674,https://portalb2b.neosolar.com.br/b2b-noimage-white.svg,,,,1,"Kit Energia Solar On Grid Híbrido - 14.88kWp 4,8kWh Lítio 48V (26674)",,,620,24,14.88,14880,0,,,draft,Solar Kit|Neosolar,5,1,24,0,Solar Kit Hybrid
,,4,48,kits,BRL,Neosolar,NEO-26673,https://portalb2b.neosolar.com.br/b2b-noimage-white.svg,,,,1,"Kit Energia Solar On Grid Híbrido - 14.88kWp 4,8kWh Lítio 48V (26673)",,,620,24,14.88,14880,0,,,draft,Solar Kit|Neosolar,4,1,24,0,Solar Kit Hybrid
,,6,48,kits,BRL,Neosolar,NEO-26675,https://portalb2b.neosolar.com.br/b2b-noimage-white.svg,,,,1,"Kit Energia Solar On Grid Híbrido - 14.88kWp 4,8kWh Lítio 48V (26675)",,,620,24,14.88,14880,0,,,draft,Solar Kit|Neosolar,6,1,24,0,Solar Kit Hybrid
,,3,48,kits,BRL,Neosolar,NEO-26860,https://portal.zydon.com.br/api/files/f6e900a4-cc28-497b-a281-5dbc55d47e95/content?ingress=portalb2b.neosolar.com.br,,,,1,"Kit Energia Solar On Grid Híbrido - 6,2kWp 4,8kWh Lítio 48V (26860)",,,620,10,2.0,6200,0,,,draft,Solar Kit|Neosolar,3,1,10,0,Solar Kit Hybrid
,,4,48,kits,BRL,Neosolar,NEO-26861,https://portal.zydon.com.br/api/files/041532fb-2ccb-41dd-b966-8f0c2df0aa37/content?ingress=portalb2b.neosolar.com.br,,,,1,"Kit Energia Solar On Grid Híbrido - 6,2kWp 4,8kWh Lítio 48V (26861)",,,620,10,2.0,6200,0,,,draft,Solar Kit|Neosolar,4,1,10,0,Solar Kit Hybrid
,,4,48,kits,BRL,Neosolar,NEO-26799,https://portal.zydon.com.br/api/files/a0167203-6ece-4ea1-bca5-6d8db5d36a35/content?ingress=portalb2b.neosolar.com.br,,,,1,"Kit Energia Solar On Grid Híbrido - 6,2kWp 4,8kWh Lítio 48V (26799)",,,620,10,2.0,6200,0,,,draft,Solar Kit|Neosolar,4,1,10,0,Solar Kit Hybrid
,,1,48,kits,BRL,Neosolar,NEO-26858,https://portal.zydon.com.br/api/files/b7b2776d-9e3f-4e58-bf72-bf760b521ee0/content?ingress=portalb2b.neosolar.com.br,,,,1,"Kit Energia Solar On Grid Híbrido - 6,2kWp 4,8kWh Lítio 48V (26658)",,,620,10,2.0,6200,0,,,draft,Solar Kit|Neosolar,1,1,10,0,Solar Kit Hybrid
,,2,48,kits,BRL,Neosolar,NEO-26859,https://portal.zydon.com.br/api/files/5eb72a41-fb1e-45c2-9439-39393a4a32c7/content?ingress=portalb2b.neosolar.com.br,,,,1,"Kit Energia Solar On Grid Híbrido - 6,2kWp 4,8kWh Lítio 48V (26859)",,,620,10,2.0,6200,0,,,draft,Solar Kit|Neosolar,2,1,10,0,Solar Kit Hybrid
,,4,48,kits,BRL,Neosolar,NEO-26849,https://portal.zydon.com.br/api/files/28d676bc-4df5-4874-bd46-7307e324d0b2/content?ingress=portalb2b.neosolar.com.br,,,,1,"Kit Energia Solar On Grid Híbrido - 6,2kWp Lítio 48V (26849)",,,620,10,2.0,6200,0,,,draft,Solar Kit|Neosolar,4,1,10,0,Solar Kit Hybrid
,,3,48,kits,BRL,Neosolar,NEO-26848,https://portal.zydon.com.br/api/files/178b3efe-5268-4eac-90e7-35c7e219b8e6/content?ingress=portalb2b.neosolar.com.br,,,,1,"Kit Energia Solar On Grid Híbrido - 6,2kWp Lítio 48V (26848)",,,620,10,2.0,6200,0,,,draft,Solar Kit|Neosolar,3,1,10,0,Solar Kit Hybrid
,,1,48,kits,BRL,Neosolar,NEO-26846,https://portal.zydon.com.br/api/files/e332e2f4-af13-4da5-8dea-1cf89445e829/content?ingress=portalb2b.neosolar.com.br,,,,1,"Kit Energia Solar On Grid Híbrido - 6,2kWp Lítio 48V (26846)",,,620,10,2.0,6200,0,,,draft,Solar Kit|Neosolar,1,1,10,0,Solar Kit Hybrid
,,2,48,kits,BRL,Neosolar,NEO-26847,https://portal.zydon.com.br/api/files/cf7945ae-e1ef-40df-af58-abfd35c3d05d/content?ingress=portalb2b.neosolar.com.br,,,,1,"Kit Energia Solar On Grid Híbrido - 6,2kWp Lítio 48V (26847)",,,620,10,2.0,6200,0,,,draft,Solar Kit|Neosolar,2,1,10,0,Solar Kit Hybrid
,,,,kits,BRL,Neosolar,NEO-27093,https://portal.zydon.com.br/api/files/ee4b4d9b-35eb-4d03-a608-0c67d097e926/content?ingress=portalb2b.neosolar.com.br,,,,2,"Kit de Energia Solar On Grid 6,20KWP-OS 5KW LI s/ Estrutura",,,620,10,20.0,6200,8889.87,,,draft,Solar Kit|Neosolar,0,2,10,0,Solar Kit Grid-Tie
,,2,48,kits,BRL,Neosolar,NEO-26785,https://portal.zydon.com.br/api/files/4bba46ca-7ff6-4c73-bb84-edc442396db2/content?ingress=portalb2b.neosolar.com.br,,,,1,"Kit Energia Solar On Grid Híbrido - 6,2kWp Lítio 48V (26785)",,,620,10,2.0,6200,21254.52,,,draft,Solar Kit|Neosolar,2,1,10,0,Solar Kit Hybrid
,,3,48,kits,BRL,Neosolar,NEO-26786,https://portal.zydon.com.br/api/files/a8b634c1-10ed-4c96-8ec3-d149274b790c/content?ingress=portalb2b.neosolar.com.br,,,,1,"Kit Energia Solar On Grid Híbrido - 6,2kWp Lítio 48V (26786)",,,620,10,2.0,6200,25658.86,,,draft,Solar Kit|Neosolar,3,1,10,0,Solar Kit Hybrid
,,1,48,kits,BRL,Neosolar,NEO-26796,https://portal.zydon.com.br/api/files/00cf42b6-339f-43ba-94af-aed253da21e8/content?ingress=portalb2b.neosolar.com.br,,,,1,"Kit Energia Solar On Grid Híbrido - 6,2kWp 4,8kWh Lítio 48V (26796)",,,620,10,2.0,6200,23608.96,,,draft,Solar Kit|Neosolar,1,1,10,0,Solar Kit Hybrid
,,1,48,kits,BRL,Neosolar,NEO-26784,https://portal.zydon.com.br/api/files/5c9b9db2-51ee-4700-a4e7-907475c78aca/content?ingress=portalb2b.neosolar.com.br,,,,1,"Kit Energia Solar On Grid Híbrido - 6,2kWp Lítio 48V (26784)",,,620,10,2.0,6200,16850.19,,,draft,Solar Kit|Neosolar,1,1,10,0,Solar Kit Hybrid
,,3,48,kits,BRL,Neosolar,NEO-26798,https://portal.zydon.com.br/api/files/07f5ef04-0804-4afd-934a-87d438d0d4cc/content?ingress=portalb2b.neosolar.com.br,,,,1,"Kit Energia Solar On Grid Híbrido - 6,2kWp 4,8kWh Lítio 48V (26798)",,,620,10,2.0,6200,32417.63,,,draft,Solar Kit|Neosolar,3,1,10,0,Solar Kit Hybrid
,,2,48,kits,BRL,Neosolar,NEO-26797,https://portal.zydon.com.br/api/files/5e4a50b9-e7ba-459d-9921-512d5509b9d4/content?ingress=portalb2b.neosolar.com.br,,,,1,"Kit Energia Solar On Grid Híbrido - 6,2kWp 4,8kWh Lítio 48V (26797)",,,620,10,2.0,6200,28013.29,,,draft,Solar Kit|Neosolar,2,1,10,0,Solar Kit Hybrid
,,4,48,kits,BRL,Neosolar,NEO-26787,https://portal.zydon.com.br/api/files/4a526551-cc7f-431c-8104-7c2a1db2f4d7/content?ingress=portalb2b.neosolar.com.br,,,,1,"Kit Energia Solar On Grid Híbrido - 6,2kWp Lítio 48V (26787)",,,620,10,2.0,6200,0,,,draft,Solar Kit|Neosolar,4,1,10,0,Solar Kit Hybrid
,,1,48,kits,BRL,Neosolar,NEO-26670,https://portalb2b.neosolar.com.br/b2b-noimage-white.svg,,,,1,"Kit Energia Solar On Grid Híbrido - 14.88kWp 4,8kWh Lítio 48V (26670)",,,620,24,14.88,14880,0,,,draft,Solar Kit|Neosolar,1,1,24,0,Solar Kit Hybrid
,,3,48,kits,BRL,Neosolar,NEO-26672,https://portalb2b.neosolar.com.br/b2b-noimage-white.svg,,,,1,"Kit Energia Solar On Grid Híbrido - 14.88kWp 4,8kWh Lítio 48V (26672)",,,620,24,14.88,14880,0,,,draft,Solar Kit|Neosolar,3,1,24,0,Solar Kit Hybrid
,,,,kits,BRL,Neosolar,NEO-27164,,,,,1,Kit Gerador Energia Solar 2.8kWp - Microinversor Deye c/ Wifi SUN2250 - Painel DAH Solar Estrutura Metálica,,,0,1,2.8,2800,3249.93,,,draft,Solar Kit|Neosolar,0,1,6,0,Solar Kit Grid-Tie
,,,,kits,BRL,Neosolar,NEO-27027,,,,,2,"Kit de Energia Solar On Grid 9,3KWP-OS 10,0KW LI Estrutura p/ Cerâmica",,,565,20,3.0,11300,13121.37,,,draft,Solar Kit|Neosolar,0,2,20,0,Solar Kit Grid-Tie
,,,,kits,BRL,Neosolar,NEO-27036,,,,,3,"Kit de Energia Solar On Grid 11,86KWP-OS 10,0KW LI c/ Estrutura p/ Madeira",,,565,21,86.0,11865,16906.47,,,draft,Solar Kit|Neosolar,0,3,21,0,Solar Kit Grid-Tie
,,,,kits,BRL,Neosolar,NEO-27025,,,,,2,"Kit de Energia Solar On Grid 9,3KWP-OS 10,0KW LI s/ Estrutura",,,565,20,3.0,11300,12377.37,,,draft,Solar Kit|Neosolar,0,2,20,0,Solar Kit Grid-Tie
,,,,kits,BRL,Neosolar,NEO-27015,,,,,2,"Kit de Energia Solar On Grid 7,9KWP-OS 7,5KW LI Estrutura p/ Madeira",,,565,14,9.0,7910,11270.67,,,draft,Solar Kit|Neosolar,0,2,14,0,Solar Kit Grid-Tie
,,,,kits,BRL,Neosolar,NEO-27013,,,,,2,"Kit de Energia Solar On Grid 7,9KWP-OS 7,5KW LI Estrutura p/ Cerâmica",,,565,14,9.0,7910,11270.67,,,draft,Solar Kit|Neosolar,0,2,14,0,Solar Kit Grid-Tie
,,,,kits,BRL,Neosolar,NEO-27037,,,,,3,"Kit de Energia Solar On Grid 11,86KWP-OS 10,0KW LI c/ Estrutura Metálica",,,565,21,86.0,11865,16906.47,,,draft,Solar Kit|Neosolar,0,3,21,0,Solar Kit Grid-Tie
,,,,kits,BRL,Neosolar,NEO-27022,,,,,2,"Kit de Energia Solar On Grid 8,4KWP-OS 7,5KW LI Estrutura p/ Madeira",,,565,15,4.0,8475,12023.97,,,draft,Solar Kit|Neosolar,0,2,15,0,Solar Kit Grid-Tie
,,,,kits,BRL,Neosolar,NEO-27011,,,,,2,"Kit de Energia Solar On Grid 7,9KWP-OS 7,5KW LI Estrutura s/ Estrutura",,,565,14,9.0,7910,10526.67,,,draft,Solar Kit|Neosolar,0,2,14,0,Solar Kit Grid-Tie
,,,,kits,BRL,Neosolar,NEO-27023,,,,,2,"Kit de Energia Solar On Grid 8,4KWP-OS 7,5KW LI Estrutura Metálica",,,565,15,4.0,8475,12023.97,,,draft,Solar Kit|Neosolar,0,2,15,0,Solar Kit Grid-Tie
,,,,kits,BRL,Neosolar,NEO-27016,,,,,2,"Kit de Energia Solar On Grid 7,9KWP-OS 7,5KW LI Estrutura Metálica",,,565,14,9.0,7910,11270.67,,,draft,Solar Kit|Neosolar,0,2,14,0,Solar Kit Grid-Tie
,,,,kits,BRL,Neosolar,NEO-27018,,,,,2,"Kit de Energia Solar On Grid 8,4KWP-OS 7,5KW LI Estrutura s/ Estrutura",,,565,15,4.0,8475,11279.97,,,draft,Solar Kit|Neosolar,0,2,15,0,Solar Kit Grid-Tie
,,,,kits,BRL,Neosolar,NEO-27029,,,,,2,"Kit de Energia Solar On Grid 9,3KWP-OS 10,0KW LI Estrutura p/ Madeira",,,565,20,3.0,11300,13121.37,,,draft,Solar Kit|Neosolar,0,2,20,0,Solar Kit Grid-Tie
,,,,kits,BRL,Neosolar,NEO-27034,,,,,3,"Kit de Energia Solar On Grid 11,86KWP-OS 10,0KW LI c/ Estrutura p/ Cerâmica",,,565,21,86.0,11865,16906.47,,,draft,Solar Kit|Neosolar,0,3,21,0,Solar Kit Grid-Tie
,,2,48,kits,BRL,Neosolar,NEO-26961,,,,,,"Kit de Energia Solar Off Grid c/ Inv-car - 3,4kWp 100Ah 24/220V Lítio (26961)",,,565,6,4.0,3390,0,,,draft,Solar Kit|Neosolar,2,0,6,0,Solar Kit Off-Grid
,,,,kits,BRL,Neosolar,NEO-27020,,,,,2,"Kit de Energia Solar On Grid 8,4KWP-OS 7,5KW LI Estrutura p/ Cerâmica",,,565,15,4.0,8475,12023.97,,,draft,Solar Kit|Neosolar,0,2,15,0,Solar Kit Grid-Tie
,,,,kits,BRL,Neosolar,NEO-27135,,,,,1,"Kit de Energia Solar On Grid 4,96KWP-OS 5KW LI c/ Gancho p/ Cerâmica",,,620,8,96.0,4960,7476.27,,,draft,Solar Kit|Neosolar,0,1,8,0,Solar Kit Grid-Tie
,,1,48,kits,BRL,Neosolar,NEO-26619,,,,,1,"Kit Energia Solar On Grid Híbrido - 5.08kWp 4,8kWh Lítio 48V (26619)",,,565,9,5.08,5085,22905.69,,,draft,Solar Kit|Neosolar,1,1,9,0,Solar Kit Hybrid
,,6,48,kits,BRL,Neosolar,NEO-26656,,,,,1,"Kit Energia Solar On Grid Híbrido - 9,92kWp 4,8kWh Lítio 48V (26656)",,,620,16,92.0,9920,0,,,draft,Solar Kit|Neosolar,6,1,16,0,Solar Kit Hybrid
,,4,48,kits,BRL,Neosolar,NEO-26654,,,,,1,"Kit Energia Solar On Grid Híbrido - 9,92kWp 4,8kWh Lítio 48V (26654)",,,620,16,92.0,9920,0,,,draft,Solar Kit|Neosolar,4,1,16,0,Solar Kit Hybrid
,,5,48,kits,BRL,Neosolar,NEO-26655,,,,,1,"Kit Energia Solar On Grid Híbrido - 9,92kWp 4,8kWh Lítio 48V (26655)",,,620,16,92.0,9920,0,,,draft,Solar Kit|Neosolar,5,1,16,0,Solar Kit Hybrid
,,1,48,kits,BRL,Neosolar,NEO-26651,,,,,1,"Kit Energia Solar On Grid Híbrido - 9,92kWp 4,8kWh Lítio 48V (26651)",,,620,16,92.0,9920,0,,,draft,Solar Kit|Neosolar,1,1,16,0,Solar Kit Hybrid
,,1,48,kits,BRL,Neosolar,NEO-26652,,,,,1,"Kit Energia Solar On Grid Híbrido - 9,92kWp 4,8kWh Lítio 48V (26652)",,,620,16,92.0,9920,0,,,draft,Solar Kit|Neosolar,1,1,16,0,Solar Kit Hybrid
,,1,48,kits,BRL,Neosolar,NEO-26650,,,,,1,"Kit Energia Solar On Grid Híbrido - 5,58kWp 4,8kWh Lítio 48V (26650)",,,620,9,58.0,5580,23434.46,,,draft,Solar Kit|Neosolar,1,1,9,0,Solar Kit Hybrid
,,3,48,kits,BRL,Neosolar,NEO-26665,,,,,1,"Kit Energia Solar On Grid Híbrido - 9,92kWp 4,8kWh Lítio 48V (26665)",,,620,16,92.0,9920,0,,,draft,Solar Kit|Neosolar,3,1,16,0,Solar Kit Hybrid
,,2,48,kits,BRL,Neosolar,NEO-26664,,,,,1,"Kit Energia Solar On Grid Híbrido - 9,92kWp 4,8kWh Lítio 48V (26664)",,,620,16,92.0,9920,0,,,draft,Solar Kit|Neosolar,2,1,16,0,Solar Kit Hybrid
,,1,48,kits,BRL,Neosolar,NEO-26663,,,,,1,"Kit Energia Solar On Grid Híbrido - 9,92kWp 4,8kWh Lítio 48V (26663)",,,620,16,92.0,9920,0,,,draft,Solar Kit|Neosolar,1,1,16,0,Solar Kit Hybrid
,,1,48,kits,BRL,Neosolar,NEO-26662,,,,,1,"Kit Energia Solar On Grid Híbrido - 5,58kWp 4,8kWh Lítio 48V (26662)",,,620,9,58.0,5580,25700.63,,,draft,Solar Kit|Neosolar,1,1,9,0,Solar Kit Hybrid
,,6,48,kits,BRL,Neosolar,NEO-26668,,,,,1,"Kit Energia Solar On Grid Híbrido - 9,92kWp 4,8kWh Lítio 48V (26668)",,,620,16,92.0,9920,0,,,draft,Solar Kit|Neosolar,6,1,16,0,Solar Kit Hybrid
,,4,48,kits,BRL,Neosolar,NEO-26666,,,,,1,"Kit Energia Solar On Grid Híbrido - 9,92kWp 4,8kWh Lítio 48V (26666)",,,620,16,92.0,9920,0,,,draft,Solar Kit|Neosolar,4,1,16,0,Solar Kit Hybrid
,,5,48,kits,BRL,Neosolar,NEO-26667,,,,,1,"Kit Energia Solar On Grid Híbrido - 9,92kWp 4,8kWh Lítio 48V (26667)",,,620,16,92.0,9920,0,,,draft,Solar Kit|Neosolar,5,1,16,0,Solar Kit Hybrid
,,1,48,kits,BRL,Neosolar,NEO-26788,,,,,1,"Kit Energia Solar On Grid Híbrido - 5,58kWp Lítio 48V (26788)",,,620,9,58.0,5580,21716.02,,,draft,Solar Kit|Neosolar,1,1,9,0,Solar Kit Hybrid
,,6,48,kits,BRL,Neosolar,NEO-26794,,,,,1,"Kit Energia Solar On Grid Híbrido - 9.92kWp 4,8kWh Lítio 48V (26794)",,,620,16,9.92,9920,0,,,draft,Solar Kit|Neosolar,6,1,16,0,Solar Kit Hybrid
,,3,48,kits,BRL,Neosolar,NEO-26791,,,,,1,"Kit Energia Solar On Grid Híbrido - 9.92kWp 4,8kWh Lítio 48V (26791)",,,620,16,9.92,9920,34718.8,,,draft,Solar Kit|Neosolar,3,1,16,0,Solar Kit Hybrid
,,4,48,kits,BRL,Neosolar,NEO-26792,,,,,1,"Kit Energia Solar On Grid Híbrido - 9.92kWp 4,8kWh Lítio 48V (26792)",,,620,16,9.92,9920,0,,,draft,Solar Kit|Neosolar,4,1,16,0,Solar Kit Hybrid
,,5,48,kits,BRL,Neosolar,NEO-26793,,,,,1,"Kit Energia Solar On Grid Híbrido - 9.92kWp 4,8kWh Lítio 48V (26793)",,,620,16,9.92,9920,0,,,draft,Solar Kit|Neosolar,5,1,16,0,Solar Kit Hybrid
,,2,48,kits,BRL,Neosolar,NEO-26790,,,,,1,"Kit Energia Solar On Grid Híbrido - 9.92kWp 4,8kWh Lítio 48V (26790)",,,620,16,9.92,9920,30314.46,,,draft,Solar Kit|Neosolar,2,1,16,0,Solar Kit Hybrid
,,1,48,kits,BRL,Neosolar,NEO-26789,,,,,1,"Kit Energia Solar On Grid Híbrido - 9.92kWp 4,8kWh Lítio 48V (26789)",,,620,16,9.92,9920,25910.13,,,draft,Solar Kit|Neosolar,1,1,16,0,Solar Kit Hybrid
,,1,48,kits,BRL,Neosolar,NEO-26851,,,,,1,"Kit Energia Solar On Grid Híbrido - 9.92kWp 4,8kWh Lítio 48V (26851)",,,620,16,9.92,9920,0,,,draft,Solar Kit|Neosolar,1,1,16,0,Solar Kit Hybrid
,,1,48,kits,BRL,Neosolar,NEO-26852,,,,,1,"Kit Energia Solar On Grid Híbrido - 9.92kWp 4,8kWh Lítio 48V (26852)",,,620,16,9.92,9920,0,,,draft,Solar Kit|Neosolar,1,1,16,0,Solar Kit Hybrid
,,1,48,kits,BRL,Neosolar,NEO-26850,,,,,1,"Kit Energia Solar On Grid Híbrido - 5,6kWp Lítio 48V (26850)",,,620,9,6.0,5580,22431.66,,,draft,Solar Kit|Neosolar,1,1,9,0,Solar Kit Hybrid
,,6,48,kits,BRL,Neosolar,NEO-26856,,,,,1,"Kit Energia Solar On Grid Híbrido - 9.92kWp 4,8kWh Lítio 48V (26856)",,,620,16,9.92,9920,0,,,draft,Solar Kit|Neosolar,6,1,16,0,Solar Kit Hybrid
,,3,48,kits,BRL,Neosolar,NEO-26853,,,,,1,"Kit Energia Solar On Grid Híbrido - 9.92kWp 4,8kWh Lítio 48V (26853)",,,620,16,9.92,9920,0,,,draft,Solar Kit|Neosolar,3,1,16,0,Solar Kit Hybrid
,,5,48,kits,BRL,Neosolar,NEO-26855,,,,,1,"Kit Energia Solar On Grid Híbrido - 9.92kWp 4,8kWh Lítio 48V (26855)",,,620,16,9.92,9920,0,,,draft,Solar Kit|Neosolar,5,1,16,0,Solar Kit Hybrid
,,4,48,kits,BRL,Neosolar,NEO-26854,,,,,1,"Kit Energia Solar On Grid Híbrido - 9.92kWp 4,8kWh Lítio 48V (26854)",,,620,16,9.92,9920,0,,,draft,Solar Kit|Neosolar,4,1,16,0,Solar Kit Hybrid
,,,,kits,BRL,Neosolar,NEO-26928,,,,,1,Kit Gerador Energia Solar 1.86kWp - Microinversor Deye c/ Wifi SUN2250 - Painel DAH Solar com Base P/ Laje,,,0,1,1.86,1860,2994.38,,,draft,Solar Kit|Neosolar,0,1,5,0,Solar Kit Grid-Tie
,,,,kits,BRL,Neosolar,NEO-26921,,,,,1,Kit Gerador Energia Solar 1.24kWp - Microinversor Deye c/ Wifi SUN2250 - Painel DAH Solar com Base p/ Laje,,,0,1,1.24,1240,2681.43,,,draft,Solar Kit|Neosolar,0,1,4,0,Solar Kit Grid-Tie
,,,,kits,BRL,Neosolar,NEO-26942,,,,,1,Kit Gerador Energia Solar 0.62kWp - Microinversor Deye c/ Wifi SUN2250 - Painel DAH Solar com Base P/ Laje,,,0,1,0.62,620,2261.2,,,draft,Solar Kit|Neosolar,0,1,3,0,Solar Kit Grid-Tie
,,,,kits,BRL,Neosolar,NEO-27047,,,,,3,"Kit de Energia Solar On Grid 13,02KWP-OS 10,0KW LI Estrutura c/ Mini Trilho",,,620,21,2.0,13020,18440.97,,,draft,Solar Kit|Neosolar,0,3,21,0,Solar Kit Grid-Tie
,,,,kits,BRL,Neosolar,NEO-27045,,,,,3,"Kit de Energia Solar On Grid 13,02KWP-OS 10,0KW LI Estrutura p/ Laje",,,620,21,2.0,13020,19277.97,,,draft,Solar Kit|Neosolar,0,3,21,0,Solar Kit Grid-Tie
,,,,kits,BRL,Neosolar,NEO-27050,,,,,3,"Kit de Energia Solar On Grid 13,02KWP-OS 10,0KW LI Estrutura c/ Solo",,,620,21,2.0,13020,18998.97,,,draft,Solar Kit|Neosolar,0,3,21,0,Solar Kit Grid-Tie
,,,,kits,BRL,Neosolar,NEO-27054,,,,,2,"Kit de Energia Solar On Grid 12,4KWP-OS 10,0KW LI Estrutura c/ Mini Trilho",,,620,20,4.0,12400,17436.57,,,draft,Solar Kit|Neosolar,0,2,20,0,Solar Kit Grid-Tie
,,,,kits,BRL,Neosolar,NEO-27052,,,,,2,"Kit de Energia Solar On Grid 12,4KWP-OS 10,0KW LI Estrutura p/ Laje",,,620,20,4.0,12400,18134.07,,,draft,Solar Kit|Neosolar,0,2,20,0,Solar Kit Grid-Tie
,,,,kits,BRL,Neosolar,NEO-27059,,,,,3,"Kit de Energia Solar On Grid 9,3KWP-OS 7,5KW LI Estrutura p/ Laje",,,620,15,3.0,9300,13679.37,,,draft,Solar Kit|Neosolar,0,3,15,0,Solar Kit Grid-Tie
,,,,kits,BRL,Neosolar,NEO-27057,,,,,2,"Kit de Energia Solar On Grid 12,4KWP-OS 10,0KW LI Estrutura c/ Solo",,,620,20,4.0,12400,17901.57,,,draft,Solar Kit|Neosolar,0,2,20,0,Solar Kit Grid-Tie
,,,,kits,BRL,Neosolar,NEO-27064,,,,,3,"Kit de Energia Solar On Grid 9,3KWP-OS 7,5KW LI Estrutura c/ Solo",,,620,15,3.0,9300,13493.37,,,draft,Solar Kit|Neosolar,0,3,15,0,Solar Kit Grid-Tie
,,,,kits,BRL,Neosolar,NEO-27066,,,,,2,"Kit de Energia Solar On Grid 8,6KWP-OS 7,5KW LI Estrutura p/ Laje",,,620,14,6.0,8680,12851.67,,,draft,Solar Kit|Neosolar,0,2,14,0,Solar Kit Grid-Tie
,,,,kits,BRL,Neosolar,NEO-27076,,,,,2,"Kit de Energia Solar On Grid 7,44KWP-OS 6KW LI Estrutura Metálica",,,620,12,44.0,7440,10461.57,,,draft,Solar Kit|Neosolar,0,2,12,0,Solar Kit Grid-Tie
,,,,kits,BRL,Neosolar,NEO-27072,,,,,2,"Kit de Energia Solar On Grid 7,44KWP-OS 6KW LI Estrutura p/ Laje",,,620,12,44.0,7440,10880.07,,,draft,Solar Kit|Neosolar,0,2,12,0,Solar Kit Grid-Tie
,,,,kits,BRL,Neosolar,NEO-27071,,,,,2,"Kit de Energia Solar On Grid 8,6KWP-OS 7,5KW LI Estrutura p/ Solo",,,620,14,6.0,8680,12665.67,,,draft,Solar Kit|Neosolar,0,2,14,0,Solar Kit Grid-Tie
,,,,kits,BRL,Neosolar,NEO-27077,,,,,2,"Kit de Energia Solar On Grid 7,44KWP-OS 6KW LI Estrutura c/ Solo",,,620,12,44.0,7440,10740.57,,,draft,Solar Kit|Neosolar,0,2,12,0,Solar Kit Grid-Tie
,,,,kits,BRL,Neosolar,NEO-27133,,,,,1,"Kit de Energia Solar On Grid 3,72KWP-OS 5KW LI Estrutura p/ Solo",,,620,6,72.0,3720,5885.97,,,draft,Solar Kit|Neosolar,0,1,6,0,Solar Kit Grid-Tie
,,,,kits,BRL,Neosolar,NEO-27144,,,,,2,"Kit de Energia Solar On Grid 6,20KWP-OS 5KW LI Estrutura Metálica",,,620,10,20.0,6200,9447.87,,,draft,Solar Kit|Neosolar,0,2,10,0,Solar Kit Grid-Tie
,,,,kits,BRL,Neosolar,NEO-27145,,,,,2,"Kit de Energia Solar On Grid 6,20KWP-OS 5KW LI Estrutura p/ Solo",,,620,10,20.0,6200,9726.87,,,draft,Solar Kit|Neosolar,0,2,10,0,Solar Kit Grid-Tie
,,,,kits,BRL,Neosolar,NEO-27139,,,,,1,"Kit de Energia Solar On Grid 4,96KWP-OS 5KW LI Estrutura p/ Solo",,,620,8,96.0,4960,7662.27,,,draft,Solar Kit|Neosolar,0,1,8,0,Solar Kit Grid-Tie
,,,,kits,BRL,Neosolar,NEO-26940,,,,,1,Kit Gerador Energia Solar 2.48kWp - Microinversor Deye c/ Wifi SUN2250 - Painel DAH Solar c/ Solo,,,0,1,2.48,2480,3117.86,,,draft,Solar Kit|Neosolar,0,1,6,0,Solar Kit Grid-Tie
,,,,kits,BRL,Neosolar,NEO-21607,,,,,1,"Kit Gerador Energia Solar 1,74 kWp - Microinversor Deye c/ Wifi SUN2000 - Painel OSDA Com Estrutura",,,0,74,74.0,1740,0,,,draft,Solar Kit|Neosolar,0,1,77,0,Solar Kit Grid-Tie
,,,,kits,BRL,Neosolar,NEO-21608,,,,,1,"Kit Gerador Energia Solar 1,74 kWp - Microinversor Deye c/ Wifi SUN2000 - Painel OSDA Com Estrtura",,,0,74,74.0,1740,0,,,draft,Solar Kit|Neosolar,0,1,77,0,Solar Kit Grid-Tie
,,,,kits,BRL,Neosolar,NEO-21611,,,,,1,"Kit Gerador Energia Solar 0,58 kWp - Microinversor Deye c/ Wifi SUN2000 - Painel OSDA (Metálica)",,,0,58,58.0,580,0,,,draft,Solar Kit|Neosolar,0,1,59,0,Solar Kit Grid-Tie
,,,,kits,BRL,Neosolar,NEO-21287,,,,,1,"Kit Gerador Energia Solar 1,72 kWp - Microinversor Deye c/ Wifi SUN2000 - Painel OSDA Com Estrtutura",,,0,72,72.0,1725,0,,,draft,Solar Kit|Neosolar,0,1,75,0,Solar Kit Grid-Tie
,,,,kits,BRL,Neosolar,NEO-21286,,,,,1,"Kit Gerador Energia Solar 1,78 kWp - Microinversor Deye c/ Wifi SUN2000 - Painel Luxen (Solo)",,,0,78,78.0,1785,0,,,draft,Solar Kit|Neosolar,0,1,81,0,Solar Kit Grid-Tie
,,,,kits,BRL,Neosolar,NEO-21267,,,,,1,"Kit Gerador Energia Solar 2,38 kWp - Microinversor Deye c/ Wifi SUN2000 - Painel Luxen (Solo)",,,0,38,38.0,2380,0,,,draft,Solar Kit|Neosolar,0,1,42,0,Solar Kit Grid-Tie
,,,,kits,BRL,Neosolar,NEO-21124,,,,,1,"Kit Gerador Energia Solar 2,30 kWp - Microinversor Deye c/ Wifi SUN2000 - Painel OSDA (Mini Trilho)",,,0,30,30.0,2300,0,,,draft,Solar Kit|Neosolar,0,1,34,0,Solar Kit Grid-Tie
,,,,kits,BRL,Neosolar,NEO-21609,,,,,1,"Kit Gerador Energia Solar 0,58 kWp - Microinversor Deye c/ Wifi SUN2000 - Painel OSDA (Cerâmica)",,,0,58,58.0,580,0,,,draft,Solar Kit|Neosolar,0,1,59,0,Solar Kit Grid-Tie
,,,,kits,BRL,Neosolar,NEO-21073,,,,,1,"Kit Gerador Energia Solar 1,72 kWp - Microinversor Deye c/ Wifi SUN2000 - Painel OSDA Com Estrtura",,,0,74,72.0,1740,0,,,draft,Solar Kit|Neosolar,0,1,77,0,Solar Kit Grid-Tie
,,,,kits,BRL,Neosolar,NEO-21070,,,,,1,"Kit Gerador Energia Solar 1,78 kWp - Microinversor Deye c/ Wifi SUN2000 - Painel Luxen (Metálica)",,,0,78,78.0,1785,0,,,draft,Solar Kit|Neosolar,0,1,81,0,Solar Kit Grid-Tie
,,,,kits,BRL,Neosolar,NEO-21068,,,,,1,"Kit Gerador Energia Solar 1,78 kWp - Microinversor Deye c/ Wifi SUN2000 - Painel Luxen (Cerâmica)",,,0,78,78.0,1785,0,,,draft,Solar Kit|Neosolar,0,1,81,0,Solar Kit Grid-Tie
,,,,kits,BRL,Neosolar,NEO-21071,,,,,1,"Kit Gerador Energia Solar 1,78 kWp - Microinversor Deye c/ Wifi SUN2000 - Painel Luxen (Laje)",,,0,78,78.0,1785,0,,,draft,Solar Kit|Neosolar,0,1,81,0,Solar Kit Grid-Tie
,,,,kits,BRL,Neosolar,NEO-21047,,,,,1,"Kit Gerador Energia Solar 2,30 kWp - Microinversor Deye c/ Wifi SUN2000 - Painel OSDA (Metálica)",,,0,30,30.0,2300,0,,,draft,Solar Kit|Neosolar,0,1,34,0,Solar Kit Grid-Tie
,,1,48,kits,BRL,Neosolar,NEO-27314,https://portal.zydon.com.br/api/files/cfdc6dad-4082-4bb5-878a-d9b7456395f5/content?ingress=portalb2b.neosolar.com.br,,,,1,"Kit Energia Solar Off Grid - 1,24kWp 100Ah/48V Lítio (27314)",,,620,2,24.0,1240,6896.31,,,draft,Solar Kit|Neosolar,1,1,2,0,Solar Kit Off-Grid
,,1,6,kits,BRL,Neosolar,NEO-25049,https://portal.zydon.com.br/api/files/2090556f-04e2-4644-bcfb-70480e65e3af/content?ingress=portalb2b.neosolar.com.br,,,,1,Kit Energia Solar Off Grid - 680Wp 100Ah/24V Lítio (25049),,,340,2,0.68,680,5897.16,,,draft,Solar Kit|Neosolar,1,1,2,0,Solar Kit Off-Grid
,,1,6,kits,BRL,Neosolar,NEO-27475,https://portal.zydon.com.br/api/files/af8a3c8c-1ced-4340-9ee3-950705043f59/content?ingress=portalb2b.neosolar.com.br,,,,1,Kit Energia Solar Off Grid - 680Wp 100Ah/24V Lítio (27475),,,340,2,0.68,680,5925.34,,,draft,Solar Kit|Neosolar,1,1,2,0,Solar Kit Off-Grid
,,1,6,kits,BRL,Neosolar,NEO-25164,https://portalb2b.neosolar.com.br/b2b-noimage-white.svg,,,,1,Kit Energia Solar Off Grid - 680Wp 100Ah/24V Lítio 1000W/127V Ztroon,,,340,2,0.68,680,6760.28,,,draft,Solar Kit|Neosolar,1,1,2,0,Solar Kit Off-Grid
,,2,48,kits,BRL,Neosolar,NEO-27315,,,,,1,"Kit Energia Solar Off Grid - 1,24kWp 100Ah/48V Lítio (27315)",,,620,4,24.0,2480,12909.01,,,draft,Solar Kit|Neosolar,2,1,4,0,Solar Kit Off-Grid
,,1,12,kits,BRL,Neosolar,NEO-23927,,,,,1,Kit Energia Solar Off Grid s/ Inversor - 30Wp 115/105Ah 12V Estacionária (23927),,,30,1,0.03,30,1248.54,,,draft,Solar Kit|Neosolar,1,1,1,0,Solar Kit Off-Grid
,,1,48,kits,BRL,Neosolar,NEO-27347,,,,,1,"Kit Energia Solar Off Grid - 1,24kWp 100Ah/48V Lítio - Inversor 2000W 48/127 (27347)",,,620,2,24.0,1240,0,,,draft,Solar Kit|Neosolar,1,2,2,0,Solar Kit Off-Grid
,,2,48,kits,BRL,Neosolar,NEO-27349,,,,,1,"Kit Energia Solar Off Grid - 1,24kWp 100Ah/48V Lítio  - Inversor 2000W 48/127 (27349)",,,620,4,24.0,2480,0,,,draft,Solar Kit|Neosolar,2,2,4,0,Solar Kit Off-Grid
,,1,12,kits,BRL,Neosolar,NEO-23928,,,,,1,Kit Energia Solar Off Grid s/ Inversor - 60Wp 115/105Ah 12V Estacionária (23928),,,60,1,0.06,60,1335.69,,,draft,Solar Kit|Neosolar,1,1,1,0,Solar Kit Off-Grid
,,1,12,kits,BRL,Neosolar,NEO-27339,,,,,1,Kit Energia Solar Off Grid s/ Inversor - 100Wp 115/105Ah 12V Estacionária (27339),,,100,1,0.1,100,1113.09,,,draft,Solar Kit|Neosolar,1,1,1,0,Solar Kit Off-Grid
,,1,12,kits,BRL,Neosolar,NEO-23929,,,,,1,Kit Energia Solar Off Grid s/ Inversor - 100Wp 115/105Ah 12V Estacionária (23929),,,100,1,0.1,100,1335.69,,,draft,Solar Kit|Neosolar,1,1,1,0,Solar Kit Off-Grid
,,2,12,kits,BRL,Neosolar,NEO-27476,,,,,1,Kit Energia Solar Off Grid - 680Wp 220Ah/24V (27476),,,340,2,0.68,680,4477.87,,,draft,Solar Kit|Neosolar,2,1,2,0,Solar Kit Off-Grid
,,1,12,kits,BRL,Neosolar,NEO-25131,,,,,1,Kit Energia Solar para Starlink - 10h/dia (até 1.280 Wh/dia) - Chumbo (25131),,,320,320,102.4,102400,2800.88,,,draft,Solar Kit|Neosolar,1,1,320,0,Solar Kit Off-Grid
,,1,12,kits,BRL,Neosolar,NEO-26721,,,,,1,Kit Energia Solar Off Grid s/ Inversor - 320Wp 240Ah / 220Ah 12V Estacionária (26721),,,160,2,0.32,320,2249.79,,,draft,Solar Kit|Neosolar,1,1,2,0,Solar Kit Off-Grid
,,1,12,kits,BRL,Neosolar,NEO-26720,,,,,1,Kit Energia Solar Off Grid s/ Inversor - 320Wp 240Ah / 220Ah 12V Estacionária (26720),,,160,2,0.32,320,2195.68,,,draft,Solar Kit|Neosolar,1,1,2,0,Solar Kit Off-Grid
,,1,12,kits,BRL,Neosolar,NEO-25158,,,,,1,Kit Energia Solar Off Grid - 160Wp 105Ah/12V 600W/127V Ztroon,,,160,1,0.16,160,2066.4,,,draft,Solar Kit|Neosolar,1,1,1,0,Solar Kit Off-Grid
,,2,12,kits,BRL,Neosolar,NEO-26722,,,,,1,Kit Energia Solar Off Grid s/ Inversor - 480Wp 240Ah / 220Ah 12V Estacionária (26722),,,160,3,0.48,480,4096.94,,,draft,Solar Kit|Neosolar,2,1,3,0,Solar Kit Off-Grid
,,1,48,kits,BRL,Neosolar,NEO-27348,,,,,1,"Kit Energia Solar Off Grid - 1,24kWp 100Ah/48V Lítio - Inversor 2000W 48/220 (27348)",,,620,2,24.0,1240,0,,,draft,Solar Kit|Neosolar,1,2,2,0,Solar Kit Off-Grid
,,2,48,kits,BRL,Neosolar,NEO-27378,,,,,1,"Kit Energia Solar Off Grid - 1,24kWp 100Ah/48V Lítio  - Inversor 2000W 48/220 (27378)",,,620,4,24.0,2480,13837.36,,,draft,Solar Kit|Neosolar,2,2,4,0,Solar Kit Off-Grid
,,3,12,kits,BRL,Neosolar,NEO-27313,,,,,1,Kit Energia Solar Off Grid s/ Inversor - 960Wp 240Ah / 220Ah 12V Estacionária (27313),,,160,6,0.96,960,6603.59,,,draft,Solar Kit|Neosolar,3,1,6,0,Solar Kit Off-Grid
,,1,12,kits,BRL,Neosolar,NEO-25130,,,,,1,Kit Energia Solar para Starlink - 06h/dia (até 640 Wh/dia) - Chumbo (25130),,,160,160,25.6,25600,2365.8,,,draft,Solar Kit|Neosolar,1,1,160,0,Solar Kit Off-Grid
,,2,12,kits,BRL,Neosolar,NEO-25048,,,,,1,Kit Energia Solar Off Grid - 340Wp 105Ah/24V (25048),,,340,1,0.34,340,2596.31,,,draft,Solar Kit|Neosolar,2,1,1,0,Solar Kit Off-Grid
,,1,12,kits,BRL,Neosolar,NEO-25047,,,,,1,Kit Energia Solar Off Grid - 320Wp 150Ah/12V (25047),,,160,2,0.32,320,2159.1,,,draft,Solar Kit|Neosolar,1,1,2,0,Solar Kit Off-Grid
,,2,12,kits,BRL,Neosolar,NEO-25163,,,,,1,Kit Energia Solar Off Grid - 340Wp 105Ah/24V 1000W/220V Ztroon,,,340,1,0.34,340,3511.28,,,draft,Solar Kit|Neosolar,2,1,1,0,Solar Kit Off-Grid
,,1,12,kits,BRL,Neosolar,NEO-25160,,,,,1,Kit Energia Solar Off Grid - 320Wp 150Ah/12V 600W/127V Ztroon,,,160,2,0.32,320,2808.15,,,draft,Solar Kit|Neosolar,1,1,2,0,Solar Kit Off-Grid
,,2,12,kits,BRL,Neosolar,NEO-25162,,,,,1,Kit Energia Solar Off Grid - 340Wp 105Ah/24V 1000W/127V Ztroon,,,340,1,0.34,340,3459.44,,,draft,Solar Kit|Neosolar,2,1,1,0,Solar Kit Off-Grid
,,1,48,kits,BRL,Neosolar,NEO-27267,,,,,,"Kit de Energia Solar Off Grid c/ Inv-car - 2,5kWp 100Ah 48/220V Lítio",,,620,4,5.0,2480,11193.04,,,draft,Solar Kit|Neosolar,1,0,4,0,Solar Kit Off-Grid
,,1,48,kits,BRL,Neosolar,NEO-27303,,,,,,"Kit de Energia Solar Off Grid c/ Inv-car - 2,5kWp 100Ah 48/220V Lítio",,,620,4,5.0,2480,10911.3,,,draft,Solar Kit|Neosolar,1,0,4,0,Solar Kit Off-Grid
,,1,48,kits,BRL,Neosolar,NEO-27299,,,,,,"Kit de Energia Solar Off Grid c/ Inv-car - 2,5kWp 100Ah 48/220V Lítio",,,620,4,5.0,2480,10377.48,,,draft,Solar Kit|Neosolar,1,0,4,0,Solar Kit Off-Grid
,,1,48,kits,BRL,Neosolar,NEO-27263,,,,,,"Kit de Energia Solar Off Grid c/ Inv-car - 2,5kWp 100Ah 48/220V Lítio",,,620,4,5.0,2480,10659.23,,,draft,Solar Kit|Neosolar,1,0,4,0,Solar Kit Off-Grid
,,1,48,kits,BRL,Neosolar,NEO-27259,,,,,,"Kit de Energia Solar Off Grid c/ Inv-car - 2,5kWp 100Ah 48/220V Lítio",,,620,4,5.0,2480,24612.14,,,draft,Solar Kit|Neosolar,1,0,4,0,Solar Kit Off-Grid
,,1,12,kits,BRL,Neosolar,NEO-23699,,,,,1,Kit Energia Solar para Starlink - 06h/dia (até 640 Wh/dia) - Chumbo (23699),,,160,160,25.6,25600,0,,,draft,Solar Kit|Neosolar,1,1,160,0,Solar Kit Off-Grid
,,1,12,kits,BRL,Neosolar,NEO-25129,,,,,1,Kit Energia Solar para Starlink - 06h/dia (até 640 Wh/dia) - Chumbo (25129),,,160,160,25.6,25600,2308.33,,,draft,Solar Kit|Neosolar,1,1,160,0,Solar Kit Off-Grid
,,1,12,kits,BRL,Neosolar,NEO-23703,,,,,1,Kit Energia Solar para Starlink - 10h/dia (até 1.280 Wh/dia) - Chumbo (23703),,,320,320,102.4,102400,0,,,draft,Solar Kit|Neosolar,1,1,320,0,Solar Kit Off-Grid
,,4,48,kits,BRL,Neosolar,NEO-27266,,,,,,"Kit de Energia Solar Off Grid c/ Inv-car - 5,0kWp 100Ah 48/220V Lítio",,,620,8,4.96,4960,27052.83,,,draft,Solar Kit|Neosolar,4,0,8,0,Solar Kit Off-Grid
,,2,48,kits,BRL,Neosolar,NEO-27304,,,,,,"Kit de Energia Solar Off Grid c/ Inv-car - 3,7kWp 100Ah 48/220V Lítio",,,620,6,7.0,3720,17905.56,,,draft,Solar Kit|Neosolar,2,0,6,0,Solar Kit Off-Grid
,,4,48,kits,BRL,Neosolar,NEO-27298,,,,,,"Kit de Energia Solar Off Grid c/ Inv-car - 5,0kWp 100Ah 48/220V Lítio",,,620,8,4.96,4960,33358.45,,,draft,Solar Kit|Neosolar,4,0,8,0,Solar Kit Off-Grid
,,3,48,kits,BRL,Neosolar,NEO-27297,,,,,,"Kit de Energia Solar Off Grid c/ Inv-car - 5,0kWp 100Ah 48/220V Lítio",,,620,8,4.96,4960,54731.22,,,draft,Solar Kit|Neosolar,3,0,8,0,Solar Kit Off-Grid
,,3,48,kits,BRL,Neosolar,NEO-27305,,,,,,"Kit de Energia Solar Off Grid c/ Inv-car - 5,0kWp 100Ah 48/220V Lítio",,,620,8,4.96,4960,24026.52,,,draft,Solar Kit|Neosolar,3,0,8,0,Solar Kit Off-Grid
,,4,48,kits,BRL,Neosolar,NEO-27306,,,,,,"Kit de Energia Solar Off Grid c/ Inv-car - 5,0kWp 100Ah 48/220V Lítio",,,,,0.0,0,28906.33,,,draft,Solar Kit|Neosolar,4,0,0,0,Solar Kit Off-Grid
,,3,48,kits,BRL,Neosolar,NEO-27269,,,,,,"Kit de Energia Solar Off Grid c/ Inv-car - 5,0kWp 100Ah 48/220V Lítio",,,620,8,4.96,4960,24308.27,,,draft,Solar Kit|Neosolar,3,0,8,0,Solar Kit Off-Grid
,,2,48,kits,BRL,Neosolar,NEO-27268,,,,,,"Kit de Energia Solar Off Grid c/ Inv-car - 3,7kWp 100Ah 48/220V Lítio",,,620,6,7.0,3720,18187.3,,,draft,Solar Kit|Neosolar,2,0,6,0,Solar Kit Off-Grid
,,2,48,kits,BRL,Neosolar,NEO-27300,,,,,,"Kit de Energia Solar Off Grid c/ Inv-car - 3,7kWp 100Ah 48/220V Lítio",,,620,6,7.0,3720,16837.93,,,draft,Solar Kit|Neosolar,2,0,6,0,Solar Kit Off-Grid
,,4,48,kits,BRL,Neosolar,NEO-27302,,,,,,"Kit de Energia Solar Off Grid c/ Inv-car - 5,0kWp 100Ah 48/220V Lítio",,,620,8,4.96,4960,26771.08,,,draft,Solar Kit|Neosolar,4,0,8,0,Solar Kit Off-Grid
,,3,48,kits,BRL,Neosolar,NEO-27301,,,,,,"Kit de Energia Solar Off Grid c/ Inv-car - 5,0kWp 100Ah 48/220V Lítio",,,620,8,4.96,4960,22425.08,,,draft,Solar Kit|Neosolar,3,0,8,0,Solar Kit Off-Grid
,,2,48,kits,BRL,Neosolar,NEO-27296,,,,,,"Kit de Energia Solar Off Grid c/ Inv-car - 3,7kWp 100Ah 48/220V Lítio",,,620,6,7.0,3720,40263.23,,,draft,Solar Kit|Neosolar,2,0,6,0,Solar Kit Off-Grid
,,4,48,kits,BRL,Neosolar,NEO-27270,,,,,,"Kit de Energia Solar Off Grid c/ Inv-car - 5,0kWp 100Ah 48/220V Lítio",,,620,8,4.96,4960,29188.08,,,draft,Solar Kit|Neosolar,4,0,8,0,Solar Kit Off-Grid
,,2,48,kits,BRL,Neosolar,NEO-27260,,,,,,"Kit de Energia Solar Off Grid c/ Inv-car - 3,7kWp 100Ah 48/220V Lítio",,,620,6,7.0,3720,40826.73,,,draft,Solar Kit|Neosolar,2,0,6,0,Solar Kit Off-Grid
,,3,48,kits,BRL,Neosolar,NEO-27261,,,,,,"Kit de Energia Solar Off Grid c/ Inv-car - 5,0kWp 100Ah 48/220V Lítio",,,620,8,4.96,4960,55294.7,,,draft,Solar Kit|Neosolar,3,0,8,0,Solar Kit Off-Grid
,,2,48,kits,BRL,Neosolar,NEO-27264,,,,,,"Kit de Energia Solar Off Grid c/ Inv-car - 3,7kWp 100Ah 48/220V Lítio",,,620,6,7.0,3720,17119.68,,,draft,Solar Kit|Neosolar,2,0,6,0,Solar Kit Off-Grid
,,3,48,kits,BRL,Neosolar,NEO-27265,,,,,,"Kit de Energia Solar Off Grid c/ Inv-car - 5,0kWp 100Ah 48/220V Lítio",,,620,8,4.96,4960,22706.82,,,draft,Solar Kit|Neosolar,3,0,8,0,Solar Kit Off-Grid
,,4,48,kits,BRL,Neosolar,NEO-27262,,,,,,"Kit de Energia Solar Off Grid c/ Inv-car - 5,0kWp 100Ah 48/220V Lítio",,,620,8,4.96,4960,33640.19,,,draft,Solar Kit|Neosolar,4,0,8,0,Solar Kit Off-Grid
,,1,12,kits,BRL,Neosolar,NEO-26723,,,,,1,Kit Energia Solar Off Grid s/ Inversor - 160Wp 165Ah / 150Ah 12V Estacionária (26723),,,160,1,0.16,160,1559.27,,,draft,Solar Kit|Neosolar,1,1,1,0,Solar Kit Off-Grid
,,7,48,kits,BRL,Neosolar,NEO-26701,,,,,,"Kit de Energia Solar Off Grid c/ Inv-car - 6,2kWp 100Ah 24/220V Lítio (26701)",,,620,10,2.0,6200,55013.66,,,draft,Solar Kit|Neosolar,7,0,10,0,Solar Kit Off-Grid
,,1,12,kits,BRL,Neosolar,NEO-25132,,,,,1,Kit Energia Solar para Starlink - 10h/dia (até 1.280 Wh/dia) - Chumbo (25132),,,320,320,102.4,102400,2858.35,,,draft,Solar Kit|Neosolar,1,1,320,0,Solar Kit Off-Grid
,,1,12,kits,BRL,Neosolar,NEO-25044,,,,,1,Kit Energia Solar Off Grid - 60Wp 45Ah/12V (25044),,,60,1,0.06,60,913.01,,,draft,Solar Kit|Neosolar,1,1,1,0,Solar Kit Off-Grid
,,1,12,kits,BRL,Neosolar,NEO-25045,,,,,1,Kit Energia Solar Off Grid - 100Wp 45Ah/12V (25045),,,100,1,0.1,100,928.98,,,draft,Solar Kit|Neosolar,1,1,1,0,Solar Kit Off-Grid
,,1,12,kits,BRL,Neosolar,NEO-25043,,,,,1,Kit Energia Solar Off Grid - 30Wp 45Ah/12V (25043),,,30,1,0.03,30,858.28,,,draft,Solar Kit|Neosolar,1,1,1,0,Solar Kit Off-Grid
,,1,12,kits,BRL,Neosolar,NEO-25154,,,,,1,Kit Energia Solar Off Grid - 60Wp 45Ah/12V 600W/127V Ztroon,,,60,1,0.06,60,1560.14,,,draft,Solar Kit|Neosolar,1,1,1,0,Solar Kit Off-Grid
,,1,12,kits,BRL,Neosolar,NEO-25156,,,,,1,Kit Energia Solar Off Grid - 100Wp 45Ah/12V 600W/127V Ztroon,,,100,1,0.1,100,1576.11,,,draft,Solar Kit|Neosolar,1,1,1,0,Solar Kit Off-Grid
,,2,48,kits,BRL,Neosolar,NEO-26695,,,,,,"Kit de Energia Solar Off Grid c/ Inv-car - 3,7kWp 100Ah 24/220V Lítio (26695)",,,620,6,7.0,3720,21466.24,,,draft,Solar Kit|Neosolar,2,0,6,0,Solar Kit Off-Grid
,,1,48,kits,BRL,Neosolar,NEO-26694,,,,,,"Kit de Energia Solar Off Grid c/ Inv-car - 2,5kWp 100Ah 48/220V Lítio",,,620,4,5.0,2480,14232.26,,,draft,Solar Kit|Neosolar,1,0,4,0,Solar Kit Off-Grid
,,4,48,kits,BRL,Neosolar,NEO-26698,,,,,,"Kit de Energia Solar Off Grid c/ Inv-car - 3,7kWp 100Ah 24/220V Lítio (26698)",,,620,6,7.0,3720,33679.53,,,draft,Solar Kit|Neosolar,4,0,6,0,Solar Kit Off-Grid
,,5,48,kits,BRL,Neosolar,NEO-26699,,,,,,"Kit de Energia Solar Off Grid c/ Inv-car - 6,2kWp 100Ah 24/220V Lítio (26699)",,,620,10,2.0,6200,42800.37,,,draft,Solar Kit|Neosolar,5,0,10,0,Solar Kit Off-Grid
,,3,48,kits,BRL,Neosolar,NEO-26697,,,,,,"Kit de Energia Solar Off Grid c/ Inv-car - 3,1kWp 100Ah 24/220V Lítio (26697)",,,620,5,1.0,3100,26838.52,,,draft,Solar Kit|Neosolar,3,0,5,0,Solar Kit Off-Grid
,,2,48,kits,BRL,Neosolar,NEO-26696,,,,,,"Kit de Energia Solar Off Grid c/ Inv-car - 1,9kWp 100Ah 24/220V Lítio (26696)",,,620,3,9.0,1860,19604.52,,,draft,Solar Kit|Neosolar,2,0,3,0,Solar Kit Off-Grid
,,6,48,kits,BRL,Neosolar,NEO-26700,,,,,,"Kit de Energia Solar Off Grid c/ Inv-car - 6,2kWp 100Ah 24/220V Lítio (26700)",,,620,10,2.0,6200,48793.21,,,draft,Solar Kit|Neosolar,6,0,10,0,Solar Kit Off-Grid
,,2,12,kits,BRL,Neosolar,NEO-25053,,,,,1,Kit Energia Solar Off Grid - 680Wp 220Ah/24V (25053),,,340,2,0.68,680,4633.58,,,draft,Solar Kit|Neosolar,2,1,2,0,Solar Kit Off-Grid
,,1,48,kits,BRL,Neosolar,NEO-26968,,,,,,"Kit de Energia Solar Off Grid c/ Inv-car - 2,5kWp 100Ah 24/220V Lítio (26968)",,,620,4,5.0,2480,0,,,draft,Solar Kit|Neosolar,1,0,4,0,Solar Kit Off-Grid
,,7,48,kits,BRL,Neosolar,NEO-26991,,,,,,"Kit de Energia Solar Off Grid c/ Inv-car - 6,2kWp 100Ah 24/220V Lítio (26991)",,,620,10,2.0,6200,0,,,draft,Solar Kit|Neosolar,7,0,10,0,Solar Kit Off-Grid
,,7,48,kits,BRL,Neosolar,NEO-26975,,,,,,"Kit de Energia Solar Off Grid c/ Inv-car - 6,2kWp 100Ah 24/220V Lítio (26975)",,,620,10,2.0,6200,0,,,draft,Solar Kit|Neosolar,7,0,10,0,Solar Kit Off-Grid
,,1,48,kits,BRL,Neosolar,NEO-26984,,,,,,"Kit de Energia Solar Off Grid c/ Inv-car - 2,5kWp 100Ah 24/220V Lítio (26984)",,,620,4,5.0,2480,0,,,draft,Solar Kit|Neosolar,1,0,4,0,Solar Kit Off-Grid
,,3,48,kits,BRL,Neosolar,NEO-26971,,,,,,"Kit de Energia Solar Off Grid c/ Inv-car - 3,1kWp 100Ah 24/220V Lítio (26971)",,,620,5,1.0,3100,0,,,draft,Solar Kit|Neosolar,3,0,5,0,Solar Kit Off-Grid
,,4,48,kits,BRL,Neosolar,NEO-26972,,,,,,"Kit de Energia Solar Off Grid c/ Inv-car - 3,7kWp 100Ah 24/220V Lítio (26972)",,,620,6,7.0,3720,0,,,draft,Solar Kit|Neosolar,4,0,6,0,Solar Kit Off-Grid
,,2,48,kits,BRL,Neosolar,NEO-26969,,,,,,"Kit de Energia Solar Off Grid c/ Inv-car - 3,7kWp 100Ah 24/220V Lítio (26969)",,,620,6,7.0,3720,0,,,draft,Solar Kit|Neosolar,2,0,6,0,Solar Kit Off-Grid
,,2,48,kits,BRL,Neosolar,NEO-26970,,,,,,"Kit de Energia Solar Off Grid c/ Inv-car - 1,9kWp 100Ah 24/220V Lítio (26970)",,,620,3,9.0,1860,0,,,draft,Solar Kit|Neosolar,2,0,3,0,Solar Kit Off-Grid
,,4,48,kits,BRL,Neosolar,NEO-26988,,,,,,"Kit de Energia Solar Off Grid c/ Inv-car - 3,7kWp 100Ah 24/220V Lítio (26988)",,,620,6,7.0,3720,0,,,draft,Solar Kit|Neosolar,4,0,6,0,Solar Kit Off-Grid
,,3,48,kits,BRL,Neosolar,NEO-26987,,,,,,"Kit de Energia Solar Off Grid c/ Inv-car - 3,1kWp 100Ah 24/220V Lítio (26987)",,,620,5,1.0,3100,0,,,draft,Solar Kit|Neosolar,3,0,5,0,Solar Kit Off-Grid
,,2,48,kits,BRL,Neosolar,NEO-26986,,,,,,"Kit de Energia Solar Off Grid c/ Inv-car - 1,9kWp 100Ah 24/220V Lítio (26986)",,,620,3,9.0,1860,0,,,draft,Solar Kit|Neosolar,2,0,3,0,Solar Kit Off-Grid
,,2,48,kits,BRL,Neosolar,NEO-26985,,,,,,"Kit de Energia Solar Off Grid c/ Inv-car - 3,7kWp 100Ah 24/220V Lítio (26985)",,,620,6,7.0,3720,0,,,draft,Solar Kit|Neosolar,2,0,6,0,Solar Kit Off-Grid
,,1,48,kits,BRL,Neosolar,NEO-27314,https://portal.zydon.com.br/api/files/cfdc6dad-4082-4bb5-878a-d9b7456395f5/content?ingress=portalb2b.neosolar.com.br,,,,1,"Kit Energia Solar Off Grid - 1,24kWp 100Ah/48V Lítio (27314)",,,620,2,24.0,1240,6896.31,,,draft,Solar Kit|Neosolar,1,1,2,0,Solar Kit Off-Grid
,,1,6,kits,BRL,Neosolar,NEO-25049,https://portal.zydon.com.br/api/files/2090556f-04e2-4644-bcfb-70480e65e3af/content?ingress=portalb2b.neosolar.com.br,,,,1,Kit Energia Solar Off Grid - 680Wp 100Ah/24V Lítio (25049),,,340,2,0.68,680,5897.16,,,draft,Solar Kit|Neosolar,1,1,2,0,Solar Kit Off-Grid
,,1,6,kits,BRL,Neosolar,NEO-27475,https://portal.zydon.com.br/api/files/af8a3c8c-1ced-4340-9ee3-950705043f59/content?ingress=portalb2b.neosolar.com.br,,,,1,Kit Energia Solar Off Grid - 680Wp 100Ah/24V Lítio (27475),,,340,2,0.68,680,5925.34,,,draft,Solar Kit|Neosolar,1,1,2,0,Solar Kit Off-Grid
,,1,6,kits,BRL,Neosolar,NEO-25164,https://portalb2b.neosolar.com.br/b2b-noimage-white.svg,,,,1,Kit Energia Solar Off Grid - 680Wp 100Ah/24V Lítio 1000W/127V Ztroon,,,340,2,0.68,680,6760.28,,,draft,Solar Kit|Neosolar,1,1,2,0,Solar Kit Off-Grid
,,2,48,kits,BRL,Neosolar,NEO-27315,https://portal.zydon.com.br/api/files/b8854855-516a-437d-80be-3d7b80099cd0/content?ingress=portalb2b.neosolar.com.br,,,,1,"Kit Energia Solar Off Grid - 1,24kWp 100Ah/48V Lítio (27315)",,,620,4,24.0,2480,12909.01,,,draft,Solar Kit|Neosolar,2,1,4,0,Solar Kit Off-Grid
,,1,12,kits,BRL,Neosolar,NEO-23927,https://portal.zydon.com.br/api/files/83064596-0d87-4e31-9a51-3567bef61e6c/content?ingress=portalb2b.neosolar.com.br,,,,1,Kit Energia Solar Off Grid s/ Inversor - 30Wp 115/105Ah 12V Estacionária (23927),,,30,1,0.03,30,1248.54,,,draft,Solar Kit|Neosolar,1,1,1,0,Solar Kit Off-Grid
,,1,48,kits,BRL,Neosolar,NEO-27347,https://portal.zydon.com.br/api/files/2e6540f2-a35f-407e-b7e4-289e7b750caf/content?ingress=portalb2b.neosolar.com.br,,,,1,"Kit Energia Solar Off Grid - 1,24kWp 100Ah/48V Lítio - Inversor 2000W 48/127 (27347)",,,620,2,24.0,1240,0,,,draft,Solar Kit|Neosolar,1,2,2,0,Solar Kit Off-Grid
,,2,48,kits,BRL,Neosolar,NEO-27349,https://portal.zydon.com.br/api/files/068f88cc-b9e3-40c6-8445-804d8973a3ec/content?ingress=portalb2b.neosolar.com.br,,,,1,"Kit Energia Solar Off Grid - 1,24kWp 100Ah/48V Lítio  - Inversor 2000W 48/127 (27349)",,,620,4,24.0,2480,0,,,draft,Solar Kit|Neosolar,2,2,4,0,Solar Kit Off-Grid
,,1,12,kits,BRL,Neosolar,NEO-23928,https://portal.zydon.com.br/api/files/3711c72b-e21a-441a-bf0e-7c2a9047e7f0/content?ingress=portalb2b.neosolar.com.br,,,,1,Kit Energia Solar Off Grid s/ Inversor - 60Wp 115/105Ah 12V Estacionária (23928),,,60,1,0.06,60,1335.69,,,draft,Solar Kit|Neosolar,1,1,1,0,Solar Kit Off-Grid
,,1,12,kits,BRL,Neosolar,NEO-27339,https://portal.zydon.com.br/api/files/71d09171-d95d-414b-8098-c8aa51a9e7a1/content?ingress=portalb2b.neosolar.com.br,,,,1,Kit Energia Solar Off Grid s/ Inversor - 100Wp 115/105Ah 12V Estacionária (27339),,,100,1,0.1,100,1113.09,,,draft,Solar Kit|Neosolar,1,1,1,0,Solar Kit Off-Grid
,,1,12,kits,BRL,Neosolar,NEO-23929,https://portal.zydon.com.br/api/files/e69b0418-7f5a-4cbb-b192-4d3c85469019/content?ingress=portalb2b.neosolar.com.br,,,,1,Kit Energia Solar Off Grid s/ Inversor - 100Wp 115/105Ah 12V Estacionária (23929),,,100,1,0.1,100,1335.69,,,draft,Solar Kit|Neosolar,1,1,1,0,Solar Kit Off-Grid
,,2,12,kits,BRL,Neosolar,NEO-27476,https://portal.zydon.com.br/api/files/b0796b0b-50fb-4517-bda9-fdc52d918e47/content?ingress=portalb2b.neosolar.com.br,,,,1,Kit Energia Solar Off Grid - 680Wp 220Ah/24V (27476),,,340,2,0.68,680,4477.87,,,draft,Solar Kit|Neosolar,2,1,2,0,Solar Kit Off-Grid
,,1,12,kits,BRL,Neosolar,NEO-25131,https://portal.zydon.com.br/api/files/13b8f6d1-0f3b-40a9-a10e-2435a4a9f3d6/content?ingress=portalb2b.neosolar.com.br,,,,1,Kit Energia Solar para Starlink - 10h/dia (até 1.280 Wh/dia) - Chumbo (25131),,,320,320,102.4,102400,2800.88,,,draft,Solar Kit|Neosolar,1,1,320,0,Solar Kit Off-Grid
,,1,12,kits,BRL,Neosolar,NEO-26721,https://portal.zydon.com.br/api/files/1d885ade-f87c-444a-9380-cb1f1ea67062/content?ingress=portalb2b.neosolar.com.br,,,,1,Kit Energia Solar Off Grid s/ Inversor - 320Wp 240Ah / 220Ah 12V Estacionária (26721),,,160,2,0.32,320,2249.79,,,draft,Solar Kit|Neosolar,1,1,2,0,Solar Kit Off-Grid
,,1,12,kits,BRL,Neosolar,NEO-26720,https://portal.zydon.com.br/api/files/98d12825-13dc-47f1-b454-38628d4805cc/content?ingress=portalb2b.neosolar.com.br,,,,1,Kit Energia Solar Off Grid s/ Inversor - 320Wp 240Ah / 220Ah 12V Estacionária (26720),,,160,2,0.32,320,2195.68,,,draft,Solar Kit|Neosolar,1,1,2,0,Solar Kit Off-Grid
,,1,12,kits,BRL,Neosolar,NEO-25158,https://portalb2b.neosolar.com.br/b2b-noimage-white.svg,,,,1,Kit Energia Solar Off Grid - 160Wp 105Ah/12V 600W/127V Ztroon,,,160,1,0.16,160,2066.4,,,draft,Solar Kit|Neosolar,1,1,1,0,Solar Kit Off-Grid
,,2,12,kits,BRL,Neosolar,NEO-26722,https://portal.zydon.com.br/api/files/338fea19-d94b-4866-bd79-e01a9b4248d4/content?ingress=portalb2b.neosolar.com.br,,,,1,Kit Energia Solar Off Grid s/ Inversor - 480Wp 240Ah / 220Ah 12V Estacionária (26722),,,160,3,0.48,480,4096.94,,,draft,Solar Kit|Neosolar,2,1,3,0,Solar Kit Off-Grid
,,1,48,kits,BRL,Neosolar,NEO-27348,https://portal.zydon.com.br/api/files/24a67454-08a7-465c-af1f-dea016e95f76/content?ingress=portalb2b.neosolar.com.br,,,,1,"Kit Energia Solar Off Grid - 1,24kWp 100Ah/48V Lítio - Inversor 2000W 48/220 (27348)",,,620,2,24.0,1240,0,,,draft,Solar Kit|Neosolar,1,2,2,0,Solar Kit Off-Grid
,,2,48,kits,BRL,Neosolar,NEO-27378,https://portal.zydon.com.br/api/files/4043f6be-13f7-46b6-bb4f-c539af5b5e4e/content?ingress=portalb2b.neosolar.com.br,,,,1,"Kit Energia Solar Off Grid - 1,24kWp 100Ah/48V Lítio  - Inversor 2000W 48/220 (27378)",,,620,4,24.0,2480,13837.36,,,draft,Solar Kit|Neosolar,2,2,4,0,Solar Kit Off-Grid
,,3,12,kits,BRL,Neosolar,NEO-27313,https://portal.zydon.com.br/api/files/1e0197ce-fa25-4cd6-9027-3ed34ee417ed/content?ingress=portalb2b.neosolar.com.br,,,,1,Kit Energia Solar Off Grid s/ Inversor - 960Wp 240Ah / 220Ah 12V Estacionária (27313),,,160,6,0.96,960,6603.59,,,draft,Solar Kit|Neosolar,3,1,6,0,Solar Kit Off-Grid
,,1,12,kits,BRL,Neosolar,NEO-25130,https://portal.zydon.com.br/api/files/bf5101bb-a999-4d59-bff1-ade2037fb0c1/content?ingress=portalb2b.neosolar.com.br,,,,1,Kit Energia Solar para Starlink - 06h/dia (até 640 Wh/dia) - Chumbo (25130),,,160,160,25.6,25600,2365.8,,,draft,Solar Kit|Neosolar,1,1,160,0,Solar Kit Off-Grid
,,2,12,kits,BRL,Neosolar,NEO-25048,https://portal.zydon.com.br/api/files/ea32e3c6-2ef4-4895-97a2-d290e2d3f9e4/content?ingress=portalb2b.neosolar.com.br,,,,1,Kit Energia Solar Off Grid - 340Wp 105Ah/24V (25048),,,340,1,0.34,340,2596.31,,,draft,Solar Kit|Neosolar,2,1,1,0,Solar Kit Off-Grid
,,1,12,kits,BRL,Neosolar,NEO-25047,https://portal.zydon.com.br/api/files/b68dae69-1c7c-48b3-846a-b1fb519a1652/content?ingress=portalb2b.neosolar.com.br,,,,1,Kit Energia Solar Off Grid - 320Wp 150Ah/12V (25047),,,160,2,0.32,320,2159.1,,,draft,Solar Kit|Neosolar,1,1,2,0,Solar Kit Off-Grid
,,2,12,kits,BRL,Neosolar,NEO-25163,https://portalb2b.neosolar.com.br/b2b-noimage-white.svg,,,,1,Kit Energia Solar Off Grid - 340Wp 105Ah/24V 1000W/220V Ztroon,,,340,1,0.34,340,3511.28,,,draft,Solar Kit|Neosolar,2,1,1,0,Solar Kit Off-Grid
,,1,12,kits,BRL,Neosolar,NEO-25160,https://portalb2b.neosolar.com.br/b2b-noimage-white.svg,,,,1,Kit Energia Solar Off Grid - 320Wp 150Ah/12V 600W/127V Ztroon,,,160,2,0.32,320,2808.15,,,draft,Solar Kit|Neosolar,1,1,2,0,Solar Kit Off-Grid
,,2,12,kits,BRL,Neosolar,NEO-25162,https://portalb2b.neosolar.com.br/b2b-noimage-white.svg,,,,1,Kit Energia Solar Off Grid - 340Wp 105Ah/24V 1000W/127V Ztroon,,,340,1,0.34,340,3459.44,,,draft,Solar Kit|Neosolar,2,1,1,0,Solar Kit Off-Grid
,,1,48,kits,BRL,Neosolar,NEO-27267,https://portal.zydon.com.br/api/files/4df5cd62-233e-45c5-99b8-2ccda71fbfd2/content?ingress=portalb2b.neosolar.com.br,,,,,"Kit de Energia Solar Off Grid c/ Inv-car - 2,5kWp 100Ah 48/220V Lítio",,,620,4,5.0,2480,11193.04,,,draft,Solar Kit|Neosolar,1,0,4,0,Solar Kit Off-Grid
,,1,48,kits,BRL,Neosolar,NEO-27303,https://portal.zydon.com.br/api/files/6eae8354-3174-401e-85c5-892dd8e3caaf/content?ingress=portalb2b.neosolar.com.br,,,,,"Kit de Energia Solar Off Grid c/ Inv-car - 2,5kWp 100Ah 48/220V Lítio",,,620,4,5.0,2480,10911.3,,,draft,Solar Kit|Neosolar,1,0,4,0,Solar Kit Off-Grid
,,1,48,kits,BRL,Neosolar,NEO-27299,https://portal.zydon.com.br/api/files/b857d553-0c17-4bbd-a811-1898cfb588a4/content?ingress=portalb2b.neosolar.com.br,,,,,"Kit de Energia Solar Off Grid c/ Inv-car - 2,5kWp 100Ah 48/220V Lítio",,,620,4,5.0,2480,10377.48,,,draft,Solar Kit|Neosolar,1,0,4,0,Solar Kit Off-Grid
,,1,48,kits,BRL,Neosolar,NEO-27263,https://portal.zydon.com.br/api/files/54b92be7-7e8f-4746-be90-62fd84b3f9a6/content?ingress=portalb2b.neosolar.com.br,,,,,"Kit de Energia Solar Off Grid c/ Inv-car - 2,5kWp 100Ah 48/220V Lítio",,,620,4,5.0,2480,10659.23,,,draft,Solar Kit|Neosolar,1,0,4,0,Solar Kit Off-Grid
,,1,48,kits,BRL,Neosolar,NEO-27259,https://portal.zydon.com.br/api/files/809471e3-2560-46ff-b444-344573250c32/content?ingress=portalb2b.neosolar.com.br,,,,,"Kit de Energia Solar Off Grid c/ Inv-car - 2,5kWp 100Ah 48/220V Lítio",,,620,4,5.0,2480,24612.14,,,draft,Solar Kit|Neosolar,1,0,4,0,Solar Kit Off-Grid
,,1,12,kits,BRL,Neosolar,NEO-23699,https://portal.zydon.com.br/api/files/f2a0af91-2ec7-41b6-b4ab-53827b79ac67/content?ingress=portalb2b.neosolar.com.br,,,,1,Kit Energia Solar para Starlink - 06h/dia (até 640 Wh/dia) - Chumbo (23699),,,160,160,25.6,25600,0,,,draft,Solar Kit|Neosolar,1,1,160,0,Solar Kit Off-Grid
,,1,12,kits,BRL,Neosolar,NEO-25129,https://portal.zydon.com.br/api/files/c557aa12-84bd-49e5-a646-d3fab8a563dc/content?ingress=portalb2b.neosolar.com.br,,,,1,Kit Energia Solar para Starlink - 06h/dia (até 640 Wh/dia) - Chumbo (25129),,,160,160,25.6,25600,2308.33,,,draft,Solar Kit|Neosolar,1,1,160,0,Solar Kit Off-Grid
,,1,12,kits,BRL,Neosolar,NEO-23703,https://portal.zydon.com.br/api/files/dec6fd92-f947-494a-8f78-67b07877cfef/content?ingress=portalb2b.neosolar.com.br,,,,1,Kit Energia Solar para Starlink - 10h/dia (até 1.280 Wh/dia) - Chumbo (23703),,,320,320,102.4,102400,0,,,draft,Solar Kit|Neosolar,1,1,320,0,Solar Kit Off-Grid
,,4,48,kits,BRL,Neosolar,NEO-27266,https://portal.zydon.com.br/api/files/c5fd4272-1aa2-4bea-beed-5d619310ab3b/content?ingress=portalb2b.neosolar.com.br,,,,,"Kit de Energia Solar Off Grid c/ Inv-car - 5,0kWp 100Ah 48/220V Lítio",,,620,8,4.96,4960,27052.83,,,draft,Solar Kit|Neosolar,4,0,8,0,Solar Kit Off-Grid
,,2,48,kits,BRL,Neosolar,NEO-27304,https://portal.zydon.com.br/api/files/cedcca07-1200-4524-ab3c-55fb95328188/content?ingress=portalb2b.neosolar.com.br,,,,,"Kit de Energia Solar Off Grid c/ Inv-car - 3,7kWp 100Ah 48/220V Lítio",,,620,6,7.0,3720,17905.56,,,draft,Solar Kit|Neosolar,2,0,6,0,Solar Kit Off-Grid
,,4,48,kits,BRL,Neosolar,NEO-27298,https://portal.zydon.com.br/api/files/c7d66d3a-6362-4897-b1cc-6270b89e876a/content?ingress=portalb2b.neosolar.com.br,,,,,"Kit de Energia Solar Off Grid c/ Inv-car - 5,0kWp 100Ah 48/220V Lítio",,,620,8,4.96,4960,33358.45,,,draft,Solar Kit|Neosolar,4,0,8,0,Solar Kit Off-Grid
,,3,48,kits,BRL,Neosolar,NEO-27297,https://portal.zydon.com.br/api/files/af67ea85-8afd-4126-9734-900b60a6e591/content?ingress=portalb2b.neosolar.com.br,,,,,"Kit de Energia Solar Off Grid c/ Inv-car - 5,0kWp 100Ah 48/220V Lítio",,,620,8,4.96,4960,54731.22,,,draft,Solar Kit|Neosolar,3,0,8,0,Solar Kit Off-Grid
,,3,48,kits,BRL,Neosolar,NEO-27305,,,,,,"Kit de Energia Solar Off Grid c/ Inv-car - 5,0kWp 100Ah 48/220V Lítio",,,620,8,4.96,4960,24026.52,,,draft,Solar Kit|Neosolar,3,0,8,0,Solar Kit Off-Grid
,,4,48,kits,BRL,Neosolar,NEO-27306,https://portal.zydon.com.br/api/files/571eec38-74e1-4637-9cfc-7ffc2ba692b6/content?ingress=portalb2b.neosolar.com.br,,,,,"Kit de Energia Solar Off Grid c/ Inv-car - 5,0kWp 100Ah 48/220V Lítio",,,,,0.0,0,28906.33,,,draft,Solar Kit|Neosolar,4,0,0,0,Solar Kit Off-Grid
,,3,48,kits,BRL,Neosolar,NEO-27269,https://portal.zydon.com.br/api/files/59fc8d02-fe75-4490-ad09-2c7f79b8969f/content?ingress=portalb2b.neosolar.com.br,,,,,"Kit de Energia Solar Off Grid c/ Inv-car - 5,0kWp 100Ah 48/220V Lítio",,,620,8,4.96,4960,24308.27,,,draft,Solar Kit|Neosolar,3,0,8,0,Solar Kit Off-Grid
,,2,48,kits,BRL,Neosolar,NEO-27268,https://portal.zydon.com.br/api/files/f5b10be3-8a63-4273-b74b-3dd64022ae96/content?ingress=portalb2b.neosolar.com.br,,,,,"Kit de Energia Solar Off Grid c/ Inv-car - 3,7kWp 100Ah 48/220V Lítio",,,620,6,7.0,3720,18187.3,,,draft,Solar Kit|Neosolar,2,0,6,0,Solar Kit Off-Grid
,,2,48,kits,BRL,Neosolar,NEO-27300,https://portal.zydon.com.br/api/files/e66abee9-8f2d-4bb3-bc19-69e7634afe42/content?ingress=portalb2b.neosolar.com.br,,,,,"Kit de Energia Solar Off Grid c/ Inv-car - 3,7kWp 100Ah 48/220V Lítio",,,620,6,7.0,3720,16837.93,,,draft,Solar Kit|Neosolar,2,0,6,0,Solar Kit Off-Grid
,,4,48,kits,BRL,Neosolar,NEO-27302,https://portal.zydon.com.br/api/files/5b8956da-3ab3-41cd-9d16-5de703e77ed9/content?ingress=portalb2b.neosolar.com.br,,,,,"Kit de Energia Solar Off Grid c/ Inv-car - 5,0kWp 100Ah 48/220V Lítio",,,620,8,4.96,4960,26771.08,,,draft,Solar Kit|Neosolar,4,0,8,0,Solar Kit Off-Grid
,,3,48,kits,BRL,Neosolar,NEO-27301,,,,,,"Kit de Energia Solar Off Grid c/ Inv-car - 5,0kWp 100Ah 48/220V Lítio",,,620,8,4.96,4960,22425.08,,,draft,Solar Kit|Neosolar,3,0,8,0,Solar Kit Off-Grid
,,2,48,kits,BRL,Neosolar,NEO-27296,https://portal.zydon.com.br/api/files/563ee4c0-edcc-4be2-9205-3feaa5032f26/content?ingress=portalb2b.neosolar.com.br,,,,,"Kit de Energia Solar Off Grid c/ Inv-car - 3,7kWp 100Ah 48/220V Lítio",,,620,6,7.0,3720,40263.23,,,draft,Solar Kit|Neosolar,2,0,6,0,Solar Kit Off-Grid
,,4,48,kits,BRL,Neosolar,NEO-27270,https://portal.zydon.com.br/api/files/adfd0473-7fc7-4450-ae02-888ba94d2c7e/content?ingress=portalb2b.neosolar.com.br,,,,,"Kit de Energia Solar Off Grid c/ Inv-car - 5,0kWp 100Ah 48/220V Lítio",,,620,8,4.96,4960,29188.08,,,draft,Solar Kit|Neosolar,4,0,8,0,Solar Kit Off-Grid
,,2,48,kits,BRL,Neosolar,NEO-27260,https://portal.zydon.com.br/api/files/07e99164-db97-4bac-aff1-b2503b25324a/content?ingress=portalb2b.neosolar.com.br,,,,,"Kit de Energia Solar Off Grid c/ Inv-car - 3,7kWp 100Ah 48/220V Lítio",,,620,6,7.0,3720,40826.73,,,draft,Solar Kit|Neosolar,2,0,6,0,Solar Kit Off-Grid
,,3,48,kits,BRL,Neosolar,NEO-27261,https://portal.zydon.com.br/api/files/9d1f4672-2fbf-4580-888d-1b75b343596d/content?ingress=portalb2b.neosolar.com.br,,,,,"Kit de Energia Solar Off Grid c/ Inv-car - 5,0kWp 100Ah 48/220V Lítio",,,620,8,4.96,4960,55294.7,,,draft,Solar Kit|Neosolar,3,0,8,0,Solar Kit Off-Grid
,,2,48,kits,BRL,Neosolar,NEO-27264,https://portal.zydon.com.br/api/files/1707ae1c-db56-4d8a-9c7d-e75571502132/content?ingress=portalb2b.neosolar.com.br,,,,,"Kit de Energia Solar Off Grid c/ Inv-car - 3,7kWp 100Ah 48/220V Lítio",,,620,6,7.0,3720,17119.68,,,draft,Solar Kit|Neosolar,2,0,6,0,Solar Kit Off-Grid
,,3,48,kits,BRL,Neosolar,NEO-27265,https://portal.zydon.com.br/api/files/db69d46b-d292-4c9d-8408-814f31108a00/content?ingress=portalb2b.neosolar.com.br,,,,,"Kit de Energia Solar Off Grid c/ Inv-car - 5,0kWp 100Ah 48/220V Lítio",,,620,8,4.96,4960,22706.82,,,draft,Solar Kit|Neosolar,3,0,8,0,Solar Kit Off-Grid
,,4,48,kits,BRL,Neosolar,NEO-27262,https://portal.zydon.com.br/api/files/dfa9ce23-9c5e-44d3-b38b-41a7339bc866/content?ingress=portalb2b.neosolar.com.br,,,,,"Kit de Energia Solar Off Grid c/ Inv-car - 5,0kWp 100Ah 48/220V Lítio",,,620,8,4.96,4960,33640.19,,,draft,Solar Kit|Neosolar,4,0,8,0,Solar Kit Off-Grid
,,1,12,kits,BRL,Neosolar,NEO-26723,https://portal.zydon.com.br/api/files/97d04123-c3a4-4d99-9480-9b8592c0cb6a/content?ingress=portalb2b.neosolar.com.br,,,,1,Kit Energia Solar Off Grid s/ Inversor - 160Wp 165Ah / 150Ah 12V Estacionária (26723),,,160,1,0.16,160,1559.27,,,draft,Solar Kit|Neosolar,1,1,1,0,Solar Kit Off-Grid
,,7,48,kits,BRL,Neosolar,NEO-26701,https://portal.zydon.com.br/api/files/77621f15-e3c5-4ffa-abb6-36d7c8f7dae7/content?ingress=portalb2b.neosolar.com.br,,,,,"Kit de Energia Solar Off Grid c/ Inv-car - 6,2kWp 100Ah 24/220V Lítio (26701)",,,620,10,2.0,6200,55013.66,,,draft,Solar Kit|Neosolar,7,0,10,0,Solar Kit Off-Grid
,,1,12,kits,BRL,Neosolar,NEO-25132,https://portal.zydon.com.br/api/files/eef61176-9ca2-4a16-bb62-0de71b8b738d/content?ingress=portalb2b.neosolar.com.br,,,,1,Kit Energia Solar para Starlink - 10h/dia (até 1.280 Wh/dia) - Chumbo (25132),,,320,320,102.4,102400,2858.35,,,draft,Solar Kit|Neosolar,1,1,320,0,Solar Kit Off-Grid
,,1,12,kits,BRL,Neosolar,NEO-25044,https://portal.zydon.com.br/api/files/37894d52-0c9f-4ff8-bc0b-ff7f7527425a/content?ingress=portalb2b.neosolar.com.br,,,,1,Kit Energia Solar Off Grid - 60Wp 45Ah/12V (25044),,,60,1,0.06,60,913.01,,,draft,Solar Kit|Neosolar,1,1,1,0,Solar Kit Off-Grid
,,1,12,kits,BRL,Neosolar,NEO-25045,https://portal.zydon.com.br/api/files/4c1cd2a4-283f-4d91-8836-3ac7071dbb58/content?ingress=portalb2b.neosolar.com.br,,,,1,Kit Energia Solar Off Grid - 100Wp 45Ah/12V (25045),,,100,1,0.1,100,928.98,,,draft,Solar Kit|Neosolar,1,1,1,0,Solar Kit Off-Grid
,,1,12,kits,BRL,Neosolar,NEO-25043,https://portal.zydon.com.br/api/files/7959d3d6-18a3-4766-b2a3-03575b653b2d/content?ingress=portalb2b.neosolar.com.br,,,,1,Kit Energia Solar Off Grid - 30Wp 45Ah/12V (25043),,,30,1,0.03,30,858.28,,,draft,Solar Kit|Neosolar,1,1,1,0,Solar Kit Off-Grid
,,1,12,kits,BRL,Neosolar,NEO-25154,https://portalb2b.neosolar.com.br/b2b-noimage-white.svg,,,,1,Kit Energia Solar Off Grid - 60Wp 45Ah/12V 600W/127V Ztroon,,,60,1,0.06,60,1560.14,,,draft,Solar Kit|Neosolar,1,1,1,0,Solar Kit Off-Grid
,,1,12,kits,BRL,Neosolar,NEO-25156,https://portalb2b.neosolar.com.br/b2b-noimage-white.svg,,,,1,Kit Energia Solar Off Grid - 100Wp 45Ah/12V 600W/127V Ztroon,,,100,1,0.1,100,1576.11,,,draft,Solar Kit|Neosolar,1,1,1,0,Solar Kit Off-Grid
,,2,48,kits,BRL,Neosolar,NEO-26695,https://portal.zydon.com.br/api/files/02f12091-0c0a-451c-8b9a-9d6aa9067b37/content?ingress=portalb2b.neosolar.com.br,,,,,"Kit de Energia Solar Off Grid c/ Inv-car - 3,7kWp 100Ah 24/220V Lítio (26695)",,,620,6,7.0,3720,21466.24,,,draft,Solar Kit|Neosolar,2,0,6,0,Solar Kit Off-Grid
,,1,48,kits,BRL,Neosolar,NEO-26694,https://portal.zydon.com.br/api/files/674821ee-b9a8-4648-9db8-45c2704cf5c1/content?ingress=portalb2b.neosolar.com.br,,,,,"Kit de Energia Solar Off Grid c/ Inv-car - 2,5kWp 100Ah 48/220V Lítio",,,620,4,5.0,2480,14232.26,,,draft,Solar Kit|Neosolar,1,0,4,0,Solar Kit Off-Grid
,,4,48,kits,BRL,Neosolar,NEO-26698,https://portal.zydon.com.br/api/files/95eb91ee-3352-4702-b104-a1bdc66b1c20/content?ingress=portalb2b.neosolar.com.br,,,,,"Kit de Energia Solar Off Grid c/ Inv-car - 3,7kWp 100Ah 24/220V Lítio (26698)",,,620,6,7.0,3720,33679.53,,,draft,Solar Kit|Neosolar,4,0,6,0,Solar Kit Off-Grid
,,5,48,kits,BRL,Neosolar,NEO-26699,https://portal.zydon.com.br/api/files/bc9942ac-abe6-4df5-9309-0106d7e1c7c1/content?ingress=portalb2b.neosolar.com.br,,,,,"Kit de Energia Solar Off Grid c/ Inv-car - 6,2kWp 100Ah 24/220V Lítio (26699)",,,620,10,2.0,6200,42800.37,,,draft,Solar Kit|Neosolar,5,0,10,0,Solar Kit Off-Grid
,,3,48,kits,BRL,Neosolar,NEO-26697,https://portal.zydon.com.br/api/files/3d25b276-df8c-493d-b81e-0198b55c1b66/content?ingress=portalb2b.neosolar.com.br,,,,,"Kit de Energia Solar Off Grid c/ Inv-car - 3,1kWp 100Ah 24/220V Lítio (26697)",,,620,5,1.0,3100,26838.52,,,draft,Solar Kit|Neosolar,3,0,5,0,Solar Kit Off-Grid
,,2,48,kits,BRL,Neosolar,NEO-26696,https://portal.zydon.com.br/api/files/b25025f7-5a76-4353-80bd-8f1b673e0215/content?ingress=portalb2b.neosolar.com.br,,,,,"Kit de Energia Solar Off Grid c/ Inv-car - 1,9kWp 100Ah 24/220V Lítio (26696)",,,620,3,9.0,1860,19604.52,,,draft,Solar Kit|Neosolar,2,0,3,0,Solar Kit Off-Grid
,,6,48,kits,BRL,Neosolar,NEO-26700,https://portal.zydon.com.br/api/files/d2fc71b6-85bd-44bc-b4cb-e66892bc9044/content?ingress=portalb2b.neosolar.com.br,,,,,"Kit de Energia Solar Off Grid c/ Inv-car - 6,2kWp 100Ah 24/220V Lítio (26700)",,,620,10,2.0,6200,48793.21,,,draft,Solar Kit|Neosolar,6,0,10,0,Solar Kit Off-Grid
,,2,12,kits,BRL,Neosolar,NEO-25053,https://portal.zydon.com.br/api/files/cbedc1f2-f5a1-456f-a3f9-45152c6f2ed9/content?ingress=portalb2b.neosolar.com.br,,,,1,Kit Energia Solar Off Grid - 680Wp 220Ah/24V (25053),,,340,2,0.68,680,4633.58,,,draft,Solar Kit|Neosolar,2,1,2,0,Solar Kit Off-Grid
,,1,48,kits,BRL,Neosolar,NEO-26968,https://portal.zydon.com.br/api/files/5e05efaf-e906-478e-aecf-c3449d06dcbd/content?ingress=portalb2b.neosolar.com.br,,,,,"Kit de Energia Solar Off Grid c/ Inv-car - 2,5kWp 100Ah 24/220V Lítio (26968)",,,620,4,5.0,2480,0,,,draft,Solar Kit|Neosolar,1,0,4,0,Solar Kit Off-Grid
,,7,48,kits,BRL,Neosolar,NEO-26991,https://portal.zydon.com.br/api/files/300c2b14-0c93-463c-b01d-45e19c3575dd/content?ingress=portalb2b.neosolar.com.br,,,,,"Kit de Energia Solar Off Grid c/ Inv-car - 6,2kWp 100Ah 24/220V Lítio (26991)",,,620,10,2.0,6200,0,,,draft,Solar Kit|Neosolar,7,0,10,0,Solar Kit Off-Grid
,,7,48,kits,BRL,Neosolar,NEO-26975,https://portal.zydon.com.br/api/files/780b0379-b08d-4364-b78e-98269de37d9d/content?ingress=portalb2b.neosolar.com.br,,,,,"Kit de Energia Solar Off Grid c/ Inv-car - 6,2kWp 100Ah 24/220V Lítio (26975)",,,620,10,2.0,6200,0,,,draft,Solar Kit|Neosolar,7,0,10,0,Solar Kit Off-Grid
,,1,48,kits,BRL,Neosolar,NEO-26984,https://portal.zydon.com.br/api/files/bf81a2d8-46ee-4c08-8e52-264d526dd97c/content?ingress=portalb2b.neosolar.com.br,,,,,"Kit de Energia Solar Off Grid c/ Inv-car - 2,5kWp 100Ah 24/220V Lítio (26984)",,,620,4,5.0,2480,0,,,draft,Solar Kit|Neosolar,1,0,4,0,Solar Kit Off-Grid
,,3,48,kits,BRL,Neosolar,NEO-26971,https://portal.zydon.com.br/api/files/5801b467-d646-498f-8486-895e733d5c49/content?ingress=portalb2b.neosolar.com.br,,,,,"Kit de Energia Solar Off Grid c/ Inv-car - 3,1kWp 100Ah 24/220V Lítio (26971)",,,620,5,1.0,3100,0,,,draft,Solar Kit|Neosolar,3,0,5,0,Solar Kit Off-Grid
,,4,48,kits,BRL,Neosolar,NEO-26972,https://portal.zydon.com.br/api/files/45bae92c-1b7e-4f51-b5fb-30466040b4f4/content?ingress=portalb2b.neosolar.com.br,,,,,"Kit de Energia Solar Off Grid c/ Inv-car - 3,7kWp 100Ah 24/220V Lítio (26972)",,,620,6,7.0,3720,0,,,draft,Solar Kit|Neosolar,4,0,6,0,Solar Kit Off-Grid
,,2,48,kits,BRL,Neosolar,NEO-26969,https://portal.zydon.com.br/api/files/6aac6b46-1e2c-4ab8-96fc-8810e4c94c70/content?ingress=portalb2b.neosolar.com.br,,,,,"Kit de Energia Solar Off Grid c/ Inv-car - 3,7kWp 100Ah 24/220V Lítio (26969)",,,620,6,7.0,3720,0,,,draft,Solar Kit|Neosolar,2,0,6,0,Solar Kit Off-Grid
,,2,48,kits,BRL,Neosolar,NEO-26970,https://portal.zydon.com.br/api/files/a0758e5f-5841-4c29-80a2-cdf86cc835b4/content?ingress=portalb2b.neosolar.com.br,,,,,"Kit de Energia Solar Off Grid c/ Inv-car - 1,9kWp 100Ah 24/220V Lítio (26970)",,,620,3,9.0,1860,0,,,draft,Solar Kit|Neosolar,2,0,3,0,Solar Kit Off-Grid
,,4,48,kits,BRL,Neosolar,NEO-26988,https://portal.zydon.com.br/api/files/89e94cb3-8b98-4184-8358-2a51f2c37b34/content?ingress=portalb2b.neosolar.com.br,,,,,"Kit de Energia Solar Off Grid c/ Inv-car - 3,7kWp 100Ah 24/220V Lítio (26988)",,,620,6,7.0,3720,0,,,draft,Solar Kit|Neosolar,4,0,6,0,Solar Kit Off-Grid
,,3,48,kits,BRL,Neosolar,NEO-26987,https://portal.zydon.com.br/api/files/39524f16-af32-4ab8-a36a-486ed640779a/content?ingress=portalb2b.neosolar.com.br,,,,,"Kit de Energia Solar Off Grid c/ Inv-car - 3,1kWp 100Ah 24/220V Lítio (26987)",,,620,5,1.0,3100,0,,,draft,Solar Kit|Neosolar,3,0,5,0,Solar Kit Off-Grid
,,2,48,kits,BRL,Neosolar,NEO-26986,https://portal.zydon.com.br/api/files/df9282cd-5704-4985-85db-8a8a04479ab7/content?ingress=portalb2b.neosolar.com.br,,,,,"Kit de Energia Solar Off Grid c/ Inv-car - 1,9kWp 100Ah 24/220V Lítio (26986)",,,620,3,9.0,1860,0,,,draft,Solar Kit|Neosolar,2,0,3,0,Solar Kit Off-Grid
,,2,48,kits,BRL,Neosolar,NEO-26985,https://portal.zydon.com.br/api/files/57faf78c-278e-4087-88e2-9deb009f03cf/content?ingress=portalb2b.neosolar.com.br,,,,,"Kit de Energia Solar Off Grid c/ Inv-car - 3,7kWp 100Ah 24/220V Lítio (26985)",,,620,6,7.0,3720,0,,,draft,Solar Kit|Neosolar,2,0,6,0,Solar Kit Off-Grid
,,8,12,kits,BRL,Neosolar,NEO-24435,,,,,,"Kit de Energia Solar Nobreak c/ Inv-car - 3,51kWp 440Ah 48/220V (24435)",,,585,6,51.0,3510,0,,,draft,Solar Kit|Neosolar,8,0,6,0,Solar Kit Off-Grid
,,14,12,kits,BRL,Neosolar,NEO-24767,,,,,,"Kit de Energia Solar Nobreak c/ Inv-car - 4,27kWp 220Ah 24/220V (24767)",,,610,7,27.0,4270,0,,,draft,Solar Kit|Neosolar,14,0,7,0,Solar Kit Off-Grid
,,2,12,kits,BRL,Neosolar,NEO-24763,,,,,,"Kit de Energia Solar Nobreak c/ Inv-car - 1,83kWp 220Ah 24/220V (24763)",,,610,3,83.0,1830,0,,,draft,Solar Kit|Neosolar,2,0,3,0,Solar Kit Off-Grid
,,8,12,kits,BRL,Neosolar,NEO-24765,,,,,,"Kit de Energia Solar Nobreak c/ Inv-car - 2,44kWp 220Ah 24/220V (24765)",,,610,4,44.0,2440,0,,,draft,Solar Kit|Neosolar,8,0,4,0,Solar Kit Off-Grid
,,1,6,kits,BRL,Neosolar,NEO-24773,,,,,,"Kit de Energia Solar Off Grid c/ Inv-car - 1,83kWp 100Ah 24/220V Lítio (24773)",,,610,3,83.0,1830,0,,,draft,Solar Kit|Neosolar,1,0,3,0,Solar Kit Off-Grid
,,2,12,kits,BRL,Neosolar,NEO-24764,,,,,,"Kit de Energia Solar Nobreak c/ Inv-car - 1,83kWp 220Ah 24/220V (24764)",,,610,3,83.0,1830,0,,,draft,Solar Kit|Neosolar,2,0,3,0,Solar Kit Off-Grid
,,4,48,kits,BRL,Neosolar,NEO-24444,,,,,,"Kit de Energia Solar Nobreak c/ Inv-car - 2,17kWp 220Ah 48/220V (24444)",,,435,5,17.0,2175,0,,,draft,Solar Kit|Neosolar,4,0,5,0,Solar Kit Off-Grid
,,,,kits,BRL,Neosolar,NEO-24044,,,,,,"Kit Energia Solar Híbrido Off-Grid UP6021 1,16kWp c/ Bateria de Chumbo (24044)",,,0,16,16.0,1170,0,,,draft,Solar Kit|Neosolar,0,0,18,0,Solar Kit Off-Grid
,,,,kits,BRL,Neosolar,NEO-24031,,,,,,"Kit Energia Solar Híbrido Off-Grid UP5042 4,06kWp c/ Bateria de Chumbo (24031)",,,0,6,6.0,4095,0,,,draft,Solar Kit|Neosolar,0,0,13,0,Solar Kit Off-Grid
,,,,kits,BRL,Neosolar,NEO-24052,,,,,,"Kit Nobreak Solar Híbrido Off-Grid UP8042 4,06kWp c/ Bateria de Lítio (24052)",,,0,6,6.0,4095,0,,,draft,Solar Kit|Neosolar,0,0,13,0,Solar Kit Off-Grid
,,,,kits,BRL,Neosolar,NEO-24046,,,,,,"Kit Nobreak Solar Híbrido Off-Grid UP8042 2,32 kWp c/ Bateria de Chumbo (24046)",,,0,32,32.0,2340,0,,,draft,Solar Kit|Neosolar,0,0,36,0,Solar Kit Off-Grid
,,,,kits,BRL,Neosolar,NEO-24055,,,,,,"Kit Nobreak Solar Híbrido Off-Grid UP8041 2,32 kWp c/ Bateria de Lítio (24055)",,,0,32,32.0,2340,0,,,draft,Solar Kit|Neosolar,0,0,36,0,Solar Kit Off-Grid
,,,,kits,BRL,Neosolar,NEO-24050,,,,,,"Kit Nobreak Solar Híbrido Off-Grid UP8042 4,09 kWp c/ Bateria de Chumbo (24050)",,,0,5,9.0,4095,0,,,draft,Solar Kit|Neosolar,0,0,12,0,Solar Kit Off-Grid
,,,,kits,BRL,Neosolar,NEO-24054,,,,,,"Kit Nobreak Solar Híbrido Off-Grid UP5042 2,32 kWp c/ Bateria de Chumbo (24054)",,,0,32,32.0,2340,0,,,draft,Solar Kit|Neosolar,0,0,36,0,Solar Kit Off-Grid
,,2,48,kits,BRL,Neosolar,NEO-22694,,,,,1,Kit Energia Solar Off Grid s/ Inversor - 2.32kWp 200Ah 48V Lítio (22694),,,580,4,2.32,2320,0,,,draft,Solar Kit|Neosolar,2,1,4,0,Solar Kit Off-Grid
,,1,12,kits,BRL,Neosolar,NEO-24119,,,,,1,Kit Energia Solar Off Grid s/ Inversor - 280Wp 220Ah 12V Chumbo (24119),,,280,1,0.28,280,0,,,draft,Solar Kit|Neosolar,1,1,1,0,Solar Kit Off-Grid
,,1,48,kits,BRL,Neosolar,NEO-24556,,,,,1,Kit Energia Solar Off Grid s/ Inversor - 1.17kWp 100Ah 48V Lítio (24556),,,585,2,1.17,1170,0,,,draft,Solar Kit|Neosolar,1,1,2,0,Solar Kit Off-Grid
,,2,48,kits,BRL,Neosolar,NEO-23939,,,,,1,Kit Energia Solar Off Grid s/ Inversor - 2.220Wp 100Ah 48V Lítio (23939),,,555,4,0.22,2220,0,,,draft,Solar Kit|Neosolar,2,1,4,0,Solar Kit Off-Grid
,,2,12,kits,BRL,Neosolar,NEO-23926,,,,,1,Kit Energia Solar Off Grid s/ Inversor - 480Wp 240Ah / 220Ah 12V Estacionária (23926),,,160,3,0.48,480,0,,,draft,Solar Kit|Neosolar,2,1,3,0,Solar Kit Off-Grid
,,2,12,kits,BRL,Neosolar,NEO-23932,,,,,1,Kit Energia Solar Off Grid s/ Inversor - 480Wp 240Ah / 220Ah 12V Estacionária (23932),,,160,3,0.48,480,0,,,draft,Solar Kit|Neosolar,2,1,3,0,Solar Kit Off-Grid
,,1,12,kits,BRL,Neosolar,NEO-24165,,,,,1,Kit Energia Solar Off Grid s/ Inversor - 320Wp 240Ah / 220Ah 12V Estacionária (23931),,,160,2,0.32,320,0,,,draft,Solar Kit|Neosolar,1,1,2,0,Solar Kit Off-Grid
,,4,12,kits,BRL,Neosolar,NEO-23936,,,,,1,Kit Energia Solar Off Grid s/ Inversor - 1.120Wp 240Ah / 220Ah 12V Estacionária (23936),,,160,7,0.12,1120,0,,,draft,Solar Kit|Neosolar,4,1,7,0,Solar Kit Off-Grid
,,2,48,kits,BRL,Neosolar,NEO-23938,,,,,1,Kit Energia Solar Off Grid s/ Inversor - 1.170Wp 105Ah 48V Lítio (23938),,,585,2,0.17,1170,0,,,draft,Solar Kit|Neosolar,2,1,2,0,Solar Kit Off-Grid
,,2,12,kits,BRL,Neosolar,NEO-22657,,,,,1,Kit Energia Solar Off Grid s/ Inversor - 330Wp 440Ah 12V Chumbo (22657),,,330,1,0.33,330,0,,,draft,Solar Kit|Neosolar,2,1,1,0,Solar Kit Off-Grid
,,1,12,kits,BRL,Neosolar,NEO-22656,,,,,1,Kit Energia Solar Off Grid s/ Inversor - 330Wp 220Ah 12V Chumbo (22656),,,330,1,0.33,330,0,,,draft,Solar Kit|Neosolar,1,1,1,0,Solar Kit Off-Grid
,,4,12,kits,BRL,Neosolar,NEO-22654,,,,,1,Kit Energia Solar Off Grid s/ Inversor - 560Wp 440Ah 24V Chumbo (22654),,,280,2,0.56,560,0,,,draft,Solar Kit|Neosolar,4,1,2,0,Solar Kit Off-Grid
,,2,12,kits,BRL,Neosolar,NEO-22653,,,,,1,Kit Energia Solar Off Grid s/ Inversor - 560Wp 220Ah 24V Chumbo (22653),,,280,2,0.56,560,0,,,draft,Solar Kit|Neosolar,2,1,2,0,Solar Kit Off-Grid
,,1,12,kits,BRL,Neosolar,NEO-22649,,,,,1,Kit Energia Solar Off Grid s/ Inversor - 280Wp 220Ah 12V Chumbo (22649),,,280,1,0.28,280,0,,,draft,Solar Kit|Neosolar,1,1,1,0,Solar Kit Off-Grid
,,4,12,kits,BRL,Neosolar,NEO-22631,,,,,1,Kit Energia Solar Off Grid s/ Inversor - 660Wp 300Ah 24V Chumbo (22631),,,330,2,0.66,660,0,,,draft,Solar Kit|Neosolar,4,1,2,0,Solar Kit Off-Grid
,,6,12,kits,BRL,Neosolar,NEO-22668,,,,,1,Kit Energia Solar Off Grid s/ Inversor - 1.12kWp 660Ah 24V Chumbo (22668),,,280,4,1.12,1120,0,,,draft,Solar Kit|Neosolar,6,1,4,0,Solar Kit Off-Grid
,,2,12,kits,BRL,Neosolar,NEO-22629,,,,,1,Kit Energia Solar Off Grid s/ Inversor - 330Wp 150Ah 24V Chumbo (22629),,,330,1,0.33,330,0,,,draft,Solar Kit|Neosolar,2,1,1,0,Solar Kit Off-Grid
,,6,48,kits,BRL,Neosolar,NEO-24551,,,,,,"Kit de Energia Solar Off Grid c/ Inv-car - 5,85kWp 600Ah 48/220V Lítio (24551)",,,585,10,85.0,5850,0,,,draft,Solar Kit|Neosolar,6,0,10,0,Solar Kit Off-Grid
,,4,48,kits,BRL,Neosolar,NEO-24553,,,,,,"Kit de Energia Solar Off Grid c/ Inv-car - 3,48kWp 400Ah 48/220V Lítio",,,435,8,48.0,3480,0,,,draft,Solar Kit|Neosolar,4,0,8,0,Solar Kit Off-Grid
,,8,48,kits,BRL,Neosolar,NEO-24615,,,,,,"Kit de Energia Solar Nobreak c/ Inv-car - 3,05kWp 440Ah 48/220V (24615)",,,435,7,5.0,3045,0,,,draft,Solar Kit|Neosolar,8,0,7,0,Solar Kit Off-Grid
,,2,48,kits,BRL,Neosolar,NEO-24549,,,,,,"Kit de Energia Solar Nobreak c/ Inv-car - 3,51kWp 200Ah 48/220V Lítio",,,585,6,51.0,3510,0,,,draft,Solar Kit|Neosolar,2,0,6,0,Solar Kit Off-Grid
,,12,12,kits,BRL,Neosolar,NEO-24758,,,,,,"Kit de Energia Solar Nobreak c/ Inv-car - 3,05kWp 220Ah 48/220V (24758)",,,610,5,5.0,3050,0,,,draft,Solar Kit|Neosolar,12,0,5,0,Solar Kit Off-Grid
,,4,12,kits,BRL,Neosolar,NEO-24756,,,,,,"Kit de Energia Solar Nobreak c/ Inv-car - 2,44kWp 220Ah 48/220V (24756)",,,610,4,44.0,2440,0,,,draft,Solar Kit|Neosolar,4,0,4,0,Solar Kit Off-Grid
,,4,12,kits,BRL,Neosolar,NEO-24757,,,,,,"Kit de Energia Solar Nobreak c/ Inv-car - 2,44kWp 220Ah 48/220V (24757)",,,610,4,44.0,2440,0,,,draft,Solar Kit|Neosolar,4,0,4,0,Solar Kit Off-Grid
,,1,48,kits,BRL,Neosolar,NEO-24760,,,,,,"Kit de Energia Solar Off Grid c/ Inv-car - 2,44kWp 100Ah 48/220V Lítio (24760)",,,610,4,44.0,2440,0,,,draft,Solar Kit|Neosolar,1,0,4,0,Solar Kit Off-Grid
,,12,48,kits,BRL,Neosolar,NEO-24448,,,,,,"Kit de Energia Solar Off Grid c/ Inversor Carregador - 2,61kWp 660Ah 48/220V (24448)",,,435,6,61.0,2610,0,,,draft,Solar Kit|Neosolar,12,0,6,0,Solar Kit Off-Grid
,,8,48,kits,BRL,Neosolar,NEO-24445,,,,,,"Kit de Energia Solar Nobreak c/ Inversor Carregador - 3,48kWp 440Ah 48/220V (24445)",,,435,8,48.0,3480,0,,,draft,Solar Kit|Neosolar,8,0,8,0,Solar Kit Off-Grid
,,8,12,kits,BRL,Neosolar,NEO-24436,,,,,,"Kit de Energia Solar Nobreak c/ Inv-car - 3,51kWp 440Ah 48/220V (24436)",,,585,6,51.0,3510,0,,,draft,Solar Kit|Neosolar,8,0,6,0,Solar Kit Off-Grid
,,12,12,kits,BRL,Neosolar,NEO-24437,,,,,,"Kit de Energia Solar Off Grid c/ Inv-car - 2,93kWp 660Ah 48/220V (24437)",,,585,5,93.0,2925,0,,,draft,Solar Kit|Neosolar,12,0,5,0,Solar Kit Off-Grid
,,,,kits,BRL,Neosolar,NEO-24057,,,,,,"Kit Nobreak Solar Híbrido Off-Grid UP6021 1,16kWp c/ Bateria de Chumbo (24057)",,,0,17,16.0,1170,0,,,draft,Solar Kit|Neosolar,0,0,19,0,Solar Kit Off-Grid
,,,,kits,BRL,Neosolar,NEO-24043,,,,,,"Kit Energia Solar Híbrido Off-Grid UP8042 2,90kWp c/ Bateria de Chumbo (24043)",,,0,90,90.0,2925,0,,,draft,Solar Kit|Neosolar,0,0,95,0,Solar Kit Off-Grid
,,,,kits,BRL,Neosolar,NEO-24041,,,,,,"Kit Energia Solar Híbrido Off-Grid UP8041 2,32kWp 15kWh c/ Bateria de Lítio (24041)",,,0,32,32.0,2340,0,,,draft,Solar Kit|Neosolar,0,0,36,0,Solar Kit Off-Grid
,,,,kits,BRL,Neosolar,NEO-24058,,,,,,"Kit Nobreak Solar Híbrido Off-Grid UP8042 4,09kWp c/ Bateria de Lítio (24058)",,,0,6,9.0,4095,0,,,draft,Solar Kit|Neosolar,0,0,13,0,Solar Kit Off-Grid
,,4,12,kits,BRL,Neosolar,NEO-22680,,,,,1,Kit Energia Solar Off Grid s/ Inversor - 1.16kWp 440Ah 24V Chumbo (22680),,,580,2,1.16,1160,0,,,draft,Solar Kit|Neosolar,4,1,2,0,Solar Kit Off-Grid
,,6,12,kits,BRL,Neosolar,NEO-22681,,,,,1,Kit Energia Solar Off Grid s/ Inversor - 1.16kWp 660Ah 24V Chumbo (22681),,,580,2,1.16,1160,0,,,draft,Solar Kit|Neosolar,6,1,2,0,Solar Kit Off-Grid
,,2,12,kits,BRL,Neosolar,NEO-22672,,,,,1,Kit Energia Solar Off Grid s/ Inversor - 660Wp 220Ah 24V Chumbo (22672),,,330,2,0.66,660,0,,,draft,Solar Kit|Neosolar,2,1,2,0,Solar Kit Off-Grid
,,2,12,kits,BRL,Neosolar,NEO-22660,,,,,1,Kit Energia Solar Off Grid s/ Inversor - 330Wp 200Ah 12V Lítio (22660),,,330,1,0.33,330,0,,,draft,Solar Kit|Neosolar,2,1,1,0,Solar Kit Off-Grid
,,,,kits,BRL,Neosolar,NEO-20208,,,,,2,Kit Energia Solar Off Grid c/ Bateria 660Wp - até 2495Wh/dia,,,,,0.66,0,0,,,draft,Solar Kit|Neosolar,0,2,0,0,Solar Kit Off-Grid
,,,,kits,BRL,Neosolar,NEO-21093,,,,,,Kit Energia Solar Off Grid c/ Bateria 990Wp - até 3119Wh/dia,,,,,0.99,0,0,,,draft,Solar Kit|Neosolar,0,0,0,0,Solar Kit Off-Grid
,,,,kits,BRL,Neosolar,NEO-21822,,,,,,Kit Energia Solar Off Grid c/ Bateria 155Wp - até 488Wh/dia,,,,,0.15,0,0,,,draft,Solar Kit|Neosolar,0,0,0,0,Solar Kit Off-Grid
,,1,6,kits,BRL,Neosolar,NEO-25175,,,,,1,Kit Energia Solar Off Grid - 610Wp 100Ah/24V Lítio 2000W/220V Ztroon,,,610,1,0.61,610,0,,,draft,Solar Kit|Neosolar,1,1,1,0,Solar Kit Off-Grid
,,1,6,kits,BRL,Neosolar,NEO-25174,,,,,1,Kit Energia Solar Off Grid - 610Wp 100Ah/24V Lítio 2000W/127V Ztroon,,,610,1,0.61,610,0,,,draft,Solar Kit|Neosolar,1,1,1,0,Solar Kit Off-Grid
,,,,kits,BRL,Neosolar,NEO-23471,,,,,,"Kit Energia Solar Híbrido Off-Grid UP5042 4,09kWp c/ Bateria de Chumbo",,,0,9,9.0,4095,0,,,draft,Solar Kit|Neosolar,0,0,16,0,Solar Kit Off-Grid
,,4,48,kits,BRL,Neosolar,NEO-24810,,,,,,"Kit de Energia Solar Off Grid c/ Inv-car - 3,48kWp 400Ah 48/220V Litio (24810)",,,435,8,48.0,3480,0,,,draft,Solar Kit|Neosolar,4,0,8,0,Solar Kit Off-Grid
,,5,48,kits,BRL,Neosolar,NEO-24554,,,,,,"Kit de Energia Solar Off Grid c/ Inv-car - 5,22kWp 500Ah 48/220V Lítio",,,435,12,22.0,5220,0,,,draft,Solar Kit|Neosolar,5,0,12,0,Solar Kit Off-Grid
,,,,kits,BRL,Neosolar,NEO-24049,,,,,,"Kit Nobreak Solar Híbrido Off-Grid UP5042 4,06kWp c/ Bateria de Lítio (24049)",,,0,32,6.0,4095,0,,,draft,Solar Kit|Neosolar,0,0,39,0,Solar Kit Off-Grid
,,,,kits,BRL,Neosolar,NEO-24032,,,,,,"Kit Energia Solar Híbrido Off-Grid UP5042 4,06kWp 20kWh c/ Bateria de Lítio",,,0,6,6.0,4095,0,,,draft,Solar Kit|Neosolar,0,0,13,0,Solar Kit Off-Grid
,,,,kits,BRL,Neosolar,NEO-24047,,,,,,"Kit Nobreak Solar Híbrido Off-Grid UP8041 3,48 kWp c/ Bateria de Lítio (24047)",,,0,48,48.0,3510,0,,,draft,Solar Kit|Neosolar,0,0,54,0,Solar Kit Off-Grid
,,1,6,kits,BRL,Neosolar,NEO-25177,,,,,1,Kit Energia Solar Off Grid - 610Wp 100Ah/24V Lítio 2000W/220V Epever,,,610,1,0.61,610,7048.45,,,draft,Solar Kit|Neosolar,1,1,1,0,Solar Kit Off-Grid
,,1,6,kits,BRL,Neosolar,NEO-25172,,,,,1,Kit Energia Solar Off Grid - 610Wp 100Ah/24V Lítio 1000W/127V Ztroon,,,610,1,0.61,610,0,,,draft,Solar Kit|Neosolar,1,1,1,0,Solar Kit Off-Grid
,,1,6,kits,BRL,Neosolar,NEO-25173,,,,,1,Kit Energia Solar Off Grid - 610Wp 100Ah/24V Lítio 1000W/220V Ztroon,,,610,1,0.61,610,0,,,draft,Solar Kit|Neosolar,1,1,1,0,Solar Kit Off-Grid
,,,,kits,BRL,Neosolar,NEO-24039,,,,,,"Kit Energia Solar Híbrido Off-Grid UP5042 2,32kWp 10kWh c/ Bateria de Lítio (24039)",,,0,32,32.0,2340,0,,,draft,Solar Kit|Neosolar,0,0,36,0,Solar Kit Off-Grid
,,8,48,kits,BRL,Neosolar,NEO-24616,,,,,,"Kit de Energia Solar Nobreak c/ Inv-car - 3,05kWp 440Ah 48/220V (24616)",,,435,7,5.0,3045,0,,,draft,Solar Kit|Neosolar,8,0,7,0,Solar Kit Off-Grid
,,4,48,kits,BRL,Neosolar,NEO-24614,,,,,,"Kit de Energia Solar Nobreak c/ Inv-car - 1,74kWp 220Ah 48/220V (24614)",,,435,4,74.0,1740,0,,,draft,Solar Kit|Neosolar,4,0,4,0,Solar Kit Off-Grid
,,1,48,kits,BRL,Neosolar,NEO-24617,,,,,,"Kit de Energia Solar Nobreak c/ Inv-car - 1,74kWp 100Ah 48/220V Lítio",,,435,4,74.0,1740,0,,,draft,Solar Kit|Neosolar,1,0,4,0,Solar Kit Off-Grid
,,4,48,kits,BRL,Neosolar,NEO-24613,,,,,,"Kit de Energia Solar Nobreak c/ Inv-car - 1,74kWp 220Ah 48/220V (24613)",,,435,4,74.0,1740,0,,,draft,Solar Kit|Neosolar,4,0,4,0,Solar Kit Off-Grid
,,8,12,kits,BRL,Neosolar,NEO-24622,,,,,,"Kit de Energia Solar Off Grid c/ Inv-car - 2,61kWp 880Ah 24/220V",,,435,6,61.0,2610,0,,,draft,Solar Kit|Neosolar,8,0,6,0,Solar Kit Off-Grid
,,12,12,kits,BRL,Neosolar,NEO-24438,,,,,,"Kit de Energia Solar Off Grid c/ Inv-car - 2,93kWp 660Ah 48/220V (24438)",,,585,5,93.0,2925,0,,,draft,Solar Kit|Neosolar,12,0,5,0,Solar Kit Off-Grid
,,,,kits,BRL,Neosolar,NEO-24045,,,,,,"Kit Nobreak Solar Híbrido Off-Grid UP5042 2,34kWp c/ Bateria de Lítio (24045)",,,0,32,34.0,2340,0,,,draft,Solar Kit|Neosolar,0,0,36,0,Solar Kit Off-Grid
,,,,kits,BRL,Neosolar,NEO-23489,,,,,,"Kit Nobreak Solar Híbrido Off-Grid UP8042 4,09 kWp c/ Bateria de Chumbo",,,0,9,9.0,4095,0,,,draft,Solar Kit|Neosolar,0,0,16,0,Solar Kit Off-Grid
,,,,kits,BRL,Neosolar,NEO-23472,,,,,,"Kit Energia Solar Híbrido Off-Grid UP5042 4,09kWp 20kWh c/ Bateria de Lítio",,,0,9,9.0,4095,0,,,draft,Solar Kit|Neosolar,0,0,16,0,Solar Kit Off-Grid
,,,,kits,BRL,Neosolar,NEO-21749,,,,,,"Kit Nobreak Solar Híbrido Off-Grid UP6021 1,84kWp c/ Bateria de Chumbo",,,0,84,84.0,1840,0,,,draft,Solar Kit|Neosolar,0,0,88,0,Solar Kit Off-Grid
,,2,48,kits,BRL,Neosolar,NEO-25200,,,,,1,"Kit Energia Solar Off Grid - 2,44kWp 105Ah/48V Lítio 2000W/127V Epever",,,610,4,44.0,2440,0,,,draft,Solar Kit|Neosolar,2,1,4,0,Solar Kit Off-Grid
,,2,48,kits,BRL,Neosolar,NEO-25201,,,,,1,"Kit Energia Solar Off Grid - 2,44kWp 105Ah/48V Lítio 2000W/220V Epever",,,610,4,44.0,2440,0,,,draft,Solar Kit|Neosolar,2,1,4,0,Solar Kit Off-Grid
,,1,48,kits,BRL,Neosolar,NEO-25197,,,,,1,"Kit Energia Solar Off Grid - 1,22kWp 105Ah/48V Lítio 2000W/220V Epever",,,610,2,22.0,1220,0,,,draft,Solar Kit|Neosolar,1,1,2,0,Solar Kit Off-Grid
,,1,48,kits,BRL,Neosolar,NEO-25196,,,,,1,"Kit Energia Solar Off Grid - 1,22kWp 105Ah/48V Lítio 2000W/127V Epever",,,610,2,22.0,1220,0,,,draft,Solar Kit|Neosolar,1,1,2,0,Solar Kit Off-Grid
,,1,12,kits,BRL,Neosolar,NEO-25046,https://portal.zydon.com.br/api/files/7b6f0b2b-afd9-4fa1-8956-5e84a158ca26/content?ingress=portalb2b.neosolar.com.br,,,,1,Kit Energia Solar Off Grid - 160Wp 105Ah/12V (25046),,,160,1,0.16,160,1423.43,,,draft,Solar Kit|Neosolar,1,1,1,0,Solar Kit Off-Grid
,,2,48,kits,BRL,Neosolar,NEO-22691,https://portal.zydon.com.br/api/files/48e603cd-6d4c-4263-ba93-96468c7f7cd1/content?ingress=portalb2b.neosolar.com.br,,,,1,Kit Energia Solar Off Grid s/ Inversor - 1.38kWp 200Ah 48V Lítio (22691),,,460,3,1.38,1380,0,,,draft,Solar Kit|Neosolar,2,1,3,0,Solar Kit Off-Grid
,,1,48,kits,BRL,Neosolar,NEO-22690,https://portal.zydon.com.br/api/files/6718996f-f280-43a1-ae3e-0ec159034560/content?ingress=portalb2b.neosolar.com.br,,,,1,Kit Energia Solar Off Grid s/ Inversor - 1.38kWp 100Ah 48V Lítio (22690),,,460,3,1.38,1380,0,,,draft,Solar Kit|Neosolar,1,1,3,0,Solar Kit Off-Grid
,,8,12,kits,BRL,Neosolar,NEO-22675,,,,,1,Kit Energia Solar Off Grid s/ Inversor - 1.38kWp 440Ah 48V Chumbo (22675),,,460,3,1.38,1380,0,,,draft,Solar Kit|Neosolar,8,1,3,0,Solar Kit Off-Grid
,,2,12,kits,BRL,Neosolar,NEO-22671,,,,,1,Kit Energia Solar Off Grid s/ Inversor - 330Wp 440Ah 12V Chumbo (22671),,,330,1,0.33,330,0,,,draft,Solar Kit|Neosolar,2,1,1,0,Solar Kit Off-Grid
,,3,48,kits,BRL,Neosolar,NEO-22689,,,,,1,Kit Energia Solar Off Grid s/ Inversor - 2.32kWp 300Ah 48V Lítio (22689),,,580,4,2.32,2320,0,,,draft,Solar Kit|Neosolar,3,1,4,0,Solar Kit Off-Grid
,,2,48,kits,BRL,Neosolar,NEO-22685,,,,,1,Kit Energia Solar Off Grid s/ Inversor - 1.38kWp 200Ah 48V Lítio (22685),,,460,3,1.38,1380,0,,,draft,Solar Kit|Neosolar,2,1,3,0,Solar Kit Off-Grid
,,1,48,kits,BRL,Neosolar,NEO-22684,,,,,1,Kit Energia Solar Off Grid s/ Inversor - 1.38kWp 100Ah 48V Lítio (22684),,,460,3,1.38,1380,0,,,draft,Solar Kit|Neosolar,1,1,3,0,Solar Kit Off-Grid
,,1,48,kits,BRL,Neosolar,NEO-22692,,,,,1,Kit Energia Solar Off Grid s/ Inversor - 1.16kWp 100Ah 48V Lítio (22692),,,580,2,1.16,1160,0,,,draft,Solar Kit|Neosolar,1,1,2,0,Solar Kit Off-Grid
,,8,12,kits,BRL,Neosolar,NEO-22677,,,,,1,Kit Energia Solar Off Grid s/ Inversor - 1.16kWp 440Ah 48V Chumbo (22677),,,580,2,1.16,1160,0,,,draft,Solar Kit|Neosolar,8,1,2,0,Solar Kit Off-Grid
,,4,12,kits,BRL,Neosolar,NEO-22676,,,,,1,Kit Energia Solar Off Grid s/ Inversor - 1.16kWp 220Ah 48V Chumbo (22676),,,580,2,1.16,1160,0,,,draft,Solar Kit|Neosolar,4,1,2,0,Solar Kit Off-Grid
,,3,12,kits,BRL,Neosolar,NEO-22679,,,,,1,Kit Energia Solar Off Grid s/ Inversor - 580Wp 660Ah 12V Chumbo (22679),,,580,1,0.58,580,0,,,draft,Solar Kit|Neosolar,3,1,1,0,Solar Kit Off-Grid
,,2,12,kits,BRL,Neosolar,NEO-22663,,,,,1,Kit Energia Solar Off Grid s/ Inversor - 580Wp 440Ah 12V Chumbo (22663),,,580,1,0.58,580,0,,,draft,Solar Kit|Neosolar,2,1,1,0,Solar Kit Off-Grid
,,4,12,kits,BRL,Neosolar,NEO-26689,,,,,,"Kit de Energia Solar c/ Inv-car - 2,48kWp 220Ah 48/220V",,,620,4,48.0,2480,14734.01,,,draft,Solar Kit|Neosolar,4,0,4,0,Solar Kit Off-Grid
,,16,12,kits,BRL,Neosolar,NEO-26693,,,,,,"Kit de Energia Solar c/ Inv-car - 3,72kWp 220Ah 48/220V",,,620,6,72.0,3720,35458.96,,,draft,Solar Kit|Neosolar,16,0,6,0,Solar Kit Off-Grid
,,12,12,kits,BRL,Neosolar,NEO-26692,,,,,,"Kit de Energia Solar c/ Inv-car - 3,10kWp 220Ah 48/220V",,,620,5,10.0,3100,28343.79,,,draft,Solar Kit|Neosolar,12,0,5,0,Solar Kit Off-Grid
,,8,12,kits,BRL,Neosolar,NEO-26690,,,,,,"Kit de Energia Solar c/ Inv-car - 3,72kWp 220Ah 48/220V",,,620,6,72.0,3720,22469.76,,,draft,Solar Kit|Neosolar,8,0,6,0,Solar Kit Off-Grid
,,8,12,kits,BRL,Neosolar,NEO-26691,,,,,,"Kit de Energia Solar c/ Inv-car - 1,86kWp 220Ah 48/220V",,,620,3,86.0,1860,20608.04,,,draft,Solar Kit|Neosolar,8,0,3,0,Solar Kit Off-Grid
,,6,48,kits,BRL,Neosolar,NEO-26990,,,,,,"Kit de Energia Solar Off Grid c/ Inv-car - 6,2kWp 100Ah 24/220V Lítio (26990)",,,620,10,2.0,6200,0,,,draft,Solar Kit|Neosolar,6,0,10,0,Solar Kit Off-Grid
,,5,48,kits,BRL,Neosolar,NEO-26989,,,,,,"Kit de Energia Solar Off Grid c/ Inv-car - 6,2kWp 100Ah 24/220V Lítio (26989)",,,620,10,2.0,6200,0,,,draft,Solar Kit|Neosolar,5,0,10,0,Solar Kit Off-Grid
,,6,48,kits,BRL,Neosolar,NEO-26974,,,,,,"Kit de Energia Solar Off Grid c/ Inv-car - 6,2kWp 100Ah 24/220V Lítio (26974)",,,620,10,2.0,6200,0,,,draft,Solar Kit|Neosolar,6,0,10,0,Solar Kit Off-Grid
,,5,48,kits,BRL,Neosolar,NEO-26973,,,,,,"Kit de Energia Solar Off Grid c/ Inv-car - 6,2kWp 100Ah 24/220V Lítio (26973)",,,620,10,2.0,6200,0,,,draft,Solar Kit|Neosolar,5,0,10,0,Solar Kit Off-Grid
,,,,kits,BRL,Neosolar,NEO-21888,,,,,3,Kit Energia Solar Fotovoltaica 990Wp MPPT 24Vcc - até 3859Wh/dia,,,,,0.99,0,0,,,draft,Solar Kit|Neosolar,0,3,0,0,Solar Kit Grid-Tie
,,,,kits,BRL,Neosolar,NEO-21887,,,,,3,Kit Energia Solar Fotovoltaica 990Wp 24Vcc - até 3216Wh/dia,,,,,0.99,0,0,,,draft,Solar Kit|Neosolar,0,3,0,0,Solar Kit Grid-Tie
,,,,kits,BRL,Neosolar,NEO-21884,,,,,3,Kit Energia Solar Fotovoltaica 840Wp - até 3216Wh/dia,,,,,0.84,0,0,,,draft,Solar Kit|Neosolar,0,3,0,0,Solar Kit Grid-Tie
,,1,12,kits,BRL,Neosolar,NEO-23700,,,,,1,Kit Energia Solar para Starlink - 06h/dia (até 640 Wh/dia) - Chumbo (23700),,,160,160,25.6,25600,0,,,draft,Solar Kit|Neosolar,1,1,160,0,Solar Kit Off-Grid
,,1,12,kits,BRL,Neosolar,NEO-23704,,,,,1,Kit Energia Solar para Starlink - 10h/dia (até 1.280 Wh/dia) - Chumbo (23704),,,320,320,102.4,102400,0,,,draft,Solar Kit|Neosolar,1,1,320,0,Solar Kit Off-Grid
,,,,kits,BRL,Neosolar,NEO-21883,,,,,5,Kit Energia Solar Fotovoltaica 775Wp - até 2436Wh/dia,,,,,0.78,0,0,,,draft,Solar Kit|Neosolar,0,5,0,0,Solar Kit Grid-Tie
,,,,kits,BRL,Neosolar,NEO-21882,,,,,2,Kit Energia Solar Fotovoltaica 660Wp MPPT 24Vcc - até 2572Wh/dia,,,,,0.66,0,0,,,draft,Solar Kit|Neosolar,0,2,0,0,Solar Kit Grid-Tie
,,,,kits,BRL,Neosolar,NEO-21881,,,,,2,Kit Energia Solar Fotovoltaica 660Wp 24Vcc - até 2144Wh/dia,,,,,0.66,0,0,,,draft,Solar Kit|Neosolar,0,2,0,0,Solar Kit Grid-Tie
,,,,kits,BRL,Neosolar,NEO-21880,,,,,4,Kit Energia Solar Fotovoltaica 620Wp - até 1949Wh/dia,,,,,0.62,0,0,,,draft,Solar Kit|Neosolar,0,4,0,0,Solar Kit Grid-Tie
,,,,kits,BRL,Neosolar,NEO-21892,,,,,4,Kit Energia Solar Fotovoltaica 1.320Wp 48Vcc - até 4.080 Wh/dia,,,,,0.32,0,0,,,draft,Solar Kit|Neosolar,0,4,0,0,Solar Kit Grid-Tie
,,,,kits,BRL,Neosolar,NEO-21890,,,,,4,Kit Energia Solar Fotovoltaica 1120Wp - até 3.332Wh/dia,,,,,1.12,0,0,,,draft,Solar Kit|Neosolar,0,4,0,0,Solar Kit Grid-Tie
,,,,kits,BRL,Neosolar,NEO-21869,,,,,1,Kit Energia Solar Fotovoltaica 100Wp - até 292Wh/dia,,,,,0.1,0,0,,,draft,Solar Kit|Neosolar,0,1,0,0,Solar Kit Grid-Tie
,,,,kits,BRL,Neosolar,NEO-21878,,,,,2,Kit Energia Solar Fotovoltaica 560Wp 24Vcc - até 2144Wh/dia,,,,,0.56,0,0,,,draft,Solar Kit|Neosolar,0,2,0,0,Solar Kit Grid-Tie
,,,,kits,BRL,Neosolar,NEO-21877,,,,,3,Kit Energia Solar Fotovoltaica 465Wp - até 1462Wh/dia,,,,,0.47,0,0,,,draft,Solar Kit|Neosolar,0,3,0,0,Solar Kit Grid-Tie
,,,,kits,BRL,Neosolar,NEO-21876,,,,,1,Kit Energia Solar Fotovoltaico 330Wp MPPT 24Vcc - até 1286Wh/dia,,,,,0.33,0,0,,,draft,Solar Kit|Neosolar,0,1,0,0,Solar Kit Grid-Tie
,,,,kits,BRL,Neosolar,NEO-21875,,,,,1,Kit Energia Solar Fotovoltaica 330Wp 24Vcc - até 1072Wh/dia,,,,,0.33,0,0,,,draft,Solar Kit|Neosolar,0,1,0,0,Solar Kit Grid-Tie
,,,,kits,BRL,Neosolar,NEO-21873,,,,,2,Kit Energia Solar Fotovoltaica 310Wp - até 974Wh/dia,,,,,0.31,0,0,,,draft,Solar Kit|Neosolar,0,2,0,0,Solar Kit Grid-Tie
,,,,kits,BRL,Neosolar,NEO-21872,,,,,1,Kit Energia Solar Fotovoltaica 280Wp - até 1.072Wh/dia,,,,,0.28,0,0,,,draft,Solar Kit|Neosolar,0,1,0,0,Solar Kit Grid-Tie
,,,,kits,BRL,Neosolar,NEO-21871,,,,,1,Kit Energia Solar Fotovoltaica 155Wp - até 487Wh/dia,,,,,0.15,0,0,,,draft,Solar Kit|Neosolar,0,1,0,0,Solar Kit Grid-Tie
,,1,12,kits,BRL,Neosolar,NEO-23701,,,,,1,Kit Energia Solar para Starlink - 06h/dia (até 800 Wh/dia) - Chumbo (23701),,,200,200,40.0,40000,2479.12,,,draft,Solar Kit|Neosolar,1,1,200,0,Solar Kit Off-Grid
,,1,12,kits,BRL,Neosolar,NEO-23705,,,,,1,Kit Energia Solar para Starlink - 10h/dia (até 1.600 Wh/dia) - Chumbo (23705),,,400,400,160.0,160000,3095.07,,,draft,Solar Kit|Neosolar,1,1,400,0,Solar Kit Off-Grid
,,1,12,kits,BRL,Neosolar,NEO-23702,,,,,1,Kit Energia Solar para Starlink - 06h/dia (até 800 Wh/dia) - Chumbo (23702),,,200,200,40.0,40000,2535.66,,,draft,Solar Kit|Neosolar,1,1,200,0,Solar Kit Off-Grid
,,1,12,kits,BRL,Neosolar,NEO-23706,,,,,1,Kit Energia Solar para Starlink - 10h/dia (até 1.600 Wh/dia) - Chumbo (23706),,,400,400,160.0,160000,3124.74,,,draft,Solar Kit|Neosolar,1,1,400,0,Solar Kit Off-Grid
,,1,12,kits,BRL,Neosolar,NEO-25157,,,,,1,Kit Energia Solar Off Grid - 100Wp 45Ah/12V 600W/220V Ztroon,,,100,1,0.1,100,1645.23,,,draft,Solar Kit|Neosolar,1,1,1,0,Solar Kit Off-Grid
,,1,12,kits,BRL,Neosolar,NEO-25155,,,,,1,Kit Energia Solar Off Grid - 60Wp 45Ah/12V 600W/220V Ztroon,,,60,1,0.06,60,1629.26,,,draft,Solar Kit|Neosolar,1,1,1,0,Solar Kit Off-Grid
,,1,12,kits,BRL,Neosolar,NEO-25159,,,,,1,Kit Energia Solar Off Grid - 160Wp 105Ah/12V 600W/220V Ztroon,,,160,1,0.16,160,2135.52,,,draft,Solar Kit|Neosolar,1,1,1,0,Solar Kit Off-Grid
,,1,12,kits,BRL,Neosolar,NEO-25161,,,,,1,Kit Energia Solar Off Grid - 320Wp 150Ah/12V 600W/220V Ztroon,,,160,2,0.32,320,2877.28,,,draft,Solar Kit|Neosolar,1,1,2,0,Solar Kit Off-Grid
,,4,12,kits,BRL,Neosolar,NEO-27255,,,,,,"Kit de Energia Solar Off Grid c/ Inv-car - 2,5kWp 220Ah 24/220V Chumbo-Carbono",,,620,4,5.0,2480,25615.66,,,draft,Solar Kit|Neosolar,4,0,4,0,Solar Kit Off-Grid
,,8,12,kits,BRL,Neosolar,NEO-27256,,,,,,"Kit de Energia Solar Off Grid c/ Inv-car - 3,7kWp 220Ah 24/220V Chumbo-Carbono",,,620,6,7.0,3720,42833.75,,,draft,Solar Kit|Neosolar,8,0,6,0,Solar Kit Off-Grid
,,12,12,kits,BRL,Neosolar,NEO-27257,,,,,,"Kit de Energia Solar Off Grid c/ Inv-car - 5,0kWp 220Ah 24/220V Chumbo-Carbono",,,620,8,4.96,4960,58305.25,,,draft,Solar Kit|Neosolar,12,0,8,0,Solar Kit Off-Grid
,,12,12,kits,BRL,Neosolar,NEO-27258,,,,,,Kit de Energia Solar Off Grid c/ Inv-car - 5kWp 220Ah 24/220V Chumbo-Carbono,,,620,8,5.0,4960,35647.23,,,draft,Solar Kit|Neosolar,12,0,8,0,Solar Kit Off-Grid
,,8,12,kits,BRL,Neosolar,NEO-27292,,,,,,"Kit de Energia Solar Off Grid c/ Inv-car - 3,7kWp 220Ah 24/220V Chumbo-Carbono",,,620,6,7.0,3720,42270.27,,,draft,Solar Kit|Neosolar,8,0,6,0,Solar Kit Off-Grid
,,4,12,kits,BRL,Neosolar,NEO-27291,,,,,,"Kit de Energia Solar Off Grid c/ Inv-car - 2,5kWp 220Ah 24/220V Chumbo-Carbono",,,620,4,5.0,2480,25052.16,,,draft,Solar Kit|Neosolar,4,0,4,0,Solar Kit Off-Grid
,,12,12,kits,BRL,Neosolar,NEO-27293,,,,,,"Kit de Energia Solar Off Grid c/ Inv-car - 5,0kWp 220Ah 24/220V Chumbo-Carbono",,,620,8,4.96,4960,57741.76,,,draft,Solar Kit|Neosolar,12,0,8,0,Solar Kit Off-Grid
,,16,12,kits,BRL,Neosolar,NEO-27294,,,,,,"Kit de Energia Solar Off Grid c/ Inv-car - 5,0kWp 220Ah 24/220V Chumbo-Carbono",,,620,8,4.96,4960,35365.48,,,draft,Solar Kit|Neosolar,16,0,8,0,Solar Kit Off-Grid
,,8,12,kits,BRL,Neosolar,NEO-22682,,,,,1,Kit Energia Solar Off Grid s/ Inversor - 2.32kWp 440Ah 48V Chumbo (22682),,,580,4,2.32,2320,0,,,draft,Solar Kit|Neosolar,8,1,4,0,Solar Kit Off-Grid
,,1,12,kits,BRL,Neosolar,NEO-24547,,,,,1,Kit Energia Solar Off Grid s/ Inversor - 280Wp 220Ah 12V Chumbo (24119),,,280,1,0.28,280,0,,,draft,Solar Kit|Neosolar,1,1,1,0,Solar Kit Off-Grid
,,2,48,kits,BRL,Neosolar,NEO-24557,,,,,1,Kit Energia Solar Off Grid s/ Inversor - 1.17kWp 100Ah 48V Lítio (24557),,,585,2,1.17,1170,0,,,draft,Solar Kit|Neosolar,2,1,2,0,Solar Kit Off-Grid
,,3,48,kits,BRL,Neosolar,NEO-23940,,,,,1,Kit Energia Solar Off Grid s/ Inversor - 2.220Wp 100Ah 48V Lítio (23940),,,555,4,0.22,2220,0,,,draft,Solar Kit|Neosolar,3,1,4,0,Solar Kit Off-Grid
,,1,48,kits,BRL,Neosolar,NEO-23937,,,,,1,Kit Energia Solar Off Grid s/ Inversor - 1.170Wp 105Ah 48V Lítio (23937),,,585,2,0.17,1170,0,,,draft,Solar Kit|Neosolar,1,1,2,0,Solar Kit Off-Grid
,,1,12,kits,BRL,Neosolar,NEO-23924,,,,,1,Kit Energia Solar Off Grid s/ Inversor - 160Wp 165Ah / 150Ah 12V Estacionária (23924),,,160,1,0.16,160,0,,,draft,Solar Kit|Neosolar,1,1,1,0,Solar Kit Off-Grid
,,1,12,kits,BRL,Neosolar,NEO-23930,,,,,1,Kit Energia Solar Off Grid s/ Inversor - 160Wp 165/150Ah 12V Estacionária (23930),,,160,1,0.16,160,0,,,draft,Solar Kit|Neosolar,1,1,1,0,Solar Kit Off-Grid
,,2,12,kits,BRL,Neosolar,NEO-23933,,,,,1,Kit Energia Solar Off Grid s/ Inversor - 640Wp 240Ah / 220Ah 12V Estacionária (23933),,,160,4,0.64,640,0,,,draft,Solar Kit|Neosolar,2,1,4,0,Solar Kit Off-Grid
,,1,12,kits,BRL,Neosolar,NEO-23923,,,,,1,Kit Energia Solar Off Grid s/ Inversor - 100Wp 115/105Ah 12V Estacionária (23923),,,100,1,0.1,100,0,,,draft,Solar Kit|Neosolar,1,1,1,0,Solar Kit Off-Grid
,,1,12,kits,BRL,Neosolar,NEO-23921,,,,,1,Kit Energia Solar Off Grid s/ Inversor - 30Wp 115/105h 12V Estacionária (23921),,,30,1,0.03,30,0,,,draft,Solar Kit|Neosolar,1,1,1,0,Solar Kit Off-Grid
,,4,12,kits,BRL,Neosolar,NEO-22634,,,,,1,Kit Energia Solar Off Grid s/ Inversor - 990Wp 440Ah 24V Chumbo (22634),,,330,3,0.99,990,0,,,draft,Solar Kit|Neosolar,4,1,3,0,Solar Kit Off-Grid
,,1,12,kits,BRL,Neosolar,NEO-22630,,,,,1,Kit Energia Solar Off Grid s/ Inversor - 310Wp 220Ah 12V Chumbo (22630),,,155,2,0.31,310,0,,,draft,Solar Kit|Neosolar,1,1,2,0,Solar Kit Off-Grid
,,4,12,kits,BRL,Neosolar,NEO-22638,,,,,1,Kit Energia Solar Off Grid s/ Inversor - 660Wp 300Ah 24V Chumbo (22638),,,330,2,0.66,660,0,,,draft,Solar Kit|Neosolar,4,1,2,0,Solar Kit Off-Grid
,,,,kits,BRL,Neosolar,NEO-21436,,,,,,Kit Energia Solar Off Grid c/ Bateria 330Wp - até 1.113Wh/dia,,,,,0.33,0,0,,,draft,Solar Kit|Neosolar,0,0,0,0,Solar Kit Off-Grid
,,,,kits,BRL,Neosolar,NEO-21095,,,,,,Kit Energia Solar Off Grid c/ Bateria 465Wp - até 1465Wh/dia,,,,,0.47,0,0,,,draft,Solar Kit|Neosolar,0,0,0,0,Solar Kit Off-Grid
,,,,kits,BRL,Neosolar,NEO-21773,,,,,,Kit Energia Solar Off Grid c/ Bateria 465Wp - até 1465Wh/dia,,,,,0.47,0,0,,,draft,Solar Kit|Neosolar,0,0,0,0,Solar Kit Off-Grid
,,,,kits,BRL,Neosolar,NEO-21487,,,,,,Kit Energia Solar Off Grid c/ Bateria 310Wp - até 977Wh/dia,,,,,0.31,0,0,,,draft,Solar Kit|Neosolar,0,0,0,0,Solar Kit Off-Grid
,,,,kits,BRL,Neosolar,NEO-21488,,,,,,Kit Energia Solar Off Grid c/ Bateria 155Wp - até 488Wh/dia,,,,,0.15,0,0,,,draft,Solar Kit|Neosolar,0,0,0,0,Solar Kit Off-Grid
,,,,kits,BRL,Neosolar,NEO-21779,,,,,,Kit Energia Solar Off Grid c/ Bateria 155Wp - até 488Wh/dia,,,,,0.15,0,0,,,draft,Solar Kit|Neosolar,0,0,0,0,Solar Kit Off-Grid
,,1,6,kits,BRL,Neosolar,NEO-24624,,,,,,"Kit de Energia Solar Nobreak c/ Inv-car - 1,74kWp 100Ah 24/220V Lítio (24624)",,,435,4,74.0,1740,0,,,draft,Solar Kit|Neosolar,1,0,4,0,Solar Kit Off-Grid
,,2,12,kits,BRL,Neosolar,NEO-24620,,,,,,"Kit de Energia Solar Nobreak c/ Inv-car - 1,74kWp 220Ah 24/220V (24620)",,,435,4,74.0,1740,0,,,draft,Solar Kit|Neosolar,2,0,4,0,Solar Kit Off-Grid
,,4,48,kits,BRL,Neosolar,NEO-24443,,,,,,"Kit de Energia Solar Nobreak c/ Inv-car - 2,17kWp 220Ah 48/220V (24443)",,,435,5,17.0,2175,0,,,draft,Solar Kit|Neosolar,4,0,5,0,Solar Kit Off-Grid
,,8,12,kits,BRL,Neosolar,NEO-24435,https://portal.zydon.com.br/api/files/c4d33804-424e-4c54-93ad-4daf7f9fc935/content?ingress=portalb2b.neosolar.com.br,,,,,"Kit de Energia Solar Nobreak c/ Inv-car - 3,51kWp 440Ah 48/220V (24435)",,,585,6,51.0,3510,0,,,draft,Solar Kit|Neosolar,8,0,6,0,Solar Kit Off-Grid
,,14,12,kits,BRL,Neosolar,NEO-24767,https://portal.zydon.com.br/api/files/d0d54eec-b50e-4686-8c00-b7cfc3f0064c/content?ingress=portalb2b.neosolar.com.br,,,,,"Kit de Energia Solar Nobreak c/ Inv-car - 4,27kWp 220Ah 24/220V (24767)",,,610,7,27.0,4270,0,,,draft,Solar Kit|Neosolar,14,0,7,0,Solar Kit Off-Grid
,,2,12,kits,BRL,Neosolar,NEO-24763,https://portal.zydon.com.br/api/files/23b3aa6c-3bd7-4968-b57e-81e22a9c0ee5/content?ingress=portalb2b.neosolar.com.br,,,,,"Kit de Energia Solar Nobreak c/ Inv-car - 1,83kWp 220Ah 24/220V (24763)",,,610,3,83.0,1830,0,,,draft,Solar Kit|Neosolar,2,0,3,0,Solar Kit Off-Grid
,,8,12,kits,BRL,Neosolar,NEO-24765,https://portal.zydon.com.br/api/files/61d2f901-9a0f-4572-9123-1543c4a9faf3/content?ingress=portalb2b.neosolar.com.br,,,,,"Kit de Energia Solar Nobreak c/ Inv-car - 2,44kWp 220Ah 24/220V (24765)",,,610,4,44.0,2440,0,,,draft,Solar Kit|Neosolar,8,0,4,0,Solar Kit Off-Grid
,,1,6,kits,BRL,Neosolar,NEO-24773,https://portal.zydon.com.br/api/files/c3abf198-9b06-4e4a-b064-d65e63b59d86/content?ingress=portalb2b.neosolar.com.br,,,,,"Kit de Energia Solar Off Grid c/ Inv-car - 1,83kWp 100Ah 24/220V Lítio (24773)",,,610,3,83.0,1830,0,,,draft,Solar Kit|Neosolar,1,0,3,0,Solar Kit Off-Grid
,,2,12,kits,BRL,Neosolar,NEO-24764,https://portal.zydon.com.br/api/files/583ef873-f536-452d-8169-880299214f61/content?ingress=portalb2b.neosolar.com.br,,,,,"Kit de Energia Solar Nobreak c/ Inv-car - 1,83kWp 220Ah 24/220V (24764)",,,610,3,83.0,1830,0,,,draft,Solar Kit|Neosolar,2,0,3,0,Solar Kit Off-Grid
,,4,48,kits,BRL,Neosolar,NEO-24444,https://portal.zydon.com.br/api/files/48a9d892-489b-4d7a-96c4-67c9b9a911db/content?ingress=portalb2b.neosolar.com.br,,,,,"Kit de Energia Solar Nobreak c/ Inv-car - 2,17kWp 220Ah 48/220V (24444)",,,435,5,17.0,2175,0,,,draft,Solar Kit|Neosolar,4,0,5,0,Solar Kit Off-Grid
,,,,kits,BRL,Neosolar,NEO-24044,https://portal.zydon.com.br/api/files/76a9dba1-d61e-466a-a775-edced22b7f0d/content?ingress=portalb2b.neosolar.com.br,,,,,"Kit Energia Solar Híbrido Off-Grid UP6021 1,16kWp c/ Bateria de Chumbo (24044)",,,0,16,16.0,1170,0,,,draft,Solar Kit|Neosolar,0,0,18,0,Solar Kit Off-Grid
,,,,kits,BRL,Neosolar,NEO-24031,https://portal.zydon.com.br/api/files/df355858-824b-40a2-b6a1-427a405b45e2/content?ingress=portalb2b.neosolar.com.br,,,,,"Kit Energia Solar Híbrido Off-Grid UP5042 4,06kWp c/ Bateria de Chumbo (24031)",,,0,6,6.0,4095,0,,,draft,Solar Kit|Neosolar,0,0,13,0,Solar Kit Off-Grid
,,,,kits,BRL,Neosolar,NEO-24052,https://portal.zydon.com.br/api/files/4f9dd182-efda-4f82-b9d6-3ae14aae8ef2/content?ingress=portalb2b.neosolar.com.br,,,,,"Kit Nobreak Solar Híbrido Off-Grid UP8042 4,06kWp c/ Bateria de Lítio (24052)",,,0,6,6.0,4095,0,,,draft,Solar Kit|Neosolar,0,0,13,0,Solar Kit Off-Grid
,,,,kits,BRL,Neosolar,NEO-24046,https://portal.zydon.com.br/api/files/8daa755d-7527-47f1-9852-fe0ed98bae50/content?ingress=portalb2b.neosolar.com.br,,,,,"Kit Nobreak Solar Híbrido Off-Grid UP8042 2,32 kWp c/ Bateria de Chumbo (24046)",,,0,32,32.0,2340,0,,,draft,Solar Kit|Neosolar,0,0,36,0,Solar Kit Off-Grid
,,,,kits,BRL,Neosolar,NEO-24055,https://portal.zydon.com.br/api/files/6797345e-62be-4220-840b-8c21026ea772/content?ingress=portalb2b.neosolar.com.br,,,,,"Kit Nobreak Solar Híbrido Off-Grid UP8041 2,32 kWp c/ Bateria de Lítio (24055)",,,0,32,32.0,2340,0,,,draft,Solar Kit|Neosolar,0,0,36,0,Solar Kit Off-Grid
,,,,kits,BRL,Neosolar,NEO-24050,https://portal.zydon.com.br/api/files/7aee9ce3-908d-4c82-a7c6-07991455e731/content?ingress=portalb2b.neosolar.com.br,,,,,"Kit Nobreak Solar Híbrido Off-Grid UP8042 4,09 kWp c/ Bateria de Chumbo (24050)",,,0,5,9.0,4095,0,,,draft,Solar Kit|Neosolar,0,0,12,0,Solar Kit Off-Grid
,,,,kits,BRL,Neosolar,NEO-24054,https://portal.zydon.com.br/api/files/0cb956c1-3646-4827-b5d0-63e3a5ad27ed/content?ingress=portalb2b.neosolar.com.br,,,,,"Kit Nobreak Solar Híbrido Off-Grid UP5042 2,32 kWp c/ Bateria de Chumbo (24054)",,,0,32,32.0,2340,0,,,draft,Solar Kit|Neosolar,0,0,36,0,Solar Kit Off-Grid
,,2,48,kits,BRL,Neosolar,NEO-22694,https://portal.zydon.com.br/api/files/3168b1ea-155b-4115-83ac-07aeb3b3ec91/content?ingress=portalb2b.neosolar.com.br,,,,1,Kit Energia Solar Off Grid s/ Inversor - 2.32kWp 200Ah 48V Lítio (22694),,,580,4,2.32,2320,0,,,draft,Solar Kit|Neosolar,2,1,4,0,Solar Kit Off-Grid
,,1,12,kits,BRL,Neosolar,NEO-24119,https://portal.zydon.com.br/api/files/3fd95214-8c9e-4c5c-82c6-ebd340fd854d/content?ingress=portalb2b.neosolar.com.br,,,,1,Kit Energia Solar Off Grid s/ Inversor - 280Wp 220Ah 12V Chumbo (24119),,,280,1,0.28,280,0,,,draft,Solar Kit|Neosolar,1,1,1,0,Solar Kit Off-Grid
,,1,48,kits,BRL,Neosolar,NEO-24556,https://portal.zydon.com.br/api/files/a50aca32-c648-458c-a088-76fa1d039b7e/content?ingress=portalb2b.neosolar.com.br,,,,1,Kit Energia Solar Off Grid s/ Inversor - 1.17kWp 100Ah 48V Lítio (24556),,,585,2,1.17,1170,0,,,draft,Solar Kit|Neosolar,1,1,2,0,Solar Kit Off-Grid
,,2,48,kits,BRL,Neosolar,NEO-23939,https://portal.zydon.com.br/api/files/845897dd-774b-4dd7-97cc-22c622844058/content?ingress=portalb2b.neosolar.com.br,,,,1,Kit Energia Solar Off Grid s/ Inversor - 2.220Wp 100Ah 48V Lítio (23939),,,555,4,0.22,2220,0,,,draft,Solar Kit|Neosolar,2,1,4,0,Solar Kit Off-Grid
,,2,12,kits,BRL,Neosolar,NEO-23926,https://portal.zydon.com.br/api/files/b93c6119-ebf9-4de2-93c0-4c18e036c389/content?ingress=portalb2b.neosolar.com.br,,,,1,Kit Energia Solar Off Grid s/ Inversor - 480Wp 240Ah / 220Ah 12V Estacionária (23926),,,160,3,0.48,480,0,,,draft,Solar Kit|Neosolar,2,1,3,0,Solar Kit Off-Grid
,,2,12,kits,BRL,Neosolar,NEO-23932,https://portal.zydon.com.br/api/files/dd163863-b765-47db-bdbb-9fd9f4a87396/content?ingress=portalb2b.neosolar.com.br,,,,1,Kit Energia Solar Off Grid s/ Inversor - 480Wp 240Ah / 220Ah 12V Estacionária (23932),,,160,3,0.48,480,0,,,draft,Solar Kit|Neosolar,2,1,3,0,Solar Kit Off-Grid
,,1,12,kits,BRL,Neosolar,NEO-24165,https://portal.zydon.com.br/api/files/c475e8c7-1458-4099-910a-eadff5cf429c/content?ingress=portalb2b.neosolar.com.br,,,,1,Kit Energia Solar Off Grid s/ Inversor - 320Wp 240Ah / 220Ah 12V Estacionária (23931),,,160,2,0.32,320,0,,,draft,Solar Kit|Neosolar,1,1,2,0,Solar Kit Off-Grid
,,4,12,kits,BRL,Neosolar,NEO-23936,https://portal.zydon.com.br/api/files/6f36441e-54e7-45dd-b17d-a171669b734e/content?ingress=portalb2b.neosolar.com.br,,,,1,Kit Energia Solar Off Grid s/ Inversor - 1.120Wp 240Ah / 220Ah 12V Estacionária (23936),,,160,7,0.12,1120,0,,,draft,Solar Kit|Neosolar,4,1,7,0,Solar Kit Off-Grid
,,2,48,kits,BRL,Neosolar,NEO-23938,https://portal.zydon.com.br/api/files/e15ec8e9-0be8-438f-b290-f0a3ee70b957/content?ingress=portalb2b.neosolar.com.br,,,,1,Kit Energia Solar Off Grid s/ Inversor - 1.170Wp 105Ah 48V Lítio (23938),,,585,2,0.17,1170,0,,,draft,Solar Kit|Neosolar,2,1,2,0,Solar Kit Off-Grid
,,2,12,kits,BRL,Neosolar,NEO-22657,https://portal.zydon.com.br/api/files/784f4060-02fb-4eac-8183-c513b2660505/content?ingress=portalb2b.neosolar.com.br,,,,1,Kit Energia Solar Off Grid s/ Inversor - 330Wp 440Ah 12V Chumbo (22657),,,330,1,0.33,330,0,,,draft,Solar Kit|Neosolar,2,1,1,0,Solar Kit Off-Grid
,,1,12,kits,BRL,Neosolar,NEO-22656,https://portal.zydon.com.br/api/files/4c4c97fc-d609-4bf8-858e-8fa675be1e80/content?ingress=portalb2b.neosolar.com.br,,,,1,Kit Energia Solar Off Grid s/ Inversor - 330Wp 220Ah 12V Chumbo (22656),,,330,1,0.33,330,0,,,draft,Solar Kit|Neosolar,1,1,1,0,Solar Kit Off-Grid
,,4,12,kits,BRL,Neosolar,NEO-22654,https://portal.zydon.com.br/api/files/fa68eecf-41c7-4763-8a69-b12f9271885a/content?ingress=portalb2b.neosolar.com.br,,,,1,Kit Energia Solar Off Grid s/ Inversor - 560Wp 440Ah 24V Chumbo (22654),,,280,2,0.56,560,0,,,draft,Solar Kit|Neosolar,4,1,2,0,Solar Kit Off-Grid
,,2,12,kits,BRL,Neosolar,NEO-22653,https://portal.zydon.com.br/api/files/89607dc3-517c-4169-bd99-d669718c8ec6/content?ingress=portalb2b.neosolar.com.br,,,,1,Kit Energia Solar Off Grid s/ Inversor - 560Wp 220Ah 24V Chumbo (22653),,,280,2,0.56,560,0,,,draft,Solar Kit|Neosolar,2,1,2,0,Solar Kit Off-Grid
,,1,12,kits,BRL,Neosolar,NEO-22649,https://portalb2b.neosolar.com.br/b2b-noimage-white.svg,,,,1,Kit Energia Solar Off Grid s/ Inversor - 280Wp 220Ah 12V Chumbo (22649),,,280,1,0.28,280,0,,,draft,Solar Kit|Neosolar,1,1,1,0,Solar Kit Off-Grid
,,4,12,kits,BRL,Neosolar,NEO-22631,https://portal.zydon.com.br/api/files/83d38bbb-e17b-4b8e-8352-a936448107d8/content?ingress=portalb2b.neosolar.com.br,,,,1,Kit Energia Solar Off Grid s/ Inversor - 660Wp 300Ah 24V Chumbo (22631),,,330,2,0.66,660,0,,,draft,Solar Kit|Neosolar,4,1,2,0,Solar Kit Off-Grid
,,6,12,kits,BRL,Neosolar,NEO-22668,https://portal.zydon.com.br/api/files/b7326ddf-cee5-4e13-8fbe-80957de72d3e/content?ingress=portalb2b.neosolar.com.br,,,,1,Kit Energia Solar Off Grid s/ Inversor - 1.12kWp 660Ah 24V Chumbo (22668),,,280,4,1.12,1120,0,,,draft,Solar Kit|Neosolar,6,1,4,0,Solar Kit Off-Grid
,,2,12,kits,BRL,Neosolar,NEO-22629,https://portal.zydon.com.br/api/files/077f6b67-002f-40a6-b6ea-952d92a9b792/content?ingress=portalb2b.neosolar.com.br,,,,1,Kit Energia Solar Off Grid s/ Inversor - 330Wp 150Ah 24V Chumbo (22629),,,330,1,0.33,330,0,,,draft,Solar Kit|Neosolar,2,1,1,0,Solar Kit Off-Grid
,,6,48,kits,BRL,Neosolar,NEO-24551,https://portal.zydon.com.br/api/files/035e96c1-70de-4d34-ab11-6c360f974eff/content?ingress=portalb2b.neosolar.com.br,,,,,"Kit de Energia Solar Off Grid c/ Inv-car - 5,85kWp 600Ah 48/220V Lítio (24551)",,,585,10,85.0,5850,0,,,draft,Solar Kit|Neosolar,6,0,10,0,Solar Kit Off-Grid
,,4,48,kits,BRL,Neosolar,NEO-24553,https://portal.zydon.com.br/api/files/71d7f324-33e2-44bd-9df0-6a08a421c312/content?ingress=portalb2b.neosolar.com.br,,,,,"Kit de Energia Solar Off Grid c/ Inv-car - 3,48kWp 400Ah 48/220V Lítio",,,435,8,48.0,3480,0,,,draft,Solar Kit|Neosolar,4,0,8,0,Solar Kit Off-Grid
,,8,48,kits,BRL,Neosolar,NEO-24615,https://portal.zydon.com.br/api/files/614ac518-efba-4dff-8f59-83550fdcfddd/content?ingress=portalb2b.neosolar.com.br,,,,,"Kit de Energia Solar Nobreak c/ Inv-car - 3,05kWp 440Ah 48/220V (24615)",,,435,7,5.0,3045,0,,,draft,Solar Kit|Neosolar,8,0,7,0,Solar Kit Off-Grid
,,2,48,kits,BRL,Neosolar,NEO-24549,https://portal.zydon.com.br/api/files/7abafafb-be30-429a-a836-1e9831374301/content?ingress=portalb2b.neosolar.com.br,,,,,"Kit de Energia Solar Nobreak c/ Inv-car - 3,51kWp 200Ah 48/220V Lítio",,,585,6,51.0,3510,0,,,draft,Solar Kit|Neosolar,2,0,6,0,Solar Kit Off-Grid
,,12,12,kits,BRL,Neosolar,NEO-24758,https://portal.zydon.com.br/api/files/5302fe29-aa56-4b6a-9c17-d4a3ec305c99/content?ingress=portalb2b.neosolar.com.br,,,,,"Kit de Energia Solar Nobreak c/ Inv-car - 3,05kWp 220Ah 48/220V (24758)",,,610,5,5.0,3050,0,,,draft,Solar Kit|Neosolar,12,0,5,0,Solar Kit Off-Grid
,,4,12,kits,BRL,Neosolar,NEO-24756,https://portal.zydon.com.br/api/files/0175cc24-bfe5-453b-a20c-4543bf4bc993/content?ingress=portalb2b.neosolar.com.br,,,,,"Kit de Energia Solar Nobreak c/ Inv-car - 2,44kWp 220Ah 48/220V (24756)",,,610,4,44.0,2440,0,,,draft,Solar Kit|Neosolar,4,0,4,0,Solar Kit Off-Grid
,,4,12,kits,BRL,Neosolar,NEO-24757,https://portal.zydon.com.br/api/files/676fbb07-e75a-429e-8bf6-aa694bc0902d/content?ingress=portalb2b.neosolar.com.br,,,,,"Kit de Energia Solar Nobreak c/ Inv-car - 2,44kWp 220Ah 48/220V (24757)",,,610,4,44.0,2440,0,,,draft,Solar Kit|Neosolar,4,0,4,0,Solar Kit Off-Grid
,,1,48,kits,BRL,Neosolar,NEO-24760,https://portal.zydon.com.br/api/files/bb7e7b53-e990-4e31-b71a-0e6078aa974f/content?ingress=portalb2b.neosolar.com.br,,,,,"Kit de Energia Solar Off Grid c/ Inv-car - 2,44kWp 100Ah 48/220V Lítio (24760)",,,610,4,44.0,2440,0,,,draft,Solar Kit|Neosolar,1,0,4,0,Solar Kit Off-Grid
,,12,48,kits,BRL,Neosolar,NEO-24448,https://portal.zydon.com.br/api/files/49c9219a-ce42-4c43-b963-f96f363f7ae4/content?ingress=portalb2b.neosolar.com.br,,,,,"Kit de Energia Solar Off Grid c/ Inversor Carregador - 2,61kWp 660Ah 48/220V (24448)",,,435,6,61.0,2610,0,,,draft,Solar Kit|Neosolar,12,0,6,0,Solar Kit Off-Grid
,,8,48,kits,BRL,Neosolar,NEO-24445,https://portal.zydon.com.br/api/files/4c752ccf-33d6-43a5-a060-c80125d37d48/content?ingress=portalb2b.neosolar.com.br,,,,,"Kit de Energia Solar Nobreak c/ Inversor Carregador - 3,48kWp 440Ah 48/220V (24445)",,,435,8,48.0,3480,0,,,draft,Solar Kit|Neosolar,8,0,8,0,Solar Kit Off-Grid
,,8,12,kits,BRL,Neosolar,NEO-24436,https://portal.zydon.com.br/api/files/5cfe61e6-6467-4a94-8804-0e7b0df9c7d1/content?ingress=portalb2b.neosolar.com.br,,,,,"Kit de Energia Solar Nobreak c/ Inv-car - 3,51kWp 440Ah 48/220V (24436)",,,585,6,51.0,3510,0,,,draft,Solar Kit|Neosolar,8,0,6,0,Solar Kit Off-Grid
,,12,12,kits,BRL,Neosolar,NEO-24437,https://portal.zydon.com.br/api/files/5a3315f5-55b8-4b71-a075-19d9a80f2609/content?ingress=portalb2b.neosolar.com.br,,,,,"Kit de Energia Solar Off Grid c/ Inv-car - 2,93kWp 660Ah 48/220V (24437)",,,585,5,93.0,2925,0,,,draft,Solar Kit|Neosolar,12,0,5,0,Solar Kit Off-Grid
,,,,kits,BRL,Neosolar,NEO-24057,https://portal.zydon.com.br/api/files/5b6c9815-0629-4926-917c-b0297c19f0e4/content?ingress=portalb2b.neosolar.com.br,,,,,"Kit Nobreak Solar Híbrido Off-Grid UP6021 1,16kWp c/ Bateria de Chumbo (24057)",,,0,17,16.0,1170,0,,,draft,Solar Kit|Neosolar,0,0,19,0,Solar Kit Off-Grid
,,,,kits,BRL,Neosolar,NEO-24043,https://portal.zydon.com.br/api/files/62535264-3229-4a7c-adf2-4f7503a3c4ac/content?ingress=portalb2b.neosolar.com.br,,,,,"Kit Energia Solar Híbrido Off-Grid UP8042 2,90kWp c/ Bateria de Chumbo (24043)",,,0,90,90.0,2925,0,,,draft,Solar Kit|Neosolar,0,0,95,0,Solar Kit Off-Grid
,,,,kits,BRL,Neosolar,NEO-24041,https://portal.zydon.com.br/api/files/8cf8b668-6a53-4908-9353-2524d31e32e5/content?ingress=portalb2b.neosolar.com.br,,,,,"Kit Energia Solar Híbrido Off-Grid UP8041 2,32kWp 15kWh c/ Bateria de Lítio (24041)",,,0,32,32.0,2340,0,,,draft,Solar Kit|Neosolar,0,0,36,0,Solar Kit Off-Grid
,,,,kits,BRL,Neosolar,NEO-24058,https://portal.zydon.com.br/api/files/180c5117-ddea-4beb-864f-c0464a410b85/content?ingress=portalb2b.neosolar.com.br,,,,,"Kit Nobreak Solar Híbrido Off-Grid UP8042 4,09kWp c/ Bateria de Lítio (24058)",,,0,6,9.0,4095,0,,,draft,Solar Kit|Neosolar,0,0,13,0,Solar Kit Off-Grid
,,4,12,kits,BRL,Neosolar,NEO-22680,https://portal.zydon.com.br/api/files/1569041f-93c2-4d34-a6c0-2c609bdd1dd6/content?ingress=portalb2b.neosolar.com.br,,,,1,Kit Energia Solar Off Grid s/ Inversor - 1.16kWp 440Ah 24V Chumbo (22680),,,580,2,1.16,1160,0,,,draft,Solar Kit|Neosolar,4,1,2,0,Solar Kit Off-Grid
,,6,12,kits,BRL,Neosolar,NEO-22681,https://portal.zydon.com.br/api/files/c7b15d00-bae1-43b0-86d4-c508c3671aca/content?ingress=portalb2b.neosolar.com.br,,,,1,Kit Energia Solar Off Grid s/ Inversor - 1.16kWp 660Ah 24V Chumbo (22681),,,580,2,1.16,1160,0,,,draft,Solar Kit|Neosolar,6,1,2,0,Solar Kit Off-Grid
,,2,12,kits,BRL,Neosolar,NEO-22672,https://portal.zydon.com.br/api/files/ca6bea67-6d23-48c9-bc9a-cd30177f04fe/content?ingress=portalb2b.neosolar.com.br,,,,1,Kit Energia Solar Off Grid s/ Inversor - 660Wp 220Ah 24V Chumbo (22672),,,330,2,0.66,660,0,,,draft,Solar Kit|Neosolar,2,1,2,0,Solar Kit Off-Grid
,,2,12,kits,BRL,Neosolar,NEO-22660,https://portal.zydon.com.br/api/files/243010aa-42f4-42cf-bbb8-644c0071c553/content?ingress=portalb2b.neosolar.com.br,,,,1,Kit Energia Solar Off Grid s/ Inversor - 330Wp 200Ah 12V Lítio (22660),,,330,1,0.33,330,0,,,draft,Solar Kit|Neosolar,2,1,1,0,Solar Kit Off-Grid
,,,,kits,BRL,Neosolar,NEO-20208,https://portal.zydon.com.br/api/files/26b1bfc1-0185-4b53-8169-7d6a63f8c7ef/content?ingress=portalb2b.neosolar.com.br,,,,2,Kit Energia Solar Off Grid c/ Bateria 660Wp - até 2495Wh/dia,,,,,0.66,0,0,,,draft,Solar Kit|Neosolar,0,2,0,0,Solar Kit Off-Grid
,,,,kits,BRL,Neosolar,NEO-21093,https://portal.zydon.com.br/api/files/fd6c15b2-6fad-4898-9513-623a2398e0c5/content?ingress=portalb2b.neosolar.com.br,,,,,Kit Energia Solar Off Grid c/ Bateria 990Wp - até 3119Wh/dia,,,,,0.99,0,0,,,draft,Solar Kit|Neosolar,0,0,0,0,Solar Kit Off-Grid
,,,,kits,BRL,Neosolar,NEO-21822,https://portal.zydon.com.br/api/files/eb196d44-ca28-4cef-8ee2-6391132f687b/content?ingress=portalb2b.neosolar.com.br,,,,,Kit Energia Solar Off Grid c/ Bateria 155Wp - até 488Wh/dia,,,,,0.15,0,0,,,draft,Solar Kit|Neosolar,0,0,0,0,Solar Kit Off-Grid
,,1,6,kits,BRL,Neosolar,NEO-25175,https://portalb2b.neosolar.com.br/b2b-noimage-white.svg,,,,1,Kit Energia Solar Off Grid - 610Wp 100Ah/24V Lítio 2000W/220V Ztroon,,,610,1,0.61,610,0,,,draft,Solar Kit|Neosolar,1,1,1,0,Solar Kit Off-Grid
,,1,6,kits,BRL,Neosolar,NEO-25174,https://portalb2b.neosolar.com.br/b2b-noimage-white.svg,,,,1,Kit Energia Solar Off Grid - 610Wp 100Ah/24V Lítio 2000W/127V Ztroon,,,610,1,0.61,610,0,,,draft,Solar Kit|Neosolar,1,1,1,0,Solar Kit Off-Grid
,,,,kits,BRL,Neosolar,NEO-23471,https://portal.zydon.com.br/api/files/6438232a-786d-4414-8d1a-26613b8ec30c/content?ingress=portalb2b.neosolar.com.br,,,,,"Kit Energia Solar Híbrido Off-Grid UP5042 4,09kWp c/ Bateria de Chumbo",,,0,9,9.0,4095,0,,,draft,Solar Kit|Neosolar,0,0,16,0,Solar Kit Off-Grid
,,4,48,kits,BRL,Neosolar,NEO-24810,https://portal.zydon.com.br/api/files/0ef2b98d-37d0-4d3f-9a4a-eee51420e6c2/content?ingress=portalb2b.neosolar.com.br,,,,,"Kit de Energia Solar Off Grid c/ Inv-car - 3,48kWp 400Ah 48/220V Litio (24810)",,,435,8,48.0,3480,0,,,draft,Solar Kit|Neosolar,4,0,8,0,Solar Kit Off-Grid
,,5,48,kits,BRL,Neosolar,NEO-24554,https://portal.zydon.com.br/api/files/fba40260-9772-44b3-8dd2-c16c22f8c8a4/content?ingress=portalb2b.neosolar.com.br,,,,,"Kit de Energia Solar Off Grid c/ Inv-car - 5,22kWp 500Ah 48/220V Lítio",,,435,12,22.0,5220,0,,,draft,Solar Kit|Neosolar,5,0,12,0,Solar Kit Off-Grid
,,,,kits,BRL,Neosolar,NEO-24049,https://portal.zydon.com.br/api/files/71e19d89-8003-4521-9ceb-7e63b99f1be1/content?ingress=portalb2b.neosolar.com.br,,,,,"Kit Nobreak Solar Híbrido Off-Grid UP5042 4,06kWp c/ Bateria de Lítio (24049)",,,0,32,6.0,4095,0,,,draft,Solar Kit|Neosolar,0,0,39,0,Solar Kit Off-Grid
,,,,kits,BRL,Neosolar,NEO-24032,https://portal.zydon.com.br/api/files/95f2c49c-b8ea-4ffb-9ae9-65a91bb683ec/content?ingress=portalb2b.neosolar.com.br,,,,,"Kit Energia Solar Híbrido Off-Grid UP5042 4,06kWp 20kWh c/ Bateria de Lítio",,,0,6,6.0,4095,0,,,draft,Solar Kit|Neosolar,0,0,13,0,Solar Kit Off-Grid
,,,,kits,BRL,Neosolar,NEO-24047,https://portal.zydon.com.br/api/files/df3daed0-1b27-4760-a73d-cca05df1551e/content?ingress=portalb2b.neosolar.com.br,,,,,"Kit Nobreak Solar Híbrido Off-Grid UP8041 3,48 kWp c/ Bateria de Lítio (24047)",,,0,48,48.0,3510,0,,,draft,Solar Kit|Neosolar,0,0,54,0,Solar Kit Off-Grid
,,1,6,kits,BRL,Neosolar,NEO-25177,https://portalb2b.neosolar.com.br/b2b-noimage-white.svg,,,,1,Kit Energia Solar Off Grid - 610Wp 100Ah/24V Lítio 2000W/220V Epever,,,610,1,0.61,610,7048.45,,,draft,Solar Kit|Neosolar,1,1,1,0,Solar Kit Off-Grid
,,1,6,kits,BRL,Neosolar,NEO-25172,https://portalb2b.neosolar.com.br/b2b-noimage-white.svg,,,,1,Kit Energia Solar Off Grid - 610Wp 100Ah/24V Lítio 1000W/127V Ztroon,,,610,1,0.61,610,0,,,draft,Solar Kit|Neosolar,1,1,1,0,Solar Kit Off-Grid
,,1,6,kits,BRL,Neosolar,NEO-25173,https://portalb2b.neosolar.com.br/b2b-noimage-white.svg,,,,1,Kit Energia Solar Off Grid - 610Wp 100Ah/24V Lítio 1000W/220V Ztroon,,,610,1,0.61,610,0,,,draft,Solar Kit|Neosolar,1,1,1,0,Solar Kit Off-Grid
,,,,kits,BRL,Neosolar,NEO-24039,https://portal.zydon.com.br/api/files/ad4a0f92-41a6-4674-a143-727ae44a96b3/content?ingress=portalb2b.neosolar.com.br,,,,,"Kit Energia Solar Híbrido Off-Grid UP5042 2,32kWp 10kWh c/ Bateria de Lítio (24039)",,,0,32,32.0,2340,0,,,draft,Solar Kit|Neosolar,0,0,36,0,Solar Kit Off-Grid
,,8,48,kits,BRL,Neosolar,NEO-24616,https://portal.zydon.com.br/api/files/3d19ff7a-d3c7-46b6-836c-8e2d4c7440d4/content?ingress=portalb2b.neosolar.com.br,,,,,"Kit de Energia Solar Nobreak c/ Inv-car - 3,05kWp 440Ah 48/220V (24616)",,,435,7,5.0,3045,0,,,draft,Solar Kit|Neosolar,8,0,7,0,Solar Kit Off-Grid
,,4,48,kits,BRL,Neosolar,NEO-24614,https://portal.zydon.com.br/api/files/410c9adf-7fca-423a-b3f6-0b9d34a633f4/content?ingress=portalb2b.neosolar.com.br,,,,,"Kit de Energia Solar Nobreak c/ Inv-car - 1,74kWp 220Ah 48/220V (24614)",,,435,4,74.0,1740,0,,,draft,Solar Kit|Neosolar,4,0,4,0,Solar Kit Off-Grid
,,1,48,kits,BRL,Neosolar,NEO-24617,https://portal.zydon.com.br/api/files/25bd1717-8e8b-4725-b89c-6c5506d525f4/content?ingress=portalb2b.neosolar.com.br,,,,,"Kit de Energia Solar Nobreak c/ Inv-car - 1,74kWp 100Ah 48/220V Lítio",,,435,4,74.0,1740,0,,,draft,Solar Kit|Neosolar,1,0,4,0,Solar Kit Off-Grid
,,4,48,kits,BRL,Neosolar,NEO-24613,https://portal.zydon.com.br/api/files/71ffdf77-a4f2-4a1b-b137-4b0e5bc66938/content?ingress=portalb2b.neosolar.com.br,,,,,"Kit de Energia Solar Nobreak c/ Inv-car - 1,74kWp 220Ah 48/220V (24613)",,,435,4,74.0,1740,0,,,draft,Solar Kit|Neosolar,4,0,4,0,Solar Kit Off-Grid
,,8,12,kits,BRL,Neosolar,NEO-24622,https://portal.zydon.com.br/api/files/a0169d5e-ded5-4133-bdfe-ec849e0f6cda/content?ingress=portalb2b.neosolar.com.br,,,,,"Kit de Energia Solar Off Grid c/ Inv-car - 2,61kWp 880Ah 24/220V",,,435,6,61.0,2610,0,,,draft,Solar Kit|Neosolar,8,0,6,0,Solar Kit Off-Grid
,,12,12,kits,BRL,Neosolar,NEO-24438,https://portal.zydon.com.br/api/files/668dc1a1-a92c-45e0-8404-0061f39d45da/content?ingress=portalb2b.neosolar.com.br,,,,,"Kit de Energia Solar Off Grid c/ Inv-car - 2,93kWp 660Ah 48/220V (24438)",,,585,5,93.0,2925,0,,,draft,Solar Kit|Neosolar,12,0,5,0,Solar Kit Off-Grid
,,,,kits,BRL,Neosolar,NEO-24045,https://portal.zydon.com.br/api/files/7eb0c8f0-7632-47d9-9ca1-ce11a2405067/content?ingress=portalb2b.neosolar.com.br,,,,,"Kit Nobreak Solar Híbrido Off-Grid UP5042 2,34kWp c/ Bateria de Lítio (24045)",,,0,32,34.0,2340,0,,,draft,Solar Kit|Neosolar,0,0,36,0,Solar Kit Off-Grid
,,,,kits,BRL,Neosolar,NEO-23489,https://portal.zydon.com.br/api/files/39d0e89e-5c12-41ee-9a68-9a6d07295e68/content?ingress=portalb2b.neosolar.com.br,,,,,"Kit Nobreak Solar Híbrido Off-Grid UP8042 4,09 kWp c/ Bateria de Chumbo",,,0,9,9.0,4095,0,,,draft,Solar Kit|Neosolar,0,0,16,0,Solar Kit Off-Grid
,,,,kits,BRL,Neosolar,NEO-23472,https://portal.zydon.com.br/api/files/fde3c8c7-1ebf-40bc-94d8-ecf78fba9e54/content?ingress=portalb2b.neosolar.com.br,,,,,"Kit Energia Solar Híbrido Off-Grid UP5042 4,09kWp 20kWh c/ Bateria de Lítio",,,0,9,9.0,4095,0,,,draft,Solar Kit|Neosolar,0,0,16,0,Solar Kit Off-Grid
,,,,kits,BRL,Neosolar,NEO-21749,https://portal.zydon.com.br/api/files/88f7d613-36b6-47f6-886f-388557e00ec6/content?ingress=portalb2b.neosolar.com.br,,,,,"Kit Nobreak Solar Híbrido Off-Grid UP6021 1,84kWp c/ Bateria de Chumbo",,,0,84,84.0,1840,0,,,draft,Solar Kit|Neosolar,0,0,88,0,Solar Kit Off-Grid
,,2,48,kits,BRL,Neosolar,NEO-25200,https://portalb2b.neosolar.com.br/b2b-noimage-white.svg,,,,1,"Kit Energia Solar Off Grid - 2,44kWp 105Ah/48V Lítio 2000W/127V Epever",,,610,4,44.0,2440,0,,,draft,Solar Kit|Neosolar,2,1,4,0,Solar Kit Off-Grid
,,2,48,kits,BRL,Neosolar,NEO-25201,https://portalb2b.neosolar.com.br/b2b-noimage-white.svg,,,,1,"Kit Energia Solar Off Grid - 2,44kWp 105Ah/48V Lítio 2000W/220V Epever",,,610,4,44.0,2440,0,,,draft,Solar Kit|Neosolar,2,1,4,0,Solar Kit Off-Grid
,,1,48,kits,BRL,Neosolar,NEO-25197,https://portalb2b.neosolar.com.br/b2b-noimage-white.svg,,,,1,"Kit Energia Solar Off Grid - 1,22kWp 105Ah/48V Lítio 2000W/220V Epever",,,610,2,22.0,1220,0,,,draft,Solar Kit|Neosolar,1,1,2,0,Solar Kit Off-Grid
,,1,48,kits,BRL,Neosolar,NEO-25196,https://portalb2b.neosolar.com.br/b2b-noimage-white.svg,,,,1,"Kit Energia Solar Off Grid - 1,22kWp 105Ah/48V Lítio 2000W/127V Epever",,,610,2,22.0,1220,0,,,draft,Solar Kit|Neosolar,1,1,2,0,Solar Kit Off-Grid
,,1,12,kits,BRL,Neosolar,NEO-25046,https://portal.zydon.com.br/api/files/7b6f0b2b-afd9-4fa1-8956-5e84a158ca26/content?ingress=portalb2b.neosolar.com.br,,,,1,Kit Energia Solar Off Grid - 160Wp 105Ah/12V (25046),,,160,1,0.16,160,1423.43,,,draft,Solar Kit|Neosolar,1,1,1,0,Solar Kit Off-Grid
,,2,48,kits,BRL,Neosolar,NEO-22691,https://portal.zydon.com.br/api/files/48e603cd-6d4c-4263-ba93-96468c7f7cd1/content?ingress=portalb2b.neosolar.com.br,,,,1,Kit Energia Solar Off Grid s/ Inversor - 1.38kWp 200Ah 48V Lítio (22691),,,460,3,1.38,1380,0,,,draft,Solar Kit|Neosolar,2,1,3,0,Solar Kit Off-Grid
,,1,48,kits,BRL,Neosolar,NEO-22690,https://portal.zydon.com.br/api/files/6718996f-f280-43a1-ae3e-0ec159034560/content?ingress=portalb2b.neosolar.com.br,,,,1,Kit Energia Solar Off Grid s/ Inversor - 1.38kWp 100Ah 48V Lítio (22690),,,460,3,1.38,1380,0,,,draft,Solar Kit|Neosolar,1,1,3,0,Solar Kit Off-Grid
,,8,12,kits,BRL,Neosolar,NEO-22675,,,,,1,Kit Energia Solar Off Grid s/ Inversor - 1.38kWp 440Ah 48V Chumbo (22675),,,460,3,1.38,1380,0,,,draft,Solar Kit|Neosolar,8,1,3,0,Solar Kit Off-Grid
,,2,12,kits,BRL,Neosolar,NEO-22671,,,,,1,Kit Energia Solar Off Grid s/ Inversor - 330Wp 440Ah 12V Chumbo (22671),,,330,1,0.33,330,0,,,draft,Solar Kit|Neosolar,2,1,1,0,Solar Kit Off-Grid
,,3,48,kits,BRL,Neosolar,NEO-22689,,,,,1,Kit Energia Solar Off Grid s/ Inversor - 2.32kWp 300Ah 48V Lítio (22689),,,580,4,2.32,2320,0,,,draft,Solar Kit|Neosolar,3,1,4,0,Solar Kit Off-Grid
,,2,48,kits,BRL,Neosolar,NEO-22685,,,,,1,Kit Energia Solar Off Grid s/ Inversor - 1.38kWp 200Ah 48V Lítio (22685),,,460,3,1.38,1380,0,,,draft,Solar Kit|Neosolar,2,1,3,0,Solar Kit Off-Grid
,,1,48,kits,BRL,Neosolar,NEO-22684,,,,,1,Kit Energia Solar Off Grid s/ Inversor - 1.38kWp 100Ah 48V Lítio (22684),,,460,3,1.38,1380,0,,,draft,Solar Kit|Neosolar,1,1,3,0,Solar Kit Off-Grid
,,1,48,kits,BRL,Neosolar,NEO-22692,,,,,1,Kit Energia Solar Off Grid s/ Inversor - 1.16kWp 100Ah 48V Lítio (22692),,,580,2,1.16,1160,0,,,draft,Solar Kit|Neosolar,1,1,2,0,Solar Kit Off-Grid
,,8,12,kits,BRL,Neosolar,NEO-22677,,,,,1,Kit Energia Solar Off Grid s/ Inversor - 1.16kWp 440Ah 48V Chumbo (22677),,,580,2,1.16,1160,0,,,draft,Solar Kit|Neosolar,8,1,2,0,Solar Kit Off-Grid
,,4,12,kits,BRL,Neosolar,NEO-22676,,,,,1,Kit Energia Solar Off Grid s/ Inversor - 1.16kWp 220Ah 48V Chumbo (22676),,,580,2,1.16,1160,0,,,draft,Solar Kit|Neosolar,4,1,2,0,Solar Kit Off-Grid
,,3,12,kits,BRL,Neosolar,NEO-22679,,,,,1,Kit Energia Solar Off Grid s/ Inversor - 580Wp 660Ah 12V Chumbo (22679),,,580,1,0.58,580,0,,,draft,Solar Kit|Neosolar,3,1,1,0,Solar Kit Off-Grid
,,2,12,kits,BRL,Neosolar,NEO-22663,,,,,1,Kit Energia Solar Off Grid s/ Inversor - 580Wp 440Ah 12V Chumbo (22663),,,580,1,0.58,580,0,,,draft,Solar Kit|Neosolar,2,1,1,0,Solar Kit Off-Grid
,,4,12,kits,BRL,Neosolar,NEO-26689,,,,,,"Kit de Energia Solar c/ Inv-car - 2,48kWp 220Ah 48/220V",,,620,4,48.0,2480,14734.01,,,draft,Solar Kit|Neosolar,4,0,4,0,Solar Kit Off-Grid
,,16,12,kits,BRL,Neosolar,NEO-26693,,,,,,"Kit de Energia Solar c/ Inv-car - 3,72kWp 220Ah 48/220V",,,620,6,72.0,3720,35458.96,,,draft,Solar Kit|Neosolar,16,0,6,0,Solar Kit Off-Grid
,,12,12,kits,BRL,Neosolar,NEO-26692,,,,,,"Kit de Energia Solar c/ Inv-car - 3,10kWp 220Ah 48/220V",,,620,5,10.0,3100,28343.79,,,draft,Solar Kit|Neosolar,12,0,5,0,Solar Kit Off-Grid
,,8,12,kits,BRL,Neosolar,NEO-26690,,,,,,"Kit de Energia Solar c/ Inv-car - 3,72kWp 220Ah 48/220V",,,620,6,72.0,3720,22469.76,,,draft,Solar Kit|Neosolar,8,0,6,0,Solar Kit Off-Grid
,,8,12,kits,BRL,Neosolar,NEO-26691,,,,,,"Kit de Energia Solar c/ Inv-car - 1,86kWp 220Ah 48/220V",,,620,3,86.0,1860,20608.04,,,draft,Solar Kit|Neosolar,8,0,3,0,Solar Kit Off-Grid
,,,,kits,BRL,Neosolar,NEO-26927,,,,,1,Kit Gerador Energia Solar 1.24kWp - Microinversor Deye c/ Wifi SUN2250 - Painel DAH Solar,,,0,1,1.24,1240,2353.87,,,draft,Solar Kit|Neosolar,0,1,4,0,Solar Kit Grid-Tie
,,,,kits,BRL,Neosolar,NEO-26948,,,,,1,Kit Gerador Energia Solar 0.62kWp - Microinversor Deye c/ Wifi SUN2250 - Painel DAH Solar s/ Estrutura,,,0,1,0.62,620,1910.91,,,draft,Solar Kit|Neosolar,0,1,3,0,Solar Kit Grid-Tie
,,,,kits,BRL,Neosolar,NEO-26934,,,,,1,Kit Gerador Energia Solar 1.86kWp - Microinversor Deye c/ Wifi SUN2250 - Painel DAH Solar s/ Estrutura,,,0,1,1.86,1860,2687.2,,,draft,Solar Kit|Neosolar,0,1,5,0,Solar Kit Grid-Tie
,,,,kits,BRL,Neosolar,NEO-27152,,,,,1,Kit Gerador Energia Solar 1.4kWp - Microinversor Deye c/ Wifi SUN2250 - Painel DAH Solar s/ Estrutura,,,0,1,1.4,1400,2698.14,,,draft,Solar Kit|Neosolar,0,1,4,0,Solar Kit Grid-Tie
,,,,kits,BRL,Neosolar,NEO-27156,,,,,1,Kit Gerador Energia Solar 2.1kWp - Microinversor Deye c/ Wifi SUN2250 - Painel DAH Solar Estrutura p/ Madeira,,,0,1,2.1,2100,3258.74,,,draft,Solar Kit|Neosolar,0,1,5,0,Solar Kit Grid-Tie
,,,,kits,BRL,Neosolar,NEO-27149,,,,,1,Kit Gerador Energia Solar 1.4kWp - Microinversor Deye c/ Wifi SUN2250 - Painel DAH Solar Estrutura p/ Madeira,,,0,1,1.4,1400,2897.54,,,draft,Solar Kit|Neosolar,0,1,4,0,Solar Kit Grid-Tie
,,,,kits,BRL,Neosolar,NEO-26941,,,,,1,Kit Gerador Energia Solar 2.48kWp - Microinversor Deye c/ Wifi SUN2250 - Painel DAH Solar s/ Estrutura,,,0,1,2.48,2480,2873.94,,,draft,Solar Kit|Neosolar,0,1,6,0,Solar Kit Grid-Tie
,,,,kits,BRL,Neosolar,NEO-26945,,,,,1,Kit Gerador Energia Solar 0.62kWp - Microinversor Deye c/ Wifi SUN2250 - Painel DAH Solar c/ Parafuso Madeira,,,0,1,0.62,620,2280.09,,,draft,Solar Kit|Neosolar,0,1,3,0,Solar Kit Grid-Tie
,,,,kits,BRL,Neosolar,NEO-27157,,,,,1,Kit Gerador Energia Solar 2.1kWp - Microinversor Deye c/ Wifi SUN2250 - Painel DAH Solar Estrutura Metálica,,,0,1,2.1,2100,3258.74,,,draft,Solar Kit|Neosolar,0,1,5,0,Solar Kit Grid-Tie
,,,,kits,BRL,Neosolar,NEO-27150,,,,,1,Kit Gerador Energia Solar 1.4kWp - Microinversor Deye c/ Wifi SUN2250 - Painel DAH Solar Estrutura Metálica,,,0,1,1.4,1400,2897.54,,,draft,Solar Kit|Neosolar,0,1,4,0,Solar Kit Grid-Tie
,,,,kits,BRL,Neosolar,NEO-27171,,,,,1,Kit Gerador Energia Solar 700kWp - Microinversor Deye c/ Wifi SUN2250 - Painel DAH Solar Estrutura Metálica,,,0,1,700.0,700,2342.52,,,draft,Solar Kit|Neosolar,0,1,3,0,Solar Kit Grid-Tie
,,,,kits,BRL,Neosolar,NEO-26931,,,,,1,Kit Gerador Energia Solar 1.86kWp - Microinversor Deye c/ Wifi SUN2250 - Painel DAH Solar c/ Parafuso Madeira,,,0,1,1.86,1860,3060.7,,,draft,Solar Kit|Neosolar,0,1,5,0,Solar Kit Grid-Tie
,,,,kits,BRL,Neosolar,NEO-26924,,,,,1,Kit Gerador Energia Solar 1.24kWp - Microinversor Deye c/ Wifi SUN2250 - Painel DAH Solar c/ Parafuso Madeira,,,0,1,1.24,1240,2722.97,,,draft,Solar Kit|Neosolar,0,1,4,0,Solar Kit Grid-Tie
,,,,kits,BRL,Neosolar,NEO-27163,,,,,1,Kit Gerador Energia Solar 2.8kWp - Microinversor Deye c/ Wifi SUN2250 - Painel DAH Solar Estrutura p/ Madeira,,,0,1,2.8,2800,3249.93,,,draft,Solar Kit|Neosolar,0,1,6,0,Solar Kit Grid-Tie
,,,,kits,BRL,Neosolar,NEO-26922,,,,,1,Kit Gerador Energia Solar 1.24kWp - Microinversor Deye c/ Wifi SUN2250 - Painel DAH Solar com GANCHO p/ CERÂMICA,,,0,1,1.24,1240,2725.43,,,draft,Solar Kit|Neosolar,0,1,4,0,Solar Kit Grid-Tie
,,,,kits,BRL,Neosolar,NEO-26937,,,,,1,Kit Gerador Energia Solar 2.48kWp - Microinversor Deye c/ Wifi SUN2250 - Painel DAH Solar c/ Mini Trilho,,,0,1,2.48,2480,3242.7,,,draft,Solar Kit|Neosolar,0,1,6,0,Solar Kit Grid-Tie
,,,,kits,BRL,Neosolar,NEO-26923,,,,,1,Kit Gerador Energia Solar 1.24kWp - Microinversor Deye c/ Wifi SUN2250 - Painel DAH Solar com Mini Trilho,,,0,1,1.24,1240,2723.34,,,draft,Solar Kit|Neosolar,0,1,4,0,Solar Kit Grid-Tie
,,,,kits,BRL,Neosolar,NEO-26930,,,,,1,Kit Gerador Energia Solar 1.86kWp - Microinversor Deye c/ Wifi SUN2250 - Painel DAH Solar c/ Mini Trilho,,,0,1,1.86,1860,3056.35,,,draft,Solar Kit|Neosolar,0,1,5,0,Solar Kit Grid-Tie
,,,,kits,BRL,Neosolar,NEO-26944,,,,,1,Kit Gerador Energia Solar 0.62kWp - Microinversor Deye c/ Wifi SUN2250 - Painel DAH Solar c/ Mini Trilho,,,0,1,0.62,620,2280.58,,,draft,Solar Kit|Neosolar,0,1,3,0,Solar Kit Grid-Tie
,,,,kits,BRL,Neosolar,NEO-26929,,,,,1,Kit Gerador Energia Solar 1.86kWp - Microinversor Deye c/ Wifi SUN2250 - Painel DAH Solar c/ Gancho p/ Cêramica,,,0,1,1.86,1860,3062.47,,,draft,Solar Kit|Neosolar,0,1,5,0,Solar Kit Grid-Tie
,,,,kits,BRL,Neosolar,NEO-26943,,,,,1,Kit Gerador Energia Solar 0.62kWp - Microinversor Deye c/ Wifi SUN2250 - Painel DAH Solar c/ Gancho p/ Cerâmica,,,0,1,0.62,620,2283.29,,,draft,Solar Kit|Neosolar,0,1,3,0,Solar Kit Grid-Tie
,,,,kits,BRL,Neosolar,NEO-27160,,,,,1,Kit Gerador Energia Solar 2.8kWp - Microinversor Deye c/ Wifi SUN2250 - Painel DAH Solar Estrutura p/ Laje,,,0,1,2.8,2800,3408.54,,,draft,Solar Kit|Neosolar,0,1,6,0,Solar Kit Grid-Tie
,,,,kits,BRL,Neosolar,NEO-27162,,,,,1,Kit Gerador Energia Solar 2.8kWp - Microinversor Deye c/ Wifi SUN2250 - Painel DAH Solar Estrutura c/ Mini Trilho,,,0,1,2.8,2800,3252.64,,,draft,Solar Kit|Neosolar,0,1,6,0,Solar Kit Grid-Tie
,,,,kits,BRL,Neosolar,NEO-27146,,,,,1,Kit Gerador Energia Solar 1.4kWp - Microinversor Deye c/ Wifi SUN2250 - Painel DAH Solar Estrutura p/ Laje,,,0,1,1.4,1400,3053.39,,,draft,Solar Kit|Neosolar,0,1,4,0,Solar Kit Grid-Tie
,,,,kits,BRL,Neosolar,NEO-27153,,,,,1,Kit Gerador Energia Solar 2.1kWp - Microinversor Deye c/ Wifi SUN2250 - Painel DAH Solar Estrutura p/ Laje,,,0,1,2.1,2100,3417.42,,,draft,Solar Kit|Neosolar,0,1,5,0,Solar Kit Grid-Tie
,,,,kits,BRL,Neosolar,NEO-27167,,,,,1,Kit Gerador Energia Solar 700kWp - Microinversor Deye c/ Wifi SUN2250 - Painel DAH Solar Estrutura p/ Laje,,,0,1,700.0,700,2494.04,,,draft,Solar Kit|Neosolar,0,1,3,0,Solar Kit Grid-Tie
,,1,48,kits,BRL,Neosolar,NEO-26845,,,,,1,"Kit Energia Solar On Grid Híbrido - 3,7kWp Lítio 48V (26845)",,,620,6,7.0,3720,14800.61,,,draft,Solar Kit|Neosolar,1,1,6,0,Solar Kit Hybrid
,,1,48,kits,BRL,Neosolar,NEO-26857,,,,,1,"Kit Energia Solar On Grid Híbrido - 3,72kWp 4,8kWh Lítio 48V (26857)",,,620,6,72.0,3720,21559.38,,,draft,Solar Kit|Neosolar,1,1,6,0,Solar Kit Hybrid
,,,,kits,BRL,Neosolar,NEO-27091,,,,,1,"Kit de Energia Solar On Grid 3,72KWP-OS 5KW LI s/ Estrutura",,,620,6,72.0,3720,5327.97,,,draft,Solar Kit|Neosolar,0,1,6,0,Solar Kit Grid-Tie
,,,,kits,BRL,Neosolar,NEO-27131,,,,,1,"Kit de Energia Solar On Grid 3,72KWP-OS 5KW LI Estrutura p/ Madeira",,,620,6,72.0,3720,6071.97,,,draft,Solar Kit|Neosolar,0,1,6,0,Solar Kit Grid-Tie
,,1,48,kits,BRL,Neosolar,NEO-26795,,,,,1,"Kit Energia Solar On Grid Híbrido - 3,72kWp 4,8kWh Lítio 48V (26795)",,,620,6,72.0,3720,20843.75,,,draft,Solar Kit|Neosolar,1,1,6,0,Solar Kit Hybrid
,,1,48,kits,BRL,Neosolar,NEO-26783,,,,,1,"Kit Energia Solar On Grid Híbrido - 3,7kWp Lítio 48V (26783)",,,620,6,7.0,3720,14084.97,,,draft,Solar Kit|Neosolar,1,1,6,0,Solar Kit Hybrid
,,1,48,kits,BRL,Neosolar,NEO-26669,,,,,1,"Kit Energia Solar On Grid Híbrido - 8.06kWp 4,8kWh Lítio 48V (26669)",,,620,13,8.06,8060,31591.94,,,draft,Solar Kit|Neosolar,1,1,13,0,Solar Kit Hybrid
,,1,48,kits,BRL,Neosolar,NEO-26657,,,,,1,"Kit Energia Solar On Grid Híbrido - 3,72kWp 4,8kWh Lítio 48V (26657)",,,620,6,72.0,3720,21022.97,,,draft,Solar Kit|Neosolar,1,1,6,0,Solar Kit Hybrid
,,,,kits,BRL,Neosolar,NEO-27137,,,,,1,"Kit de Energia Solar On Grid 4,96KWP-OS 5KW LI Estrutura p/ Madeira",,,620,8,96.0,4960,7848.27,,,draft,Solar Kit|Neosolar,0,1,8,0,Solar Kit Grid-Tie
,,2,48,kits,BRL,Neosolar,NEO-26766,,,,,1,"Kit Energia Solar On Grid Híbrido - 5.65kWp 4,8kWh Lítio 48V (26766)",,,565,10,5.65,5650,27456.69,,,draft,Solar Kit|Neosolar,2,1,10,0,Solar Kit Hybrid
,,2,48,kits,BRL,Neosolar,NEO-26754,,,,,1,"Kit Energia Solar On Grid Híbrido - 5.65kWp 4,8kWh Lítio 48V (26754)",,,565,10,5.65,5650,20697.91,,,draft,Solar Kit|Neosolar,2,1,10,0,Solar Kit Hybrid
,,3,48,kits,BRL,Neosolar,NEO-26767,,,,,1,"Kit Energia Solar On Grid Híbrido - 5.65kWp 4,8kWh Lítio 48V (26767)",,,565,10,5.65,5650,31861.03,,,draft,Solar Kit|Neosolar,3,1,10,0,Solar Kit Hybrid
,,4,48,kits,BRL,Neosolar,NEO-26768,,,,,1,"Kit Energia Solar On Grid Híbrido - 5.65kWp 4,8kWh Lítio 48V (26768)",,,565,10,5.65,5650,0,,,draft,Solar Kit|Neosolar,4,1,10,0,Solar Kit Hybrid
,,3,48,kits,BRL,Neosolar,NEO-26755,,,,,1,"Kit Energia Solar On Grid Híbrido - 5.65kWp 4,8kWh Lítio 48V (26755)",,,565,10,5.65,5650,25102.25,,,draft,Solar Kit|Neosolar,3,1,10,0,Solar Kit Hybrid
,,3,48,kits,BRL,Neosolar,NEO-26817,,,,,1,"Kit Energia Solar On Grid Híbrido - 5.65kWp 4,8kWh Lítio 48V (26817)",,,565,10,5.65,5650,0,,,draft,Solar Kit|Neosolar,3,1,10,0,Solar Kit Hybrid
,,1,48,kits,BRL,Neosolar,NEO-26765,,,,,1,"Kit Energia Solar On Grid Híbrido - 5.65kWp 4,8kWh Lítio 48V (26765)",,,565,10,5.65,5650,23052.36,,,draft,Solar Kit|Neosolar,1,1,10,0,Solar Kit Hybrid
,,1,48,kits,BRL,Neosolar,NEO-26753,,,,,1,"Kit Energia Solar On Grid Híbrido - 5.65kWp 4,8kWh Lítio 48V (26753)",,,565,10,5.65,5650,16293.58,,,draft,Solar Kit|Neosolar,1,1,10,0,Solar Kit Hybrid
,,1,48,kits,BRL,Neosolar,NEO-26815,,,,,1,"Kit Energia Solar On Grid Híbrido - 5.65kWp 4,8kWh Lítio 48V (26815)",,,565,10,5.65,5650,0,,,draft,Solar Kit|Neosolar,1,1,10,0,Solar Kit Hybrid
,,2,48,kits,BRL,Neosolar,NEO-26816,,,,,1,"Kit Energia Solar On Grid Híbrido - 5.65kWp 4,8kWh Lítio 48V (26816)",,,565,10,5.65,5650,0,,,draft,Solar Kit|Neosolar,2,1,10,0,Solar Kit Hybrid
,,2,48,kits,BRL,Neosolar,NEO-26628,,,,,1,"Kit Energia Solar On Grid Híbrido - 5.65kWp 4,8kWh Lítio 48V (26628)",,,565,10,5.65,5650,0,,,draft,Solar Kit|Neosolar,2,1,10,0,Solar Kit Hybrid
,,,,kits,BRL,Neosolar,NEO-27166,,,,,1,Kit Gerador Energia Solar 2.8kWp - Microinversor Deye c/ Wifi SUN2250 - Painel DAH Solar s/ Estrutura,,,0,1,2.8,2800,3047.53,,,draft,Solar Kit|Neosolar,0,1,6,0,Solar Kit Grid-Tie
,,,,kits,BRL,Neosolar,NEO-26936,,,,,1,Kit Gerador Energia Solar 2.48kWp - Microinversor Deye c/ Wifi SUN2250 - Painel DAH Solar c/ Gancho p/ Cerâmica,,,0,1,2.48,2480,3247.51,,,draft,Solar Kit|Neosolar,0,1,6,0,Solar Kit Grid-Tie
,,,,kits,BRL,Neosolar,NEO-27130,,,,,1,"Kit de Energia Solar On Grid 3,72KWP-OS 5KW LI Estrutura c/ Mini Trilho",,,620,6,72.0,3720,6071.97,,,draft,Solar Kit|Neosolar,0,1,6,0,Solar Kit Grid-Tie
,,,,kits,BRL,Neosolar,NEO-27136,,,,,1,"Kit de Energia Solar On Grid 4,96KWP-OS 5KW LI Estrutura c/ Mini Trilho",,,620,8,96.0,4960,7848.27,,,draft,Solar Kit|Neosolar,0,1,8,0,Solar Kit Grid-Tie
,,1,6,kits,BRL,Neosolar,NEO-25050,,,,,1,Kit Energia Solar Off Grid - 870Wp 100Ah/24V Lítio (25050),,,435,2,0.87,870,6147.89,,,draft,Solar Kit|Neosolar,1,1,2,0,Solar Kit Off-Grid
,,,,kits,BRL,Neosolar,NEO-27128,,,,,1,"Kit de Energia Solar On Grid 3,72KWP-OS 5KW LI Estrutura p/ Laje",,,620,6,72.0,3720,6629.97,,,draft,Solar Kit|Neosolar,0,1,6,0,Solar Kit Grid-Tie
,,,,kits,BRL,Neosolar,NEO-27134,,,,,1,"Kit de Energia Solar On Grid 4,96KWP-OS 5KW LI Estrutura p/ Laje",,,620,8,96.0,4960,8406.27,,,draft,Solar Kit|Neosolar,0,1,8,0,Solar Kit Grid-Tie
,,,,kits,BRL,Neosolar,NEO-27161,,,,,1,Kit Gerador Energia Solar 2.8kWp - Microinversor Deye c/ Wifi SUN2250 - Painel DAH Solar c/ Gancho p/ Cerâmica,,,0,1,2.8,2800,3252.57,,,draft,Solar Kit|Neosolar,0,1,6,0,Solar Kit Grid-Tie
,,1,48,kits,BRL,Neosolar,NEO-25055,,,,,1,"Kit Energia Solar Off Grid - 1,31kWp 105Ah 48V Lítio (25055)",,,435,3,31.0,1305,6990.92,,,draft,Solar Kit|Neosolar,1,1,3,0,Solar Kit Off-Grid
,,4,48,kits,BRL,Neosolar,NEO-26630,,,,,1,"Kit Energia Solar On Grid Híbrido - 5.65kWp 4,8kWh Lítio 48V (26630)",,,565,10,5.65,5650,0,,,draft,Solar Kit|Neosolar,4,1,10,0,Solar Kit Hybrid
,,,,kits,BRL,Neosolar,NEO-27141,,,,,2,"Kit de Energia Solar On Grid 6,20KWP-OS 5KW LI c/ Gancho p/ Cerâmica",,,620,10,20.0,6200,9996.57,,,draft,Solar Kit|Neosolar,0,2,10,0,Solar Kit Grid-Tie
,,5,48,kits,BRL,Neosolar,NEO-26674,,,,,1,"Kit Energia Solar On Grid Híbrido - 14.88kWp 4,8kWh Lítio 48V (26674)",,,620,24,14.88,14880,0,,,draft,Solar Kit|Neosolar,5,1,24,0,Solar Kit Hybrid
,,4,48,kits,BRL,Neosolar,NEO-26673,,,,,1,"Kit Energia Solar On Grid Híbrido - 14.88kWp 4,8kWh Lítio 48V (26673)",,,620,24,14.88,14880,0,,,draft,Solar Kit|Neosolar,4,1,24,0,Solar Kit Hybrid
,,6,48,kits,BRL,Neosolar,NEO-26675,,,,,1,"Kit Energia Solar On Grid Híbrido - 14.88kWp 4,8kWh Lítio 48V (26675)",,,620,24,14.88,14880,0,,,draft,Solar Kit|Neosolar,6,1,24,0,Solar Kit Hybrid
,,3,48,kits,BRL,Neosolar,NEO-26860,,,,,1,"Kit Energia Solar On Grid Híbrido - 6,2kWp 4,8kWh Lítio 48V (26860)",,,620,10,2.0,6200,0,,,draft,Solar Kit|Neosolar,3,1,10,0,Solar Kit Hybrid
,,4,48,kits,BRL,Neosolar,NEO-26861,,,,,1,"Kit Energia Solar On Grid Híbrido - 6,2kWp 4,8kWh Lítio 48V (26861)",,,620,10,2.0,6200,0,,,draft,Solar Kit|Neosolar,4,1,10,0,Solar Kit Hybrid
,,4,48,kits,BRL,Neosolar,NEO-26799,,,,,1,"Kit Energia Solar On Grid Híbrido - 6,2kWp 4,8kWh Lítio 48V (26799)",,,620,10,2.0,6200,0,,,draft,Solar Kit|Neosolar,4,1,10,0,Solar Kit Hybrid
,,1,48,kits,BRL,Neosolar,NEO-26858,,,,,1,"Kit Energia Solar On Grid Híbrido - 6,2kWp 4,8kWh Lítio 48V (26658)",,,620,10,2.0,6200,0,,,draft,Solar Kit|Neosolar,1,1,10,0,Solar Kit Hybrid
,,2,48,kits,BRL,Neosolar,NEO-26859,,,,,1,"Kit Energia Solar On Grid Híbrido - 6,2kWp 4,8kWh Lítio 48V (26859)",,,620,10,2.0,6200,0,,,draft,Solar Kit|Neosolar,2,1,10,0,Solar Kit Hybrid
,,4,48,kits,BRL,Neosolar,NEO-26849,,,,,1,"Kit Energia Solar On Grid Híbrido - 6,2kWp Lítio 48V (26849)",,,620,10,2.0,6200,0,,,draft,Solar Kit|Neosolar,4,1,10,0,Solar Kit Hybrid
,,3,48,kits,BRL,Neosolar,NEO-26848,,,,,1,"Kit Energia Solar On Grid Híbrido - 6,2kWp Lítio 48V (26848)",,,620,10,2.0,6200,0,,,draft,Solar Kit|Neosolar,3,1,10,0,Solar Kit Hybrid
,,1,48,kits,BRL,Neosolar,NEO-26846,,,,,1,"Kit Energia Solar On Grid Híbrido - 6,2kWp Lítio 48V (26846)",,,620,10,2.0,6200,0,,,draft,Solar Kit|Neosolar,1,1,10,0,Solar Kit Hybrid
,,2,48,kits,BRL,Neosolar,NEO-26847,,,,,1,"Kit Energia Solar On Grid Híbrido - 6,2kWp Lítio 48V (26847)",,,620,10,2.0,6200,0,,,draft,Solar Kit|Neosolar,2,1,10,0,Solar Kit Hybrid
,,,,kits,BRL,Neosolar,NEO-27093,,,,,2,"Kit de Energia Solar On Grid 6,20KWP-OS 5KW LI s/ Estrutura",,,620,10,20.0,6200,8880.57,,,draft,Solar Kit|Neosolar,0,2,10,0,Solar Kit Grid-Tie
,,2,48,kits,BRL,Neosolar,NEO-26785,,,,,1,"Kit Energia Solar On Grid Híbrido - 6,2kWp Lítio 48V (26785)",,,620,10,2.0,6200,21254.52,,,draft,Solar Kit|Neosolar,2,1,10,0,Solar Kit Hybrid
,,3,48,kits,BRL,Neosolar,NEO-26786,,,,,1,"Kit Energia Solar On Grid Híbrido - 6,2kWp Lítio 48V (26786)",,,620,10,2.0,6200,25658.86,,,draft,Solar Kit|Neosolar,3,1,10,0,Solar Kit Hybrid
,,1,48,kits,BRL,Neosolar,NEO-26796,,,,,1,"Kit Energia Solar On Grid Híbrido - 6,2kWp 4,8kWh Lítio 48V (26796)",,,620,10,2.0,6200,23608.96,,,draft,Solar Kit|Neosolar,1,1,10,0,Solar Kit Hybrid
,,1,48,kits,BRL,Neosolar,NEO-26784,,,,,1,"Kit Energia Solar On Grid Híbrido - 6,2kWp Lítio 48V (26784)",,,620,10,2.0,6200,16850.19,,,draft,Solar Kit|Neosolar,1,1,10,0,Solar Kit Hybrid
,,3,48,kits,BRL,Neosolar,NEO-26798,,,,,1,"Kit Energia Solar On Grid Híbrido - 6,2kWp 4,8kWh Lítio 48V (26798)",,,620,10,2.0,6200,32417.63,,,draft,Solar Kit|Neosolar,3,1,10,0,Solar Kit Hybrid
,,2,48,kits,BRL,Neosolar,NEO-26797,,,,,1,"Kit Energia Solar On Grid Híbrido - 6,2kWp 4,8kWh Lítio 48V (26797)",,,620,10,2.0,6200,28013.29,,,draft,Solar Kit|Neosolar,2,1,10,0,Solar Kit Hybrid
,,4,48,kits,BRL,Neosolar,NEO-26787,,,,,1,"Kit Energia Solar On Grid Híbrido - 6,2kWp Lítio 48V (26787)",,,620,10,2.0,6200,0,,,draft,Solar Kit|Neosolar,4,1,10,0,Solar Kit Hybrid
,,1,48,kits,BRL,Neosolar,NEO-26670,,,,,1,"Kit Energia Solar On Grid Híbrido - 14.88kWp 4,8kWh Lítio 48V (26670)",,,620,24,14.88,14880,39291.55,,,draft,Solar Kit|Neosolar,1,1,24,0,Solar Kit Hybrid
,,3,48,kits,BRL,Neosolar,NEO-26672,,,,,1,"Kit Energia Solar On Grid Híbrido - 14.88kWp 4,8kWh Lítio 48V (26672)",,,620,24,14.88,14880,0,,,draft,Solar Kit|Neosolar,3,1,24,0,Solar Kit Hybrid
,,2,48,kits,BRL,Neosolar,NEO-26671,,,,,1,"Kit Energia Solar On Grid Híbrido - 14.88kWp 4,8kWh Lítio 48V (26671)",,,620,24,14.88,14880,0,,,draft,Solar Kit|Neosolar,2,1,24,0,Solar Kit Hybrid
,,,,kits,BRL,Neosolar,NEO-26927,,,,,1,Kit Gerador Energia Solar 1.24kWp - Microinversor Deye c/ Wifi SUN2250 - Painel DAH Solar,,,0,1,1.24,1240,2353.87,,,draft,Solar Kit|Neosolar,0,1,4,0,Solar Kit Grid-Tie
,,,,kits,BRL,Neosolar,NEO-26948,,,,,1,Kit Gerador Energia Solar 0.62kWp - Microinversor Deye c/ Wifi SUN2250 - Painel DAH Solar s/ Estrutura,,,0,1,0.62,620,1910.91,,,draft,Solar Kit|Neosolar,0,1,3,0,Solar Kit Grid-Tie
,,,,kits,BRL,Neosolar,NEO-26934,,,,,1,Kit Gerador Energia Solar 1.86kWp - Microinversor Deye c/ Wifi SUN2250 - Painel DAH Solar s/ Estrutura,,,0,1,1.86,1860,2687.2,,,draft,Solar Kit|Neosolar,0,1,5,0,Solar Kit Grid-Tie
,,,,kits,BRL,Neosolar,NEO-27152,,,,,1,Kit Gerador Energia Solar 1.4kWp - Microinversor Deye c/ Wifi SUN2250 - Painel DAH Solar s/ Estrutura,,,0,1,1.4,1400,2698.14,,,draft,Solar Kit|Neosolar,0,1,4,0,Solar Kit Grid-Tie
,,,,kits,BRL,Neosolar,NEO-27156,,,,,1,Kit Gerador Energia Solar 2.1kWp - Microinversor Deye c/ Wifi SUN2250 - Painel DAH Solar Estrutura p/ Madeira,,,0,1,2.1,2100,3258.74,,,draft,Solar Kit|Neosolar,0,1,5,0,Solar Kit Grid-Tie
,,,,kits,BRL,Neosolar,NEO-27149,,,,,1,Kit Gerador Energia Solar 1.4kWp - Microinversor Deye c/ Wifi SUN2250 - Painel DAH Solar Estrutura p/ Madeira,,,0,1,1.4,1400,2897.54,,,draft,Solar Kit|Neosolar,0,1,4,0,Solar Kit Grid-Tie
,,,,kits,BRL,Neosolar,NEO-26941,,,,,1,Kit Gerador Energia Solar 2.48kWp - Microinversor Deye c/ Wifi SUN2250 - Painel DAH Solar s/ Estrutura,,,0,1,2.48,2480,2873.94,,,draft,Solar Kit|Neosolar,0,1,6,0,Solar Kit Grid-Tie
,,,,kits,BRL,Neosolar,NEO-26945,,,,,1,Kit Gerador Energia Solar 0.62kWp - Microinversor Deye c/ Wifi SUN2250 - Painel DAH Solar c/ Parafuso Madeira,,,0,1,0.62,620,2280.09,,,draft,Solar Kit|Neosolar,0,1,3,0,Solar Kit Grid-Tie
,,,,kits,BRL,Neosolar,NEO-27157,,,,,1,Kit Gerador Energia Solar 2.1kWp - Microinversor Deye c/ Wifi SUN2250 - Painel DAH Solar Estrutura Metálica,,,0,1,2.1,2100,3258.74,,,draft,Solar Kit|Neosolar,0,1,5,0,Solar Kit Grid-Tie
,,,,kits,BRL,Neosolar,NEO-27150,,,,,1,Kit Gerador Energia Solar 1.4kWp - Microinversor Deye c/ Wifi SUN2250 - Painel DAH Solar Estrutura Metálica,,,0,1,1.4,1400,2897.54,,,draft,Solar Kit|Neosolar,0,1,4,0,Solar Kit Grid-Tie
,,,,kits,BRL,Neosolar,NEO-27171,,,,,1,Kit Gerador Energia Solar 700kWp - Microinversor Deye c/ Wifi SUN2250 - Painel DAH Solar Estrutura Metálica,,,0,1,700.0,700,2342.52,,,draft,Solar Kit|Neosolar,0,1,3,0,Solar Kit Grid-Tie
,,,,kits,BRL,Neosolar,NEO-26931,,,,,1,Kit Gerador Energia Solar 1.86kWp - Microinversor Deye c/ Wifi SUN2250 - Painel DAH Solar c/ Parafuso Madeira,,,0,1,1.86,1860,3060.7,,,draft,Solar Kit|Neosolar,0,1,5,0,Solar Kit Grid-Tie
,,,,kits,BRL,Neosolar,NEO-26924,,,,,1,Kit Gerador Energia Solar 1.24kWp - Microinversor Deye c/ Wifi SUN2250 - Painel DAH Solar c/ Parafuso Madeira,,,0,1,1.24,1240,2722.97,,,draft,Solar Kit|Neosolar,0,1,4,0,Solar Kit Grid-Tie
,,,,kits,BRL,Neosolar,NEO-27163,,,,,1,Kit Gerador Energia Solar 2.8kWp - Microinversor Deye c/ Wifi SUN2250 - Painel DAH Solar Estrutura p/ Madeira,,,0,1,2.8,2800,3249.93,,,draft,Solar Kit|Neosolar,0,1,6,0,Solar Kit Grid-Tie
,,,,kits,BRL,Neosolar,NEO-26922,,,,,1,Kit Gerador Energia Solar 1.24kWp - Microinversor Deye c/ Wifi SUN2250 - Painel DAH Solar com GANCHO p/ CERÂMICA,,,0,1,1.24,1240,2725.43,,,draft,Solar Kit|Neosolar,0,1,4,0,Solar Kit Grid-Tie
,,,,kits,BRL,Neosolar,NEO-26937,,,,,1,Kit Gerador Energia Solar 2.48kWp - Microinversor Deye c/ Wifi SUN2250 - Painel DAH Solar c/ Mini Trilho,,,0,1,2.48,2480,3242.7,,,draft,Solar Kit|Neosolar,0,1,6,0,Solar Kit Grid-Tie
,,,,kits,BRL,Neosolar,NEO-26923,,,,,1,Kit Gerador Energia Solar 1.24kWp - Microinversor Deye c/ Wifi SUN2250 - Painel DAH Solar com Mini Trilho,,,0,1,1.24,1240,2723.34,,,draft,Solar Kit|Neosolar,0,1,4,0,Solar Kit Grid-Tie
,,,,kits,BRL,Neosolar,NEO-26930,,,,,1,Kit Gerador Energia Solar 1.86kWp - Microinversor Deye c/ Wifi SUN2250 - Painel DAH Solar c/ Mini Trilho,,,0,1,1.86,1860,3056.35,,,draft,Solar Kit|Neosolar,0,1,5,0,Solar Kit Grid-Tie
,,,,kits,BRL,Neosolar,NEO-26944,,,,,1,Kit Gerador Energia Solar 0.62kWp - Microinversor Deye c/ Wifi SUN2250 - Painel DAH Solar c/ Mini Trilho,,,0,1,0.62,620,2280.58,,,draft,Solar Kit|Neosolar,0,1,3,0,Solar Kit Grid-Tie
,,,,kits,BRL,Neosolar,NEO-26929,,,,,1,Kit Gerador Energia Solar 1.86kWp - Microinversor Deye c/ Wifi SUN2250 - Painel DAH Solar c/ Gancho p/ Cêramica,,,0,1,1.86,1860,3062.47,,,draft,Solar Kit|Neosolar,0,1,5,0,Solar Kit Grid-Tie
,,,,kits,BRL,Neosolar,NEO-26943,,,,,1,Kit Gerador Energia Solar 0.62kWp - Microinversor Deye c/ Wifi SUN2250 - Painel DAH Solar c/ Gancho p/ Cerâmica,,,0,1,0.62,620,2283.29,,,draft,Solar Kit|Neosolar,0,1,3,0,Solar Kit Grid-Tie
,,,,kits,BRL,Neosolar,NEO-27160,,,,,1,Kit Gerador Energia Solar 2.8kWp - Microinversor Deye c/ Wifi SUN2250 - Painel DAH Solar Estrutura p/ Laje,,,0,1,2.8,2800,3408.54,,,draft,Solar Kit|Neosolar,0,1,6,0,Solar Kit Grid-Tie
,,,,kits,BRL,Neosolar,NEO-27162,,,,,1,Kit Gerador Energia Solar 2.8kWp - Microinversor Deye c/ Wifi SUN2250 - Painel DAH Solar Estrutura c/ Mini Trilho,,,0,1,2.8,2800,3252.64,,,draft,Solar Kit|Neosolar,0,1,6,0,Solar Kit Grid-Tie
,,,,kits,BRL,Neosolar,NEO-27146,,,,,1,Kit Gerador Energia Solar 1.4kWp - Microinversor Deye c/ Wifi SUN2250 - Painel DAH Solar Estrutura p/ Laje,,,0,1,1.4,1400,3053.39,,,draft,Solar Kit|Neosolar,0,1,4,0,Solar Kit Grid-Tie
,,,,kits,BRL,Neosolar,NEO-27153,,,,,1,Kit Gerador Energia Solar 2.1kWp - Microinversor Deye c/ Wifi SUN2250 - Painel DAH Solar Estrutura p/ Laje,,,0,1,2.1,2100,3417.42,,,draft,Solar Kit|Neosolar,0,1,5,0,Solar Kit Grid-Tie
,,,,kits,BRL,Neosolar,NEO-27167,,,,,1,Kit Gerador Energia Solar 700kWp - Microinversor Deye c/ Wifi SUN2250 - Painel DAH Solar Estrutura p/ Laje,,,0,1,700.0,700,2494.04,,,draft,Solar Kit|Neosolar,0,1,3,0,Solar Kit Grid-Tie
,,1,48,kits,BRL,Neosolar,NEO-26845,,,,,1,"Kit Energia Solar On Grid Híbrido - 3,7kWp Lítio 48V (26845)",,,620,6,7.0,3720,14800.61,,,draft,Solar Kit|Neosolar,1,1,6,0,Solar Kit Hybrid
,,1,48,kits,BRL,Neosolar,NEO-26857,,,,,1,"Kit Energia Solar On Grid Híbrido - 3,72kWp 4,8kWh Lítio 48V (26857)",,,620,6,72.0,3720,21559.38,,,draft,Solar Kit|Neosolar,1,1,6,0,Solar Kit Hybrid
,,,,kits,BRL,Neosolar,NEO-27091,,,,,1,"Kit de Energia Solar On Grid 3,72KWP-OS 5KW LI s/ Estrutura",,,620,6,72.0,3720,5327.97,,,draft,Solar Kit|Neosolar,0,1,6,0,Solar Kit Grid-Tie
,,,,kits,BRL,Neosolar,NEO-27131,,,,,1,"Kit de Energia Solar On Grid 3,72KWP-OS 5KW LI Estrutura p/ Madeira",,,620,6,72.0,3720,6071.97,,,draft,Solar Kit|Neosolar,0,1,6,0,Solar Kit Grid-Tie
,,1,48,kits,BRL,Neosolar,NEO-26795,,,,,1,"Kit Energia Solar On Grid Híbrido - 3,72kWp 4,8kWh Lítio 48V (26795)",,,620,6,72.0,3720,20843.75,,,draft,Solar Kit|Neosolar,1,1,6,0,Solar Kit Hybrid
,,1,48,kits,BRL,Neosolar,NEO-26783,,,,,1,"Kit Energia Solar On Grid Híbrido - 3,7kWp Lítio 48V (26783)",,,620,6,7.0,3720,14084.97,,,draft,Solar Kit|Neosolar,1,1,6,0,Solar Kit Hybrid
,,1,48,kits,BRL,Neosolar,NEO-26669,,,,,1,"Kit Energia Solar On Grid Híbrido - 8.06kWp 4,8kWh Lítio 48V (26669)",,,620,13,8.06,8060,31591.94,,,draft,Solar Kit|Neosolar,1,1,13,0,Solar Kit Hybrid
,,1,48,kits,BRL,Neosolar,NEO-26657,,,,,1,"Kit Energia Solar On Grid Híbrido - 3,72kWp 4,8kWh Lítio 48V (26657)",,,620,6,72.0,3720,21022.97,,,draft,Solar Kit|Neosolar,1,1,6,0,Solar Kit Hybrid
,,,,kits,BRL,Neosolar,NEO-27137,,,,,1,"Kit de Energia Solar On Grid 4,96KWP-OS 5KW LI Estrutura p/ Madeira",,,620,8,96.0,4960,7848.27,,,draft,Solar Kit|Neosolar,0,1,8,0,Solar Kit Grid-Tie
,,2,48,kits,BRL,Neosolar,NEO-26766,,,,,1,"Kit Energia Solar On Grid Híbrido - 5.65kWp 4,8kWh Lítio 48V (26766)",,,565,10,5.65,5650,27456.69,,,draft,Solar Kit|Neosolar,2,1,10,0,Solar Kit Hybrid
,,2,48,kits,BRL,Neosolar,NEO-26754,,,,,1,"Kit Energia Solar On Grid Híbrido - 5.65kWp 4,8kWh Lítio 48V (26754)",,,565,10,5.65,5650,20697.91,,,draft,Solar Kit|Neosolar,2,1,10,0,Solar Kit Hybrid
,,3,48,kits,BRL,Neosolar,NEO-26767,,,,,1,"Kit Energia Solar On Grid Híbrido - 5.65kWp 4,8kWh Lítio 48V (26767)",,,565,10,5.65,5650,31861.03,,,draft,Solar Kit|Neosolar,3,1,10,0,Solar Kit Hybrid
,,4,48,kits,BRL,Neosolar,NEO-26768,,,,,1,"Kit Energia Solar On Grid Híbrido - 5.65kWp 4,8kWh Lítio 48V (26768)",,,565,10,5.65,5650,0,,,draft,Solar Kit|Neosolar,4,1,10,0,Solar Kit Hybrid
,,3,48,kits,BRL,Neosolar,NEO-26755,,,,,1,"Kit Energia Solar On Grid Híbrido - 5.65kWp 4,8kWh Lítio 48V (26755)",,,565,10,5.65,5650,25102.25,,,draft,Solar Kit|Neosolar,3,1,10,0,Solar Kit Hybrid
,,3,48,kits,BRL,Neosolar,NEO-26817,,,,,1,"Kit Energia Solar On Grid Híbrido - 5.65kWp 4,8kWh Lítio 48V (26817)",,,565,10,5.65,5650,0,,,draft,Solar Kit|Neosolar,3,1,10,0,Solar Kit Hybrid
,,1,48,kits,BRL,Neosolar,NEO-26765,,,,,1,"Kit Energia Solar On Grid Híbrido - 5.65kWp 4,8kWh Lítio 48V (26765)",,,565,10,5.65,5650,23052.36,,,draft,Solar Kit|Neosolar,1,1,10,0,Solar Kit Hybrid
,,1,48,kits,BRL,Neosolar,NEO-26753,,,,,1,"Kit Energia Solar On Grid Híbrido - 5.65kWp 4,8kWh Lítio 48V (26753)",,,565,10,5.65,5650,16293.58,,,draft,Solar Kit|Neosolar,1,1,10,0,Solar Kit Hybrid
,,1,48,kits,BRL,Neosolar,NEO-26815,,,,,1,"Kit Energia Solar On Grid Híbrido - 5.65kWp 4,8kWh Lítio 48V (26815)",,,565,10,5.65,5650,0,,,draft,Solar Kit|Neosolar,1,1,10,0,Solar Kit Hybrid
,,2,48,kits,BRL,Neosolar,NEO-26816,,,,,1,"Kit Energia Solar On Grid Híbrido - 5.65kWp 4,8kWh Lítio 48V (26816)",,,565,10,5.65,5650,0,,,draft,Solar Kit|Neosolar,2,1,10,0,Solar Kit Hybrid
,,2,48,kits,BRL,Neosolar,NEO-26628,,,,,1,"Kit Energia Solar On Grid Híbrido - 5.65kWp 4,8kWh Lítio 48V (26628)",,,565,10,5.65,5650,0,,,draft,Solar Kit|Neosolar,2,1,10,0,Solar Kit Hybrid
,,,,kits,BRL,Neosolar,NEO-27166,,,,,1,Kit Gerador Energia Solar 2.8kWp - Microinversor Deye c/ Wifi SUN2250 - Painel DAH Solar s/ Estrutura,,,0,1,2.8,2800,3047.53,,,draft,Solar Kit|Neosolar,0,1,6,0,Solar Kit Grid-Tie
,,,,kits,BRL,Neosolar,NEO-26936,,,,,1,Kit Gerador Energia Solar 2.48kWp - Microinversor Deye c/ Wifi SUN2250 - Painel DAH Solar c/ Gancho p/ Cerâmica,,,0,1,2.48,2480,3247.51,,,draft,Solar Kit|Neosolar,0,1,6,0,Solar Kit Grid-Tie
,,,,kits,BRL,Neosolar,NEO-27130,,,,,1,"Kit de Energia Solar On Grid 3,72KWP-OS 5KW LI Estrutura c/ Mini Trilho",,,620,6,72.0,3720,6071.97,,,draft,Solar Kit|Neosolar,0,1,6,0,Solar Kit Grid-Tie
,,,,kits,BRL,Neosolar,NEO-27136,,,,,1,"Kit de Energia Solar On Grid 4,96KWP-OS 5KW LI Estrutura c/ Mini Trilho",,,620,8,96.0,4960,7848.27,,,draft,Solar Kit|Neosolar,0,1,8,0,Solar Kit Grid-Tie
,,1,6,kits,BRL,Neosolar,NEO-25050,,,,,1,Kit Energia Solar Off Grid - 870Wp 100Ah/24V Lítio (25050),,,435,2,0.87,870,6147.89,,,draft,Solar Kit|Neosolar,1,1,2,0,Solar Kit Off-Grid
,,,,kits,BRL,Neosolar,NEO-27128,,,,,1,"Kit de Energia Solar On Grid 3,72KWP-OS 5KW LI Estrutura p/ Laje",,,620,6,72.0,3720,6629.97,,,draft,Solar Kit|Neosolar,0,1,6,0,Solar Kit Grid-Tie
,,,,kits,BRL,Neosolar,NEO-27134,,,,,1,"Kit de Energia Solar On Grid 4,96KWP-OS 5KW LI Estrutura p/ Laje",,,620,8,96.0,4960,8406.27,,,draft,Solar Kit|Neosolar,0,1,8,0,Solar Kit Grid-Tie
,,,,kits,BRL,Neosolar,NEO-27161,,,,,1,Kit Gerador Energia Solar 2.8kWp - Microinversor Deye c/ Wifi SUN2250 - Painel DAH Solar c/ Gancho p/ Cerâmica,,,0,1,2.8,2800,3252.57,,,draft,Solar Kit|Neosolar,0,1,6,0,Solar Kit Grid-Tie
,,1,48,kits,BRL,Neosolar,NEO-25055,,,,,1,"Kit Energia Solar Off Grid - 1,31kWp 105Ah 48V Lítio (25055)",,,435,3,31.0,1305,6990.92,,,draft,Solar Kit|Neosolar,1,1,3,0,Solar Kit Off-Grid
,,4,48,kits,BRL,Neosolar,NEO-26630,,,,,1,"Kit Energia Solar On Grid Híbrido - 5.65kWp 4,8kWh Lítio 48V (26630)",,,565,10,5.65,5650,0,,,draft,Solar Kit|Neosolar,4,1,10,0,Solar Kit Hybrid
,,,,kits,BRL,Neosolar,NEO-27141,,,,,2,"Kit de Energia Solar On Grid 6,20KWP-OS 5KW LI c/ Gancho p/ Cerâmica",,,620,10,20.0,6200,9996.57,,,draft,Solar Kit|Neosolar,0,2,10,0,Solar Kit Grid-Tie
,,5,48,kits,BRL,Neosolar,NEO-26674,,,,,1,"Kit Energia Solar On Grid Híbrido - 14.88kWp 4,8kWh Lítio 48V (26674)",,,620,24,14.88,14880,0,,,draft,Solar Kit|Neosolar,5,1,24,0,Solar Kit Hybrid
,,4,48,kits,BRL,Neosolar,NEO-26673,,,,,1,"Kit Energia Solar On Grid Híbrido - 14.88kWp 4,8kWh Lítio 48V (26673)",,,620,24,14.88,14880,0,,,draft,Solar Kit|Neosolar,4,1,24,0,Solar Kit Hybrid
,,6,48,kits,BRL,Neosolar,NEO-26675,,,,,1,"Kit Energia Solar On Grid Híbrido - 14.88kWp 4,8kWh Lítio 48V (26675)",,,620,24,14.88,14880,0,,,draft,Solar Kit|Neosolar,6,1,24,0,Solar Kit Hybrid
,,3,48,kits,BRL,Neosolar,NEO-26860,,,,,1,"Kit Energia Solar On Grid Híbrido - 6,2kWp 4,8kWh Lítio 48V (26860)",,,620,10,2.0,6200,0,,,draft,Solar Kit|Neosolar,3,1,10,0,Solar Kit Hybrid
,,4,48,kits,BRL,Neosolar,NEO-26861,,,,,1,"Kit Energia Solar On Grid Híbrido - 6,2kWp 4,8kWh Lítio 48V (26861)",,,620,10,2.0,6200,0,,,draft,Solar Kit|Neosolar,4,1,10,0,Solar Kit Hybrid
,,4,48,kits,BRL,Neosolar,NEO-26799,,,,,1,"Kit Energia Solar On Grid Híbrido - 6,2kWp 4,8kWh Lítio 48V (26799)",,,620,10,2.0,6200,0,,,draft,Solar Kit|Neosolar,4,1,10,0,Solar Kit Hybrid
,,1,48,kits,BRL,Neosolar,NEO-26858,,,,,1,"Kit Energia Solar On Grid Híbrido - 6,2kWp 4,8kWh Lítio 48V (26658)",,,620,10,2.0,6200,0,,,draft,Solar Kit|Neosolar,1,1,10,0,Solar Kit Hybrid
,,2,48,kits,BRL,Neosolar,NEO-26859,,,,,1,"Kit Energia Solar On Grid Híbrido - 6,2kWp 4,8kWh Lítio 48V (26859)",,,620,10,2.0,6200,0,,,draft,Solar Kit|Neosolar,2,1,10,0,Solar Kit Hybrid
,,4,48,kits,BRL,Neosolar,NEO-26849,,,,,1,"Kit Energia Solar On Grid Híbrido - 6,2kWp Lítio 48V (26849)",,,620,10,2.0,6200,0,,,draft,Solar Kit|Neosolar,4,1,10,0,Solar Kit Hybrid
,,3,48,kits,BRL,Neosolar,NEO-26848,,,,,1,"Kit Energia Solar On Grid Híbrido - 6,2kWp Lítio 48V (26848)",,,620,10,2.0,6200,0,,,draft,Solar Kit|Neosolar,3,1,10,0,Solar Kit Hybrid
,,1,48,kits,BRL,Neosolar,NEO-26846,,,,,1,"Kit Energia Solar On Grid Híbrido - 6,2kWp Lítio 48V (26846)",,,620,10,2.0,6200,0,,,draft,Solar Kit|Neosolar,1,1,10,0,Solar Kit Hybrid
,,2,48,kits,BRL,Neosolar,NEO-26847,,,,,1,"Kit Energia Solar On Grid Híbrido - 6,2kWp Lítio 48V (26847)",,,620,10,2.0,6200,0,,,draft,Solar Kit|Neosolar,2,1,10,0,Solar Kit Hybrid
,,,,kits,BRL,Neosolar,NEO-27093,,,,,2,"Kit de Energia Solar On Grid 6,20KWP-OS 5KW LI s/ Estrutura",,,620,10,20.0,6200,8880.57,,,draft,Solar Kit|Neosolar,0,2,10,0,Solar Kit Grid-Tie
,,2,48,kits,BRL,Neosolar,NEO-26785,,,,,1,"Kit Energia Solar On Grid Híbrido - 6,2kWp Lítio 48V (26785)",,,620,10,2.0,6200,21254.52,,,draft,Solar Kit|Neosolar,2,1,10,0,Solar Kit Hybrid
,,3,48,kits,BRL,Neosolar,NEO-26786,,,,,1,"Kit Energia Solar On Grid Híbrido - 6,2kWp Lítio 48V (26786)",,,620,10,2.0,6200,25658.86,,,draft,Solar Kit|Neosolar,3,1,10,0,Solar Kit Hybrid
,,1,48,kits,BRL,Neosolar,NEO-26796,,,,,1,"Kit Energia Solar On Grid Híbrido - 6,2kWp 4,8kWh Lítio 48V (26796)",,,620,10,2.0,6200,23608.96,,,draft,Solar Kit|Neosolar,1,1,10,0,Solar Kit Hybrid
,,1,48,kits,BRL,Neosolar,NEO-26784,,,,,1,"Kit Energia Solar On Grid Híbrido - 6,2kWp Lítio 48V (26784)",,,620,10,2.0,6200,16850.19,,,draft,Solar Kit|Neosolar,1,1,10,0,Solar Kit Hybrid
,,3,48,kits,BRL,Neosolar,NEO-26798,,,,,1,"Kit Energia Solar On Grid Híbrido - 6,2kWp 4,8kWh Lítio 48V (26798)",,,620,10,2.0,6200,32417.63,,,draft,Solar Kit|Neosolar,3,1,10,0,Solar Kit Hybrid
,,2,48,kits,BRL,Neosolar,NEO-26797,,,,,1,"Kit Energia Solar On Grid Híbrido - 6,2kWp 4,8kWh Lítio 48V (26797)",,,620,10,2.0,6200,28013.29,,,draft,Solar Kit|Neosolar,2,1,10,0,Solar Kit Hybrid
,,4,48,kits,BRL,Neosolar,NEO-26787,,,,,1,"Kit Energia Solar On Grid Híbrido - 6,2kWp Lítio 48V (26787)",,,620,10,2.0,6200,0,,,draft,Solar Kit|Neosolar,4,1,10,0,Solar Kit Hybrid
,,1,48,kits,BRL,Neosolar,NEO-26670,,,,,1,"Kit Energia Solar On Grid Híbrido - 14.88kWp 4,8kWh Lítio 48V (26670)",,,620,24,14.88,14880,39291.55,,,draft,Solar Kit|Neosolar,1,1,24,0,Solar Kit Hybrid
,,3,48,kits,BRL,Neosolar,NEO-26672,,,,,1,"Kit Energia Solar On Grid Híbrido - 14.88kWp 4,8kWh Lítio 48V (26672)",,,620,24,14.88,14880,0,,,draft,Solar Kit|Neosolar,3,1,24,0,Solar Kit Hybrid
,,2,48,kits,BRL,Neosolar,NEO-26671,,,,,1,"Kit Energia Solar On Grid Híbrido - 14.88kWp 4,8kWh Lítio 48V (26671)",,,620,24,14.88,14880,0,,,draft,Solar Kit|Neosolar,2,1,24,0,Solar Kit Hybrid
,,,,kits,BRL,Neosolar,NEO-27164,,,,,1,Kit Gerador Energia Solar 2.8kWp - Microinversor Deye c/ Wifi SUN2250 - Painel DAH Solar Estrutura Metálica,,,0,1,2.8,2800,3249.93,,,draft,Solar Kit|Neosolar,0,1,6,0,Solar Kit Grid-Tie
,,,,kits,BRL,Neosolar,NEO-27027,,,,,2,"Kit de Energia Solar On Grid 9,3KWP-OS 10,0KW LI Estrutura p/ Cerâmica",,,565,20,3.0,11300,13121.37,,,draft,Solar Kit|Neosolar,0,2,20,0,Solar Kit Grid-Tie
,,,,kits,BRL,Neosolar,NEO-27036,,,,,3,"Kit de Energia Solar On Grid 11,86KWP-OS 10,0KW LI c/ Estrutura p/ Madeira",,,565,21,86.0,11865,16906.47,,,draft,Solar Kit|Neosolar,0,3,21,0,Solar Kit Grid-Tie
,,,,kits,BRL,Neosolar,NEO-27025,,,,,2,"Kit de Energia Solar On Grid 9,3KWP-OS 10,0KW LI s/ Estrutura",,,565,20,3.0,11300,12377.37,,,draft,Solar Kit|Neosolar,0,2,20,0,Solar Kit Grid-Tie
,,,,kits,BRL,Neosolar,NEO-27015,,,,,2,"Kit de Energia Solar On Grid 7,9KWP-OS 7,5KW LI Estrutura p/ Madeira",,,565,14,9.0,7910,11270.67,,,draft,Solar Kit|Neosolar,0,2,14,0,Solar Kit Grid-Tie
,,,,kits,BRL,Neosolar,NEO-27013,,,,,2,"Kit de Energia Solar On Grid 7,9KWP-OS 7,5KW LI Estrutura p/ Cerâmica",,,565,14,9.0,7910,11270.67,,,draft,Solar Kit|Neosolar,0,2,14,0,Solar Kit Grid-Tie
,,,,kits,BRL,Neosolar,NEO-27037,,,,,3,"Kit de Energia Solar On Grid 11,86KWP-OS 10,0KW LI c/ Estrutura Metálica",,,565,21,86.0,11865,16906.47,,,draft,Solar Kit|Neosolar,0,3,21,0,Solar Kit Grid-Tie
,,,,kits,BRL,Neosolar,NEO-27022,,,,,2,"Kit de Energia Solar On Grid 8,4KWP-OS 7,5KW LI Estrutura p/ Madeira",,,565,15,4.0,8475,12023.97,,,draft,Solar Kit|Neosolar,0,2,15,0,Solar Kit Grid-Tie
,,,,kits,BRL,Neosolar,NEO-27011,,,,,2,"Kit de Energia Solar On Grid 7,9KWP-OS 7,5KW LI Estrutura s/ Estrutura",,,565,14,9.0,7910,10526.67,,,draft,Solar Kit|Neosolar,0,2,14,0,Solar Kit Grid-Tie
,,,,kits,BRL,Neosolar,NEO-27023,,,,,2,"Kit de Energia Solar On Grid 8,4KWP-OS 7,5KW LI Estrutura Metálica",,,565,15,4.0,8475,12023.97,,,draft,Solar Kit|Neosolar,0,2,15,0,Solar Kit Grid-Tie
,,,,kits,BRL,Neosolar,NEO-27016,,,,,2,"Kit de Energia Solar On Grid 7,9KWP-OS 7,5KW LI Estrutura Metálica",,,565,14,9.0,7910,11270.67,,,draft,Solar Kit|Neosolar,0,2,14,0,Solar Kit Grid-Tie
,,,,kits,BRL,Neosolar,NEO-27018,,,,,2,"Kit de Energia Solar On Grid 8,4KWP-OS 7,5KW LI Estrutura s/ Estrutura",,,565,15,4.0,8475,11279.97,,,draft,Solar Kit|Neosolar,0,2,15,0,Solar Kit Grid-Tie
,,,,kits,BRL,Neosolar,NEO-27029,,,,,2,"Kit de Energia Solar On Grid 9,3KWP-OS 10,0KW LI Estrutura p/ Madeira",,,565,20,3.0,11300,13121.37,,,draft,Solar Kit|Neosolar,0,2,20,0,Solar Kit Grid-Tie
,,,,kits,BRL,Neosolar,NEO-27034,,,,,3,"Kit de Energia Solar On Grid 11,86KWP-OS 10,0KW LI c/ Estrutura p/ Cerâmica",,,565,21,86.0,11865,16906.47,,,draft,Solar Kit|Neosolar,0,3,21,0,Solar Kit Grid-Tie
,,2,48,kits,BRL,Neosolar,NEO-26961,,,,,,"Kit de Energia Solar Off Grid c/ Inv-car - 3,4kWp 100Ah 24/220V Lítio (26961)",,,565,6,4.0,3390,0,,,draft,Solar Kit|Neosolar,2,0,6,0,Solar Kit Off-Grid
,,,,kits,BRL,Neosolar,NEO-27020,,,,,2,"Kit de Energia Solar On Grid 8,4KWP-OS 7,5KW LI Estrutura p/ Cerâmica",,,565,15,4.0,8475,12023.97,,,draft,Solar Kit|Neosolar,0,2,15,0,Solar Kit Grid-Tie
,,,,kits,BRL,Neosolar,NEO-27135,,,,,1,"Kit de Energia Solar On Grid 4,96KWP-OS 5KW LI c/ Gancho p/ Cerâmica",,,620,8,96.0,4960,7848.27,,,draft,Solar Kit|Neosolar,0,1,8,0,Solar Kit Grid-Tie
,,1,48,kits,BRL,Neosolar,NEO-26619,,,,,1,"Kit Energia Solar On Grid Híbrido - 5.08kWp 4,8kWh Lítio 48V (26619)",,,565,9,5.08,5085,22905.69,,,draft,Solar Kit|Neosolar,1,1,9,0,Solar Kit Hybrid
,,6,48,kits,BRL,Neosolar,NEO-26656,,,,,1,"Kit Energia Solar On Grid Híbrido - 9,92kWp 4,8kWh Lítio 48V (26656)",,,620,16,92.0,9920,0,,,draft,Solar Kit|Neosolar,6,1,16,0,Solar Kit Hybrid
,,4,48,kits,BRL,Neosolar,NEO-26654,,,,,1,"Kit Energia Solar On Grid Híbrido - 9,92kWp 4,8kWh Lítio 48V (26654)",,,620,16,92.0,9920,0,,,draft,Solar Kit|Neosolar,4,1,16,0,Solar Kit Hybrid
,,5,48,kits,BRL,Neosolar,NEO-26655,,,,,1,"Kit Energia Solar On Grid Híbrido - 9,92kWp 4,8kWh Lítio 48V (26655)",,,620,16,92.0,9920,0,,,draft,Solar Kit|Neosolar,5,1,16,0,Solar Kit Hybrid
,,1,48,kits,BRL,Neosolar,NEO-26651,,,,,1,"Kit Energia Solar On Grid Híbrido - 9,92kWp 4,8kWh Lítio 48V (26651)",,,620,16,92.0,9920,0,,,draft,Solar Kit|Neosolar,1,1,16,0,Solar Kit Hybrid
,,1,48,kits,BRL,Neosolar,NEO-26652,,,,,1,"Kit Energia Solar On Grid Híbrido - 9,92kWp 4,8kWh Lítio 48V (26652)",,,620,16,92.0,9920,0,,,draft,Solar Kit|Neosolar,1,1,16,0,Solar Kit Hybrid
,,1,48,kits,BRL,Neosolar,NEO-26650,,,,,1,"Kit Energia Solar On Grid Híbrido - 5,58kWp 4,8kWh Lítio 48V (26650)",,,620,9,58.0,5580,23434.46,,,draft,Solar Kit|Neosolar,1,1,9,0,Solar Kit Hybrid
,,3,48,kits,BRL,Neosolar,NEO-26665,,,,,1,"Kit Energia Solar On Grid Híbrido - 9,92kWp 4,8kWh Lítio 48V (26665)",,,620,16,92.0,9920,0,,,draft,Solar Kit|Neosolar,3,1,16,0,Solar Kit Hybrid
,,2,48,kits,BRL,Neosolar,NEO-26664,,,,,1,"Kit Energia Solar On Grid Híbrido - 9,92kWp 4,8kWh Lítio 48V (26664)",,,620,16,92.0,9920,0,,,draft,Solar Kit|Neosolar,2,1,16,0,Solar Kit Hybrid
,,1,48,kits,BRL,Neosolar,NEO-26663,,,,,1,"Kit Energia Solar On Grid Híbrido - 9,92kWp 4,8kWh Lítio 48V (26663)",,,620,16,92.0,9920,31106.64,,,draft,Solar Kit|Neosolar,1,1,16,0,Solar Kit Hybrid
,,1,48,kits,BRL,Neosolar,NEO-26662,,,,,1,"Kit Energia Solar On Grid Híbrido - 5,58kWp 4,8kWh Lítio 48V (26662)",,,620,9,58.0,5580,25889.32,,,draft,Solar Kit|Neosolar,1,1,9,0,Solar Kit Hybrid
,,6,48,kits,BRL,Neosolar,NEO-26668,,,,,1,"Kit Energia Solar On Grid Híbrido - 9,92kWp 4,8kWh Lítio 48V (26668)",,,620,16,92.0,9920,0,,,draft,Solar Kit|Neosolar,6,1,16,0,Solar Kit Hybrid
,,4,48,kits,BRL,Neosolar,NEO-26666,,,,,1,"Kit Energia Solar On Grid Híbrido - 9,92kWp 4,8kWh Lítio 48V (26666)",,,620,16,92.0,9920,0,,,draft,Solar Kit|Neosolar,4,1,16,0,Solar Kit Hybrid
,,5,48,kits,BRL,Neosolar,NEO-26667,,,,,1,"Kit Energia Solar On Grid Híbrido - 9,92kWp 4,8kWh Lítio 48V (26667)",,,620,16,92.0,9920,0,,,draft,Solar Kit|Neosolar,5,1,16,0,Solar Kit Hybrid
,,1,48,kits,BRL,Neosolar,NEO-26788,,,,,1,"Kit Energia Solar On Grid Híbrido - 5,58kWp Lítio 48V (26788)",,,620,9,58.0,5580,21716.02,,,draft,Solar Kit|Neosolar,1,1,9,0,Solar Kit Hybrid
,,6,48,kits,BRL,Neosolar,NEO-26794,,,,,1,"Kit Energia Solar On Grid Híbrido - 9.92kWp 4,8kWh Lítio 48V (26794)",,,620,16,9.92,9920,0,,,draft,Solar Kit|Neosolar,6,1,16,0,Solar Kit Hybrid
,,3,48,kits,BRL,Neosolar,NEO-26791,,,,,1,"Kit Energia Solar On Grid Híbrido - 9.92kWp 4,8kWh Lítio 48V (26791)",,,620,16,9.92,9920,34718.8,,,draft,Solar Kit|Neosolar,3,1,16,0,Solar Kit Hybrid
,,4,48,kits,BRL,Neosolar,NEO-26792,,,,,1,"Kit Energia Solar On Grid Híbrido - 9.92kWp 4,8kWh Lítio 48V (26792)",,,620,16,9.92,9920,0,,,draft,Solar Kit|Neosolar,4,1,16,0,Solar Kit Hybrid
,,5,48,kits,BRL,Neosolar,NEO-26793,,,,,1,"Kit Energia Solar On Grid Híbrido - 9.92kWp 4,8kWh Lítio 48V (26793)",,,620,16,9.92,9920,0,,,draft,Solar Kit|Neosolar,5,1,16,0,Solar Kit Hybrid
,,2,48,kits,BRL,Neosolar,NEO-26790,,,,,1,"Kit Energia Solar On Grid Híbrido - 9.92kWp 4,8kWh Lítio 48V (26790)",,,620,16,9.92,9920,30314.46,,,draft,Solar Kit|Neosolar,2,1,16,0,Solar Kit Hybrid
,,1,48,kits,BRL,Neosolar,NEO-26789,,,,,1,"Kit Energia Solar On Grid Híbrido - 9.92kWp 4,8kWh Lítio 48V (26789)",,,620,16,9.92,9920,25910.13,,,draft,Solar Kit|Neosolar,1,1,16,0,Solar Kit Hybrid
,,1,48,kits,BRL,Neosolar,NEO-26851,,,,,1,"Kit Energia Solar On Grid Híbrido - 9.92kWp 4,8kWh Lítio 48V (26851)",,,620,16,9.92,9920,0,,,draft,Solar Kit|Neosolar,1,1,16,0,Solar Kit Hybrid
,,1,48,kits,BRL,Neosolar,NEO-26852,,,,,1,"Kit Energia Solar On Grid Híbrido - 9.92kWp 4,8kWh Lítio 48V (26852)",,,620,16,9.92,9920,0,,,draft,Solar Kit|Neosolar,1,1,16,0,Solar Kit Hybrid
,,1,48,kits,BRL,Neosolar,NEO-26850,,,,,1,"Kit Energia Solar On Grid Híbrido - 5,6kWp Lítio 48V (26850)",,,620,9,6.0,5580,22431.66,,,draft,Solar Kit|Neosolar,1,1,9,0,Solar Kit Hybrid
,,6,48,kits,BRL,Neosolar,NEO-26856,,,,,1,"Kit Energia Solar On Grid Híbrido - 9.92kWp 4,8kWh Lítio 48V (26856)",,,620,16,9.92,9920,0,,,draft,Solar Kit|Neosolar,6,1,16,0,Solar Kit Hybrid
,,3,48,kits,BRL,Neosolar,NEO-26853,,,,,1,"Kit Energia Solar On Grid Híbrido - 9.92kWp 4,8kWh Lítio 48V (26853)",,,620,16,9.92,9920,0,,,draft,Solar Kit|Neosolar,3,1,16,0,Solar Kit Hybrid
,,5,48,kits,BRL,Neosolar,NEO-26855,,,,,1,"Kit Energia Solar On Grid Híbrido - 9.92kWp 4,8kWh Lítio 48V (26855)",,,620,16,9.92,9920,0,,,draft,Solar Kit|Neosolar,5,1,16,0,Solar Kit Hybrid
,,4,48,kits,BRL,Neosolar,NEO-26854,,,,,1,"Kit Energia Solar On Grid Híbrido - 9.92kWp 4,8kWh Lítio 48V (26854)",,,620,16,9.92,9920,0,,,draft,Solar Kit|Neosolar,4,1,16,0,Solar Kit Hybrid
,,,,kits,BRL,Neosolar,NEO-26928,,,,,1,Kit Gerador Energia Solar 1.86kWp - Microinversor Deye c/ Wifi SUN2250 - Painel DAH Solar com Base P/ Laje,,,0,1,1.86,1860,3352.9,,,draft,Solar Kit|Neosolar,0,1,5,0,Solar Kit Grid-Tie
,,,,kits,BRL,Neosolar,NEO-26921,,,,,1,Kit Gerador Energia Solar 1.24kWp - Microinversor Deye c/ Wifi SUN2250 - Painel DAH Solar com Base p/ Laje,,,0,1,1.24,1240,3020.61,,,draft,Solar Kit|Neosolar,0,1,4,0,Solar Kit Grid-Tie
,,,,kits,BRL,Neosolar,NEO-26942,,,,,1,Kit Gerador Energia Solar 0.62kWp - Microinversor Deye c/ Wifi SUN2250 - Painel DAH Solar com Base P/ Laje,,,0,1,0.62,620,2582.62,,,draft,Solar Kit|Neosolar,0,1,3,0,Solar Kit Grid-Tie
,,,,kits,BRL,Neosolar,NEO-27047,,,,,3,"Kit de Energia Solar On Grid 13,02KWP-OS 10,0KW LI Estrutura c/ Mini Trilho",,,620,21,2.0,13020,17603.97,,,draft,Solar Kit|Neosolar,0,3,21,0,Solar Kit Grid-Tie
,,,,kits,BRL,Neosolar,NEO-27045,,,,,3,"Kit de Energia Solar On Grid 13,02KWP-OS 10,0KW LI Estrutura p/ Laje",,,620,21,2.0,13020,19277.97,,,draft,Solar Kit|Neosolar,0,3,21,0,Solar Kit Grid-Tie
,,,,kits,BRL,Neosolar,NEO-27050,,,,,3,"Kit de Energia Solar On Grid 13,02KWP-OS 10,0KW LI Estrutura c/ Solo",,,620,21,2.0,13020,18719.97,,,draft,Solar Kit|Neosolar,0,3,21,0,Solar Kit Grid-Tie
,,,,kits,BRL,Neosolar,NEO-27054,,,,,2,"Kit de Energia Solar On Grid 12,4KWP-OS 10,0KW LI Estrutura c/ Mini Trilho",,,620,20,4.0,12400,16497.27,,,draft,Solar Kit|Neosolar,0,2,20,0,Solar Kit Grid-Tie
,,,,kits,BRL,Neosolar,NEO-27052,,,,,2,"Kit de Energia Solar On Grid 12,4KWP-OS 10,0KW LI Estrutura p/ Laje",,,620,20,4.0,12400,17892.27,,,draft,Solar Kit|Neosolar,0,2,20,0,Solar Kit Grid-Tie
,,,,kits,BRL,Neosolar,NEO-27059,,,,,3,"Kit de Energia Solar On Grid 9,3KWP-OS 7,5KW LI Estrutura p/ Laje",,,620,15,3.0,9300,14274.57,,,draft,Solar Kit|Neosolar,0,3,15,0,Solar Kit Grid-Tie
,,,,kits,BRL,Neosolar,NEO-27057,,,,,2,"Kit de Energia Solar On Grid 12,4KWP-OS 10,0KW LI Estrutura c/ Solo",,,620,20,4.0,12400,17427.27,,,draft,Solar Kit|Neosolar,0,2,20,0,Solar Kit Grid-Tie
,,,,kits,BRL,Neosolar,NEO-27064,,,,,3,"Kit de Energia Solar On Grid 9,3KWP-OS 7,5KW LI Estrutura c/ Solo",,,620,15,3.0,9300,13902.57,,,draft,Solar Kit|Neosolar,0,3,15,0,Solar Kit Grid-Tie
,,,,kits,BRL,Neosolar,NEO-27066,,,,,2,"Kit de Energia Solar On Grid 8,6KWP-OS 7,5KW LI Estrutura p/ Laje",,,620,14,6.0,8680,13493.37,,,draft,Solar Kit|Neosolar,0,2,14,0,Solar Kit Grid-Tie
,,,,kits,BRL,Neosolar,NEO-27076,,,,,2,"Kit de Energia Solar On Grid 7,44KWP-OS 6KW LI Estrutura Metálica",,,620,12,44.0,7440,10173.27,,,draft,Solar Kit|Neosolar,0,2,12,0,Solar Kit Grid-Tie
,,,,kits,BRL,Neosolar,NEO-27072,,,,,2,"Kit de Energia Solar On Grid 7,44KWP-OS 6KW LI Estrutura p/ Laje",,,620,12,44.0,7440,11010.27,,,draft,Solar Kit|Neosolar,0,2,12,0,Solar Kit Grid-Tie
,,,,kits,BRL,Neosolar,NEO-27071,,,,,2,"Kit de Energia Solar On Grid 8,6KWP-OS 7,5KW LI Estrutura p/ Solo",,,620,14,6.0,8680,13121.37,,,draft,Solar Kit|Neosolar,0,2,14,0,Solar Kit Grid-Tie
,,,,kits,BRL,Neosolar,NEO-27077,,,,,2,"Kit de Energia Solar On Grid 7,44KWP-OS 6KW LI Estrutura c/ Solo",,,620,12,44.0,7440,10731.27,,,draft,Solar Kit|Neosolar,0,2,12,0,Solar Kit Grid-Tie
,,,,kits,BRL,Neosolar,NEO-27133,,,,,1,"Kit de Energia Solar On Grid 3,72KWP-OS 5KW LI Estrutura p/ Solo",,,620,6,72.0,3720,6443.97,,,draft,Solar Kit|Neosolar,0,1,6,0,Solar Kit Grid-Tie
,,,,kits,BRL,Neosolar,NEO-27144,,,,,2,"Kit de Energia Solar On Grid 6,20KWP-OS 5KW LI Estrutura Metálica",,,620,10,20.0,6200,9996.57,,,draft,Solar Kit|Neosolar,0,2,10,0,Solar Kit Grid-Tie
,,,,kits,BRL,Neosolar,NEO-27145,,,,,2,"Kit de Energia Solar On Grid 6,20KWP-OS 5KW LI Estrutura p/ Solo",,,620,10,20.0,6200,10554.57,,,draft,Solar Kit|Neosolar,0,2,10,0,Solar Kit Grid-Tie
,,,,kits,BRL,Neosolar,NEO-27139,,,,,1,"Kit de Energia Solar On Grid 4,96KWP-OS 5KW LI Estrutura p/ Solo",,,620,8,96.0,4960,8220.27,,,draft,Solar Kit|Neosolar,0,1,8,0,Solar Kit Grid-Tie
,,,,kits,BRL,Neosolar,NEO-21607,,,,,1,"Kit Gerador Energia Solar 1,74 kWp - Microinversor Deye c/ Wifi SUN2000 - Painel OSDA Com Estrutura",,,0,74,74.0,1740,0,,,draft,Solar Kit|Neosolar,0,1,77,0,Solar Kit Grid-Tie
,,,,kits,BRL,Neosolar,NEO-21608,,,,,1,"Kit Gerador Energia Solar 1,74 kWp - Microinversor Deye c/ Wifi SUN2000 - Painel OSDA Com Estrtura",,,0,74,74.0,1740,0,,,draft,Solar Kit|Neosolar,0,1,77,0,Solar Kit Grid-Tie
,,,,kits,BRL,Neosolar,NEO-21611,,,,,1,"Kit Gerador Energia Solar 0,58 kWp - Microinversor Deye c/ Wifi SUN2000 - Painel OSDA (Metálica)",,,0,58,58.0,580,0,,,draft,Solar Kit|Neosolar,0,1,59,0,Solar Kit Grid-Tie
,,,,kits,BRL,Neosolar,NEO-21287,,,,,1,"Kit Gerador Energia Solar 1,72 kWp - Microinversor Deye c/ Wifi SUN2000 - Painel OSDA Com Estrtutura",,,0,72,72.0,1725,0,,,draft,Solar Kit|Neosolar,0,1,75,0,Solar Kit Grid-Tie
,,,,kits,BRL,Neosolar,NEO-21286,,,,,1,"Kit Gerador Energia Solar 1,78 kWp - Microinversor Deye c/ Wifi SUN2000 - Painel Luxen (Solo)",,,0,78,78.0,1785,0,,,draft,Solar Kit|Neosolar,0,1,81,0,Solar Kit Grid-Tie
,,,,kits,BRL,Neosolar,NEO-21267,,,,,1,"Kit Gerador Energia Solar 2,38 kWp - Microinversor Deye c/ Wifi SUN2000 - Painel Luxen (Solo)",,,0,38,38.0,2380,0,,,draft,Solar Kit|Neosolar,0,1,42,0,Solar Kit Grid-Tie
,,,,kits,BRL,Neosolar,NEO-21124,,,,,1,"Kit Gerador Energia Solar 2,30 kWp - Microinversor Deye c/ Wifi SUN2000 - Painel OSDA (Mini Trilho)",,,0,30,30.0,2300,0,,,draft,Solar Kit|Neosolar,0,1,34,0,Solar Kit Grid-Tie
,,,,kits,BRL,Neosolar,NEO-21609,,,,,1,"Kit Gerador Energia Solar 0,58 kWp - Microinversor Deye c/ Wifi SUN2000 - Painel OSDA (Cerâmica)",,,0,58,58.0,580,0,,,draft,Solar Kit|Neosolar,0,1,59,0,Solar Kit Grid-Tie
,,,,kits,BRL,Neosolar,NEO-21073,,,,,1,"Kit Gerador Energia Solar 1,72 kWp - Microinversor Deye c/ Wifi SUN2000 - Painel OSDA Com Estrtura",,,0,74,72.0,1740,0,,,draft,Solar Kit|Neosolar,0,1,77,0,Solar Kit Grid-Tie
,,,,kits,BRL,Neosolar,NEO-21070,,,,,1,"Kit Gerador Energia Solar 1,78 kWp - Microinversor Deye c/ Wifi SUN2000 - Painel Luxen (Metálica)",,,0,78,78.0,1785,0,,,draft,Solar Kit|Neosolar,0,1,81,0,Solar Kit Grid-Tie
,,,,kits,BRL,Neosolar,NEO-21068,,,,,1,"Kit Gerador Energia Solar 1,78 kWp - Microinversor Deye c/ Wifi SUN2000 - Painel Luxen (Cerâmica)",,,0,78,78.0,1785,0,,,draft,Solar Kit|Neosolar,0,1,81,0,Solar Kit Grid-Tie
,,,,kits,BRL,Neosolar,NEO-21071,,,,,1,"Kit Gerador Energia Solar 1,78 kWp - Microinversor Deye c/ Wifi SUN2000 - Painel Luxen (Laje)",,,0,78,78.0,1785,0,,,draft,Solar Kit|Neosolar,0,1,81,0,Solar Kit Grid-Tie
,,,,kits,BRL,Neosolar,NEO-21047,,,,,1,"Kit Gerador Energia Solar 2,30 kWp - Microinversor Deye c/ Wifi SUN2000 - Painel OSDA (Metálica)",,,0,30,30.0,2300,0,,,draft,Solar Kit|Neosolar,0,1,34,0,Solar Kit Grid-Tie
,,,,kits,BRL,Neosolar,NEO-21043,,,,,1,"Kit Gerador Energia Solar 2,38 kWp - Microinversor Deye c/ Wifi SUN2000 - Painel Luxen (Metálica)",,,0,38,38.0,2380,0,,,draft,Solar Kit|Neosolar,0,1,42,0,Solar Kit Grid-Tie
,,4,48,kits,BRL,Neosolar,NEO-24909,,,,,1,"Kit Energia Solar On Grid Híbrido - 9,76kWp 4,8kWh Lítio 48V (24909)",,,610,16,76.0,9760,0,,,draft,Solar Kit|Neosolar,4,1,16,0,Solar Kit Hybrid
,,3,48,kits,BRL,Neosolar,NEO-24931,,,,,1,"Kit Energia Solar On Grid Híbrido - 9,76kWp 4,8kWh Lítio 48V (24931)",,,610,16,76.0,9760,0,,,draft,Solar Kit|Neosolar,3,1,16,0,Solar Kit Hybrid
,,1,48,kits,BRL,Neosolar,NEO-24942,,,,,1,"Kit Energia Solar On Grid Híbrido - 14,64kWp 4,8kWh Lítio 48V (24942)",,,610,24,64.0,14640,0,,,draft,Solar Kit|Neosolar,1,1,24,0,Solar Kit Hybrid
,,2,48,kits,BRL,Neosolar,NEO-24919,,,,,1,"Kit Energia Solar On Grid Híbrido - 6,1kWp 4,8kWh Lítio 48V (24919)",,,610,10,1.0,6100,0,,,draft,Solar Kit|Neosolar,2,1,10,0,Solar Kit Hybrid
,,,,kits,BRL,Neosolar,NEO-25069,,,,,3,"Kit de Energia Solar On Grid - 12,81kWp (P/ Cerâmica)",,,610,21,81.0,12810,0,,,draft,Solar Kit|Neosolar,0,3,21,0,Solar Kit Grid-Tie
,,,,kits,BRL,Neosolar,NEO-25093,,,,,3,"Kit de Energia Solar On Grid - 12,81kWp (P/ Mini Trilho)",,,610,21,81.0,12810,0,,,draft,Solar Kit|Neosolar,0,3,21,0,Solar Kit Grid-Tie
,,,,kits,BRL,Neosolar,NEO-25077,,,,,3,"Kit de Energia Solar On Grid - 12,81kWp (P/ Madeira)",,,610,21,81.0,12810,0,,,draft,Solar Kit|Neosolar,0,3,21,0,Solar Kit Grid-Tie
,,,,kits,BRL,Neosolar,NEO-25092,,,,,3,"Kit de Energia Solar On Grid - 12,20kWp (P/ Mini trilho)",,,610,20,20.0,12200,0,,,draft,Solar Kit|Neosolar,0,3,20,0,Solar Kit Grid-Tie
,,,,kits,BRL,Neosolar,NEO-25075,,,,,3,"Kit de Energia Solar On Grid - 9,15kWp (P/ Madeira)",,,610,15,15.0,9150,0,,,draft,Solar Kit|Neosolar,0,3,15,0,Solar Kit Grid-Tie
,,,,kits,BRL,Neosolar,NEO-25072,,,,,2,"Kit de Energia Solar On Grid - 6,10kWp (P/ Madeira)",,,610,10,10.0,6100,0,,,draft,Solar Kit|Neosolar,0,2,10,0,Solar Kit Grid-Tie
,,,,kits,BRL,Neosolar,NEO-25064,,,,,2,"Kit de Energia Solar On Grid - 6,10kWp (P/ Cerâmica)",,,610,10,10.0,6100,0,,,draft,Solar Kit|Neosolar,0,2,10,0,Solar Kit Grid-Tie
,,,,kits,BRL,Neosolar,NEO-24977,,,,,2,"Kit de Energia Solar On Grid - 6,10kWp (P/ Cerâmica)",,,610,10,10.0,6100,0,,,draft,Solar Kit|Neosolar,0,2,10,0,Solar Kit Grid-Tie
,,,,kits,BRL,Neosolar,NEO-22888,,,,,1,"Kit Gerador Energia Solar 2,32 kWp - Microinversor Deye c/ Wifi SUN2250 - Painel OSDA- Solo",,,0,32,32.0,2320,0,,,draft,Solar Kit|Neosolar,0,1,36,0,Solar Kit Grid-Tie
,,,,kits,BRL,Neosolar,NEO-22886,,,,,1,"Kit Gerador Energia Solar 1,74 kWp - Microinversor Deye c/ Wifi SUN2250 - Painel OSDA",,,0,74,74.0,1740,0,,,draft,Solar Kit|Neosolar,0,1,77,0,Solar Kit Grid-Tie
,,,,kits,BRL,Neosolar,NEO-21120,,,,,1,"Kit Gerador Energia Solar 0,59 kWp - Microinversor Deye c/ Wifi SUN2000 - Painel Luxen (Metálica)",,,0,595,59.0,595,0,,,draft,Solar Kit|Neosolar,0,1,596,0,Solar Kit Grid-Tie
,,,,kits,BRL,Neosolar,NEO-21573,,,,,1,"Kit Gerador Energia Solar 1,72 kWp - Microinversor Deye c/ Wifi SUN2000 - Painel OSDA Com Estrutura",,,0,72,72.0,1725,0,,,draft,Solar Kit|Neosolar,0,1,75,0,Solar Kit Grid-Tie
,,,,kits,BRL,Neosolar,NEO-21510,,,,,1,"Kit Gerador Energia Solar 0,58 kWp - Microinversor Deye c/ Wifi SUN2000 - Painel OSDA (Mini Trilho)",,,0,58,58.0,580,0,,,draft,Solar Kit|Neosolar,0,1,59,0,Solar Kit Grid-Tie
,,,,kits,BRL,Neosolar,NEO-21401,,,,,1,"Kit Gerador Energia Solar 0,57 kWp - Microinversor Deye c/ Wifi SUN2000 - Painel OSDA (Cerâmica)",,,0,57,57.0,575,0,,,draft,Solar Kit|Neosolar,0,1,58,0,Solar Kit Grid-Tie
,,,,kits,BRL,Neosolar,NEO-21603,,,,,1,"Kit Gerador Energia Solar 1,16 kWp - Microinversor Deye c/ Wifi SUN2000 - Painel OSDA Com Estrutura",,,0,16,16.0,1160,0,,,draft,Solar Kit|Neosolar,0,1,18,0,Solar Kit Grid-Tie
,,,,kits,BRL,Neosolar,NEO-23098,,,,,1,"Kit Gerador Energia Solar 2,34 kWp - Microinversor Deye c/ Wifi SUN2250 - Painel OSDA | Estrutura para Telha Cerâmica",,,0,34,34.0,2340,0,,,draft,Solar Kit|Neosolar,0,1,38,0,Solar Kit Grid-Tie
,,,,kits,BRL,Neosolar,NEO-23004,,,,,1,"Kit Gerador Energia Solar 2,32 kWp - Microinversor Deye c/ Wifi SUN2250 - Painel OSDA- Metálica",,,0,32,32.0,2320,0,,,draft,Solar Kit|Neosolar,0,1,36,0,Solar Kit Grid-Tie
,,,,kits,BRL,Neosolar,NEO-22998,,,,,1,"Kit Gerador Energia Solar 2,32 kWp - Microinversor Deye c/ Wifi SUN2250 - Painel OSDA- Cerâmica",,,0,32,32.0,2320,0,,,draft,Solar Kit|Neosolar,0,1,36,0,Solar Kit Grid-Tie
,,,,kits,BRL,Neosolar,NEO-22982,,,,,1,"Kit Gerador Energia Solar 0,58 kWp - Microinversor Deye c/ Wifi SUN2250 - Painel OSDA- Solo",,,0,58,58.0,580,0,,,draft,Solar Kit|Neosolar,0,1,59,0,Solar Kit Grid-Tie
,,,,kits,BRL,Neosolar,NEO-20926,,,,,1,"Kit Gerador Energia Solar 2,38 kWp - Microinversor Deye c/ Wifi SUN2000 - Painel Luxen - Sem estrutura",,,0,38,38.0,2380,0,,,draft,Solar Kit|Neosolar,0,1,42,0,Solar Kit Grid-Tie
,,,,kits,BRL,Neosolar,NEO-20975,,,,,1,"Kit Gerador Energia Solar 1,78 kWp - Microinversor Deye c/ Wifi SUN2000 - Painel Luxen (sem estrutur",,,0,78,78.0,1785,0,,,draft,Solar Kit|Neosolar,0,1,81,0,Solar Kit Grid-Tie
,,,,kits,BRL,Neosolar,NEO-20832,,,,,1,"Kit Gerador Energia Solar 1,15 kWp - Microinversor Deye c/ Wifi SUN2000 - Painel OSDA (Sem estrutura",,,0,15,15.0,1150,0,,,draft,Solar Kit|Neosolar,0,1,17,0,Solar Kit Grid-Tie
,,,,kits,BRL,Neosolar,NEO-20826,,,,,1,"Kit Gerador Energia Solar 2,30 kWp - Microinversor Deye c/ Wifi SUN2000 - Painel OSDA (Sem Estrutura",,,0,30,30.0,2300,0,,,draft,Solar Kit|Neosolar,0,1,34,0,Solar Kit Grid-Tie
,,,,kits,BRL,Neosolar,NEO-20838,,,,,1,"Kit Gerador Energia Solar 1,72 kWp - Microinversor Deye c/ Wifi SUN2000 - Painel OSDA Sem Estrutura",,,0,72,72.0,1725,0,,,draft,Solar Kit|Neosolar,0,1,75,0,Solar Kit Grid-Tie
,,,,kits,BRL,Neosolar,NEO-23087,,,,,1,"Kit Gerador Energia Solar 1,17 kWp - Microinversor Deye c/ Wifi SUN2250 - Painel OSDA- Metal",,,0,17,17.0,1170,0,,,draft,Solar Kit|Neosolar,0,1,19,0,Solar Kit Grid-Tie
,,,,kits,BRL,Neosolar,NEO-23003,,,,,1,"Kit Gerador Energia Solar 2,32 kWp - Microinversor Deye c/ Wifi SUN2250 - Painel OSDA- Madeira",,,0,32,32.0,2320,0,,,draft,Solar Kit|Neosolar,0,1,36,0,Solar Kit Grid-Tie
,,,,kits,BRL,Neosolar,NEO-23005,,,,,1,"Kit Gerador Energia Solar 2,32 kWp - Microinversor Deye c/ Wifi SUN2250 - Painel OSDA- Laje",,,0,32,32.0,2320,0,,,draft,Solar Kit|Neosolar,0,1,36,0,Solar Kit Grid-Tie
,,,,kits,BRL,Neosolar,NEO-22981,,,,,1,"Kit Gerador Energia Solar 0,58 kWp - Microinversor Deye c/ Wifi SUN2250 - Painel OSDA- Laje",,,0,58,58.0,580,0,,,draft,Solar Kit|Neosolar,0,1,59,0,Solar Kit Grid-Tie
,,,,kits,BRL,Neosolar,NEO-22996,,,,,1,"Kit Gerador Energia Solar 1,74 kWp - Microinversor Deye c/ Wifi SUN2250 - Painel OSDA- Solo",,,0,74,74.0,1740,0,,,draft,Solar Kit|Neosolar,0,1,77,0,Solar Kit Grid-Tie
,,,,kits,BRL,Neosolar,NEO-22986,,,,,1,"Kit Gerador Energia Solar 1,16 kWp - Microinversor Deye c/ Wifi SUN2250 - Painel OSDA- Madeira",,,0,16,16.0,1160,0,,,draft,Solar Kit|Neosolar,0,1,18,0,Solar Kit Grid-Tie
,,,,kits,BRL,Neosolar,NEO-23007,,,,,1,"Kit Gerador Energia Solar 2,32 kWp - Microinversor Deye c/ Wifi SUN2250 - Painel OSDA",,,0,32,32.0,2320,0,,,draft,Solar Kit|Neosolar,0,1,36,0,Solar Kit Grid-Tie
,,,,kits,BRL,Neosolar,NEO-23103,,,,,1,"Kit Gerador Energia Solar 2,34 kWp - Microinversor Deye c/ Wifi SUN2250 - Painel OSDA | Estrutira para solo",,,0,34,34.0,2340,0,,,draft,Solar Kit|Neosolar,0,1,38,0,Solar Kit Grid-Tie
,,,,kits,BRL,Neosolar,NEO-23102,,,,,1,"Kit Gerador Energia Solar 2,34 kWp - Microinversor Deye c/ Wifi SUN2250 - Painel OSDA | estrutura para laje",,,0,34,34.0,2340,0,,,draft,Solar Kit|Neosolar,0,1,38,0,Solar Kit Grid-Tie
,,,,kits,BRL,Neosolar,NEO-23091,,,,,1,"Kit Gerador Energia Solar 1,75 kWp - Microinversor Deye c/ Wifi SUN2250 - Painel OSDA",,,0,75,75.0,1755,0,,,draft,Solar Kit|Neosolar,0,1,78,0,Solar Kit Grid-Tie
,,,,kits,BRL,Neosolar,NEO-23086,,,,,1,"Kit Gerador Energia Solar 1,17 kWp - Microinversor Deye c/ Wifi SUN2250 - Painel OSDA- Madeira",,,0,17,17.0,1170,0,,,draft,Solar Kit|Neosolar,0,1,19,0,Solar Kit Grid-Tie
,,,,kits,BRL,Neosolar,NEO-23079,,,,,1,"Kit Gerador Energia Solar 0,58 kWp - Microinversor Deye c/ Wifi SUN2250 - Painel OSDA - Madeira",,,0,58,58.0,585,0,,,draft,Solar Kit|Neosolar,0,1,59,0,Solar Kit Grid-Tie
,,,,kits,BRL,Neosolar,NEO-23081,,,,,1,"Kit Gerador Energia Solar 0,58 kWp - Microinversor Deye c/ Wifi SUN2250 - Painel OSDA - Laje",,,0,58,58.0,585,0,,,draft,Solar Kit|Neosolar,0,1,59,0,Solar Kit Grid-Tie
,,,,kits,BRL,Neosolar,NEO-23083,,,,,1,"Kit Gerador Energia Solar 0,58 kWp - Microinversor Deye c/ Wifi SUN2250 - Painel OSDA",,,0,58,58.0,585,0,,,draft,Solar Kit|Neosolar,0,1,59,0,Solar Kit Grid-Tie
,,,,kits,BRL,Neosolar,NEO-22357,,,,,1,"Kit Gerador Energia Solar 0,59 kWp - Microinversor Deye c/ Wifi SUN2000 - Painel Luxen - Estrutura Mini Trilho",,,0,595,59.0,595,0,,,draft,Solar Kit|Neosolar,0,1,596,0,Solar Kit Grid-Tie
,,,,kits,BRL,Neosolar,NEO-22223,,,,,1,"Kit Gerador Energia Solar 1,65 kWp - Microinversor Deye c/ Wifi SUN2000 - Painel Sunova (Mini Trilho)",,,0,65,65.0,1650,0,,,draft,Solar Kit|Neosolar,0,1,68,0,Solar Kit Grid-Tie
,,,,kits,BRL,Neosolar,NEO-22215,,,,,1,"Kit Gerador Energia Solar 1,10 kWp - Microinversor Deye c/ Wifi SUN2000 - Painel Sunova (Cerâmica)",,,0,10,10.0,1100,0,,,draft,Solar Kit|Neosolar,0,1,12,0,Solar Kit Grid-Tie
,,,,kits,BRL,Neosolar,NEO-22175,,,,,1,"Kit Gerador Energia Solar 1,16 kWp - Microinversor Deye c/ Wifi SUN2000 - Painel Sunova (Mini Trilho)",,,0,16,16.0,1160,0,,,draft,Solar Kit|Neosolar,0,1,18,0,Solar Kit Grid-Tie
,,,,kits,BRL,Neosolar,NEO-22173,,,,,1,"Kit Gerador Energia Solar 1,16 kWp - Microinversor Deye c/ Wifi SUN2000 - Painel Sunova (Para Laje)",,,0,16,16.0,1160,0,,,draft,Solar Kit|Neosolar,0,1,18,0,Solar Kit Grid-Tie
,,,,kits,BRL,Neosolar,NEO-22177,,,,,1,"Kit Gerador Energia Solar 1,16 kWp - Microinversor Deye c/ Wifi SUN2000 - Painel Sunova (Metálica)",,,0,16,16.0,1160,0,,,draft,Solar Kit|Neosolar,0,1,18,0,Solar Kit Grid-Tie
,,,,kits,BRL,Neosolar,NEO-22181,,,,,1,"Kit Gerador Energia Solar 1,74 kWp - Microinversor Deye c/ Wifi SUN2000 - Painel Sunova (Cerâmica)",,,0,74,74.0,1740,0,,,draft,Solar Kit|Neosolar,0,1,77,0,Solar Kit Grid-Tie
,,,,kits,BRL,Neosolar,NEO-22179,,,,,1,"Kit Gerador Energia Solar 1,16 kWp - Microinversor Deye c/ Wifi SUN2000 - Painel Sunova (Sem Estrutura)",,,0,16,16.0,1160,0,,,draft,Solar Kit|Neosolar,0,1,18,0,Solar Kit Grid-Tie
,,,,kits,BRL,Neosolar,NEO-22220,,,,,1,"Kit Gerador Energia Solar 1,10 kWp - Microinversor Deye c/ Wifi SUN2000 - Painel Sunova (Sem Estrutura)",,,0,10,10.0,1100,0,,,draft,Solar Kit|Neosolar,0,1,12,0,Solar Kit Grid-Tie
,,,,kits,BRL,Neosolar,NEO-22171,,,,,1,"Kit Gerador Energia Solar 0,58 kWp - Microinversor Deye c/ Wifi SUN2000 - Painel Sunova (Solo)",,,0,58,58.0,580,0,,,draft,Solar Kit|Neosolar,0,1,59,0,Solar Kit Grid-Tie
,,,,kits,BRL,Neosolar,NEO-22407,,,,,1,"Kit Gerador Energia Solar 0,58 kWp - Microinversor Deye c/ Wifi SUN2000 - Painel OSDA (Mini Trilho)",,,0,58,58.0,580,0,,,draft,Solar Kit|Neosolar,0,1,59,0,Solar Kit Grid-Tie
,,,,kits,BRL,Neosolar,NEO-22307,,,,,1,"Kit Gerador Energia Solar 0,55 kWp - Microinversor Deye c/ Wifi SUN2000 - Painel Sunova (Solo)",,,0,55,55.0,550,0,,,draft,Solar Kit|Neosolar,0,1,56,0,Solar Kit Grid-Tie
,,,,kits,BRL,Neosolar,NEO-22296,,,,,1,"Kit Gerador Energia Solar 2,32 kWp - Microinversor Deye c/ Wifi SUN2000 - Painel Sunova (Cerâmica)",,,0,32,32.0,2320,0,,,draft,Solar Kit|Neosolar,0,1,36,0,Solar Kit Grid-Tie
,,,,kits,BRL,Neosolar,NEO-22299,,,,,1,"Kit Gerador Energia Solar 2,32 kWp - Microinversor Deye c/ Wifi SUN2000 - Painel Sunova (Metal)",,,0,32,32.0,2320,0,,,draft,Solar Kit|Neosolar,0,1,36,0,Solar Kit Grid-Tie
,,,,kits,BRL,Neosolar,NEO-22309,,,,,1,"Kit Gerador Energia Solar 1,10 kWp - Microinversor Deye c/ Wifi SUN2000 - Painel Sunova (Laje)",,,0,10,10.0,1100,0,,,draft,Solar Kit|Neosolar,0,1,12,0,Solar Kit Grid-Tie
,,,,kits,BRL,Neosolar,NEO-22457,,,,,1,"Kit Gerador Energia Solar 0,59 kWp - Microinversor Deye c/ Wifi SUN2000 - Painel Luxen (Metálica)",,,0,595,59.0,595,0,,,draft,Solar Kit|Neosolar,0,1,596,0,Solar Kit Grid-Tie
,,,,kits,BRL,Neosolar,NEO-22249,,,,,1,"Kit Gerador Energia Solar 1,74 kWp - Microinversor Deye c/ Wifi SUN2000 - Painel Sunova (Cerâmica)",,,0,74,74.0,2320,0,,,draft,Solar Kit|Neosolar,0,1,78,0,Solar Kit Grid-Tie
,,,,kits,BRL,Neosolar,NEO-22251,,,,,1,"Kit Gerador Energia Solar 1,74 kWp - Microinversor Deye c/ Wifi SUN2000 - Painel Sunova (Metal)",,,0,74,74.0,2200,0,,,draft,Solar Kit|Neosolar,0,1,78,0,Solar Kit Grid-Tie
,,,,kits,BRL,Neosolar,NEO-22051,,,,,1,"Kit Gerador Energia Solar 1,74 kWp - Microinversor Deye c/ Wifi SUN2000 - Painel OSDA (Cerâmica)",,,0,74,74.0,1740,0,,,draft,Solar Kit|Neosolar,0,1,77,0,Solar Kit Grid-Tie
,,,,kits,BRL,Neosolar,NEO-22311,,,,,1,"Kit Gerador Energia Solar 1,10 kWp - Microinversor Deye c/ Wifi SUN2000 - Painel Sunova (Mini Trilho)",,,0,10,10.0,1100,0,,,draft,Solar Kit|Neosolar,0,1,12,0,Solar Kit Grid-Tie
,,,,kits,BRL,Neosolar,NEO-22326,,,,,1,"Kit Gerador Energia Solar 2,20 kWp - Microinversor Deye c/ Wifi SUN2000 - Painel Sunova (Madeira)",,,0,20,20.0,2200,0,,,draft,Solar Kit|Neosolar,0,1,24,0,Solar Kit Grid-Tie
,,,,kits,BRL,Neosolar,NEO-22253,,,,,1,"Kit Gerador Energia Solar 2,32 kWp - Microinversor Deye c/ Wifi SUN2000 - Painel Sunova (Cerâmica)",,,0,32,32.0,2320,0,,,draft,Solar Kit|Neosolar,0,1,36,0,Solar Kit Grid-Tie
,,,,kits,BRL,Neosolar,NEO-22331,,,,,1,"Kit Gerador Energia Solar 2,38 kWp - Microinversor Deye c/ Wifi SUN2000 - Painel Luxen - Estrutura Cerâmica",,,0,38,38.0,2380,0,,,draft,Solar Kit|Neosolar,0,1,42,0,Solar Kit Grid-Tie
,,,,kits,BRL,Neosolar,NEO-22178,,,,,1,"Kit Gerador Energia Solar 1,16 kWp - Microinversor Deye c/ Wifi SUN2000 - Painel Sunova (Solo)",,,0,16,16.0,1160,0,,,draft,Solar Kit|Neosolar,0,1,18,0,Solar Kit Grid-Tie
,,,,kits,BRL,Neosolar,NEO-22182,,,,,1,"Kit Gerador Energia Solar 1,74 kWp - Microinversor Deye c/ Wifi SUN2000 - Painel Sunova (Mini Trilho)",,,0,74,74.0,1740,0,,,draft,Solar Kit|Neosolar,0,1,77,0,Solar Kit Grid-Tie
,,,,kits,BRL,Neosolar,NEO-22180,,,,,1,"Kit Gerador Energia Solar 1,74 kWp - Microinversor Deye c/ Wifi SUN2000 - Painel Sunova (Para Laje)",,,0,74,74.0,1740,0,,,draft,Solar Kit|Neosolar,0,1,77,0,Solar Kit Grid-Tie
,,,,kits,BRL,Neosolar,NEO-22176,,,,,1,"Kit Gerador Energia Solar 1,16 kWp - Microinversor Deye c/ Wifi SUN2000 - Painel Sunova (Madeira)",,,0,16,16.0,1160,0,,,draft,Solar Kit|Neosolar,0,1,18,0,Solar Kit Grid-Tie
,,,,kits,BRL,Neosolar,NEO-22287,,,,,1,"Kit Gerador Energia Solar 1,16 kWp - Microinversor Deye c/ Wifi SUN2000 - Painel Sunova",,,0,16,16.0,1160,0,,,draft,Solar Kit|Neosolar,0,1,18,0,Solar Kit Grid-Tie
,,,,kits,BRL,Neosolar,NEO-22166,,,,,1,"Kit Gerador Energia Solar 0,58 kWp - Microinversor Deye c/ Wifi SUN2000 - Painel Sunova (Laje)",,,0,58,58.0,580,0,,,draft,Solar Kit|Neosolar,0,1,59,0,Solar Kit Grid-Tie
,,,,kits,BRL,Neosolar,NEO-22302,,,,,55,"Kit Gerador Energia Solar 0,55 kWp - Microinversor Deye c/ Wifi SUN2000 - Painel Sunova (Laje)",,,,,55.0,0,0,,,draft,Solar Kit|Neosolar,0,55,0,0,Solar Kit Grid-Tie
,,,,kits,BRL,Neosolar,NEO-21807,,,,,1,"Kit Gerador Energia Solar 1,74 kWp - Microinversor Deye c/ Wifi SUN2000 - Painel OSDA (Solo)",,,0,74,74.0,1740,0,,,draft,Solar Kit|Neosolar,0,1,77,0,Solar Kit Grid-Tie
,,,,kits,BRL,Neosolar,NEO-21253,,,,,1,"Kit Gerador Energia Solar 1,74 kWp - Microinversor Deye c/ Wifi SUN2000 - Painel OSDA Com Estrtura",,,0,74,74.0,1740,0,,,draft,Solar Kit|Neosolar,0,1,77,0,Solar Kit Grid-Tie
,,,,kits,BRL,Neosolar,NEO-21254,,,,,1,"Kit Gerador Energia Solar 1,74 kWp - Microinversor Deye c/ Wifi SUN2000 - Painel OSDA Com Estrtura",,,0,74,74.0,1740,0,,,draft,Solar Kit|Neosolar,0,1,77,0,Solar Kit Grid-Tie
,,,,kits,BRL,Neosolar,NEO-21777,,,,,1,"Kit Gerador Energia Solar 2,32 kWp - Microinversor Deye c/ Wifi SUN2000 - Painel OSDA (Mini Trilho)",,,0,32,32.0,2320,0,,,draft,Solar Kit|Neosolar,0,1,36,0,Solar Kit Grid-Tie
,,,,kits,BRL,Neosolar,NEO-21240,,,,,1,"Kit Gerador Energia Solar 2,32 kWp - Microinversor Deye c/ Wifi SUN2000 - Painel OSDA (Para Solo)",,,0,32,32.0,2320,0,,,draft,Solar Kit|Neosolar,0,1,36,0,Solar Kit Grid-Tie
,,,,kits,BRL,Neosolar,NEO-21816,,,,,1,"Kit Gerador Energia Solar 1,74 kWp - Microinversor Deye c/ Wifi SUN2000 - Painel OSDA Com Estrutura",,,0,74,74.0,1740,0,,,draft,Solar Kit|Neosolar,0,1,77,0,Solar Kit Grid-Tie
,,,,kits,BRL,Neosolar,NEO-21790,,,,,1,"Kit Gerador Energia Solar 0,58 kWp - Microinversor Deye c/ Wifi SUN2000 - Painel OSDA (Mini Trilho)",,,0,58,58.0,580,0,,,draft,Solar Kit|Neosolar,0,1,59,0,Solar Kit Grid-Tie
,,,,kits,BRL,Neosolar,NEO-21250,,,,,1,"Kit Gerador Energia Solar 1,74 kWp - Microinversor Deye c/ Wifi SUN2000 - Painel OSDA Com Estrtura",,,0,74,74.0,1740,0,,,draft,Solar Kit|Neosolar,0,1,77,0,Solar Kit Grid-Tie
,,,,kits,BRL,Neosolar,NEO-24688,,,,,1,"Kit Gerador Energia Solar  2,44kWp - Microinversor Deye c/ Wifi SUN2250 - Painel Sunova | P/ Cerâmica",,,0,1,44.0,2440,0,,,draft,Solar Kit|Neosolar,0,1,5,0,Solar Kit Grid-Tie
,,,,kits,BRL,Neosolar,NEO-22884,,,,,1,"Kit Gerador Energia Solar 1,74 kWp - Microinversor Deye c/ Wifi SUN2250 - Painel OSDA- Laje",,,0,74,74.0,1740,0,,,draft,Solar Kit|Neosolar,0,1,77,0,Solar Kit Grid-Tie
,,,,kits,BRL,Neosolar,NEO-21402,,,,,1,"Kit Gerador Energia Solar 0,57 kWp - Microinversor Deye c/ Wifi SUN2000 - Painel OSDA (Metálica)",,,0,57,57.0,575,0,,,draft,Solar Kit|Neosolar,0,1,58,0,Solar Kit Grid-Tie
,,,,kits,BRL,Neosolar,NEO-21123,,,,,1,"Kit Gerador Energia Solar 2,38 kWp - Microinversor Deye c/ Wifi SUN2000 - Painel Luxen (Mini Trilho)",,,0,38,38.0,2380,0,,,draft,Solar Kit|Neosolar,0,1,42,0,Solar Kit Grid-Tie
,,,,kits,BRL,Neosolar,NEO-21281,,,,,1,"Kit Gerador Energia Solar 2,30 kWp - Microinversor Deye c/ Wifi SUN2000 - Painel OSDA (Para Solo)",,,0,30,30.0,2300,0,,,draft,Solar Kit|Neosolar,0,1,34,0,Solar Kit Grid-Tie
,,,,kits,BRL,Neosolar,NEO-21804,,,,,1,"Kit Gerador Energia Solar 1,74 kWp - Microinversor Deye c/ Wifi SUN2000 - Painel OSDA (Mini Trilho)",,,0,74,74.0,1740,0,,,draft,Solar Kit|Neosolar,0,1,77,0,Solar Kit Grid-Tie
,,,,kits,BRL,Neosolar,NEO-21761,,,,,,"Kit Energia Solar On Grid Híbrido - 6,38kWp 5000Wh Lítio 220V - Sem Estrutura",,,0,1,38.0,0,0,,,draft,Solar Kit|Neosolar,0,0,1,0,Solar Kit Hybrid
,,4,48,kits,BRL,Neosolar,NEO-24900,,,,,1,"Kit Energia Solar On Grid Híbrido - 6,1kWp 4,8kWh Lítio 48V (24900)",,,610,10,1.0,6100,0,,,draft,Solar Kit|Neosolar,4,1,10,0,Solar Kit Hybrid
,,4,48,kits,BRL,Neosolar,NEO-24899,,,,,1,"Kit Energia Solar On Grid Híbrido - 6,1kWp 4,8kWh Lítio 48V (24899)",,,610,10,1.0,6100,0,,,draft,Solar Kit|Neosolar,4,1,10,0,Solar Kit Hybrid
,,1,48,kits,BRL,Neosolar,NEO-24903,,,,,1,"Kit Energia Solar On Grid Híbrido - 9,76kWp 4,8kWh Lítio 48V (24903)",,,610,16,76.0,9760,0,,,draft,Solar Kit|Neosolar,1,1,16,0,Solar Kit Hybrid
,,1,48,kits,BRL,Neosolar,NEO-24902,,,,,1,"Kit Energia Solar On Grid Híbrido - 5,49kWp 4,8kWh Lítio 48V (24902)",,,610,9,49.0,5490,0,,,draft,Solar Kit|Neosolar,1,1,9,0,Solar Kit Hybrid
,,1,48,kits,BRL,Neosolar,NEO-24901,,,,,1,"Kit Energia Solar On Grid Híbrido - 5,49kWp 4,8kWh Lítio 48V (24901)",,,610,9,49.0,5490,0,,,draft,Solar Kit|Neosolar,1,1,9,0,Solar Kit Hybrid
,,4,48,kits,BRL,Neosolar,NEO-24933,,,,,1,"Kit Energia Solar On Grid Híbrido - 9,76kWp 4,8kWh Lítio 48V (24933)",,,610,16,76.0,9760,0,,,draft,Solar Kit|Neosolar,4,1,16,0,Solar Kit Hybrid
,,1,48,kits,BRL,Neosolar,NEO-24892,,,,,1,"Kit Energia Solar On Grid Híbrido - 3,66kWp 4,8kWh Lítio 48V (24892)",,,610,6,66.0,3660,0,,,draft,Solar Kit|Neosolar,1,1,6,0,Solar Kit Hybrid
,,1,48,kits,BRL,Neosolar,NEO-24925,,,,,1,"Kit Energia Solar On Grid Híbrido - 5,49kWp 4,8kWh Lítio 48V (24925)",,,610,9,49.0,5490,0,,,draft,Solar Kit|Neosolar,1,1,9,0,Solar Kit Hybrid
,,6,48,kits,BRL,Neosolar,NEO-24938,,,,,1,"Kit Energia Solar On Grid Híbrido - 9,76kWp 4,8kWh Lítio 48V (24938)",,,610,16,76.0,9760,0,,,draft,Solar Kit|Neosolar,6,1,16,0,Solar Kit Hybrid
,,,,kits,BRL,Neosolar,NEO-25076,,,,,3,"Kit de Energia Solar On Grid - 12,20kWp (P/ Madeira)",,,610,20,20.0,12200,0,,,draft,Solar Kit|Neosolar,0,3,20,0,Solar Kit Grid-Tie
,,,,kits,BRL,Neosolar,NEO-25074,,,,,3,"Kit de Energia Solar On Grid - 8,54kWp (P/ Madeira)",,,610,14,54.0,8540,0,,,draft,Solar Kit|Neosolar,0,3,14,0,Solar Kit Grid-Tie
,,,,kits,BRL,Neosolar,NEO-25090,,,,,3,"Kit de Energia Solar On Grid - 8,54kWp (P/ Mini Trilho)",,,610,14,54.0,8540,0,,,draft,Solar Kit|Neosolar,0,3,14,0,Solar Kit Grid-Tie
,,,,kits,BRL,Neosolar,NEO-25083,,,,,3,"Kit de Energia Solar On Grid - 9,15kWp (P/ Metal)",,,610,15,15.0,9150,0,,,draft,Solar Kit|Neosolar,0,3,15,0,Solar Kit Grid-Tie
,,,,kits,BRL,Neosolar,NEO-25087,,,,,2,"Kit de Energia Solar On Grid - 4,88kWp (P/ Mini Trilho)",,,610,8,88.0,4880,0,,,draft,Solar Kit|Neosolar,0,2,8,0,Solar Kit Grid-Tie
,,,,kits,BRL,Neosolar,NEO-25081,,,,,2,"Kit de Energia Solar On Grid - 7,32kWp (P/ Metal)",,,610,12,32.0,7320,0,,,draft,Solar Kit|Neosolar,0,2,12,0,Solar Kit Grid-Tie
,,,,kits,BRL,Neosolar,NEO-24981,,,,,3,"Kit de Energia Solar On Grid - 12,20kWp (Sem Estrutura)",,,610,20,20.0,12200,0,,,draft,Solar Kit|Neosolar,0,3,20,0,Solar Kit Grid-Tie
,,,,kits,BRL,Neosolar,NEO-24978,,,,,2,"Kit de Energia Solar On Grid - 7,32kWp (Sem Estrutura)",,,610,12,32.0,7320,0,,,draft,Solar Kit|Neosolar,0,2,12,0,Solar Kit Grid-Tie
,,,,kits,BRL,Neosolar,NEO-21132,,,,,1,"Kit Gerador Energia Solar 0,59 kWp - Microinversor Deye c/ Wifi SUN2000 - Painel Luxen (Mini Trilho)",,,0,595,59.0,595,0,,,draft,Solar Kit|Neosolar,0,1,596,0,Solar Kit Grid-Tie
,,,,kits,BRL,Neosolar,NEO-21238,,,,,1,"Kit Gerador Energia Solar 2,32 kWp - Microinversor Deye c/ Wifi SUN2000 - Painel OSDA (Para Laje)",,,0,32,32.0,2320,0,,,draft,Solar Kit|Neosolar,0,1,36,0,Solar Kit Grid-Tie
,,,,kits,BRL,Neosolar,NEO-21239,,,,,1,"Kit Gerador Energia Solar 2,32 kWp - Microinversor Deye c/ Wifi SUN2000 - Painel OSDA (Mini Trilho)",,,0,32,32.0,2320,0,,,draft,Solar Kit|Neosolar,0,1,36,0,Solar Kit Grid-Tie
,,,,kits,BRL,Neosolar,NEO-21403,,,,,1,"Kit Gerador Energia Solar 0,57 kWp - Microinversor Deye c/ Wifi SUN2000 - Painel OSDA (Laje)",,,0,57,57.0,575,0,,,draft,Solar Kit|Neosolar,0,1,58,0,Solar Kit Grid-Tie
,,,,kits,BRL,Neosolar,NEO-21793,,,,,1,"Kit Gerador Energia Solar 0,58 kWp - Microinversor Deye c/ Wifi SUN2000 - Painel OSDA (Solo)",,,0,58,58.0,580,0,,,draft,Solar Kit|Neosolar,0,1,59,0,Solar Kit Grid-Tie
,,,,kits,BRL,Neosolar,NEO-21399,,,,,1,"Kit Gerador Energia Solar 0,57 kWp - Microinversor Deye c/ Wifi SUN2000 - Painel OSDA (Sem Estrutura",,,0,57,57.0,575,0,,,draft,Solar Kit|Neosolar,0,1,58,0,Solar Kit Grid-Tie
,,,,kits,BRL,Neosolar,NEO-23092,,,,,1,"Kit Gerador Energia Solar 1,75 kWp - Microinversor Deye c/ Wifi SUN2250 - Painel OSDA",,,0,75,75.0,1755,0,,,draft,Solar Kit|Neosolar,0,1,78,0,Solar Kit Grid-Tie
,,,,kits,BRL,Neosolar,NEO-23096,,,,,1,"Kit Gerador Energia Solar 1,75 kWp - Microinversor Deye c/ Wifi SUN2250 - Painel OSDA",,,0,75,75.0,1755,0,,,draft,Solar Kit|Neosolar,0,1,78,0,Solar Kit Grid-Tie
,,,,kits,BRL,Neosolar,NEO-22978,,,,,1,"Kit Gerador Energia Solar 0,58 kWp - Microinversor Deye c/ Wifi SUN2250 - Painel OSDA- Mini Trilho",,,0,58,58.0,580,0,,,draft,Solar Kit|Neosolar,0,1,59,0,Solar Kit Grid-Tie
,,,,kits,BRL,Neosolar,NEO-23077,,,,,1,"Kit Gerador Energia Solar 0,58 kWp - Microinversor Deye c/ Wifi SUN2250 - Painel OSDA - Cerâmica",,,0,58,58.0,585,0,,,draft,Solar Kit|Neosolar,0,1,59,0,Solar Kit Grid-Tie
,,,,kits,BRL,Neosolar,NEO-23089,,,,,1,"Kit Gerador Energia Solar 1,17 kWp - Microinversor Deye c/ Wifi SUN2250 - Painel OSDA - Solo",,,0,17,17.0,1170,0,,,draft,Solar Kit|Neosolar,0,1,19,0,Solar Kit Grid-Tie
,,,,kits,BRL,Neosolar,NEO-22887,,,,,1,"Kit Gerador Energia Solar 2,32 kWp - Microinversor Deye c/ Wifi SUN2250 - Painel OSDA- Laje",,,0,32,32.0,2320,0,,,draft,Solar Kit|Neosolar,0,1,36,0,Solar Kit Grid-Tie
,,,,kits,BRL,Neosolar,NEO-22939,,,,,1,"Kit Gerador Energia Solar 1,66 kWp - Microinversor Deye c/ Wifi SUN2250 - Painel ReneSola- Mini Trilho",,,0,66,66.0,1665,0,,,draft,Solar Kit|Neosolar,0,1,69,0,Solar Kit Grid-Tie
,,,,kits,BRL,Neosolar,NEO-22945,,,,,1,"Kit Gerador Energia Solar 2,22 kWp - Microinversor Deye c/ Wifi SUN2250 - Painel ReneSola- Cerâmica",,,0,22,22.0,2220,0,,,draft,Solar Kit|Neosolar,0,1,26,0,Solar Kit Grid-Tie
,,,,kits,BRL,Neosolar,NEO-22949,,,,,1,"Kit Gerador Energia Solar 2,22 kWp - Microinversor Deye c/ Wifi SUN2250 - Painel ReneSola- Laje",,,0,22,22.0,2220,0,,,draft,Solar Kit|Neosolar,0,1,26,0,Solar Kit Grid-Tie
,,,,kits,BRL,Neosolar,NEO-22984,,,,,1,"Kit Gerador Energia Solar 1,16 kWp - Microinversor Deye c/ Wifi SUN2250 - Painel OSDA- Cerâmica",,,0,16,16.0,1160,0,,,draft,Solar Kit|Neosolar,0,1,18,0,Solar Kit Grid-Tie
,,,,kits,BRL,Neosolar,NEO-22977,,,,,1,"Kit Gerador Energia Solar 0,58 kWp - Microinversor Deye c/ Wifi SUN2250 - Painel OSDA- Cerâmica",,,0,58,58.0,580,0,,,draft,Solar Kit|Neosolar,0,1,59,0,Solar Kit Grid-Tie
,,,,kits,BRL,Neosolar,NEO-22947,,,,,1,"Kit Gerador Energia Solar 2,22 kWp - Microinversor Deye c/ Wifi SUN2250 - Painel ReneSola- Madeira",,,0,22,22.0,2220,0,,,draft,Solar Kit|Neosolar,0,1,26,0,Solar Kit Grid-Tie
,,,,kits,BRL,Neosolar,NEO-22951,,,,,1,"Kit Gerador Energia Solar 2,22 kWp - Microinversor Deye c/ Wifi SUN2250 - Painel ReneSola",,,0,22,22.0,2220,0,,,draft,Solar Kit|Neosolar,0,1,26,0,Solar Kit Grid-Tie
,,,,kits,BRL,Neosolar,NEO-22937,,,,,1,"Kit Gerador Energia Solar 1,11 kWp - Microinversor Deye c/ Wifi SUN2250 - Painel ReneSola | Sem estrutura",,,0,11,11.0,1110,0,,,draft,Solar Kit|Neosolar,0,1,13,0,Solar Kit Grid-Tie
,,,,kits,BRL,Neosolar,NEO-23095,,,,,1,"Kit Gerador Energia Solar 1,75 kWp - Microinversor Deye c/ Wifi SUN2250 - Painel OSDA",,,0,75,75.0,1755,0,,,draft,Solar Kit|Neosolar,0,1,78,0,Solar Kit Grid-Tie
,,,,kits,BRL,Neosolar,NEO-22987,,,,,1,"Kit Gerador Energia Solar 1,16 kWp - Microinversor Deye c/ Wifi SUN2250 - Painel OSDA- Metálica",,,0,16,16.0,1160,0,,,draft,Solar Kit|Neosolar,0,1,18,0,Solar Kit Grid-Tie
,,,,kits,BRL,Neosolar,NEO-22980,,,,,1,"Kit Gerador Energia Solar 0,58 kWp - Microinversor Deye c/ Wifi SUN2250 - Painel OSDA- Metálica",,,0,58,58.0,580,0,,,draft,Solar Kit|Neosolar,0,1,59,0,Solar Kit Grid-Tie
,,,,kits,BRL,Neosolar,NEO-22994,,,,,1,"Kit Gerador Energia Solar 1,74 kWp - Microinversor Deye c/ Wifi SUN2250 - Painel OSDA- Metálica",,,0,74,74.0,1740,0,,,draft,Solar Kit|Neosolar,0,1,77,0,Solar Kit Grid-Tie
,,,,kits,BRL,Neosolar,NEO-22988,,,,,1,"Kit Gerador Energia Solar 1,16 kWp - Microinversor Deye c/ Wifi SUN2250 - Painel OSDA- Laje",,,0,16,16.0,1160,0,,,draft,Solar Kit|Neosolar,0,1,18,0,Solar Kit Grid-Tie
,,,,kits,BRL,Neosolar,NEO-22999,,,,,1,"Kit Gerador Energia Solar 2,32 kWp - Microinversor Deye c/ Wifi SUN2250 - Painel OSDA- Mini Trilho",,,0,32,32.0,2320,0,,,draft,Solar Kit|Neosolar,0,1,36,0,Solar Kit Grid-Tie
,,,,kits,BRL,Neosolar,NEO-22983,,,,,1,"Kit Gerador Energia Solar 0,58 kWp - Microinversor Deye c/ Wifi SUN2250 - Painel OSDA",,,0,58,58.0,580,0,,,draft,Solar Kit|Neosolar,0,1,59,0,Solar Kit Grid-Tie
,,,,kits,BRL,Neosolar,NEO-22209,,,,,1,"Kit Gerador Energia Solar 0,55 kWp - Microinversor Deye c/ Wifi SUN2000 - Painel Sunova (Mini Trilho)",,,0,55,55.0,550,0,,,draft,Solar Kit|Neosolar,0,1,56,0,Solar Kit Grid-Tie
,,,,kits,BRL,Neosolar,NEO-22226,,,,,1,"Kit Gerador Energia Solar 1,65 kWp - Microinversor Deye c/ Wifi SUN2000 - Painel Sunova (Solo)",,,0,65,65.0,1650,0,,,draft,Solar Kit|Neosolar,0,1,68,0,Solar Kit Grid-Tie
,,,,kits,BRL,Neosolar,NEO-22232,,,,,1,"Kit Gerador Energia Solar 2,20 kWp - Microinversor Deye c/ Wifi SUN2000 - Painel Sunova (Metal)",,,0,20,20.0,2200,0,,,draft,Solar Kit|Neosolar,0,1,24,0,Solar Kit Grid-Tie
,,,,kits,BRL,Neosolar,NEO-22228,,,,,1,"Kit Gerador Energia Solar 2,20 kWp - Microinversor Deye c/ Wifi SUN2000 - Painel Sunova (Laje)",,,0,20,20.0,2200,0,,,draft,Solar Kit|Neosolar,0,1,24,0,Solar Kit Grid-Tie
,,,,kits,BRL,Neosolar,NEO-22230,,,,,1,"Kit Gerador Energia Solar 2,20 kWp - Microinversor Deye c/ Wifi SUN2000 - Painel Sunova (Mini Trilho)",,,0,20,20.0,2200,0,,,draft,Solar Kit|Neosolar,0,1,24,0,Solar Kit Grid-Tie
,,,,kits,BRL,Neosolar,NEO-22234,,,,,1,"Kit Gerador Energia Solar 2,20 kWp - Microinversor Deye c/ Wifi SUN2000 - Painel Sunova",,,0,20,20.0,2200,0,,,draft,Solar Kit|Neosolar,0,1,24,0,Solar Kit Grid-Tie
,,,,kits,BRL,Neosolar,NEO-22502,,,,,1,"Kit Gerador Energia Solar 1,11 kWp - Microinversor Deye c/ Wifi SUN2000 - Painel ReneSola (Para Solo)",,,0,11,11.0,1110,0,,,draft,Solar Kit|Neosolar,0,1,13,0,Solar Kit Grid-Tie
,,,,kits,BRL,Neosolar,NEO-22500,,,,,1,"Kit Gerador Energia Solar 1,11 kWp - Microinversor Deye c/ Wifi SUN2000 - Painel ReneSola (Madeira)",,,0,11,11.0,1110,0,,,draft,Solar Kit|Neosolar,0,1,13,0,Solar Kit Grid-Tie
,,,,kits,BRL,Neosolar,NEO-22417,,,,,1,"Kit Gerador Energia Solar 1,16 kWp - Microinversor Deye c/ Wifi SUN2000 - Painel OSDA (Para Solo)",,,0,16,16.0,1160,0,,,draft,Solar Kit|Neosolar,0,1,18,0,Solar Kit Grid-Tie
,,,,kits,BRL,Neosolar,NEO-22408,,,,,1,"Kit Gerador Energia Solar 0,58 kWp - Microinversor Deye c/ Wifi SUN2000 - Painel OSDA (Madeira)",,,0,58,58.0,580,0,,,draft,Solar Kit|Neosolar,0,1,59,0,Solar Kit Grid-Tie
,,,,kits,BRL,Neosolar,NEO-22405,,,,,1,"Kit Gerador Energia Solar 0,58 kWp - Microinversor Deye c/ Wifi SUN2000 - Painel OSDA (Para Laje)",,,0,58,58.0,580,0,,,draft,Solar Kit|Neosolar,0,1,59,0,Solar Kit Grid-Tie
,,,,kits,BRL,Neosolar,NEO-22459,,,,,1,"Kit Gerador Energia Solar 0,59 kWp - Microinversor Deye c/ Wifi SUN2000 - Painel Luxen (Para Solo)",,,0,595,59.0,595,0,,,draft,Solar Kit|Neosolar,0,1,596,0,Solar Kit Grid-Tie
,,,,kits,BRL,Neosolar,NEO-22455,,,,,1,"Kit Gerador Energia Solar 0,59 kWp - Microinversor Deye c/ Wifi SUN2000 - Painel Luxen (Cerâmica)",,,0,595,59.0,595,0,,,draft,Solar Kit|Neosolar,0,1,596,0,Solar Kit Grid-Tie
,,,,kits,BRL,Neosolar,NEO-22348,,,,,1,"Kit Gerador Energia Solar 1,78 kWp - Microinversor Deye c/ Wifi SUN2000 - Painel Luxen - Estrutura Para Laje",,,0,78,78.0,1785,0,,,draft,Solar Kit|Neosolar,0,1,81,0,Solar Kit Grid-Tie
,,,,kits,BRL,Neosolar,NEO-22346,,,,,1,"Kit Gerador Energia Solar 1,78 kWp - Microinversor Deye c/ Wifi SUN2000 - Painel Luxen - Estrutura Madeira",,,0,78,78.0,1785,0,,,draft,Solar Kit|Neosolar,0,1,81,0,Solar Kit Grid-Tie
,,,,kits,BRL,Neosolar,NEO-22222,,,,,1,"Kit Gerador Energia Solar 1,65 kWp - Microinversor Deye c/ Wifi SUN2000 - Painel Sunova (Cerâmica)",,,0,65,65.0,1650,0,,,draft,Solar Kit|Neosolar,0,1,68,0,Solar Kit Grid-Tie
,,,,kits,BRL,Neosolar,NEO-22432,,,,,1,"Kit Gerador Energia Solar 2,32 kWp - Microinversor Deye c/ Wifi SUN2000 - Painel OSDA (Sem Estrutura)",,,0,32,32.0,2320,0,,,draft,Solar Kit|Neosolar,0,1,36,0,Solar Kit Grid-Tie
,,,,kits,BRL,Neosolar,NEO-22425,,,,,1,"Kit Gerador Energia Solar 1,74 kWp - Microinversor Deye c/ Wifi SUN2000 - Painel OSDA (Sem Estrutura)",,,0,74,74.0,1740,0,,,draft,Solar Kit|Neosolar,0,1,77,0,Solar Kit Grid-Tie
,,,,kits,BRL,Neosolar,NEO-22428,,,,,1,"Kit Gerador Energia Solar 2,32 kWp - Microinversor Deye c/ Wifi SUN2000 - Painel OSDA (Mini Trilho)",,,0,32,32.0,2320,0,,,draft,Solar Kit|Neosolar,0,1,36,0,Solar Kit Grid-Tie
,,,,kits,BRL,Neosolar,NEO-22446,,,,,1,"Kit Gerador Energia Solar 1,19 kWp - Microinversor Deye c/ Wifi SUN2000 - Painel Luxen (Mini Trilho)",,,0,19,19.0,1190,0,,,draft,Solar Kit|Neosolar,0,1,21,0,Solar Kit Grid-Tie
,,,,kits,BRL,Neosolar,NEO-22442,,,,,1,"Kit Gerador Energia Solar 1,19 kWp - Microinversor Deye c/ Wifi SUN2000 - Painel Luxen (Madeira)",,,0,19,19.0,1190,0,,,draft,Solar Kit|Neosolar,0,1,21,0,Solar Kit Grid-Tie
,,,,kits,BRL,Neosolar,NEO-22218,,,,,1,"Kit Gerador Energia Solar 1,10 kWp - Microinversor Deye c/ Wifi SUN2000 - Painel Sunova (Metálica)",,,0,10,10.0,1100,0,,,draft,Solar Kit|Neosolar,0,1,12,0,Solar Kit Grid-Tie
,,,,kits,BRL,Neosolar,NEO-22431,,,,,1,"Kit Gerador Energia Solar 2,32 kWp - Microinversor Deye c/ Wifi SUN2000 - Painel OSDA (Para Solo)",,,0,32,32.0,2320,0,,,draft,Solar Kit|Neosolar,0,1,36,0,Solar Kit Grid-Tie
,,,,kits,BRL,Neosolar,NEO-24632,,,,,1,"Kit Gerador Energia Solar  1,24kWp - Microinversor Deye c/ Wifi SUN2250 - Painel OSDA P/ Mini Trilho",,,0,1,24.0,1240,0,,,draft,Solar Kit|Neosolar,0,1,3,0,Solar Kit Grid-Tie
,,,,kits,BRL,Neosolar,NEO-22454,,,,,1,"Kit Gerador Energia Solar 0,59 kWp - Microinversor Deye c/ Wifi SUN2000 - Painel Luxen (Sem Estrutura)",,,0,595,59.0,595,0,,,draft,Solar Kit|Neosolar,0,1,596,0,Solar Kit Grid-Tie
,,,,kits,BRL,Neosolar,NEO-21284,,,,,1,"Kit Gerador Energia Solar 1,15 kWp - Microinversor Deye c/ Wifi SUN2000 - Painel OSDA (Solo)",,,0,15,15.0,1150,0,,,draft,Solar Kit|Neosolar,0,1,17,0,Solar Kit Grid-Tie
,,,,kits,BRL,Neosolar,NEO-21249,,,,,1,"Kit Gerador Energia Solar 1,74 kWp - Microinversor Deye c/ Wifi SUN2000 - Painel OSDA Com Estrutura",,,0,74,74.0,1740,0,,,draft,Solar Kit|Neosolar,0,1,77,0,Solar Kit Grid-Tie
,,,,kits,BRL,Neosolar,NEO-21234,,,,,1,"Kit Gerador Energia Solar 2,32 kWp - Microinversor Deye c/ Wifi SUN2000 - Painel OSDA (sem estrutura)",,,0,32,32.0,2320,0,,,draft,Solar Kit|Neosolar,0,1,36,0,Solar Kit Grid-Tie
,,,,kits,BRL,Neosolar,NEO-21242,,,,,1,"Kit Gerador Energia Solar 1,16 kWp - Microinversor Deye c/ Wifi SUN2000 - Painel OSDA Com Estrutura",,,0,16,16.0,1160,0,,,draft,Solar Kit|Neosolar,0,1,18,0,Solar Kit Grid-Tie
,,,,kits,BRL,Neosolar,NEO-21605,,,,,1,"Kit Gerador Energia Solar 1,74 kWp - Microinversor Deye c/ Wifi SUN2000 - Painel OSDA Com Estrutura",,,0,74,74.0,1740,0,,,draft,Solar Kit|Neosolar,0,1,77,0,Solar Kit Grid-Tie
,,,,kits,BRL,Neosolar,NEO-21606,,,,,1,"Kit Gerador Energia Solar 1,74 kWp - Microinversor Deye c/ Wifi SUN2000 - Painel OSDA Com Estrtura",,,0,74,74.0,1740,0,,,draft,Solar Kit|Neosolar,0,1,77,0,Solar Kit Grid-Tie
,,3,48,kits,BRL,Neosolar,NEO-24922,,,,,1,"Kit Energia Solar On Grid Híbrido - 6,1kWp 4,8kWh Lítio 48V (24922)",,,610,10,1.0,6100,0,,,draft,Solar Kit|Neosolar,3,1,10,0,Solar Kit Hybrid
,,1,48,kits,BRL,Neosolar,NEO-24917,,,,,1,"Kit Energia Solar On Grid Híbrido - 6,1kWp 4,8kWh Lítio 48V (24917)",,,610,10,1.0,6100,0,,,draft,Solar Kit|Neosolar,1,1,10,0,Solar Kit Hybrid
,,5,48,kits,BRL,Neosolar,NEO-24912,,,,,1,"Kit Energia Solar On Grid Híbrido - 9,76kWp 4,8kWh Lítio 48V (24912)",,,610,16,76.0,9760,0,,,draft,Solar Kit|Neosolar,5,1,16,0,Solar Kit Hybrid
,,5,48,kits,BRL,Neosolar,NEO-24911,,,,,1,"Kit Energia Solar On Grid Híbrido - 9,76kWp 4,8kWh Lítio 48V (24911)",,,610,16,76.0,9760,0,,,draft,Solar Kit|Neosolar,5,1,16,0,Solar Kit Hybrid
,,3,48,kits,BRL,Neosolar,NEO-24907,,,,,1,"Kit Energia Solar On Grid Híbrido - 9,76kWp 4,8kWh Lítio 48V (24907)",,,610,16,76.0,9760,0,,,draft,Solar Kit|Neosolar,3,1,16,0,Solar Kit Hybrid
,,,,kits,BRL,Neosolar,NEO-24976,,,,,2,"Kit de Energia Solar On Grid - 4,88kWp (Sem Estrutura)",,,610,8,88.0,4880,0,,,draft,Solar Kit|Neosolar,0,2,8,0,Solar Kit Grid-Tie
,,,,kits,BRL,Neosolar,NEO-25068,,,,,3,"Kit de Energia Solar On Grid - 12,20kWp (P/ Cerâmica)",,,610,20,20.0,12200,0,,,draft,Solar Kit|Neosolar,0,3,20,0,Solar Kit Grid-Tie
,,,,kits,BRL,Neosolar,NEO-25067,,,,,3,"Kit de Energia Solar On Grid - 9,15kWp (P/ Cerâmica)",,,610,15,15.0,9150,0,,,draft,Solar Kit|Neosolar,0,3,15,0,Solar Kit Grid-Tie
,,,,kits,BRL,Neosolar,NEO-25063,,,,,2,"Kit de Energia Solar On Grid - 4,88kWp (P/ Cerâmica)",,,610,8,88.0,4880,0,,,draft,Solar Kit|Neosolar,0,2,8,0,Solar Kit Grid-Tie
,,,,kits,BRL,Neosolar,NEO-25065,,,,,2,"Kit de Energia Solar On Grid - 7,32kWp (P/ Cerâmica)",,,610,12,32.0,7320,0,,,draft,Solar Kit|Neosolar,0,2,12,0,Solar Kit Grid-Tie
,,,,kits,BRL,Neosolar,NEO-25078,,,,,2,"Kit de Energia Solar On Grid - 3,66kWp (P/ Metal)",,,610,6,66.0,3660,0,,,draft,Solar Kit|Neosolar,0,2,6,0,Solar Kit Grid-Tie
,,,,kits,BRL,Neosolar,NEO-25089,,,,,2,"Kit de Energia Solar On Grid - 7,32kWp (P/ Mini Trilho)",,,610,12,32.0,7320,0,,,draft,Solar Kit|Neosolar,0,2,12,0,Solar Kit Grid-Tie
,,,,kits,BRL,Neosolar,NEO-24982,,,,,3,"Kit de Energia Solar On Grid - 12,81kWp (Sem Estrutura)",,,610,21,81.0,12810,0,,,draft,Solar Kit|Neosolar,0,3,21,0,Solar Kit Grid-Tie
,,,,kits,BRL,Neosolar,NEO-24975,,,,,2,"Kit de Energia Solar On Grid - 3,66kWp (Sem Estrutura)",,,610,6,66.0,3660,0,,,draft,Solar Kit|Neosolar,0,2,6,0,Solar Kit Grid-Tie
,,,,kits,BRL,Neosolar,NEO-22552,,,,,1,"Kit Gerador Energia Solar 2,32 kWp - Microinversor Deye c/ Wifi SUN2000 - Painel OSDA (Cerâmica)",,,0,32,32.0,2320,0,,,draft,Solar Kit|Neosolar,0,1,36,0,Solar Kit Grid-Tie
,,,,kits,BRL,Neosolar,NEO-22168,,,,,1,"Kit Gerador Energia Solar 0,58 kWp - Microinversor Deye c/ Wifi SUN2000 - Painel Sunova (Mini Trilho)",,,0,58,58.0,580,0,,,draft,Solar Kit|Neosolar,0,1,59,0,Solar Kit Grid-Tie
,,,,kits,BRL,Neosolar,NEO-22170,,,,,1,"Kit Gerador Energia Solar 0,58 kWp - Microinversor Deye c/ Wifi SUN2000 - Painel Sunova (Metálica)",,,0,58,58.0,580,0,,,draft,Solar Kit|Neosolar,0,1,59,0,Solar Kit Grid-Tie
,,,,kits,BRL,Neosolar,NEO-22129,,,,,,"Kit Gerador Energia Solar 2,22kWp - Microinversor Deye c/ Wifi SUN2000 C/ Parafuso (Madeira)",,,555,4,22.0,2220,0,,,draft,Solar Kit|Neosolar,0,0,4,0,Solar Kit Grid-Tie
,,,,kits,BRL,Neosolar,NEO-22121,,,,,,"Kit Gerador Energia Solar 1,66kWp - Microinversor Deye c/ Wifi SUN2000 C/ Gancho P/ Cerâmica",,,555,3,66.0,1665,0,,,draft,Solar Kit|Neosolar,0,0,3,0,Solar Kit Grid-Tie
,,,,kits,BRL,Neosolar,NEO-22131,,,,,,"Kit Gerador Energia Solar 2,22kWp - Microinversor Deye c/ Wifi SUN2000 C/ Est. Solo",,,555,4,22.0,2220,0,,,draft,Solar Kit|Neosolar,0,0,4,0,Solar Kit Grid-Tie
,,,,kits,BRL,Neosolar,NEO-22125,,,,,,"Kit Gerador Energia Solar 1,66kWp - Microinversor Deye c/ Wifi SUN2000 C/ Est. Solo",,,555,3,66.0,1665,0,,,draft,Solar Kit|Neosolar,0,0,3,0,Solar Kit Grid-Tie
,,,,kits,BRL,Neosolar,NEO-22542,,,,,1,"Kit Gerador Energia Solar 1,66 kWp - Microinversor Deye c/ Wifi SUN2000 - Painel ReneSola (Metálica)",,,0,66,66.0,1665,0,,,draft,Solar Kit|Neosolar,0,1,69,0,Solar Kit Grid-Tie
,,,,kits,BRL,Neosolar,NEO-22539,,,,,1,"Kit Gerador Energia Solar 1,66 kWp - Microinversor Deye c/ Wifi SUN2000 - Painel ReneSola (Para Laje)",,,0,66,66.0,1665,0,,,draft,Solar Kit|Neosolar,0,1,69,0,Solar Kit Grid-Tie
,,,,kits,BRL,Neosolar,NEO-22553,,,,,1,"Kit Gerador Energia Solar 2,32 kWp - Microinversor Deye c/ Wifi SUN2000 - Painel OSDA (Madeira)",,,0,32,32.0,2320,0,,,draft,Solar Kit|Neosolar,0,1,36,0,Solar Kit Grid-Tie
,,,,kits,BRL,Neosolar,NEO-22561,,,,,1,"Kit Gerador Energia Solar 1,78 kWp - Microinversor Deye c/ Wifi SUN2000 - Painel Luxen (Metálica)",,,0,78,78.0,1785,0,,,draft,Solar Kit|Neosolar,0,1,81,0,Solar Kit Grid-Tie
,,,,kits,BRL,Neosolar,NEO-22551,,,,,1,"Kit Gerador Energia Solar 2,32 kWp - Microinversor Deye c/ Wifi SUN2000 - Painel OSDA (Para Laje)",,,0,32,32.0,2320,0,,,draft,Solar Kit|Neosolar,0,1,36,0,Solar Kit Grid-Tie
,,,,kits,BRL,Neosolar,NEO-22112,,,,,,"Kit Gerador Energia Solar 0,55kWp - Microinversor Deye c/ Wifi SUN2000 C/ Parafuso (Metal)",,,555,1,55.0,555,0,,,draft,Solar Kit|Neosolar,0,0,1,0,Solar Kit Grid-Tie
,,,,kits,BRL,Neosolar,NEO-22115,,,,,,"Kit Gerador Energia Solar 1,11kWp - Microinversor Deye c/ Wifi SUN2000 C/ Gancho P/ Cerâmica",,,555,2,11.0,1110,0,,,draft,Solar Kit|Neosolar,0,0,2,0,Solar Kit Grid-Tie
,,,,kits,BRL,Neosolar,NEO-22113,,,,,,"Kit Gerador Energia Solar 0,55kWp - Microinversor Deye c/ Wifi SUN2000 C/ Est. Solo",,,555,1,55.0,555,0,,,draft,Solar Kit|Neosolar,0,0,1,0,Solar Kit Grid-Tie
,,,,kits,BRL,Neosolar,NEO-22543,,,,,1,"Kit Gerador Energia Solar 2,22 kWp - Microinversor Deye c/ Wifi SUN2000 - Painel ReneSola (Para Laje)",,,0,22,22.0,2220,0,,,draft,Solar Kit|Neosolar,0,1,26,0,Solar Kit Grid-Tie
,,,,kits,BRL,Neosolar,NEO-22541,,,,,1,"Kit Gerador Energia Solar 1,66 kWp - Microinversor Deye c/ Wifi SUN2000 - Painel ReneSola (Madeira)",,,0,66,66.0,1665,0,,,draft,Solar Kit|Neosolar,0,1,69,0,Solar Kit Grid-Tie
,,,,kits,BRL,Neosolar,NEO-22540,,,,,1,"Kit Gerador Energia Solar 1,66 kWp - Microinversor Deye c/ Wifi SUN2000 - Painel ReneSola (Cerâmica)",,,0,66,66.0,1665,0,,,draft,Solar Kit|Neosolar,0,1,69,0,Solar Kit Grid-Tie
,,,,kits,BRL,Neosolar,NEO-22548,,,,,1,"Kit Gerador Energia Solar 1,74 kWp - Microinversor Deye c/ Wifi SUN2000 - Painel OSDA (Cerâmica)",,,0,74,74.0,1740,0,,,draft,Solar Kit|Neosolar,0,1,77,0,Solar Kit Grid-Tie
,,,,kits,BRL,Neosolar,NEO-22452,,,,,1,"Kit Gerador Energia Solar 1,78 kWp - Microinversor Deye c/ Wifi SUN2000 - Painel Luxen (Mini Trilho)",,,0,78,78.0,1785,0,,,draft,Solar Kit|Neosolar,0,1,81,0,Solar Kit Grid-Tie
,,,,kits,BRL,Neosolar,NEO-22443,,,,,1,"Kit Gerador Energia Solar 1,19 kWp - Microinversor Deye c/ Wifi SUN2000 - Painel Luxen (Metálica)",,,0,19,19.0,1190,0,,,draft,Solar Kit|Neosolar,0,1,21,0,Solar Kit Grid-Tie
,,,,kits,BRL,Neosolar,NEO-22257,,,,,1,"Kit Gerador Energia Solar 1,65 kWp - Microinversor Deye c/ Wifi SUN2000 - Painel Sunova (Cerâmica)",,,0,65,65.0,2200,0,,,draft,Solar Kit|Neosolar,0,1,69,0,Solar Kit Grid-Tie
,,,,kits,BRL,Neosolar,NEO-22250,,,,,1,"Kit Gerador Energia Solar 1,74 kWp - Microinversor Deye c/ Wifi SUN2000 - Painel Sunova (Madeira)",,,0,74,74.0,2320,0,,,draft,Solar Kit|Neosolar,0,1,78,0,Solar Kit Grid-Tie
,,,,kits,BRL,Neosolar,NEO-22255,,,,,1,"Kit Gerador Energia Solar 2,32 kWp - Microinversor Deye c/ Wifi SUN2000 - Painel Sunova (Metal)",,,0,32,32.0,2320,0,,,draft,Solar Kit|Neosolar,0,1,36,0,Solar Kit Grid-Tie
,,,,kits,BRL,Neosolar,NEO-22418,,,,,1,"Kit Gerador Energia Solar 1,16 kWp - Microinversor Deye c/ Wifi SUN2000 - Painel OSDA (Sem Estrutura)",,,0,16,16.0,1160,0,,,draft,Solar Kit|Neosolar,0,1,18,0,Solar Kit Grid-Tie
,,,,kits,BRL,Neosolar,NEO-22415,,,,,1,"Kit Gerador Energia Solar 1,16 kWp - Microinversor Deye c/ Wifi SUN2000 - Painel OSDA (Madeira)",,,0,16,16.0,1160,0,,,draft,Solar Kit|Neosolar,0,1,18,0,Solar Kit Grid-Tie
,,,,kits,BRL,Neosolar,NEO-22327,,,,,1,"Kit Gerador Energia Solar 2,20 kWp - Microinversor Deye c/ Wifi SUN2000 - Painel Sunova (Metal)",,,0,20,20.0,2200,0,,,draft,Solar Kit|Neosolar,0,1,24,0,Solar Kit Grid-Tie
,,,,kits,BRL,Neosolar,NEO-22187,,,,,1,"Kit Gerador Energia Solar 2,32 kWp - Microinversor Deye c/ Wifi SUN2000 - Painel Sunova (Para Laje)",,,0,32,32.0,2320,0,,,draft,Solar Kit|Neosolar,0,1,36,0,Solar Kit Grid-Tie
,,,,kits,BRL,Neosolar,NEO-22190,,,,,1,"Kit Gerador Energia Solar 2,32 kWp - Microinversor Deye c/ Wifi SUN2000 - Painel Sunova (Madeira)",,,0,32,32.0,2320,0,,,draft,Solar Kit|Neosolar,0,1,36,0,Solar Kit Grid-Tie
,,,,kits,BRL,Neosolar,NEO-22211,,,,,1,"Kit Gerador Energia Solar 0,55 kWp - Microinversor Deye c/ Wifi SUN2000 - Painel Sunova (Metálica)",,,0,55,55.0,550,0,,,draft,Solar Kit|Neosolar,0,1,56,0,Solar Kit Grid-Tie
,,,,kits,BRL,Neosolar,NEO-22213,,,,,1,"Kit Gerador Energia Solar 0,55 kWp - Microinversor Deye c/ Wifi SUN2000 - Painel Sunova (Sem Estrutura)",,,0,55,55.0,550,0,,,draft,Solar Kit|Neosolar,0,1,56,0,Solar Kit Grid-Tie
,,,,kits,BRL,Neosolar,NEO-22054,,,,,1,"Kit Gerador Energia Solar 0,58 kWp - Microinversor Deye c/ Wifi SUN2000 - Painel OSDA (Madeira)",,,0,58,58.0,580,0,,,draft,Solar Kit|Neosolar,0,1,59,0,Solar Kit Grid-Tie
,,,,kits,BRL,Neosolar,NEO-22130,,,,,,"Kit Gerador Energia Solar 2,22kWp - Microinversor Deye c/ Wifi SUN2000 C/ Parafuso (Metal)",,,555,4,22.0,2220,0,,,draft,Solar Kit|Neosolar,0,0,4,0,Solar Kit Grid-Tie
,,,,kits,BRL,Neosolar,NEO-22458,,,,,1,"Kit Gerador Energia Solar 0,59 kWp - Microinversor Deye c/ Wifi SUN2000 - Painel Luxen (Para Laje)",,,0,595,59.0,595,0,,,draft,Solar Kit|Neosolar,0,1,596,0,Solar Kit Grid-Tie
,,,,kits,BRL,Neosolar,NEO-22501,,,,,1,"Kit Gerador Energia Solar 1,11 kWp - Microinversor Deye c/ Wifi SUN2000 - Painel ReneSola (Metálica)",,,0,11,11.0,1110,0,,,draft,Solar Kit|Neosolar,0,1,13,0,Solar Kit Grid-Tie
,,,,kits,BRL,Neosolar,NEO-22498,,,,,1,"Kit Gerador Energia Solar 1,11 kWp - Microinversor Deye c/ Wifi SUN2000 - Painel ReneSola (Cerâmica)",,,0,11,11.0,1110,0,,,draft,Solar Kit|Neosolar,0,1,13,0,Solar Kit Grid-Tie
,,,,kits,BRL,Neosolar,NEO-22118,,,,,,"Kit Gerador Energia Solar 1,11kWp - Microinversor Deye c/ Wifi SUN2000 C/ Parafuso (Metal)",,,555,2,11.0,1110,0,,,draft,Solar Kit|Neosolar,0,0,2,0,Solar Kit Grid-Tie
,,,,kits,BRL,Neosolar,NEO-22120,,,,,,"Kit Gerador Energia Solar 1,66kWp - Microinversor Deye c/ Wifi SUN2000 C/ Base p/ Laje",,,555,3,66.0,1665,0,,,draft,Solar Kit|Neosolar,0,0,3,0,Solar Kit Grid-Tie
,,,,kits,BRL,Neosolar,NEO-22126,,,,,,"Kit Gerador Energia Solar 2,22kWp - Microinversor Deye c/ Wifi SUN2000 C/ Base p/ Laje",,,555,4,22.0,2220,0,,,draft,Solar Kit|Neosolar,0,0,4,0,Solar Kit Grid-Tie
,,,,kits,BRL,Neosolar,NEO-22116,,,,,,"Kit Gerador Energia Solar 1,11kWp - Microinversor Deye c/ Wifi SUN2000 C/ Mini Trilho",,,555,2,11.0,1110,0,,,draft,Solar Kit|Neosolar,0,0,2,0,Solar Kit Grid-Tie
,,,,kits,BRL,Neosolar,NEO-22122,,,,,,"Kit Gerador Energia Solar 1,66kWp - Microinversor Deye c/ Wifi SUN2000 C/ Mini Trilho",,,555,3,66.0,1665,0,,,draft,Solar Kit|Neosolar,0,0,3,0,Solar Kit Grid-Tie
,,,,kits,BRL,Neosolar,NEO-22322,,,,,1,"Kit Gerador Energia Solar 1,65 kWp - Microinversor Deye c/ Wifi SUN2000 - Painel Sunova",,,0,65,65.0,1650,0,,,draft,Solar Kit|Neosolar,0,1,68,0,Solar Kit Grid-Tie
,,,,kits,BRL,Neosolar,NEO-22453,,,,,1,"Kit Gerador Energia Solar 1,78 kWp - Microinversor Deye c/ Wifi SUN2000 - Painel Luxen (Para Solo)",,,0,78,78.0,1785,0,,,draft,Solar Kit|Neosolar,0,1,81,0,Solar Kit Grid-Tie
,,,,kits,BRL,Neosolar,NEO-22295,,,,,1,"Kit Gerador Energia Solar 2,32 kWp - Microinversor Deye c/ Wifi SUN2000 - Painel Sunova (Laje)",,,0,32,32.0,2320,0,,,draft,Solar Kit|Neosolar,0,1,36,0,Solar Kit Grid-Tie
,,,,kits,BRL,Neosolar,NEO-22276,,,,,1,"Kit Gerador Energia Solar 0,58 kWp - Microinversor Deye c/ Wifi SUN2000 - Painel Sunova (Mini Trilho)",,,0,58,58.0,580,0,,,draft,Solar Kit|Neosolar,0,1,59,0,Solar Kit Grid-Tie
,,,,kits,BRL,Neosolar,NEO-22291,,,,,1,"Kit Gerador Energia Solar 1,74 kWp - Microinversor Deye c/ Wifi SUN2000 - Painel Sunova (Madeira)",,,0,74,74.0,1740,0,,,draft,Solar Kit|Neosolar,0,1,77,0,Solar Kit Grid-Tie
,,,,kits,BRL,Neosolar,NEO-22275,,,,,1,"Kit Gerador Energia Solar 0,58 kWp - Microinversor Deye c/ Wifi SUN2000 - Painel Sunova (Cerâmica)",,,0,58,58.0,580,0,,,draft,Solar Kit|Neosolar,0,1,59,0,Solar Kit Grid-Tie
,,,,kits,BRL,Neosolar,NEO-22278,,,,,1,"Kit Gerador Energia Solar 0,58 kWp - Microinversor Deye c/ Wifi SUN2000 - Painel Sunova (Metal)",,,0,58,58.0,580,0,,,draft,Solar Kit|Neosolar,0,1,59,0,Solar Kit Grid-Tie
,,,,kits,BRL,Neosolar,NEO-22189,,,,,1,"Kit Gerador Energia Solar 2,32 kWp - Microinversor Deye c/ Wifi SUN2000 - Painel Sunova (Mini Trilho)",,,0,32,32.0,2320,0,,,draft,Solar Kit|Neosolar,0,1,36,0,Solar Kit Grid-Tie
,,,,kits,BRL,Neosolar,NEO-22216,,,,,1,"Kit Gerador Energia Solar 1,10 kWp - Microinversor Deye c/ Wifi SUN2000 - Painel Sunova (Mini Trilho)",,,0,10,10.0,1100,0,,,draft,Solar Kit|Neosolar,0,1,12,0,Solar Kit Grid-Tie
,,,,kits,BRL,Neosolar,NEO-22233,,,,,1,"Kit Gerador Energia Solar 2,20 kWp - Microinversor Deye c/ Wifi SUN2000 - Painel Sunova (Solo)",,,0,20,20.0,2200,0,,,draft,Solar Kit|Neosolar,0,1,24,0,Solar Kit Grid-Tie
,,,,kits,BRL,Neosolar,NEO-22224,,,,,1,"Kit Gerador Energia Solar 1,65 kWp - Microinversor Deye c/ Wifi SUN2000 - Painel Sunova (Madeira)",,,0,65,65.0,1650,0,,,draft,Solar Kit|Neosolar,0,1,68,0,Solar Kit Grid-Tie
,,,,kits,BRL,Neosolar,NEO-22495,,,,,1,"Kit Gerador Energia Solar 0,55 kWp - Microinversor Deye c/ Wifi SUN2000 - Painel ReneSola (Para Solo)",,,0,55,55.0,555,0,,,draft,Solar Kit|Neosolar,0,1,56,0,Solar Kit Grid-Tie
,,,,kits,BRL,Neosolar,NEO-22411,,,,,1,"Kit Gerador Energia Solar 0,58 kWp - Microinversor Deye c/ Wifi SUN2000 - Painel OSDA (Sem Estrutura)",,,0,58,58.0,580,0,,,draft,Solar Kit|Neosolar,0,1,59,0,Solar Kit Grid-Tie
,,,,kits,BRL,Neosolar,NEO-22413,,,,,1,"Kit Gerador Energia Solar 1,16 kWp - Microinversor Deye c/ Wifi SUN2000 - Painel OSDA (Cerâmica)",,,0,16,16.0,1160,0,,,draft,Solar Kit|Neosolar,0,1,18,0,Solar Kit Grid-Tie
,,,,kits,BRL,Neosolar,NEO-22409,,,,,1,"Kit Gerador Energia Solar 0,58 kWp - Microinversor Deye c/ Wifi SUN2000 - Painel OSDA (Metálica)",,,0,58,58.0,580,0,,,draft,Solar Kit|Neosolar,0,1,59,0,Solar Kit Grid-Tie
,,,,kits,BRL,Neosolar,NEO-22441,,,,,1,"Kit Gerador Energia Solar 1,19 kWp - Microinversor Deye c/ Wifi SUN2000 - Painel Luxen (Cerâmica)",,,0,19,19.0,1190,0,,,draft,Solar Kit|Neosolar,0,1,21,0,Solar Kit Grid-Tie
,,,,kits,BRL,Neosolar,NEO-22212,,,,,1,"Kit Gerador Energia Solar 0,55 kWp - Microinversor Deye c/ Wifi SUN2000 - Painel Sunova (Solo)",,,0,55,55.0,550,0,,,draft,Solar Kit|Neosolar,0,1,56,0,Solar Kit Grid-Tie
,,,,kits,BRL,Neosolar,NEO-22335,,,,,1,"Kit Gerador Energia Solar 2,38 kWp - Microinversor Deye c/ Wifi SUN2000 - Painel Luxen - Estrutura Para Solo",,,0,38,38.0,2380,0,,,draft,Solar Kit|Neosolar,0,1,42,0,Solar Kit Grid-Tie
,,,,kits,BRL,Neosolar,NEO-22208,,,,,1,"Kit Gerador Energia Solar 0,55 kWp - Microinversor Deye c/ Wifi SUN2000 - Painel Sunova (Cerâmica)",,,0,55,55.0,550,0,,,draft,Solar Kit|Neosolar,0,1,56,0,Solar Kit Grid-Tie
,,,,kits,BRL,Neosolar,NEO-22339,,,,,1,"Kit Gerador Energia Solar 1,19 kWp - Microinversor Deye c/ Wifi SUN2000 - Painel Luxen - Estrutura Madeira",,,0,19,19.0,1190,0,,,draft,Solar Kit|Neosolar,0,1,21,0,Solar Kit Grid-Tie
,,,,kits,BRL,Neosolar,NEO-22337,,,,,1,"Kit Gerador Energia Solar 1,19 kWp - Microinversor Deye c/ Wifi SUN2000 - Painel Luxen - S/ estrutura",,,0,19,19.0,1190,0,,,draft,Solar Kit|Neosolar,0,1,21,0,Solar Kit Grid-Tie
,,,,kits,BRL,Neosolar,NEO-22333,,,,,1,"Kit Gerador Energia Solar 2,38 kWp - Microinversor Deye c/ Wifi SUN2000 - Painel Luxen - Estrutura Metálica",,,0,38,38.0,2380,0,,,draft,Solar Kit|Neosolar,0,1,42,0,Solar Kit Grid-Tie
,,,,kits,BRL,Neosolar,NEO-22123,,,,,,"Kit Gerador Energia Solar 1,66kWp - Microinversor Deye c/ Wifi SUN2000 C/ Parafuso (Madeira)",,,555,3,66.0,1665,0,,,draft,Solar Kit|Neosolar,0,0,3,0,Solar Kit Grid-Tie
,,,,kits,BRL,Neosolar,NEO-22127,,,,,,"Kit Gerador Energia Solar 2,22kWp - Microinversor Deye c/ Wifi SUN2000 C/ Gancho P/ Cerâmica",,,555,4,22.0,2220,0,,,draft,Solar Kit|Neosolar,0,0,4,0,Solar Kit Grid-Tie
,,,,kits,BRL,Neosolar,NEO-22412,,,,,1,"Kit Gerador Energia Solar 1,16 kWp - Microinversor Deye c/ Wifi SUN2000 - Painel OSDA (Para Laje)",,,0,16,16.0,1160,0,,,draft,Solar Kit|Neosolar,0,1,18,0,Solar Kit Grid-Tie
,,,,kits,BRL,Neosolar,NEO-22414,,,,,1,"Kit Gerador Energia Solar 1,16 kWp - Microinversor Deye c/ Wifi SUN2000 - Painel OSDA (Mini Trilho)",,,0,16,16.0,1160,0,,,draft,Solar Kit|Neosolar,0,1,18,0,Solar Kit Grid-Tie
,,,,kits,BRL,Neosolar,NEO-22117,,,,,,"Kit Gerador Energia Solar 1,11kWp - Microinversor Deye c/ Wifi SUN2000 C/ Parafuso (Madeira)",,,555,2,11.0,1110,0,,,draft,Solar Kit|Neosolar,0,0,2,0,Solar Kit Grid-Tie
,,,,kits,BRL,Neosolar,NEO-22108,,,,,,"Kit Gerador Energia Solar 0,55kWp - Microinversor Deye c/ Wifi SUN2000 C/ Base p/ Laje",,,555,1,55.0,555,0,,,draft,Solar Kit|Neosolar,0,0,1,0,Solar Kit Grid-Tie
,,,,kits,BRL,Neosolar,NEO-22114,,,,,,"Kit Gerador Energia Solar 1,11kWp - Microinversor Deye c/ Wifi SUN2000 C/ Base p/ Laje",,,555,2,11.0,1110,0,,,draft,Solar Kit|Neosolar,0,0,2,0,Solar Kit Grid-Tie
,,,,kits,BRL,Neosolar,NEO-22119,,,,,,"Kit Gerador Energia Solar 1,11kWp - Microinversor Deye c/ Wifi SUN2000 C/ Est. Solo",,,555,2,11.0,1110,0,,,draft,Solar Kit|Neosolar,0,0,2,0,Solar Kit Grid-Tie
,,,,kits,BRL,Neosolar,NEO-22104,,,,,,"Kit Gerador Energia Solar 1,66kWp - Microinversor Deye c/ Wifi SUN2000 S/ Estrutura",,,555,3,66.0,1665,0,,,draft,Solar Kit|Neosolar,0,0,3,0,Solar Kit Grid-Tie
,,,,kits,BRL,Neosolar,NEO-22103,,,,,,"Kit Gerador Energia Solar 1,11kWp - Microinversor Deye c/ Wifi SUN2000 S/ Estrutura",,,555,2,11.0,1110,0,,,draft,Solar Kit|Neosolar,0,0,2,0,Solar Kit Grid-Tie
,,,,kits,BRL,Neosolar,NEO-22410,,,,,1,"Kit Gerador Energia Solar 0,58 kWp - Microinversor Deye c/ Wifi SUN2000 - Painel OSDA (Para Solo)",,,0,58,58.0,580,0,,,draft,Solar Kit|Neosolar,0,1,59,0,Solar Kit Grid-Tie
,,,,kits,BRL,Neosolar,NEO-22406,,,,,1,"Kit Gerador Energia Solar 0,58 kWp - Microinversor Deye c/ Wifi SUN2000 - Painel OSDA (Cerâmica)",,,0,58,58.0,580,0,,,draft,Solar Kit|Neosolar,0,1,59,0,Solar Kit Grid-Tie
,,,,kits,BRL,Neosolar,NEO-22353,,,,,1,"Kit Gerador Energia Solar 0,59 kWp - Microinversor Deye c/ Wifi SUN2000 - Painel Luxen - Estrutura Madeira",,,0,595,59.0,595,0,,,draft,Solar Kit|Neosolar,0,1,596,0,Solar Kit Grid-Tie
,,,,kits,BRL,Neosolar,NEO-22338,,,,,1,"Kit Gerador Energia Solar 1,19 kWp - Microinversor Deye c/ Wifi SUN2000 - Painel Luxen - Estrutura Cerâmica",,,0,19,19.0,1190,0,,,draft,Solar Kit|Neosolar,0,1,21,0,Solar Kit Grid-Tie
,,,,kits,BRL,Neosolar,NEO-22355,,,,,1,"Kit Gerador Energia Solar 0,59 kWp - Microinversor Deye c/ Wifi SUN2000 - Painel Luxen - Estrutura Para Laje",,,0,595,59.0,595,0,,,draft,Solar Kit|Neosolar,0,1,596,0,Solar Kit Grid-Tie
,,,,kits,BRL,Neosolar,NEO-22354,,,,,1,"Kit Gerador Energia Solar 0,59 kWp - Microinversor Deye c/ Wifi SUN2000 - Painel Luxen - Estrutura Metálica",,,0,595,59.0,595,0,,,draft,Solar Kit|Neosolar,0,1,596,0,Solar Kit Grid-Tie
,,,,kits,BRL,Neosolar,NEO-22351,,,,,1,"Kit Gerador Energia Solar 0,59 kWp - Microinversor Deye c/ Wifi SUN2000 - Painel Luxen - S/ estrutura",,,0,595,59.0,595,0,,,draft,Solar Kit|Neosolar,0,1,596,0,Solar Kit Grid-Tie
,,,,kits,BRL,Neosolar,NEO-22110,,,,,,"Kit Gerador Energia Solar 0,55kWp - Microinversor Deye c/ Wifi SUN2000 C/ Mini Trilho",,,555,1,55.0,555,0,,,draft,Solar Kit|Neosolar,0,0,1,0,Solar Kit Grid-Tie
,,,,kits,BRL,Neosolar,NEO-22332,,,,,1,"Kit Gerador Energia Solar 2,38 kWp - Microinversor Deye c/ Wifi SUN2000 - Painel Luxen - Estrutura Madeira",,,0,38,38.0,2380,0,,,draft,Solar Kit|Neosolar,0,1,42,0,Solar Kit Grid-Tie
,,,,kits,BRL,Neosolar,NEO-22225,,,,,1,"Kit Gerador Energia Solar 1,65 kWp - Microinversor Deye c/ Wifi SUN2000 - Painel Sunova (Metal)",,,0,65,65.0,1650,0,,,draft,Solar Kit|Neosolar,0,1,68,0,Solar Kit Grid-Tie
,,,,kits,BRL,Neosolar,NEO-22229,,,,,1,"Kit Gerador Energia Solar 2,20 kWp - Microinversor Deye c/ Wifi SUN2000 - Painel Sunova (Cerâmica)",,,0,20,20.0,2200,0,,,draft,Solar Kit|Neosolar,0,1,24,0,Solar Kit Grid-Tie
,,,,kits,BRL,Neosolar,NEO-22289,,,,,1,"Kit Gerador Energia Solar 1,74 kWp - Microinversor Deye c/ Wifi SUN2000 - Painel Sunova (Cerâmica)",,,0,74,74.0,1740,0,,,draft,Solar Kit|Neosolar,0,1,77,0,Solar Kit Grid-Tie
,,,,kits,BRL,Neosolar,NEO-22227,,,,,1,"Kit Gerador Energia Solar 1,65 kWp - Microinversor Deye c/ Wifi SUN2000 - Painel Sunova (Sem Estrutura)",,,0,65,65.0,1650,0,,,draft,Solar Kit|Neosolar,0,1,68,0,Solar Kit Grid-Tie
,,,,kits,BRL,Neosolar,NEO-22330,,,,,1,"Kit Gerador Energia Solar 2,38 kWp - Microinversor Deye c/ Wifi SUN2000 - Painel Luxen - S/ estrutura",,,0,38,38.0,2380,0,,,draft,Solar Kit|Neosolar,0,1,42,0,Solar Kit Grid-Tie
,,,,kits,BRL,Neosolar,NEO-22499,,,,,1,"Kit Gerador Energia Solar 1,11 kWp - Microinversor Deye c/ Wifi SUN2000 - Painel ReneSola (Mini Trilho)",,,0,11,11.0,1110,0,,,draft,Solar Kit|Neosolar,0,1,13,0,Solar Kit Grid-Tie
,,,,kits,BRL,Neosolar,NEO-22111,,,,,,"Kit Gerador Energia Solar 0,55kWp - Microinversor Deye c/ Wifi SUN2000 C/ Parafuso (Madeira)",,,555,1,55.0,555,0,,,draft,Solar Kit|Neosolar,0,0,1,0,Solar Kit Grid-Tie
,,,,kits,BRL,Neosolar,NEO-22513,,,,,1,"Kit Gerador Energia Solar 2,22 kWp - Microinversor Deye c/ Wifi SUN2000 - Painel ReneSola (Mini Trilho)",,,0,22,22.0,2220,0,,,draft,Solar Kit|Neosolar,0,1,26,0,Solar Kit Grid-Tie
,,,,kits,BRL,Neosolar,NEO-22497,,,,,1,"Kit Gerador Energia Solar 1,11 kWp - Microinversor Deye c/ Wifi SUN2000 - Painel ReneSola (Para Laje)",,,0,11,11.0,1110,0,,,draft,Solar Kit|Neosolar,0,1,13,0,Solar Kit Grid-Tie
,,,,kits,BRL,Neosolar,NEO-22509,,,,,1,"Kit Gerador Energia Solar 1,66 kWp - Microinversor Deye c/ Wifi SUN2000 - Painel ReneSola (Para Solo)",,,0,66,66.0,1665,0,,,draft,Solar Kit|Neosolar,0,1,69,0,Solar Kit Grid-Tie
,,,,kits,BRL,Neosolar,NEO-22109,,,,,,"Kit Gerador Energia Solar 0,55kWp - Microinversor Deye c/ Wifi SUN2000 C/ Gancho P/ Cerâmica",,,555,1,55.0,555,0,,,draft,Solar Kit|Neosolar,0,0,1,0,Solar Kit Grid-Tie
,,,,kits,BRL,Neosolar,NEO-21767,,,,,1,"Kit Gerador Energia Solar 2,32 kWp - Microinversor Deye c/ Wifi SUN2000 - Painel OSDA (cerâmica)",,,0,32,32.0,2320,0,,,draft,Solar Kit|Neosolar,0,1,36,0,Solar Kit Grid-Tie
,,,,kits,BRL,Neosolar,NEO-21261,,,,,1,"Kit Gerador Energia Solar 0,58 kWp - Microinversor Deye c/ Wifi SUN2000 - Painel OSDA (Solo)",,,0,58,58.0,580,0,,,draft,Solar Kit|Neosolar,0,1,59,0,Solar Kit Grid-Tie
,,,,kits,BRL,Neosolar,NEO-21257,,,,,1,"Kit Gerador Energia Solar 0,58 kWp - Microinversor Deye c/ Wifi SUN2000 - Painel OSDA (Madeira)",,,0,58,58.0,580,0,,,draft,Solar Kit|Neosolar,0,1,59,0,Solar Kit Grid-Tie
,,,,kits,BRL,Neosolar,NEO-21256,,,,,1,"Kit Gerador Energia Solar 0,58 kWp - Microinversor Deye c/ Wifi SUN2000 - Painel OSDA (Cerâmica)",,,0,58,58.0,580,0,,,draft,Solar Kit|Neosolar,0,1,59,0,Solar Kit Grid-Tie
,,,,kits,BRL,Neosolar,NEO-21768,,,,,1,"Kit Gerador Energia Solar 1,16 kWp - Microinversor Deye c/ Wifi SUN2000 - Painel OSDA Com Estrutura",,,0,16,16.0,1160,0,,,draft,Solar Kit|Neosolar,0,1,18,0,Solar Kit Grid-Tie
,,,,kits,BRL,Neosolar,NEO-21251,,,,,1,"Kit Gerador Energia Solar 1,74 kWp - Microinversor Deye c/ Wifi SUN2000 - Painel OSDA Com Estrutura",,,0,74,74.0,1740,0,,,draft,Solar Kit|Neosolar,0,1,77,0,Solar Kit Grid-Tie
,,,,kits,BRL,Neosolar,NEO-21236,,,,,1,"Kit Gerador Energia Solar 2,32 kWp - Microinversor Deye c/ Wifi SUN2000 - Painel OSDA (Madeira)",,,0,32,32.0,2320,0,,,draft,Solar Kit|Neosolar,0,1,36,0,Solar Kit Grid-Tie
,,,,kits,BRL,Neosolar,NEO-21252,,,,,1,"Kit Gerador Energia Solar 1,74 kWp - Microinversor Deye c/ Wifi SUN2000 - Painel OSDA Com Estrtura",,,0,74,74.0,1740,0,,,draft,Solar Kit|Neosolar,0,1,77,0,Solar Kit Grid-Tie
,,,,kits,BRL,Neosolar,NEO-21776,,,,,1,"Kit Gerador Energia Solar 0,58 kWp - Microinversor Deye c/ Wifi SUN2000 - Painel OSDA (Madeira)",,,0,58,58.0,580,0,,,draft,Solar Kit|Neosolar,0,1,59,0,Solar Kit Grid-Tie
,,,,kits,BRL,Neosolar,NEO-21775,,,,,1,"Kit Gerador Energia Solar 0,58 kWp - Microinversor Deye c/ Wifi SUN2000 - Painel OSDA (Cerâmica)",,,0,58,58.0,580,0,,,draft,Solar Kit|Neosolar,0,1,59,0,Solar Kit Grid-Tie
,,,,kits,BRL,Neosolar,NEO-21950,,,,,,"Kit Energia Solar On Grid Híbrido - 2,90kWp 5000Wh Lítio 220V - Sem Estrutura",,,0,1,90.0,0,0,,,draft,Solar Kit|Neosolar,0,0,1,0,Solar Kit Hybrid
,,,,kits,BRL,Neosolar,NEO-21544,,,,,,"Kit Energia Solar On Grid Híbrido - 4,14kWp 5000Wh Lítio 220V - Sem Estrutura",,,0,1,14.0,0,0,,,draft,Solar Kit|Neosolar,0,0,1,0,Solar Kit Hybrid
,,2,48,kits,BRL,Neosolar,NEO-24896,,,,,1,"Kit Energia Solar On Grid Híbrido - 6,1kWp 4,8kWh Lítio 48V (24896)",,,610,10,1.0,6100,0,,,draft,Solar Kit|Neosolar,2,1,10,0,Solar Kit Hybrid
,,1,48,kits,BRL,Neosolar,NEO-24894,,,,,1,"Kit Energia Solar On Grid Híbrido - 6,1kWp 4,8kWh Lítio 48V (24894)",,,610,10,1.0,6100,0,,,draft,Solar Kit|Neosolar,1,1,10,0,Solar Kit Hybrid
,,3,48,kits,BRL,Neosolar,NEO-24897,,,,,1,"Kit Energia Solar On Grid Híbrido - 6,1kWp 4,8kWh Lítio 48V (24897)",,,610,10,1.0,6100,0,,,draft,Solar Kit|Neosolar,3,1,10,0,Solar Kit Hybrid
,,2,48,kits,BRL,Neosolar,NEO-24895,,,,,1,"Kit Energia Solar On Grid Híbrido - 6,1kWp 4,8kWh Lítio 48V (24895)",,,610,10,1.0,6100,0,,,draft,Solar Kit|Neosolar,2,1,10,0,Solar Kit Hybrid
,,1,48,kits,BRL,Neosolar,NEO-24893,,,,,1,"Kit Energia Solar On Grid Híbrido - 6,1kWp 4,8kWh Lítio 48V (24893)",,,610,10,1.0,6100,0,,,draft,Solar Kit|Neosolar,1,1,10,0,Solar Kit Hybrid
,,1,48,kits,BRL,Neosolar,NEO-24904,,,,,1,"Kit Energia Solar On Grid Híbrido - 9,76kWp 4,8kWh Lítio 48V (24904)",,,610,16,76.0,9760,0,,,draft,Solar Kit|Neosolar,1,1,16,0,Solar Kit Hybrid
,,1,48,kits,BRL,Neosolar,NEO-24891,,,,,1,"Kit Energia Solar On Grid Híbrido - 3,66kWp 4,8kWh Lítio 48V (24891)",,,610,6,66.0,3660,0,,,draft,Solar Kit|Neosolar,1,1,6,0,Solar Kit Hybrid
,,,,kits,BRL,Neosolar,NEO-25066,,,,,3,"Kit de Energia Solar On Grid - 8,54kWp (P/ Cerâmica)",,,610,14,54.0,8540,0,,,draft,Solar Kit|Neosolar,0,3,14,0,Solar Kit Grid-Tie
,,,,kits,BRL,Neosolar,NEO-25062,,,,,2,"Kit de Energia Solar On Grid - 3,66kWp (P/ Cerâmica)",,,610,6,66.0,3660,0,,,draft,Solar Kit|Neosolar,0,2,6,0,Solar Kit Grid-Tie
,,,,kits,BRL,Neosolar,NEO-25086,,,,,2,"Kit de Energia Solar On Grid - 3,66kWp (P/ Mini Trilhos)",,,610,6,66.0,3660,0,,,draft,Solar Kit|Neosolar,0,2,6,0,Solar Kit Grid-Tie
,,,,kits,BRL,Neosolar,NEO-25070,,,,,2,"Kit de Energia Solar On Grid - 3,66kWp (P/ Madeira)",,,610,6,66.0,3660,0,,,draft,Solar Kit|Neosolar,0,2,6,0,Solar Kit Grid-Tie
,,,,kits,BRL,Neosolar,NEO-25071,,,,,2,"Kit de Energia Solar On Grid - 4,88kWp (P/ Madeira)",,,610,8,88.0,4880,0,,,draft,Solar Kit|Neosolar,0,2,8,0,Solar Kit Grid-Tie
,,,,kits,BRL,Neosolar,NEO-25073,,,,,2,"Kit de Energia Solar On Grid - 7,32kWp (P/ Madeira)",,,610,12,32.0,7320,0,,,draft,Solar Kit|Neosolar,0,2,12,0,Solar Kit Grid-Tie
,,,,kits,BRL,Neosolar,NEO-24980,,,,,3,"Kit de Energia Solar On Grid - 9,15kWp (Sem Estrutura)",,,610,15,15.0,9150,0,,,draft,Solar Kit|Neosolar,0,3,15,0,Solar Kit Grid-Tie
,,,,kits,BRL,Neosolar,NEO-24979,,,,,3,"Kit de Energia Solar On Grid - 8,54kWp (Sem Estrutura)",,,610,14,54.0,8540,0,,,draft,Solar Kit|Neosolar,0,3,14,0,Solar Kit Grid-Tie
,,,,kits,BRL,Neosolar,NEO-25079,,,,,2,"Kit de Energia Solar On Grid - 4,88kWp (P/ Metal)",,,610,8,88.0,4880,0,,,draft,Solar Kit|Neosolar,0,2,8,0,Solar Kit Grid-Tie
,,,,kits,BRL,Neosolar,NEO-25085,,,,,3,"Kit de Energia Solar On Grid - 12,81kWp (P/ Metal)",,,610,21,81.0,12810,0,,,draft,Solar Kit|Neosolar,0,3,21,0,Solar Kit Grid-Tie
,,,,kits,BRL,Neosolar,NEO-25091,,,,,3,"Kit de Energia Solar On Grid - 9,15kWp (P/ Mini Trilho)",,,610,15,15.0,9150,0,,,draft,Solar Kit|Neosolar,0,3,15,0,Solar Kit Grid-Tie
,,,,kits,BRL,Neosolar,NEO-25084,,,,,3,"Kit de Energia Solar On Grid - 12,20kWp (P/ Metal)",,,610,20,20.0,12200,0,,,draft,Solar Kit|Neosolar,0,3,20,0,Solar Kit Grid-Tie
,,,,kits,BRL,Neosolar,NEO-25082,,,,,3,"Kit de Energia Solar On Grid - 8,54kWp (P/ Metal)",,,610,14,54.0,8540,0,,,draft,Solar Kit|Neosolar,0,3,14,0,Solar Kit Grid-Tie
,,,,kits,BRL,Neosolar,NEO-25088,,,,,2,"Kit de Energia Solar On Grid - 6,10kWp (P/ Mini Trilho)",,,610,10,10.0,6100,0,,,draft,Solar Kit|Neosolar,0,2,10,0,Solar Kit Grid-Tie
,,,,kits,BRL,Neosolar,NEO-25080,,,,,2,"Kit de Energia Solar On Grid - 6,10kWp (P/ Metal)",,,610,10,10.0,6100,0,,,draft,Solar Kit|Neosolar,0,2,10,0,Solar Kit Grid-Tie
,,,,kits,BRL,Neosolar,NEO-21042,,,,,1,"Kit Gerador Energia Solar 2,38 kWp - Microinversor Deye c/ Wifi SUN2000 - Painel Luxen (Madeira)",,,0,38,38.0,2380,0,,,draft,Solar Kit|Neosolar,0,1,42,0,Solar Kit Grid-Tie
,,,,kits,BRL,Neosolar,NEO-21069,,,,,1,"Kit Gerador Energia Solar 1,78 kWp - Microinversor Deye c/ Wifi SUN2000 - Painel Luxen (Madeira)",,,0,78,78.0,1785,0,,,draft,Solar Kit|Neosolar,0,1,81,0,Solar Kit Grid-Tie
,,,,kits,BRL,Neosolar,NEO-21058,,,,,1,"Kit Gerador Energia Solar 1,15 kWp - Microinversor Deye c/ Wifi SUN2000 - Painel OSDA (Metálica)",,,0,15,15.0,1150,0,,,draft,Solar Kit|Neosolar,0,1,17,0,Solar Kit Grid-Tie
,,,,kits,BRL,Neosolar,NEO-21041,,,,,1,"Kit Gerador Energia Solar 2,38 kWp - Microinversor Deye c/ Wifi SUN2000 - Painel Luxen (Cerâmica)",,,0,38,38.0,2380,0,,,draft,Solar Kit|Neosolar,0,1,42,0,Solar Kit Grid-Tie
,,,,kits,BRL,Neosolar,NEO-21059,,,,,1,"Kit Gerador Energia Solar 1,15 kWp - Microinversor Deye c/ Wifi SUN2000 - Painel OSDA (Laje)",,,0,15,15.0,1150,0,,,draft,Solar Kit|Neosolar,0,1,17,0,Solar Kit Grid-Tie
,,,,kits,BRL,Neosolar,NEO-21056,,,,,1,"Kit Gerador Energia Solar 1,15 kWp - Microinversor Deye c/ Wifi SUN2000 - Painel OSDA (Cerâmica)",,,0,15,15.0,1150,0,,,draft,Solar Kit|Neosolar,0,1,17,0,Solar Kit Grid-Tie
,,,,kits,BRL,Neosolar,NEO-21045,,,,,1,"Kit Gerador Energia Solar 2,30 kWp - Microinversor Deye c/ Wifi SUN2000 - Painel OSDA (Cerâmica)",,,0,30,30.0,2300,0,,,draft,Solar Kit|Neosolar,0,1,34,0,Solar Kit Grid-Tie
,,,,kits,BRL,Neosolar,NEO-21044,,,,,1,"Kit Gerador Energia Solar 2,30 kWp - Microinversor Deye c/ Wifi SUN2000 - Painel OSDA (Para Laje)",,,0,30,30.0,2300,0,,,draft,Solar Kit|Neosolar,0,1,34,0,Solar Kit Grid-Tie
,,,,kits,BRL,Neosolar,NEO-21054,,,,,1,"Kit Gerador Energia Solar 1,19 kWp - Microinversor Deye c/ Wifi SUN2000 - Painel Luxen Com Estrutura",,,0,19,19.0,1190,0,,,draft,Solar Kit|Neosolar,0,1,21,0,Solar Kit Grid-Tie
,,,,kits,BRL,Neosolar,NEO-22873,,,,,1,"Kit Gerador Energia Solar 2,32 kWp - Microinversor Deye c/ Wifi SUN2250 - Painel OSDA- Madeira",,,0,32,32.0,2320,0,,,draft,Solar Kit|Neosolar,0,1,36,0,Solar Kit Grid-Tie
,,,,kits,BRL,Neosolar,NEO-22874,,,,,1,"Kit Gerador Energia Solar 2,32 kWp - Microinversor Deye c/ Wifi SUN2250 - Painel OSDA- Metal",,,0,32,32.0,2320,0,,,draft,Solar Kit|Neosolar,0,1,36,0,Solar Kit Grid-Tie
,,,,kits,BRL,Neosolar,NEO-22870,,,,,1,"Kit Gerador Energia Solar 1,74 kWp - Microinversor Deye c/ Wifi SUN2250 - Painel OSDA- Metal",,,0,74,74.0,1740,0,,,draft,Solar Kit|Neosolar,0,1,77,0,Solar Kit Grid-Tie
,,,,kits,BRL,Neosolar,NEO-22979,,,,,1,"Kit Gerador Energia Solar 0,58 kWp - Microinversor Deye c/ Wifi SUN2250 - Painel OSDA- Madeira",,,0,58,58.0,580,0,,,draft,Solar Kit|Neosolar,0,1,59,0,Solar Kit Grid-Tie
,,,,kits,BRL,Neosolar,NEO-22872,,,,,1,"Kit Gerador Energia Solar 2,32 kWp - Microinversor Deye c/ Wifi SUN2250 - Painel OSDA- Mini Trilho",,,0,32,32.0,2320,0,,,draft,Solar Kit|Neosolar,0,1,36,0,Solar Kit Grid-Tie
,,,,kits,BRL,Neosolar,NEO-22985,,,,,1,"Kit Gerador Energia Solar 1,16 kWp - Microinversor Deye c/ Wifi SUN2250 - Painel OSDA- Mini Trilho",,,0,16,16.0,1160,0,,,draft,Solar Kit|Neosolar,0,1,18,0,Solar Kit Grid-Tie
,,,,kits,BRL,Neosolar,NEO-22868,,,,,1,"Kit Gerador Energia Solar 1,74 kWp - Microinversor Deye c/ Wifi SUN2250 - Painel OSDA- Mini Trilho",,,0,74,74.0,1740,0,,,draft,Solar Kit|Neosolar,0,1,77,0,Solar Kit Grid-Tie
,,,,kits,BRL,Neosolar,NEO-22889,,,,,1,"Kit Gerador Energia Solar 2,32 kWp - Microinversor Deye c/ Wifi SUN2000 - Painel OSDA",,,0,32,32.0,2320,0,,,draft,Solar Kit|Neosolar,0,1,36,0,Solar Kit Grid-Tie
,,6,48,kits,BRL,Neosolar,NEO-26806,,,,,1,"Kit Energia Solar On Grid Híbrido - 9,92kWp 4,8kWh Lítio 48V (26806)",,,620,16,92.0,9920,0,,,draft,Solar Kit|Neosolar,6,1,16,0,Solar Kit Hybrid
,,5,48,kits,BRL,Neosolar,NEO-26805,,,,,1,"Kit Energia Solar On Grid Híbrido - 9,92kWp 4,8kWh Lítio 48V (26805)",,,620,16,92.0,9920,0,,,draft,Solar Kit|Neosolar,5,1,16,0,Solar Kit Hybrid
,,2,48,kits,BRL,Neosolar,NEO-26802,,,,,1,"Kit Energia Solar On Grid Híbrido - 9,92kWp 4,8kWh Lítio 48V (26802)",,,620,16,92.0,9920,32461.36,,,draft,Solar Kit|Neosolar,2,1,16,0,Solar Kit Hybrid
,,1,48,kits,BRL,Neosolar,NEO-26801,,,,,1,"Kit Energia Solar On Grid Híbrido - 9,92kWp 4,8kWh Lítio 48V (26801)",,,620,16,92.0,9920,28057.03,,,draft,Solar Kit|Neosolar,1,1,16,0,Solar Kit Hybrid
,,1,48,kits,BRL,Neosolar,NEO-26645,,,,,1,"Kit Energia Solar On Grid Híbrido - 3,72kWp 4,8kWh Lítio 48V (26645)",,,620,6,72.0,3720,15379.46,,,draft,Solar Kit|Neosolar,1,1,6,0,Solar Kit Hybrid
,,,,kits,BRL,Neosolar,NEO-27044,,,,,3,"Kit de Energia Solar On Grid 13,02KWP-OS 10,0KW LI s/ Estrutura",,,620,21,2.0,13020,15381.27,,,draft,Solar Kit|Neosolar,0,3,21,0,Solar Kit Grid-Tie
,,,,kits,BRL,Neosolar,NEO-26933,,,,,1,Kit Gerador Energia Solar 1.86kWp - Microinversor Deye c/ Wifi SUN2250 - Painel DAH Solar c/ Solo,,,0,1,1.86,1860,3256.61,,,draft,Solar Kit|Neosolar,0,1,5,0,Solar Kit Grid-Tie
,,,,kits,BRL,Neosolar,NEO-26947,,,,,1,Kit Gerador Energia Solar 0.62kWp - Microinversor Deye c/ Wifi SUN2250 - Painel DAH Solar c/ Solo,,,0,1,0.62,620,2489.31,,,draft,Solar Kit|Neosolar,0,1,3,0,Solar Kit Grid-Tie
,,,,kits,BRL,Neosolar,NEO-27070,,,,,2,"Kit de Energia Solar On Grid 8,6KWP-OS 7,5KW LI Estrutura Metálica",,,620,14,6.0,8680,12377.37,,,draft,Solar Kit|Neosolar,0,2,14,0,Solar Kit Grid-Tie
,,,,kits,BRL,Neosolar,NEO-27046,,,,,3,"Kit de Energia Solar On Grid 13,02KWP-OS 10,0KW LI Estrutura p/ Cerâmica",,,620,21,2.0,13020,17603.97,,,draft,Solar Kit|Neosolar,0,3,21,0,Solar Kit Grid-Tie
,,,,kits,BRL,Neosolar,NEO-27053,,,,,2,"Kit de Energia Solar On Grid 12,4KWP-OS 10,0KW LI Estrutura c/ Cerâmica",,,620,20,4.0,12400,16497.27,,,draft,Solar Kit|Neosolar,0,2,20,0,Solar Kit Grid-Tie
,,,,kits,BRL,Neosolar,NEO-27055,,,,,2,"Kit de Energia Solar On Grid 12,4KWP-OS 10,0KW LI Estrutura p/ Madeira",,,620,20,4.0,12400,16497.27,,,draft,Solar Kit|Neosolar,0,2,20,0,Solar Kit Grid-Tie
,,,,kits,BRL,Neosolar,NEO-27056,,,,,2,"Kit de Energia Solar On Grid 12,4KWP-OS 10,0KW LI Estrutura Metálica",,,620,20,4.0,12400,16497.27,,,draft,Solar Kit|Neosolar,0,2,20,0,Solar Kit Grid-Tie
,,,,kits,BRL,Neosolar,NEO-27051,,,,,2,"Kit de Energia Solar On Grid 12,4KWP-OS 10,0KW LI s/ Estrutura",,,620,20,4.0,12400,14646.57,,,draft,Solar Kit|Neosolar,0,2,20,0,Solar Kit Grid-Tie
,,,,kits,BRL,Neosolar,NEO-27048,,,,,3,"Kit de Energia Solar On Grid 13,02KWP-OS 10,0KW LI Estrutura p/ Madeira",,,620,21,2.0,13020,17603.97,,,draft,Solar Kit|Neosolar,0,3,21,0,Solar Kit Grid-Tie
,,,,kits,BRL,Neosolar,NEO-27049,,,,,3,"Kit de Energia Solar On Grid 13,02KWP-OS 10,0KW LI Estrutura Metálica",,,620,21,2.0,13020,17603.97,,,draft,Solar Kit|Neosolar,0,3,21,0,Solar Kit Grid-Tie
,,,,kits,BRL,Neosolar,NEO-27063,,,,,3,"Kit de Energia Solar On Grid 9,3KWP-OS 7,5KW LI Estrutura Metálica",,,620,15,3.0,9300,13158.57,,,draft,Solar Kit|Neosolar,0,3,15,0,Solar Kit Grid-Tie
,,,,kits,BRL,Neosolar,NEO-27125,,,,,2,"Kit de Energia Solar On Grid 5,65KWP-OS 5KW LI Estrutura p/ Madeira",,,565,10,65.0,5650,8657.37,,,draft,Solar Kit|Neosolar,0,2,10,0,Solar Kit Grid-Tie
,,,,kits,BRL,Neosolar,NEO-27126,,,,,2,"Kit de Energia Solar On Grid 5,65KWP-OS 5KW LI Estrutura Metálica",,,565,10,65.0,5650,8657.37,,,draft,Solar Kit|Neosolar,0,2,10,0,Solar Kit Grid-Tie
,,,,kits,BRL,Neosolar,NEO-27118,,,,,1,"Kit de Energia Solar On Grid 4,52KWP-OS 5KW LI Estrutura p/ Mini Trilho",,,565,8,52.0,4520,6853.17,,,draft,Solar Kit|Neosolar,0,1,8,0,Solar Kit Grid-Tie
,,,,kits,BRL,Neosolar,NEO-27127,,,,,2,"Kit de Energia Solar On Grid 5,65KWP-OS 5KW LI Estrutura p/ Solo",,,565,10,65.0,5650,8936.37,,,draft,Solar Kit|Neosolar,0,2,10,0,Solar Kit Grid-Tie
,,,,kits,BRL,Neosolar,NEO-27123,,,,,2,"Kit de Energia Solar On Grid 5,65KWP-OS 5KW LI c/ Gancho p/ Cerâmica",,,565,10,65.0,5650,8657.37,,,draft,Solar Kit|Neosolar,0,2,10,0,Solar Kit Grid-Tie
,,,,kits,BRL,Neosolar,NEO-27117,,,,,1,"Kit de Energia Solar On Grid 4,52KWP-OS 5KW LI c/ Gancho p/ Cerâmica",,,565,8,52.0,4520,6853.17,,,draft,Solar Kit|Neosolar,0,1,8,0,Solar Kit Grid-Tie
,,,,kits,BRL,Neosolar,NEO-27110,,,,,1,"Kit de Energia Solar On Grid 3,39KWP-OS 5KW LI Estrutura p/ Laje",,,565,6,39.0,3390,5504.67,,,draft,Solar Kit|Neosolar,0,1,6,0,Solar Kit Grid-Tie
,,,,kits,BRL,Neosolar,NEO-27035,,,,,3,"Kit de Energia Solar On Grid 11,86KWP-OS 10,0KW LI c/ Estrutura c/ Mini Trilho",,,565,21,86.0,11865,16906.47,,,draft,Solar Kit|Neosolar,0,3,21,0,Solar Kit Grid-Tie
,,,,kits,BRL,Neosolar,NEO-27124,,,,,2,"Kit de Energia Solar On Grid 5,65KWP-OS 5KW LI Estrutura c/ Mini Trilho",,,565,10,65.0,5650,8657.37,,,draft,Solar Kit|Neosolar,0,2,10,0,Solar Kit Grid-Tie
,,,,kits,BRL,Neosolar,NEO-27119,,,,,1,"Kit de Energia Solar On Grid 4,52KWP-OS 5KW LI Estrutura p/ Madeira",,,565,8,52.0,4520,6853.17,,,draft,Solar Kit|Neosolar,0,1,8,0,Solar Kit Grid-Tie
,,,,kits,BRL,Neosolar,NEO-27111,,,,,1,"Kit de Energia Solar On Grid 3,39KWP-OS 5KW LI Estrutura c/ Mini Trilho",,,565,6,39.0,3390,5225.67,,,draft,Solar Kit|Neosolar,0,1,6,0,Solar Kit Grid-Tie
,,,,kits,BRL,Neosolar,NEO-27031,,,,,2,"Kit de Energia Solar On Grid 9,3KWP-OS 10,0KW LI Estrutura c/ Solo",,,565,20,3.0,11300,13493.37,,,draft,Solar Kit|Neosolar,0,2,20,0,Solar Kit Grid-Tie
,,,,kits,BRL,Neosolar,NEO-27010,,,,,2,"Kit de Energia Solar On Grid 6,7KWP-OS 6KW LI s/ Estrutura",,,565,12,7.0,6780,9020.07,,,draft,Solar Kit|Neosolar,0,2,12,0,Solar Kit Grid-Tie
,,1,48,kits,BRL,Neosolar,NEO-27295,,,,,,"Kit de Energia Solar Off Grid c/ Inv-car - 2,5kWp 100Ah 48/220V Lítio",,,565,4,5.0,2260,12198.95,,,draft,Solar Kit|Neosolar,1,0,4,0,Solar Kit Off-Grid
,,6,48,kits,BRL,Neosolar,NEO-26763,,,,,1,"Kit Energia Solar On Grid Híbrido - 9.04kWp 4,8kWh Lítio 48V (26763)",,,565,16,9.04,9040,0,,,draft,Solar Kit|Neosolar,6,1,16,0,Solar Kit Hybrid
,,5,48,kits,BRL,Neosolar,NEO-26762,,,,,1,"Kit Energia Solar On Grid Híbrido - 9.04kWp 4,8kWh Lítio 48V (26762)",,,565,16,9.04,9040,0,,,draft,Solar Kit|Neosolar,5,1,16,0,Solar Kit Hybrid
,,2,48,kits,BRL,Neosolar,NEO-26759,,,,,1,"Kit Energia Solar On Grid Híbrido - 9.04kWp 4,8kWh Lítio 48V (26759)",,,565,16,9.04,9040,29423.89,,,draft,Solar Kit|Neosolar,2,1,16,0,Solar Kit Hybrid
,,1,48,kits,BRL,Neosolar,NEO-26764,,,,,1,"Kit Energia Solar On Grid Híbrido - 3,95kWp 4,8kWh Lítio 48V (26764)",,,565,7,95.0,3955,20930.41,,,draft,Solar Kit|Neosolar,1,1,7,0,Solar Kit Hybrid
,,4,48,kits,BRL,Neosolar,NEO-26642,,,,,1,"Kit Energia Solar On Grid Híbrido - 13.56kWp 4,8kWh Lítio 48V (26642)",,,565,24,13.56,13560,0,,,draft,Solar Kit|Neosolar,4,1,24,0,Solar Kit Hybrid
,,1,48,kits,BRL,Neosolar,NEO-26776,,,,,1,"Kit Energia Solar On Grid Híbrido - 7.35kWp 4,8kWh Lítio 48V (26776)",,,565,13,7.35,7345,0,,,draft,Solar Kit|Neosolar,1,1,13,0,Solar Kit Hybrid
,,3,48,kits,BRL,Neosolar,NEO-26641,,,,,1,"Kit Energia Solar On Grid Híbrido - 13.56kWp 4,8kWh Lítio 48V (26641)",,,565,24,13.56,13560,0,,,draft,Solar Kit|Neosolar,3,1,24,0,Solar Kit Hybrid
,,1,48,kits,BRL,Neosolar,NEO-26777,,,,,1,"Kit Energia Solar On Grid Híbrido - 13.56kWp 4,8kWh Lítio 48V (26777)",,,565,24,13.56,13560,34500.13,,,draft,Solar Kit|Neosolar,1,1,24,0,Solar Kit Hybrid
,,1,48,kits,BRL,Neosolar,NEO-26639,,,,,1,"Kit Energia Solar On Grid Híbrido - 13.56kWp 4,8kWh Lítio 48V (26639)",,,565,24,13.56,13560,0,,,draft,Solar Kit|Neosolar,1,1,24,0,Solar Kit Hybrid
,,1,48,kits,BRL,Neosolar,NEO-26752,,,,,1,"Kit Energia Solar On Grid Híbrido - 3,95kWp 4,8kWh Lítio 48V (26752)",,,565,7,95.0,3955,14171.64,,,draft,Solar Kit|Neosolar,1,1,7,0,Solar Kit Hybrid
,,2,48,kits,BRL,Neosolar,NEO-26778,,,,,1,"Kit Energia Solar On Grid Híbrido - 13.56kWp 4,8kWh Lítio 48V (26778)",,,565,24,13.56,13560,38904.47,,,draft,Solar Kit|Neosolar,2,1,24,0,Solar Kit Hybrid
,,1,48,kits,BRL,Neosolar,NEO-26757,,,,,1,"Kit Energia Solar On Grid Híbrido - 5.08kWp 4,8kWh Lítio 48V (26757)",,,565,9,5.08,5085,21215.08,,,draft,Solar Kit|Neosolar,1,1,9,0,Solar Kit Hybrid
,,5,48,kits,BRL,Neosolar,NEO-26781,,,,,1,"Kit Energia Solar On Grid Híbrido - 13.56kWp 4,8kWh Lítio 48V (26781)",,,565,24,13.56,13560,0,,,draft,Solar Kit|Neosolar,5,1,24,0,Solar Kit Hybrid
,,5,48,kits,BRL,Neosolar,NEO-26824,,,,,1,"Kit Energia Solar On Grid Híbrido - 9.04kWp 4,8kWh Lítio 48V (26824)",,,565,16,9.04,9040,0,,,draft,Solar Kit|Neosolar,5,1,16,0,Solar Kit Hybrid
,,3,48,kits,BRL,Neosolar,NEO-26779,,,,,1,"Kit Energia Solar On Grid Híbrido - 13.56kWp 4,8kWh Lítio 48V (26779)",,,565,24,13.56,13560,0,,,draft,Solar Kit|Neosolar,3,1,24,0,Solar Kit Hybrid
,,4,48,kits,BRL,Neosolar,NEO-26780,,,,,1,"Kit Energia Solar On Grid Híbrido - 13.56kWp 4,8kWh Lítio 48V (26780)",,,565,24,13.56,13560,0,,,draft,Solar Kit|Neosolar,4,1,24,0,Solar Kit Hybrid
,,6,48,kits,BRL,Neosolar,NEO-26825,,,,,1,"Kit Energia Solar On Grid Híbrido - 9.04kWp 4,8kWh Lítio 48V (26825)",,,565,16,9.04,9040,0,,,draft,Solar Kit|Neosolar,6,1,16,0,Solar Kit Hybrid
,,1,48,kits,BRL,Neosolar,NEO-26819,,,,,1,"Kit Energia Solar On Grid Híbrido - 5.08kWp 4,8kWh Lítio 48V (26819)",,,565,9,5.08,5085,21930.71,,,draft,Solar Kit|Neosolar,1,1,9,0,Solar Kit Hybrid
,,2,48,kits,BRL,Neosolar,NEO-26821,,,,,1,"Kit Energia Solar On Grid Híbrido - 9.04kWp 4,8kWh Lítio 48V (26821)",,,565,16,9.04,9040,0,,,draft,Solar Kit|Neosolar,2,1,16,0,Solar Kit Hybrid
,,1,48,kits,BRL,Neosolar,NEO-26814,,,,,1,"Kit Energia Solar On Grid Híbrido - 3,95kWp 4,8kWh Lítio 48V (26814)",,,565,7,95.0,3955,14887.27,,,draft,Solar Kit|Neosolar,1,1,7,0,Solar Kit Hybrid
,,3,48,kits,BRL,Neosolar,NEO-26822,,,,,1,"Kit Energia Solar On Grid Híbrido - 9.04kWp 4,8kWh Lítio 48V (26822)",,,565,16,9.04,9040,0,,,draft,Solar Kit|Neosolar,3,1,16,0,Solar Kit Hybrid
,,1,48,kits,BRL,Neosolar,NEO-26826,,,,,1,"Kit Energia Solar On Grid Híbrido - 3,95kWp 4,8kWh Lítio 48V (26626)",,,565,7,95.0,3955,21646.05,,,draft,Solar Kit|Neosolar,1,1,7,0,Solar Kit Hybrid
,,6,48,kits,BRL,Neosolar,NEO-26782,,,,,1,"Kit Energia Solar On Grid Híbrido - 13.56kWp 4,8kWh Lítio 48V (26782)",,,565,24,13.56,13560,0,,,draft,Solar Kit|Neosolar,6,1,24,0,Solar Kit Hybrid
,,4,48,kits,BRL,Neosolar,NEO-26761,,,,,1,"Kit Energia Solar On Grid Híbrido - 9.04kWp 4,8kWh Lítio 48V (26761)",,,565,16,9.04,9040,0,,,draft,Solar Kit|Neosolar,4,1,16,0,Solar Kit Hybrid
,,3,48,kits,BRL,Neosolar,NEO-26760,,,,,1,"Kit Energia Solar On Grid Híbrido - 9.04kWp 4,8kWh Lítio 48V (26760)",,,565,16,9.04,9040,33828.23,,,draft,Solar Kit|Neosolar,3,1,16,0,Solar Kit Hybrid
,,5,48,kits,BRL,Neosolar,NEO-26643,,,,,1,"Kit Energia Solar On Grid Híbrido - 13.56kWp 4,8kWh Lítio 48V (26643)",,,565,24,13.56,13560,0,,,draft,Solar Kit|Neosolar,5,1,24,0,Solar Kit Hybrid
,,1,48,kits,BRL,Neosolar,NEO-26758,,,,,1,"Kit Energia Solar On Grid Híbrido - 9.04kWp 4,8kWh",,,565,16,9.04,9040,25019.56,,,draft,Solar Kit|Neosolar,1,1,16,0,Solar Kit Hybrid
,,1,48,kits,BRL,Neosolar,NEO-26820,,,,,1,"Kit Energia Solar On Grid Híbrido - 9.04kWp 4,8kWh Lítio 48V (26820)",,,565,16,9.04,9040,0,,,draft,Solar Kit|Neosolar,1,1,16,0,Solar Kit Hybrid
,,4,48,kits,BRL,Neosolar,NEO-26818,,,,,1,"Kit Energia Solar On Grid Híbrido - 5.65kWp 4,8kWh Lítio 48V (26818)",,,565,10,5.65,5650,0,,,draft,Solar Kit|Neosolar,4,1,10,0,Solar Kit Hybrid
,,1,48,kits,BRL,Neosolar,NEO-26838,,,,,1,"Kit Energia Solar On Grid Híbrido - 7.35kWp 4,8kWh Lítio 48V (26838)",,,565,13,7.35,7345,29728.75,,,draft,Solar Kit|Neosolar,1,1,13,0,Solar Kit Hybrid
,,4,48,kits,BRL,Neosolar,NEO-26830,,,,,1,"Kit Energia Solar On Grid Híbrido - 5.65kWp 4,8kWh Lítio 48V (26830)",,,565,10,5.65,5650,0,,,draft,Solar Kit|Neosolar,4,1,10,0,Solar Kit Hybrid
,,4,48,kits,BRL,Neosolar,NEO-26823,,,,,1,"Kit Energia Solar On Grid Híbrido - 9.04kWp 4,8kWh Lítio 48V (26823)",,,565,16,9.04,9040,0,,,draft,Solar Kit|Neosolar,4,1,16,0,Solar Kit Hybrid
,,1,48,kits,BRL,Neosolar,NEO-26614,,,,,1,"Kit Energia Solar On Grid Híbrido - 3,95kWp 4,8kWh Lítio 48V (26614)",,,565,7,95.0,3955,15470.94,,,draft,Solar Kit|Neosolar,1,1,7,0,Solar Kit Hybrid
,,4,48,kits,BRL,Neosolar,NEO-26618,,,,,1,"Kit Energia Solar On Grid Híbrido - 5.65kWp 4,8kWh Lítio 48V (26618)",,,565,10,5.65,5650,0,,,draft,Solar Kit|Neosolar,4,1,10,0,Solar Kit Hybrid
,,6,48,kits,BRL,Neosolar,NEO-26625,,,,,1,"Kit Energia Solar On Grid Híbrido - 9.04kWp 4,8kWh Lítio 48V (26625)",,,565,16,9.04,9040,0,,,draft,Solar Kit|Neosolar,6,1,16,0,Solar Kit Hybrid
,,1,48,kits,BRL,Neosolar,NEO-26626,,,,,1,"Kit Energia Solar On Grid Híbrido - 3,95kWp 4,8kWh Lítio 48V (26626)",,,565,7,95.0,3955,22605.2,,,draft,Solar Kit|Neosolar,1,1,7,0,Solar Kit Hybrid
,,2,48,kits,BRL,Neosolar,NEO-26640,,,,,1,"Kit Energia Solar On Grid Híbrido - 13.56kWp 4,8kWh Lítio 48V (26640)",,,565,24,13.56,13560,0,,,draft,Solar Kit|Neosolar,2,1,24,0,Solar Kit Hybrid
,,4,12,kits,BRL,Neosolar,NEO-26676,,,,,,"Kit de Energia Solar Off Grid c/ Inv-car - 2,26kWp 220Ah 24/220V Chumbo-Carbono",,,565,4,26.0,2260,0,,,draft,Solar Kit|Neosolar,4,0,4,0,Solar Kit Off-Grid
,,6,48,kits,BRL,Neosolar,NEO-26644,,,,,1,"Kit Energia Solar On Grid Híbrido - 13.56kWp 4,8kWh Lítio 48V (26644)",,,565,24,13.56,13560,0,,,draft,Solar Kit|Neosolar,6,1,24,0,Solar Kit Hybrid
,,1,48,kits,BRL,Neosolar,NEO-26638,,,,,1,"Kit Energia Solar On Grid Híbrido - 7.35kWp 4,8kWh Lítio 48V (26638)",,,565,13,7.35,7345,31136.94,,,draft,Solar Kit|Neosolar,1,1,13,0,Solar Kit Hybrid
,,,,kits,BRL,Neosolar,NEO-27024,,,,,2,"Kit de Energia Solar On Grid 8,4KWP-OS 7,5KW LI Estrutura c/ Solo",,,565,15,4.0,8475,12395.97,,,draft,Solar Kit|Neosolar,0,2,15,0,Solar Kit Grid-Tie
,,,,kits,BRL,Neosolar,NEO-27030,,,,,2,"Kit de Energia Solar On Grid 9,3KWP-OS 10,0KW LI Estrutura Metálica",,,565,20,3.0,11300,13121.37,,,draft,Solar Kit|Neosolar,0,2,20,0,Solar Kit Grid-Tie
,,,,kits,BRL,Neosolar,NEO-27112,,,,,1,"Kit de Energia Solar On Grid 3,39KWP-OS 5KW LI Estrutura p/ Madeira",,,565,6,39.0,3390,5225.67,,,draft,Solar Kit|Neosolar,0,1,6,0,Solar Kit Grid-Tie
,,,,kits,BRL,Neosolar,NEO-27009,,,,,2,"Kit de Energia Solar On Grid 6,7KWP-OS 6KW LI Estrutura c/ Solo",,,565,12,7.0,6780,9857.07,,,draft,Solar Kit|Neosolar,0,2,12,0,Solar Kit Grid-Tie
,,,,kits,BRL,Neosolar,NEO-27033,,,,,3,"Kit de Energia Solar On Grid 11,86KWP-OS 10,0KW LI c/ Estrutura p/ Laje",,,565,21,86.0,11865,17743.47,,,draft,Solar Kit|Neosolar,0,3,21,0,Solar Kit Grid-Tie
,,,,kits,BRL,Neosolar,NEO-27019,,,,,2,"Kit de Energia Solar On Grid 8,4KWP-OS 7,5KW LI Estrutura p/ Laje",,,565,15,4.0,8475,12581.97,,,draft,Solar Kit|Neosolar,0,2,15,0,Solar Kit Grid-Tie
,,,,kits,BRL,Neosolar,NEO-27026,,,,,2,"Kit de Energia Solar On Grid 9,3KWP-OS 10,0KW LI Estrutura p/ Laje",,,565,20,3.0,11300,13679.37,,,draft,Solar Kit|Neosolar,0,2,20,0,Solar Kit Grid-Tie
,,,,kits,BRL,Neosolar,NEO-27021,,,,,2,"Kit de Energia Solar On Grid 8,4KWP-OS 7,5KW LI Estrutura c/ Mini Trilho",,,565,15,4.0,8475,12023.97,,,draft,Solar Kit|Neosolar,0,2,15,0,Solar Kit Grid-Tie
,,,,kits,BRL,Neosolar,NEO-27038,,,,,3,"Kit de Energia Solar On Grid 11,86KWP-OS 10,0KW LI c/ Estrutura p/ Solo",,,565,21,86.0,11865,17464.47,,,draft,Solar Kit|Neosolar,0,3,21,0,Solar Kit Grid-Tie
,,,,kits,BRL,Neosolar,NEO-26927,,,,,1,Kit Gerador Energia Solar 1.24kWp - Microinversor Deye c/ Wifi SUN2250 - Painel DAH Solar,,,0,1,1.24,1240,2353.87,,,draft,Solar Kit|Neosolar,0,1,4,0,Solar Kit Grid-Tie
,,,,kits,BRL,Neosolar,NEO-26948,,,,,1,Kit Gerador Energia Solar 0.62kWp - Microinversor Deye c/ Wifi SUN2250 - Painel DAH Solar s/ Estrutura,,,0,1,0.62,620,1910.91,,,draft,Solar Kit|Neosolar,0,1,3,0,Solar Kit Grid-Tie
,,,,kits,BRL,Neosolar,NEO-26934,,,,,1,Kit Gerador Energia Solar 1.86kWp - Microinversor Deye c/ Wifi SUN2250 - Painel DAH Solar s/ Estrutura,,,0,1,1.86,1860,2687.2,,,draft,Solar Kit|Neosolar,0,1,5,0,Solar Kit Grid-Tie
,,,,kits,BRL,Neosolar,NEO-27152,,,,,1,Kit Gerador Energia Solar 1.4kWp - Microinversor Deye c/ Wifi SUN2250 - Painel DAH Solar s/ Estrutura,,,0,1,1.4,1400,2698.14,,,draft,Solar Kit|Neosolar,0,1,4,0,Solar Kit Grid-Tie
,,,,kits,BRL,Neosolar,NEO-27156,,,,,1,Kit Gerador Energia Solar 2.1kWp - Microinversor Deye c/ Wifi SUN2250 - Painel DAH Solar Estrutura p/ Madeira,,,0,1,2.1,2100,3258.74,,,draft,Solar Kit|Neosolar,0,1,5,0,Solar Kit Grid-Tie
,,,,kits,BRL,Neosolar,NEO-27149,,,,,1,Kit Gerador Energia Solar 1.4kWp - Microinversor Deye c/ Wifi SUN2250 - Painel DAH Solar Estrutura p/ Madeira,,,0,1,1.4,1400,2897.54,,,draft,Solar Kit|Neosolar,0,1,4,0,Solar Kit Grid-Tie
,,,,kits,BRL,Neosolar,NEO-26941,,,,,1,Kit Gerador Energia Solar 2.48kWp - Microinversor Deye c/ Wifi SUN2250 - Painel DAH Solar s/ Estrutura,,,0,1,2.48,2480,2873.94,,,draft,Solar Kit|Neosolar,0,1,6,0,Solar Kit Grid-Tie
,,,,kits,BRL,Neosolar,NEO-26945,,,,,1,Kit Gerador Energia Solar 0.62kWp - Microinversor Deye c/ Wifi SUN2250 - Painel DAH Solar c/ Parafuso Madeira,,,0,1,0.62,620,2280.09,,,draft,Solar Kit|Neosolar,0,1,3,0,Solar Kit Grid-Tie
,,,,kits,BRL,Neosolar,NEO-27157,,,,,1,Kit Gerador Energia Solar 2.1kWp - Microinversor Deye c/ Wifi SUN2250 - Painel DAH Solar Estrutura Metálica,,,0,1,2.1,2100,3258.74,,,draft,Solar Kit|Neosolar,0,1,5,0,Solar Kit Grid-Tie
,,,,kits,BRL,Neosolar,NEO-27150,,,,,1,Kit Gerador Energia Solar 1.4kWp - Microinversor Deye c/ Wifi SUN2250 - Painel DAH Solar Estrutura Metálica,,,0,1,1.4,1400,2897.54,,,draft,Solar Kit|Neosolar,0,1,4,0,Solar Kit Grid-Tie
,,,,kits,BRL,Neosolar,NEO-27171,,,,,1,Kit Gerador Energia Solar 700kWp - Microinversor Deye c/ Wifi SUN2250 - Painel DAH Solar Estrutura Metálica,,,0,1,700.0,700,2342.52,,,draft,Solar Kit|Neosolar,0,1,3,0,Solar Kit Grid-Tie
,,,,kits,BRL,Neosolar,NEO-26931,,,,,1,Kit Gerador Energia Solar 1.86kWp - Microinversor Deye c/ Wifi SUN2250 - Painel DAH Solar c/ Parafuso Madeira,,,0,1,1.86,1860,3060.7,,,draft,Solar Kit|Neosolar,0,1,5,0,Solar Kit Grid-Tie
,,,,kits,BRL,Neosolar,NEO-26924,,,,,1,Kit Gerador Energia Solar 1.24kWp - Microinversor Deye c/ Wifi SUN2250 - Painel DAH Solar c/ Parafuso Madeira,,,0,1,1.24,1240,2722.97,,,draft,Solar Kit|Neosolar,0,1,4,0,Solar Kit Grid-Tie
,,,,kits,BRL,Neosolar,NEO-27163,,,,,1,Kit Gerador Energia Solar 2.8kWp - Microinversor Deye c/ Wifi SUN2250 - Painel DAH Solar Estrutura p/ Madeira,,,0,1,2.8,2800,3249.93,,,draft,Solar Kit|Neosolar,0,1,6,0,Solar Kit Grid-Tie
,,,,kits,BRL,Neosolar,NEO-26922,,,,,1,Kit Gerador Energia Solar 1.24kWp - Microinversor Deye c/ Wifi SUN2250 - Painel DAH Solar com GANCHO p/ CERÂMICA,,,0,1,1.24,1240,2725.43,,,draft,Solar Kit|Neosolar,0,1,4,0,Solar Kit Grid-Tie
,,,,kits,BRL,Neosolar,NEO-26937,,,,,1,Kit Gerador Energia Solar 2.48kWp - Microinversor Deye c/ Wifi SUN2250 - Painel DAH Solar c/ Mini Trilho,,,0,1,2.48,2480,3242.7,,,draft,Solar Kit|Neosolar,0,1,6,0,Solar Kit Grid-Tie
,,,,kits,BRL,Neosolar,NEO-26923,,,,,1,Kit Gerador Energia Solar 1.24kWp - Microinversor Deye c/ Wifi SUN2250 - Painel DAH Solar com Mini Trilho,,,0,1,1.24,1240,2723.34,,,draft,Solar Kit|Neosolar,0,1,4,0,Solar Kit Grid-Tie
,,,,kits,BRL,Neosolar,NEO-26930,,,,,1,Kit Gerador Energia Solar 1.86kWp - Microinversor Deye c/ Wifi SUN2250 - Painel DAH Solar c/ Mini Trilho,,,0,1,1.86,1860,3056.35,,,draft,Solar Kit|Neosolar,0,1,5,0,Solar Kit Grid-Tie
,,,,kits,BRL,Neosolar,NEO-26944,,,,,1,Kit Gerador Energia Solar 0.62kWp - Microinversor Deye c/ Wifi SUN2250 - Painel DAH Solar c/ Mini Trilho,,,0,1,0.62,620,2280.58,,,draft,Solar Kit|Neosolar,0,1,3,0,Solar Kit Grid-Tie
,,,,kits,BRL,Neosolar,NEO-26929,,,,,1,Kit Gerador Energia Solar 1.86kWp - Microinversor Deye c/ Wifi SUN2250 - Painel DAH Solar c/ Gancho p/ Cêramica,,,0,1,1.86,1860,3062.47,,,draft,Solar Kit|Neosolar,0,1,5,0,Solar Kit Grid-Tie
,,,,kits,BRL,Neosolar,NEO-26943,,,,,1,Kit Gerador Energia Solar 0.62kWp - Microinversor Deye c/ Wifi SUN2250 - Painel DAH Solar c/ Gancho p/ Cerâmica,,,0,1,0.62,620,2283.29,,,draft,Solar Kit|Neosolar,0,1,3,0,Solar Kit Grid-Tie
,,,,kits,BRL,Neosolar,NEO-27160,,,,,1,Kit Gerador Energia Solar 2.8kWp - Microinversor Deye c/ Wifi SUN2250 - Painel DAH Solar Estrutura p/ Laje,,,0,1,2.8,2800,3408.54,,,draft,Solar Kit|Neosolar,0,1,6,0,Solar Kit Grid-Tie
,,,,kits,BRL,Neosolar,NEO-27162,,,,,1,Kit Gerador Energia Solar 2.8kWp - Microinversor Deye c/ Wifi SUN2250 - Painel DAH Solar Estrutura c/ Mini Trilho,,,0,1,2.8,2800,3252.64,,,draft,Solar Kit|Neosolar,0,1,6,0,Solar Kit Grid-Tie
,,,,kits,BRL,Neosolar,NEO-27146,,,,,1,Kit Gerador Energia Solar 1.4kWp - Microinversor Deye c/ Wifi SUN2250 - Painel DAH Solar Estrutura p/ Laje,,,0,1,1.4,1400,3053.39,,,draft,Solar Kit|Neosolar,0,1,4,0,Solar Kit Grid-Tie
,,,,kits,BRL,Neosolar,NEO-27153,,,,,1,Kit Gerador Energia Solar 2.1kWp - Microinversor Deye c/ Wifi SUN2250 - Painel DAH Solar Estrutura p/ Laje,,,0,1,2.1,2100,3417.42,,,draft,Solar Kit|Neosolar,0,1,5,0,Solar Kit Grid-Tie
,,,,kits,BRL,Neosolar,NEO-27167,,,,,1,Kit Gerador Energia Solar 700kWp - Microinversor Deye c/ Wifi SUN2250 - Painel DAH Solar Estrutura p/ Laje,,,0,1,700.0,700,2494.04,,,draft,Solar Kit|Neosolar,0,1,3,0,Solar Kit Grid-Tie
,,1,48,kits,BRL,Neosolar,NEO-26845,,,,,1,"Kit Energia Solar On Grid Híbrido - 3,7kWp Lítio 48V (26845)",,,620,6,7.0,3720,14800.61,,,draft,Solar Kit|Neosolar,1,1,6,0,Solar Kit Hybrid
,,1,48,kits,BRL,Neosolar,NEO-26857,,,,,1,"Kit Energia Solar On Grid Híbrido - 3,72kWp 4,8kWh Lítio 48V (26857)",,,620,6,72.0,3720,21559.38,,,draft,Solar Kit|Neosolar,1,1,6,0,Solar Kit Hybrid
,,,,kits,BRL,Neosolar,NEO-27091,,,,,1,"Kit de Energia Solar On Grid 3,72KWP-OS 5KW LI s/ Estrutura",,,620,6,72.0,3720,5327.97,,,draft,Solar Kit|Neosolar,0,1,6,0,Solar Kit Grid-Tie
,,,,kits,BRL,Neosolar,NEO-27131,,,,,1,"Kit de Energia Solar On Grid 3,72KWP-OS 5KW LI Estrutura p/ Madeira",,,620,6,72.0,3720,6071.97,,,draft,Solar Kit|Neosolar,0,1,6,0,Solar Kit Grid-Tie
,,1,48,kits,BRL,Neosolar,NEO-26795,,,,,1,"Kit Energia Solar On Grid Híbrido - 3,72kWp 4,8kWh Lítio 48V (26795)",,,620,6,72.0,3720,20843.75,,,draft,Solar Kit|Neosolar,1,1,6,0,Solar Kit Hybrid
,,1,48,kits,BRL,Neosolar,NEO-26783,,,,,1,"Kit Energia Solar On Grid Híbrido - 3,7kWp Lítio 48V (26783)",,,620,6,7.0,3720,14084.97,,,draft,Solar Kit|Neosolar,1,1,6,0,Solar Kit Hybrid
,,1,48,kits,BRL,Neosolar,NEO-26669,,,,,1,"Kit Energia Solar On Grid Híbrido - 8.06kWp 4,8kWh Lítio 48V (26669)",,,620,13,8.06,8060,31591.94,,,draft,Solar Kit|Neosolar,1,1,13,0,Solar Kit Hybrid
,,1,48,kits,BRL,Neosolar,NEO-26657,,,,,1,"Kit Energia Solar On Grid Híbrido - 3,72kWp 4,8kWh Lítio 48V (26657)",,,620,6,72.0,3720,21022.97,,,draft,Solar Kit|Neosolar,1,1,6,0,Solar Kit Hybrid
,,,,kits,BRL,Neosolar,NEO-27137,,,,,1,"Kit de Energia Solar On Grid 4,96KWP-OS 5KW LI Estrutura p/ Madeira",,,620,8,96.0,4960,7848.27,,,draft,Solar Kit|Neosolar,0,1,8,0,Solar Kit Grid-Tie
,,2,48,kits,BRL,Neosolar,NEO-26766,,,,,1,"Kit Energia Solar On Grid Híbrido - 5.65kWp 4,8kWh Lítio 48V (26766)",,,565,10,5.65,5650,27456.69,,,draft,Solar Kit|Neosolar,2,1,10,0,Solar Kit Hybrid
,,2,48,kits,BRL,Neosolar,NEO-26754,,,,,1,"Kit Energia Solar On Grid Híbrido - 5.65kWp 4,8kWh Lítio 48V (26754)",,,565,10,5.65,5650,20697.91,,,draft,Solar Kit|Neosolar,2,1,10,0,Solar Kit Hybrid
,,3,48,kits,BRL,Neosolar,NEO-26767,,,,,1,"Kit Energia Solar On Grid Híbrido - 5.65kWp 4,8kWh Lítio 48V (26767)",,,565,10,5.65,5650,31861.03,,,draft,Solar Kit|Neosolar,3,1,10,0,Solar Kit Hybrid
,,4,48,kits,BRL,Neosolar,NEO-26768,,,,,1,"Kit Energia Solar On Grid Híbrido - 5.65kWp 4,8kWh Lítio 48V (26768)",,,565,10,5.65,5650,0,,,draft,Solar Kit|Neosolar,4,1,10,0,Solar Kit Hybrid
,,3,48,kits,BRL,Neosolar,NEO-26755,,,,,1,"Kit Energia Solar On Grid Híbrido - 5.65kWp 4,8kWh Lítio 48V (26755)",,,565,10,5.65,5650,25102.25,,,draft,Solar Kit|Neosolar,3,1,10,0,Solar Kit Hybrid
,,3,48,kits,BRL,Neosolar,NEO-26817,,,,,1,"Kit Energia Solar On Grid Híbrido - 5.65kWp 4,8kWh Lítio 48V (26817)",,,565,10,5.65,5650,0,,,draft,Solar Kit|Neosolar,3,1,10,0,Solar Kit Hybrid
,,1,48,kits,BRL,Neosolar,NEO-26765,,,,,1,"Kit Energia Solar On Grid Híbrido - 5.65kWp 4,8kWh Lítio 48V (26765)",,,565,10,5.65,5650,23052.36,,,draft,Solar Kit|Neosolar,1,1,10,0,Solar Kit Hybrid
,,1,48,kits,BRL,Neosolar,NEO-26753,,,,,1,"Kit Energia Solar On Grid Híbrido - 5.65kWp 4,8kWh Lítio 48V (26753)",,,565,10,5.65,5650,16293.58,,,draft,Solar Kit|Neosolar,1,1,10,0,Solar Kit Hybrid
,,1,48,kits,BRL,Neosolar,NEO-26815,,,,,1,"Kit Energia Solar On Grid Híbrido - 5.65kWp 4,8kWh Lítio 48V (26815)",,,565,10,5.65,5650,0,,,draft,Solar Kit|Neosolar,1,1,10,0,Solar Kit Hybrid
,,2,48,kits,BRL,Neosolar,NEO-26816,,,,,1,"Kit Energia Solar On Grid Híbrido - 5.65kWp 4,8kWh Lítio 48V (26816)",,,565,10,5.65,5650,0,,,draft,Solar Kit|Neosolar,2,1,10,0,Solar Kit Hybrid
,,2,48,kits,BRL,Neosolar,NEO-26628,,,,,1,"Kit Energia Solar On Grid Híbrido - 5.65kWp 4,8kWh Lítio 48V (26628)",,,565,10,5.65,5650,0,,,draft,Solar Kit|Neosolar,2,1,10,0,Solar Kit Hybrid
,,,,kits,BRL,Neosolar,NEO-27166,,,,,1,Kit Gerador Energia Solar 2.8kWp - Microinversor Deye c/ Wifi SUN2250 - Painel DAH Solar s/ Estrutura,,,0,1,2.8,2800,3047.53,,,draft,Solar Kit|Neosolar,0,1,6,0,Solar Kit Grid-Tie
,,,,kits,BRL,Neosolar,NEO-26936,,,,,1,Kit Gerador Energia Solar 2.48kWp - Microinversor Deye c/ Wifi SUN2250 - Painel DAH Solar c/ Gancho p/ Cerâmica,,,0,1,2.48,2480,3247.51,,,draft,Solar Kit|Neosolar,0,1,6,0,Solar Kit Grid-Tie
,,,,kits,BRL,Neosolar,NEO-27130,,,,,1,"Kit de Energia Solar On Grid 3,72KWP-OS 5KW LI Estrutura c/ Mini Trilho",,,620,6,72.0,3720,6071.97,,,draft,Solar Kit|Neosolar,0,1,6,0,Solar Kit Grid-Tie
,,,,kits,BRL,Neosolar,NEO-27136,,,,,1,"Kit de Energia Solar On Grid 4,96KWP-OS 5KW LI Estrutura c/ Mini Trilho",,,620,8,96.0,4960,7848.27,,,draft,Solar Kit|Neosolar,0,1,8,0,Solar Kit Grid-Tie
,,1,6,kits,BRL,Neosolar,NEO-25050,,,,,1,Kit Energia Solar Off Grid - 870Wp 100Ah/24V Lítio (25050),,,435,2,0.87,870,6147.89,,,draft,Solar Kit|Neosolar,1,1,2,0,Solar Kit Off-Grid
,,,,kits,BRL,Neosolar,NEO-27128,,,,,1,"Kit de Energia Solar On Grid 3,72KWP-OS 5KW LI Estrutura p/ Laje",,,620,6,72.0,3720,6629.97,,,draft,Solar Kit|Neosolar,0,1,6,0,Solar Kit Grid-Tie
,,,,kits,BRL,Neosolar,NEO-27134,,,,,1,"Kit de Energia Solar On Grid 4,96KWP-OS 5KW LI Estrutura p/ Laje",,,620,8,96.0,4960,8406.27,,,draft,Solar Kit|Neosolar,0,1,8,0,Solar Kit Grid-Tie
,,,,kits,BRL,Neosolar,NEO-27161,,,,,1,Kit Gerador Energia Solar 2.8kWp - Microinversor Deye c/ Wifi SUN2250 - Painel DAH Solar c/ Gancho p/ Cerâmica,,,0,1,2.8,2800,3252.57,,,draft,Solar Kit|Neosolar,0,1,6,0,Solar Kit Grid-Tie
,,1,48,kits,BRL,Neosolar,NEO-25055,,,,,1,"Kit Energia Solar Off Grid - 1,31kWp 105Ah 48V Lítio (25055)",,,435,3,31.0,1305,6990.92,,,draft,Solar Kit|Neosolar,1,1,3,0,Solar Kit Off-Grid
,,4,48,kits,BRL,Neosolar,NEO-26630,,,,,1,"Kit Energia Solar On Grid Híbrido - 5.65kWp 4,8kWh Lítio 48V (26630)",,,565,10,5.65,5650,0,,,draft,Solar Kit|Neosolar,4,1,10,0,Solar Kit Hybrid
,,,,kits,BRL,Neosolar,NEO-27141,,,,,2,"Kit de Energia Solar On Grid 6,20KWP-OS 5KW LI c/ Gancho p/ Cerâmica",,,620,10,20.0,6200,9996.57,,,draft,Solar Kit|Neosolar,0,2,10,0,Solar Kit Grid-Tie
,,5,48,kits,BRL,Neosolar,NEO-26674,,,,,1,"Kit Energia Solar On Grid Híbrido - 14.88kWp 4,8kWh Lítio 48V (26674)",,,620,24,14.88,14880,0,,,draft,Solar Kit|Neosolar,5,1,24,0,Solar Kit Hybrid
,,4,48,kits,BRL,Neosolar,NEO-26673,,,,,1,"Kit Energia Solar On Grid Híbrido - 14.88kWp 4,8kWh Lítio 48V (26673)",,,620,24,14.88,14880,0,,,draft,Solar Kit|Neosolar,4,1,24,0,Solar Kit Hybrid
,,6,48,kits,BRL,Neosolar,NEO-26675,,,,,1,"Kit Energia Solar On Grid Híbrido - 14.88kWp 4,8kWh Lítio 48V (26675)",,,620,24,14.88,14880,0,,,draft,Solar Kit|Neosolar,6,1,24,0,Solar Kit Hybrid
,,3,48,kits,BRL,Neosolar,NEO-26860,,,,,1,"Kit Energia Solar On Grid Híbrido - 6,2kWp 4,8kWh Lítio 48V (26860)",,,620,10,2.0,6200,0,,,draft,Solar Kit|Neosolar,3,1,10,0,Solar Kit Hybrid
,,4,48,kits,BRL,Neosolar,NEO-26861,,,,,1,"Kit Energia Solar On Grid Híbrido - 6,2kWp 4,8kWh Lítio 48V (26861)",,,620,10,2.0,6200,0,,,draft,Solar Kit|Neosolar,4,1,10,0,Solar Kit Hybrid
,,4,48,kits,BRL,Neosolar,NEO-26799,,,,,1,"Kit Energia Solar On Grid Híbrido - 6,2kWp 4,8kWh Lítio 48V (26799)",,,620,10,2.0,6200,0,,,draft,Solar Kit|Neosolar,4,1,10,0,Solar Kit Hybrid
,,1,48,kits,BRL,Neosolar,NEO-26858,,,,,1,"Kit Energia Solar On Grid Híbrido - 6,2kWp 4,8kWh Lítio 48V (26658)",,,620,10,2.0,6200,0,,,draft,Solar Kit|Neosolar,1,1,10,0,Solar Kit Hybrid
,,2,48,kits,BRL,Neosolar,NEO-26859,,,,,1,"Kit Energia Solar On Grid Híbrido - 6,2kWp 4,8kWh Lítio 48V (26859)",,,620,10,2.0,6200,0,,,draft,Solar Kit|Neosolar,2,1,10,0,Solar Kit Hybrid
,,4,48,kits,BRL,Neosolar,NEO-26849,,,,,1,"Kit Energia Solar On Grid Híbrido - 6,2kWp Lítio 48V (26849)",,,620,10,2.0,6200,0,,,draft,Solar Kit|Neosolar,4,1,10,0,Solar Kit Hybrid
,,3,48,kits,BRL,Neosolar,NEO-26848,,,,,1,"Kit Energia Solar On Grid Híbrido - 6,2kWp Lítio 48V (26848)",,,620,10,2.0,6200,0,,,draft,Solar Kit|Neosolar,3,1,10,0,Solar Kit Hybrid
,,1,48,kits,BRL,Neosolar,NEO-26846,,,,,1,"Kit Energia Solar On Grid Híbrido - 6,2kWp Lítio 48V (26846)",,,620,10,2.0,6200,0,,,draft,Solar Kit|Neosolar,1,1,10,0,Solar Kit Hybrid
,,2,48,kits,BRL,Neosolar,NEO-26847,,,,,1,"Kit Energia Solar On Grid Híbrido - 6,2kWp Lítio 48V (26847)",,,620,10,2.0,6200,0,,,draft,Solar Kit|Neosolar,2,1,10,0,Solar Kit Hybrid
,,,,kits,BRL,Neosolar,NEO-27093,,,,,2,"Kit de Energia Solar On Grid 6,20KWP-OS 5KW LI s/ Estrutura",,,620,10,20.0,6200,8880.57,,,draft,Solar Kit|Neosolar,0,2,10,0,Solar Kit Grid-Tie
,,2,48,kits,BRL,Neosolar,NEO-26785,,,,,1,"Kit Energia Solar On Grid Híbrido - 6,2kWp Lítio 48V (26785)",,,620,10,2.0,6200,21254.52,,,draft,Solar Kit|Neosolar,2,1,10,0,Solar Kit Hybrid
,,3,48,kits,BRL,Neosolar,NEO-26786,,,,,1,"Kit Energia Solar On Grid Híbrido - 6,2kWp Lítio 48V (26786)",,,620,10,2.0,6200,25658.86,,,draft,Solar Kit|Neosolar,3,1,10,0,Solar Kit Hybrid
,,1,48,kits,BRL,Neosolar,NEO-26796,,,,,1,"Kit Energia Solar On Grid Híbrido - 6,2kWp 4,8kWh Lítio 48V (26796)",,,620,10,2.0,6200,23608.96,,,draft,Solar Kit|Neosolar,1,1,10,0,Solar Kit Hybrid
,,1,48,kits,BRL,Neosolar,NEO-26784,,,,,1,"Kit Energia Solar On Grid Híbrido - 6,2kWp Lítio 48V (26784)",,,620,10,2.0,6200,16850.19,,,draft,Solar Kit|Neosolar,1,1,10,0,Solar Kit Hybrid
,,3,48,kits,BRL,Neosolar,NEO-26798,,,,,1,"Kit Energia Solar On Grid Híbrido - 6,2kWp 4,8kWh Lítio 48V (26798)",,,620,10,2.0,6200,32417.63,,,draft,Solar Kit|Neosolar,3,1,10,0,Solar Kit Hybrid
,,2,48,kits,BRL,Neosolar,NEO-26797,,,,,1,"Kit Energia Solar On Grid Híbrido - 6,2kWp 4,8kWh Lítio 48V (26797)",,,620,10,2.0,6200,28013.29,,,draft,Solar Kit|Neosolar,2,1,10,0,Solar Kit Hybrid
,,4,48,kits,BRL,Neosolar,NEO-26787,,,,,1,"Kit Energia Solar On Grid Híbrido - 6,2kWp Lítio 48V (26787)",,,620,10,2.0,6200,0,,,draft,Solar Kit|Neosolar,4,1,10,0,Solar Kit Hybrid
,,1,48,kits,BRL,Neosolar,NEO-26670,,,,,1,"Kit Energia Solar On Grid Híbrido - 14.88kWp 4,8kWh Lítio 48V (26670)",,,620,24,14.88,14880,39291.55,,,draft,Solar Kit|Neosolar,1,1,24,0,Solar Kit Hybrid
,,3,48,kits,BRL,Neosolar,NEO-26672,,,,,1,"Kit Energia Solar On Grid Híbrido - 14.88kWp 4,8kWh Lítio 48V (26672)",,,620,24,14.88,14880,0,,,draft,Solar Kit|Neosolar,3,1,24,0,Solar Kit Hybrid
,,2,48,kits,BRL,Neosolar,NEO-26671,,,,,1,"Kit Energia Solar On Grid Híbrido - 14.88kWp 4,8kWh Lítio 48V (26671)",,,620,24,14.88,14880,0,,,draft,Solar Kit|Neosolar,2,1,24,0,Solar Kit Hybrid
,,,,kits,BRL,Neosolar,NEO-27164,,,,,1,Kit Gerador Energia Solar 2.8kWp - Microinversor Deye c/ Wifi SUN2250 - Painel DAH Solar Estrutura Metálica,,,0,1,2.8,2800,3249.93,,,draft,Solar Kit|Neosolar,0,1,6,0,Solar Kit Grid-Tie
,,,,kits,BRL,Neosolar,NEO-27027,,,,,2,"Kit de Energia Solar On Grid 9,3KWP-OS 10,0KW LI Estrutura p/ Cerâmica",,,565,20,3.0,11300,13121.37,,,draft,Solar Kit|Neosolar,0,2,20,0,Solar Kit Grid-Tie
,,,,kits,BRL,Neosolar,NEO-27036,,,,,3,"Kit de Energia Solar On Grid 11,86KWP-OS 10,0KW LI c/ Estrutura p/ Madeira",,,565,21,86.0,11865,16906.47,,,draft,Solar Kit|Neosolar,0,3,21,0,Solar Kit Grid-Tie
,,,,kits,BRL,Neosolar,NEO-27025,,,,,2,"Kit de Energia Solar On Grid 9,3KWP-OS 10,0KW LI s/ Estrutura",,,565,20,3.0,11300,12377.37,,,draft,Solar Kit|Neosolar,0,2,20,0,Solar Kit Grid-Tie
,,,,kits,BRL,Neosolar,NEO-27015,,,,,2,"Kit de Energia Solar On Grid 7,9KWP-OS 7,5KW LI Estrutura p/ Madeira",,,565,14,9.0,7910,11270.67,,,draft,Solar Kit|Neosolar,0,2,14,0,Solar Kit Grid-Tie
,,,,kits,BRL,Neosolar,NEO-27013,,,,,2,"Kit de Energia Solar On Grid 7,9KWP-OS 7,5KW LI Estrutura p/ Cerâmica",,,565,14,9.0,7910,11270.67,,,draft,Solar Kit|Neosolar,0,2,14,0,Solar Kit Grid-Tie
,,,,kits,BRL,Neosolar,NEO-27037,,,,,3,"Kit de Energia Solar On Grid 11,86KWP-OS 10,0KW LI c/ Estrutura Metálica",,,565,21,86.0,11865,16906.47,,,draft,Solar Kit|Neosolar,0,3,21,0,Solar Kit Grid-Tie
,,,,kits,BRL,Neosolar,NEO-27022,,,,,2,"Kit de Energia Solar On Grid 8,4KWP-OS 7,5KW LI Estrutura p/ Madeira",,,565,15,4.0,8475,12023.97,,,draft,Solar Kit|Neosolar,0,2,15,0,Solar Kit Grid-Tie
,,,,kits,BRL,Neosolar,NEO-27011,,,,,2,"Kit de Energia Solar On Grid 7,9KWP-OS 7,5KW LI Estrutura s/ Estrutura",,,565,14,9.0,7910,10526.67,,,draft,Solar Kit|Neosolar,0,2,14,0,Solar Kit Grid-Tie
,,,,kits,BRL,Neosolar,NEO-27023,,,,,2,"Kit de Energia Solar On Grid 8,4KWP-OS 7,5KW LI Estrutura Metálica",,,565,15,4.0,8475,12023.97,,,draft,Solar Kit|Neosolar,0,2,15,0,Solar Kit Grid-Tie
,,,,kits,BRL,Neosolar,NEO-27016,,,,,2,"Kit de Energia Solar On Grid 7,9KWP-OS 7,5KW LI Estrutura Metálica",,,565,14,9.0,7910,11270.67,,,draft,Solar Kit|Neosolar,0,2,14,0,Solar Kit Grid-Tie
,,,,kits,BRL,Neosolar,NEO-27018,,,,,2,"Kit de Energia Solar On Grid 8,4KWP-OS 7,5KW LI Estrutura s/ Estrutura",,,565,15,4.0,8475,11279.97,,,draft,Solar Kit|Neosolar,0,2,15,0,Solar Kit Grid-Tie
,,,,kits,BRL,Neosolar,NEO-27029,,,,,2,"Kit de Energia Solar On Grid 9,3KWP-OS 10,0KW LI Estrutura p/ Madeira",,,565,20,3.0,11300,13121.37,,,draft,Solar Kit|Neosolar,0,2,20,0,Solar Kit Grid-Tie
,,,,kits,BRL,Neosolar,NEO-27034,,,,,3,"Kit de Energia Solar On Grid 11,86KWP-OS 10,0KW LI c/ Estrutura p/ Cerâmica",,,565,21,86.0,11865,16906.47,,,draft,Solar Kit|Neosolar,0,3,21,0,Solar Kit Grid-Tie
,,2,48,kits,BRL,Neosolar,NEO-26961,,,,,,"Kit de Energia Solar Off Grid c/ Inv-car - 3,4kWp 100Ah 24/220V Lítio (26961)",,,565,6,4.0,3390,0,,,draft,Solar Kit|Neosolar,2,0,6,0,Solar Kit Off-Grid
,,,,kits,BRL,Neosolar,NEO-27020,,,,,2,"Kit de Energia Solar On Grid 8,4KWP-OS 7,5KW LI Estrutura p/ Cerâmica",,,565,15,4.0,8475,12023.97,,,draft,Solar Kit|Neosolar,0,2,15,0,Solar Kit Grid-Tie
,,,,kits,BRL,Neosolar,NEO-27135,,,,,1,"Kit de Energia Solar On Grid 4,96KWP-OS 5KW LI c/ Gancho p/ Cerâmica",,,620,8,96.0,4960,7848.27,,,draft,Solar Kit|Neosolar,0,1,8,0,Solar Kit Grid-Tie
,,1,48,kits,BRL,Neosolar,NEO-26619,,,,,1,"Kit Energia Solar On Grid Híbrido - 5.08kWp 4,8kWh Lítio 48V (26619)",,,565,9,5.08,5085,22905.69,,,draft,Solar Kit|Neosolar,1,1,9,0,Solar Kit Hybrid
,,6,48,kits,BRL,Neosolar,NEO-26656,,,,,1,"Kit Energia Solar On Grid Híbrido - 9,92kWp 4,8kWh Lítio 48V (26656)",,,620,16,92.0,9920,0,,,draft,Solar Kit|Neosolar,6,1,16,0,Solar Kit Hybrid
,,4,48,kits,BRL,Neosolar,NEO-26654,,,,,1,"Kit Energia Solar On Grid Híbrido - 9,92kWp 4,8kWh Lítio 48V (26654)",,,620,16,92.0,9920,0,,,draft,Solar Kit|Neosolar,4,1,16,0,Solar Kit Hybrid
,,5,48,kits,BRL,Neosolar,NEO-26655,,,,,1,"Kit Energia Solar On Grid Híbrido - 9,92kWp 4,8kWh Lítio 48V (26655)",,,620,16,92.0,9920,0,,,draft,Solar Kit|Neosolar,5,1,16,0,Solar Kit Hybrid
,,1,48,kits,BRL,Neosolar,NEO-26651,,,,,1,"Kit Energia Solar On Grid Híbrido - 9,92kWp 4,8kWh Lítio 48V (26651)",,,620,16,92.0,9920,0,,,draft,Solar Kit|Neosolar,1,1,16,0,Solar Kit Hybrid
,,1,48,kits,BRL,Neosolar,NEO-26652,,,,,1,"Kit Energia Solar On Grid Híbrido - 9,92kWp 4,8kWh Lítio 48V (26652)",,,620,16,92.0,9920,0,,,draft,Solar Kit|Neosolar,1,1,16,0,Solar Kit Hybrid
,,1,48,kits,BRL,Neosolar,NEO-26650,,,,,1,"Kit Energia Solar On Grid Híbrido - 5,58kWp 4,8kWh Lítio 48V (26650)",,,620,9,58.0,5580,23434.46,,,draft,Solar Kit|Neosolar,1,1,9,0,Solar Kit Hybrid
,,3,48,kits,BRL,Neosolar,NEO-26665,,,,,1,"Kit Energia Solar On Grid Híbrido - 9,92kWp 4,8kWh Lítio 48V (26665)",,,620,16,92.0,9920,0,,,draft,Solar Kit|Neosolar,3,1,16,0,Solar Kit Hybrid
,,2,48,kits,BRL,Neosolar,NEO-26664,,,,,1,"Kit Energia Solar On Grid Híbrido - 9,92kWp 4,8kWh Lítio 48V (26664)",,,620,16,92.0,9920,0,,,draft,Solar Kit|Neosolar,2,1,16,0,Solar Kit Hybrid
,,1,48,kits,BRL,Neosolar,NEO-26663,,,,,1,"Kit Energia Solar On Grid Híbrido - 9,92kWp 4,8kWh Lítio 48V (26663)",,,620,16,92.0,9920,31106.64,,,draft,Solar Kit|Neosolar,1,1,16,0,Solar Kit Hybrid
,,1,48,kits,BRL,Neosolar,NEO-26662,,,,,1,"Kit Energia Solar On Grid Híbrido - 5,58kWp 4,8kWh Lítio 48V (26662)",,,620,9,58.0,5580,25889.32,,,draft,Solar Kit|Neosolar,1,1,9,0,Solar Kit Hybrid
,,6,48,kits,BRL,Neosolar,NEO-26668,,,,,1,"Kit Energia Solar On Grid Híbrido - 9,92kWp 4,8kWh Lítio 48V (26668)",,,620,16,92.0,9920,0,,,draft,Solar Kit|Neosolar,6,1,16,0,Solar Kit Hybrid
,,4,48,kits,BRL,Neosolar,NEO-26666,,,,,1,"Kit Energia Solar On Grid Híbrido - 9,92kWp 4,8kWh Lítio 48V (26666)",,,620,16,92.0,9920,0,,,draft,Solar Kit|Neosolar,4,1,16,0,Solar Kit Hybrid
,,5,48,kits,BRL,Neosolar,NEO-26667,,,,,1,"Kit Energia Solar On Grid Híbrido - 9,92kWp 4,8kWh Lítio 48V (26667)",,,620,16,92.0,9920,0,,,draft,Solar Kit|Neosolar,5,1,16,0,Solar Kit Hybrid
,,1,48,kits,BRL,Neosolar,NEO-26788,,,,,1,"Kit Energia Solar On Grid Híbrido - 5,58kWp Lítio 48V (26788)",,,620,9,58.0,5580,21716.02,,,draft,Solar Kit|Neosolar,1,1,9,0,Solar Kit Hybrid
,,6,48,kits,BRL,Neosolar,NEO-26794,,,,,1,"Kit Energia Solar On Grid Híbrido - 9.92kWp 4,8kWh Lítio 48V (26794)",,,620,16,9.92,9920,0,,,draft,Solar Kit|Neosolar,6,1,16,0,Solar Kit Hybrid
,,3,48,kits,BRL,Neosolar,NEO-26791,,,,,1,"Kit Energia Solar On Grid Híbrido - 9.92kWp 4,8kWh Lítio 48V (26791)",,,620,16,9.92,9920,34718.8,,,draft,Solar Kit|Neosolar,3,1,16,0,Solar Kit Hybrid
,,4,48,kits,BRL,Neosolar,NEO-26792,,,,,1,"Kit Energia Solar On Grid Híbrido - 9.92kWp 4,8kWh Lítio 48V (26792)",,,620,16,9.92,9920,0,,,draft,Solar Kit|Neosolar,4,1,16,0,Solar Kit Hybrid
,,5,48,kits,BRL,Neosolar,NEO-26793,,,,,1,"Kit Energia Solar On Grid Híbrido - 9.92kWp 4,8kWh Lítio 48V (26793)",,,620,16,9.92,9920,0,,,draft,Solar Kit|Neosolar,5,1,16,0,Solar Kit Hybrid
,,2,48,kits,BRL,Neosolar,NEO-26790,,,,,1,"Kit Energia Solar On Grid Híbrido - 9.92kWp 4,8kWh Lítio 48V (26790)",,,620,16,9.92,9920,30314.46,,,draft,Solar Kit|Neosolar,2,1,16,0,Solar Kit Hybrid
,,1,48,kits,BRL,Neosolar,NEO-26789,,,,,1,"Kit Energia Solar On Grid Híbrido - 9.92kWp 4,8kWh Lítio 48V (26789)",,,620,16,9.92,9920,25910.13,,,draft,Solar Kit|Neosolar,1,1,16,0,Solar Kit Hybrid
,,1,48,kits,BRL,Neosolar,NEO-26851,,,,,1,"Kit Energia Solar On Grid Híbrido - 9.92kWp 4,8kWh Lítio 48V (26851)",,,620,16,9.92,9920,0,,,draft,Solar Kit|Neosolar,1,1,16,0,Solar Kit Hybrid
,,1,48,kits,BRL,Neosolar,NEO-26852,,,,,1,"Kit Energia Solar On Grid Híbrido - 9.92kWp 4,8kWh Lítio 48V (26852)",,,620,16,9.92,9920,0,,,draft,Solar Kit|Neosolar,1,1,16,0,Solar Kit Hybrid
,,1,48,kits,BRL,Neosolar,NEO-26850,,,,,1,"Kit Energia Solar On Grid Híbrido - 5,6kWp Lítio 48V (26850)",,,620,9,6.0,5580,22431.66,,,draft,Solar Kit|Neosolar,1,1,9,0,Solar Kit Hybrid
,,6,48,kits,BRL,Neosolar,NEO-26856,,,,,1,"Kit Energia Solar On Grid Híbrido - 9.92kWp 4,8kWh Lítio 48V (26856)",,,620,16,9.92,9920,0,,,draft,Solar Kit|Neosolar,6,1,16,0,Solar Kit Hybrid
,,3,48,kits,BRL,Neosolar,NEO-26853,,,,,1,"Kit Energia Solar On Grid Híbrido - 9.92kWp 4,8kWh Lítio 48V (26853)",,,620,16,9.92,9920,0,,,draft,Solar Kit|Neosolar,3,1,16,0,Solar Kit Hybrid
,,5,48,kits,BRL,Neosolar,NEO-26855,,,,,1,"Kit Energia Solar On Grid Híbrido - 9.92kWp 4,8kWh Lítio 48V (26855)",,,620,16,9.92,9920,0,,,draft,Solar Kit|Neosolar,5,1,16,0,Solar Kit Hybrid
,,4,48,kits,BRL,Neosolar,NEO-26854,,,,,1,"Kit Energia Solar On Grid Híbrido - 9.92kWp 4,8kWh Lítio 48V (26854)",,,620,16,9.92,9920,0,,,draft,Solar Kit|Neosolar,4,1,16,0,Solar Kit Hybrid
,,,,kits,BRL,Neosolar,NEO-26928,,,,,1,Kit Gerador Energia Solar 1.86kWp - Microinversor Deye c/ Wifi SUN2250 - Painel DAH Solar com Base P/ Laje,,,0,1,1.86,1860,3352.9,,,draft,Solar Kit|Neosolar,0,1,5,0,Solar Kit Grid-Tie
,,,,kits,BRL,Neosolar,NEO-26921,,,,,1,Kit Gerador Energia Solar 1.24kWp - Microinversor Deye c/ Wifi SUN2250 - Painel DAH Solar com Base p/ Laje,,,0,1,1.24,1240,3020.61,,,draft,Solar Kit|Neosolar,0,1,4,0,Solar Kit Grid-Tie
,,,,kits,BRL,Neosolar,NEO-26942,,,,,1,Kit Gerador Energia Solar 0.62kWp - Microinversor Deye c/ Wifi SUN2250 - Painel DAH Solar com Base P/ Laje,,,0,1,0.62,620,2582.62,,,draft,Solar Kit|Neosolar,0,1,3,0,Solar Kit Grid-Tie
,,,,kits,BRL,Neosolar,NEO-27047,,,,,3,"Kit de Energia Solar On Grid 13,02KWP-OS 10,0KW LI Estrutura c/ Mini Trilho",,,620,21,2.0,13020,17603.97,,,draft,Solar Kit|Neosolar,0,3,21,0,Solar Kit Grid-Tie
,,,,kits,BRL,Neosolar,NEO-27045,,,,,3,"Kit de Energia Solar On Grid 13,02KWP-OS 10,0KW LI Estrutura p/ Laje",,,620,21,2.0,13020,19277.97,,,draft,Solar Kit|Neosolar,0,3,21,0,Solar Kit Grid-Tie
,,,,kits,BRL,Neosolar,NEO-27050,,,,,3,"Kit de Energia Solar On Grid 13,02KWP-OS 10,0KW LI Estrutura c/ Solo",,,620,21,2.0,13020,18719.97,,,draft,Solar Kit|Neosolar,0,3,21,0,Solar Kit Grid-Tie
,,,,kits,BRL,Neosolar,NEO-27054,,,,,2,"Kit de Energia Solar On Grid 12,4KWP-OS 10,0KW LI Estrutura c/ Mini Trilho",,,620,20,4.0,12400,16497.27,,,draft,Solar Kit|Neosolar,0,2,20,0,Solar Kit Grid-Tie
,,,,kits,BRL,Neosolar,NEO-27052,,,,,2,"Kit de Energia Solar On Grid 12,4KWP-OS 10,0KW LI Estrutura p/ Laje",,,620,20,4.0,12400,17892.27,,,draft,Solar Kit|Neosolar,0,2,20,0,Solar Kit Grid-Tie
,,,,kits,BRL,Neosolar,NEO-27059,,,,,3,"Kit de Energia Solar On Grid 9,3KWP-OS 7,5KW LI Estrutura p/ Laje",,,620,15,3.0,9300,14274.57,,,draft,Solar Kit|Neosolar,0,3,15,0,Solar Kit Grid-Tie
,,,,kits,BRL,Neosolar,NEO-27057,,,,,2,"Kit de Energia Solar On Grid 12,4KWP-OS 10,0KW LI Estrutura c/ Solo",,,620,20,4.0,12400,17427.27,,,draft,Solar Kit|Neosolar,0,2,20,0,Solar Kit Grid-Tie
,,,,kits,BRL,Neosolar,NEO-27064,,,,,3,"Kit de Energia Solar On Grid 9,3KWP-OS 7,5KW LI Estrutura c/ Solo",,,620,15,3.0,9300,13902.57,,,draft,Solar Kit|Neosolar,0,3,15,0,Solar Kit Grid-Tie
,,,,kits,BRL,Neosolar,NEO-27066,,,,,2,"Kit de Energia Solar On Grid 8,6KWP-OS 7,5KW LI Estrutura p/ Laje",,,620,14,6.0,8680,13493.37,,,draft,Solar Kit|Neosolar,0,2,14,0,Solar Kit Grid-Tie
,,,,kits,BRL,Neosolar,NEO-27076,,,,,2,"Kit de Energia Solar On Grid 7,44KWP-OS 6KW LI Estrutura Metálica",,,620,12,44.0,7440,10173.27,,,draft,Solar Kit|Neosolar,0,2,12,0,Solar Kit Grid-Tie
,,,,kits,BRL,Neosolar,NEO-27072,,,,,2,"Kit de Energia Solar On Grid 7,44KWP-OS 6KW LI Estrutura p/ Laje",,,620,12,44.0,7440,11010.27,,,draft,Solar Kit|Neosolar,0,2,12,0,Solar Kit Grid-Tie
,,,,kits,BRL,Neosolar,NEO-27071,,,,,2,"Kit de Energia Solar On Grid 8,6KWP-OS 7,5KW LI Estrutura p/ Solo",,,620,14,6.0,8680,13121.37,,,draft,Solar Kit|Neosolar,0,2,14,0,Solar Kit Grid-Tie
,,,,kits,BRL,Neosolar,NEO-27077,,,,,2,"Kit de Energia Solar On Grid 7,44KWP-OS 6KW LI Estrutura c/ Solo",,,620,12,44.0,7440,10731.27,,,draft,Solar Kit|Neosolar,0,2,12,0,Solar Kit Grid-Tie
,,,,kits,BRL,Neosolar,NEO-27133,,,,,1,"Kit de Energia Solar On Grid 3,72KWP-OS 5KW LI Estrutura p/ Solo",,,620,6,72.0,3720,6443.97,,,draft,Solar Kit|Neosolar,0,1,6,0,Solar Kit Grid-Tie
,,,,kits,BRL,Neosolar,NEO-27144,,,,,2,"Kit de Energia Solar On Grid 6,20KWP-OS 5KW LI Estrutura Metálica",,,620,10,20.0,6200,9996.57,,,draft,Solar Kit|Neosolar,0,2,10,0,Solar Kit Grid-Tie
,,,,kits,BRL,Neosolar,NEO-27145,,,,,2,"Kit de Energia Solar On Grid 6,20KWP-OS 5KW LI Estrutura p/ Solo",,,620,10,20.0,6200,10554.57,,,draft,Solar Kit|Neosolar,0,2,10,0,Solar Kit Grid-Tie
,,,,kits,BRL,Neosolar,NEO-27139,,,,,1,"Kit de Energia Solar On Grid 4,96KWP-OS 5KW LI Estrutura p/ Solo",,,620,8,96.0,4960,8220.27,,,draft,Solar Kit|Neosolar,0,1,8,0,Solar Kit Grid-Tie
,,,,kits,BRL,Neosolar,NEO-21607,,,,,1,"Kit Gerador Energia Solar 1,74 kWp - Microinversor Deye c/ Wifi SUN2000 - Painel OSDA Com Estrutura",,,0,74,74.0,1740,0,,,draft,Solar Kit|Neosolar,0,1,77,0,Solar Kit Grid-Tie
,,,,kits,BRL,Neosolar,NEO-21608,,,,,1,"Kit Gerador Energia Solar 1,74 kWp - Microinversor Deye c/ Wifi SUN2000 - Painel OSDA Com Estrtura",,,0,74,74.0,1740,0,,,draft,Solar Kit|Neosolar,0,1,77,0,Solar Kit Grid-Tie
,,,,kits,BRL,Neosolar,NEO-21611,,,,,1,"Kit Gerador Energia Solar 0,58 kWp - Microinversor Deye c/ Wifi SUN2000 - Painel OSDA (Metálica)",,,0,58,58.0,580,0,,,draft,Solar Kit|Neosolar,0,1,59,0,Solar Kit Grid-Tie
,,,,kits,BRL,Neosolar,NEO-21287,,,,,1,"Kit Gerador Energia Solar 1,72 kWp - Microinversor Deye c/ Wifi SUN2000 - Painel OSDA Com Estrtutura",,,0,72,72.0,1725,0,,,draft,Solar Kit|Neosolar,0,1,75,0,Solar Kit Grid-Tie
,,,,kits,BRL,Neosolar,NEO-21286,,,,,1,"Kit Gerador Energia Solar 1,78 kWp - Microinversor Deye c/ Wifi SUN2000 - Painel Luxen (Solo)",,,0,78,78.0,1785,0,,,draft,Solar Kit|Neosolar,0,1,81,0,Solar Kit Grid-Tie
,,,,kits,BRL,Neosolar,NEO-21267,,,,,1,"Kit Gerador Energia Solar 2,38 kWp - Microinversor Deye c/ Wifi SUN2000 - Painel Luxen (Solo)",,,0,38,38.0,2380,0,,,draft,Solar Kit|Neosolar,0,1,42,0,Solar Kit Grid-Tie
,,,,kits,BRL,Neosolar,NEO-21124,,,,,1,"Kit Gerador Energia Solar 2,30 kWp - Microinversor Deye c/ Wifi SUN2000 - Painel OSDA (Mini Trilho)",,,0,30,30.0,2300,0,,,draft,Solar Kit|Neosolar,0,1,34,0,Solar Kit Grid-Tie
,,,,kits,BRL,Neosolar,NEO-21609,,,,,1,"Kit Gerador Energia Solar 0,58 kWp - Microinversor Deye c/ Wifi SUN2000 - Painel OSDA (Cerâmica)",,,0,58,58.0,580,0,,,draft,Solar Kit|Neosolar,0,1,59,0,Solar Kit Grid-Tie
,,,,kits,BRL,Neosolar,NEO-21073,,,,,1,"Kit Gerador Energia Solar 1,72 kWp - Microinversor Deye c/ Wifi SUN2000 - Painel OSDA Com Estrtura",,,0,74,72.0,1740,0,,,draft,Solar Kit|Neosolar,0,1,77,0,Solar Kit Grid-Tie
,,,,kits,BRL,Neosolar,NEO-21070,,,,,1,"Kit Gerador Energia Solar 1,78 kWp - Microinversor Deye c/ Wifi SUN2000 - Painel Luxen (Metálica)",,,0,78,78.0,1785,0,,,draft,Solar Kit|Neosolar,0,1,81,0,Solar Kit Grid-Tie
,,,,kits,BRL,Neosolar,NEO-21068,,,,,1,"Kit Gerador Energia Solar 1,78 kWp - Microinversor Deye c/ Wifi SUN2000 - Painel Luxen (Cerâmica)",,,0,78,78.0,1785,0,,,draft,Solar Kit|Neosolar,0,1,81,0,Solar Kit Grid-Tie
,,,,kits,BRL,Neosolar,NEO-21071,,,,,1,"Kit Gerador Energia Solar 1,78 kWp - Microinversor Deye c/ Wifi SUN2000 - Painel Luxen (Laje)",,,0,78,78.0,1785,0,,,draft,Solar Kit|Neosolar,0,1,81,0,Solar Kit Grid-Tie
,,,,kits,BRL,Neosolar,NEO-21047,,,,,1,"Kit Gerador Energia Solar 2,30 kWp - Microinversor Deye c/ Wifi SUN2000 - Painel OSDA (Metálica)",,,0,30,30.0,2300,0,,,draft,Solar Kit|Neosolar,0,1,34,0,Solar Kit Grid-Tie
,,,,kits,BRL,Neosolar,NEO-21043,,,,,1,"Kit Gerador Energia Solar 2,38 kWp - Microinversor Deye c/ Wifi SUN2000 - Painel Luxen (Metálica)",,,0,38,38.0,2380,0,,,draft,Solar Kit|Neosolar,0,1,42,0,Solar Kit Grid-Tie
,,,,kits,BRL,Neosolar,NEO-20970,,,,,1,"Kit Gerador Energia Solar 1,19 kWp - Microinversor Deye c/ Wifi SUN2000 - Painel Luxen(sem estrutura",,,0,19,19.0,1190,0,,,draft,Solar Kit|Neosolar,0,1,21,0,Solar Kit Grid-Tie
,,,,kits,BRL,Neosolar,NEO-21072,,,,,1,"Kit Gerador Energia Solar 1,72 kWp - Microinversor Deye c/ Wifi SUN2000 - Painel OSDA Com Estrutura",,,0,74,72.0,1740,0,,,draft,Solar Kit|Neosolar,0,1,77,0,Solar Kit Grid-Tie
,,,,kits,BRL,Neosolar,NEO-22940,,,,,1,"Kit Gerador Energia Solar 1,66 kWp - Microinversor Deye c/ Wifi SUN2250 - Painel ReneSola- Madeira",,,0,66,66.0,1665,0,,,draft,Solar Kit|Neosolar,0,1,69,0,Solar Kit Grid-Tie
,,,,kits,BRL,Neosolar,NEO-22933,,,,,1,"Kit Gerador Energia Solar 1,11 kWp - Microinversor Deye c/ Wifi SUN2250 - Painel ReneSola | Estrutura para madeira",,,0,11,11.0,1110,0,,,draft,Solar Kit|Neosolar,0,1,13,0,Solar Kit Grid-Tie
,,,,kits,BRL,Neosolar,NEO-22941,,,,,1,"Kit Gerador Energia Solar 1,66 kWp - Microinversor Deye c/ Wifi SUN2250 - Painel ReneSola- Metal",,,0,66,66.0,1665,0,,,draft,Solar Kit|Neosolar,0,1,69,0,Solar Kit Grid-Tie
,,,,kits,BRL,Neosolar,NEO-22938,,,,,1,"Kit Gerador Energia Solar 1,66 kWp - Microinversor Deye c/ Wifi SUN2250 - Painel ReneSola- Cerâmica",,,0,66,66.0,1665,0,,,draft,Solar Kit|Neosolar,0,1,69,0,Solar Kit Grid-Tie
,,,,kits,BRL,Neosolar,NEO-22935,,,,,1,"Kit Gerador Energia Solar 1,11 kWp - Microinversor Deye c/ Wifi SUN2250 - Painel ReneSola | Base Para Laje",,,0,11,11.0,1110,0,,,draft,Solar Kit|Neosolar,0,1,13,0,Solar Kit Grid-Tie
,,,,kits,BRL,Neosolar,NEO-22992,,,,,1,"Kit Gerador Energia Solar 1,74 kWp - Microinversor Deye c/ Wifi SUN2250 - Painel OSDA- MiniTrilho",,,0,74,74.0,1740,0,,,draft,Solar Kit|Neosolar,0,1,77,0,Solar Kit Grid-Tie
,,,,kits,BRL,Neosolar,NEO-22925,,,,,1,"Kit Gerador Energia Solar 0,55 kWp - Microinversor Deye c/ Wifi SUN2250 - Painel ReneSola | Mini Trilho",,,0,55,55.0,555,0,,,draft,Solar Kit|Neosolar,0,1,56,0,Solar Kit Grid-Tie
,,,,kits,BRL,Neosolar,NEO-22989,,,,,1,"Kit Gerador Energia Solar 1,16 kWp - Microinversor Deye c/ Wifi SUN2250 - Painel OSDA- Solo",,,0,16,16.0,1160,0,,,draft,Solar Kit|Neosolar,0,1,18,0,Solar Kit Grid-Tie
,,,,kits,BRL,Neosolar,NEO-22990,,,,,1,"Kit Gerador Energia Solar 1,16 kWp - Microinversor Deye c/ Wifi SUN2250 - Painel OSDA",,,0,16,16.0,1160,0,,,draft,Solar Kit|Neosolar,0,1,18,0,Solar Kit Grid-Tie
,,,,kits,BRL,Neosolar,NEO-23101,,,,,1,"Kit Gerador Energia Solar 2,34 kWp - Microinversor Deye c/ Wifi SUN2250 - Painel OSDA | Para metalica",,,0,34,34.0,2340,0,,,draft,Solar Kit|Neosolar,0,1,38,0,Solar Kit Grid-Tie
,,,,kits,BRL,Neosolar,NEO-23099,,,,,1,"Kit Gerador Energia Solar 2,34 kWp - Microinversor Deye c/ Wifi SUN2250 - Painel OSDA | Mini trilho",,,0,34,34.0,2340,0,,,draft,Solar Kit|Neosolar,0,1,38,0,Solar Kit Grid-Tie
,,,,kits,BRL,Neosolar,NEO-22927,,,,,1,"Kit Gerador Energia Solar 0,55 kWp - Microinversor Deye c/ Wifi SUN2250 - Painel ReneSola | Estrtura de metal",,,0,55,55.0,555,0,,,draft,Solar Kit|Neosolar,0,1,56,0,Solar Kit Grid-Tie
,,,,kits,BRL,Neosolar,NEO-22936,,,,,1,"Kit Gerador Energia Solar 1,11 kWp - Microinversor Deye c/ Wifi SUN2250 - Painel ReneSola | Estrutura para Solo",,,0,11,11.0,1110,0,,,draft,Solar Kit|Neosolar,0,1,13,0,Solar Kit Grid-Tie
,,,,kits,BRL,Neosolar,NEO-22932,,,,,1,"Kit Gerador Energia Solar 1,11 kWp - Microinversor Deye c/ Wifi SUN2250 - Painel ReneSola | Mini Trilho",,,0,11,11.0,1110,0,,,draft,Solar Kit|Neosolar,0,1,13,0,Solar Kit Grid-Tie
,,,,kits,BRL,Neosolar,NEO-22867,,,,,1,"Kit Gerador Energia Solar 1,74 kWp - Microinversor Deye c/ Wifi SUN2250 - Painel OSDA - Cerâmica",,,0,74,74.0,1740,0,,,draft,Solar Kit|Neosolar,0,1,77,0,Solar Kit Grid-Tie
,,,,kits,BRL,Neosolar,NEO-22929,,,,,1,"Kit Gerador Energia Solar 0,55 kWp - Microinversor Deye c/ Wifi SUN2250 - Painel ReneSola | Solo e P.M8",,,0,55,55.0,555,0,,,draft,Solar Kit|Neosolar,0,1,56,0,Solar Kit Grid-Tie
,,,,kits,BRL,Neosolar,NEO-22930,,,,,1,"Kit Gerador Energia Solar 0,55 kWp - Microinversor Deye c/ Wifi SUN2250 - Painel ReneSola | Sem estrutura",,,0,55,55.0,555,0,,,draft,Solar Kit|Neosolar,0,1,56,0,Solar Kit Grid-Tie
,,,,kits,BRL,Neosolar,NEO-22439,,,,,1,"Kit Gerador Energia Solar 2,38 kWp - Microinversor Deye c/ Wifi SUN2000 - Painel Luxen (Mini Trilho)",,,0,38,38.0,2380,0,,,draft,Solar Kit|Neosolar,0,1,42,0,Solar Kit Grid-Tie
,,,,kits,BRL,Neosolar,NEO-22324,,,,,20,"Kit Gerador Energia Solar 2,20 kWp - Microinversor Deye c/ Wifi SUN2000 - Painel Sunova (Cerâmica)",,,,,20.0,0,0,,,draft,Solar Kit|Neosolar,0,20,0,0,Solar Kit Grid-Tie
,,,,kits,BRL,Neosolar,NEO-22308,,,,,1,"Kit Gerador Energia Solar 0,55 kWp - Microinversor Deye c/ Wifi SUN2000 - Painel Sunova",,,0,55,55.0,550,0,,,draft,Solar Kit|Neosolar,0,1,56,0,Solar Kit Grid-Tie
,,,,kits,BRL,Neosolar,NEO-22312,,,,,1,"Kit Gerador Energia Solar 1,10 kWp - Microinversor Deye c/ Wifi SUN2000 - Painel Sunova (Madeira)",,,0,10,10.0,1100,0,,,draft,Solar Kit|Neosolar,0,1,12,0,Solar Kit Grid-Tie
,,,,kits,BRL,Neosolar,NEO-22321,,,,,1,"Kit Gerador Energia Solar 1,65 kWp - Microinversor Deye c/ Wifi SUN2000 - Painel Sunova (Solo)",,,0,65,65.0,1650,0,,,draft,Solar Kit|Neosolar,0,1,68,0,Solar Kit Grid-Tie
,,,,kits,BRL,Neosolar,NEO-22217,,,,,1,"Kit Gerador Energia Solar 1,10 kWp - Microinversor Deye c/ Wifi SUN2000 - Painel Sunova (Madeira)",,,0,10,10.0,1100,0,,,draft,Solar Kit|Neosolar,0,1,12,0,Solar Kit Grid-Tie
,,,,kits,BRL,Neosolar,NEO-22183,,,,,1,"Kit Gerador Energia Solar 1,74 kWp - Microinversor Deye c/ Wifi SUN2000 - Painel Sunova (Madeira)",,,0,74,74.0,1740,0,,,draft,Solar Kit|Neosolar,0,1,77,0,Solar Kit Grid-Tie
,,,,kits,BRL,Neosolar,NEO-22185,,,,,1,"Kit Gerador Energia Solar 1,74 kWp - Microinversor Deye c/ Wifi SUN2000 - Painel Sunova (Solo)",,,0,74,74.0,1740,0,,,draft,Solar Kit|Neosolar,0,1,77,0,Solar Kit Grid-Tie
,,,,kits,BRL,Neosolar,NEO-22318,,,,,1,"Kit Gerador Energia Solar 1,65 kWp - Microinversor Deye c/ Wifi SUN2000 - Painel Sunova (Mini Trilho)",,,0,65,65.0,1650,0,,,draft,Solar Kit|Neosolar,0,1,68,0,Solar Kit Grid-Tie
,,,,kits,BRL,Neosolar,NEO-22300,,,,,1,"Kit Gerador Energia Solar 2,32 kWp - Microinversor Deye c/ Wifi SUN2000 - Painel Sunova (Solo)",,,0,32,32.0,2320,0,,,draft,Solar Kit|Neosolar,0,1,36,0,Solar Kit Grid-Tie
,,,,kits,BRL,Neosolar,NEO-22325,,,,,1,"Kit Gerador Energia Solar 2,20 kWp - Microinversor Deye c/ Wifi SUN2000 - Painel Sunova (Mini Trilho)",,,0,20,20.0,2200,0,,,draft,Solar Kit|Neosolar,0,1,24,0,Solar Kit Grid-Tie
,,,,kits,BRL,Neosolar,NEO-22310,,,,,1,"Kit Gerador Energia Solar 1,10 kWp - Microinversor Deye c/ Wifi SUN2000 - Painel Sunova (Cerâmica)",,,0,10,10.0,1100,0,,,draft,Solar Kit|Neosolar,0,1,12,0,Solar Kit Grid-Tie
,,,,kits,BRL,Neosolar,NEO-22319,,,,,1,"Kit Gerador Energia Solar 1,65 kWp - Microinversor Deye c/ Wifi SUN2000 - Painel Sunova (Madeira)",,,0,65,65.0,1650,0,,,draft,Solar Kit|Neosolar,0,1,68,0,Solar Kit Grid-Tie
,,,,kits,BRL,Neosolar,NEO-22314,,,,,1,"Kit Gerador Energia Solar 1,10 kWp - Microinversor Deye c/ Wifi SUN2000 - Painel Sunova (Solo)",,,0,10,10.0,1100,0,,,draft,Solar Kit|Neosolar,0,1,12,0,Solar Kit Grid-Tie
,,,,kits,BRL,Neosolar,NEO-22323,,,,,1,"Kit Gerador Energia Solar 2,20 kWp - Microinversor Deye c/ Wifi SUN2000 - Painel Sunova (Laje)",,,0,20,20.0,2200,0,,,draft,Solar Kit|Neosolar,0,1,24,0,Solar Kit Grid-Tie
,,,,kits,BRL,Neosolar,NEO-22315,,,,,1,"Kit Gerador Energia Solar 1,10 kWp - Microinversor Deye c/ Wifi SUN2000 - Painel Sunova",,,0,10,10.0,1100,0,,,draft,Solar Kit|Neosolar,0,1,12,0,Solar Kit Grid-Tie
,,,,kits,BRL,Neosolar,NEO-22460,,,,,1,"Kit Gerador Energia Solar 0,59 kWp - Microinversor Deye c/ Wifi SUN2000 - Painel Luxen (Mini Trilho)",,,0,595,59.0,595,0,,,draft,Solar Kit|Neosolar,0,1,596,0,Solar Kit Grid-Tie
,,,,kits,BRL,Neosolar,NEO-22304,,,,,55,"Kit Gerador Energia Solar 0,55 kWp - Microinversor Deye c/ Wifi SUN2000 - Painel Sunova (Mini Trilho)",,,,,55.0,0,0,,,draft,Solar Kit|Neosolar,0,55,0,0,Solar Kit Grid-Tie
,,,,kits,BRL,Neosolar,NEO-22286,,,,,1,"Kit Gerador Energia Solar 1,16 kWp - Microinversor Deye c/ Wifi SUN2000 - Painel Sunova (Solo)",,,0,16,16.0,1160,0,,,draft,Solar Kit|Neosolar,0,1,18,0,Solar Kit Grid-Tie
,,,,kits,BRL,Neosolar,NEO-22279,,,,,1,"Kit Gerador Energia Solar 0,58 kWp - Microinversor Deye c/ Wifi SUN2000 - Painel Sunova (Solo)",,,0,58,58.0,580,0,,,draft,Solar Kit|Neosolar,0,1,59,0,Solar Kit Grid-Tie
,,,,kits,BRL,Neosolar,NEO-22281,,,,,1,"Kit Gerador Energia Solar 1,16 kWp - Microinversor Deye c/ Wifi SUN2000 - Painel Sunova (Laje)",,,0,16,16.0,1160,0,,,draft,Solar Kit|Neosolar,0,1,18,0,Solar Kit Grid-Tie
,,,,kits,BRL,Neosolar,NEO-22288,,,,,1,"Kit Gerador Energia Solar 1,74 kWp - Microinversor Deye c/ Wifi SUN2000 - Painel Sunova (Laje)",,,0,74,74.0,1740,0,,,draft,Solar Kit|Neosolar,0,1,77,0,Solar Kit Grid-Tie
,,,,kits,BRL,Neosolar,NEO-22214,,,,,1,"Kit Gerador Energia Solar 1,10 kWp - Microinversor Deye c/ Wifi SUN2000 - Painel Sunova (Laje)",,,0,10,10.0,1100,0,,,draft,Solar Kit|Neosolar,0,1,12,0,Solar Kit Grid-Tie
,,,,kits,BRL,Neosolar,NEO-22124,,,,,,"Kit Gerador Energia Solar 1,66kWp - Microinversor Deye c/ Wifi SUN2000 C/ Parafuso (Metal)",,,555,3,66.0,1665,0,,,draft,Solar Kit|Neosolar,0,0,3,0,Solar Kit Grid-Tie
,,,,kits,BRL,Neosolar,NEO-22221,,,,,1,"Kit Gerador Energia Solar 1,65 kWp - Microinversor Deye c/ Wifi SUN2000 - Painel Sunova (Laje)",,,0,65,65.0,1650,0,,,draft,Solar Kit|Neosolar,0,1,68,0,Solar Kit Grid-Tie
,,,,kits,BRL,Neosolar,NEO-22416,,,,,1,"Kit Gerador Energia Solar 1,16 kWp - Microinversor Deye c/ Wifi SUN2000 - Painel OSDA (Metálica)",,,0,16,16.0,1160,0,,,draft,Solar Kit|Neosolar,0,1,18,0,Solar Kit Grid-Tie
,,,,kits,BRL,Neosolar,NEO-22283,,,,,1,"Kit Gerador Energia Solar 1,16 kWp - Microinversor Deye c/ Wifi SUN2000 - Painel Sunova (Mini trilho)",,,0,16,16.0,1160,0,,,draft,Solar Kit|Neosolar,0,1,18,0,Solar Kit Grid-Tie
,,,,kits,BRL,Neosolar,NEO-22277,,,,,1,"Kit Gerador Energia Solar 0,58 kWp - Microinversor Deye c/ Wifi SUN2000 - Painel Sunova (Madeira)",,,0,58,58.0,580,0,,,draft,Solar Kit|Neosolar,0,1,59,0,Solar Kit Grid-Tie
,,,,kits,BRL,Neosolar,NEO-22274,,,,,1,"Kit Gerador Energia Solar 0,58 kWp - Microinversor Deye c/ Wifi SUN2000 - Painel Sunova (Laje)",,,0,58,58.0,580,0,,,draft,Solar Kit|Neosolar,0,1,59,0,Solar Kit Grid-Tie
,,,,kits,BRL,Neosolar,NEO-22219,,,,,1,"Kit Gerador Energia Solar 1,10 kWp - Microinversor Deye c/ Wifi SUN2000 - Painel Sunova (Solo)",,,0,10,10.0,1100,0,,,draft,Solar Kit|Neosolar,0,1,12,0,Solar Kit Grid-Tie
,,,,kits,BRL,Neosolar,NEO-22210,,,,,1,"Kit Gerador Energia Solar 0,55 kWp - Microinversor Deye c/ Wifi SUN2000 - Painel Sunova (Madeira)",,,0,55,55.0,550,0,,,draft,Solar Kit|Neosolar,0,1,56,0,Solar Kit Grid-Tie
,,,,kits,BRL,Neosolar,NEO-22516,,,,,1,"Kit Gerador Energia Solar 2,22 kWp - Microinversor Deye c/ Wifi SUN2000 - Painel ReneSola (Para Solo)",,,0,22,22.0,2220,0,,,draft,Solar Kit|Neosolar,0,1,26,0,Solar Kit Grid-Tie
,,,,kits,BRL,Neosolar,NEO-22506,,,,,1,"Kit Gerador Energia Solar 1,66 kWp - Microinversor Deye c/ Wifi SUN2000 - Painel ReneSola (Mini Trilho)",,,0,66,66.0,1665,0,,,draft,Solar Kit|Neosolar,0,1,69,0,Solar Kit Grid-Tie
,,,,kits,BRL,Neosolar,NEO-22192,,,,,1,"Kit Gerador Energia Solar 2,32 kWp - Microinversor Deye c/ Wifi SUN2000 - Painel Sunova (Solo)",,,0,32,32.0,2320,0,,,draft,Solar Kit|Neosolar,0,1,36,0,Solar Kit Grid-Tie
,,,,kits,BRL,Neosolar,NEO-21923,,,,,1,"Kit Gerador Energia Solar 1,16 kWp - Microinversor Deye c/ Wifi SUN2000 - Painel OSDA Com Estrutura",,,0,16,16.0,1160,0,,,draft,Solar Kit|Neosolar,0,1,18,0,Solar Kit Grid-Tie
,,,,kits,BRL,Neosolar,NEO-22421,,,,,1,"Kit Gerador Energia Solar 1,74 kWp - Microinversor Deye c/ Wifi SUN2000 - Painel OSDA (Mini Trilho)",,,0,74,74.0,1740,0,,,draft,Solar Kit|Neosolar,0,1,77,0,Solar Kit Grid-Tie
,,,,kits,BRL,Neosolar,NEO-22347,,,,,1,"Kit Gerador Energia Solar 1,78 kWp - Microinversor Deye c/ Wifi SUN2000 - Painel Luxen - Estrutura Metálica",,,0,78,78.0,1785,0,,,draft,Solar Kit|Neosolar,0,1,81,0,Solar Kit Grid-Tie
,,,,kits,BRL,Neosolar,NEO-21235,,,,,1,"Kit Gerador Energia Solar 2,32 kWp - Microinversor Deye c/ Wifi SUN2000 - Painel OSDA (cerâmica)",,,0,32,32.0,2320,0,,,draft,Solar Kit|Neosolar,0,1,36,0,Solar Kit Grid-Tie
,,,,kits,BRL,Neosolar,NEO-21260,,,,,1,"Kit Gerador Energia Solar 0,58 kWp - Microinversor Deye c/ Wifi SUN2000 - Painel OSDA (Mini Trilho)",,,0,58,58.0,580,0,,,draft,Solar Kit|Neosolar,0,1,59,0,Solar Kit Grid-Tie
,,,,kits,BRL,Neosolar,NEO-22341,,,,,1,"Kit Gerador Energia Solar 1,19 kWp - Microinversor Deye c/ Wifi SUN2000 - Painel Luxen - Estrutura Para Laje",,,0,19,19.0,1190,0,,,draft,Solar Kit|Neosolar,0,1,21,0,Solar Kit Grid-Tie
,,,,kits,BRL,Neosolar,NEO-22345,,,,,1,"Kit Gerador Energia Solar 1,78 kWp - Microinversor Deye c/ Wifi SUN2000 - Painel Luxen - Estrutura Cerâmica",,,0,78,78.0,1785,0,,,draft,Solar Kit|Neosolar,0,1,81,0,Solar Kit Grid-Tie
,,,,kits,BRL,Neosolar,NEO-22343,,,,,1,"Kit Gerador Energia Solar 1,19 kWp - Microinversor Deye c/ Wifi SUN2000 - Painel Luxen - Estrutura Mini Trilho",,,0,19,19.0,1190,0,,,draft,Solar Kit|Neosolar,0,1,21,0,Solar Kit Grid-Tie
,,,,kits,BRL,Neosolar,NEO-21724,,,,,1,"Kit Gerador Energia Solar 2,32 kWp - Microinversor Deye c/ Wifi SUN2000 - Painel OSDA (Metálica)",,,0,32,32.0,2320,0,,,draft,Solar Kit|Neosolar,0,1,36,0,Solar Kit Grid-Tie
,,,,kits,BRL,Neosolar,NEO-21723,,,,,1,"Kit Gerador Energia Solar 2,32 kWp - Microinversor Deye c/ Wifi SUN2000 - Painel OSDA (Madeira)",,,0,32,32.0,2320,0,,,draft,Solar Kit|Neosolar,0,1,36,0,Solar Kit Grid-Tie
,,,,kits,BRL,Neosolar,NEO-21283,,,,,1,"Kit Gerador Energia Solar 1,19 kWp - Microinversor Deye c/ Wifi SUN2000 - Painel Luxen Com Estrutura",,,0,19,19.0,1190,0,,,draft,Solar Kit|Neosolar,0,1,21,0,Solar Kit Grid-Tie
,,,,kits,BRL,Neosolar,NEO-21126,,,,,1,"Kit Gerador Energia Solar 1,19 kWp - Microinversor Deye c/ Wifi SUN2000 - Painel Luxen Com Estrtura",,,0,19,19.0,1190,0,,,draft,Solar Kit|Neosolar,0,1,21,0,Solar Kit Grid-Tie
,,,,kits,BRL,Neosolar,NEO-21127,,,,,1,"Kit Gerador Energia Solar 1,15 kWp - Microinversor Deye c/ Wifi SUN2000 - Painel OSDA (Mini Trilho)",,,0,15,15.0,1150,0,,,draft,Solar Kit|Neosolar,0,1,17,0,Solar Kit Grid-Tie
,,,,kits,BRL,Neosolar,NEO-21398,,,,,1,"Kit Gerador Energia Solar 0,57 kWp - Microinversor Deye c/ Wifi SUN2000 - Painel OSDA (Madeira)",,,0,57,57.0,575,0,,,draft,Solar Kit|Neosolar,0,1,58,0,Solar Kit Grid-Tie
,,,,kits,BRL,Neosolar,NEO-21117,,,,,1,"Kit Gerador Energia Solar 0,59 kWp - Microinversor Deye c/ Wifi SUN2000 - Painel Luxen (sem estrutur",,,0,595,59.0,595,0,,,draft,Solar Kit|Neosolar,0,1,596,0,Solar Kit Grid-Tie
,,,,kits,BRL,Neosolar,NEO-24690,,,,,1,"Kit Gerador Energia Solar  2,44kWp - Microinversor Deye c/ Wifi SUN2250 - Painel Sunova | P/ Madeira",,,0,1,44.0,2440,0,,,draft,Solar Kit|Neosolar,0,1,5,0,Solar Kit Grid-Tie
,,,,kits,BRL,Neosolar,NEO-24693,,,,,1,"Kit Gerador Energia Solar  1,22kWp - Microinversor Deye c/ Wifi SUN2250 - Painel Sunova | S/ Estrutura",,,0,1,22.0,1220,0,,,draft,Solar Kit|Neosolar,0,1,3,0,Solar Kit Grid-Tie
,,,,kits,BRL,Neosolar,NEO-24694,,,,,1,"Kit Gerador Energia Solar  1,83kWp - Microinversor Deye c/ Wifi SUN2250 - Painel Sunova | S/ Estrutura",,,0,1,83.0,1830,0,,,draft,Solar Kit|Neosolar,0,1,4,0,Solar Kit Grid-Tie
,,,,kits,BRL,Neosolar,NEO-21119,,,,,1,"Kit Gerador Energia Solar 0,59 kWp - Microinversor Deye c/ Wifi SUN2000 - Painel Luxen (Madeira)",,,0,595,59.0,595,0,,,draft,Solar Kit|Neosolar,0,1,596,0,Solar Kit Grid-Tie
,,,,kits,BRL,Neosolar,NEO-21259,,,,,1,"Kit Gerador Energia Solar 0,58 kWp - Microinversor Deye c/ Wifi SUN2000 - Painel OSDA (Laje)",,,0,58,58.0,580,0,,,draft,Solar Kit|Neosolar,0,1,59,0,Solar Kit Grid-Tie
,,,,kits,BRL,Neosolar,NEO-21511,,,,,1,"Kit Gerador Energia Solar 0,58 kWp - Microinversor Deye c/ Wifi SUN2000 - Painel OSDA (Solo)",,,0,58,58.0,580,0,,,draft,Solar Kit|Neosolar,0,1,59,0,Solar Kit Grid-Tie
,,,,kits,BRL,Neosolar,NEO-21740,,,,,1,"Kit Gerador Energia Solar 1,74 kWp - Microinversor Deye c/ Wifi SUN2000 - Painel OSDA Com Estrtura",,,0,74,74.0,1740,0,,,draft,Solar Kit|Neosolar,0,1,77,0,Solar Kit Grid-Tie
,,,,kits,BRL,Neosolar,NEO-21797,,,,,1,"Kit Gerador Energia Solar 1,16 kWp - Microinversor Deye c/ Wifi SUN2000 - Painel OSDA (Mini Trilho)",,,0,16,16.0,1160,0,,,draft,Solar Kit|Neosolar,0,1,18,0,Solar Kit Grid-Tie
,,,,kits,BRL,Neosolar,NEO-21800,,,,,1,"Kit Gerador Energia Solar 1,16 kWp - Microinversor Deye c/ Wifi SUN2000 - Painel OSDA (Solo)",,,0,16,16.0,1160,0,,,draft,Solar Kit|Neosolar,0,1,18,0,Solar Kit Grid-Tie
,,4,48,kits,BRL,Neosolar,NEO-24924,,,,,1,"Kit Energia Solar On Grid Híbrido - 6,1kWp 4,8kWh Lítio 48V (24924)",,,610,10,1.0,6100,0,,,draft,Solar Kit|Neosolar,4,1,10,0,Solar Kit Hybrid
,,4,48,kits,BRL,Neosolar,NEO-24923,,,,,1,"Kit Energia Solar On Grid Híbrido - 6,1kWp 4,8kWh Lítio 48V (24923)",,,610,10,1.0,6100,0,,,draft,Solar Kit|Neosolar,4,1,10,0,Solar Kit Hybrid
,,3,48,kits,BRL,Neosolar,NEO-24908,,,,,1,"Kit Energia Solar On Grid Híbrido - 9,76kWp 4,8kWh Lítio 48V (24908)",,,610,16,76.0,9760,0,,,draft,Solar Kit|Neosolar,3,1,16,0,Solar Kit Hybrid
,,4,48,kits,BRL,Neosolar,NEO-24909,,,,,1,"Kit Energia Solar On Grid Híbrido - 9,76kWp 4,8kWh Lítio 48V (24909)",,,610,16,76.0,9760,0,,,draft,Solar Kit|Neosolar,4,1,16,0,Solar Kit Hybrid
,,3,48,kits,BRL,Neosolar,NEO-24931,,,,,1,"Kit Energia Solar On Grid Híbrido - 9,76kWp 4,8kWh Lítio 48V (24931)",,,610,16,76.0,9760,0,,,draft,Solar Kit|Neosolar,3,1,16,0,Solar Kit Hybrid
,,1,48,kits,BRL,Neosolar,NEO-24942,,,,,1,"Kit Energia Solar On Grid Híbrido - 14,64kWp 4,8kWh Lítio 48V (24942)",,,610,24,64.0,14640,0,,,draft,Solar Kit|Neosolar,1,1,24,0,Solar Kit Hybrid
,,2,48,kits,BRL,Neosolar,NEO-24919,,,,,1,"Kit Energia Solar On Grid Híbrido - 6,1kWp 4,8kWh Lítio 48V (24919)",,,610,10,1.0,6100,0,,,draft,Solar Kit|Neosolar,2,1,10,0,Solar Kit Hybrid
,,,,kits,BRL,Neosolar,NEO-25069,,,,,3,"Kit de Energia Solar On Grid - 12,81kWp (P/ Cerâmica)",,,610,21,81.0,12810,0,,,draft,Solar Kit|Neosolar,0,3,21,0,Solar Kit Grid-Tie
,,,,kits,BRL,Neosolar,NEO-25093,,,,,3,"Kit de Energia Solar On Grid - 12,81kWp (P/ Mini Trilho)",,,610,21,81.0,12810,0,,,draft,Solar Kit|Neosolar,0,3,21,0,Solar Kit Grid-Tie
,,,,kits,BRL,Neosolar,NEO-25077,,,,,3,"Kit de Energia Solar On Grid - 12,81kWp (P/ Madeira)",,,610,21,81.0,12810,0,,,draft,Solar Kit|Neosolar,0,3,21,0,Solar Kit Grid-Tie
,,,,kits,BRL,Neosolar,NEO-25092,,,,,3,"Kit de Energia Solar On Grid - 12,20kWp (P/ Mini trilho)",,,610,20,20.0,12200,0,,,draft,Solar Kit|Neosolar,0,3,20,0,Solar Kit Grid-Tie
,,,,kits,BRL,Neosolar,NEO-25075,,,,,3,"Kit de Energia Solar On Grid - 9,15kWp (P/ Madeira)",,,610,15,15.0,9150,0,,,draft,Solar Kit|Neosolar,0,3,15,0,Solar Kit Grid-Tie
,,,,kits,BRL,Neosolar,NEO-25072,,,,,2,"Kit de Energia Solar On Grid - 6,10kWp (P/ Madeira)",,,610,10,10.0,6100,0,,,draft,Solar Kit|Neosolar,0,2,10,0,Solar Kit Grid-Tie
,,,,kits,BRL,Neosolar,NEO-25064,,,,,2,"Kit de Energia Solar On Grid - 6,10kWp (P/ Cerâmica)",,,610,10,10.0,6100,0,,,draft,Solar Kit|Neosolar,0,2,10,0,Solar Kit Grid-Tie
,,,,kits,BRL,Neosolar,NEO-24977,,,,,2,"Kit de Energia Solar On Grid - 6,10kWp (P/ Cerâmica)",,,610,10,10.0,6100,0,,,draft,Solar Kit|Neosolar,0,2,10,0,Solar Kit Grid-Tie
,,,,kits,BRL,Neosolar,NEO-22888,,,,,1,"Kit Gerador Energia Solar 2,32 kWp - Microinversor Deye c/ Wifi SUN2250 - Painel OSDA- Solo",,,0,32,32.0,2320,0,,,draft,Solar Kit|Neosolar,0,1,36,0,Solar Kit Grid-Tie
,,,,kits,BRL,Neosolar,NEO-22886,,,,,1,"Kit Gerador Energia Solar 1,74 kWp - Microinversor Deye c/ Wifi SUN2250 - Painel OSDA",,,0,74,74.0,1740,0,,,draft,Solar Kit|Neosolar,0,1,77,0,Solar Kit Grid-Tie
,,,,kits,BRL,Neosolar,NEO-21120,,,,,1,"Kit Gerador Energia Solar 0,59 kWp - Microinversor Deye c/ Wifi SUN2000 - Painel Luxen (Metálica)",,,0,595,59.0,595,0,,,draft,Solar Kit|Neosolar,0,1,596,0,Solar Kit Grid-Tie
,,,,kits,BRL,Neosolar,NEO-21573,,,,,1,"Kit Gerador Energia Solar 1,72 kWp - Microinversor Deye c/ Wifi SUN2000 - Painel OSDA Com Estrutura",,,0,72,72.0,1725,0,,,draft,Solar Kit|Neosolar,0,1,75,0,Solar Kit Grid-Tie
,,,,kits,BRL,Neosolar,NEO-21510,,,,,1,"Kit Gerador Energia Solar 0,58 kWp - Microinversor Deye c/ Wifi SUN2000 - Painel OSDA (Mini Trilho)",,,0,58,58.0,580,0,,,draft,Solar Kit|Neosolar,0,1,59,0,Solar Kit Grid-Tie
,,,,kits,BRL,Neosolar,NEO-21401,,,,,1,"Kit Gerador Energia Solar 0,57 kWp - Microinversor Deye c/ Wifi SUN2000 - Painel OSDA (Cerâmica)",,,0,57,57.0,575,0,,,draft,Solar Kit|Neosolar,0,1,58,0,Solar Kit Grid-Tie
,,,,kits,BRL,Neosolar,NEO-21603,,,,,1,"Kit Gerador Energia Solar 1,16 kWp - Microinversor Deye c/ Wifi SUN2000 - Painel OSDA Com Estrutura",,,0,16,16.0,1160,0,,,draft,Solar Kit|Neosolar,0,1,18,0,Solar Kit Grid-Tie
,,,,kits,BRL,Neosolar,NEO-23098,,,,,1,"Kit Gerador Energia Solar 2,34 kWp - Microinversor Deye c/ Wifi SUN2250 - Painel OSDA | Estrutura para Telha Cerâmica",,,0,34,34.0,2340,0,,,draft,Solar Kit|Neosolar,0,1,38,0,Solar Kit Grid-Tie
,,,,kits,BRL,Neosolar,NEO-23004,,,,,1,"Kit Gerador Energia Solar 2,32 kWp - Microinversor Deye c/ Wifi SUN2250 - Painel OSDA- Metálica",,,0,32,32.0,2320,0,,,draft,Solar Kit|Neosolar,0,1,36,0,Solar Kit Grid-Tie
,,,,kits,BRL,Neosolar,NEO-22998,,,,,1,"Kit Gerador Energia Solar 2,32 kWp - Microinversor Deye c/ Wifi SUN2250 - Painel OSDA- Cerâmica",,,0,32,32.0,2320,0,,,draft,Solar Kit|Neosolar,0,1,36,0,Solar Kit Grid-Tie
,,,,kits,BRL,Neosolar,NEO-22982,,,,,1,"Kit Gerador Energia Solar 0,58 kWp - Microinversor Deye c/ Wifi SUN2250 - Painel OSDA- Solo",,,0,58,58.0,580,0,,,draft,Solar Kit|Neosolar,0,1,59,0,Solar Kit Grid-Tie
,,,,kits,BRL,Neosolar,NEO-20926,,,,,1,"Kit Gerador Energia Solar 2,38 kWp - Microinversor Deye c/ Wifi SUN2000 - Painel Luxen - Sem estrutura",,,0,38,38.0,2380,0,,,draft,Solar Kit|Neosolar,0,1,42,0,Solar Kit Grid-Tie
,,,,kits,BRL,Neosolar,NEO-20975,,,,,1,"Kit Gerador Energia Solar 1,78 kWp - Microinversor Deye c/ Wifi SUN2000 - Painel Luxen (sem estrutur",,,0,78,78.0,1785,0,,,draft,Solar Kit|Neosolar,0,1,81,0,Solar Kit Grid-Tie
,,,,kits,BRL,Neosolar,NEO-20832,,,,,1,"Kit Gerador Energia Solar 1,15 kWp - Microinversor Deye c/ Wifi SUN2000 - Painel OSDA (Sem estrutura",,,0,15,15.0,1150,0,,,draft,Solar Kit|Neosolar,0,1,17,0,Solar Kit Grid-Tie
,,,,kits,BRL,Neosolar,NEO-20826,,,,,1,"Kit Gerador Energia Solar 2,30 kWp - Microinversor Deye c/ Wifi SUN2000 - Painel OSDA (Sem Estrutura",,,0,30,30.0,2300,0,,,draft,Solar Kit|Neosolar,0,1,34,0,Solar Kit Grid-Tie
,,,,kits,BRL,Neosolar,NEO-20838,,,,,1,"Kit Gerador Energia Solar 1,72 kWp - Microinversor Deye c/ Wifi SUN2000 - Painel OSDA Sem Estrutura",,,0,72,72.0,1725,0,,,draft,Solar Kit|Neosolar,0,1,75,0,Solar Kit Grid-Tie
,,,,kits,BRL,Neosolar,NEO-23087,,,,,1,"Kit Gerador Energia Solar 1,17 kWp - Microinversor Deye c/ Wifi SUN2250 - Painel OSDA- Metal",,,0,17,17.0,1170,0,,,draft,Solar Kit|Neosolar,0,1,19,0,Solar Kit Grid-Tie
,,,,kits,BRL,Neosolar,NEO-23003,,,,,1,"Kit Gerador Energia Solar 2,32 kWp - Microinversor Deye c/ Wifi SUN2250 - Painel OSDA- Madeira",,,0,32,32.0,2320,0,,,draft,Solar Kit|Neosolar,0,1,36,0,Solar Kit Grid-Tie
,,,,kits,BRL,Neosolar,NEO-23005,,,,,1,"Kit Gerador Energia Solar 2,32 kWp - Microinversor Deye c/ Wifi SUN2250 - Painel OSDA- Laje",,,0,32,32.0,2320,0,,,draft,Solar Kit|Neosolar,0,1,36,0,Solar Kit Grid-Tie
,,,,kits,BRL,Neosolar,NEO-22981,,,,,1,"Kit Gerador Energia Solar 0,58 kWp - Microinversor Deye c/ Wifi SUN2250 - Painel OSDA- Laje",,,0,58,58.0,580,0,,,draft,Solar Kit|Neosolar,0,1,59,0,Solar Kit Grid-Tie
,,,,kits,BRL,Neosolar,NEO-22996,,,,,1,"Kit Gerador Energia Solar 1,74 kWp - Microinversor Deye c/ Wifi SUN2250 - Painel OSDA- Solo",,,0,74,74.0,1740,0,,,draft,Solar Kit|Neosolar,0,1,77,0,Solar Kit Grid-Tie
,,,,kits,BRL,Neosolar,NEO-22986,,,,,1,"Kit Gerador Energia Solar 1,16 kWp - Microinversor Deye c/ Wifi SUN2250 - Painel OSDA- Madeira",,,0,16,16.0,1160,0,,,draft,Solar Kit|Neosolar,0,1,18,0,Solar Kit Grid-Tie
,,,,kits,BRL,Neosolar,NEO-23007,,,,,1,"Kit Gerador Energia Solar 2,32 kWp - Microinversor Deye c/ Wifi SUN2250 - Painel OSDA",,,0,32,32.0,2320,0,,,draft,Solar Kit|Neosolar,0,1,36,0,Solar Kit Grid-Tie
,,,,kits,BRL,Neosolar,NEO-23103,,,,,1,"Kit Gerador Energia Solar 2,34 kWp - Microinversor Deye c/ Wifi SUN2250 - Painel OSDA | Estrutira para solo",,,0,34,34.0,2340,0,,,draft,Solar Kit|Neosolar,0,1,38,0,Solar Kit Grid-Tie
,,,,kits,BRL,Neosolar,NEO-23102,,,,,1,"Kit Gerador Energia Solar 2,34 kWp - Microinversor Deye c/ Wifi SUN2250 - Painel OSDA | estrutura para laje",,,0,34,34.0,2340,0,,,draft,Solar Kit|Neosolar,0,1,38,0,Solar Kit Grid-Tie
,,,,kits,BRL,Neosolar,NEO-23091,,,,,1,"Kit Gerador Energia Solar 1,75 kWp - Microinversor Deye c/ Wifi SUN2250 - Painel OSDA",,,0,75,75.0,1755,0,,,draft,Solar Kit|Neosolar,0,1,78,0,Solar Kit Grid-Tie
,,,,kits,BRL,Neosolar,NEO-23086,,,,,1,"Kit Gerador Energia Solar 1,17 kWp - Microinversor Deye c/ Wifi SUN2250 - Painel OSDA- Madeira",,,0,17,17.0,1170,0,,,draft,Solar Kit|Neosolar,0,1,19,0,Solar Kit Grid-Tie
,,,,kits,BRL,Neosolar,NEO-23079,,,,,1,"Kit Gerador Energia Solar 0,58 kWp - Microinversor Deye c/ Wifi SUN2250 - Painel OSDA - Madeira",,,0,58,58.0,585,0,,,draft,Solar Kit|Neosolar,0,1,59,0,Solar Kit Grid-Tie
,,,,kits,BRL,Neosolar,NEO-23081,,,,,1,"Kit Gerador Energia Solar 0,58 kWp - Microinversor Deye c/ Wifi SUN2250 - Painel OSDA - Laje",,,0,58,58.0,585,0,,,draft,Solar Kit|Neosolar,0,1,59,0,Solar Kit Grid-Tie
,,,,kits,BRL,Neosolar,NEO-23083,,,,,1,"Kit Gerador Energia Solar 0,58 kWp - Microinversor Deye c/ Wifi SUN2250 - Painel OSDA",,,0,58,58.0,585,0,,,draft,Solar Kit|Neosolar,0,1,59,0,Solar Kit Grid-Tie
,,,,kits,BRL,Neosolar,NEO-22357,,,,,1,"Kit Gerador Energia Solar 0,59 kWp - Microinversor Deye c/ Wifi SUN2000 - Painel Luxen - Estrutura Mini Trilho",,,0,595,59.0,595,0,,,draft,Solar Kit|Neosolar,0,1,596,0,Solar Kit Grid-Tie
,,,,kits,BRL,Neosolar,NEO-22223,,,,,1,"Kit Gerador Energia Solar 1,65 kWp - Microinversor Deye c/ Wifi SUN2000 - Painel Sunova (Mini Trilho)",,,0,65,65.0,1650,0,,,draft,Solar Kit|Neosolar,0,1,68,0,Solar Kit Grid-Tie
,,,,kits,BRL,Neosolar,NEO-22215,,,,,1,"Kit Gerador Energia Solar 1,10 kWp - Microinversor Deye c/ Wifi SUN2000 - Painel Sunova (Cerâmica)",,,0,10,10.0,1100,0,,,draft,Solar Kit|Neosolar,0,1,12,0,Solar Kit Grid-Tie
,,,,kits,BRL,Neosolar,NEO-22175,,,,,1,"Kit Gerador Energia Solar 1,16 kWp - Microinversor Deye c/ Wifi SUN2000 - Painel Sunova (Mini Trilho)",,,0,16,16.0,1160,0,,,draft,Solar Kit|Neosolar,0,1,18,0,Solar Kit Grid-Tie
,,,,kits,BRL,Neosolar,NEO-22173,,,,,1,"Kit Gerador Energia Solar 1,16 kWp - Microinversor Deye c/ Wifi SUN2000 - Painel Sunova (Para Laje)",,,0,16,16.0,1160,0,,,draft,Solar Kit|Neosolar,0,1,18,0,Solar Kit Grid-Tie
,,,,kits,BRL,Neosolar,NEO-22177,,,,,1,"Kit Gerador Energia Solar 1,16 kWp - Microinversor Deye c/ Wifi SUN2000 - Painel Sunova (Metálica)",,,0,16,16.0,1160,0,,,draft,Solar Kit|Neosolar,0,1,18,0,Solar Kit Grid-Tie
,,,,kits,BRL,Neosolar,NEO-22181,,,,,1,"Kit Gerador Energia Solar 1,74 kWp - Microinversor Deye c/ Wifi SUN2000 - Painel Sunova (Cerâmica)",,,0,74,74.0,1740,0,,,draft,Solar Kit|Neosolar,0,1,77,0,Solar Kit Grid-Tie
,,,,kits,BRL,Neosolar,NEO-22179,,,,,1,"Kit Gerador Energia Solar 1,16 kWp - Microinversor Deye c/ Wifi SUN2000 - Painel Sunova (Sem Estrutura)",,,0,16,16.0,1160,0,,,draft,Solar Kit|Neosolar,0,1,18,0,Solar Kit Grid-Tie
,,,,kits,BRL,Neosolar,NEO-22220,,,,,1,"Kit Gerador Energia Solar 1,10 kWp - Microinversor Deye c/ Wifi SUN2000 - Painel Sunova (Sem Estrutura)",,,0,10,10.0,1100,0,,,draft,Solar Kit|Neosolar,0,1,12,0,Solar Kit Grid-Tie
,,,,kits,BRL,Neosolar,NEO-22171,,,,,1,"Kit Gerador Energia Solar 0,58 kWp - Microinversor Deye c/ Wifi SUN2000 - Painel Sunova (Solo)",,,0,58,58.0,580,0,,,draft,Solar Kit|Neosolar,0,1,59,0,Solar Kit Grid-Tie
,,,,kits,BRL,Neosolar,NEO-22407,,,,,1,"Kit Gerador Energia Solar 0,58 kWp - Microinversor Deye c/ Wifi SUN2000 - Painel OSDA (Mini Trilho)",,,0,58,58.0,580,0,,,draft,Solar Kit|Neosolar,0,1,59,0,Solar Kit Grid-Tie
,,,,kits,BRL,Neosolar,NEO-22307,,,,,1,"Kit Gerador Energia Solar 0,55 kWp - Microinversor Deye c/ Wifi SUN2000 - Painel Sunova (Solo)",,,0,55,55.0,550,0,,,draft,Solar Kit|Neosolar,0,1,56,0,Solar Kit Grid-Tie
,,,,kits,BRL,Neosolar,NEO-22296,,,,,1,"Kit Gerador Energia Solar 2,32 kWp - Microinversor Deye c/ Wifi SUN2000 - Painel Sunova (Cerâmica)",,,0,32,32.0,2320,0,,,draft,Solar Kit|Neosolar,0,1,36,0,Solar Kit Grid-Tie
,,,,kits,BRL,Neosolar,NEO-22299,,,,,1,"Kit Gerador Energia Solar 2,32 kWp - Microinversor Deye c/ Wifi SUN2000 - Painel Sunova (Metal)",,,0,32,32.0,2320,0,,,draft,Solar Kit|Neosolar,0,1,36,0,Solar Kit Grid-Tie
,,,,kits,BRL,Neosolar,NEO-22309,,,,,1,"Kit Gerador Energia Solar 1,10 kWp - Microinversor Deye c/ Wifi SUN2000 - Painel Sunova (Laje)",,,0,10,10.0,1100,0,,,draft,Solar Kit|Neosolar,0,1,12,0,Solar Kit Grid-Tie
,,,,kits,BRL,Neosolar,NEO-22457,,,,,1,"Kit Gerador Energia Solar 0,59 kWp - Microinversor Deye c/ Wifi SUN2000 - Painel Luxen (Metálica)",,,0,595,59.0,595,0,,,draft,Solar Kit|Neosolar,0,1,596,0,Solar Kit Grid-Tie
,,,,kits,BRL,Neosolar,NEO-22249,,,,,1,"Kit Gerador Energia Solar 1,74 kWp - Microinversor Deye c/ Wifi SUN2000 - Painel Sunova (Cerâmica)",,,0,74,74.0,2320,0,,,draft,Solar Kit|Neosolar,0,1,78,0,Solar Kit Grid-Tie
,,,,kits,BRL,Neosolar,NEO-22251,,,,,1,"Kit Gerador Energia Solar 1,74 kWp - Microinversor Deye c/ Wifi SUN2000 - Painel Sunova (Metal)",,,0,74,74.0,2200,0,,,draft,Solar Kit|Neosolar,0,1,78,0,Solar Kit Grid-Tie
,,,,kits,BRL,Neosolar,NEO-22051,,,,,1,"Kit Gerador Energia Solar 1,74 kWp - Microinversor Deye c/ Wifi SUN2000 - Painel OSDA (Cerâmica)",,,0,74,74.0,1740,0,,,draft,Solar Kit|Neosolar,0,1,77,0,Solar Kit Grid-Tie
,,,,kits,BRL,Neosolar,NEO-22311,,,,,1,"Kit Gerador Energia Solar 1,10 kWp - Microinversor Deye c/ Wifi SUN2000 - Painel Sunova (Mini Trilho)",,,0,10,10.0,1100,0,,,draft,Solar Kit|Neosolar,0,1,12,0,Solar Kit Grid-Tie
,,,,kits,BRL,Neosolar,NEO-22326,,,,,1,"Kit Gerador Energia Solar 2,20 kWp - Microinversor Deye c/ Wifi SUN2000 - Painel Sunova (Madeira)",,,0,20,20.0,2200,0,,,draft,Solar Kit|Neosolar,0,1,24,0,Solar Kit Grid-Tie
,,,,kits,BRL,Neosolar,NEO-22253,,,,,1,"Kit Gerador Energia Solar 2,32 kWp - Microinversor Deye c/ Wifi SUN2000 - Painel Sunova (Cerâmica)",,,0,32,32.0,2320,0,,,draft,Solar Kit|Neosolar,0,1,36,0,Solar Kit Grid-Tie
,,,,kits,BRL,Neosolar,NEO-22331,,,,,1,"Kit Gerador Energia Solar 2,38 kWp - Microinversor Deye c/ Wifi SUN2000 - Painel Luxen - Estrutura Cerâmica",,,0,38,38.0,2380,0,,,draft,Solar Kit|Neosolar,0,1,42,0,Solar Kit Grid-Tie
,,,,kits,BRL,Neosolar,NEO-22178,,,,,1,"Kit Gerador Energia Solar 1,16 kWp - Microinversor Deye c/ Wifi SUN2000 - Painel Sunova (Solo)",,,0,16,16.0,1160,0,,,draft,Solar Kit|Neosolar,0,1,18,0,Solar Kit Grid-Tie
,,,,kits,BRL,Neosolar,NEO-22182,,,,,1,"Kit Gerador Energia Solar 1,74 kWp - Microinversor Deye c/ Wifi SUN2000 - Painel Sunova (Mini Trilho)",,,0,74,74.0,1740,0,,,draft,Solar Kit|Neosolar,0,1,77,0,Solar Kit Grid-Tie
,,,,kits,BRL,Neosolar,NEO-22180,,,,,1,"Kit Gerador Energia Solar 1,74 kWp - Microinversor Deye c/ Wifi SUN2000 - Painel Sunova (Para Laje)",,,0,74,74.0,1740,0,,,draft,Solar Kit|Neosolar,0,1,77,0,Solar Kit Grid-Tie
,,,,kits,BRL,Neosolar,NEO-22176,,,,,1,"Kit Gerador Energia Solar 1,16 kWp - Microinversor Deye c/ Wifi SUN2000 - Painel Sunova (Madeira)",,,0,16,16.0,1160,0,,,draft,Solar Kit|Neosolar,0,1,18,0,Solar Kit Grid-Tie
,,,,kits,BRL,Neosolar,NEO-22287,,,,,1,"Kit Gerador Energia Solar 1,16 kWp - Microinversor Deye c/ Wifi SUN2000 - Painel Sunova",,,0,16,16.0,1160,0,,,draft,Solar Kit|Neosolar,0,1,18,0,Solar Kit Grid-Tie
,,,,kits,BRL,Neosolar,NEO-22166,,,,,1,"Kit Gerador Energia Solar 0,58 kWp - Microinversor Deye c/ Wifi SUN2000 - Painel Sunova (Laje)",,,0,58,58.0,580,0,,,draft,Solar Kit|Neosolar,0,1,59,0,Solar Kit Grid-Tie
,,,,kits,BRL,Neosolar,NEO-22302,,,,,55,"Kit Gerador Energia Solar 0,55 kWp - Microinversor Deye c/ Wifi SUN2000 - Painel Sunova (Laje)",,,,,55.0,0,0,,,draft,Solar Kit|Neosolar,0,55,0,0,Solar Kit Grid-Tie
,,,,kits,BRL,Neosolar,NEO-21807,,,,,1,"Kit Gerador Energia Solar 1,74 kWp - Microinversor Deye c/ Wifi SUN2000 - Painel OSDA (Solo)",,,0,74,74.0,1740,0,,,draft,Solar Kit|Neosolar,0,1,77,0,Solar Kit Grid-Tie
,,,,kits,BRL,Neosolar,NEO-21253,,,,,1,"Kit Gerador Energia Solar 1,74 kWp - Microinversor Deye c/ Wifi SUN2000 - Painel OSDA Com Estrtura",,,0,74,74.0,1740,0,,,draft,Solar Kit|Neosolar,0,1,77,0,Solar Kit Grid-Tie
,,,,kits,BRL,Neosolar,NEO-21254,,,,,1,"Kit Gerador Energia Solar 1,74 kWp - Microinversor Deye c/ Wifi SUN2000 - Painel OSDA Com Estrtura",,,0,74,74.0,1740,0,,,draft,Solar Kit|Neosolar,0,1,77,0,Solar Kit Grid-Tie
,,,,kits,BRL,Neosolar,NEO-21777,,,,,1,"Kit Gerador Energia Solar 2,32 kWp - Microinversor Deye c/ Wifi SUN2000 - Painel OSDA (Mini Trilho)",,,0,32,32.0,2320,0,,,draft,Solar Kit|Neosolar,0,1,36,0,Solar Kit Grid-Tie
,,,,kits,BRL,Neosolar,NEO-21240,,,,,1,"Kit Gerador Energia Solar 2,32 kWp - Microinversor Deye c/ Wifi SUN2000 - Painel OSDA (Para Solo)",,,0,32,32.0,2320,0,,,draft,Solar Kit|Neosolar,0,1,36,0,Solar Kit Grid-Tie
,,,,kits,BRL,Neosolar,NEO-21816,,,,,1,"Kit Gerador Energia Solar 1,74 kWp - Microinversor Deye c/ Wifi SUN2000 - Painel OSDA Com Estrutura",,,0,74,74.0,1740,0,,,draft,Solar Kit|Neosolar,0,1,77,0,Solar Kit Grid-Tie
,,,,kits,BRL,Neosolar,NEO-21790,,,,,1,"Kit Gerador Energia Solar 0,58 kWp - Microinversor Deye c/ Wifi SUN2000 - Painel OSDA (Mini Trilho)",,,0,58,58.0,580,0,,,draft,Solar Kit|Neosolar,0,1,59,0,Solar Kit Grid-Tie
,,,,kits,BRL,Neosolar,NEO-21250,,,,,1,"Kit Gerador Energia Solar 1,74 kWp - Microinversor Deye c/ Wifi SUN2000 - Painel OSDA Com Estrtura",,,0,74,74.0,1740,0,,,draft,Solar Kit|Neosolar,0,1,77,0,Solar Kit Grid-Tie
,,,,kits,BRL,Neosolar,NEO-24688,,,,,1,"Kit Gerador Energia Solar  2,44kWp - Microinversor Deye c/ Wifi SUN2250 - Painel Sunova | P/ Cerâmica",,,0,1,44.0,2440,0,,,draft,Solar Kit|Neosolar,0,1,5,0,Solar Kit Grid-Tie
,,,,kits,BRL,Neosolar,NEO-22884,,,,,1,"Kit Gerador Energia Solar 1,74 kWp - Microinversor Deye c/ Wifi SUN2250 - Painel OSDA- Laje",,,0,74,74.0,1740,0,,,draft,Solar Kit|Neosolar,0,1,77,0,Solar Kit Grid-Tie
,,,,kits,BRL,Neosolar,NEO-21402,,,,,1,"Kit Gerador Energia Solar 0,57 kWp - Microinversor Deye c/ Wifi SUN2000 - Painel OSDA (Metálica)",,,0,57,57.0,575,0,,,draft,Solar Kit|Neosolar,0,1,58,0,Solar Kit Grid-Tie
,,,,kits,BRL,Neosolar,NEO-21123,,,,,1,"Kit Gerador Energia Solar 2,38 kWp - Microinversor Deye c/ Wifi SUN2000 - Painel Luxen (Mini Trilho)",,,0,38,38.0,2380,0,,,draft,Solar Kit|Neosolar,0,1,42,0,Solar Kit Grid-Tie
,,,,kits,BRL,Neosolar,NEO-21281,,,,,1,"Kit Gerador Energia Solar 2,30 kWp - Microinversor Deye c/ Wifi SUN2000 - Painel OSDA (Para Solo)",,,0,30,30.0,2300,0,,,draft,Solar Kit|Neosolar,0,1,34,0,Solar Kit Grid-Tie
,,,,kits,BRL,Neosolar,NEO-21804,,,,,1,"Kit Gerador Energia Solar 1,74 kWp - Microinversor Deye c/ Wifi SUN2000 - Painel OSDA (Mini Trilho)",,,0,74,74.0,1740,0,,,draft,Solar Kit|Neosolar,0,1,77,0,Solar Kit Grid-Tie
,,,,kits,BRL,Neosolar,NEO-21761,,,,,,"Kit Energia Solar On Grid Híbrido - 6,38kWp 5000Wh Lítio 220V - Sem Estrutura",,,0,1,38.0,0,0,,,draft,Solar Kit|Neosolar,0,0,1,0,Solar Kit Hybrid
,,4,48,kits,BRL,Neosolar,NEO-24900,,,,,1,"Kit Energia Solar On Grid Híbrido - 6,1kWp 4,8kWh Lítio 48V (24900)",,,610,10,1.0,6100,0,,,draft,Solar Kit|Neosolar,4,1,10,0,Solar Kit Hybrid
,,4,48,kits,BRL,Neosolar,NEO-24899,,,,,1,"Kit Energia Solar On Grid Híbrido - 6,1kWp 4,8kWh Lítio 48V (24899)",,,610,10,1.0,6100,0,,,draft,Solar Kit|Neosolar,4,1,10,0,Solar Kit Hybrid
,,1,48,kits,BRL,Neosolar,NEO-24903,,,,,1,"Kit Energia Solar On Grid Híbrido - 9,76kWp 4,8kWh Lítio 48V (24903)",,,610,16,76.0,9760,0,,,draft,Solar Kit|Neosolar,1,1,16,0,Solar Kit Hybrid
,,1,48,kits,BRL,Neosolar,NEO-24902,,,,,1,"Kit Energia Solar On Grid Híbrido - 5,49kWp 4,8kWh Lítio 48V (24902)",,,610,9,49.0,5490,0,,,draft,Solar Kit|Neosolar,1,1,9,0,Solar Kit Hybrid
,,1,48,kits,BRL,Neosolar,NEO-24901,,,,,1,"Kit Energia Solar On Grid Híbrido - 5,49kWp 4,8kWh Lítio 48V (24901)",,,610,9,49.0,5490,0,,,draft,Solar Kit|Neosolar,1,1,9,0,Solar Kit Hybrid
,,4,48,kits,BRL,Neosolar,NEO-24933,,,,,1,"Kit Energia Solar On Grid Híbrido - 9,76kWp 4,8kWh Lítio 48V (24933)",,,610,16,76.0,9760,0,,,draft,Solar Kit|Neosolar,4,1,16,0,Solar Kit Hybrid
,,1,48,kits,BRL,Neosolar,NEO-24892,,,,,1,"Kit Energia Solar On Grid Híbrido - 3,66kWp 4,8kWh Lítio 48V (24892)",,,610,6,66.0,3660,0,,,draft,Solar Kit|Neosolar,1,1,6,0,Solar Kit Hybrid
,,1,48,kits,BRL,Neosolar,NEO-24925,,,,,1,"Kit Energia Solar On Grid Híbrido - 5,49kWp 4,8kWh Lítio 48V (24925)",,,610,9,49.0,5490,0,,,draft,Solar Kit|Neosolar,1,1,9,0,Solar Kit Hybrid
,,6,48,kits,BRL,Neosolar,NEO-24938,,,,,1,"Kit Energia Solar On Grid Híbrido - 9,76kWp 4,8kWh Lítio 48V (24938)",,,610,16,76.0,9760,0,,,draft,Solar Kit|Neosolar,6,1,16,0,Solar Kit Hybrid
,,,,kits,BRL,Neosolar,NEO-25076,,,,,3,"Kit de Energia Solar On Grid - 12,20kWp (P/ Madeira)",,,610,20,20.0,12200,0,,,draft,Solar Kit|Neosolar,0,3,20,0,Solar Kit Grid-Tie
,,,,kits,BRL,Neosolar,NEO-25074,,,,,3,"Kit de Energia Solar On Grid - 8,54kWp (P/ Madeira)",,,610,14,54.0,8540,0,,,draft,Solar Kit|Neosolar,0,3,14,0,Solar Kit Grid-Tie
,,,,kits,BRL,Neosolar,NEO-25090,,,,,3,"Kit de Energia Solar On Grid - 8,54kWp (P/ Mini Trilho)",,,610,14,54.0,8540,0,,,draft,Solar Kit|Neosolar,0,3,14,0,Solar Kit Grid-Tie
,,,,kits,BRL,Neosolar,NEO-25083,,,,,3,"Kit de Energia Solar On Grid - 9,15kWp (P/ Metal)",,,610,15,15.0,9150,0,,,draft,Solar Kit|Neosolar,0,3,15,0,Solar Kit Grid-Tie
,,,,kits,BRL,Neosolar,NEO-25087,,,,,2,"Kit de Energia Solar On Grid - 4,88kWp (P/ Mini Trilho)",,,610,8,88.0,4880,0,,,draft,Solar Kit|Neosolar,0,2,8,0,Solar Kit Grid-Tie
,,,,kits,BRL,Neosolar,NEO-25081,,,,,2,"Kit de Energia Solar On Grid - 7,32kWp (P/ Metal)",,,610,12,32.0,7320,0,,,draft,Solar Kit|Neosolar,0,2,12,0,Solar Kit Grid-Tie
,,,,kits,BRL,Neosolar,NEO-24981,,,,,3,"Kit de Energia Solar On Grid - 12,20kWp (Sem Estrutura)",,,610,20,20.0,12200,0,,,draft,Solar Kit|Neosolar,0,3,20,0,Solar Kit Grid-Tie
,,,,kits,BRL,Neosolar,NEO-24978,,,,,2,"Kit de Energia Solar On Grid - 7,32kWp (Sem Estrutura)",,,610,12,32.0,7320,0,,,draft,Solar Kit|Neosolar,0,2,12,0,Solar Kit Grid-Tie
,,,,kits,BRL,Neosolar,NEO-21132,,,,,1,"Kit Gerador Energia Solar 0,59 kWp - Microinversor Deye c/ Wifi SUN2000 - Painel Luxen (Mini Trilho)",,,0,595,59.0,595,0,,,draft,Solar Kit|Neosolar,0,1,596,0,Solar Kit Grid-Tie
,,,,kits,BRL,Neosolar,NEO-21238,,,,,1,"Kit Gerador Energia Solar 2,32 kWp - Microinversor Deye c/ Wifi SUN2000 - Painel OSDA (Para Laje)",,,0,32,32.0,2320,0,,,draft,Solar Kit|Neosolar,0,1,36,0,Solar Kit Grid-Tie
,,,,kits,BRL,Neosolar,NEO-21239,,,,,1,"Kit Gerador Energia Solar 2,32 kWp - Microinversor Deye c/ Wifi SUN2000 - Painel OSDA (Mini Trilho)",,,0,32,32.0,2320,0,,,draft,Solar Kit|Neosolar,0,1,36,0,Solar Kit Grid-Tie
,,,,kits,BRL,Neosolar,NEO-21403,,,,,1,"Kit Gerador Energia Solar 0,57 kWp - Microinversor Deye c/ Wifi SUN2000 - Painel OSDA (Laje)",,,0,57,57.0,575,0,,,draft,Solar Kit|Neosolar,0,1,58,0,Solar Kit Grid-Tie
,,,,kits,BRL,Neosolar,NEO-21793,,,,,1,"Kit Gerador Energia Solar 0,58 kWp - Microinversor Deye c/ Wifi SUN2000 - Painel OSDA (Solo)",,,0,58,58.0,580,0,,,draft,Solar Kit|Neosolar,0,1,59,0,Solar Kit Grid-Tie
,,,,kits,BRL,Neosolar,NEO-21399,,,,,1,"Kit Gerador Energia Solar 0,57 kWp - Microinversor Deye c/ Wifi SUN2000 - Painel OSDA (Sem Estrutura",,,0,57,57.0,575,0,,,draft,Solar Kit|Neosolar,0,1,58,0,Solar Kit Grid-Tie
,,,,kits,BRL,Neosolar,NEO-23092,,,,,1,"Kit Gerador Energia Solar 1,75 kWp - Microinversor Deye c/ Wifi SUN2250 - Painel OSDA",,,0,75,75.0,1755,0,,,draft,Solar Kit|Neosolar,0,1,78,0,Solar Kit Grid-Tie
,,,,kits,BRL,Neosolar,NEO-23096,,,,,1,"Kit Gerador Energia Solar 1,75 kWp - Microinversor Deye c/ Wifi SUN2250 - Painel OSDA",,,0,75,75.0,1755,0,,,draft,Solar Kit|Neosolar,0,1,78,0,Solar Kit Grid-Tie
,,,,kits,BRL,Neosolar,NEO-22978,,,,,1,"Kit Gerador Energia Solar 0,58 kWp - Microinversor Deye c/ Wifi SUN2250 - Painel OSDA- Mini Trilho",,,0,58,58.0,580,0,,,draft,Solar Kit|Neosolar,0,1,59,0,Solar Kit Grid-Tie
,,,,kits,BRL,Neosolar,NEO-23077,,,,,1,"Kit Gerador Energia Solar 0,58 kWp - Microinversor Deye c/ Wifi SUN2250 - Painel OSDA - Cerâmica",,,0,58,58.0,585,0,,,draft,Solar Kit|Neosolar,0,1,59,0,Solar Kit Grid-Tie
,,,,kits,BRL,Neosolar,NEO-23089,,,,,1,"Kit Gerador Energia Solar 1,17 kWp - Microinversor Deye c/ Wifi SUN2250 - Painel OSDA - Solo",,,0,17,17.0,1170,0,,,draft,Solar Kit|Neosolar,0,1,19,0,Solar Kit Grid-Tie
,,,,kits,BRL,Neosolar,NEO-22887,,,,,1,"Kit Gerador Energia Solar 2,32 kWp - Microinversor Deye c/ Wifi SUN2250 - Painel OSDA- Laje",,,0,32,32.0,2320,0,,,draft,Solar Kit|Neosolar,0,1,36,0,Solar Kit Grid-Tie
,,,,kits,BRL,Neosolar,NEO-22939,,,,,1,"Kit Gerador Energia Solar 1,66 kWp - Microinversor Deye c/ Wifi SUN2250 - Painel ReneSola- Mini Trilho",,,0,66,66.0,1665,0,,,draft,Solar Kit|Neosolar,0,1,69,0,Solar Kit Grid-Tie
,,,,kits,BRL,Neosolar,NEO-22945,,,,,1,"Kit Gerador Energia Solar 2,22 kWp - Microinversor Deye c/ Wifi SUN2250 - Painel ReneSola- Cerâmica",,,0,22,22.0,2220,0,,,draft,Solar Kit|Neosolar,0,1,26,0,Solar Kit Grid-Tie
,,,,kits,BRL,Neosolar,NEO-22949,,,,,1,"Kit Gerador Energia Solar 2,22 kWp - Microinversor Deye c/ Wifi SUN2250 - Painel ReneSola- Laje",,,0,22,22.0,2220,0,,,draft,Solar Kit|Neosolar,0,1,26,0,Solar Kit Grid-Tie
,,,,kits,BRL,Neosolar,NEO-22984,,,,,1,"Kit Gerador Energia Solar 1,16 kWp - Microinversor Deye c/ Wifi SUN2250 - Painel OSDA- Cerâmica",,,0,16,16.0,1160,0,,,draft,Solar Kit|Neosolar,0,1,18,0,Solar Kit Grid-Tie
,,,,kits,BRL,Neosolar,NEO-22977,,,,,1,"Kit Gerador Energia Solar 0,58 kWp - Microinversor Deye c/ Wifi SUN2250 - Painel OSDA- Cerâmica",,,0,58,58.0,580,0,,,draft,Solar Kit|Neosolar,0,1,59,0,Solar Kit Grid-Tie
,,,,kits,BRL,Neosolar,NEO-22947,,,,,1,"Kit Gerador Energia Solar 2,22 kWp - Microinversor Deye c/ Wifi SUN2250 - Painel ReneSola- Madeira",,,0,22,22.0,2220,0,,,draft,Solar Kit|Neosolar,0,1,26,0,Solar Kit Grid-Tie
,,,,kits,BRL,Neosolar,NEO-22951,,,,,1,"Kit Gerador Energia Solar 2,22 kWp - Microinversor Deye c/ Wifi SUN2250 - Painel ReneSola",,,0,22,22.0,2220,0,,,draft,Solar Kit|Neosolar,0,1,26,0,Solar Kit Grid-Tie
,,,,kits,BRL,Neosolar,NEO-22937,,,,,1,"Kit Gerador Energia Solar 1,11 kWp - Microinversor Deye c/ Wifi SUN2250 - Painel ReneSola | Sem estrutura",,,0,11,11.0,1110,0,,,draft,Solar Kit|Neosolar,0,1,13,0,Solar Kit Grid-Tie
,,,,kits,BRL,Neosolar,NEO-23095,,,,,1,"Kit Gerador Energia Solar 1,75 kWp - Microinversor Deye c/ Wifi SUN2250 - Painel OSDA",,,0,75,75.0,1755,0,,,draft,Solar Kit|Neosolar,0,1,78,0,Solar Kit Grid-Tie
,,,,kits,BRL,Neosolar,NEO-22987,,,,,1,"Kit Gerador Energia Solar 1,16 kWp - Microinversor Deye c/ Wifi SUN2250 - Painel OSDA- Metálica",,,0,16,16.0,1160,0,,,draft,Solar Kit|Neosolar,0,1,18,0,Solar Kit Grid-Tie
,,,,kits,BRL,Neosolar,NEO-22980,,,,,1,"Kit Gerador Energia Solar 0,58 kWp - Microinversor Deye c/ Wifi SUN2250 - Painel OSDA- Metálica",,,0,58,58.0,580,0,,,draft,Solar Kit|Neosolar,0,1,59,0,Solar Kit Grid-Tie
,,,,kits,BRL,Neosolar,NEO-22994,,,,,1,"Kit Gerador Energia Solar 1,74 kWp - Microinversor Deye c/ Wifi SUN2250 - Painel OSDA- Metálica",,,0,74,74.0,1740,0,,,draft,Solar Kit|Neosolar,0,1,77,0,Solar Kit Grid-Tie
,,,,kits,BRL,Neosolar,NEO-22988,,,,,1,"Kit Gerador Energia Solar 1,16 kWp - Microinversor Deye c/ Wifi SUN2250 - Painel OSDA- Laje",,,0,16,16.0,1160,0,,,draft,Solar Kit|Neosolar,0,1,18,0,Solar Kit Grid-Tie
,,,,kits,BRL,Neosolar,NEO-22999,,,,,1,"Kit Gerador Energia Solar 2,32 kWp - Microinversor Deye c/ Wifi SUN2250 - Painel OSDA- Mini Trilho",,,0,32,32.0,2320,0,,,draft,Solar Kit|Neosolar,0,1,36,0,Solar Kit Grid-Tie
,,,,kits,BRL,Neosolar,NEO-22983,,,,,1,"Kit Gerador Energia Solar 0,58 kWp - Microinversor Deye c/ Wifi SUN2250 - Painel OSDA",,,0,58,58.0,580,0,,,draft,Solar Kit|Neosolar,0,1,59,0,Solar Kit Grid-Tie
,,,,kits,BRL,Neosolar,NEO-22209,,,,,1,"Kit Gerador Energia Solar 0,55 kWp - Microinversor Deye c/ Wifi SUN2000 - Painel Sunova (Mini Trilho)",,,0,55,55.0,550,0,,,draft,Solar Kit|Neosolar,0,1,56,0,Solar Kit Grid-Tie
,,,,kits,BRL,Neosolar,NEO-22226,,,,,1,"Kit Gerador Energia Solar 1,65 kWp - Microinversor Deye c/ Wifi SUN2000 - Painel Sunova (Solo)",,,0,65,65.0,1650,0,,,draft,Solar Kit|Neosolar,0,1,68,0,Solar Kit Grid-Tie
,,,,kits,BRL,Neosolar,NEO-22232,,,,,1,"Kit Gerador Energia Solar 2,20 kWp - Microinversor Deye c/ Wifi SUN2000 - Painel Sunova (Metal)",,,0,20,20.0,2200,0,,,draft,Solar Kit|Neosolar,0,1,24,0,Solar Kit Grid-Tie
,,,,kits,BRL,Neosolar,NEO-22228,,,,,1,"Kit Gerador Energia Solar 2,20 kWp - Microinversor Deye c/ Wifi SUN2000 - Painel Sunova (Laje)",,,0,20,20.0,2200,0,,,draft,Solar Kit|Neosolar,0,1,24,0,Solar Kit Grid-Tie
,,,,kits,BRL,Neosolar,NEO-22230,,,,,1,"Kit Gerador Energia Solar 2,20 kWp - Microinversor Deye c/ Wifi SUN2000 - Painel Sunova (Mini Trilho)",,,0,20,20.0,2200,0,,,draft,Solar Kit|Neosolar,0,1,24,0,Solar Kit Grid-Tie
,,,,kits,BRL,Neosolar,NEO-22234,,,,,1,"Kit Gerador Energia Solar 2,20 kWp - Microinversor Deye c/ Wifi SUN2000 - Painel Sunova",,,0,20,20.0,2200,0,,,draft,Solar Kit|Neosolar,0,1,24,0,Solar Kit Grid-Tie
,,,,kits,BRL,Neosolar,NEO-22502,,,,,1,"Kit Gerador Energia Solar 1,11 kWp - Microinversor Deye c/ Wifi SUN2000 - Painel ReneSola (Para Solo)",,,0,11,11.0,1110,0,,,draft,Solar Kit|Neosolar,0,1,13,0,Solar Kit Grid-Tie
,,,,kits,BRL,Neosolar,NEO-22500,,,,,1,"Kit Gerador Energia Solar 1,11 kWp - Microinversor Deye c/ Wifi SUN2000 - Painel ReneSola (Madeira)",,,0,11,11.0,1110,0,,,draft,Solar Kit|Neosolar,0,1,13,0,Solar Kit Grid-Tie
,,,,kits,BRL,Neosolar,NEO-22417,,,,,1,"Kit Gerador Energia Solar 1,16 kWp - Microinversor Deye c/ Wifi SUN2000 - Painel OSDA (Para Solo)",,,0,16,16.0,1160,0,,,draft,Solar Kit|Neosolar,0,1,18,0,Solar Kit Grid-Tie
,,,,kits,BRL,Neosolar,NEO-22408,,,,,1,"Kit Gerador Energia Solar 0,58 kWp - Microinversor Deye c/ Wifi SUN2000 - Painel OSDA (Madeira)",,,0,58,58.0,580,0,,,draft,Solar Kit|Neosolar,0,1,59,0,Solar Kit Grid-Tie
,,,,kits,BRL,Neosolar,NEO-22405,,,,,1,"Kit Gerador Energia Solar 0,58 kWp - Microinversor Deye c/ Wifi SUN2000 - Painel OSDA (Para Laje)",,,0,58,58.0,580,0,,,draft,Solar Kit|Neosolar,0,1,59,0,Solar Kit Grid-Tie
,,,,kits,BRL,Neosolar,NEO-22459,,,,,1,"Kit Gerador Energia Solar 0,59 kWp - Microinversor Deye c/ Wifi SUN2000 - Painel Luxen (Para Solo)",,,0,595,59.0,595,0,,,draft,Solar Kit|Neosolar,0,1,596,0,Solar Kit Grid-Tie
,,,,kits,BRL,Neosolar,NEO-22455,,,,,1,"Kit Gerador Energia Solar 0,59 kWp - Microinversor Deye c/ Wifi SUN2000 - Painel Luxen (Cerâmica)",,,0,595,59.0,595,0,,,draft,Solar Kit|Neosolar,0,1,596,0,Solar Kit Grid-Tie
,,,,kits,BRL,Neosolar,NEO-22348,,,,,1,"Kit Gerador Energia Solar 1,78 kWp - Microinversor Deye c/ Wifi SUN2000 - Painel Luxen - Estrutura Para Laje",,,0,78,78.0,1785,0,,,draft,Solar Kit|Neosolar,0,1,81,0,Solar Kit Grid-Tie
,,,,kits,BRL,Neosolar,NEO-22346,,,,,1,"Kit Gerador Energia Solar 1,78 kWp - Microinversor Deye c/ Wifi SUN2000 - Painel Luxen - Estrutura Madeira",,,0,78,78.0,1785,0,,,draft,Solar Kit|Neosolar,0,1,81,0,Solar Kit Grid-Tie
,,,,kits,BRL,Neosolar,NEO-22222,,,,,1,"Kit Gerador Energia Solar 1,65 kWp - Microinversor Deye c/ Wifi SUN2000 - Painel Sunova (Cerâmica)",,,0,65,65.0,1650,0,,,draft,Solar Kit|Neosolar,0,1,68,0,Solar Kit Grid-Tie
,,,,kits,BRL,Neosolar,NEO-22432,,,,,1,"Kit Gerador Energia Solar 2,32 kWp - Microinversor Deye c/ Wifi SUN2000 - Painel OSDA (Sem Estrutura)",,,0,32,32.0,2320,0,,,draft,Solar Kit|Neosolar,0,1,36,0,Solar Kit Grid-Tie
,,,,kits,BRL,Neosolar,NEO-22425,,,,,1,"Kit Gerador Energia Solar 1,74 kWp - Microinversor Deye c/ Wifi SUN2000 - Painel OSDA (Sem Estrutura)",,,0,74,74.0,1740,0,,,draft,Solar Kit|Neosolar,0,1,77,0,Solar Kit Grid-Tie
,,,,kits,BRL,Neosolar,NEO-22428,,,,,1,"Kit Gerador Energia Solar 2,32 kWp - Microinversor Deye c/ Wifi SUN2000 - Painel OSDA (Mini Trilho)",,,0,32,32.0,2320,0,,,draft,Solar Kit|Neosolar,0,1,36,0,Solar Kit Grid-Tie
,,,,kits,BRL,Neosolar,NEO-22446,,,,,1,"Kit Gerador Energia Solar 1,19 kWp - Microinversor Deye c/ Wifi SUN2000 - Painel Luxen (Mini Trilho)",,,0,19,19.0,1190,0,,,draft,Solar Kit|Neosolar,0,1,21,0,Solar Kit Grid-Tie
,,,,kits,BRL,Neosolar,NEO-22442,,,,,1,"Kit Gerador Energia Solar 1,19 kWp - Microinversor Deye c/ Wifi SUN2000 - Painel Luxen (Madeira)",,,0,19,19.0,1190,0,,,draft,Solar Kit|Neosolar,0,1,21,0,Solar Kit Grid-Tie
,,,,kits,BRL,Neosolar,NEO-22218,,,,,1,"Kit Gerador Energia Solar 1,10 kWp - Microinversor Deye c/ Wifi SUN2000 - Painel Sunova (Metálica)",,,0,10,10.0,1100,0,,,draft,Solar Kit|Neosolar,0,1,12,0,Solar Kit Grid-Tie
,,,,kits,BRL,Neosolar,NEO-22431,,,,,1,"Kit Gerador Energia Solar 2,32 kWp - Microinversor Deye c/ Wifi SUN2000 - Painel OSDA (Para Solo)",,,0,32,32.0,2320,0,,,draft,Solar Kit|Neosolar,0,1,36,0,Solar Kit Grid-Tie
,,,,kits,BRL,Neosolar,NEO-24632,,,,,1,"Kit Gerador Energia Solar  1,24kWp - Microinversor Deye c/ Wifi SUN2250 - Painel OSDA P/ Mini Trilho",,,0,1,24.0,1240,0,,,draft,Solar Kit|Neosolar,0,1,3,0,Solar Kit Grid-Tie
,,,,kits,BRL,Neosolar,NEO-22454,,,,,1,"Kit Gerador Energia Solar 0,59 kWp - Microinversor Deye c/ Wifi SUN2000 - Painel Luxen (Sem Estrutura)",,,0,595,59.0,595,0,,,draft,Solar Kit|Neosolar,0,1,596,0,Solar Kit Grid-Tie
,,,,kits,BRL,Neosolar,NEO-21284,,,,,1,"Kit Gerador Energia Solar 1,15 kWp - Microinversor Deye c/ Wifi SUN2000 - Painel OSDA (Solo)",,,0,15,15.0,1150,0,,,draft,Solar Kit|Neosolar,0,1,17,0,Solar Kit Grid-Tie
,,,,kits,BRL,Neosolar,NEO-21249,,,,,1,"Kit Gerador Energia Solar 1,74 kWp - Microinversor Deye c/ Wifi SUN2000 - Painel OSDA Com Estrutura",,,0,74,74.0,1740,0,,,draft,Solar Kit|Neosolar,0,1,77,0,Solar Kit Grid-Tie
,,,,kits,BRL,Neosolar,NEO-21234,,,,,1,"Kit Gerador Energia Solar 2,32 kWp - Microinversor Deye c/ Wifi SUN2000 - Painel OSDA (sem estrutura)",,,0,32,32.0,2320,0,,,draft,Solar Kit|Neosolar,0,1,36,0,Solar Kit Grid-Tie
,,,,kits,BRL,Neosolar,NEO-21242,,,,,1,"Kit Gerador Energia Solar 1,16 kWp - Microinversor Deye c/ Wifi SUN2000 - Painel OSDA Com Estrutura",,,0,16,16.0,1160,0,,,draft,Solar Kit|Neosolar,0,1,18,0,Solar Kit Grid-Tie
,,,,kits,BRL,Neosolar,NEO-21601,,,,,1,"Kit Gerador Energia Solar 1,16 kWp - Microinversor Deye c/ Wifi SUN2000 - Painel OSDA Com Estrutura",,,0,16,16.0,1160,0,,,draft,Solar Kit|Neosolar,0,1,18,0,Solar Kit Grid-Tie
,,,,kits,BRL,Neosolar,NEO-21074,,,,,1,"Kit Gerador Energia Solar 1,72 kWp - Microinversor Deye c/ Wifi SUN2000 - Painel OSDA Com Estrtura",,,0,72,72.0,1725,0,,,draft,Solar Kit|Neosolar,0,1,75,0,Solar Kit Grid-Tie
,,,,kits,BRL,Neosolar,NEO-21053,,,,,1,"Kit Gerador Energia Solar 1,19 kWp - Microinversor Deye c/ Wifi SUN2000 - Painel Luxen com Estrutura",,,0,19,19.0,1190,0,,,draft,Solar Kit|Neosolar,0,1,21,0,Solar Kit Grid-Tie
,,,,kits,BRL,Neosolar,NEO-21075,,,,,1,"Kit Gerador Energia Solar 1,72 kWp - Microinversor Deye c/ Wifi SUN2000 - Painel OSDA Com Estrutura",,,0,72,72.0,1725,0,,,draft,Solar Kit|Neosolar,0,1,75,0,Solar Kit Grid-Tie
,,,,kits,BRL,Neosolar,NEO-21055,,,,,1,"Kit Gerador Energia Solar 1,19 kWp - Microinversor Deye c/ Wifi SUN2000 - Painel Luxen Com Estrutura",,,0,19,19.0,1190,0,,,draft,Solar Kit|Neosolar,0,1,21,0,Solar Kit Grid-Tie
,,,,kits,BRL,Neosolar,NEO-21040,,,,,1,"Kit Gerador Energia Solar 2,38 kWp - Microinversor Deye c/ Wifi SUN2000 - Painel Luxen (Laje)",,,0,38,38.0,2380,0,,,draft,Solar Kit|Neosolar,0,1,42,0,Solar Kit Grid-Tie
,,,,kits,BRL,Neosolar,NEO-21057,,,,,1,"Kit Gerador Energia Solar 1,15 kWp - Microinversor Deye c/ Wifi SUN2000 - Painel OSDA (Madeira)",,,0,15,15.0,1150,0,,,draft,Solar Kit|Neosolar,0,1,17,0,Solar Kit Grid-Tie
,,,,kits,BRL,Neosolar,NEO-21046,,,,,1,"Kit Gerador Energia Solar 2,30 kWp - Microinversor Deye c/ Wifi SUN2000 - Painel OSDA (Madeira)",,,0,30,30.0,2300,0,,,draft,Solar Kit|Neosolar,0,1,34,0,Solar Kit Grid-Tie
,,,,kits,BRL,Neosolar,NEO-21052,,,,,1,"Kit Gerador Energia Solar 1,19 kWp - Microinversor Deye c/ Wifi SUN2000 - Painel Luxen Com Estrutura",,,0,19,19.0,1190,0,,,draft,Solar Kit|Neosolar,0,1,21,0,Solar Kit Grid-Tie
,,,,kits,BRL,Neosolar,NEO-23100,,,,,1,"Kit Gerador Energia Solar 2,34 kWp - Microinversor Deye c/ Wifi SUN2250 - Painel OSDA | Para madeira",,,0,34,34.0,2340,0,,,draft,Solar Kit|Neosolar,0,1,38,0,Solar Kit Grid-Tie
,,,,kits,BRL,Neosolar,NEO-23104,,,,,1,"Kit Gerador Energia Solar 2,34 kWp - Microinversor Deye c/ Wifi SUN2250 - Painel OSDA",,,0,34,34.0,2340,0,,,draft,Solar Kit|Neosolar,0,1,38,0,Solar Kit Grid-Tie
,,,,kits,BRL,Neosolar,NEO-22934,,,,,1,"Kit Gerador Energia Solar 1,11 kWp - Microinversor Deye c/ Wifi SUN2250 - Painel ReneSola | Estrutura metálica",,,0,11,11.0,1110,0,,,draft,Solar Kit|Neosolar,0,1,13,0,Solar Kit Grid-Tie
,,,,kits,BRL,Neosolar,NEO-22950,,,,,1,"Kit Gerador Energia Solar 2,22 kWp - Microinversor Deye c/ Wifi SUN2250 - Painel ReneSola- Solo",,,0,22,22.0,2220,0,,,draft,Solar Kit|Neosolar,0,1,26,0,Solar Kit Grid-Tie
,,,,kits,BRL,Neosolar,NEO-23097,,,,,1,"Kit Gerador Energia Solar 1,75 kWp - Microinversor Deye c/ Wifi SUN2250 - Painel OSDA",,,0,75,75.0,1755,0,,,draft,Solar Kit|Neosolar,0,1,78,0,Solar Kit Grid-Tie
,,,,kits,BRL,Neosolar,NEO-23088,,,,,1,"Kit Gerador Energia Solar 1,17 kWp - Microinversor Deye c/ Wifi SUN2250 - Painel OSDA - Laje",,,0,17,17.0,1170,0,,,draft,Solar Kit|Neosolar,0,1,19,0,Solar Kit Grid-Tie
,,,,kits,BRL,Neosolar,NEO-23084,,,,,1,"Kit Gerador Energia Solar 1,17 kWp - Microinversor Deye c/ Wifi SUN2250 - Painel OSDA - Cerâmica",,,0,17,17.0,1170,0,,,draft,Solar Kit|Neosolar,0,1,19,0,Solar Kit Grid-Tie
,,,,kits,BRL,Neosolar,NEO-23082,,,,,1,"Kit Gerador Energia Solar 0,58 kWp - Microinversor Deye c/ Wifi SUN2250 - Painel OSDA- Solo",,,0,58,58.0,585,0,,,draft,Solar Kit|Neosolar,0,1,59,0,Solar Kit Grid-Tie
,,,,kits,BRL,Neosolar,NEO-22944,,,,,1,"Kit Gerador Energia Solar 1,66 kWp - Microinversor Deye c/ Wifi SUN2250 - Painel ReneSola",,,0,66,66.0,1665,0,,,draft,Solar Kit|Neosolar,0,1,69,0,Solar Kit Grid-Tie
,,,,kits,BRL,Neosolar,NEO-22948,,,,,1,"Kit Gerador Energia Solar 2,22 kWp - Microinversor Deye c/ Wifi SUN2250 - Painel ReneSola- Metal",,,0,22,22.0,2220,0,,,draft,Solar Kit|Neosolar,0,1,26,0,Solar Kit Grid-Tie
,,,,kits,BRL,Neosolar,NEO-22946,,,,,1,"Kit Gerador Energia Solar 2,22 kWp - Microinversor Deye c/ Wifi SUN2250 - Painel ReneSola- Mini Trilho",,,0,22,22.0,2220,0,,,draft,Solar Kit|Neosolar,0,1,26,0,Solar Kit Grid-Tie
,,,,kits,BRL,Neosolar,NEO-22869,,,,,1,"Kit Gerador Energia Solar 1,74 kWp - Microinversor Deye c/ Wifi SUN2250 - Painel OSDA- Madeira",,,0,74,74.0,1740,0,,,draft,Solar Kit|Neosolar,0,1,77,0,Solar Kit Grid-Tie
,,,,kits,BRL,Neosolar,NEO-22942,,,,,1,"Kit Gerador Energia Solar 1,66 kWp - Microinversor Deye c/ Wifi SUN2250 - Painel ReneSola- Laje",,,0,66,66.0,1665,0,,,draft,Solar Kit|Neosolar,0,1,69,0,Solar Kit Grid-Tie
,,,,kits,BRL,Neosolar,NEO-22943,,,,,1,"Kit Gerador Energia Solar 1,66 kWp - Microinversor Deye c/ Wifi SUN2250 - Painel ReneSola- Solo",,,0,66,66.0,1665,0,,,draft,Solar Kit|Neosolar,0,1,69,0,Solar Kit Grid-Tie
,,,,kits,BRL,Neosolar,NEO-22871,,,,,1,"Kit Gerador Energia Solar 2,32 kWp - Microinversor Deye c/ Wifi SUN2250 - Painel OSDA- Cerâmica",,,0,32,32.0,2320,0,,,draft,Solar Kit|Neosolar,0,1,36,0,Solar Kit Grid-Tie
,,,,kits,BRL,Neosolar,NEO-23080,,,,,1,"Kit Gerador Energia Solar 0,58 kWp - Microinversor Deye c/ Wifi SUN2250 - Painel OSDA - Metal",,,0,58,58.0,585,0,,,draft,Solar Kit|Neosolar,0,1,59,0,Solar Kit Grid-Tie
,,,,kits,BRL,Neosolar,NEO-23078,,,,,1,"Kit Gerador Energia Solar 0,58 kWp - Microinversor Deye c/ Wifi SUN2250 - Painel OSDA - Mini Trilho",,,0,58,58.0,585,0,,,draft,Solar Kit|Neosolar,0,1,59,0,Solar Kit Grid-Tie
,,,,kits,BRL,Neosolar,NEO-22991,,,,,1,"Kit Gerador Energia Solar 1,74 kWp - Microinversor Deye c/ Wifi SUN2250 - Painel OSDA- Cerâmica",,,0,74,74.0,1740,0,,,draft,Solar Kit|Neosolar,0,1,77,0,Solar Kit Grid-Tie
,,,,kits,BRL,Neosolar,NEO-22995,,,,,1,"Kit Gerador Energia Solar 1,74 kWp - Microinversor Deye c/ Wifi SUN2250 - Painel OSDA- Laje",,,0,74,74.0,1740,0,,,draft,Solar Kit|Neosolar,0,1,77,0,Solar Kit Grid-Tie
,,,,kits,BRL,Neosolar,NEO-22993,,,,,1,"Kit Gerador Energia Solar 1,74 kWp - Microinversor Deye c/ Wifi SUN2250 - Painel OSDA- Madeira",,,0,74,74.0,1740,0,,,draft,Solar Kit|Neosolar,0,1,77,0,Solar Kit Grid-Tie
,,,,kits,BRL,Neosolar,NEO-22489,,,,,1,"Kit Gerador Energia Solar 0,55 kWp - Microinversor Deye c/ Wifi SUN2000 - Painel ReneSola (Sem Estrutura)",,,0,55,55.0,555,0,,,draft,Solar Kit|Neosolar,0,1,56,0,Solar Kit Grid-Tie
,,,,kits,BRL,Neosolar,NEO-22493,,,,,1,"Kit Gerador Energia Solar 0,55 kWp - Microinversor Deye c/ Wifi SUN2000 - Painel ReneSola (Madeira)",,,0,55,55.0,555,0,,,draft,Solar Kit|Neosolar,0,1,56,0,Solar Kit Grid-Tie
,,,,kits,BRL,Neosolar,NEO-22997,,,,,1,"Kit Gerador Energia Solar 1,74 kWp - Microinversor Deye c/ Wifi SUN2250 - Painel OSDA",,,0,74,74.0,1740,0,,,draft,Solar Kit|Neosolar,0,1,77,0,Solar Kit Grid-Tie
,,,,kits,BRL,Neosolar,NEO-22496,,,,,1,"Kit Gerador Energia Solar 1,11 kWp - Microinversor Deye c/ Wifi SUN2000 - Painel ReneSola (Sem Estrutura)",,,0,11,11.0,1110,0,,,draft,Solar Kit|Neosolar,0,1,13,0,Solar Kit Grid-Tie
,,,,kits,BRL,Neosolar,NEO-22254,,,,,1,"Kit Gerador Energia Solar 2,32 kWp - Microinversor Deye c/ Wifi SUN2000 - Painel Sunova (Madeira)",,,0,32,32.0,2320,0,,,draft,Solar Kit|Neosolar,0,1,36,0,Solar Kit Grid-Tie
,,,,kits,BRL,Neosolar,NEO-22256,,,,,1,"Kit Gerador Energia Solar 1,65 kWp - Microinversor Deye c/ Wifi SUN2000 - Painel Sunova (Laje)",,,0,65,65.0,2200,0,,,draft,Solar Kit|Neosolar,0,1,69,0,Solar Kit Grid-Tie
,,,,kits,BRL,Neosolar,NEO-22258,,,,,1,"Kit Gerador Energia Solar 1,65 kWp - Microinversor Deye c/ Wifi SUN2000 - Painel Sunova (Madeira)",,,0,65,65.0,2200,0,,,draft,Solar Kit|Neosolar,0,1,69,0,Solar Kit Grid-Tie
,,,,kits,BRL,Neosolar,NEO-22260,,,,,1,"Kit Gerador Energia Solar 2,20 kWp - Microinversor Deye c/ Wifi SUN2000 - Painel Sunova (Laje)",,,0,20,20.0,2200,0,,,draft,Solar Kit|Neosolar,0,1,24,0,Solar Kit Grid-Tie
,,,,kits,BRL,Neosolar,NEO-22262,,,,,1,"Kit Gerador Energia Solar 2,20 kWp - Microinversor Deye c/ Wifi SUN2000 - Painel Sunova (Madeira)",,,0,20,20.0,2200,0,,,draft,Solar Kit|Neosolar,0,1,24,0,Solar Kit Grid-Tie
,,,,kits,BRL,Neosolar,NEO-22350,,,,,1,"Kit Gerador Energia Solar 1,78 kWp - Microinversor Deye c/ Wifi SUN2000 - Painel Luxen - Estrutura Mini Trilho",,,0,78,78.0,1785,0,,,draft,Solar Kit|Neosolar,0,1,81,0,Solar Kit Grid-Tie
,,,,kits,BRL,Neosolar,NEO-22356,,,,,1,"Kit Gerador Energia Solar 0,59 kWp - Microinversor Deye c/ Wifi SUN2000 - Painel Luxen - Estrutura Para Solo",,,0,595,59.0,595,0,,,draft,Solar Kit|Neosolar,0,1,596,0,Solar Kit Grid-Tie
,,,,kits,BRL,Neosolar,NEO-22352,,,,,1,"Kit Gerador Energia Solar 0,59 kWp - Microinversor Deye c/ Wifi SUN2000 - Painel Luxen - Estrutura Cerâmica",,,0,595,59.0,595,0,,,draft,Solar Kit|Neosolar,0,1,596,0,Solar Kit Grid-Tie
,,,,kits,BRL,Neosolar,NEO-22550,,,,,1,"Kit Gerador Energia Solar 1,74 kWp - Microinversor Deye c/ Wifi SUN2000 - Painel OSDA (Metálica)",,,0,74,74.0,1740,0,,,draft,Solar Kit|Neosolar,0,1,77,0,Solar Kit Grid-Tie
,,,,kits,BRL,Neosolar,NEO-22128,,,,,,"Kit Gerador Energia Solar 2,22kWp - Microinversor Deye c/ Wifi SUN2000 C/ Mini Trilho",,,555,4,22.0,2220,0,,,draft,Solar Kit|Neosolar,0,0,4,0,Solar Kit Grid-Tie
,,,,kits,BRL,Neosolar,NEO-22544,,,,,1,"Kit Gerador Energia Solar 2,22 kWp - Microinversor Deye c/ Wifi SUN2000 - Painel ReneSola (Cerâmica)",,,0,22,22.0,2220,0,,,draft,Solar Kit|Neosolar,0,1,26,0,Solar Kit Grid-Tie
,,,,kits,BRL,Neosolar,NEO-22546,,,,,1,"Kit Gerador Energia Solar 2,22 kWp - Microinversor Deye c/ Wifi SUN2000 - Painel ReneSola (Metálica)",,,0,22,22.0,2220,0,,,draft,Solar Kit|Neosolar,0,1,26,0,Solar Kit Grid-Tie
,,,,kits,BRL,Neosolar,NEO-22340,,,,,1,"Kit Gerador Energia Solar 1,19 kWp - Microinversor Deye c/ Wifi SUN2000 - Painel Luxen - Estrutura Metálica",,,0,19,19.0,1190,0,,,draft,Solar Kit|Neosolar,0,1,21,0,Solar Kit Grid-Tie
,,,,kits,BRL,Neosolar,NEO-22292,,,,,1,"Kit Gerador Energia Solar 1,74 kWp - Microinversor Deye c/ Wifi SUN2000 - Painel Sunova (Metal)",,,0,74,74.0,1740,0,,,draft,Solar Kit|Neosolar,0,1,77,0,Solar Kit Grid-Tie
,,,,kits,BRL,Neosolar,NEO-22297,,,,,1,"Kit Gerador Energia Solar 2,32 kWp - Microinversor Deye c/ Wifi SUN2000 - Painel Sunova (Mini Trilho)",,,0,32,32.0,2320,0,,,draft,Solar Kit|Neosolar,0,1,36,0,Solar Kit Grid-Tie
,,,,kits,BRL,Neosolar,NEO-22336,,,,,1,"Kit Gerador Energia Solar 2,38 kWp - Microinversor Deye c/ Wifi SUN2000 - Painel Luxen - Estrutura Mini Trilho",,,0,38,38.0,2380,0,,,draft,Solar Kit|Neosolar,0,1,42,0,Solar Kit Grid-Tie
,,,,kits,BRL,Neosolar,NEO-22334,,,,,1,"Kit Gerador Energia Solar 2,38 kWp - Microinversor Deye c/ Wifi SUN2000 - Painel Luxen - Estrutura Para Laje",,,0,38,38.0,2380,0,,,draft,Solar Kit|Neosolar,0,1,42,0,Solar Kit Grid-Tie
,,,,kits,BRL,Neosolar,NEO-22186,,,,,1,"Kit Gerador Energia Solar 1,74 kWp - Microinversor Deye c/ Wifi SUN2000 - Painel Sunova (Sem Estrutura)",,,0,74,74.0,1740,0,,,draft,Solar Kit|Neosolar,0,1,77,0,Solar Kit Grid-Tie
,,,,kits,BRL,Neosolar,NEO-22193,,,,,1,"Kit Gerador Energia Solar 2,32 kWp - Microinversor Deye c/ Wifi SUN2000 - Painel Sunova (Sem Estrutura)",,,0,32,32.0,2320,0,,,draft,Solar Kit|Neosolar,0,1,36,0,Solar Kit Grid-Tie
,,,,kits,BRL,Neosolar,NEO-22188,,,,,1,"Kit Gerador Energia Solar 2,32 kWp - Microinversor Deye c/ Wifi SUN2000 - Painel Sunova (Cerâmica)",,,0,32,32.0,2320,0,,,draft,Solar Kit|Neosolar,0,1,36,0,Solar Kit Grid-Tie
,,,,kits,BRL,Neosolar,NEO-22172,,,,,1,"Kit Gerador Energia Solar 0,58 kWp - Microinversor Deye c/ Wifi SUN2000 - Painel Sunova (Sem Estrutura)",,,0,58,58.0,580,0,,,draft,Solar Kit|Neosolar,0,1,59,0,Solar Kit Grid-Tie
,,,,kits,BRL,Neosolar,NEO-22174,,,,,1,"Kit Gerador Energia Solar 1,16 kWp - Microinversor Deye c/ Wifi SUN2000 - Painel Sunova (Cerâmica)",,,0,16,16.0,1160,0,,,draft,Solar Kit|Neosolar,0,1,18,0,Solar Kit Grid-Tie
,,,,kits,BRL,Neosolar,NEO-22184,,,,,1,"Kit Gerador Energia Solar 1,74 kWp - Microinversor Deye c/ Wifi SUN2000 - Painel Sunova (Metálica)",,,0,74,74.0,1740,0,,,draft,Solar Kit|Neosolar,0,1,77,0,Solar Kit Grid-Tie
,,,,kits,BRL,Neosolar,NEO-22167,,,,,1,"Kit Gerador Energia Solar 0,58 kWp - Microinversor Deye c/ Wifi SUN2000 - Painel Sunova (Cerâmica)",,,0,58,58.0,580,0,,,draft,Solar Kit|Neosolar,0,1,59,0,Solar Kit Grid-Tie
,,,,kits,BRL,Neosolar,NEO-22169,,,,,1,"Kit Gerador Energia Solar 0,58 kWp - Microinversor Deye c/ Wifi SUN2000 - Painel Sunova (Madeira)",,,0,58,58.0,580,0,,,draft,Solar Kit|Neosolar,0,1,59,0,Solar Kit Grid-Tie
,,,,kits,BRL,Neosolar,NEO-22492,,,,,1,"Kit Gerador Energia Solar 0,55 kWp - Microinversor Deye c/ Wifi SUN2000 - Painel ReneSola (Mini Trilho)",,,0,55,55.0,555,0,,,draft,Solar Kit|Neosolar,0,1,56,0,Solar Kit Grid-Tie
,,,,kits,BRL,Neosolar,NEO-22490,,,,,1,"Kit Gerador Energia Solar 0,55 kWp - Microinversor Deye c/ Wifi SUN2000 - Painel ReneSola (Para Laje)",,,0,55,55.0,555,0,,,draft,Solar Kit|Neosolar,0,1,56,0,Solar Kit Grid-Tie
,,,,kits,BRL,Neosolar,NEO-22494,,,,,1,"Kit Gerador Energia Solar 0,55 kWp - Microinversor Deye c/ Wifi SUN2000 - Painel ReneSola (Metálica)",,,0,55,55.0,555,0,,,draft,Solar Kit|Neosolar,0,1,56,0,Solar Kit Grid-Tie
,,,,kits,BRL,Neosolar,NEO-22424,,,,,1,"Kit Gerador Energia Solar 1,74 kWp - Microinversor Deye c/ Wifi SUN2000 - Painel OSDA (Para Solo)",,,0,74,74.0,1740,0,,,draft,Solar Kit|Neosolar,0,1,77,0,Solar Kit Grid-Tie
,,,,kits,BRL,Neosolar,NEO-22438,,,,,1,"Kit Gerador Energia Solar 2,38 kWp - Microinversor Deye c/ Wifi SUN2000 - Painel Luxen (Para Solo)",,,0,38,38.0,2380,0,,,draft,Solar Kit|Neosolar,0,1,42,0,Solar Kit Grid-Tie
,,,,kits,BRL,Neosolar,NEO-22440,,,,,1,"Kit Gerador Energia Solar 1,19 kWp - Microinversor Deye c/ Wifi SUN2000 - Painel Luxen (Sem Estrutura)",,,0,19,19.0,1190,0,,,draft,Solar Kit|Neosolar,0,1,21,0,Solar Kit Grid-Tie
,,,,kits,BRL,Neosolar,NEO-22444,,,,,1,"Kit Gerador Energia Solar 1,19 kWp - Microinversor Deye c/ Wifi SUN2000 - Painel Luxen (Para Laje)",,,0,19,19.0,1190,0,,,draft,Solar Kit|Neosolar,0,1,21,0,Solar Kit Grid-Tie
,,,,kits,BRL,Neosolar,NEO-22456,,,,,1,"Kit Gerador Energia Solar 0,59 kWp - Microinversor Deye c/ Wifi SUN2000 - Painel Luxen (Madeira)",,,0,595,59.0,595,0,,,draft,Solar Kit|Neosolar,0,1,596,0,Solar Kit Grid-Tie
,,,,kits,BRL,Neosolar,NEO-22885,,,,,1,"Kit Gerador Energia Solar 1,74 kWp - Microinversor Deye c/ Wifi SUN2250 - Painel OSDA- Solo",,,0,74,74.0,1740,0,,,draft,Solar Kit|Neosolar,0,1,77,0,Solar Kit Grid-Tie
,,,,kits,BRL,Neosolar,NEO-21602,,,,,1,"Kit Gerador Energia Solar 1,16 kWp - Microinversor Deye c/ Wifi SUN2000 - Painel OSDA Com Estrutura",,,0,16,16.0,1160,0,,,draft,Solar Kit|Neosolar,0,1,18,0,Solar Kit Grid-Tie
,,,,kits,BRL,Neosolar,NEO-21258,,,,,1,"Kit Gerador Energia Solar 0,58 kWp - Microinversor Deye c/ Wifi SUN2000 - Painel OSDA (Metálica)",,,0,58,58.0,580,0,,,draft,Solar Kit|Neosolar,0,1,59,0,Solar Kit Grid-Tie
,,,,kits,BRL,Neosolar,NEO-21246,,,,,1,"Kit Gerador Energia Solar 1,16 kWp - Microinversor Deye c/ Wifi SUN2000 - Painel OSDA Com Estrtura",,,0,16,16.0,1160,0,,,draft,Solar Kit|Neosolar,0,1,18,0,Solar Kit Grid-Tie
,,,,kits,BRL,Neosolar,NEO-21610,,,,,1,"Kit Gerador Energia Solar 0,58 kWp - Microinversor Deye c/ Wifi SUN2000 - Painel OSDA (Madeira)",,,0,58,58.0,580,0,,,draft,Solar Kit|Neosolar,0,1,59,0,Solar Kit Grid-Tie
,,,,kits,BRL,Neosolar,NEO-21247,,,,,1,"Kit Gerador Energia Solar 1,16 kWp - Microinversor Deye c/ Wifi SUN2000 - Painel OSDA Com Estrtura",,,0,16,16.0,1160,0,,,draft,Solar Kit|Neosolar,0,1,18,0,Solar Kit Grid-Tie
,,,,kits,BRL,Neosolar,NEO-21289,,,,,1,"Kit Gerador Energia Solar 0,59 kWp - Microinversor Deye c/ Wifi SUN2000 - Painel Luxen (Solo)",,,0,595,59.0,595,0,,,draft,Solar Kit|Neosolar,0,1,596,0,Solar Kit Grid-Tie
,,,,kits,BRL,Neosolar,NEO-21244,,,,,1,"Kit Gerador Energia Solar 1,16 kWp - Microinversor Deye c/ Wifi SUN2000 - Painel OSDA Com Estrutura",,,0,16,16.0,1160,0,,,draft,Solar Kit|Neosolar,0,1,18,0,Solar Kit Grid-Tie
,,,,kits,BRL,Neosolar,NEO-21245,,,,,1,"Kit Gerador Energia Solar 1,16 kWp - Microinversor Deye c/ Wifi SUN2000 - Painel OSDA Com Estrtura",,,0,16,16.0,1160,0,,,draft,Solar Kit|Neosolar,0,1,18,0,Solar Kit Grid-Tie
,,,,kits,BRL,Neosolar,NEO-21604,,,,,1,"Kit Gerador Energia Solar 1,16 kWp - Microinversor Deye c/ Wifi SUN2000 - Painel OSDA Com Estrtura",,,0,16,16.0,1160,0,,,draft,Solar Kit|Neosolar,0,1,18,0,Solar Kit Grid-Tie
,,,,kits,BRL,Neosolar,NEO-21130,,,,,1,"Kit Gerador Energia Solar 1,72 kWp - Microinversor Deye c/ Wifi SUN2000 - Painel OSDA Com Estrutura",,,0,72,72.0,1725,0,,,draft,Solar Kit|Neosolar,0,1,75,0,Solar Kit Grid-Tie
,,,,kits,BRL,Neosolar,NEO-21118,,,,,1,"Kit Gerador Energia Solar 0,59 kWp - Microinversor Deye c/ Wifi SUN2000 - Painel Luxen (Cerâmica)",,,0,595,59.0,595,0,,,draft,Solar Kit|Neosolar,0,1,596,0,Solar Kit Grid-Tie
,,,,kits,BRL,Neosolar,NEO-21612,,,,,1,"Kit Gerador Energia Solar 0,58 kWp - Microinversor Deye c/ Wifi SUN2000 - Painel OSDA (Laje)",,,0,58,58.0,580,0,,,draft,Solar Kit|Neosolar,0,1,59,0,Solar Kit Grid-Tie
,,,,kits,BRL,Neosolar,NEO-21605,,,,,1,"Kit Gerador Energia Solar 1,74 kWp - Microinversor Deye c/ Wifi SUN2000 - Painel OSDA Com Estrutura",,,0,74,74.0,1740,0,,,draft,Solar Kit|Neosolar,0,1,77,0,Solar Kit Grid-Tie
,,,,kits,BRL,Neosolar,NEO-21606,,,,,1,"Kit Gerador Energia Solar 1,74 kWp - Microinversor Deye c/ Wifi SUN2000 - Painel OSDA Com Estrtura",,,0,74,74.0,1740,0,,,draft,Solar Kit|Neosolar,0,1,77,0,Solar Kit Grid-Tie
,,3,48,kits,BRL,Neosolar,NEO-24922,,,,,1,"Kit Energia Solar On Grid Híbrido - 6,1kWp 4,8kWh Lítio 48V (24922)",,,610,10,1.0,6100,0,,,draft,Solar Kit|Neosolar,3,1,10,0,Solar Kit Hybrid
,,1,48,kits,BRL,Neosolar,NEO-24917,,,,,1,"Kit Energia Solar On Grid Híbrido - 6,1kWp 4,8kWh Lítio 48V (24917)",,,610,10,1.0,6100,0,,,draft,Solar Kit|Neosolar,1,1,10,0,Solar Kit Hybrid
,,5,48,kits,BRL,Neosolar,NEO-24912,,,,,1,"Kit Energia Solar On Grid Híbrido - 9,76kWp 4,8kWh Lítio 48V (24912)",,,610,16,76.0,9760,0,,,draft,Solar Kit|Neosolar,5,1,16,0,Solar Kit Hybrid
,,5,48,kits,BRL,Neosolar,NEO-24911,,,,,1,"Kit Energia Solar On Grid Híbrido - 9,76kWp 4,8kWh Lítio 48V (24911)",,,610,16,76.0,9760,0,,,draft,Solar Kit|Neosolar,5,1,16,0,Solar Kit Hybrid
,,3,48,kits,BRL,Neosolar,NEO-24907,,,,,1,"Kit Energia Solar On Grid Híbrido - 9,76kWp 4,8kWh Lítio 48V (24907)",,,610,16,76.0,9760,0,,,draft,Solar Kit|Neosolar,3,1,16,0,Solar Kit Hybrid
,,,,kits,BRL,Neosolar,NEO-24976,,,,,2,"Kit de Energia Solar On Grid - 4,88kWp (Sem Estrutura)",,,610,8,88.0,4880,0,,,draft,Solar Kit|Neosolar,0,2,8,0,Solar Kit Grid-Tie
,,,,kits,BRL,Neosolar,NEO-25068,,,,,3,"Kit de Energia Solar On Grid - 12,20kWp (P/ Cerâmica)",,,610,20,20.0,12200,0,,,draft,Solar Kit|Neosolar,0,3,20,0,Solar Kit Grid-Tie
,,,,kits,BRL,Neosolar,NEO-25067,,,,,3,"Kit de Energia Solar On Grid - 9,15kWp (P/ Cerâmica)",,,610,15,15.0,9150,0,,,draft,Solar Kit|Neosolar,0,3,15,0,Solar Kit Grid-Tie
,,,,kits,BRL,Neosolar,NEO-25063,,,,,2,"Kit de Energia Solar On Grid - 4,88kWp (P/ Cerâmica)",,,610,8,88.0,4880,0,,,draft,Solar Kit|Neosolar,0,2,8,0,Solar Kit Grid-Tie
,,,,kits,BRL,Neosolar,NEO-25065,,,,,2,"Kit de Energia Solar On Grid - 7,32kWp (P/ Cerâmica)",,,610,12,32.0,7320,0,,,draft,Solar Kit|Neosolar,0,2,12,0,Solar Kit Grid-Tie
,,,,kits,BRL,Neosolar,NEO-25078,,,,,2,"Kit de Energia Solar On Grid - 3,66kWp (P/ Metal)",,,610,6,66.0,3660,0,,,draft,Solar Kit|Neosolar,0,2,6,0,Solar Kit Grid-Tie
,,,,kits,BRL,Neosolar,NEO-25089,,,,,2,"Kit de Energia Solar On Grid - 7,32kWp (P/ Mini Trilho)",,,610,12,32.0,7320,0,,,draft,Solar Kit|Neosolar,0,2,12,0,Solar Kit Grid-Tie
,,,,kits,BRL,Neosolar,NEO-24982,,,,,3,"Kit de Energia Solar On Grid - 12,81kWp (Sem Estrutura)",,,610,21,81.0,12810,0,,,draft,Solar Kit|Neosolar,0,3,21,0,Solar Kit Grid-Tie
,,,,kits,BRL,Neosolar,NEO-24975,,,,,2,"Kit de Energia Solar On Grid - 3,66kWp (Sem Estrutura)",,,610,6,66.0,3660,0,,,draft,Solar Kit|Neosolar,0,2,6,0,Solar Kit Grid-Tie
,,,,kits,BRL,Neosolar,NEO-22552,,,,,1,"Kit Gerador Energia Solar 2,32 kWp - Microinversor Deye c/ Wifi SUN2000 - Painel OSDA (Cerâmica)",,,0,32,32.0,2320,0,,,draft,Solar Kit|Neosolar,0,1,36,0,Solar Kit Grid-Tie
,,,,kits,BRL,Neosolar,NEO-22168,,,,,1,"Kit Gerador Energia Solar 0,58 kWp - Microinversor Deye c/ Wifi SUN2000 - Painel Sunova (Mini Trilho)",,,0,58,58.0,580,0,,,draft,Solar Kit|Neosolar,0,1,59,0,Solar Kit Grid-Tie
,,,,kits,BRL,Neosolar,NEO-22170,,,,,1,"Kit Gerador Energia Solar 0,58 kWp - Microinversor Deye c/ Wifi SUN2000 - Painel Sunova (Metálica)",,,0,58,58.0,580,0,,,draft,Solar Kit|Neosolar,0,1,59,0,Solar Kit Grid-Tie
,,,,kits,BRL,Neosolar,NEO-22129,,,,,,"Kit Gerador Energia Solar 2,22kWp - Microinversor Deye c/ Wifi SUN2000 C/ Parafuso (Madeira)",,,555,4,22.0,2220,0,,,draft,Solar Kit|Neosolar,0,0,4,0,Solar Kit Grid-Tie
,,,,kits,BRL,Neosolar,NEO-22121,,,,,,"Kit Gerador Energia Solar 1,66kWp - Microinversor Deye c/ Wifi SUN2000 C/ Gancho P/ Cerâmica",,,555,3,66.0,1665,0,,,draft,Solar Kit|Neosolar,0,0,3,0,Solar Kit Grid-Tie
,,,,kits,BRL,Neosolar,NEO-22131,,,,,,"Kit Gerador Energia Solar 2,22kWp - Microinversor Deye c/ Wifi SUN2000 C/ Est. Solo",,,555,4,22.0,2220,0,,,draft,Solar Kit|Neosolar,0,0,4,0,Solar Kit Grid-Tie
,,,,kits,BRL,Neosolar,NEO-22125,,,,,,"Kit Gerador Energia Solar 1,66kWp - Microinversor Deye c/ Wifi SUN2000 C/ Est. Solo",,,555,3,66.0,1665,0,,,draft,Solar Kit|Neosolar,0,0,3,0,Solar Kit Grid-Tie
,,,,kits,BRL,Neosolar,NEO-22542,,,,,1,"Kit Gerador Energia Solar 1,66 kWp - Microinversor Deye c/ Wifi SUN2000 - Painel ReneSola (Metálica)",,,0,66,66.0,1665,0,,,draft,Solar Kit|Neosolar,0,1,69,0,Solar Kit Grid-Tie
,,,,kits,BRL,Neosolar,NEO-22539,,,,,1,"Kit Gerador Energia Solar 1,66 kWp - Microinversor Deye c/ Wifi SUN2000 - Painel ReneSola (Para Laje)",,,0,66,66.0,1665,0,,,draft,Solar Kit|Neosolar,0,1,69,0,Solar Kit Grid-Tie
,,,,kits,BRL,Neosolar,NEO-22553,,,,,1,"Kit Gerador Energia Solar 2,32 kWp - Microinversor Deye c/ Wifi SUN2000 - Painel OSDA (Madeira)",,,0,32,32.0,2320,0,,,draft,Solar Kit|Neosolar,0,1,36,0,Solar Kit Grid-Tie
,,,,kits,BRL,Neosolar,NEO-22561,,,,,1,"Kit Gerador Energia Solar 1,78 kWp - Microinversor Deye c/ Wifi SUN2000 - Painel Luxen (Metálica)",,,0,78,78.0,1785,0,,,draft,Solar Kit|Neosolar,0,1,81,0,Solar Kit Grid-Tie
,,,,kits,BRL,Neosolar,NEO-22551,,,,,1,"Kit Gerador Energia Solar 2,32 kWp - Microinversor Deye c/ Wifi SUN2000 - Painel OSDA (Para Laje)",,,0,32,32.0,2320,0,,,draft,Solar Kit|Neosolar,0,1,36,0,Solar Kit Grid-Tie
,,,,kits,BRL,Neosolar,NEO-22112,,,,,,"Kit Gerador Energia Solar 0,55kWp - Microinversor Deye c/ Wifi SUN2000 C/ Parafuso (Metal)",,,555,1,55.0,555,0,,,draft,Solar Kit|Neosolar,0,0,1,0,Solar Kit Grid-Tie
,,,,kits,BRL,Neosolar,NEO-22115,,,,,,"Kit Gerador Energia Solar 1,11kWp - Microinversor Deye c/ Wifi SUN2000 C/ Gancho P/ Cerâmica",,,555,2,11.0,1110,0,,,draft,Solar Kit|Neosolar,0,0,2,0,Solar Kit Grid-Tie
,,,,kits,BRL,Neosolar,NEO-22113,,,,,,"Kit Gerador Energia Solar 0,55kWp - Microinversor Deye c/ Wifi SUN2000 C/ Est. Solo",,,555,1,55.0,555,0,,,draft,Solar Kit|Neosolar,0,0,1,0,Solar Kit Grid-Tie
,,,,kits,BRL,Neosolar,NEO-22543,,,,,1,"Kit Gerador Energia Solar 2,22 kWp - Microinversor Deye c/ Wifi SUN2000 - Painel ReneSola (Para Laje)",,,0,22,22.0,2220,0,,,draft,Solar Kit|Neosolar,0,1,26,0,Solar Kit Grid-Tie
,,,,kits,BRL,Neosolar,NEO-22541,,,,,1,"Kit Gerador Energia Solar 1,66 kWp - Microinversor Deye c/ Wifi SUN2000 - Painel ReneSola (Madeira)",,,0,66,66.0,1665,0,,,draft,Solar Kit|Neosolar,0,1,69,0,Solar Kit Grid-Tie
,,,,kits,BRL,Neosolar,NEO-22540,,,,,1,"Kit Gerador Energia Solar 1,66 kWp - Microinversor Deye c/ Wifi SUN2000 - Painel ReneSola (Cerâmica)",,,0,66,66.0,1665,0,,,draft,Solar Kit|Neosolar,0,1,69,0,Solar Kit Grid-Tie
,,,,kits,BRL,Neosolar,NEO-22548,,,,,1,"Kit Gerador Energia Solar 1,74 kWp - Microinversor Deye c/ Wifi SUN2000 - Painel OSDA (Cerâmica)",,,0,74,74.0,1740,0,,,draft,Solar Kit|Neosolar,0,1,77,0,Solar Kit Grid-Tie
,,,,kits,BRL,Neosolar,NEO-22452,,,,,1,"Kit Gerador Energia Solar 1,78 kWp - Microinversor Deye c/ Wifi SUN2000 - Painel Luxen (Mini Trilho)",,,0,78,78.0,1785,0,,,draft,Solar Kit|Neosolar,0,1,81,0,Solar Kit Grid-Tie
,,,,kits,BRL,Neosolar,NEO-22443,,,,,1,"Kit Gerador Energia Solar 1,19 kWp - Microinversor Deye c/ Wifi SUN2000 - Painel Luxen (Metálica)",,,0,19,19.0,1190,0,,,draft,Solar Kit|Neosolar,0,1,21,0,Solar Kit Grid-Tie
,,,,kits,BRL,Neosolar,NEO-22257,,,,,1,"Kit Gerador Energia Solar 1,65 kWp - Microinversor Deye c/ Wifi SUN2000 - Painel Sunova (Cerâmica)",,,0,65,65.0,2200,0,,,draft,Solar Kit|Neosolar,0,1,69,0,Solar Kit Grid-Tie
,,,,kits,BRL,Neosolar,NEO-22250,,,,,1,"Kit Gerador Energia Solar 1,74 kWp - Microinversor Deye c/ Wifi SUN2000 - Painel Sunova (Madeira)",,,0,74,74.0,2320,0,,,draft,Solar Kit|Neosolar,0,1,78,0,Solar Kit Grid-Tie
,,,,kits,BRL,Neosolar,NEO-22255,,,,,1,"Kit Gerador Energia Solar 2,32 kWp - Microinversor Deye c/ Wifi SUN2000 - Painel Sunova (Metal)",,,0,32,32.0,2320,0,,,draft,Solar Kit|Neosolar,0,1,36,0,Solar Kit Grid-Tie
,,,,kits,BRL,Neosolar,NEO-22418,,,,,1,"Kit Gerador Energia Solar 1,16 kWp - Microinversor Deye c/ Wifi SUN2000 - Painel OSDA (Sem Estrutura)",,,0,16,16.0,1160,0,,,draft,Solar Kit|Neosolar,0,1,18,0,Solar Kit Grid-Tie
,,,,kits,BRL,Neosolar,NEO-22415,,,,,1,"Kit Gerador Energia Solar 1,16 kWp - Microinversor Deye c/ Wifi SUN2000 - Painel OSDA (Madeira)",,,0,16,16.0,1160,0,,,draft,Solar Kit|Neosolar,0,1,18,0,Solar Kit Grid-Tie
,,,,kits,BRL,Neosolar,NEO-22327,,,,,1,"Kit Gerador Energia Solar 2,20 kWp - Microinversor Deye c/ Wifi SUN2000 - Painel Sunova (Metal)",,,0,20,20.0,2200,0,,,draft,Solar Kit|Neosolar,0,1,24,0,Solar Kit Grid-Tie
,,,,kits,BRL,Neosolar,NEO-22187,,,,,1,"Kit Gerador Energia Solar 2,32 kWp - Microinversor Deye c/ Wifi SUN2000 - Painel Sunova (Para Laje)",,,0,32,32.0,2320,0,,,draft,Solar Kit|Neosolar,0,1,36,0,Solar Kit Grid-Tie
,,,,kits,BRL,Neosolar,NEO-22190,,,,,1,"Kit Gerador Energia Solar 2,32 kWp - Microinversor Deye c/ Wifi SUN2000 - Painel Sunova (Madeira)",,,0,32,32.0,2320,0,,,draft,Solar Kit|Neosolar,0,1,36,0,Solar Kit Grid-Tie
,,,,kits,BRL,Neosolar,NEO-22211,,,,,1,"Kit Gerador Energia Solar 0,55 kWp - Microinversor Deye c/ Wifi SUN2000 - Painel Sunova (Metálica)",,,0,55,55.0,550,0,,,draft,Solar Kit|Neosolar,0,1,56,0,Solar Kit Grid-Tie
,,,,kits,BRL,Neosolar,NEO-22213,,,,,1,"Kit Gerador Energia Solar 0,55 kWp - Microinversor Deye c/ Wifi SUN2000 - Painel Sunova (Sem Estrutura)",,,0,55,55.0,550,0,,,draft,Solar Kit|Neosolar,0,1,56,0,Solar Kit Grid-Tie
,,,,kits,BRL,Neosolar,NEO-22054,,,,,1,"Kit Gerador Energia Solar 0,58 kWp - Microinversor Deye c/ Wifi SUN2000 - Painel OSDA (Madeira)",,,0,58,58.0,580,0,,,draft,Solar Kit|Neosolar,0,1,59,0,Solar Kit Grid-Tie
,,,,kits,BRL,Neosolar,NEO-22130,,,,,,"Kit Gerador Energia Solar 2,22kWp - Microinversor Deye c/ Wifi SUN2000 C/ Parafuso (Metal)",,,555,4,22.0,2220,0,,,draft,Solar Kit|Neosolar,0,0,4,0,Solar Kit Grid-Tie
,,,,kits,BRL,Neosolar,NEO-22458,,,,,1,"Kit Gerador Energia Solar 0,59 kWp - Microinversor Deye c/ Wifi SUN2000 - Painel Luxen (Para Laje)",,,0,595,59.0,595,0,,,draft,Solar Kit|Neosolar,0,1,596,0,Solar Kit Grid-Tie
,,,,kits,BRL,Neosolar,NEO-22501,,,,,1,"Kit Gerador Energia Solar 1,11 kWp - Microinversor Deye c/ Wifi SUN2000 - Painel ReneSola (Metálica)",,,0,11,11.0,1110,0,,,draft,Solar Kit|Neosolar,0,1,13,0,Solar Kit Grid-Tie
,,,,kits,BRL,Neosolar,NEO-22498,,,,,1,"Kit Gerador Energia Solar 1,11 kWp - Microinversor Deye c/ Wifi SUN2000 - Painel ReneSola (Cerâmica)",,,0,11,11.0,1110,0,,,draft,Solar Kit|Neosolar,0,1,13,0,Solar Kit Grid-Tie
,,,,kits,BRL,Neosolar,NEO-22118,,,,,,"Kit Gerador Energia Solar 1,11kWp - Microinversor Deye c/ Wifi SUN2000 C/ Parafuso (Metal)",,,555,2,11.0,1110,0,,,draft,Solar Kit|Neosolar,0,0,2,0,Solar Kit Grid-Tie
,,,,kits,BRL,Neosolar,NEO-22120,,,,,,"Kit Gerador Energia Solar 1,66kWp - Microinversor Deye c/ Wifi SUN2000 C/ Base p/ Laje",,,555,3,66.0,1665,0,,,draft,Solar Kit|Neosolar,0,0,3,0,Solar Kit Grid-Tie
,,,,kits,BRL,Neosolar,NEO-22126,,,,,,"Kit Gerador Energia Solar 2,22kWp - Microinversor Deye c/ Wifi SUN2000 C/ Base p/ Laje",,,555,4,22.0,2220,0,,,draft,Solar Kit|Neosolar,0,0,4,0,Solar Kit Grid-Tie
,,,,kits,BRL,Neosolar,NEO-22116,,,,,,"Kit Gerador Energia Solar 1,11kWp - Microinversor Deye c/ Wifi SUN2000 C/ Mini Trilho",,,555,2,11.0,1110,0,,,draft,Solar Kit|Neosolar,0,0,2,0,Solar Kit Grid-Tie
,,,,kits,BRL,Neosolar,NEO-22122,,,,,,"Kit Gerador Energia Solar 1,66kWp - Microinversor Deye c/ Wifi SUN2000 C/ Mini Trilho",,,555,3,66.0,1665,0,,,draft,Solar Kit|Neosolar,0,0,3,0,Solar Kit Grid-Tie
,,,,kits,BRL,Neosolar,NEO-22322,,,,,1,"Kit Gerador Energia Solar 1,65 kWp - Microinversor Deye c/ Wifi SUN2000 - Painel Sunova",,,0,65,65.0,1650,0,,,draft,Solar Kit|Neosolar,0,1,68,0,Solar Kit Grid-Tie
,,,,kits,BRL,Neosolar,NEO-22453,,,,,1,"Kit Gerador Energia Solar 1,78 kWp - Microinversor Deye c/ Wifi SUN2000 - Painel Luxen (Para Solo)",,,0,78,78.0,1785,0,,,draft,Solar Kit|Neosolar,0,1,81,0,Solar Kit Grid-Tie
,,,,kits,BRL,Neosolar,NEO-22295,,,,,1,"Kit Gerador Energia Solar 2,32 kWp - Microinversor Deye c/ Wifi SUN2000 - Painel Sunova (Laje)",,,0,32,32.0,2320,0,,,draft,Solar Kit|Neosolar,0,1,36,0,Solar Kit Grid-Tie
,,,,kits,BRL,Neosolar,NEO-22276,,,,,1,"Kit Gerador Energia Solar 0,58 kWp - Microinversor Deye c/ Wifi SUN2000 - Painel Sunova (Mini Trilho)",,,0,58,58.0,580,0,,,draft,Solar Kit|Neosolar,0,1,59,0,Solar Kit Grid-Tie
,,,,kits,BRL,Neosolar,NEO-22291,,,,,1,"Kit Gerador Energia Solar 1,74 kWp - Microinversor Deye c/ Wifi SUN2000 - Painel Sunova (Madeira)",,,0,74,74.0,1740,0,,,draft,Solar Kit|Neosolar,0,1,77,0,Solar Kit Grid-Tie
,,,,kits,BRL,Neosolar,NEO-22275,,,,,1,"Kit Gerador Energia Solar 0,58 kWp - Microinversor Deye c/ Wifi SUN2000 - Painel Sunova (Cerâmica)",,,0,58,58.0,580,0,,,draft,Solar Kit|Neosolar,0,1,59,0,Solar Kit Grid-Tie
,,,,kits,BRL,Neosolar,NEO-22278,,,,,1,"Kit Gerador Energia Solar 0,58 kWp - Microinversor Deye c/ Wifi SUN2000 - Painel Sunova (Metal)",,,0,58,58.0,580,0,,,draft,Solar Kit|Neosolar,0,1,59,0,Solar Kit Grid-Tie
,,,,kits,BRL,Neosolar,NEO-22189,,,,,1,"Kit Gerador Energia Solar 2,32 kWp - Microinversor Deye c/ Wifi SUN2000 - Painel Sunova (Mini Trilho)",,,0,32,32.0,2320,0,,,draft,Solar Kit|Neosolar,0,1,36,0,Solar Kit Grid-Tie
,,,,kits,BRL,Neosolar,NEO-22216,,,,,1,"Kit Gerador Energia Solar 1,10 kWp - Microinversor Deye c/ Wifi SUN2000 - Painel Sunova (Mini Trilho)",,,0,10,10.0,1100,0,,,draft,Solar Kit|Neosolar,0,1,12,0,Solar Kit Grid-Tie
,,,,kits,BRL,Neosolar,NEO-22233,,,,,1,"Kit Gerador Energia Solar 2,20 kWp - Microinversor Deye c/ Wifi SUN2000 - Painel Sunova (Solo)",,,0,20,20.0,2200,0,,,draft,Solar Kit|Neosolar,0,1,24,0,Solar Kit Grid-Tie
,,,,kits,BRL,Neosolar,NEO-22224,,,,,1,"Kit Gerador Energia Solar 1,65 kWp - Microinversor Deye c/ Wifi SUN2000 - Painel Sunova (Madeira)",,,0,65,65.0,1650,0,,,draft,Solar Kit|Neosolar,0,1,68,0,Solar Kit Grid-Tie
,,,,kits,BRL,Neosolar,NEO-22495,,,,,1,"Kit Gerador Energia Solar 0,55 kWp - Microinversor Deye c/ Wifi SUN2000 - Painel ReneSola (Para Solo)",,,0,55,55.0,555,0,,,draft,Solar Kit|Neosolar,0,1,56,0,Solar Kit Grid-Tie
,,,,kits,BRL,Neosolar,NEO-22411,,,,,1,"Kit Gerador Energia Solar 0,58 kWp - Microinversor Deye c/ Wifi SUN2000 - Painel OSDA (Sem Estrutura)",,,0,58,58.0,580,0,,,draft,Solar Kit|Neosolar,0,1,59,0,Solar Kit Grid-Tie
,,,,kits,BRL,Neosolar,NEO-22413,,,,,1,"Kit Gerador Energia Solar 1,16 kWp - Microinversor Deye c/ Wifi SUN2000 - Painel OSDA (Cerâmica)",,,0,16,16.0,1160,0,,,draft,Solar Kit|Neosolar,0,1,18,0,Solar Kit Grid-Tie
,,,,kits,BRL,Neosolar,NEO-22409,,,,,1,"Kit Gerador Energia Solar 0,58 kWp - Microinversor Deye c/ Wifi SUN2000 - Painel OSDA (Metálica)",,,0,58,58.0,580,0,,,draft,Solar Kit|Neosolar,0,1,59,0,Solar Kit Grid-Tie
,,,,kits,BRL,Neosolar,NEO-22441,,,,,1,"Kit Gerador Energia Solar 1,19 kWp - Microinversor Deye c/ Wifi SUN2000 - Painel Luxen (Cerâmica)",,,0,19,19.0,1190,0,,,draft,Solar Kit|Neosolar,0,1,21,0,Solar Kit Grid-Tie
,,,,kits,BRL,Neosolar,NEO-22212,,,,,1,"Kit Gerador Energia Solar 0,55 kWp - Microinversor Deye c/ Wifi SUN2000 - Painel Sunova (Solo)",,,0,55,55.0,550,0,,,draft,Solar Kit|Neosolar,0,1,56,0,Solar Kit Grid-Tie
,,,,kits,BRL,Neosolar,NEO-22335,,,,,1,"Kit Gerador Energia Solar 2,38 kWp - Microinversor Deye c/ Wifi SUN2000 - Painel Luxen - Estrutura Para Solo",,,0,38,38.0,2380,0,,,draft,Solar Kit|Neosolar,0,1,42,0,Solar Kit Grid-Tie
,,,,kits,BRL,Neosolar,NEO-22208,,,,,1,"Kit Gerador Energia Solar 0,55 kWp - Microinversor Deye c/ Wifi SUN2000 - Painel Sunova (Cerâmica)",,,0,55,55.0,550,0,,,draft,Solar Kit|Neosolar,0,1,56,0,Solar Kit Grid-Tie
,,,,kits,BRL,Neosolar,NEO-22339,,,,,1,"Kit Gerador Energia Solar 1,19 kWp - Microinversor Deye c/ Wifi SUN2000 - Painel Luxen - Estrutura Madeira",,,0,19,19.0,1190,0,,,draft,Solar Kit|Neosolar,0,1,21,0,Solar Kit Grid-Tie
,,,,kits,BRL,Neosolar,NEO-22337,,,,,1,"Kit Gerador Energia Solar 1,19 kWp - Microinversor Deye c/ Wifi SUN2000 - Painel Luxen - S/ estrutura",,,0,19,19.0,1190,0,,,draft,Solar Kit|Neosolar,0,1,21,0,Solar Kit Grid-Tie
,,,,kits,BRL,Neosolar,NEO-22333,,,,,1,"Kit Gerador Energia Solar 2,38 kWp - Microinversor Deye c/ Wifi SUN2000 - Painel Luxen - Estrutura Metálica",,,0,38,38.0,2380,0,,,draft,Solar Kit|Neosolar,0,1,42,0,Solar Kit Grid-Tie
,,,,kits,BRL,Neosolar,NEO-22123,,,,,,"Kit Gerador Energia Solar 1,66kWp - Microinversor Deye c/ Wifi SUN2000 C/ Parafuso (Madeira)",,,555,3,66.0,1665,0,,,draft,Solar Kit|Neosolar,0,0,3,0,Solar Kit Grid-Tie
,,,,kits,BRL,Neosolar,NEO-22127,,,,,,"Kit Gerador Energia Solar 2,22kWp - Microinversor Deye c/ Wifi SUN2000 C/ Gancho P/ Cerâmica",,,555,4,22.0,2220,0,,,draft,Solar Kit|Neosolar,0,0,4,0,Solar Kit Grid-Tie
,,,,kits,BRL,Neosolar,NEO-22412,,,,,1,"Kit Gerador Energia Solar 1,16 kWp - Microinversor Deye c/ Wifi SUN2000 - Painel OSDA (Para Laje)",,,0,16,16.0,1160,0,,,draft,Solar Kit|Neosolar,0,1,18,0,Solar Kit Grid-Tie
,,,,kits,BRL,Neosolar,NEO-22414,,,,,1,"Kit Gerador Energia Solar 1,16 kWp - Microinversor Deye c/ Wifi SUN2000 - Painel OSDA (Mini Trilho)",,,0,16,16.0,1160,0,,,draft,Solar Kit|Neosolar,0,1,18,0,Solar Kit Grid-Tie
,,,,kits,BRL,Neosolar,NEO-22117,,,,,,"Kit Gerador Energia Solar 1,11kWp - Microinversor Deye c/ Wifi SUN2000 C/ Parafuso (Madeira)",,,555,2,11.0,1110,0,,,draft,Solar Kit|Neosolar,0,0,2,0,Solar Kit Grid-Tie
,,,,kits,BRL,Neosolar,NEO-22108,,,,,,"Kit Gerador Energia Solar 0,55kWp - Microinversor Deye c/ Wifi SUN2000 C/ Base p/ Laje",,,555,1,55.0,555,0,,,draft,Solar Kit|Neosolar,0,0,1,0,Solar Kit Grid-Tie
,,,,kits,BRL,Neosolar,NEO-22114,,,,,,"Kit Gerador Energia Solar 1,11kWp - Microinversor Deye c/ Wifi SUN2000 C/ Base p/ Laje",,,555,2,11.0,1110,0,,,draft,Solar Kit|Neosolar,0,0,2,0,Solar Kit Grid-Tie
,,,,kits,BRL,Neosolar,NEO-22119,,,,,,"Kit Gerador Energia Solar 1,11kWp - Microinversor Deye c/ Wifi SUN2000 C/ Est. Solo",,,555,2,11.0,1110,0,,,draft,Solar Kit|Neosolar,0,0,2,0,Solar Kit Grid-Tie
,,,,kits,BRL,Neosolar,NEO-22104,,,,,,"Kit Gerador Energia Solar 1,66kWp - Microinversor Deye c/ Wifi SUN2000 S/ Estrutura",,,555,3,66.0,1665,0,,,draft,Solar Kit|Neosolar,0,0,3,0,Solar Kit Grid-Tie
,,,,kits,BRL,Neosolar,NEO-22103,,,,,,"Kit Gerador Energia Solar 1,11kWp - Microinversor Deye c/ Wifi SUN2000 S/ Estrutura",,,555,2,11.0,1110,0,,,draft,Solar Kit|Neosolar,0,0,2,0,Solar Kit Grid-Tie
,,,,kits,BRL,Neosolar,NEO-22410,,,,,1,"Kit Gerador Energia Solar 0,58 kWp - Microinversor Deye c/ Wifi SUN2000 - Painel OSDA (Para Solo)",,,0,58,58.0,580,0,,,draft,Solar Kit|Neosolar,0,1,59,0,Solar Kit Grid-Tie
,,,,kits,BRL,Neosolar,NEO-22406,,,,,1,"Kit Gerador Energia Solar 0,58 kWp - Microinversor Deye c/ Wifi SUN2000 - Painel OSDA (Cerâmica)",,,0,58,58.0,580,0,,,draft,Solar Kit|Neosolar,0,1,59,0,Solar Kit Grid-Tie
,,,,kits,BRL,Neosolar,NEO-22353,,,,,1,"Kit Gerador Energia Solar 0,59 kWp - Microinversor Deye c/ Wifi SUN2000 - Painel Luxen - Estrutura Madeira",,,0,595,59.0,595,0,,,draft,Solar Kit|Neosolar,0,1,596,0,Solar Kit Grid-Tie
,,,,kits,BRL,Neosolar,NEO-22338,,,,,1,"Kit Gerador Energia Solar 1,19 kWp - Microinversor Deye c/ Wifi SUN2000 - Painel Luxen - Estrutura Cerâmica",,,0,19,19.0,1190,0,,,draft,Solar Kit|Neosolar,0,1,21,0,Solar Kit Grid-Tie
,,,,kits,BRL,Neosolar,NEO-22355,,,,,1,"Kit Gerador Energia Solar 0,59 kWp - Microinversor Deye c/ Wifi SUN2000 - Painel Luxen - Estrutura Para Laje",,,0,595,59.0,595,0,,,draft,Solar Kit|Neosolar,0,1,596,0,Solar Kit Grid-Tie
,,,,kits,BRL,Neosolar,NEO-22354,,,,,1,"Kit Gerador Energia Solar 0,59 kWp - Microinversor Deye c/ Wifi SUN2000 - Painel Luxen - Estrutura Metálica",,,0,595,59.0,595,0,,,draft,Solar Kit|Neosolar,0,1,596,0,Solar Kit Grid-Tie
,,,,kits,BRL,Neosolar,NEO-22351,,,,,1,"Kit Gerador Energia Solar 0,59 kWp - Microinversor Deye c/ Wifi SUN2000 - Painel Luxen - S/ estrutura",,,0,595,59.0,595,0,,,draft,Solar Kit|Neosolar,0,1,596,0,Solar Kit Grid-Tie
,,,,kits,BRL,Neosolar,NEO-22110,,,,,,"Kit Gerador Energia Solar 0,55kWp - Microinversor Deye c/ Wifi SUN2000 C/ Mini Trilho",,,555,1,55.0,555,0,,,draft,Solar Kit|Neosolar,0,0,1,0,Solar Kit Grid-Tie
,,,,kits,BRL,Neosolar,NEO-22332,,,,,1,"Kit Gerador Energia Solar 2,38 kWp - Microinversor Deye c/ Wifi SUN2000 - Painel Luxen - Estrutura Madeira",,,0,38,38.0,2380,0,,,draft,Solar Kit|Neosolar,0,1,42,0,Solar Kit Grid-Tie
,,,,kits,BRL,Neosolar,NEO-22225,,,,,1,"Kit Gerador Energia Solar 1,65 kWp - Microinversor Deye c/ Wifi SUN2000 - Painel Sunova (Metal)",,,0,65,65.0,1650,0,,,draft,Solar Kit|Neosolar,0,1,68,0,Solar Kit Grid-Tie
,,,,kits,BRL,Neosolar,NEO-22229,,,,,1,"Kit Gerador Energia Solar 2,20 kWp - Microinversor Deye c/ Wifi SUN2000 - Painel Sunova (Cerâmica)",,,0,20,20.0,2200,0,,,draft,Solar Kit|Neosolar,0,1,24,0,Solar Kit Grid-Tie
,,,,kits,BRL,Neosolar,NEO-22289,,,,,1,"Kit Gerador Energia Solar 1,74 kWp - Microinversor Deye c/ Wifi SUN2000 - Painel Sunova (Cerâmica)",,,0,74,74.0,1740,0,,,draft,Solar Kit|Neosolar,0,1,77,0,Solar Kit Grid-Tie
,,,,kits,BRL,Neosolar,NEO-22227,,,,,1,"Kit Gerador Energia Solar 1,65 kWp - Microinversor Deye c/ Wifi SUN2000 - Painel Sunova (Sem Estrutura)",,,0,65,65.0,1650,0,,,draft,Solar Kit|Neosolar,0,1,68,0,Solar Kit Grid-Tie
,,,,kits,BRL,Neosolar,NEO-22330,,,,,1,"Kit Gerador Energia Solar 2,38 kWp - Microinversor Deye c/ Wifi SUN2000 - Painel Luxen - S/ estrutura",,,0,38,38.0,2380,0,,,draft,Solar Kit|Neosolar,0,1,42,0,Solar Kit Grid-Tie
,,,,kits,BRL,Neosolar,NEO-22499,,,,,1,"Kit Gerador Energia Solar 1,11 kWp - Microinversor Deye c/ Wifi SUN2000 - Painel ReneSola (Mini Trilho)",,,0,11,11.0,1110,0,,,draft,Solar Kit|Neosolar,0,1,13,0,Solar Kit Grid-Tie
,,,,kits,BRL,Neosolar,NEO-22111,,,,,,"Kit Gerador Energia Solar 0,55kWp - Microinversor Deye c/ Wifi SUN2000 C/ Parafuso (Madeira)",,,555,1,55.0,555,0,,,draft,Solar Kit|Neosolar,0,0,1,0,Solar Kit Grid-Tie
,,,,kits,BRL,Neosolar,NEO-22513,,,,,1,"Kit Gerador Energia Solar 2,22 kWp - Microinversor Deye c/ Wifi SUN2000 - Painel ReneSola (Mini Trilho)",,,0,22,22.0,2220,0,,,draft,Solar Kit|Neosolar,0,1,26,0,Solar Kit Grid-Tie
,,,,kits,BRL,Neosolar,NEO-22497,,,,,1,"Kit Gerador Energia Solar 1,11 kWp - Microinversor Deye c/ Wifi SUN2000 - Painel ReneSola (Para Laje)",,,0,11,11.0,1110,0,,,draft,Solar Kit|Neosolar,0,1,13,0,Solar Kit Grid-Tie
,,,,kits,BRL,Neosolar,NEO-22509,,,,,1,"Kit Gerador Energia Solar 1,66 kWp - Microinversor Deye c/ Wifi SUN2000 - Painel ReneSola (Para Solo)",,,0,66,66.0,1665,0,,,draft,Solar Kit|Neosolar,0,1,69,0,Solar Kit Grid-Tie
,,,,kits,BRL,Neosolar,NEO-22109,,,,,,"Kit Gerador Energia Solar 0,55kWp - Microinversor Deye c/ Wifi SUN2000 C/ Gancho P/ Cerâmica",,,555,1,55.0,555,0,,,draft,Solar Kit|Neosolar,0,0,1,0,Solar Kit Grid-Tie
,,,,kits,BRL,Neosolar,NEO-21767,,,,,1,"Kit Gerador Energia Solar 2,32 kWp - Microinversor Deye c/ Wifi SUN2000 - Painel OSDA (cerâmica)",,,0,32,32.0,2320,0,,,draft,Solar Kit|Neosolar,0,1,36,0,Solar Kit Grid-Tie
,,,,kits,BRL,Neosolar,NEO-21261,,,,,1,"Kit Gerador Energia Solar 0,58 kWp - Microinversor Deye c/ Wifi SUN2000 - Painel OSDA (Solo)",,,0,58,58.0,580,0,,,draft,Solar Kit|Neosolar,0,1,59,0,Solar Kit Grid-Tie
,,,,kits,BRL,Neosolar,NEO-21257,,,,,1,"Kit Gerador Energia Solar 0,58 kWp - Microinversor Deye c/ Wifi SUN2000 - Painel OSDA (Madeira)",,,0,58,58.0,580,0,,,draft,Solar Kit|Neosolar,0,1,59,0,Solar Kit Grid-Tie
,,,,kits,BRL,Neosolar,NEO-21256,,,,,1,"Kit Gerador Energia Solar 0,58 kWp - Microinversor Deye c/ Wifi SUN2000 - Painel OSDA (Cerâmica)",,,0,58,58.0,580,0,,,draft,Solar Kit|Neosolar,0,1,59,0,Solar Kit Grid-Tie
,,,,kits,BRL,Neosolar,NEO-21768,,,,,1,"Kit Gerador Energia Solar 1,16 kWp - Microinversor Deye c/ Wifi SUN2000 - Painel OSDA Com Estrutura",,,0,16,16.0,1160,0,,,draft,Solar Kit|Neosolar,0,1,18,0,Solar Kit Grid-Tie
,,,,kits,BRL,Neosolar,NEO-21251,,,,,1,"Kit Gerador Energia Solar 1,74 kWp - Microinversor Deye c/ Wifi SUN2000 - Painel OSDA Com Estrutura",,,0,74,74.0,1740,0,,,draft,Solar Kit|Neosolar,0,1,77,0,Solar Kit Grid-Tie
,,,,kits,BRL,Neosolar,NEO-21236,,,,,1,"Kit Gerador Energia Solar 2,32 kWp - Microinversor Deye c/ Wifi SUN2000 - Painel OSDA (Madeira)",,,0,32,32.0,2320,0,,,draft,Solar Kit|Neosolar,0,1,36,0,Solar Kit Grid-Tie
,,,,kits,BRL,Neosolar,NEO-21252,,,,,1,"Kit Gerador Energia Solar 1,74 kWp - Microinversor Deye c/ Wifi SUN2000 - Painel OSDA Com Estrtura",,,0,74,74.0,1740,0,,,draft,Solar Kit|Neosolar,0,1,77,0,Solar Kit Grid-Tie
,,,,kits,BRL,Neosolar,NEO-21776,,,,,1,"Kit Gerador Energia Solar 0,58 kWp - Microinversor Deye c/ Wifi SUN2000 - Painel OSDA (Madeira)",,,0,58,58.0,580,0,,,draft,Solar Kit|Neosolar,0,1,59,0,Solar Kit Grid-Tie
,,,,kits,BRL,Neosolar,NEO-21775,,,,,1,"Kit Gerador Energia Solar 0,58 kWp - Microinversor Deye c/ Wifi SUN2000 - Painel OSDA (Cerâmica)",,,0,58,58.0,580,0,,,draft,Solar Kit|Neosolar,0,1,59,0,Solar Kit Grid-Tie
,,,,kits,BRL,Neosolar,NEO-21950,,,,,,"Kit Energia Solar On Grid Híbrido - 2,90kWp 5000Wh Lítio 220V - Sem Estrutura",,,0,1,90.0,0,0,,,draft,Solar Kit|Neosolar,0,0,1,0,Solar Kit Hybrid
,,,,kits,BRL,Neosolar,NEO-21544,,,,,,"Kit Energia Solar On Grid Híbrido - 4,14kWp 5000Wh Lítio 220V - Sem Estrutura",,,0,1,14.0,0,0,,,draft,Solar Kit|Neosolar,0,0,1,0,Solar Kit Hybrid
,,2,48,kits,BRL,Neosolar,NEO-24896,,,,,1,"Kit Energia Solar On Grid Híbrido - 6,1kWp 4,8kWh Lítio 48V (24896)",,,610,10,1.0,6100,0,,,draft,Solar Kit|Neosolar,2,1,10,0,Solar Kit Hybrid
,,1,48,kits,BRL,Neosolar,NEO-24894,,,,,1,"Kit Energia Solar On Grid Híbrido - 6,1kWp 4,8kWh Lítio 48V (24894)",,,610,10,1.0,6100,0,,,draft,Solar Kit|Neosolar,1,1,10,0,Solar Kit Hybrid
,,3,48,kits,BRL,Neosolar,NEO-24897,,,,,1,"Kit Energia Solar On Grid Híbrido - 6,1kWp 4,8kWh Lítio 48V (24897)",,,610,10,1.0,6100,0,,,draft,Solar Kit|Neosolar,3,1,10,0,Solar Kit Hybrid
,,2,48,kits,BRL,Neosolar,NEO-24895,,,,,1,"Kit Energia Solar On Grid Híbrido - 6,1kWp 4,8kWh Lítio 48V (24895)",,,610,10,1.0,6100,0,,,draft,Solar Kit|Neosolar,2,1,10,0,Solar Kit Hybrid
,,1,48,kits,BRL,Neosolar,NEO-24893,,,,,1,"Kit Energia Solar On Grid Híbrido - 6,1kWp 4,8kWh Lítio 48V (24893)",,,610,10,1.0,6100,0,,,draft,Solar Kit|Neosolar,1,1,10,0,Solar Kit Hybrid
,,1,48,kits,BRL,Neosolar,NEO-24904,,,,,1,"Kit Energia Solar On Grid Híbrido - 9,76kWp 4,8kWh Lítio 48V (24904)",,,610,16,76.0,9760,0,,,draft,Solar Kit|Neosolar,1,1,16,0,Solar Kit Hybrid
,,1,48,kits,BRL,Neosolar,NEO-24891,,,,,1,"Kit Energia Solar On Grid Híbrido - 3,66kWp 4,8kWh Lítio 48V (24891)",,,610,6,66.0,3660,0,,,draft,Solar Kit|Neosolar,1,1,6,0,Solar Kit Hybrid
,,,,kits,BRL,Neosolar,NEO-25066,,,,,3,"Kit de Energia Solar On Grid - 8,54kWp (P/ Cerâmica)",,,610,14,54.0,8540,0,,,draft,Solar Kit|Neosolar,0,3,14,0,Solar Kit Grid-Tie
,,,,kits,BRL,Neosolar,NEO-25062,,,,,2,"Kit de Energia Solar On Grid - 3,66kWp (P/ Cerâmica)",,,610,6,66.0,3660,0,,,draft,Solar Kit|Neosolar,0,2,6,0,Solar Kit Grid-Tie
,,,,kits,BRL,Neosolar,NEO-25086,,,,,2,"Kit de Energia Solar On Grid - 3,66kWp (P/ Mini Trilhos)",,,610,6,66.0,3660,0,,,draft,Solar Kit|Neosolar,0,2,6,0,Solar Kit Grid-Tie
,,,,kits,BRL,Neosolar,NEO-25070,,,,,2,"Kit de Energia Solar On Grid - 3,66kWp (P/ Madeira)",,,610,6,66.0,3660,0,,,draft,Solar Kit|Neosolar,0,2,6,0,Solar Kit Grid-Tie
,,,,kits,BRL,Neosolar,NEO-25071,,,,,2,"Kit de Energia Solar On Grid - 4,88kWp (P/ Madeira)",,,610,8,88.0,4880,0,,,draft,Solar Kit|Neosolar,0,2,8,0,Solar Kit Grid-Tie
,,,,kits,BRL,Neosolar,NEO-25073,,,,,2,"Kit de Energia Solar On Grid - 7,32kWp (P/ Madeira)",,,610,12,32.0,7320,0,,,draft,Solar Kit|Neosolar,0,2,12,0,Solar Kit Grid-Tie
,,,,kits,BRL,Neosolar,NEO-24980,,,,,3,"Kit de Energia Solar On Grid - 9,15kWp (Sem Estrutura)",,,610,15,15.0,9150,0,,,draft,Solar Kit|Neosolar,0,3,15,0,Solar Kit Grid-Tie
,,,,kits,BRL,Neosolar,NEO-24979,,,,,3,"Kit de Energia Solar On Grid - 8,54kWp (Sem Estrutura)",,,610,14,54.0,8540,0,,,draft,Solar Kit|Neosolar,0,3,14,0,Solar Kit Grid-Tie
,,,,kits,BRL,Neosolar,NEO-25079,,,,,2,"Kit de Energia Solar On Grid - 4,88kWp (P/ Metal)",,,610,8,88.0,4880,0,,,draft,Solar Kit|Neosolar,0,2,8,0,Solar Kit Grid-Tie
,,,,kits,BRL,Neosolar,NEO-25085,,,,,3,"Kit de Energia Solar On Grid - 12,81kWp (P/ Metal)",,,610,21,81.0,12810,0,,,draft,Solar Kit|Neosolar,0,3,21,0,Solar Kit Grid-Tie
,,,,kits,BRL,Neosolar,NEO-25091,,,,,3,"Kit de Energia Solar On Grid - 9,15kWp (P/ Mini Trilho)",,,610,15,15.0,9150,0,,,draft,Solar Kit|Neosolar,0,3,15,0,Solar Kit Grid-Tie
,,,,kits,BRL,Neosolar,NEO-25084,,,,,3,"Kit de Energia Solar On Grid - 12,20kWp (P/ Metal)",,,610,20,20.0,12200,0,,,draft,Solar Kit|Neosolar,0,3,20,0,Solar Kit Grid-Tie
,,,,kits,BRL,Neosolar,NEO-25082,,,,,3,"Kit de Energia Solar On Grid - 8,54kWp (P/ Metal)",,,610,14,54.0,8540,0,,,draft,Solar Kit|Neosolar,0,3,14,0,Solar Kit Grid-Tie
,,,,kits,BRL,Neosolar,NEO-25088,,,,,2,"Kit de Energia Solar On Grid - 6,10kWp (P/ Mini Trilho)",,,610,10,10.0,6100,0,,,draft,Solar Kit|Neosolar,0,2,10,0,Solar Kit Grid-Tie
,,,,kits,BRL,Neosolar,NEO-25080,,,,,2,"Kit de Energia Solar On Grid - 6,10kWp (P/ Metal)",,,610,10,10.0,6100,0,,,draft,Solar Kit|Neosolar,0,2,10,0,Solar Kit Grid-Tie
,,,,kits,BRL,Neosolar,NEO-21042,,,,,1,"Kit Gerador Energia Solar 2,38 kWp - Microinversor Deye c/ Wifi SUN2000 - Painel Luxen (Madeira)",,,0,38,38.0,2380,0,,,draft,Solar Kit|Neosolar,0,1,42,0,Solar Kit Grid-Tie
,,,,kits,BRL,Neosolar,NEO-21069,,,,,1,"Kit Gerador Energia Solar 1,78 kWp - Microinversor Deye c/ Wifi SUN2000 - Painel Luxen (Madeira)",,,0,78,78.0,1785,0,,,draft,Solar Kit|Neosolar,0,1,81,0,Solar Kit Grid-Tie
,,,,kits,BRL,Neosolar,NEO-21058,,,,,1,"Kit Gerador Energia Solar 1,15 kWp - Microinversor Deye c/ Wifi SUN2000 - Painel OSDA (Metálica)",,,0,15,15.0,1150,0,,,draft,Solar Kit|Neosolar,0,1,17,0,Solar Kit Grid-Tie
,,,,kits,BRL,Neosolar,NEO-21041,,,,,1,"Kit Gerador Energia Solar 2,38 kWp - Microinversor Deye c/ Wifi SUN2000 - Painel Luxen (Cerâmica)",,,0,38,38.0,2380,0,,,draft,Solar Kit|Neosolar,0,1,42,0,Solar Kit Grid-Tie
,,,,kits,BRL,Neosolar,NEO-21059,,,,,1,"Kit Gerador Energia Solar 1,15 kWp - Microinversor Deye c/ Wifi SUN2000 - Painel OSDA (Laje)",,,0,15,15.0,1150,0,,,draft,Solar Kit|Neosolar,0,1,17,0,Solar Kit Grid-Tie
,,,,kits,BRL,Neosolar,NEO-21056,,,,,1,"Kit Gerador Energia Solar 1,15 kWp - Microinversor Deye c/ Wifi SUN2000 - Painel OSDA (Cerâmica)",,,0,15,15.0,1150,0,,,draft,Solar Kit|Neosolar,0,1,17,0,Solar Kit Grid-Tie
,,,,kits,BRL,Neosolar,NEO-21045,,,,,1,"Kit Gerador Energia Solar 2,30 kWp - Microinversor Deye c/ Wifi SUN2000 - Painel OSDA (Cerâmica)",,,0,30,30.0,2300,0,,,draft,Solar Kit|Neosolar,0,1,34,0,Solar Kit Grid-Tie
,,,,kits,BRL,Neosolar,NEO-21044,,,,,1,"Kit Gerador Energia Solar 2,30 kWp - Microinversor Deye c/ Wifi SUN2000 - Painel OSDA (Para Laje)",,,0,30,30.0,2300,0,,,draft,Solar Kit|Neosolar,0,1,34,0,Solar Kit Grid-Tie
,,,,kits,BRL,Neosolar,NEO-21054,,,,,1,"Kit Gerador Energia Solar 1,19 kWp - Microinversor Deye c/ Wifi SUN2000 - Painel Luxen Com Estrutura",,,0,19,19.0,1190,0,,,draft,Solar Kit|Neosolar,0,1,21,0,Solar Kit Grid-Tie
,,,,kits,BRL,Neosolar,NEO-22873,,,,,1,"Kit Gerador Energia Solar 2,32 kWp - Microinversor Deye c/ Wifi SUN2250 - Painel OSDA- Madeira",,,0,32,32.0,2320,0,,,draft,Solar Kit|Neosolar,0,1,36,0,Solar Kit Grid-Tie
,,,,kits,BRL,Neosolar,NEO-22874,,,,,1,"Kit Gerador Energia Solar 2,32 kWp - Microinversor Deye c/ Wifi SUN2250 - Painel OSDA- Metal",,,0,32,32.0,2320,0,,,draft,Solar Kit|Neosolar,0,1,36,0,Solar Kit Grid-Tie
,,,,kits,BRL,Neosolar,NEO-22870,,,,,1,"Kit Gerador Energia Solar 1,74 kWp - Microinversor Deye c/ Wifi SUN2250 - Painel OSDA- Metal",,,0,74,74.0,1740,0,,,draft,Solar Kit|Neosolar,0,1,77,0,Solar Kit Grid-Tie
,,,,kits,BRL,Neosolar,NEO-22979,,,,,1,"Kit Gerador Energia Solar 0,58 kWp - Microinversor Deye c/ Wifi SUN2250 - Painel OSDA- Madeira",,,0,58,58.0,580,0,,,draft,Solar Kit|Neosolar,0,1,59,0,Solar Kit Grid-Tie
,,,,kits,BRL,Neosolar,NEO-22872,,,,,1,"Kit Gerador Energia Solar 2,32 kWp - Microinversor Deye c/ Wifi SUN2250 - Painel OSDA- Mini Trilho",,,0,32,32.0,2320,0,,,draft,Solar Kit|Neosolar,0,1,36,0,Solar Kit Grid-Tie
,,,,kits,BRL,Neosolar,NEO-22985,,,,,1,"Kit Gerador Energia Solar 1,16 kWp - Microinversor Deye c/ Wifi SUN2250 - Painel OSDA- Mini Trilho",,,0,16,16.0,1160,0,,,draft,Solar Kit|Neosolar,0,1,18,0,Solar Kit Grid-Tie
,,,,kits,BRL,Neosolar,NEO-22868,,,,,1,"Kit Gerador Energia Solar 1,74 kWp - Microinversor Deye c/ Wifi SUN2250 - Painel OSDA- Mini Trilho",,,0,74,74.0,1740,0,,,draft,Solar Kit|Neosolar,0,1,77,0,Solar Kit Grid-Tie
,,,,kits,BRL,Neosolar,NEO-22889,,,,,1,"Kit Gerador Energia Solar 2,32 kWp - Microinversor Deye c/ Wifi SUN2000 - Painel OSDA",,,0,32,32.0,2320,0,,,draft,Solar Kit|Neosolar,0,1,36,0,Solar Kit Grid-Tie
,,6,48,kits,BRL,Neosolar,NEO-26806,,,,,1,"Kit Energia Solar On Grid Híbrido - 9,92kWp 4,8kWh Lítio 48V (26806)",,,620,16,92.0,9920,0,,,draft,Solar Kit|Neosolar,6,1,16,0,Solar Kit Hybrid
,,5,48,kits,BRL,Neosolar,NEO-26805,,,,,1,"Kit Energia Solar On Grid Híbrido - 9,92kWp 4,8kWh Lítio 48V (26805)",,,620,16,92.0,9920,0,,,draft,Solar Kit|Neosolar,5,1,16,0,Solar Kit Hybrid
,,2,48,kits,BRL,Neosolar,NEO-26802,,,,,1,"Kit Energia Solar On Grid Híbrido - 9,92kWp 4,8kWh Lítio 48V (26802)",,,620,16,92.0,9920,32461.36,,,draft,Solar Kit|Neosolar,2,1,16,0,Solar Kit Hybrid
,,1,48,kits,BRL,Neosolar,NEO-26801,,,,,1,"Kit Energia Solar On Grid Híbrido - 9,92kWp 4,8kWh Lítio 48V (26801)",,,620,16,92.0,9920,28057.03,,,draft,Solar Kit|Neosolar,1,1,16,0,Solar Kit Hybrid
,,1,48,kits,BRL,Neosolar,NEO-26645,,,,,1,"Kit Energia Solar On Grid Híbrido - 3,72kWp 4,8kWh Lítio 48V (26645)",,,620,6,72.0,3720,15379.46,,,draft,Solar Kit|Neosolar,1,1,6,0,Solar Kit Hybrid
,,,,kits,BRL,Neosolar,NEO-27044,,,,,3,"Kit de Energia Solar On Grid 13,02KWP-OS 10,0KW LI s/ Estrutura",,,620,21,2.0,13020,15381.27,,,draft,Solar Kit|Neosolar,0,3,21,0,Solar Kit Grid-Tie
,,,,kits,BRL,Neosolar,NEO-26933,,,,,1,Kit Gerador Energia Solar 1.86kWp - Microinversor Deye c/ Wifi SUN2250 - Painel DAH Solar c/ Solo,,,0,1,1.86,1860,3256.61,,,draft,Solar Kit|Neosolar,0,1,5,0,Solar Kit Grid-Tie
,,,,kits,BRL,Neosolar,NEO-26947,,,,,1,Kit Gerador Energia Solar 0.62kWp - Microinversor Deye c/ Wifi SUN2250 - Painel DAH Solar c/ Solo,,,0,1,0.62,620,2489.31,,,draft,Solar Kit|Neosolar,0,1,3,0,Solar Kit Grid-Tie
,,,,kits,BRL,Neosolar,NEO-27070,,,,,2,"Kit de Energia Solar On Grid 8,6KWP-OS 7,5KW LI Estrutura Metálica",,,620,14,6.0,8680,12377.37,,,draft,Solar Kit|Neosolar,0,2,14,0,Solar Kit Grid-Tie
,,,,kits,BRL,Neosolar,NEO-27046,,,,,3,"Kit de Energia Solar On Grid 13,02KWP-OS 10,0KW LI Estrutura p/ Cerâmica",,,620,21,2.0,13020,17603.97,,,draft,Solar Kit|Neosolar,0,3,21,0,Solar Kit Grid-Tie
,,,,kits,BRL,Neosolar,NEO-27053,,,,,2,"Kit de Energia Solar On Grid 12,4KWP-OS 10,0KW LI Estrutura c/ Cerâmica",,,620,20,4.0,12400,16497.27,,,draft,Solar Kit|Neosolar,0,2,20,0,Solar Kit Grid-Tie
,,,,kits,BRL,Neosolar,NEO-27055,,,,,2,"Kit de Energia Solar On Grid 12,4KWP-OS 10,0KW LI Estrutura p/ Madeira",,,620,20,4.0,12400,16497.27,,,draft,Solar Kit|Neosolar,0,2,20,0,Solar Kit Grid-Tie
,,,,kits,BRL,Neosolar,NEO-27056,,,,,2,"Kit de Energia Solar On Grid 12,4KWP-OS 10,0KW LI Estrutura Metálica",,,620,20,4.0,12400,16497.27,,,draft,Solar Kit|Neosolar,0,2,20,0,Solar Kit Grid-Tie
,,,,kits,BRL,Neosolar,NEO-27051,,,,,2,"Kit de Energia Solar On Grid 12,4KWP-OS 10,0KW LI s/ Estrutura",,,620,20,4.0,12400,14646.57,,,draft,Solar Kit|Neosolar,0,2,20,0,Solar Kit Grid-Tie
,,,,kits,BRL,Neosolar,NEO-27048,,,,,3,"Kit de Energia Solar On Grid 13,02KWP-OS 10,0KW LI Estrutura p/ Madeira",,,620,21,2.0,13020,17603.97,,,draft,Solar Kit|Neosolar,0,3,21,0,Solar Kit Grid-Tie
,,,,kits,BRL,Neosolar,NEO-27049,,,,,3,"Kit de Energia Solar On Grid 13,02KWP-OS 10,0KW LI Estrutura Metálica",,,620,21,2.0,13020,17603.97,,,draft,Solar Kit|Neosolar,0,3,21,0,Solar Kit Grid-Tie
,,,,kits,BRL,Neosolar,NEO-27063,,,,,3,"Kit de Energia Solar On Grid 9,3KWP-OS 7,5KW LI Estrutura Metálica",,,620,15,3.0,9300,13158.57,,,draft,Solar Kit|Neosolar,0,3,15,0,Solar Kit Grid-Tie
,,,,kits,BRL,Neosolar,NEO-27125,,,,,2,"Kit de Energia Solar On Grid 5,65KWP-OS 5KW LI Estrutura p/ Madeira",,,565,10,65.0,5650,8657.37,,,draft,Solar Kit|Neosolar,0,2,10,0,Solar Kit Grid-Tie
,,,,kits,BRL,Neosolar,NEO-27126,,,,,2,"Kit de Energia Solar On Grid 5,65KWP-OS 5KW LI Estrutura Metálica",,,565,10,65.0,5650,8657.37,,,draft,Solar Kit|Neosolar,0,2,10,0,Solar Kit Grid-Tie
,,,,kits,BRL,Neosolar,NEO-27118,,,,,1,"Kit de Energia Solar On Grid 4,52KWP-OS 5KW LI Estrutura p/ Mini Trilho",,,565,8,52.0,4520,6853.17,,,draft,Solar Kit|Neosolar,0,1,8,0,Solar Kit Grid-Tie
,,,,kits,BRL,Neosolar,NEO-27127,,,,,2,"Kit de Energia Solar On Grid 5,65KWP-OS 5KW LI Estrutura p/ Solo",,,565,10,65.0,5650,8936.37,,,draft,Solar Kit|Neosolar,0,2,10,0,Solar Kit Grid-Tie
,,,,kits,BRL,Neosolar,NEO-27123,,,,,2,"Kit de Energia Solar On Grid 5,65KWP-OS 5KW LI c/ Gancho p/ Cerâmica",,,565,10,65.0,5650,8657.37,,,draft,Solar Kit|Neosolar,0,2,10,0,Solar Kit Grid-Tie
,,,,kits,BRL,Neosolar,NEO-27117,,,,,1,"Kit de Energia Solar On Grid 4,52KWP-OS 5KW LI c/ Gancho p/ Cerâmica",,,565,8,52.0,4520,6853.17,,,draft,Solar Kit|Neosolar,0,1,8,0,Solar Kit Grid-Tie
,,,,kits,BRL,Neosolar,NEO-27110,,,,,1,"Kit de Energia Solar On Grid 3,39KWP-OS 5KW LI Estrutura p/ Laje",,,565,6,39.0,3390,5504.67,,,draft,Solar Kit|Neosolar,0,1,6,0,Solar Kit Grid-Tie
,,,,kits,BRL,Neosolar,NEO-27035,,,,,3,"Kit de Energia Solar On Grid 11,86KWP-OS 10,0KW LI c/ Estrutura c/ Mini Trilho",,,565,21,86.0,11865,16906.47,,,draft,Solar Kit|Neosolar,0,3,21,0,Solar Kit Grid-Tie
,,,,kits,BRL,Neosolar,NEO-27124,,,,,2,"Kit de Energia Solar On Grid 5,65KWP-OS 5KW LI Estrutura c/ Mini Trilho",,,565,10,65.0,5650,8657.37,,,draft,Solar Kit|Neosolar,0,2,10,0,Solar Kit Grid-Tie
,,,,kits,BRL,Neosolar,NEO-27119,,,,,1,"Kit de Energia Solar On Grid 4,52KWP-OS 5KW LI Estrutura p/ Madeira",,,565,8,52.0,4520,6853.17,,,draft,Solar Kit|Neosolar,0,1,8,0,Solar Kit Grid-Tie
,,,,kits,BRL,Neosolar,NEO-27111,,,,,1,"Kit de Energia Solar On Grid 3,39KWP-OS 5KW LI Estrutura c/ Mini Trilho",,,565,6,39.0,3390,5225.67,,,draft,Solar Kit|Neosolar,0,1,6,0,Solar Kit Grid-Tie
,,,,kits,BRL,Neosolar,NEO-27031,,,,,2,"Kit de Energia Solar On Grid 9,3KWP-OS 10,0KW LI Estrutura c/ Solo",,,565,20,3.0,11300,13493.37,,,draft,Solar Kit|Neosolar,0,2,20,0,Solar Kit Grid-Tie
,,,,kits,BRL,Neosolar,NEO-27010,,,,,2,"Kit de Energia Solar On Grid 6,7KWP-OS 6KW LI s/ Estrutura",,,565,12,7.0,6780,9020.07,,,draft,Solar Kit|Neosolar,0,2,12,0,Solar Kit Grid-Tie
,,1,48,kits,BRL,Neosolar,NEO-27295,,,,,,"Kit de Energia Solar Off Grid c/ Inv-car - 2,5kWp 100Ah 48/220V Lítio",,,565,4,5.0,2260,12198.95,,,draft,Solar Kit|Neosolar,1,0,4,0,Solar Kit Off-Grid
,,6,48,kits,BRL,Neosolar,NEO-26763,,,,,1,"Kit Energia Solar On Grid Híbrido - 9.04kWp 4,8kWh Lítio 48V (26763)",,,565,16,9.04,9040,0,,,draft,Solar Kit|Neosolar,6,1,16,0,Solar Kit Hybrid
,,5,48,kits,BRL,Neosolar,NEO-26762,,,,,1,"Kit Energia Solar On Grid Híbrido - 9.04kWp 4,8kWh Lítio 48V (26762)",,,565,16,9.04,9040,0,,,draft,Solar Kit|Neosolar,5,1,16,0,Solar Kit Hybrid
,,2,48,kits,BRL,Neosolar,NEO-26759,,,,,1,"Kit Energia Solar On Grid Híbrido - 9.04kWp 4,8kWh Lítio 48V (26759)",,,565,16,9.04,9040,29423.89,,,draft,Solar Kit|Neosolar,2,1,16,0,Solar Kit Hybrid
,,1,48,kits,BRL,Neosolar,NEO-26764,,,,,1,"Kit Energia Solar On Grid Híbrido - 3,95kWp 4,8kWh Lítio 48V (26764)",,,565,7,95.0,3955,20930.41,,,draft,Solar Kit|Neosolar,1,1,7,0,Solar Kit Hybrid
,,4,48,kits,BRL,Neosolar,NEO-26642,,,,,1,"Kit Energia Solar On Grid Híbrido - 13.56kWp 4,8kWh Lítio 48V (26642)",,,565,24,13.56,13560,0,,,draft,Solar Kit|Neosolar,4,1,24,0,Solar Kit Hybrid
,,1,48,kits,BRL,Neosolar,NEO-26776,,,,,1,"Kit Energia Solar On Grid Híbrido - 7.35kWp 4,8kWh Lítio 48V (26776)",,,565,13,7.35,7345,0,,,draft,Solar Kit|Neosolar,1,1,13,0,Solar Kit Hybrid
,,3,48,kits,BRL,Neosolar,NEO-26641,,,,,1,"Kit Energia Solar On Grid Híbrido - 13.56kWp 4,8kWh Lítio 48V (26641)",,,565,24,13.56,13560,0,,,draft,Solar Kit|Neosolar,3,1,24,0,Solar Kit Hybrid
,,1,48,kits,BRL,Neosolar,NEO-26777,,,,,1,"Kit Energia Solar On Grid Híbrido - 13.56kWp 4,8kWh Lítio 48V (26777)",,,565,24,13.56,13560,34500.13,,,draft,Solar Kit|Neosolar,1,1,24,0,Solar Kit Hybrid
,,1,48,kits,BRL,Neosolar,NEO-26639,,,,,1,"Kit Energia Solar On Grid Híbrido - 13.56kWp 4,8kWh Lítio 48V (26639)",,,565,24,13.56,13560,0,,,draft,Solar Kit|Neosolar,1,1,24,0,Solar Kit Hybrid
,,1,48,kits,BRL,Neosolar,NEO-26752,,,,,1,"Kit Energia Solar On Grid Híbrido - 3,95kWp 4,8kWh Lítio 48V (26752)",,,565,7,95.0,3955,14171.64,,,draft,Solar Kit|Neosolar,1,1,7,0,Solar Kit Hybrid
,,2,48,kits,BRL,Neosolar,NEO-26778,,,,,1,"Kit Energia Solar On Grid Híbrido - 13.56kWp 4,8kWh Lítio 48V (26778)",,,565,24,13.56,13560,38904.47,,,draft,Solar Kit|Neosolar,2,1,24,0,Solar Kit Hybrid
,,1,48,kits,BRL,Neosolar,NEO-26757,,,,,1,"Kit Energia Solar On Grid Híbrido - 5.08kWp 4,8kWh Lítio 48V (26757)",,,565,9,5.08,5085,21215.08,,,draft,Solar Kit|Neosolar,1,1,9,0,Solar Kit Hybrid
,,5,48,kits,BRL,Neosolar,NEO-26781,,,,,1,"Kit Energia Solar On Grid Híbrido - 13.56kWp 4,8kWh Lítio 48V (26781)",,,565,24,13.56,13560,0,,,draft,Solar Kit|Neosolar,5,1,24,0,Solar Kit Hybrid
,,5,48,kits,BRL,Neosolar,NEO-26824,,,,,1,"Kit Energia Solar On Grid Híbrido - 9.04kWp 4,8kWh Lítio 48V (26824)",,,565,16,9.04,9040,0,,,draft,Solar Kit|Neosolar,5,1,16,0,Solar Kit Hybrid
,,3,48,kits,BRL,Neosolar,NEO-26779,,,,,1,"Kit Energia Solar On Grid Híbrido - 13.56kWp 4,8kWh Lítio 48V (26779)",,,565,24,13.56,13560,0,,,draft,Solar Kit|Neosolar,3,1,24,0,Solar Kit Hybrid
,,4,48,kits,BRL,Neosolar,NEO-26780,,,,,1,"Kit Energia Solar On Grid Híbrido - 13.56kWp 4,8kWh Lítio 48V (26780)",,,565,24,13.56,13560,0,,,draft,Solar Kit|Neosolar,4,1,24,0,Solar Kit Hybrid
,,6,48,kits,BRL,Neosolar,NEO-26825,,,,,1,"Kit Energia Solar On Grid Híbrido - 9.04kWp 4,8kWh Lítio 48V (26825)",,,565,16,9.04,9040,0,,,draft,Solar Kit|Neosolar,6,1,16,0,Solar Kit Hybrid
,,1,48,kits,BRL,Neosolar,NEO-26819,,,,,1,"Kit Energia Solar On Grid Híbrido - 5.08kWp 4,8kWh Lítio 48V (26819)",,,565,9,5.08,5085,21930.71,,,draft,Solar Kit|Neosolar,1,1,9,0,Solar Kit Hybrid
,,2,48,kits,BRL,Neosolar,NEO-26821,,,,,1,"Kit Energia Solar On Grid Híbrido - 9.04kWp 4,8kWh Lítio 48V (26821)",,,565,16,9.04,9040,0,,,draft,Solar Kit|Neosolar,2,1,16,0,Solar Kit Hybrid
,,1,48,kits,BRL,Neosolar,NEO-26814,,,,,1,"Kit Energia Solar On Grid Híbrido - 3,95kWp 4,8kWh Lítio 48V (26814)",,,565,7,95.0,3955,14887.27,,,draft,Solar Kit|Neosolar,1,1,7,0,Solar Kit Hybrid
,,3,48,kits,BRL,Neosolar,NEO-26822,,,,,1,"Kit Energia Solar On Grid Híbrido - 9.04kWp 4,8kWh Lítio 48V (26822)",,,565,16,9.04,9040,0,,,draft,Solar Kit|Neosolar,3,1,16,0,Solar Kit Hybrid
,,1,48,kits,BRL,Neosolar,NEO-26826,,,,,1,"Kit Energia Solar On Grid Híbrido - 3,95kWp 4,8kWh Lítio 48V (26626)",,,565,7,95.0,3955,21646.05,,,draft,Solar Kit|Neosolar,1,1,7,0,Solar Kit Hybrid
,,6,48,kits,BRL,Neosolar,NEO-26782,,,,,1,"Kit Energia Solar On Grid Híbrido - 13.56kWp 4,8kWh Lítio 48V (26782)",,,565,24,13.56,13560,0,,,draft,Solar Kit|Neosolar,6,1,24,0,Solar Kit Hybrid
,,4,48,kits,BRL,Neosolar,NEO-26761,,,,,1,"Kit Energia Solar On Grid Híbrido - 9.04kWp 4,8kWh Lítio 48V (26761)",,,565,16,9.04,9040,0,,,draft,Solar Kit|Neosolar,4,1,16,0,Solar Kit Hybrid
,,3,48,kits,BRL,Neosolar,NEO-26760,,,,,1,"Kit Energia Solar On Grid Híbrido - 9.04kWp 4,8kWh Lítio 48V (26760)",,,565,16,9.04,9040,33828.23,,,draft,Solar Kit|Neosolar,3,1,16,0,Solar Kit Hybrid
,,5,48,kits,BRL,Neosolar,NEO-26643,,,,,1,"Kit Energia Solar On Grid Híbrido - 13.56kWp 4,8kWh Lítio 48V (26643)",,,565,24,13.56,13560,0,,,draft,Solar Kit|Neosolar,5,1,24,0,Solar Kit Hybrid
,,1,48,kits,BRL,Neosolar,NEO-26758,,,,,1,"Kit Energia Solar On Grid Híbrido - 9.04kWp 4,8kWh",,,565,16,9.04,9040,25019.56,,,draft,Solar Kit|Neosolar,1,1,16,0,Solar Kit Hybrid
,,1,48,kits,BRL,Neosolar,NEO-26820,,,,,1,"Kit Energia Solar On Grid Híbrido - 9.04kWp 4,8kWh Lítio 48V (26820)",,,565,16,9.04,9040,0,,,draft,Solar Kit|Neosolar,1,1,16,0,Solar Kit Hybrid
,,4,48,kits,BRL,Neosolar,NEO-26818,,,,,1,"Kit Energia Solar On Grid Híbrido - 5.65kWp 4,8kWh Lítio 48V (26818)",,,565,10,5.65,5650,0,,,draft,Solar Kit|Neosolar,4,1,10,0,Solar Kit Hybrid
,,1,48,kits,BRL,Neosolar,NEO-26838,,,,,1,"Kit Energia Solar On Grid Híbrido - 7.35kWp 4,8kWh Lítio 48V (26838)",,,565,13,7.35,7345,29728.75,,,draft,Solar Kit|Neosolar,1,1,13,0,Solar Kit Hybrid
,,4,48,kits,BRL,Neosolar,NEO-26830,,,,,1,"Kit Energia Solar On Grid Híbrido - 5.65kWp 4,8kWh Lítio 48V (26830)",,,565,10,5.65,5650,0,,,draft,Solar Kit|Neosolar,4,1,10,0,Solar Kit Hybrid
,,4,48,kits,BRL,Neosolar,NEO-26823,,,,,1,"Kit Energia Solar On Grid Híbrido - 9.04kWp 4,8kWh Lítio 48V (26823)",,,565,16,9.04,9040,0,,,draft,Solar Kit|Neosolar,4,1,16,0,Solar Kit Hybrid
,,1,48,kits,BRL,Neosolar,NEO-26614,,,,,1,"Kit Energia Solar On Grid Híbrido - 3,95kWp 4,8kWh Lítio 48V (26614)",,,565,7,95.0,3955,15470.94,,,draft,Solar Kit|Neosolar,1,1,7,0,Solar Kit Hybrid
,,4,48,kits,BRL,Neosolar,NEO-26618,,,,,1,"Kit Energia Solar On Grid Híbrido - 5.65kWp 4,8kWh Lítio 48V (26618)",,,565,10,5.65,5650,0,,,draft,Solar Kit|Neosolar,4,1,10,0,Solar Kit Hybrid
,,6,48,kits,BRL,Neosolar,NEO-26625,,,,,1,"Kit Energia Solar On Grid Híbrido - 9.04kWp 4,8kWh Lítio 48V (26625)",,,565,16,9.04,9040,0,,,draft,Solar Kit|Neosolar,6,1,16,0,Solar Kit Hybrid
,,1,48,kits,BRL,Neosolar,NEO-26626,,,,,1,"Kit Energia Solar On Grid Híbrido - 3,95kWp 4,8kWh Lítio 48V (26626)",,,565,7,95.0,3955,22605.2,,,draft,Solar Kit|Neosolar,1,1,7,0,Solar Kit Hybrid
,,2,48,kits,BRL,Neosolar,NEO-26640,,,,,1,"Kit Energia Solar On Grid Híbrido - 13.56kWp 4,8kWh Lítio 48V (26640)",,,565,24,13.56,13560,0,,,draft,Solar Kit|Neosolar,2,1,24,0,Solar Kit Hybrid
,,4,12,kits,BRL,Neosolar,NEO-26676,,,,,,"Kit de Energia Solar Off Grid c/ Inv-car - 2,26kWp 220Ah 24/220V Chumbo-Carbono",,,565,4,26.0,2260,0,,,draft,Solar Kit|Neosolar,4,0,4,0,Solar Kit Off-Grid
,,6,48,kits,BRL,Neosolar,NEO-26644,,,,,1,"Kit Energia Solar On Grid Híbrido - 13.56kWp 4,8kWh Lítio 48V (26644)",,,565,24,13.56,13560,0,,,draft,Solar Kit|Neosolar,6,1,24,0,Solar Kit Hybrid
,,1,48,kits,BRL,Neosolar,NEO-26638,,,,,1,"Kit Energia Solar On Grid Híbrido - 7.35kWp 4,8kWh Lítio 48V (26638)",,,565,13,7.35,7345,31136.94,,,draft,Solar Kit|Neosolar,1,1,13,0,Solar Kit Hybrid
,,,,kits,BRL,Neosolar,NEO-27024,,,,,2,"Kit de Energia Solar On Grid 8,4KWP-OS 7,5KW LI Estrutura c/ Solo",,,565,15,4.0,8475,12395.97,,,draft,Solar Kit|Neosolar,0,2,15,0,Solar Kit Grid-Tie
,,,,kits,BRL,Neosolar,NEO-27030,,,,,2,"Kit de Energia Solar On Grid 9,3KWP-OS 10,0KW LI Estrutura Metálica",,,565,20,3.0,11300,13121.37,,,draft,Solar Kit|Neosolar,0,2,20,0,Solar Kit Grid-Tie
,,,,kits,BRL,Neosolar,NEO-27112,,,,,1,"Kit de Energia Solar On Grid 3,39KWP-OS 5KW LI Estrutura p/ Madeira",,,565,6,39.0,3390,5225.67,,,draft,Solar Kit|Neosolar,0,1,6,0,Solar Kit Grid-Tie
,,,,kits,BRL,Neosolar,NEO-27009,,,,,2,"Kit de Energia Solar On Grid 6,7KWP-OS 6KW LI Estrutura c/ Solo",,,565,12,7.0,6780,9857.07,,,draft,Solar Kit|Neosolar,0,2,12,0,Solar Kit Grid-Tie
,,,,kits,BRL,Neosolar,NEO-27033,,,,,3,"Kit de Energia Solar On Grid 11,86KWP-OS 10,0KW LI c/ Estrutura p/ Laje",,,565,21,86.0,11865,17743.47,,,draft,Solar Kit|Neosolar,0,3,21,0,Solar Kit Grid-Tie
,,,,kits,BRL,Neosolar,NEO-27019,,,,,2,"Kit de Energia Solar On Grid 8,4KWP-OS 7,5KW LI Estrutura p/ Laje",,,565,15,4.0,8475,12581.97,,,draft,Solar Kit|Neosolar,0,2,15,0,Solar Kit Grid-Tie
,,,,kits,BRL,Neosolar,NEO-27026,,,,,2,"Kit de Energia Solar On Grid 9,3KWP-OS 10,0KW LI Estrutura p/ Laje",,,565,20,3.0,11300,13679.37,,,draft,Solar Kit|Neosolar,0,2,20,0,Solar Kit Grid-Tie
,,,,kits,BRL,Neosolar,NEO-27021,,,,,2,"Kit de Energia Solar On Grid 8,4KWP-OS 7,5KW LI Estrutura c/ Mini Trilho",,,565,15,4.0,8475,12023.97,,,draft,Solar Kit|Neosolar,0,2,15,0,Solar Kit Grid-Tie
,,,,kits,BRL,Neosolar,NEO-27038,,,,,3,"Kit de Energia Solar On Grid 11,86KWP-OS 10,0KW LI c/ Estrutura p/ Solo",,,565,21,86.0,11865,17464.47,,,draft,Solar Kit|Neosolar,0,3,21,0,Solar Kit Grid-Tie
,,,,kits,BRL,Neosolar,NEO-27028,,,,,2,"Kit de Energia Solar On Grid 9,3KWP-OS 10,0KW LI Estrutura c/ Mini Trilho",,,565,20,3.0,11300,13121.37,,,draft,Solar Kit|Neosolar,0,2,20,0,Solar Kit Grid-Tie
,,,,kits,BRL,Neosolar,NEO-27088,,,,,1,"Kit de Energia Solar On Grid 3,39KWP-OS 5KW LI s/ Estrutura",,,565,6,39.0,3390,4862.97,,,draft,Solar Kit|Neosolar,0,1,6,0,Solar Kit Grid-Tie
,,,,kits,BRL,Neosolar,NEO-27032,,,,,3,"Kit de Energia Solar On Grid 11,86KWP-OS 10,0KW LI s/ Estrutura",,,565,21,86.0,11865,15790.47,,,draft,Solar Kit|Neosolar,0,3,21,0,Solar Kit Grid-Tie
,,6,48,kits,BRL,Neosolar,NEO-26837,,,,,1,"Kit Energia Solar On Grid Híbrido - 9.04kWp 4,8kWh Lítio 48V (26837)",,,565,16,9.04,9040,0,,,draft,Solar Kit|Neosolar,6,1,16,0,Solar Kit Hybrid
,,3,48,kits,BRL,Neosolar,NEO-26829,,,,,1,"Kit Energia Solar On Grid Híbrido - 5.65kWp 4,8kWh Lítio 48V (26829)",,,565,10,5.65,5650,0,,,draft,Solar Kit|Neosolar,3,1,10,0,Solar Kit Hybrid
,,4,48,kits,BRL,Neosolar,NEO-26842,,,,,1,"Kit Energia Solar On Grid Híbrido - 13.56kWp 4,8kWh Lítio 48V (26842)",,,565,24,13.56,13560,0,,,draft,Solar Kit|Neosolar,4,1,24,0,Solar Kit Hybrid
,,5,48,kits,BRL,Neosolar,NEO-26836,,,,,1,"Kit Energia Solar On Grid Híbrido - 9.04kWp 4,8kWh Lítio 48V (26836)",,,565,16,9.04,9040,0,,,draft,Solar Kit|Neosolar,5,1,16,0,Solar Kit Hybrid
,,,,kits,BRL,Neosolar,NEO-27005,,,,,2,"Kit de Energia Solar On Grid 6,7KWP-OS 6KW LI Estrutura p/ Cerâmica",,,565,12,7.0,6780,9578.07,,,draft,Solar Kit|Neosolar,0,2,12,0,Solar Kit Grid-Tie
,,,,kits,BRL,Neosolar,NEO-27006,,,,,2,"Kit de Energia Solar On Grid 6,7KWP-OS 6KW LI Estrutura c/ Mini Trilho",,,565,12,7.0,6780,9578.07,,,draft,Solar Kit|Neosolar,0,2,12,0,Solar Kit Grid-Tie
,,2,48,kits,BRL,Neosolar,NEO-26840,,,,,1,"Kit Energia Solar On Grid Híbrido - 13.56kWp 4,8kWh Lítio 48V (26639)",,,565,24,13.56,13560,0,,,draft,Solar Kit|Neosolar,2,1,24,0,Solar Kit Hybrid
,,1,48,kits,BRL,Neosolar,NEO-26827,,,,,1,"Kit Energia Solar On Grid Híbrido - 5.65kWp 4,8kWh Lítio 48V (26827)",,,565,10,5.65,5650,0,,,draft,Solar Kit|Neosolar,1,1,10,0,Solar Kit Hybrid
,,5,48,kits,BRL,Neosolar,NEO-26843,,,,,1,"Kit Energia Solar On Grid Híbrido - 13.56kWp 4,8kWh Lítio 48V (26843)",,,565,24,13.56,13560,0,,,draft,Solar Kit|Neosolar,5,1,24,0,Solar Kit Hybrid
,,3,48,kits,BRL,Neosolar,NEO-26834,,,,,1,"Kit Energia Solar On Grid Híbrido - 9.04kWp 4,8kWh Lítio 48V (26834)",,,565,16,9.04,9040,0,,,draft,Solar Kit|Neosolar,3,1,16,0,Solar Kit Hybrid
,,1,48,kits,BRL,Neosolar,NEO-26839,,,,,1,"Kit Energia Solar On Grid Híbrido - 13.56kWp 4,8kWh Lítio 48V (26839)",,,565,24,13.56,13560,0,,,draft,Solar Kit|Neosolar,1,1,24,0,Solar Kit Hybrid
,,4,48,kits,BRL,Neosolar,NEO-26835,,,,,1,"Kit Energia Solar On Grid Híbrido - 9.04kWp 4,8kWh Lítio 48V (26835)",,,565,16,9.04,9040,0,,,draft,Solar Kit|Neosolar,4,1,16,0,Solar Kit Hybrid
,,1,48,kits,BRL,Neosolar,NEO-26831,,,,,1,"Kit Energia Solar On Grid Híbrido - 5.08kWp 4,8kWh Lítio 48V (26831)",,,565,9,5.08,5085,24077.62,,,draft,Solar Kit|Neosolar,1,1,9,0,Solar Kit Hybrid
,,1,48,kits,BRL,Neosolar,NEO-26832,,,,,1,"Kit Energia Solar On Grid Híbrido - 9.04kWp 4,8kWh Lítio 48V (26832)",,,565,16,9.04,9040,0,,,draft,Solar Kit|Neosolar,1,1,16,0,Solar Kit Hybrid
,,2,48,kits,BRL,Neosolar,NEO-26833,,,,,1,"Kit Energia Solar On Grid Híbrido - 9.04kWp 4,8kWh Lítio 48V (26833)",,,565,16,9.04,9040,0,,,draft,Solar Kit|Neosolar,2,1,16,0,Solar Kit Hybrid
,,2,48,kits,BRL,Neosolar,NEO-26828,,,,,1,"Kit Energia Solar On Grid Híbrido - 5.65kWp 4,8kWh Lítio 48V (26828)",,,565,10,5.65,5650,0,,,draft,Solar Kit|Neosolar,2,1,10,0,Solar Kit Hybrid
,,3,48,kits,BRL,Neosolar,NEO-26841,,,,,1,"Kit Energia Solar On Grid Híbrido - 13.56kWp 4,8kWh Lítio 48V (26841)",,,565,24,13.56,13560,0,,,draft,Solar Kit|Neosolar,3,1,24,0,Solar Kit Hybrid
,,6,48,kits,BRL,Neosolar,NEO-26844,,,,,1,"Kit Energia Solar On Grid Híbrido - 13.56kWp 4,8kWh Lítio 48V (26844)",,,565,24,13.56,13560,0,,,draft,Solar Kit|Neosolar,6,1,24,0,Solar Kit Hybrid
,,,,kits,BRL,Neosolar,NEO-27116,,,,,1,"Kit de Energia Solar On Grid 4,52KWP-OS 5KW LI Estrutura p/ Laje",,,565,8,52.0,4520,7132.17,,,draft,Solar Kit|Neosolar,0,1,8,0,Solar Kit Grid-Tie
,,,,kits,BRL,Neosolar,NEO-27122,,,,,2,"Kit de Energia Solar On Grid 5,65KWP-OS 5KW LI Estrutura p/ Laje",,,565,10,65.0,5650,9075.87,,,draft,Solar Kit|Neosolar,0,2,10,0,Solar Kit Grid-Tie
,,,,kits,BRL,Neosolar,NEO-27115,,,,,1,"Kit de Energia Solar On Grid 3,39KWP-OS 5KW LI Estrutura p/ Solo",,,565,6,39.0,3390,5411.67,,,draft,Solar Kit|Neosolar,0,1,6,0,Solar Kit Grid-Tie
,,,,kits,BRL,Neosolar,NEO-27014,,,,,2,"Kit de Energia Solar On Grid 7,9KWP-OS 7,5KW LI Estrutura Estrutura c/ Mini Trilho",,,565,14,9.0,7910,11270.67,,,draft,Solar Kit|Neosolar,0,2,14,0,Solar Kit Grid-Tie
,,,,kits,BRL,Neosolar,NEO-27017,,,,,2,"Kit de Energia Solar On Grid 7,9KWP-OS 7,5KW LI Estrutura c/ Solo",,,565,14,9.0,7910,11642.67,,,draft,Solar Kit|Neosolar,0,2,14,0,Solar Kit Grid-Tie
,,,,kits,BRL,Neosolar,NEO-27090,,,,,2,"Kit de Energia Solar On Grid 5,65KWP-OS 5KW LI s/ Estrutura",,,565,10,65.0,5650,8099.37,,,draft,Solar Kit|Neosolar,0,2,10,0,Solar Kit Grid-Tie
,,,,kits,BRL,Neosolar,NEO-27089,,,,,1,"Kit de Energia Solar On Grid 4,52KWP-OS 5KW LI s/ Estrutura",,,565,8,52.0,4520,6481.17,,,draft,Solar Kit|Neosolar,0,1,8,0,Solar Kit Grid-Tie
,,,,kits,BRL,Neosolar,NEO-27120,,,,,1,"Kit de Energia Solar On Grid 4,52KWP-OS 5KW LI Estrutura Metálica",,,565,8,52.0,4520,6853.17,,,draft,Solar Kit|Neosolar,0,1,8,0,Solar Kit Grid-Tie
,,,,kits,BRL,Neosolar,NEO-27121,,,,,1,"Kit de Energia Solar On Grid 4,52KWP-OS 5KW LI Estrutura p/ Solo",,,565,8,52.0,4520,7039.17,,,draft,Solar Kit|Neosolar,0,1,8,0,Solar Kit Grid-Tie
,,,,kits,BRL,Neosolar,NEO-27114,,,,,1,"Kit de Energia Solar On Grid 3,39KWP-OS 5KW LI c/ Gancho p/ Cerâmica",,,565,6,39.0,3390,5225.67,,,draft,Solar Kit|Neosolar,0,1,6,0,Solar Kit Grid-Tie
,,,,kits,BRL,Neosolar,NEO-27113,,,,,1,"Kit de Energia Solar On Grid 3,39KWP-OS 5KW LI Estrutura Metálica",,,565,6,39.0,3390,5225.67,,,draft,Solar Kit|Neosolar,0,1,6,0,Solar Kit Grid-Tie
,,,,kits,BRL,Neosolar,NEO-27007,,,,,2,"Kit de Energia Solar On Grid 6,7KWP-OS 6KW LI Estrutura p/ Madeira",,,565,12,7.0,6780,9578.07,,,draft,Solar Kit|Neosolar,0,2,12,0,Solar Kit Grid-Tie
,,,,kits,BRL,Neosolar,NEO-27008,,,,,2,"Kit de Energia Solar On Grid 6,7KWP-OS 6KW LI Estrutura Metálica",,,565,12,7.0,6780,9578.07,,,draft,Solar Kit|Neosolar,0,2,12,0,Solar Kit Grid-Tie
,,,,kits,BRL,Neosolar,NEO-27012,,,,,2,"Kit de Energia Solar On Grid 7,9KWP-OS 7,5KW LI Estrutura p/ Laje",,,565,14,9.0,7910,11828.67,,,draft,Solar Kit|Neosolar,0,2,14,0,Solar Kit Grid-Tie
,,,,kits,BRL,Neosolar,NEO-27004,,,,,2,"Kit de Energia Solar On Grid 6,7KWP-OS 6KW LI Estrutura p/ Laje",,,565,12,7.0,6780,9996.57,,,draft,Solar Kit|Neosolar,0,2,12,0,Solar Kit Grid-Tie
,,1,48,kits,BRL,Neosolar,NEO-27405,,,,,,"Kit Energia Solar On Grid Híbrido - 3,96kWp 100Ah/48V",,,,,96.0,0,0,,,draft,Solar Kit|Neosolar,1,0,0,0,Solar Kit Hybrid
,,3,48,kits,BRL,Neosolar,NEO-26653,,,,,1,"Kit Energia Solar On Grid Híbrido - 9,92kWp 4,8kWh Lítio 48V (26653)",,,620,16,92.0,9920,0,,,draft,Solar Kit|Neosolar,3,1,16,0,Solar Kit Hybrid
,,1,48,kits,BRL,Neosolar,NEO-27404,,,,,,"Kit Energia Solar On Grid Híbrido - 14,88kWp 600Ah/48V",,,,,88.0,0,0,,,draft,Solar Kit|Neosolar,1,0,0,0,Solar Kit Hybrid
,,,,kits,BRL,Neosolar,NEO-26938,,,,,1,Kit Gerador Energia Solar 2.48kWp - Microinversor Deye c/ Wifi SUN2250 - Painel DAH Solar c/ Parafuso Madeira,,,0,1,2.48,2480,3246.12,,,draft,Solar Kit|Neosolar,0,1,6,0,Solar Kit Grid-Tie
,,,,kits,BRL,Neosolar,NEO-23757,https://portal.zydon.com.br/api/files/699bb4b0-ff8e-44fc-8977-59a88b5bc923/content?ingress=portalb2b.neosolar.com.br,,,,,Kit Bomba Solar ZTROON - 3ZTPC3.8-180-96-1500W - até 180m ou 22.800 L/dia (23757),,,720,1,3.44,3440,5355.96,,,draft,Solar Kit|Neosolar,0,0,9,0,Solar Kit Grid-Tie
,,,,kits,BRL,Neosolar,NEO-23760,https://portal.zydon.com.br/api/files/c653cc8e-bcdb-4d99-b5c7-4689cb67ddd2/content?ingress=portalb2b.neosolar.com.br,,,,,Kit Bomba Solar Helicoidal ZTROON 3ZTS1.2-77-24-210W - até 77m ou 7.200 L/dia (23760),,,340,1,0.68,680,1788.72,,,draft,Solar Kit|Neosolar,0,0,2,0,Solar Kit Grid-Tie
,,,,kits,BRL,Neosolar,NEO-23759,https://portal.zydon.com.br/api/files/bdae5acc-18e6-451f-bb19-083da80777fa/content?ingress=portalb2b.neosolar.com.br,,,,,Kit Bomba Solar Centrífuga ZTROON - 3ZTPC5.2-75-96-750W - até 75m ou 31.200 L/dia (23759),,,1360,1,2.72,2720,3595.05,,,draft,Solar Kit|Neosolar,0,0,5,0,Solar Kit Grid-Tie
,,,,kits,BRL,Neosolar,NEO-24021,https://portal.zydon.com.br/api/files/e3ef3254-b830-4c90-9e71-4cdc365b718a/content?ingress=portalb2b.neosolar.com.br,,,,,Kit Bomba Solar Helicoidal ZTROON - 3ZTS2.0-150-48-750W - até 150m ou 12.000L/dia,,,1360,1,2.72,2720,3441.16,,,draft,Solar Kit|Neosolar,0,0,5,0,Solar Kit Grid-Tie
,,,,kits,BRL,Neosolar,NEO-23761,https://portal.zydon.com.br/api/files/a598cf98-81a3-4099-930d-631b798105d9/content?ingress=portalb2b.neosolar.com.br,,,,,Kit Bomba Solar Híbrida ZTROON - 4ZTLR11.5-100-200-1500-A/D - até 100m ou 69.000 L/dia (23761),,,720,1,3.44,3440,5883.87,,,draft,Solar Kit|Neosolar,0,0,9,0,Solar Kit Grid-Tie
,,,,kits,BRL,Neosolar,NEO-24607,https://portal.zydon.com.br/api/files/4449a6bc-4e2c-4b3c-aa81-4272e39780e1/content?ingress=portalb2b.neosolar.com.br,,,,,Kit Bomba Solar Helicoidal ZTROON - 3ZTS1.7-109-48-500W - até 900Wp,,,900,1,0.9,1800,2339.85,,,draft,Solar Kit|Neosolar,0,0,5,0,Solar Kit Grid-Tie
,,,,kits,BRL,Neosolar,NEO-24594,https://portal.zydon.com.br/api/files/6fd654a3-7fae-4837-9068-0bab56a24ead/content?ingress=portalb2b.neosolar.com.br,,,,,Kit Bomba Solar Centrífuga ZTROON - 3ZTPC5-45-48-500W - até 900Wp,,,900,1,0.9,1800,2424.5,,,draft,Solar Kit|Neosolar,0,0,5,0,Solar Kit Grid-Tie
,,,,kits,BRL,Neosolar,NEO-24072,https://portal.zydon.com.br/api/files/fe848e58-c590-45f6-a8bf-f5d77397f5a9/content?ingress=portalb2b.neosolar.com.br,,,,,Kit Bomba Solar Híbrida ZTROON - 4ZTSC4.8-203-200-1500-A/D - até 203m ou 27.000 L/dia,,,720,1,3.44,3440,6132.31,,,draft,Solar Kit|Neosolar,0,0,9,0,Solar Kit Grid-Tie
,,,,kits,BRL,Neosolar,NEO-27329,https://portalb2b.neosolar.com.br/b2b-noimage-white.svg,,,,,Kit Bomba Solar Anauger R100 STD - até 40m ou 4.600 L/dia,,,340,1,0.68,680,1961.77,,,draft,Solar Kit|Neosolar,0,0,2,0,Solar Kit Grid-Tie
,,,,kits,BRL,Neosolar,NEO-23758,https://portal.zydon.com.br/api/files/3f8e14ff-f8de-48b6-97c5-3508c9657f94/content?ingress=portalb2b.neosolar.com.br,,,,,Kit Bomba Solar Centrífuga ZTROON - 3ZTPC6-125-96-1500W - até 125m ou 36.000 L/dia (23758),,,720,1,3.44,3440,5433.9,,,draft,Solar Kit|Neosolar,0,0,9,0,Solar Kit Grid-Tie
,,,,kits,BRL,Neosolar,NEO-24802,https://portal.zydon.com.br/api/files/fb1c109d-388c-469f-811d-3ec1de14edd4/content?ingress=portalb2b.neosolar.com.br,,,,,Kit Bomba Solar Híbrida ZTROON - 4ZTSC6-255-200-2200-A/D - até 255m ou 30.000L/dia,,,340,1,4.68,4680,7813.09,,,draft,Solar Kit|Neosolar,0,0,8,0,Solar Kit Grid-Tie
,,,,kits,BRL,Neosolar,NEO-25220,https://portal.zydon.com.br/api/files/315aa012-f6c2-4ee7-905b-4bd48b531d3a/content?ingress=portalb2b.neosolar.com.br,,,,,Kit Bomba Solar Anauger P100 MAXX - até 40m ou 8.600 L/dia,,,200,1,0.4,400,1524.63,,,draft,Solar Kit|Neosolar,0,0,3,0,Solar Kit Grid-Tie
,,,,kits,BRL,Neosolar,NEO-26904,https://portal.zydon.com.br/api/files/29523666-a11e-48d4-bac4-bf6845f69af6/content?ingress=portalb2b.neosolar.com.br,,,,,Kit Bomba Solar Híbrida ZTROON - 4ZTSC6-255-200-2200-A/D - até 255m ou 30.000L/dia,,,270,1,4.54,4540,9147.17,,,draft,Solar Kit|Neosolar,0,0,8,0,Solar Kit Grid-Tie
,,,,kits,BRL,Neosolar,NEO-24609,https://portal.zydon.com.br/api/files/39bbe792-30cf-4e00-8374-1dbf86473b1c/content?ingress=portalb2b.neosolar.com.br,,,,,Kit Bomba Solar Superfície ZTROON - ZTHF6-24-48-550W - até 900Wp,,,900,1,0.9,1800,2134.95,,,draft,Solar Kit|Neosolar,0,0,5,0,Solar Kit Grid-Tie
,,,,kits,BRL,Neosolar,NEO-27327,https://portalb2b.neosolar.com.br/b2b-noimage-white.svg,,,,,Kit Bomba Solar Anauger P100 STD - até 40m ou 4.600 L/dia,,,340,1,0.68,680,1915.38,,,draft,Solar Kit|Neosolar,0,0,2,0,Solar Kit Grid-Tie
,,,,kits,BRL,Neosolar,NEO-24801,https://portal.zydon.com.br/api/files/e5089d6e-af8d-45f3-abdd-7c3853215942/content?ingress=portalb2b.neosolar.com.br,,,,,Kit Bomba Solar Híbrida ZTROON - 4ZTPC14-125-200-2200-A/D - até 125m ou 70.000L/dia,,,340,1,4.68,4680,6769.61,,,draft,Solar Kit|Neosolar,0,0,8,0,Solar Kit Grid-Tie
,,,,kits,BRL,Neosolar,NEO-26903,https://portal.zydon.com.br/api/files/f1893dd9-96be-4b81-9189-5c98b4b3ea6f/content?ingress=portalb2b.neosolar.com.br,,,,,Kit Bomba Solar Híbrida ZTROON - 4ZTPC14-125-200-2200-A/D - até 125m ou 70.000L/dia,,,340,1,4.68,4680,7947.35,,,draft,Solar Kit|Neosolar,0,0,8,0,Solar Kit Grid-Tie
,,,,kits,BRL,Neosolar,NEO-25023,https://portal.zydon.com.br/api/files/2066062b-d49f-4c8c-873c-183ca7ab1317/content?ingress=portalb2b.neosolar.com.br,,,,,Kit Solar p/ Bomba (CA) até 3CV 220V - Apollo GS500 2.2G-2SB - 4.88kWp,,,,,4.88,0,6809.6,,,draft,Solar Kit|Neosolar,0,0,0,0,Solar Kit Grid-Tie
,,,,kits,BRL,Neosolar,NEO-24716,https://portal.zydon.com.br/api/files/3e25e0ef-b64c-4e00-bf78-d841a1c9b644/content?ingress=portalb2b.neosolar.com.br,,,,,Kit Solar p/ Bomba (CA) até 3CV 220V - Apollo GS500 2.2G-2SB - 4.96kWp,,,,,4.96,0,6592.2,,,draft,Solar Kit|Neosolar,0,0,0,0,Solar Kit Grid-Tie
,,,,kits,BRL,Neosolar,NEO-27328,https://portalb2b.neosolar.com.br/b2b-noimage-white.svg,,,,,Kit Bomba Solar Anauger P100 MAXX - até 40m ou 8.600 L/dia,,,435,1,0.87,870,1933.05,,,draft,Solar Kit|Neosolar,0,0,2,0,Solar Kit Grid-Tie
,,,,kits,BRL,Neosolar,NEO-27330,https://portalb2b.neosolar.com.br/b2b-noimage-white.svg,,,,,Kit Bomba Solar Anauger R100 MAXX - até 40m ou 8.600 L/dia,,,435,1,0.87,870,1979.44,,,draft,Solar Kit|Neosolar,0,0,2,0,Solar Kit Grid-Tie
,,,,kits,BRL,Neosolar,NEO-25128,https://portal.zydon.com.br/api/files/52c465fb-6ce7-490a-a82d-da9a2ce10115/content?ingress=portalb2b.neosolar.com.br,,,,,Kit Bomba Solar 12V Shurflo 8000 STD - até 42m ou 2.940 L/dia,,,100,1,0.2,200,1063.05,,,draft,Solar Kit|Neosolar,0,0,2,0,Solar Kit Grid-Tie
,,,,kits,BRL,Neosolar,NEO-24718,https://portal.zydon.com.br/api/files/5ea025f9-bf2e-441c-be33-cb32f31556e4/content?ingress=portalb2b.neosolar.com.br,,,,,Kit Solar p/ Bomba (CA) até 7.5CV 380V - Apollo GS500 7.5G - 16.12kWp,,,,,16.12,0,17270.27,,,draft,Solar Kit|Neosolar,0,0,0,0,Solar Kit Grid-Tie
,,,,kits,BRL,Neosolar,NEO-26901,https://portalb2b.neosolar.com.br/b2b-noimage-white.svg,,,,,Kit Solar p/ Bomba (CA) até 7.5CV 380V - Apollo GS500 7.5G - 16.12kWp,,,,,16.12,0,20162.42,,,draft,Solar Kit|Neosolar,0,0,0,0,Solar Kit Grid-Tie
,,,,kits,BRL,Neosolar,NEO-24795,https://portal.zydon.com.br/api/files/e96f9f86-f7da-4bca-aa8d-4e1b3ae2b9d1/content?ingress=portalb2b.neosolar.com.br,,,,,Kit Bomba Solar 12V Shurflo 8000 MAXX - até 42m ou 2.940 L/dia,,,160,1,0.32,320,1131.06,,,draft,Solar Kit|Neosolar,0,0,2,0,Solar Kit Grid-Tie
,,,,kits,BRL,Neosolar,NEO-24019,https://portal.zydon.com.br/api/files/d2c63e11-a924-4b82-a994-89254b5507c7/content?ingress=portalb2b.neosolar.com.br,,,,,Kit Bomba Solar Superfície ZTROON - ZTHF50-17-96-1500W - até 17m ou 270m³/dia,,,720,1,3.44,3440,5200.08,,,draft,Solar Kit|Neosolar,0,0,9,0,Solar Kit Grid-Tie
,,,,kits,BRL,Neosolar,NEO-24249,https://portal.zydon.com.br/api/files/772224e9-9d93-45b5-8a35-233d99f588a0/content?ingress=portalb2b.neosolar.com.br,,,,,Kit Bomba Solar Anauger R100 STD - até 40m ou 4.600 L/dia,,,120,1,0.24,240,1772.13,,,draft,Solar Kit|Neosolar,0,0,3,0,Solar Kit Grid-Tie
,,,,kits,BRL,Neosolar,NEO-26900,https://portalb2b.neosolar.com.br/b2b-noimage-white.svg,,,,,Kit Solar p/ Bomba (CA) até 3CV 220V - Apollo GS500 2.2G-2SB - 4.96kWp,,,,,4.96,0,7862.3,,,draft,Solar Kit|Neosolar,0,0,0,0,Solar Kit Grid-Tie
,,,,kits,BRL,Neosolar,NEO-24606,https://portal.zydon.com.br/api/files/340000bb-fb69-4221-9280-57e9ac3f7293/content?ingress=portalb2b.neosolar.com.br,,,,,Kit Bomba Solar Helicoidal ZTROON - 3ZTS1.7-109-48-500W - até 109 m ou 10.200 L/dia,,,870,1,1.74,1740,2112.49,,,draft,Solar Kit|Neosolar,0,0,3,0,Solar Kit Grid-Tie
,,,,kits,BRL,Neosolar,NEO-24608,https://portal.zydon.com.br/api/files/235b0238-222a-4987-a269-46d142ac1f8b/content?ingress=portalb2b.neosolar.com.br,,,,,Kit Bomba Solar Superfície ZTROON - ZTHF6-24-48-550W - até 24m ou 36m³/dia,,,870,1,1.74,1740,1907.59,,,draft,Solar Kit|Neosolar,0,0,3,0,Solar Kit Grid-Tie
,,,,kits,BRL,Neosolar,NEO-26902,https://portal.zydon.com.br/api/files/8a3276e9-8a4d-468c-b977-528688d934e2/content?ingress=portalb2b.neosolar.com.br,,,,,Kit Solar p/ Bomba (CA) até 10CV 380V - Apollo GS500 11G - 24.18kWp,,,,,24.18,0,30421.49,,,draft,Solar Kit|Neosolar,0,0,0,0,Solar Kit Grid-Tie
,,,,kits,BRL,Neosolar,NEO-24717,https://portal.zydon.com.br/api/files/b02062dd-503f-466c-a9f7-239a8f0f36f2/content?ingress=portalb2b.neosolar.com.br,,,,,Kit Solar p/ Bomba (CA) até 10CV 380V - Apollo GS500 11G - 24.18kWp,,,,,24.18,0,25936.95,,,draft,Solar Kit|Neosolar,0,0,0,0,Solar Kit Grid-Tie
,,,,kits,BRL,Neosolar,NEO-25025,https://portal.zydon.com.br/api/files/e1314e53-fbec-41bf-be88-33f3f5cd8412/content?ingress=portalb2b.neosolar.com.br,,,,,Kit Solar p/ Bomba (CA) até 10CV 380V - Apollo GS500 11G - 23.39kWp,,,,,23.39,0,26433.36,,,draft,Solar Kit|Neosolar,0,0,0,0,Solar Kit Grid-Tie
,,,,kits,BRL,Neosolar,NEO-25024,https://portal.zydon.com.br/api/files/c4246867-fa3d-406b-96af-325f3e22e2ea/content?ingress=portalb2b.neosolar.com.br,,,,,Kit Solar p/ Bomba (CA) até 7.5CV 380V - Apollo GS500 7.5G - 15.86kWp,,,,,15.86,0,17535.88,,,draft,Solar Kit|Neosolar,0,0,0,0,Solar Kit Grid-Tie
,,,,kits,BRL,Neosolar,NEO-25012,https://portal.zydon.com.br/api/files/e2b51192-3fa9-44ca-a3cc-1027916c512a/content?ingress=portalb2b.neosolar.com.br,,,,,Kit Bomba Solar Híbrida ZTROON - 4ZTPC14-125-200-2200-A/D - até 125m ou 70.000L/dia,,,270,1,4.54,4540,6116.15,,,draft,Solar Kit|Neosolar,0,0,8,0,Solar Kit Grid-Tie
,,,,kits,BRL,Neosolar,NEO-26360,https://portal.zydon.com.br/api/files/c20c0bdb-e332-4394-879f-9d7427a99eb6/content?ingress=portalb2b.neosolar.com.br,,,,,Kit Solar p/ Bomba (CA) até 7.5CV 380V - Apollo GS500 7.5G - 18.27kWp,,,,,18.27,0,20152.26,,,draft,Solar Kit|Neosolar,0,0,0,0,Solar Kit Grid-Tie
,,,,kits,BRL,Neosolar,NEO-21757,https://portal.zydon.com.br/api/files/ab60c860-b511-4bf3-a282-03cfda4cc71b/content?ingress=portalb2b.neosolar.com.br,,,,,Kit Bomba Solar Anauger R100 STD - até 40m ou 4.600 L/dia,,,120,1,0.24,240,0,,,draft,Solar Kit|Neosolar,0,0,3,0,Solar Kit Grid-Tie
,,,,kits,BRL,Neosolar,NEO-24715,https://portal.zydon.com.br/api/files/5ea4a37d-0760-4da0-9553-7dfa2c64efa7/content?ingress=portalb2b.neosolar.com.br,,,,,Kit Solar p/ Bomba (CA) até 10CV 380V - Apollo GS500 11G - 23.49kWp,,,,,23.49,0,28864.19,,,draft,Solar Kit|Neosolar,0,0,0,0,Solar Kit Grid-Tie
,,,,kits,BRL,Neosolar,NEO-24714,https://portal.zydon.com.br/api/files/e1e996fb-c9d5-4ff4-8b82-264c320f9ac3/content?ingress=portalb2b.neosolar.com.br,,,,,Kit Solar p/ Bomba (CA) até 7.5CV 380V - Apollo GS500 7.5G - 18.27kWp,,,,,18.27,0,22301.46,,,draft,Solar Kit|Neosolar,0,0,0,0,Solar Kit Grid-Tie
,,,,kits,BRL,Neosolar,NEO-24713,https://portal.zydon.com.br/api/files/eaf99130-ac79-4c3a-a0c4-c8a143d6d11b/content?ingress=portalb2b.neosolar.com.br,,,,,"Kit Solar p/ Bomba (CA) até 3CV 240V - Apollo GS500 2.2G-2SB - 5,22kWp",,,,,22.0,0,7599.62,,,draft,Solar Kit|Neosolar,0,0,0,0,Solar Kit Grid-Tie
,,,,kits,BRL,Neosolar,NEO-21751,https://portal.zydon.com.br/api/files/b9605151-bb09-4947-9a4f-90e8ff88644a/content?ingress=portalb2b.neosolar.com.br,,,,,Kit Bomba Solar Anauger P100 MAXX - até 40m ou 8.600 L/dia,,,200,1,0.4,400,0,,,draft,Solar Kit|Neosolar,0,0,3,0,Solar Kit Grid-Tie
,,,,kits,BRL,Neosolar,NEO-21741,https://portal.zydon.com.br/api/files/fc73ba4c-0a8c-4a57-a468-4f7106ed1530/content?ingress=portalb2b.neosolar.com.br,,,,,Kit Bomba Solar 12V Shurflo 2088 MAXX - até 35m ou 4.750 L/dia,,,200,1,0.4,400,0,,,draft,Solar Kit|Neosolar,0,0,3,0,Solar Kit Grid-Tie
,,,,kits,BRL,Neosolar,NEO-21743,https://portal.zydon.com.br/api/files/61c45504-b478-43fa-9391-54c2481a3cc9/content?ingress=portalb2b.neosolar.com.br,,,,,Kit Bomba Solar 24V Shurflo 9325 - até 70m ou 2.520 L/dia,,,200,1,0.4,400,0,,,draft,Solar Kit|Neosolar,0,0,3,0,Solar Kit Grid-Tie
,,,,kits,BRL,Neosolar,NEO-21756,https://portal.zydon.com.br/api/files/568a94ba-44d0-4501-8571-d8a624ea49eb/content?ingress=portalb2b.neosolar.com.br,,,,,Kit Bomba Solar Anauger R100 MAXX - até 40m ou 8.600 L/dia,,,200,1,0.4,400,0,,,draft,Solar Kit|Neosolar,0,0,3,0,Solar Kit Grid-Tie
,,,,kits,BRL,Neosolar,NEO-21755,https://portal.zydon.com.br/api/files/ac1b53cb-4987-4b7c-968f-46a9e4d2f0c7/content?ingress=portalb2b.neosolar.com.br,,,,,Kit Bomba Solar Anauger P100 STD - até 40m ou 4.600 L/dia,,,120,1,0.24,240,0,,,draft,Solar Kit|Neosolar,0,0,3,0,Solar Kit Grid-Tie
,,,,kits,BRL,Neosolar,NEO-21742,https://portal.zydon.com.br/api/files/a21caffb-f1c0-42ae-ae81-480cc44c54ae/content?ingress=portalb2b.neosolar.com.br,,,,,Kit Bomba Solar 12V Shurflo 2088 STD - até 14m ou 4.750 L/dia,,,155,1,0.31,310,0,,,draft,Solar Kit|Neosolar,0,0,2,0,Solar Kit Grid-Tie
,,,,kits,BRL,Neosolar,NEO-26361,https://portalb2b.neosolar.com.br/b2b-noimage-white.svg,,,,,Kit Solar p/ Bomba (CA) até 10CV 380V - Apollo GS500 11G - 23.49kWp,,,,,23.49,0,26237.72,,,draft,Solar Kit|Neosolar,0,0,0,0,Solar Kit Grid-Tie
,,,,kits,BRL,Neosolar,NEO-26359,https://portal.zydon.com.br/api/files/81e6092a-b1d7-4a42-8486-ba68758fc7d6/content?ingress=portalb2b.neosolar.com.br,,,,,"Kit Solar p/ Bomba (CA) até 3CV 240V - Apollo GS500 2.2G-2SB - 5,22kWp",,,,,22.0,0,7117.23,,,draft,Solar Kit|Neosolar,0,0,0,0,Solar Kit Grid-Tie
,,,,kits,BRL,Neosolar,NEO-24593,https://portal.zydon.com.br/api/files/0671dd0f-4a06-47d8-965c-29f1b84ec353/content?ingress=portalb2b.neosolar.com.br,,,,,Kit Bomba Solar Centrífuga ZTROON - 3ZTPC5-45-48-500W - até 45m ou 30.000 L/dia,,,870,1,1.74,1740,2321.28,,,draft,Solar Kit|Neosolar,0,0,3,0,Solar Kit Grid-Tie
,,,,kits,BRL,Neosolar,NEO-23757,https://portal.zydon.com.br/api/files/699bb4b0-ff8e-44fc-8977-59a88b5bc923/content?ingress=portalb2b.neosolar.com.br,,,,,Kit Bomba Solar ZTROON - 3ZTPC3.8-180-96-1500W - até 180m ou 22.800 L/dia (23757),,,720,1,3.44,3440,5355.96,,,draft,Solar Kit|Neosolar,0,0,9,0,Solar Kit Grid-Tie
,,,,kits,BRL,Neosolar,NEO-23760,https://portal.zydon.com.br/api/files/c653cc8e-bcdb-4d99-b5c7-4689cb67ddd2/content?ingress=portalb2b.neosolar.com.br,,,,,Kit Bomba Solar Helicoidal ZTROON 3ZTS1.2-77-24-210W - até 77m ou 7.200 L/dia (23760),,,340,1,0.68,680,1788.72,,,draft,Solar Kit|Neosolar,0,0,2,0,Solar Kit Grid-Tie
,,,,kits,BRL,Neosolar,NEO-23759,https://portal.zydon.com.br/api/files/bdae5acc-18e6-451f-bb19-083da80777fa/content?ingress=portalb2b.neosolar.com.br,,,,,Kit Bomba Solar Centrífuga ZTROON - 3ZTPC5.2-75-96-750W - até 75m ou 31.200 L/dia (23759),,,1360,1,2.72,2720,3595.05,,,draft,Solar Kit|Neosolar,0,0,5,0,Solar Kit Grid-Tie
,,,,kits,BRL,Neosolar,NEO-24021,https://portal.zydon.com.br/api/files/e3ef3254-b830-4c90-9e71-4cdc365b718a/content?ingress=portalb2b.neosolar.com.br,,,,,Kit Bomba Solar Helicoidal ZTROON - 3ZTS2.0-150-48-750W - até 150m ou 12.000L/dia,,,1360,1,2.72,2720,3441.16,,,draft,Solar Kit|Neosolar,0,0,5,0,Solar Kit Grid-Tie
,,,,kits,BRL,Neosolar,NEO-23761,https://portal.zydon.com.br/api/files/a598cf98-81a3-4099-930d-631b798105d9/content?ingress=portalb2b.neosolar.com.br,,,,,Kit Bomba Solar Híbrida ZTROON - 4ZTLR11.5-100-200-1500-A/D - até 100m ou 69.000 L/dia (23761),,,720,1,3.44,3440,5883.87,,,draft,Solar Kit|Neosolar,0,0,9,0,Solar Kit Grid-Tie
,,,,kits,BRL,Neosolar,NEO-24607,https://portal.zydon.com.br/api/files/4449a6bc-4e2c-4b3c-aa81-4272e39780e1/content?ingress=portalb2b.neosolar.com.br,,,,,Kit Bomba Solar Helicoidal ZTROON - 3ZTS1.7-109-48-500W - até 900Wp,,,900,1,0.9,1800,2339.85,,,draft,Solar Kit|Neosolar,0,0,5,0,Solar Kit Grid-Tie
,,,,kits,BRL,Neosolar,NEO-24594,https://portal.zydon.com.br/api/files/6fd654a3-7fae-4837-9068-0bab56a24ead/content?ingress=portalb2b.neosolar.com.br,,,,,Kit Bomba Solar Centrífuga ZTROON - 3ZTPC5-45-48-500W - até 900Wp,,,900,1,0.9,1800,2424.5,,,draft,Solar Kit|Neosolar,0,0,5,0,Solar Kit Grid-Tie
,,,,kits,BRL,Neosolar,NEO-24072,https://portal.zydon.com.br/api/files/fe848e58-c590-45f6-a8bf-f5d77397f5a9/content?ingress=portalb2b.neosolar.com.br,,,,,Kit Bomba Solar Híbrida ZTROON - 4ZTSC4.8-203-200-1500-A/D - até 203m ou 27.000 L/dia,,,720,1,3.44,3440,6132.31,,,draft,Solar Kit|Neosolar,0,0,9,0,Solar Kit Grid-Tie
,,,,kits,BRL,Neosolar,NEO-27329,https://portalb2b.neosolar.com.br/b2b-noimage-white.svg,,,,,Kit Bomba Solar Anauger R100 STD - até 40m ou 4.600 L/dia,,,340,1,0.68,680,1961.77,,,draft,Solar Kit|Neosolar,0,0,2,0,Solar Kit Grid-Tie
,,,,kits,BRL,Neosolar,NEO-23758,https://portal.zydon.com.br/api/files/3f8e14ff-f8de-48b6-97c5-3508c9657f94/content?ingress=portalb2b.neosolar.com.br,,,,,Kit Bomba Solar Centrífuga ZTROON - 3ZTPC6-125-96-1500W - até 125m ou 36.000 L/dia (23758),,,720,1,3.44,3440,5433.9,,,draft,Solar Kit|Neosolar,0,0,9,0,Solar Kit Grid-Tie
,,,,kits,BRL,Neosolar,NEO-24802,https://portal.zydon.com.br/api/files/fb1c109d-388c-469f-811d-3ec1de14edd4/content?ingress=portalb2b.neosolar.com.br,,,,,Kit Bomba Solar Híbrida ZTROON - 4ZTSC6-255-200-2200-A/D - até 255m ou 30.000L/dia,,,340,1,4.68,4680,7813.09,,,draft,Solar Kit|Neosolar,0,0,8,0,Solar Kit Grid-Tie
,,,,kits,BRL,Neosolar,NEO-25220,https://portal.zydon.com.br/api/files/315aa012-f6c2-4ee7-905b-4bd48b531d3a/content?ingress=portalb2b.neosolar.com.br,,,,,Kit Bomba Solar Anauger P100 MAXX - até 40m ou 8.600 L/dia,,,200,1,0.4,400,1524.63,,,draft,Solar Kit|Neosolar,0,0,3,0,Solar Kit Grid-Tie
,,,,kits,BRL,Neosolar,NEO-26904,https://portal.zydon.com.br/api/files/29523666-a11e-48d4-bac4-bf6845f69af6/content?ingress=portalb2b.neosolar.com.br,,,,,Kit Bomba Solar Híbrida ZTROON - 4ZTSC6-255-200-2200-A/D - até 255m ou 30.000L/dia,,,270,1,4.54,4540,9147.17,,,draft,Solar Kit|Neosolar,0,0,8,0,Solar Kit Grid-Tie
,,,,kits,BRL,Neosolar,NEO-24609,https://portal.zydon.com.br/api/files/39bbe792-30cf-4e00-8374-1dbf86473b1c/content?ingress=portalb2b.neosolar.com.br,,,,,Kit Bomba Solar Superfície ZTROON - ZTHF6-24-48-550W - até 900Wp,,,900,1,0.9,1800,2134.95,,,draft,Solar Kit|Neosolar,0,0,5,0,Solar Kit Grid-Tie
,,,,kits,BRL,Neosolar,NEO-27327,https://portalb2b.neosolar.com.br/b2b-noimage-white.svg,,,,,Kit Bomba Solar Anauger P100 STD - até 40m ou 4.600 L/dia,,,340,1,0.68,680,1915.38,,,draft,Solar Kit|Neosolar,0,0,2,0,Solar Kit Grid-Tie
,,,,kits,BRL,Neosolar,NEO-24801,https://portal.zydon.com.br/api/files/e5089d6e-af8d-45f3-abdd-7c3853215942/content?ingress=portalb2b.neosolar.com.br,,,,,Kit Bomba Solar Híbrida ZTROON - 4ZTPC14-125-200-2200-A/D - até 125m ou 70.000L/dia,,,340,1,4.68,4680,6769.61,,,draft,Solar Kit|Neosolar,0,0,8,0,Solar Kit Grid-Tie
,,,,kits,BRL,Neosolar,NEO-26903,https://portal.zydon.com.br/api/files/f1893dd9-96be-4b81-9189-5c98b4b3ea6f/content?ingress=portalb2b.neosolar.com.br,,,,,Kit Bomba Solar Híbrida ZTROON - 4ZTPC14-125-200-2200-A/D - até 125m ou 70.000L/dia,,,340,1,4.68,4680,7947.35,,,draft,Solar Kit|Neosolar,0,0,8,0,Solar Kit Grid-Tie
,,,,kits,BRL,Neosolar,NEO-25023,https://portal.zydon.com.br/api/files/2066062b-d49f-4c8c-873c-183ca7ab1317/content?ingress=portalb2b.neosolar.com.br,,,,,Kit Solar p/ Bomba (CA) até 3CV 220V - Apollo GS500 2.2G-2SB - 4.88kWp,,,,,4.88,0,6809.6,,,draft,Solar Kit|Neosolar,0,0,0,0,Solar Kit Grid-Tie
,,,,kits,BRL,Neosolar,NEO-24716,https://portal.zydon.com.br/api/files/3e25e0ef-b64c-4e00-bf78-d841a1c9b644/content?ingress=portalb2b.neosolar.com.br,,,,,Kit Solar p/ Bomba (CA) até 3CV 220V - Apollo GS500 2.2G-2SB - 4.96kWp,,,,,4.96,0,6592.2,,,draft,Solar Kit|Neosolar,0,0,0,0,Solar Kit Grid-Tie
,,,,kits,BRL,Neosolar,NEO-27328,https://portalb2b.neosolar.com.br/b2b-noimage-white.svg,,,,,Kit Bomba Solar Anauger P100 MAXX - até 40m ou 8.600 L/dia,,,435,1,0.87,870,1933.05,,,draft,Solar Kit|Neosolar,0,0,2,0,Solar Kit Grid-Tie
,,,,kits,BRL,Neosolar,NEO-27330,https://portalb2b.neosolar.com.br/b2b-noimage-white.svg,,,,,Kit Bomba Solar Anauger R100 MAXX - até 40m ou 8.600 L/dia,,,435,1,0.87,870,1979.44,,,draft,Solar Kit|Neosolar,0,0,2,0,Solar Kit Grid-Tie
,,,,kits,BRL,Neosolar,NEO-25128,https://portal.zydon.com.br/api/files/52c465fb-6ce7-490a-a82d-da9a2ce10115/content?ingress=portalb2b.neosolar.com.br,,,,,Kit Bomba Solar 12V Shurflo 8000 STD - até 42m ou 2.940 L/dia,,,100,1,0.2,200,1063.05,,,draft,Solar Kit|Neosolar,0,0,2,0,Solar Kit Grid-Tie
,,,,kits,BRL,Neosolar,NEO-24718,https://portal.zydon.com.br/api/files/5ea025f9-bf2e-441c-be33-cb32f31556e4/content?ingress=portalb2b.neosolar.com.br,,,,,Kit Solar p/ Bomba (CA) até 7.5CV 380V - Apollo GS500 7.5G - 16.12kWp,,,,,16.12,0,17270.27,,,draft,Solar Kit|Neosolar,0,0,0,0,Solar Kit Grid-Tie
,,,,kits,BRL,Neosolar,NEO-26901,https://portalb2b.neosolar.com.br/b2b-noimage-white.svg,,,,,Kit Solar p/ Bomba (CA) até 7.5CV 380V - Apollo GS500 7.5G - 16.12kWp,,,,,16.12,0,20162.42,,,draft,Solar Kit|Neosolar,0,0,0,0,Solar Kit Grid-Tie
,,,,kits,BRL,Neosolar,NEO-24795,https://portal.zydon.com.br/api/files/e96f9f86-f7da-4bca-aa8d-4e1b3ae2b9d1/content?ingress=portalb2b.neosolar.com.br,,,,,Kit Bomba Solar 12V Shurflo 8000 MAXX - até 42m ou 2.940 L/dia,,,160,1,0.32,320,1131.06,,,draft,Solar Kit|Neosolar,0,0,2,0,Solar Kit Grid-Tie
,,,,kits,BRL,Neosolar,NEO-24019,https://portal.zydon.com.br/api/files/d2c63e11-a924-4b82-a994-89254b5507c7/content?ingress=portalb2b.neosolar.com.br,,,,,Kit Bomba Solar Superfície ZTROON - ZTHF50-17-96-1500W - até 17m ou 270m³/dia,,,720,1,3.44,3440,5200.08,,,draft,Solar Kit|Neosolar,0,0,9,0,Solar Kit Grid-Tie
,,,,kits,BRL,Neosolar,NEO-24249,https://portal.zydon.com.br/api/files/772224e9-9d93-45b5-8a35-233d99f588a0/content?ingress=portalb2b.neosolar.com.br,,,,,Kit Bomba Solar Anauger R100 STD - até 40m ou 4.600 L/dia,,,120,1,0.24,240,1772.13,,,draft,Solar Kit|Neosolar,0,0,3,0,Solar Kit Grid-Tie
,,,,kits,BRL,Neosolar,NEO-26900,https://portalb2b.neosolar.com.br/b2b-noimage-white.svg,,,,,Kit Solar p/ Bomba (CA) até 3CV 220V - Apollo GS500 2.2G-2SB - 4.96kWp,,,,,4.96,0,7862.3,,,draft,Solar Kit|Neosolar,0,0,0,0,Solar Kit Grid-Tie
,,,,kits,BRL,Neosolar,NEO-24606,https://portal.zydon.com.br/api/files/340000bb-fb69-4221-9280-57e9ac3f7293/content?ingress=portalb2b.neosolar.com.br,,,,,Kit Bomba Solar Helicoidal ZTROON - 3ZTS1.7-109-48-500W - até 109 m ou 10.200 L/dia,,,870,1,1.74,1740,2112.49,,,draft,Solar Kit|Neosolar,0,0,3,0,Solar Kit Grid-Tie
,,,,kits,BRL,Neosolar,NEO-24608,https://portal.zydon.com.br/api/files/235b0238-222a-4987-a269-46d142ac1f8b/content?ingress=portalb2b.neosolar.com.br,,,,,Kit Bomba Solar Superfície ZTROON - ZTHF6-24-48-550W - até 24m ou 36m³/dia,,,870,1,1.74,1740,1907.59,,,draft,Solar Kit|Neosolar,0,0,3,0,Solar Kit Grid-Tie
,,,,kits,BRL,Neosolar,NEO-26902,https://portal.zydon.com.br/api/files/8a3276e9-8a4d-468c-b977-528688d934e2/content?ingress=portalb2b.neosolar.com.br,,,,,Kit Solar p/ Bomba (CA) até 10CV 380V - Apollo GS500 11G - 24.18kWp,,,,,24.18,0,30421.49,,,draft,Solar Kit|Neosolar,0,0,0,0,Solar Kit Grid-Tie
,,,,kits,BRL,Neosolar,NEO-24717,https://portal.zydon.com.br/api/files/b02062dd-503f-466c-a9f7-239a8f0f36f2/content?ingress=portalb2b.neosolar.com.br,,,,,Kit Solar p/ Bomba (CA) até 10CV 380V - Apollo GS500 11G - 24.18kWp,,,,,24.18,0,25936.95,,,draft,Solar Kit|Neosolar,0,0,0,0,Solar Kit Grid-Tie
,,,,kits,BRL,Neosolar,NEO-25025,https://portal.zydon.com.br/api/files/e1314e53-fbec-41bf-be88-33f3f5cd8412/content?ingress=portalb2b.neosolar.com.br,,,,,Kit Solar p/ Bomba (CA) até 10CV 380V - Apollo GS500 11G - 23.39kWp,,,,,23.39,0,26433.36,,,draft,Solar Kit|Neosolar,0,0,0,0,Solar Kit Grid-Tie
,,,,kits,BRL,Neosolar,NEO-25024,https://portal.zydon.com.br/api/files/c4246867-fa3d-406b-96af-325f3e22e2ea/content?ingress=portalb2b.neosolar.com.br,,,,,Kit Solar p/ Bomba (CA) até 7.5CV 380V - Apollo GS500 7.5G - 15.86kWp,,,,,15.86,0,17535.88,,,draft,Solar Kit|Neosolar,0,0,0,0,Solar Kit Grid-Tie
,,,,kits,BRL,Neosolar,NEO-25012,https://portal.zydon.com.br/api/files/e2b51192-3fa9-44ca-a3cc-1027916c512a/content?ingress=portalb2b.neosolar.com.br,,,,,Kit Bomba Solar Híbrida ZTROON - 4ZTPC14-125-200-2200-A/D - até 125m ou 70.000L/dia,,,270,1,4.54,4540,6116.15,,,draft,Solar Kit|Neosolar,0,0,8,0,Solar Kit Grid-Tie
,,,,kits,BRL,Neosolar,NEO-26360,https://portal.zydon.com.br/api/files/c20c0bdb-e332-4394-879f-9d7427a99eb6/content?ingress=portalb2b.neosolar.com.br,,,,,Kit Solar p/ Bomba (CA) até 7.5CV 380V - Apollo GS500 7.5G - 18.27kWp,,,,,18.27,0,20152.26,,,draft,Solar Kit|Neosolar,0,0,0,0,Solar Kit Grid-Tie
,,,,kits,BRL,Neosolar,NEO-21757,https://portal.zydon.com.br/api/files/ab60c860-b511-4bf3-a282-03cfda4cc71b/content?ingress=portalb2b.neosolar.com.br,,,,,Kit Bomba Solar Anauger R100 STD - até 40m ou 4.600 L/dia,,,120,1,0.24,240,0,,,draft,Solar Kit|Neosolar,0,0,3,0,Solar Kit Grid-Tie
,,,,kits,BRL,Neosolar,NEO-24715,https://portal.zydon.com.br/api/files/5ea4a37d-0760-4da0-9553-7dfa2c64efa7/content?ingress=portalb2b.neosolar.com.br,,,,,Kit Solar p/ Bomba (CA) até 10CV 380V - Apollo GS500 11G - 23.49kWp,,,,,23.49,0,28864.19,,,draft,Solar Kit|Neosolar,0,0,0,0,Solar Kit Grid-Tie
,,,,kits,BRL,Neosolar,NEO-24714,https://portal.zydon.com.br/api/files/e1e996fb-c9d5-4ff4-8b82-264c320f9ac3/content?ingress=portalb2b.neosolar.com.br,,,,,Kit Solar p/ Bomba (CA) até 7.5CV 380V - Apollo GS500 7.5G - 18.27kWp,,,,,18.27,0,22301.46,,,draft,Solar Kit|Neosolar,0,0,0,0,Solar Kit Grid-Tie
,,,,kits,BRL,Neosolar,NEO-24713,https://portal.zydon.com.br/api/files/eaf99130-ac79-4c3a-a0c4-c8a143d6d11b/content?ingress=portalb2b.neosolar.com.br,,,,,"Kit Solar p/ Bomba (CA) até 3CV 240V - Apollo GS500 2.2G-2SB - 5,22kWp",,,,,22.0,0,7599.62,,,draft,Solar Kit|Neosolar,0,0,0,0,Solar Kit Grid-Tie
,,,,kits,BRL,Neosolar,NEO-21751,https://portal.zydon.com.br/api/files/b9605151-bb09-4947-9a4f-90e8ff88644a/content?ingress=portalb2b.neosolar.com.br,,,,,Kit Bomba Solar Anauger P100 MAXX - até 40m ou 8.600 L/dia,,,200,1,0.4,400,0,,,draft,Solar Kit|Neosolar,0,0,3,0,Solar Kit Grid-Tie
,,,,kits,BRL,Neosolar,NEO-21741,https://portal.zydon.com.br/api/files/fc73ba4c-0a8c-4a57-a468-4f7106ed1530/content?ingress=portalb2b.neosolar.com.br,,,,,Kit Bomba Solar 12V Shurflo 2088 MAXX - até 35m ou 4.750 L/dia,,,200,1,0.4,400,0,,,draft,Solar Kit|Neosolar,0,0,3,0,Solar Kit Grid-Tie
,,,,kits,BRL,Neosolar,NEO-21743,https://portal.zydon.com.br/api/files/61c45504-b478-43fa-9391-54c2481a3cc9/content?ingress=portalb2b.neosolar.com.br,,,,,Kit Bomba Solar 24V Shurflo 9325 - até 70m ou 2.520 L/dia,,,200,1,0.4,400,0,,,draft,Solar Kit|Neosolar,0,0,3,0,Solar Kit Grid-Tie
,,,,kits,BRL,Neosolar,NEO-21756,https://portal.zydon.com.br/api/files/568a94ba-44d0-4501-8571-d8a624ea49eb/content?ingress=portalb2b.neosolar.com.br,,,,,Kit Bomba Solar Anauger R100 MAXX - até 40m ou 8.600 L/dia,,,200,1,0.4,400,0,,,draft,Solar Kit|Neosolar,0,0,3,0,Solar Kit Grid-Tie
,,,,kits,BRL,Neosolar,NEO-21755,https://portal.zydon.com.br/api/files/ac1b53cb-4987-4b7c-968f-46a9e4d2f0c7/content?ingress=portalb2b.neosolar.com.br,,,,,Kit Bomba Solar Anauger P100 STD - até 40m ou 4.600 L/dia,,,120,1,0.24,240,0,,,draft,Solar Kit|Neosolar,0,0,3,0,Solar Kit Grid-Tie
,,,,kits,BRL,Neosolar,NEO-21742,https://portal.zydon.com.br/api/files/a21caffb-f1c0-42ae-ae81-480cc44c54ae/content?ingress=portalb2b.neosolar.com.br,,,,,Kit Bomba Solar 12V Shurflo 2088 STD - até 14m ou 4.750 L/dia,,,155,1,0.31,310,0,,,draft,Solar Kit|Neosolar,0,0,2,0,Solar Kit Grid-Tie
,,,,kits,BRL,Neosolar,NEO-26361,https://portalb2b.neosolar.com.br/b2b-noimage-white.svg,,,,,Kit Solar p/ Bomba (CA) até 10CV 380V - Apollo GS500 11G - 23.49kWp,,,,,23.49,0,26237.72,,,draft,Solar Kit|Neosolar,0,0,0,0,Solar Kit Grid-Tie
,,,,kits,BRL,Neosolar,NEO-26359,https://portal.zydon.com.br/api/files/81e6092a-b1d7-4a42-8486-ba68758fc7d6/content?ingress=portalb2b.neosolar.com.br,,,,,"Kit Solar p/ Bomba (CA) até 3CV 240V - Apollo GS500 2.2G-2SB - 5,22kWp",,,,,22.0,0,7117.23,,,draft,Solar Kit|Neosolar,0,0,0,0,Solar Kit Grid-Tie
,,,,kits,BRL,Neosolar,NEO-24593,https://portal.zydon.com.br/api/files/0671dd0f-4a06-47d8-965c-29f1b84ec353/content?ingress=portalb2b.neosolar.com.br,,,,,Kit Bomba Solar Centrífuga ZTROON - 3ZTPC5-45-48-500W - até 45m ou 30.000 L/dia,,,870,1,1.74,1740,2321.28,,,draft,Solar Kit|Neosolar,0,0,3,0,Solar Kit Grid-Tie
,,,,kits,BRL,Neosolar,NEO-23762,https://portal.zydon.com.br/api/files/b7be913e-d2a5-4cd5-9c88-f37c2e7fa9ff/content?ingress=portalb2b.neosolar.com.br,,,,,Kit Bomba Solar Superfície ZTROON - ZTQB2-25-24-210W - até 25m ou 12m³/dia,,,340,1,0.68,680,1437.98,,,draft,Solar Kit|Neosolar,0,0,2,0,Solar Kit Grid-Tie
,,,,kits,BRL,Neosolar,NEO-21043,,,,,1,"Kit Gerador Energia Solar 2,38 kWp - Microinversor Deye c/ Wifi SUN2000 - Painel Luxen (Metálica)",,,0,38,38.0,2380,0,,,published,Solar Kit|Neosolar,0,1,42,0,Solar Kit Grid-Tie
,,,,kits,BRL,Neosolar,NEO-20970,,,,,1,"Kit Gerador Energia Solar 1,19 kWp - Microinversor Deye c/ Wifi SUN2000 - Painel Luxen(sem estrutura",,,0,19,19.0,1190,0,,,published,Solar Kit|Neosolar,0,1,21,0,Solar Kit Grid-Tie
,,,,kits,BRL,Neosolar,NEO-21072,,,,,1,"Kit Gerador Energia Solar 1,72 kWp - Microinversor Deye c/ Wifi SUN2000 - Painel OSDA Com Estrutura",,,0,74,72.0,1740,0,,,published,Solar Kit|Neosolar,0,1,77,0,Solar Kit Grid-Tie
,,,,kits,BRL,Neosolar,NEO-22940,,,,,1,"Kit Gerador Energia Solar 1,66 kWp - Microinversor Deye c/ Wifi SUN2250 - Painel ReneSola- Madeira",,,0,66,66.0,1665,0,,,published,Solar Kit|Neosolar,0,1,69,0,Solar Kit Grid-Tie
,,,,kits,BRL,Neosolar,NEO-22933,,,,,1,"Kit Gerador Energia Solar 1,11 kWp - Microinversor Deye c/ Wifi SUN2250 - Painel ReneSola | Estrutura para madeira",,,0,11,11.0,1110,0,,,published,Solar Kit|Neosolar,0,1,13,0,Solar Kit Grid-Tie
,,,,kits,BRL,Neosolar,NEO-22941,,,,,1,"Kit Gerador Energia Solar 1,66 kWp - Microinversor Deye c/ Wifi SUN2250 - Painel ReneSola- Metal",,,0,66,66.0,1665,0,,,published,Solar Kit|Neosolar,0,1,69,0,Solar Kit Grid-Tie
,,,,kits,BRL,Neosolar,NEO-22938,,,,,1,"Kit Gerador Energia Solar 1,66 kWp - Microinversor Deye c/ Wifi SUN2250 - Painel ReneSola- Cerâmica",,,0,66,66.0,1665,0,,,published,Solar Kit|Neosolar,0,1,69,0,Solar Kit Grid-Tie
,,,,kits,BRL,Neosolar,NEO-22935,,,,,1,"Kit Gerador Energia Solar 1,11 kWp - Microinversor Deye c/ Wifi SUN2250 - Painel ReneSola | Base Para Laje",,,0,11,11.0,1110,0,,,published,Solar Kit|Neosolar,0,1,13,0,Solar Kit Grid-Tie
,,,,kits,BRL,Neosolar,NEO-22992,,,,,1,"Kit Gerador Energia Solar 1,74 kWp - Microinversor Deye c/ Wifi SUN2250 - Painel OSDA- MiniTrilho",,,0,74,74.0,1740,0,,,published,Solar Kit|Neosolar,0,1,77,0,Solar Kit Grid-Tie
,,,,kits,BRL,Neosolar,NEO-22925,,,,,1,"Kit Gerador Energia Solar 0,55 kWp - Microinversor Deye c/ Wifi SUN2250 - Painel ReneSola | Mini Trilho",,,0,55,55.0,555,0,,,published,Solar Kit|Neosolar,0,1,56,0,Solar Kit Grid-Tie
,,,,kits,BRL,Neosolar,NEO-22989,,,,,1,"Kit Gerador Energia Solar 1,16 kWp - Microinversor Deye c/ Wifi SUN2250 - Painel OSDA- Solo",,,0,16,16.0,1160,0,,,published,Solar Kit|Neosolar,0,1,18,0,Solar Kit Grid-Tie
,,,,kits,BRL,Neosolar,NEO-22990,,,,,1,"Kit Gerador Energia Solar 1,16 kWp - Microinversor Deye c/ Wifi SUN2250 - Painel OSDA",,,0,16,16.0,1160,0,,,published,Solar Kit|Neosolar,0,1,18,0,Solar Kit Grid-Tie
,,,,kits,BRL,Neosolar,NEO-23101,,,,,1,"Kit Gerador Energia Solar 2,34 kWp - Microinversor Deye c/ Wifi SUN2250 - Painel OSDA | Para metalica",,,0,34,34.0,2340,0,,,published,Solar Kit|Neosolar,0,1,38,0,Solar Kit Grid-Tie
,,,,kits,BRL,Neosolar,NEO-23099,,,,,1,"Kit Gerador Energia Solar 2,34 kWp - Microinversor Deye c/ Wifi SUN2250 - Painel OSDA | Mini trilho",,,0,34,34.0,2340,0,,,published,Solar Kit|Neosolar,0,1,38,0,Solar Kit Grid-Tie
,,,,kits,BRL,Neosolar,NEO-22927,,,,,1,"Kit Gerador Energia Solar 0,55 kWp - Microinversor Deye c/ Wifi SUN2250 - Painel ReneSola | Estrtura de metal",,,0,55,55.0,555,0,,,published,Solar Kit|Neosolar,0,1,56,0,Solar Kit Grid-Tie
,,,,kits,BRL,Neosolar,NEO-22936,,,,,1,"Kit Gerador Energia Solar 1,11 kWp - Microinversor Deye c/ Wifi SUN2250 - Painel ReneSola | Estrutura para Solo",,,0,11,11.0,1110,0,,,published,Solar Kit|Neosolar,0,1,13,0,Solar Kit Grid-Tie
,,,,kits,BRL,Neosolar,NEO-22932,,,,,1,"Kit Gerador Energia Solar 1,11 kWp - Microinversor Deye c/ Wifi SUN2250 - Painel ReneSola | Mini Trilho",,,0,11,11.0,1110,0,,,published,Solar Kit|Neosolar,0,1,13,0,Solar Kit Grid-Tie
,,,,kits,BRL,Neosolar,NEO-22867,,,,,1,"Kit Gerador Energia Solar 1,74 kWp - Microinversor Deye c/ Wifi SUN2250 - Painel OSDA - Cerâmica",,,0,74,74.0,1740,0,,,published,Solar Kit|Neosolar,0,1,77,0,Solar Kit Grid-Tie
,,,,kits,BRL,Neosolar,NEO-22929,,,,,1,"Kit Gerador Energia Solar 0,55 kWp - Microinversor Deye c/ Wifi SUN2250 - Painel ReneSola | Solo e P.M8",,,0,55,55.0,555,0,,,published,Solar Kit|Neosolar,0,1,56,0,Solar Kit Grid-Tie
,,,,kits,BRL,Neosolar,NEO-22930,,,,,1,"Kit Gerador Energia Solar 0,55 kWp - Microinversor Deye c/ Wifi SUN2250 - Painel ReneSola | Sem estrutura",,,0,55,55.0,555,0,,,published,Solar Kit|Neosolar,0,1,56,0,Solar Kit Grid-Tie
,,,,kits,BRL,Neosolar,NEO-22439,,,,,1,"Kit Gerador Energia Solar 2,38 kWp - Microinversor Deye c/ Wifi SUN2000 - Painel Luxen (Mini Trilho)",,,0,38,38.0,2380,0,,,published,Solar Kit|Neosolar,0,1,42,0,Solar Kit Grid-Tie
,,,,kits,BRL,Neosolar,NEO-22324,,,,,20,"Kit Gerador Energia Solar 2,20 kWp - Microinversor Deye c/ Wifi SUN2000 - Painel Sunova (Cerâmica)",,,,,20.0,0,0,,,published,Solar Kit|Neosolar,0,20,0,0,Solar Kit Grid-Tie
,,,,kits,BRL,Neosolar,NEO-22308,,,,,1,"Kit Gerador Energia Solar 0,55 kWp - Microinversor Deye c/ Wifi SUN2000 - Painel Sunova",,,0,55,55.0,550,0,,,published,Solar Kit|Neosolar,0,1,56,0,Solar Kit Grid-Tie
,,,,kits,BRL,Neosolar,NEO-22312,,,,,1,"Kit Gerador Energia Solar 1,10 kWp - Microinversor Deye c/ Wifi SUN2000 - Painel Sunova (Madeira)",,,0,10,10.0,1100,0,,,published,Solar Kit|Neosolar,0,1,12,0,Solar Kit Grid-Tie
,,,,kits,BRL,Neosolar,NEO-22321,,,,,1,"Kit Gerador Energia Solar 1,65 kWp - Microinversor Deye c/ Wifi SUN2000 - Painel Sunova (Solo)",,,0,65,65.0,1650,0,,,published,Solar Kit|Neosolar,0,1,68,0,Solar Kit Grid-Tie
,,,,kits,BRL,Neosolar,NEO-22217,,,,,1,"Kit Gerador Energia Solar 1,10 kWp - Microinversor Deye c/ Wifi SUN2000 - Painel Sunova (Madeira)",,,0,10,10.0,1100,0,,,published,Solar Kit|Neosolar,0,1,12,0,Solar Kit Grid-Tie
,,,,kits,BRL,Neosolar,NEO-22183,,,,,1,"Kit Gerador Energia Solar 1,74 kWp - Microinversor Deye c/ Wifi SUN2000 - Painel Sunova (Madeira)",,,0,74,74.0,1740,0,,,published,Solar Kit|Neosolar,0,1,77,0,Solar Kit Grid-Tie
,,,,kits,BRL,Neosolar,NEO-22185,,,,,1,"Kit Gerador Energia Solar 1,74 kWp - Microinversor Deye c/ Wifi SUN2000 - Painel Sunova (Solo)",,,0,74,74.0,1740,0,,,published,Solar Kit|Neosolar,0,1,77,0,Solar Kit Grid-Tie
,,,,kits,BRL,Neosolar,NEO-22318,,,,,1,"Kit Gerador Energia Solar 1,65 kWp - Microinversor Deye c/ Wifi SUN2000 - Painel Sunova (Mini Trilho)",,,0,65,65.0,1650,0,,,published,Solar Kit|Neosolar,0,1,68,0,Solar Kit Grid-Tie
,,,,kits,BRL,Neosolar,NEO-22300,,,,,1,"Kit Gerador Energia Solar 2,32 kWp - Microinversor Deye c/ Wifi SUN2000 - Painel Sunova (Solo)",,,0,32,32.0,2320,0,,,published,Solar Kit|Neosolar,0,1,36,0,Solar Kit Grid-Tie
,,,,kits,BRL,Neosolar,NEO-22325,,,,,1,"Kit Gerador Energia Solar 2,20 kWp - Microinversor Deye c/ Wifi SUN2000 - Painel Sunova (Mini Trilho)",,,0,20,20.0,2200,0,,,published,Solar Kit|Neosolar,0,1,24,0,Solar Kit Grid-Tie
,,,,kits,BRL,Neosolar,NEO-22310,,,,,1,"Kit Gerador Energia Solar 1,10 kWp - Microinversor Deye c/ Wifi SUN2000 - Painel Sunova (Cerâmica)",,,0,10,10.0,1100,0,,,published,Solar Kit|Neosolar,0,1,12,0,Solar Kit Grid-Tie
,,,,kits,BRL,Neosolar,NEO-22319,,,,,1,"Kit Gerador Energia Solar 1,65 kWp - Microinversor Deye c/ Wifi SUN2000 - Painel Sunova (Madeira)",,,0,65,65.0,1650,0,,,published,Solar Kit|Neosolar,0,1,68,0,Solar Kit Grid-Tie
,,,,kits,BRL,Neosolar,NEO-22314,,,,,1,"Kit Gerador Energia Solar 1,10 kWp - Microinversor Deye c/ Wifi SUN2000 - Painel Sunova (Solo)",,,0,10,10.0,1100,0,,,published,Solar Kit|Neosolar,0,1,12,0,Solar Kit Grid-Tie
,,,,kits,BRL,Neosolar,NEO-22323,,,,,1,"Kit Gerador Energia Solar 2,20 kWp - Microinversor Deye c/ Wifi SUN2000 - Painel Sunova (Laje)",,,0,20,20.0,2200,0,,,published,Solar Kit|Neosolar,0,1,24,0,Solar Kit Grid-Tie
,,,,kits,BRL,Neosolar,NEO-22315,,,,,1,"Kit Gerador Energia Solar 1,10 kWp - Microinversor Deye c/ Wifi SUN2000 - Painel Sunova",,,0,10,10.0,1100,0,,,published,Solar Kit|Neosolar,0,1,12,0,Solar Kit Grid-Tie
,,,,kits,BRL,Neosolar,NEO-22460,,,,,1,"Kit Gerador Energia Solar 0,59 kWp - Microinversor Deye c/ Wifi SUN2000 - Painel Luxen (Mini Trilho)",,,0,595,59.0,595,0,,,published,Solar Kit|Neosolar,0,1,596,0,Solar Kit Grid-Tie
,,,,kits,BRL,Neosolar,NEO-22304,,,,,55,"Kit Gerador Energia Solar 0,55 kWp - Microinversor Deye c/ Wifi SUN2000 - Painel Sunova (Mini Trilho)",,,,,55.0,0,0,,,published,Solar Kit|Neosolar,0,55,0,0,Solar Kit Grid-Tie
,,,,kits,BRL,Neosolar,NEO-22286,,,,,1,"Kit Gerador Energia Solar 1,16 kWp - Microinversor Deye c/ Wifi SUN2000 - Painel Sunova (Solo)",,,0,16,16.0,1160,0,,,published,Solar Kit|Neosolar,0,1,18,0,Solar Kit Grid-Tie
,,,,kits,BRL,Neosolar,NEO-22279,,,,,1,"Kit Gerador Energia Solar 0,58 kWp - Microinversor Deye c/ Wifi SUN2000 - Painel Sunova (Solo)",,,0,58,58.0,580,0,,,published,Solar Kit|Neosolar,0,1,59,0,Solar Kit Grid-Tie
,,,,kits,BRL,Neosolar,NEO-22281,,,,,1,"Kit Gerador Energia Solar 1,16 kWp - Microinversor Deye c/ Wifi SUN2000 - Painel Sunova (Laje)",,,0,16,16.0,1160,0,,,published,Solar Kit|Neosolar,0,1,18,0,Solar Kit Grid-Tie
,,,,kits,BRL,Neosolar,NEO-22288,,,,,1,"Kit Gerador Energia Solar 1,74 kWp - Microinversor Deye c/ Wifi SUN2000 - Painel Sunova (Laje)",,,0,74,74.0,1740,0,,,published,Solar Kit|Neosolar,0,1,77,0,Solar Kit Grid-Tie
,,,,kits,BRL,Neosolar,NEO-22214,,,,,1,"Kit Gerador Energia Solar 1,10 kWp - Microinversor Deye c/ Wifi SUN2000 - Painel Sunova (Laje)",,,0,10,10.0,1100,0,,,published,Solar Kit|Neosolar,0,1,12,0,Solar Kit Grid-Tie
,,,,kits,BRL,Neosolar,NEO-22124,,,,,,"Kit Gerador Energia Solar 1,66kWp - Microinversor Deye c/ Wifi SUN2000 C/ Parafuso (Metal)",,,555,3,66.0,1665,0,,,published,Solar Kit|Neosolar,0,0,3,0,Solar Kit Grid-Tie
,,,,kits,BRL,Neosolar,NEO-22221,,,,,1,"Kit Gerador Energia Solar 1,65 kWp - Microinversor Deye c/ Wifi SUN2000 - Painel Sunova (Laje)",,,0,65,65.0,1650,0,,,published,Solar Kit|Neosolar,0,1,68,0,Solar Kit Grid-Tie
,,,,kits,BRL,Neosolar,NEO-22416,,,,,1,"Kit Gerador Energia Solar 1,16 kWp - Microinversor Deye c/ Wifi SUN2000 - Painel OSDA (Metálica)",,,0,16,16.0,1160,0,,,published,Solar Kit|Neosolar,0,1,18,0,Solar Kit Grid-Tie
,,,,kits,BRL,Neosolar,NEO-22283,,,,,1,"Kit Gerador Energia Solar 1,16 kWp - Microinversor Deye c/ Wifi SUN2000 - Painel Sunova (Mini trilho)",,,0,16,16.0,1160,0,,,published,Solar Kit|Neosolar,0,1,18,0,Solar Kit Grid-Tie
,,,,kits,BRL,Neosolar,NEO-22277,,,,,1,"Kit Gerador Energia Solar 0,58 kWp - Microinversor Deye c/ Wifi SUN2000 - Painel Sunova (Madeira)",,,0,58,58.0,580,0,,,published,Solar Kit|Neosolar,0,1,59,0,Solar Kit Grid-Tie
,,,,kits,BRL,Neosolar,NEO-22274,,,,,1,"Kit Gerador Energia Solar 0,58 kWp - Microinversor Deye c/ Wifi SUN2000 - Painel Sunova (Laje)",,,0,58,58.0,580,0,,,published,Solar Kit|Neosolar,0,1,59,0,Solar Kit Grid-Tie
,,,,kits,BRL,Neosolar,NEO-22219,,,,,1,"Kit Gerador Energia Solar 1,10 kWp - Microinversor Deye c/ Wifi SUN2000 - Painel Sunova (Solo)",,,0,10,10.0,1100,0,,,published,Solar Kit|Neosolar,0,1,12,0,Solar Kit Grid-Tie
,,,,kits,BRL,Neosolar,NEO-22210,,,,,1,"Kit Gerador Energia Solar 0,55 kWp - Microinversor Deye c/ Wifi SUN2000 - Painel Sunova (Madeira)",,,0,55,55.0,550,0,,,published,Solar Kit|Neosolar,0,1,56,0,Solar Kit Grid-Tie
,,,,kits,BRL,Neosolar,NEO-22516,,,,,1,"Kit Gerador Energia Solar 2,22 kWp - Microinversor Deye c/ Wifi SUN2000 - Painel ReneSola (Para Solo)",,,0,22,22.0,2220,0,,,published,Solar Kit|Neosolar,0,1,26,0,Solar Kit Grid-Tie
,,,,kits,BRL,Neosolar,NEO-22506,,,,,1,"Kit Gerador Energia Solar 1,66 kWp - Microinversor Deye c/ Wifi SUN2000 - Painel ReneSola (Mini Trilho)",,,0,66,66.0,1665,0,,,published,Solar Kit|Neosolar,0,1,69,0,Solar Kit Grid-Tie
,,,,kits,BRL,Neosolar,NEO-22192,,,,,1,"Kit Gerador Energia Solar 2,32 kWp - Microinversor Deye c/ Wifi SUN2000 - Painel Sunova (Solo)",,,0,32,32.0,2320,0,,,published,Solar Kit|Neosolar,0,1,36,0,Solar Kit Grid-Tie
,,,,kits,BRL,Neosolar,NEO-21923,,,,,1,"Kit Gerador Energia Solar 1,16 kWp - Microinversor Deye c/ Wifi SUN2000 - Painel OSDA Com Estrutura",,,0,16,16.0,1160,0,,,published,Solar Kit|Neosolar,0,1,18,0,Solar Kit Grid-Tie
,,,,kits,BRL,Neosolar,NEO-22421,,,,,1,"Kit Gerador Energia Solar 1,74 kWp - Microinversor Deye c/ Wifi SUN2000 - Painel OSDA (Mini Trilho)",,,0,74,74.0,1740,0,,,published,Solar Kit|Neosolar,0,1,77,0,Solar Kit Grid-Tie
,,,,kits,BRL,Neosolar,NEO-22347,,,,,1,"Kit Gerador Energia Solar 1,78 kWp - Microinversor Deye c/ Wifi SUN2000 - Painel Luxen - Estrutura Metálica",,,0,78,78.0,1785,0,,,published,Solar Kit|Neosolar,0,1,81,0,Solar Kit Grid-Tie
,,,,kits,BRL,Neosolar,NEO-21235,,,,,1,"Kit Gerador Energia Solar 2,32 kWp - Microinversor Deye c/ Wifi SUN2000 - Painel OSDA (cerâmica)",,,0,32,32.0,2320,0,,,published,Solar Kit|Neosolar,0,1,36,0,Solar Kit Grid-Tie
,,,,kits,BRL,Neosolar,NEO-21260,,,,,1,"Kit Gerador Energia Solar 0,58 kWp - Microinversor Deye c/ Wifi SUN2000 - Painel OSDA (Mini Trilho)",,,0,58,58.0,580,0,,,published,Solar Kit|Neosolar,0,1,59,0,Solar Kit Grid-Tie
,,,,kits,BRL,Neosolar,NEO-22341,,,,,1,"Kit Gerador Energia Solar 1,19 kWp - Microinversor Deye c/ Wifi SUN2000 - Painel Luxen - Estrutura Para Laje",,,0,19,19.0,1190,0,,,published,Solar Kit|Neosolar,0,1,21,0,Solar Kit Grid-Tie
,,,,kits,BRL,Neosolar,NEO-22345,,,,,1,"Kit Gerador Energia Solar 1,78 kWp - Microinversor Deye c/ Wifi SUN2000 - Painel Luxen - Estrutura Cerâmica",,,0,78,78.0,1785,0,,,published,Solar Kit|Neosolar,0,1,81,0,Solar Kit Grid-Tie
,,,,kits,BRL,Neosolar,NEO-22343,,,,,1,"Kit Gerador Energia Solar 1,19 kWp - Microinversor Deye c/ Wifi SUN2000 - Painel Luxen - Estrutura Mini Trilho",,,0,19,19.0,1190,0,,,published,Solar Kit|Neosolar,0,1,21,0,Solar Kit Grid-Tie
,,,,kits,BRL,Neosolar,NEO-21724,,,,,1,"Kit Gerador Energia Solar 2,32 kWp - Microinversor Deye c/ Wifi SUN2000 - Painel OSDA (Metálica)",,,0,32,32.0,2320,0,,,published,Solar Kit|Neosolar,0,1,36,0,Solar Kit Grid-Tie
,,,,kits,BRL,Neosolar,NEO-21723,,,,,1,"Kit Gerador Energia Solar 2,32 kWp - Microinversor Deye c/ Wifi SUN2000 - Painel OSDA (Madeira)",,,0,32,32.0,2320,0,,,published,Solar Kit|Neosolar,0,1,36,0,Solar Kit Grid-Tie
,,,,kits,BRL,Neosolar,NEO-21283,,,,,1,"Kit Gerador Energia Solar 1,19 kWp - Microinversor Deye c/ Wifi SUN2000 - Painel Luxen Com Estrutura",,,0,19,19.0,1190,0,,,published,Solar Kit|Neosolar,0,1,21,0,Solar Kit Grid-Tie
,,,,kits,BRL,Neosolar,NEO-21126,,,,,1,"Kit Gerador Energia Solar 1,19 kWp - Microinversor Deye c/ Wifi SUN2000 - Painel Luxen Com Estrtura",,,0,19,19.0,1190,0,,,published,Solar Kit|Neosolar,0,1,21,0,Solar Kit Grid-Tie
,,,,kits,BRL,Neosolar,NEO-21127,,,,,1,"Kit Gerador Energia Solar 1,15 kWp - Microinversor Deye c/ Wifi SUN2000 - Painel OSDA (Mini Trilho)",,,0,15,15.0,1150,0,,,published,Solar Kit|Neosolar,0,1,17,0,Solar Kit Grid-Tie
,,,,kits,BRL,Neosolar,NEO-21398,,,,,1,"Kit Gerador Energia Solar 0,57 kWp - Microinversor Deye c/ Wifi SUN2000 - Painel OSDA (Madeira)",,,0,57,57.0,575,0,,,published,Solar Kit|Neosolar,0,1,58,0,Solar Kit Grid-Tie
,,,,kits,BRL,Neosolar,NEO-21117,,,,,1,"Kit Gerador Energia Solar 0,59 kWp - Microinversor Deye c/ Wifi SUN2000 - Painel Luxen (sem estrutur",,,0,595,59.0,595,0,,,published,Solar Kit|Neosolar,0,1,596,0,Solar Kit Grid-Tie
,,,,kits,BRL,Neosolar,NEO-24690,,,,,1,"Kit Gerador Energia Solar  2,44kWp - Microinversor Deye c/ Wifi SUN2250 - Painel Sunova | P/ Madeira",,,0,1,44.0,2440,0,,,published,Solar Kit|Neosolar,0,1,5,0,Solar Kit Grid-Tie
,,,,kits,BRL,Neosolar,NEO-24693,,,,,1,"Kit Gerador Energia Solar  1,22kWp - Microinversor Deye c/ Wifi SUN2250 - Painel Sunova | S/ Estrutura",,,0,1,22.0,1220,0,,,published,Solar Kit|Neosolar,0,1,3,0,Solar Kit Grid-Tie
,,,,kits,BRL,Neosolar,NEO-24694,,,,,1,"Kit Gerador Energia Solar  1,83kWp - Microinversor Deye c/ Wifi SUN2250 - Painel Sunova | S/ Estrutura",,,0,1,83.0,1830,0,,,published,Solar Kit|Neosolar,0,1,4,0,Solar Kit Grid-Tie
,,,,kits,BRL,Neosolar,NEO-21119,,,,,1,"Kit Gerador Energia Solar 0,59 kWp - Microinversor Deye c/ Wifi SUN2000 - Painel Luxen (Madeira)",,,0,595,59.0,595,0,,,published,Solar Kit|Neosolar,0,1,596,0,Solar Kit Grid-Tie
,,,,kits,BRL,Neosolar,NEO-21259,,,,,1,"Kit Gerador Energia Solar 0,58 kWp - Microinversor Deye c/ Wifi SUN2000 - Painel OSDA (Laje)",,,0,58,58.0,580,0,,,published,Solar Kit|Neosolar,0,1,59,0,Solar Kit Grid-Tie
,,,,kits,BRL,Neosolar,NEO-21511,,,,,1,"Kit Gerador Energia Solar 0,58 kWp - Microinversor Deye c/ Wifi SUN2000 - Painel OSDA (Solo)",,,0,58,58.0,580,0,,,published,Solar Kit|Neosolar,0,1,59,0,Solar Kit Grid-Tie
,,,,kits,BRL,Neosolar,NEO-21740,,,,,1,"Kit Gerador Energia Solar 1,74 kWp - Microinversor Deye c/ Wifi SUN2000 - Painel OSDA Com Estrtura",,,0,74,74.0,1740,0,,,published,Solar Kit|Neosolar,0,1,77,0,Solar Kit Grid-Tie
,,,,kits,BRL,Neosolar,NEO-21797,,,,,1,"Kit Gerador Energia Solar 1,16 kWp - Microinversor Deye c/ Wifi SUN2000 - Painel OSDA (Mini Trilho)",,,0,16,16.0,1160,0,,,published,Solar Kit|Neosolar,0,1,18,0,Solar Kit Grid-Tie
,,,,kits,BRL,Neosolar,NEO-21800,,,,,1,"Kit Gerador Energia Solar 1,16 kWp - Microinversor Deye c/ Wifi SUN2000 - Painel OSDA (Solo)",,,0,16,16.0,1160,0,,,published,Solar Kit|Neosolar,0,1,18,0,Solar Kit Grid-Tie
,,4,48,kits,BRL,Neosolar,NEO-24924,,,,,1,"Kit Energia Solar On Grid Híbrido - 6,1kWp 4,8kWh Lítio 48V (24924)",,,610,10,1.0,6100,0,,,published,Solar Kit|Neosolar,4,1,10,0,Solar Kit Hybrid
,,4,48,kits,BRL,Neosolar,NEO-24923,,,,,1,"Kit Energia Solar On Grid Híbrido - 6,1kWp 4,8kWh Lítio 48V (24923)",,,610,10,1.0,6100,0,,,published,Solar Kit|Neosolar,4,1,10,0,Solar Kit Hybrid
,,,,kits,BRL,Neosolar,NEO-23757,https://portal.zydon.com.br/api/files/699bb4b0-ff8e-44fc-8977-59a88b5bc923/content?ingress=portalb2b.neosolar.com.br,,,,,Kit Bomba Solar ZTROON - 3ZTPC3.8-180-96-1500W - até 180m ou 22.800 L/dia (23757),,,720,1,3.44,3440,4726.22,,,draft,Solar Kit|Neosolar,0,0,9,0,Solar Kit Grid-Tie
,,,,kits,BRL,Neosolar,NEO-27329,https://portalb2b.neosolar.com.br/b2b-noimage-white.svg,,,,,Kit Bomba Solar Anauger R100 STD - até 40m ou 4.600 L/dia,,,340,1,0.68,680,1862.59,,,draft,Solar Kit|Neosolar,0,0,2,0,Solar Kit Grid-Tie
,,,,kits,BRL,Neosolar,NEO-24072,https://portal.zydon.com.br/api/files/fe848e58-c590-45f6-a8bf-f5d77397f5a9/content?ingress=portalb2b.neosolar.com.br,,,,,Kit Bomba Solar Híbrida ZTROON - 4ZTSC4.8-203-200-1500-A/D - até 203m ou 27.000 L/dia,,,720,1,3.44,3440,5175.61,,,draft,Solar Kit|Neosolar,0,0,9,0,Solar Kit Grid-Tie
,,,,kits,BRL,Neosolar,NEO-23758,https://portal.zydon.com.br/api/files/3f8e14ff-f8de-48b6-97c5-3508c9657f94/content?ingress=portalb2b.neosolar.com.br,,,,,Kit Bomba Solar Centrífuga ZTROON - 3ZTPC6-125-96-1500W - até 125m ou 36.000 L/dia (23758),,,720,1,3.44,3440,4794.52,,,draft,Solar Kit|Neosolar,0,0,9,0,Solar Kit Grid-Tie
,,,,kits,BRL,Neosolar,NEO-24021,https://portal.zydon.com.br/api/files/e3ef3254-b830-4c90-9e71-4cdc365b718a/content?ingress=portalb2b.neosolar.com.br,,,,,Kit Bomba Solar Helicoidal ZTROON - 3ZTS2.0-150-48-750W - até 150m ou 12.000L/dia,,,1360,1,2.72,2720,3028.95,,,draft,Solar Kit|Neosolar,0,0,5,0,Solar Kit Grid-Tie
,,,,kits,BRL,Neosolar,NEO-23761,https://portal.zydon.com.br/api/files/a598cf98-81a3-4099-930d-631b798105d9/content?ingress=portalb2b.neosolar.com.br,,,,,Kit Bomba Solar Híbrida ZTROON - 4ZTLR11.5-100-200-1500-A/D - até 100m ou 69.000 L/dia (23761),,,720,1,3.44,3440,4871.12,,,draft,Solar Kit|Neosolar,0,0,9,0,Solar Kit Grid-Tie
,,,,kits,BRL,Neosolar,NEO-23759,https://portal.zydon.com.br/api/files/bdae5acc-18e6-451f-bb19-083da80777fa/content?ingress=portalb2b.neosolar.com.br,,,,,Kit Bomba Solar Centrífuga ZTROON - 3ZTPC5.2-75-96-750W - até 75m ou 31.200 L/dia (23759),,,1360,1,2.72,2720,3167.56,,,draft,Solar Kit|Neosolar,0,0,5,0,Solar Kit Grid-Tie
,,,,kits,BRL,Neosolar,NEO-24607,https://portal.zydon.com.br/api/files/4449a6bc-4e2c-4b3c-aa81-4272e39780e1/content?ingress=portalb2b.neosolar.com.br,,,,,Kit Bomba Solar Helicoidal ZTROON - 3ZTS1.7-109-48-500W - até 900Wp,,,900,1,0.9,1800,2246.21,,,draft,Solar Kit|Neosolar,0,0,5,0,Solar Kit Grid-Tie
,,,,kits,BRL,Neosolar,NEO-25220,https://portal.zydon.com.br/api/files/315aa012-f6c2-4ee7-905b-4bd48b531d3a/content?ingress=portalb2b.neosolar.com.br,,,,,Kit Bomba Solar Anauger P100 MAXX - até 40m ou 8.600 L/dia,,,200,1,0.4,400,1631.22,,,draft,Solar Kit|Neosolar,0,0,3,0,Solar Kit Grid-Tie
,,,,kits,BRL,Neosolar,NEO-24795,https://portal.zydon.com.br/api/files/e96f9f86-f7da-4bca-aa8d-4e1b3ae2b9d1/content?ingress=portalb2b.neosolar.com.br,,,,,Kit Bomba Solar 12V Shurflo 8000 MAXX - até 42m ou 2.940 L/dia,,,160,1,0.32,320,1266.36,,,draft,Solar Kit|Neosolar,0,0,2,0,Solar Kit Grid-Tie
,,,,kits,BRL,Neosolar,NEO-23757,https://portal.zydon.com.br/api/files/699bb4b0-ff8e-44fc-8977-59a88b5bc923/content?ingress=portalb2b.neosolar.com.br,,,,,Kit Bomba Solar ZTROON - 3ZTPC3.8-180-96-1500W - até 180m ou 22.800 L/dia (23757),,,720,1,3.44,3440,4726.22,,,draft,Solar Kit|Neosolar,0,0,9,0,Solar Kit Grid-Tie
,,,,kits,BRL,Neosolar,NEO-27329,https://portalb2b.neosolar.com.br/b2b-noimage-white.svg,,,,,Kit Bomba Solar Anauger R100 STD - até 40m ou 4.600 L/dia,,,340,1,0.68,680,1862.59,,,draft,Solar Kit|Neosolar,0,0,2,0,Solar Kit Grid-Tie
,,,,kits,BRL,Neosolar,NEO-24072,https://portal.zydon.com.br/api/files/fe848e58-c590-45f6-a8bf-f5d77397f5a9/content?ingress=portalb2b.neosolar.com.br,,,,,Kit Bomba Solar Híbrida ZTROON - 4ZTSC4.8-203-200-1500-A/D - até 203m ou 27.000 L/dia,,,720,1,3.44,3440,5175.61,,,draft,Solar Kit|Neosolar,0,0,9,0,Solar Kit Grid-Tie
,,,,kits,BRL,Neosolar,NEO-23758,https://portal.zydon.com.br/api/files/3f8e14ff-f8de-48b6-97c5-3508c9657f94/content?ingress=portalb2b.neosolar.com.br,,,,,Kit Bomba Solar Centrífuga ZTROON - 3ZTPC6-125-96-1500W - até 125m ou 36.000 L/dia (23758),,,720,1,3.44,3440,4794.52,,,draft,Solar Kit|Neosolar,0,0,9,0,Solar Kit Grid-Tie
,,,,kits,BRL,Neosolar,NEO-24021,https://portal.zydon.com.br/api/files/e3ef3254-b830-4c90-9e71-4cdc365b718a/content?ingress=portalb2b.neosolar.com.br,,,,,Kit Bomba Solar Helicoidal ZTROON - 3ZTS2.0-150-48-750W - até 150m ou 12.000L/dia,,,1360,1,2.72,2720,3028.95,,,draft,Solar Kit|Neosolar,0,0,5,0,Solar Kit Grid-Tie
,,,,kits,BRL,Neosolar,NEO-23761,https://portal.zydon.com.br/api/files/a598cf98-81a3-4099-930d-631b798105d9/content?ingress=portalb2b.neosolar.com.br,,,,,Kit Bomba Solar Híbrida ZTROON - 4ZTLR11.5-100-200-1500-A/D - até 100m ou 69.000 L/dia (23761),,,720,1,3.44,3440,4871.12,,,draft,Solar Kit|Neosolar,0,0,9,0,Solar Kit Grid-Tie
,,,,kits,BRL,Neosolar,NEO-23759,https://portal.zydon.com.br/api/files/bdae5acc-18e6-451f-bb19-083da80777fa/content?ingress=portalb2b.neosolar.com.br,,,,,Kit Bomba Solar Centrífuga ZTROON - 3ZTPC5.2-75-96-750W - até 75m ou 31.200 L/dia (23759),,,1360,1,2.72,2720,3167.56,,,draft,Solar Kit|Neosolar,0,0,5,0,Solar Kit Grid-Tie
,,,,kits,BRL,Neosolar,NEO-24607,https://portal.zydon.com.br/api/files/4449a6bc-4e2c-4b3c-aa81-4272e39780e1/content?ingress=portalb2b.neosolar.com.br,,,,,Kit Bomba Solar Helicoidal ZTROON - 3ZTS1.7-109-48-500W - até 900Wp,,,900,1,0.9,1800,2246.21,,,draft,Solar Kit|Neosolar,0,0,5,0,Solar Kit Grid-Tie
,,,,kits,BRL,Neosolar,NEO-25220,https://portal.zydon.com.br/api/files/315aa012-f6c2-4ee7-905b-4bd48b531d3a/content?ingress=portalb2b.neosolar.com.br,,,,,Kit Bomba Solar Anauger P100 MAXX - até 40m ou 8.600 L/dia,,,200,1,0.4,400,1631.22,,,draft,Solar Kit|Neosolar,0,0,3,0,Solar Kit Grid-Tie
,,,,kits,BRL,Neosolar,NEO-24795,https://portal.zydon.com.br/api/files/e96f9f86-f7da-4bca-aa8d-4e1b3ae2b9d1/content?ingress=portalb2b.neosolar.com.br,,,,,Kit Bomba Solar 12V Shurflo 8000 MAXX - até 42m ou 2.940 L/dia,,,160,1,0.32,320,1266.36,,,draft,Solar Kit|Neosolar,0,0,2,0,Solar Kit Grid-Tie
,,,,kits,BRL,Neosolar,NEO-24249,https://portal.zydon.com.br/api/files/772224e9-9d93-45b5-8a35-233d99f588a0/content?ingress=portalb2b.neosolar.com.br,,,,,Kit Bomba Solar Anauger R100 STD - até 40m ou 4.600 L/dia,,,120,1,0.24,240,1734.52,,,draft,Solar Kit|Neosolar,0,0,3,0,Solar Kit Grid-Tie
,,,,kits,BRL,Neosolar,NEO-26900,,,,,,Kit Solar p/ Bomba (CA) até 3CV 220V - Apollo GS500 2.2G-2SB - 4.96kWp,,,,,4.96,0,6870.59,,,draft,Solar Kit|Neosolar,0,0,0,0,Solar Kit Grid-Tie
,,,,kits,BRL,Neosolar,NEO-24606,,,,,,Kit Bomba Solar Helicoidal ZTROON - 3ZTS1.7-109-48-500W - até 109 m ou 10.200 L/dia,,,870,1,1.74,1740,2110.4,,,draft,Solar Kit|Neosolar,0,0,3,0,Solar Kit Grid-Tie
,,,,kits,BRL,Neosolar,NEO-24608,,,,,,Kit Bomba Solar Superfície ZTROON - ZTHF6-24-48-550W - até 24m ou 36m³/dia,,,870,1,1.74,1740,1905.5,,,draft,Solar Kit|Neosolar,0,0,3,0,Solar Kit Grid-Tie
,,,,kits,BRL,Neosolar,NEO-26902,,,,,,Kit Solar p/ Bomba (CA) até 10CV 380V - Apollo GS500 11G - 24.18kWp,,,,,24.18,0,23171.4,,,draft,Solar Kit|Neosolar,0,0,0,0,Solar Kit Grid-Tie
,,,,kits,BRL,Neosolar,NEO-24717,,,,,,Kit Solar p/ Bomba (CA) até 10CV 380V - Apollo GS500 11G - 24.18kWp,,,,,24.18,0,25936.95,,,draft,Solar Kit|Neosolar,0,0,0,0,Solar Kit Grid-Tie
,,,,kits,BRL,Neosolar,NEO-25025,,,,,,Kit Solar p/ Bomba (CA) até 10CV 380V - Apollo GS500 11G - 23.39kWp,,,,,23.39,0,26433.36,,,draft,Solar Kit|Neosolar,0,0,0,0,Solar Kit Grid-Tie
,,,,kits,BRL,Neosolar,NEO-23760,,,,,,Kit Bomba Solar Helicoidal ZTROON 3ZTS1.2-77-24-210W - até 77m ou 7.200 L/dia (23760),,,340,1,0.68,680,1570.19,,,draft,Solar Kit|Neosolar,0,0,2,0,Solar Kit Grid-Tie
,,,,kits,BRL,Neosolar,NEO-25024,,,,,,Kit Solar p/ Bomba (CA) até 7.5CV 380V - Apollo GS500 7.5G - 15.86kWp,,,,,15.86,0,17535.88,,,draft,Solar Kit|Neosolar,0,0,0,0,Solar Kit Grid-Tie
,,,,kits,BRL,Neosolar,NEO-25012,,,,,,Kit Bomba Solar Híbrida ZTROON - 4ZTPC14-125-200-2200-A/D - até 125m ou 70.000L/dia,,,270,1,4.54,4540,5663.53,,,draft,Solar Kit|Neosolar,0,0,8,0,Solar Kit Grid-Tie
,,,,kits,BRL,Neosolar,NEO-26360,,,,,,Kit Solar p/ Bomba (CA) até 7.5CV 380V - Apollo GS500 7.5G - 18.27kWp,,,,,18.27,0,21145.21,,,draft,Solar Kit|Neosolar,0,0,0,0,Solar Kit Grid-Tie
,,,,kits,BRL,Neosolar,NEO-21757,,,,,,Kit Bomba Solar Anauger R100 STD - até 40m ou 4.600 L/dia,,,120,1,0.24,240,0,,,draft,Solar Kit|Neosolar,0,0,3,0,Solar Kit Grid-Tie
,,,,kits,BRL,Neosolar,NEO-24715,,,,,,Kit Solar p/ Bomba (CA) até 10CV 380V - Apollo GS500 11G - 23.49kWp,,,,,23.49,0,28864.19,,,draft,Solar Kit|Neosolar,0,0,0,0,Solar Kit Grid-Tie
,,,,kits,BRL,Neosolar,NEO-23757,https://portal.zydon.com.br/api/files/699bb4b0-ff8e-44fc-8977-59a88b5bc923/content?ingress=portalb2b.neosolar.com.br,,,,,Kit Bomba Solar ZTROON - 3ZTPC3.8-180-96-1500W - até 180m ou 22.800 L/dia (23757),,,720,1,3.44,3440,4726.22,,,draft,Solar Kit|Neosolar,0,0,9,0,Solar Kit Grid-Tie
,,,,kits,BRL,Neosolar,NEO-27329,https://portalb2b.neosolar.com.br/b2b-noimage-white.svg,,,,,Kit Bomba Solar Anauger R100 STD - até 40m ou 4.600 L/dia,,,340,1,0.68,680,1862.59,,,draft,Solar Kit|Neosolar,0,0,2,0,Solar Kit Grid-Tie
,,,,kits,BRL,Neosolar,NEO-24072,https://portal.zydon.com.br/api/files/fe848e58-c590-45f6-a8bf-f5d77397f5a9/content?ingress=portalb2b.neosolar.com.br,,,,,Kit Bomba Solar Híbrida ZTROON - 4ZTSC4.8-203-200-1500-A/D - até 203m ou 27.000 L/dia,,,720,1,3.44,3440,5175.61,,,draft,Solar Kit|Neosolar,0,0,9,0,Solar Kit Grid-Tie
,,,,kits,BRL,Neosolar,NEO-23758,https://portal.zydon.com.br/api/files/3f8e14ff-f8de-48b6-97c5-3508c9657f94/content?ingress=portalb2b.neosolar.com.br,,,,,Kit Bomba Solar Centrífuga ZTROON - 3ZTPC6-125-96-1500W - até 125m ou 36.000 L/dia (23758),,,720,1,3.44,3440,4794.52,,,draft,Solar Kit|Neosolar,0,0,9,0,Solar Kit Grid-Tie
,,,,kits,BRL,Neosolar,NEO-24021,https://portal.zydon.com.br/api/files/e3ef3254-b830-4c90-9e71-4cdc365b718a/content?ingress=portalb2b.neosolar.com.br,,,,,Kit Bomba Solar Helicoidal ZTROON - 3ZTS2.0-150-48-750W - até 150m ou 12.000L/dia,,,1360,1,2.72,2720,3028.95,,,draft,Solar Kit|Neosolar,0,0,5,0,Solar Kit Grid-Tie
,,,,kits,BRL,Neosolar,NEO-23759,https://portal.zydon.com.br/api/files/bdae5acc-18e6-451f-bb19-083da80777fa/content?ingress=portalb2b.neosolar.com.br,,,,,Kit Bomba Solar Centrífuga ZTROON - 3ZTPC5.2-75-96-750W - até 75m ou 31.200 L/dia (23759),,,1360,1,2.72,2720,3167.56,,,draft,Solar Kit|Neosolar,0,0,5,0,Solar Kit Grid-Tie
,,,,kits,BRL,Neosolar,NEO-23761,https://portal.zydon.com.br/api/files/a598cf98-81a3-4099-930d-631b798105d9/content?ingress=portalb2b.neosolar.com.br,,,,,Kit Bomba Solar Híbrida ZTROON - 4ZTLR11.5-100-200-1500-A/D - até 100m ou 69.000 L/dia (23761),,,720,1,3.44,3440,4871.12,,,draft,Solar Kit|Neosolar,0,0,9,0,Solar Kit Grid-Tie
,,,,kits,BRL,Neosolar,NEO-24607,https://portal.zydon.com.br/api/files/4449a6bc-4e2c-4b3c-aa81-4272e39780e1/content?ingress=portalb2b.neosolar.com.br,,,,,Kit Bomba Solar Helicoidal ZTROON - 3ZTS1.7-109-48-500W - até 900Wp,,,900,1,0.9,1800,2246.21,,,draft,Solar Kit|Neosolar,0,0,5,0,Solar Kit Grid-Tie
,,,,kits,BRL,Neosolar,NEO-25220,https://portal.zydon.com.br/api/files/315aa012-f6c2-4ee7-905b-4bd48b531d3a/content?ingress=portalb2b.neosolar.com.br,,,,,Kit Bomba Solar Anauger P100 MAXX - até 40m ou 8.600 L/dia,,,200,1,0.4,400,1631.22,,,draft,Solar Kit|Neosolar,0,0,3,0,Solar Kit Grid-Tie
,,,,kits,BRL,Neosolar,NEO-24795,https://portal.zydon.com.br/api/files/e96f9f86-f7da-4bca-aa8d-4e1b3ae2b9d1/content?ingress=portalb2b.neosolar.com.br,,,,,Kit Bomba Solar 12V Shurflo 8000 MAXX - até 42m ou 2.940 L/dia,,,160,1,0.32,320,1266.36,,,draft,Solar Kit|Neosolar,0,0,2,0,Solar Kit Grid-Tie
,,,,kits,BRL,Neosolar,NEO-24802,https://portal.zydon.com.br/api/files/fb1c109d-388c-469f-811d-3ec1de14edd4/content?ingress=portalb2b.neosolar.com.br,,,,,Kit Bomba Solar Híbrida ZTROON - 4ZTSC6-255-200-2200-A/D - até 255m ou 30.000L/dia,,,340,1,4.68,4680,6989.37,,,draft,Solar Kit|Neosolar,0,0,8,0,Solar Kit Grid-Tie
,,,,kits,BRL,Neosolar,NEO-26904,https://portal.zydon.com.br/api/files/29523666-a11e-48d4-bac4-bf6845f69af6/content?ingress=portalb2b.neosolar.com.br,,,,,Kit Bomba Solar Híbrida ZTROON - 4ZTSC6-255-200-2200-A/D - até 255m ou 30.000L/dia,,,270,1,4.54,4540,7250.8,,,draft,Solar Kit|Neosolar,0,0,8,0,Solar Kit Grid-Tie
,,,,kits,BRL,Neosolar,NEO-25128,https://portal.zydon.com.br/api/files/52c465fb-6ce7-490a-a82d-da9a2ce10115/content?ingress=portalb2b.neosolar.com.br,,,,,Kit Bomba Solar 12V Shurflo 8000 STD - até 42m ou 2.940 L/dia,,,100,1,0.2,200,1198.6,,,draft,Solar Kit|Neosolar,0,0,2,0,Solar Kit Grid-Tie
,,,,kits,BRL,Neosolar,NEO-24019,https://portal.zydon.com.br/api/files/d2c63e11-a924-4b82-a994-89254b5507c7/content?ingress=portalb2b.neosolar.com.br,,,,,Kit Bomba Solar Superfície ZTROON - ZTHF50-17-96-1500W - até 17m ou 270m³/dia,,,720,1,3.44,3440,4589.62,,,draft,Solar Kit|Neosolar,0,0,9,0,Solar Kit Grid-Tie
,,,,kits,BRL,Neosolar,NEO-27327,https://portalb2b.neosolar.com.br/b2b-noimage-white.svg,,,,,Kit Bomba Solar Anauger P100 STD - até 40m ou 4.600 L/dia,,,340,1,0.68,680,1818.53,,,draft,Solar Kit|Neosolar,0,0,2,0,Solar Kit Grid-Tie
,,,,kits,BRL,Neosolar,NEO-24801,https://portal.zydon.com.br/api/files/e5089d6e-af8d-45f3-abdd-7c3853215942/content?ingress=portalb2b.neosolar.com.br,,,,,Kit Bomba Solar Híbrida ZTROON - 4ZTPC14-125-200-2200-A/D - até 125m ou 70.000L/dia,,,340,1,4.68,4680,5715.35,,,draft,Solar Kit|Neosolar,0,0,8,0,Solar Kit Grid-Tie
,,,,kits,BRL,Neosolar,NEO-26903,https://portal.zydon.com.br/api/files/f1893dd9-96be-4b81-9189-5c98b4b3ea6f/content?ingress=portalb2b.neosolar.com.br,,,,,Kit Bomba Solar Híbrida ZTROON - 4ZTPC14-125-200-2200-A/D - até 125m ou 70.000L/dia,,,340,1,4.68,4680,5974.47,,,draft,Solar Kit|Neosolar,0,0,8,0,Solar Kit Grid-Tie
,,,,kits,BRL,Neosolar,NEO-25023,https://portal.zydon.com.br/api/files/2066062b-d49f-4c8c-873c-183ca7ab1317/content?ingress=portalb2b.neosolar.com.br,,,,,Kit Solar p/ Bomba (CA) até 3CV 220V - Apollo GS500 2.2G-2SB - 4.88kWp,,,,,4.88,0,6809.6,,,draft,Solar Kit|Neosolar,0,0,0,0,Solar Kit Grid-Tie
,,,,kits,BRL,Neosolar,NEO-24716,https://portal.zydon.com.br/api/files/3e25e0ef-b64c-4e00-bf78-d841a1c9b644/content?ingress=portalb2b.neosolar.com.br,,,,,Kit Solar p/ Bomba (CA) até 3CV 220V - Apollo GS500 2.2G-2SB - 4.96kWp,,,,,4.96,0,6592.2,,,draft,Solar Kit|Neosolar,0,0,0,0,Solar Kit Grid-Tie
,,,,kits,BRL,Neosolar,NEO-27328,https://portalb2b.neosolar.com.br/b2b-noimage-white.svg,,,,,Kit Bomba Solar Anauger P100 MAXX - até 40m ou 8.600 L/dia,,,435,1,0.87,870,1835.28,,,draft,Solar Kit|Neosolar,0,0,2,0,Solar Kit Grid-Tie
,,,,kits,BRL,Neosolar,NEO-27330,https://portalb2b.neosolar.com.br/b2b-noimage-white.svg,,,,,Kit Bomba Solar Anauger R100 MAXX - até 40m ou 8.600 L/dia,,,435,1,0.87,870,1879.34,,,draft,Solar Kit|Neosolar,0,0,2,0,Solar Kit Grid-Tie
,,,,kits,BRL,Neosolar,NEO-24718,https://portal.zydon.com.br/api/files/5ea025f9-bf2e-441c-be33-cb32f31556e4/content?ingress=portalb2b.neosolar.com.br,,,,,Kit Solar p/ Bomba (CA) até 7.5CV 380V - Apollo GS500 7.5G - 16.12kWp,,,,,16.12,0,17270.27,,,draft,Solar Kit|Neosolar,0,0,0,0,Solar Kit Grid-Tie
,,,,kits,BRL,Neosolar,NEO-26901,https://portalb2b.neosolar.com.br/b2b-noimage-white.svg,,,,,Kit Solar p/ Bomba (CA) até 7.5CV 380V - Apollo GS500 7.5G - 16.12kWp,,,,,16.12,0,15699.28,,,draft,Solar Kit|Neosolar,0,0,0,0,Solar Kit Grid-Tie
,,,,kits,BRL,Neosolar,NEO-24249,https://portal.zydon.com.br/api/files/772224e9-9d93-45b5-8a35-233d99f588a0/content?ingress=portalb2b.neosolar.com.br,,,,,Kit Bomba Solar Anauger R100 STD - até 40m ou 4.600 L/dia,,,120,1,0.24,240,1734.52,,,draft,Solar Kit|Neosolar,0,0,3,0,Solar Kit Grid-Tie
,,,,kits,BRL,Neosolar,NEO-26900,https://portalb2b.neosolar.com.br/b2b-noimage-white.svg,,,,,Kit Solar p/ Bomba (CA) até 3CV 220V - Apollo GS500 2.2G-2SB - 4.96kWp,,,,,4.96,0,6870.59,,,draft,Solar Kit|Neosolar,0,0,0,0,Solar Kit Grid-Tie
,,,,kits,BRL,Neosolar,NEO-24606,https://portal.zydon.com.br/api/files/340000bb-fb69-4221-9280-57e9ac3f7293/content?ingress=portalb2b.neosolar.com.br,,,,,Kit Bomba Solar Helicoidal ZTROON - 3ZTS1.7-109-48-500W - até 109 m ou 10.200 L/dia,,,870,1,1.74,1740,2110.4,,,draft,Solar Kit|Neosolar,0,0,3,0,Solar Kit Grid-Tie
,,,,kits,BRL,Neosolar,NEO-24608,https://portal.zydon.com.br/api/files/235b0238-222a-4987-a269-46d142ac1f8b/content?ingress=portalb2b.neosolar.com.br,,,,,Kit Bomba Solar Superfície ZTROON - ZTHF6-24-48-550W - até 24m ou 36m³/dia,,,870,1,1.74,1740,1905.5,,,draft,Solar Kit|Neosolar,0,0,3,0,Solar Kit Grid-Tie
,,,,kits,BRL,Neosolar,NEO-26902,https://portal.zydon.com.br/api/files/8a3276e9-8a4d-468c-b977-528688d934e2/content?ingress=portalb2b.neosolar.com.br,,,,,Kit Solar p/ Bomba (CA) até 10CV 380V - Apollo GS500 11G - 24.18kWp,,,,,24.18,0,23171.4,,,draft,Solar Kit|Neosolar,0,0,0,0,Solar Kit Grid-Tie
,,,,kits,BRL,Neosolar,NEO-24717,https://portal.zydon.com.br/api/files/b02062dd-503f-466c-a9f7-239a8f0f36f2/content?ingress=portalb2b.neosolar.com.br,,,,,Kit Solar p/ Bomba (CA) até 10CV 380V - Apollo GS500 11G - 24.18kWp,,,,,24.18,0,25936.95,,,draft,Solar Kit|Neosolar,0,0,0,0,Solar Kit Grid-Tie
,,,,kits,BRL,Neosolar,NEO-25025,https://portal.zydon.com.br/api/files/e1314e53-fbec-41bf-be88-33f3f5cd8412/content?ingress=portalb2b.neosolar.com.br,,,,,Kit Solar p/ Bomba (CA) até 10CV 380V - Apollo GS500 11G - 23.39kWp,,,,,23.39,0,26433.36,,,draft,Solar Kit|Neosolar,0,0,0,0,Solar Kit Grid-Tie
,,,,kits,BRL,Neosolar,NEO-23760,https://portal.zydon.com.br/api/files/c653cc8e-bcdb-4d99-b5c7-4689cb67ddd2/content?ingress=portalb2b.neosolar.com.br,,,,,Kit Bomba Solar Helicoidal ZTROON 3ZTS1.2-77-24-210W - até 77m ou 7.200 L/dia (23760),,,340,1,0.68,680,1570.19,,,draft,Solar Kit|Neosolar,0,0,2,0,Solar Kit Grid-Tie
,,,,kits,BRL,Neosolar,NEO-25024,https://portal.zydon.com.br/api/files/c4246867-fa3d-406b-96af-325f3e22e2ea/content?ingress=portalb2b.neosolar.com.br,,,,,Kit Solar p/ Bomba (CA) até 7.5CV 380V - Apollo GS500 7.5G - 15.86kWp,,,,,15.86,0,17535.88,,,draft,Solar Kit|Neosolar,0,0,0,0,Solar Kit Grid-Tie
,,,,kits,BRL,Neosolar,NEO-25012,https://portal.zydon.com.br/api/files/e2b51192-3fa9-44ca-a3cc-1027916c512a/content?ingress=portalb2b.neosolar.com.br,,,,,Kit Bomba Solar Híbrida ZTROON - 4ZTPC14-125-200-2200-A/D - até 125m ou 70.000L/dia,,,270,1,4.54,4540,5663.53,,,draft,Solar Kit|Neosolar,0,0,8,0,Solar Kit Grid-Tie
,,,,kits,BRL,Neosolar,NEO-26360,https://portal.zydon.com.br/api/files/c20c0bdb-e332-4394-879f-9d7427a99eb6/content?ingress=portalb2b.neosolar.com.br,,,,,Kit Solar p/ Bomba (CA) até 7.5CV 380V - Apollo GS500 7.5G - 18.27kWp,,,,,18.27,0,21145.21,,,draft,Solar Kit|Neosolar,0,0,0,0,Solar Kit Grid-Tie
,,,,kits,BRL,Neosolar,NEO-21757,https://portal.zydon.com.br/api/files/ab60c860-b511-4bf3-a282-03cfda4cc71b/content?ingress=portalb2b.neosolar.com.br,,,,,Kit Bomba Solar Anauger R100 STD - até 40m ou 4.600 L/dia,,,120,1,0.24,240,0,,,draft,Solar Kit|Neosolar,0,0,3,0,Solar Kit Grid-Tie
,,,,kits,BRL,Neosolar,NEO-24715,https://portal.zydon.com.br/api/files/5ea4a37d-0760-4da0-9553-7dfa2c64efa7/content?ingress=portalb2b.neosolar.com.br,,,,,Kit Solar p/ Bomba (CA) até 10CV 380V - Apollo GS500 11G - 23.49kWp,,,,,23.49,0,28864.19,,,draft,Solar Kit|Neosolar,0,0,0,0,Solar Kit Grid-Tie
,,,,kits,BRL,Neosolar,NEO-24714,https://portal.zydon.com.br/api/files/e1e996fb-c9d5-4ff4-8b82-264c320f9ac3/content?ingress=portalb2b.neosolar.com.br,,,,,Kit Solar p/ Bomba (CA) até 7.5CV 380V - Apollo GS500 7.5G - 18.27kWp,,,,,18.27,0,22301.46,,,draft,Solar Kit|Neosolar,0,0,0,0,Solar Kit Grid-Tie
,,,,kits,BRL,Neosolar,NEO-24713,https://portal.zydon.com.br/api/files/eaf99130-ac79-4c3a-a0c4-c8a143d6d11b/content?ingress=portalb2b.neosolar.com.br,,,,,"Kit Solar p/ Bomba (CA) até 3CV 240V - Apollo GS500 2.2G-2SB - 5,22kWp",,,,,22.0,0,7599.62,,,draft,Solar Kit|Neosolar,0,0,0,0,Solar Kit Grid-Tie
,,,,kits,BRL,Neosolar,NEO-21751,https://portal.zydon.com.br/api/files/b9605151-bb09-4947-9a4f-90e8ff88644a/content?ingress=portalb2b.neosolar.com.br,,,,,Kit Bomba Solar Anauger P100 MAXX - até 40m ou 8.600 L/dia,,,200,1,0.4,400,0,,,draft,Solar Kit|Neosolar,0,0,3,0,Solar Kit Grid-Tie
,,,,kits,BRL,Neosolar,NEO-21741,https://portal.zydon.com.br/api/files/fc73ba4c-0a8c-4a57-a468-4f7106ed1530/content?ingress=portalb2b.neosolar.com.br,,,,,Kit Bomba Solar 12V Shurflo 2088 MAXX - até 35m ou 4.750 L/dia,,,200,1,0.4,400,0,,,draft,Solar Kit|Neosolar,0,0,3,0,Solar Kit Grid-Tie
,,,,kits,BRL,Neosolar,NEO-21743,https://portal.zydon.com.br/api/files/61c45504-b478-43fa-9391-54c2481a3cc9/content?ingress=portalb2b.neosolar.com.br,,,,,Kit Bomba Solar 24V Shurflo 9325 - até 70m ou 2.520 L/dia,,,200,1,0.4,400,0,,,draft,Solar Kit|Neosolar,0,0,3,0,Solar Kit Grid-Tie
,,,,kits,BRL,Neosolar,NEO-21756,https://portal.zydon.com.br/api/files/568a94ba-44d0-4501-8571-d8a624ea49eb/content?ingress=portalb2b.neosolar.com.br,,,,,Kit Bomba Solar Anauger R100 MAXX - até 40m ou 8.600 L/dia,,,200,1,0.4,400,0,,,draft,Solar Kit|Neosolar,0,0,3,0,Solar Kit Grid-Tie
,,,,kits,BRL,Neosolar,NEO-21755,https://portal.zydon.com.br/api/files/ac1b53cb-4987-4b7c-968f-46a9e4d2f0c7/content?ingress=portalb2b.neosolar.com.br,,,,,Kit Bomba Solar Anauger P100 STD - até 40m ou 4.600 L/dia,,,120,1,0.24,240,0,,,draft,Solar Kit|Neosolar,0,0,3,0,Solar Kit Grid-Tie
,,,,kits,BRL,Neosolar,NEO-21742,https://portal.zydon.com.br/api/files/a21caffb-f1c0-42ae-ae81-480cc44c54ae/content?ingress=portalb2b.neosolar.com.br,,,,,Kit Bomba Solar 12V Shurflo 2088 STD - até 14m ou 4.750 L/dia,,,155,1,0.31,310,0,,,draft,Solar Kit|Neosolar,0,0,2,0,Solar Kit Grid-Tie
,,,,kits,BRL,Neosolar,NEO-26361,https://portalb2b.neosolar.com.br/b2b-noimage-white.svg,,,,,Kit Solar p/ Bomba (CA) até 10CV 380V - Apollo GS500 11G - 23.49kWp,,,,,23.49,0,27514.99,,,draft,Solar Kit|Neosolar,0,0,0,0,Solar Kit Grid-Tie
,,,,kits,BRL,Neosolar,NEO-26359,https://portal.zydon.com.br/api/files/81e6092a-b1d7-4a42-8486-ba68758fc7d6/content?ingress=portalb2b.neosolar.com.br,,,,,"Kit Solar p/ Bomba (CA) até 3CV 240V - Apollo GS500 2.2G-2SB - 5,22kWp",,,,,22.0,0,7403.52,,,draft,Solar Kit|Neosolar,0,0,0,0,Solar Kit Grid-Tie
,,,,kits,BRL,Neosolar,NEO-24594,https://portal.zydon.com.br/api/files/6fd654a3-7fae-4837-9068-0bab56a24ead/content?ingress=portalb2b.neosolar.com.br,,,,,Kit Bomba Solar Centrífuga ZTROON - 3ZTPC5-45-48-500W - até 900Wp,,,900,1,0.9,1800,2177.91,,,draft,Solar Kit|Neosolar,0,0,5,0,Solar Kit Grid-Tie
,,,,kits,BRL,Neosolar,NEO-24593,https://portal.zydon.com.br/api/files/0671dd0f-4a06-47d8-965c-29f1b84ec353/content?ingress=portalb2b.neosolar.com.br,,,,,Kit Bomba Solar Centrífuga ZTROON - 3ZTPC5-45-48-500W - até 45m ou 30.000 L/dia,,,870,1,1.74,1740,2042.1,,,draft,Solar Kit|Neosolar,0,0,3,0,Solar Kit Grid-Tie
,,,,kits,BRL,Neosolar,NEO-24609,https://portal.zydon.com.br/api/files/39bbe792-30cf-4e00-8374-1dbf86473b1c/content?ingress=portalb2b.neosolar.com.br,,,,,Kit Bomba Solar Superfície ZTROON - ZTHF6-24-48-550W - até 900Wp,,,900,1,0.9,1800,2041.31,,,draft,Solar Kit|Neosolar,0,0,5,0,Solar Kit Grid-Tie
,,,,kits,BRL,Neosolar,NEO-23762,https://portal.zydon.com.br/api/files/b7be913e-d2a5-4cd5-9c88-f37c2e7fa9ff/content?ingress=portalb2b.neosolar.com.br,,,,,Kit Bomba Solar Superfície ZTROON - ZTQB2-25-24-210W - até 25m ou 12m³/dia,,,340,1,0.68,680,1262.85,,,draft,Solar Kit|Neosolar,0,0,2,0,Solar Kit Grid-Tie
,,,,kits,BRL,Neosolar,NEO-23780,https://portal.zydon.com.br/api/files/e99a7155-0c24-4be7-b7c8-8a67e6a41d5a/content?ingress=portalb2b.neosolar.com.br,,,,4,Kit de Montagem - Estrutura de Fixação para Telha Mini Trilho - Solar System,,,,,0,0,0,,,draft,Solar Kit|Neosolar,0,4,0,0,Solar Kit Grid-Tie
,,,,kits,BRL,Neosolar,NEO-23504,https://portal.zydon.com.br/api/files/829eb410-e3ba-46a2-a47e-434ab6c50e6a/content?ingress=portalb2b.neosolar.com.br,,,,4,Kit de Montagem - Estrutura de Fixação para Telha Fibrocimento c/ Estrutura de Madeira - Solar System,,,,,0,0,429.08,,,draft,Solar Kit|Neosolar,0,4,0,0,Solar Kit Grid-Tie
,,,,kits,BRL,Neosolar,NEO-23503,https://portal.zydon.com.br/api/files/529f350a-60ed-404f-adaa-53f87b1c63a0/content?ingress=portalb2b.neosolar.com.br,,,,4,Kit de Montagem - Estrutura de Fixação para Telha Cerâmica - Solar System,,,,,0,0,458.94,,,draft,Solar Kit|Neosolar,0,4,0,0,Solar Kit Grid-Tie
,,,,kits,BRL,Neosolar,NEO-23505,https://portal.zydon.com.br/api/files/8236b883-9053-481d-84a5-e9d086cb77df/content?ingress=portalb2b.neosolar.com.br,,,,4,Kit de Montagem - Estrutura de Fixação para Telha Fibrocimento c/ Estrutura de Metálica - Solar System,,,,,0,0,480.18,,,draft,Solar Kit|Neosolar,0,4,0,0,Solar Kit Grid-Tie
,,,,kits,BRL,Neosolar,NEO-21771,https://portal.zydon.com.br/api/files/37629352-ec02-455e-944f-22cda2be6052/content?ingress=portalb2b.neosolar.com.br,,,,,Kit de Montagem - Estrutura de Fixação para Telha Fibrocimento c/ Estrutura de Metálica - Perfil Master,,,,,0,0,648.48,,,draft,Solar Kit|Neosolar,0,0,0,0,Solar Kit Grid-Tie
,,,,kits,BRL,Neosolar,NEO-21770,https://portal.zydon.com.br/api/files/032dd801-be80-4c08-9668-0875ac54d240/content?ingress=portalb2b.neosolar.com.br,,,,,Kit de Montagem - Estrutura de Fixação para Telha Fibrocimento c/ Estrutura de Madeira - Perfil Master,,,,,0,0,648.48,,,draft,Solar Kit|Neosolar,0,0,0,0,Solar Kit Grid-Tie
,,,,kits,BRL,Neosolar,NEO-21769,https://portal.zydon.com.br/api/files/387ee6d0-a48c-40dd-9625-3d6e08af335b/content?ingress=portalb2b.neosolar.com.br,,,,4,Kit de Montagem - Estrutura de Fixação para Telha Cerâmica - Perfil Master,,,,,0,0,901.45,,,draft,Solar Kit|Neosolar,0,4,0,0,Solar Kit Grid-Tie
,,,,kits,BRL,Neosolar,NEO-21772,https://portal.zydon.com.br/api/files/aee39a32-961d-4725-909b-76dd98b99390/content?ingress=portalb2b.neosolar.com.br,,,,,Kit de Montagem - Estrutura de Fixação para Solo - Perfil Master,,,,,0,0,994.73,,,draft,Solar Kit|Neosolar,0,0,0,0,Solar Kit Grid-Tie
,,,,kits,BRL,Neosolar,NEO-27352,https://portal.zydon.com.br/api/files/29ad6f66-a45b-4acc-b652-2a2fc4a0d0e8/content?ingress=portalb2b.neosolar.com.br,,,,4,Kit de Montagem - Estrutura de Fixação para Telha Mini Trilho - Solar System,,,,,0,0,0,,,draft,Solar Kit|Neosolar,0,4,0,0,Solar Kit Grid-Tie
,,,,kits,BRL,Neosolar,NEO-25205,https://portal.zydon.com.br/api/files/2c4eaf00-8563-4844-9cd5-deaa954edf05/content?ingress=portalb2b.neosolar.com.br,,,,,Kit de Montagem - Estrutura de Fixação para Solo - Perfil Master,,,,,0,0,964.21,,,draft,Solar Kit|Neosolar,0,0,0,0,Solar Kit Grid-Tie
,,1,48,kits,BRL,Neosolar,NEO-27314,https://portal.zydon.com.br/api/files/cfdc6dad-4082-4bb5-878a-d9b7456395f5/content?ingress=portalb2b.neosolar.com.br,,,,1,"Kit Energia Solar Off Grid - 1,24kWp 100Ah/48V Lítio (27314)",,,620,2,24.0,1240,6807.53,,,draft,Solar Kit|Neosolar,1,1,2,0,Solar Kit Off-Grid
,,1,6,kits,BRL,Neosolar,NEO-25049,https://portal.zydon.com.br/api/files/2090556f-04e2-4644-bcfb-70480e65e3af/content?ingress=portalb2b.neosolar.com.br,,,,1,Kit Energia Solar Off Grid - 680Wp 100Ah/24V Lítio (25049),,,340,2,0.68,680,5897.16,,,draft,Solar Kit|Neosolar,1,1,2,0,Solar Kit Off-Grid
,,1,6,kits,BRL,Neosolar,NEO-27475,https://portal.zydon.com.br/api/files/af8a3c8c-1ced-4340-9ee3-950705043f59/content?ingress=portalb2b.neosolar.com.br,,,,1,Kit Energia Solar Off Grid - 680Wp 100Ah/24V Lítio (27475),,,340,2,0.68,680,4653.12,,,draft,Solar Kit|Neosolar,1,1,2,0,Solar Kit Off-Grid
,,1,6,kits,BRL,Neosolar,NEO-25164,https://portalb2b.neosolar.com.br/b2b-noimage-white.svg,,,,1,Kit Energia Solar Off Grid - 680Wp 100Ah/24V Lítio 1000W/127V Ztroon,,,340,2,0.68,680,6812.12,,,draft,Solar Kit|Neosolar,1,1,2,0,Solar Kit Off-Grid
,,2,48,kits,BRL,Neosolar,NEO-27315,https://portal.zydon.com.br/api/files/b8854855-516a-437d-80be-3d7b80099cd0/content?ingress=portalb2b.neosolar.com.br,,,,1,"Kit Energia Solar Off Grid - 1,24kWp 100Ah/48V Lítio (27315)",,,620,4,24.0,2480,12731.46,,,draft,Solar Kit|Neosolar,2,1,4,0,Solar Kit Off-Grid
,,1,12,kits,BRL,Neosolar,NEO-23927,https://portal.zydon.com.br/api/files/83064596-0d87-4e31-9a51-3567bef61e6c/content?ingress=portalb2b.neosolar.com.br,,,,1,Kit Energia Solar Off Grid s/ Inversor - 30Wp 115/105Ah 12V Estacionária (23927),,,30,1,0.03,30,1256.64,,,draft,Solar Kit|Neosolar,1,1,1,0,Solar Kit Off-Grid
,,1,48,kits,BRL,Neosolar,NEO-27347,https://portal.zydon.com.br/api/files/2e6540f2-a35f-407e-b7e4-289e7b750caf/content?ingress=portalb2b.neosolar.com.br,,,,1,"Kit Energia Solar Off Grid - 1,24kWp 100Ah/48V Lítio - Inversor 2000W 48/127 (27347)",,,620,2,24.0,1240,0,,,draft,Solar Kit|Neosolar,1,2,2,0,Solar Kit Off-Grid
,,2,48,kits,BRL,Neosolar,NEO-27349,https://portal.zydon.com.br/api/files/068f88cc-b9e3-40c6-8445-804d8973a3ec/content?ingress=portalb2b.neosolar.com.br,,,,1,"Kit Energia Solar Off Grid - 1,24kWp 100Ah/48V Lítio  - Inversor 2000W 48/127 (27349)",,,620,4,24.0,2480,0,,,draft,Solar Kit|Neosolar,2,2,4,0,Solar Kit Off-Grid
,,1,12,kits,BRL,Neosolar,NEO-25131,https://portal.zydon.com.br/api/files/13b8f6d1-0f3b-40a9-a10e-2435a4a9f3d6/content?ingress=portalb2b.neosolar.com.br,,,,1,Kit Energia Solar para Starlink - 10h/dia (até 1.280 Wh/dia) - Chumbo (25131),,,320,320,102.4,102400,2414.24,,,draft,Solar Kit|Neosolar,1,1,320,0,Solar Kit Off-Grid
,,1,12,kits,BRL,Neosolar,NEO-23928,https://portal.zydon.com.br/api/files/3711c72b-e21a-441a-bf0e-7c2a9047e7f0/content?ingress=portalb2b.neosolar.com.br,,,,1,Kit Energia Solar Off Grid s/ Inversor - 60Wp 115/105Ah 12V Estacionária (23928),,,60,1,0.06,60,1343.79,,,draft,Solar Kit|Neosolar,1,1,1,0,Solar Kit Off-Grid
,,1,12,kits,BRL,Neosolar,NEO-27339,https://portal.zydon.com.br/api/files/71d09171-d95d-414b-8098-c8aa51a9e7a1/content?ingress=portalb2b.neosolar.com.br,,,,1,Kit Energia Solar Off Grid s/ Inversor - 100Wp 115/105Ah 12V Estacionária (27339),,,100,1,0.1,100,1113.09,,,draft,Solar Kit|Neosolar,1,1,1,0,Solar Kit Off-Grid
,,1,12,kits,BRL,Neosolar,NEO-23929,https://portal.zydon.com.br/api/files/e69b0418-7f5a-4cbb-b192-4d3c85469019/content?ingress=portalb2b.neosolar.com.br,,,,1,Kit Energia Solar Off Grid s/ Inversor - 100Wp 115/105Ah 12V Estacionária (23929),,,100,1,0.1,100,1343.79,,,draft,Solar Kit|Neosolar,1,1,1,0,Solar Kit Off-Grid
,,2,12,kits,BRL,Neosolar,NEO-27476,https://portal.zydon.com.br/api/files/b0796b0b-50fb-4517-bda9-fdc52d918e47/content?ingress=portalb2b.neosolar.com.br,,,,1,Kit Energia Solar Off Grid - 680Wp 220Ah/24V (27476),,,340,2,0.68,680,3767.8,,,draft,Solar Kit|Neosolar,2,1,2,0,Solar Kit Off-Grid
,,1,12,kits,BRL,Neosolar,NEO-26720,https://portal.zydon.com.br/api/files/98d12825-13dc-47f1-b454-38628d4805cc/content?ingress=portalb2b.neosolar.com.br,,,,1,Kit Energia Solar Off Grid s/ Inversor - 320Wp 240Ah / 220Ah 12V Estacionária (26720),,,160,2,0.32,320,2195.68,,,draft,Solar Kit|Neosolar,1,1,2,0,Solar Kit Off-Grid
,,1,12,kits,BRL,Neosolar,NEO-26721,https://portal.zydon.com.br/api/files/1d885ade-f87c-444a-9380-cb1f1ea67062/content?ingress=portalb2b.neosolar.com.br,,,,1,Kit Energia Solar Off Grid s/ Inversor - 320Wp 240Ah / 220Ah 12V Estacionária (26721),,,160,2,0.32,320,2272.99,,,draft,Solar Kit|Neosolar,1,1,2,0,Solar Kit Off-Grid
,,1,12,kits,BRL,Neosolar,NEO-25158,https://portalb2b.neosolar.com.br/b2b-noimage-white.svg,,,,1,Kit Energia Solar Off Grid - 160Wp 105Ah/12V 600W/127V Ztroon,,,160,1,0.16,160,2070.56,,,draft,Solar Kit|Neosolar,1,1,1,0,Solar Kit Off-Grid
,,2,12,kits,BRL,Neosolar,NEO-26722,https://portal.zydon.com.br/api/files/338fea19-d94b-4866-bd79-e01a9b4248d4/content?ingress=portalb2b.neosolar.com.br,,,,1,Kit Energia Solar Off Grid s/ Inversor - 480Wp 240Ah / 220Ah 12V Estacionária (26722),,,160,3,0.48,480,4162.98,,,draft,Solar Kit|Neosolar,2,1,3,0,Solar Kit Off-Grid
,,1,48,kits,BRL,Neosolar,NEO-27348,https://portal.zydon.com.br/api/files/24a67454-08a7-465c-af1f-dea016e95f76/content?ingress=portalb2b.neosolar.com.br,,,,1,"Kit Energia Solar Off Grid - 1,24kWp 100Ah/48V Lítio - Inversor 2000W 48/220 (27348)",,,620,2,24.0,1240,0,,,draft,Solar Kit|Neosolar,1,2,2,0,Solar Kit Off-Grid
,,2,48,kits,BRL,Neosolar,NEO-27378,https://portal.zydon.com.br/api/files/4043f6be-13f7-46b6-bb4f-c539af5b5e4e/content?ingress=portalb2b.neosolar.com.br,,,,1,"Kit Energia Solar Off Grid - 1,24kWp 100Ah/48V Lítio  - Inversor 2000W 48/220 (27378)",,,620,4,24.0,2480,13837.36,,,draft,Solar Kit|Neosolar,2,2,4,0,Solar Kit Off-Grid
,,3,12,kits,BRL,Neosolar,NEO-27313,https://portal.zydon.com.br/api/files/1e0197ce-fa25-4cd6-9027-3ed34ee417ed/content?ingress=portalb2b.neosolar.com.br,,,,1,Kit Energia Solar Off Grid s/ Inversor - 960Wp 240Ah / 220Ah 12V Estacionária (27313),,,160,6,0.96,960,5600.97,,,draft,Solar Kit|Neosolar,3,1,6,0,Solar Kit Off-Grid
,,1,12,kits,BRL,Neosolar,NEO-25130,https://portal.zydon.com.br/api/files/bf5101bb-a999-4d59-bff1-ade2037fb0c1/content?ingress=portalb2b.neosolar.com.br,,,,1,Kit Energia Solar para Starlink - 06h/dia (até 640 Wh/dia) - Chumbo (25130),,,160,160,25.6,25600,2037.51,,,draft,Solar Kit|Neosolar,1,1,160,0,Solar Kit Off-Grid
,,2,12,kits,BRL,Neosolar,NEO-25048,https://portal.zydon.com.br/api/files/ea32e3c6-2ef4-4895-97a2-d290e2d3f9e4/content?ingress=portalb2b.neosolar.com.br,,,,1,Kit Energia Solar Off Grid - 340Wp 105Ah/24V (25048),,,340,1,0.34,340,2600.37,,,draft,Solar Kit|Neosolar,2,1,1,0,Solar Kit Off-Grid
,,1,12,kits,BRL,Neosolar,NEO-25047,https://portal.zydon.com.br/api/files/b68dae69-1c7c-48b3-846a-b1fb519a1652/content?ingress=portalb2b.neosolar.com.br,,,,1,Kit Energia Solar Off Grid - 320Wp 150Ah/12V (25047),,,160,2,0.32,320,2159.1,,,draft,Solar Kit|Neosolar,1,1,2,0,Solar Kit Off-Grid
,,2,12,kits,BRL,Neosolar,NEO-25163,https://portalb2b.neosolar.com.br/b2b-noimage-white.svg,,,,1,Kit Energia Solar Off Grid - 340Wp 105Ah/24V 1000W/220V Ztroon,,,340,1,0.34,340,3515.34,,,draft,Solar Kit|Neosolar,2,1,1,0,Solar Kit Off-Grid
,,1,12,kits,BRL,Neosolar,NEO-25160,https://portalb2b.neosolar.com.br/b2b-noimage-white.svg,,,,1,Kit Energia Solar Off Grid - 320Wp 150Ah/12V 600W/127V Ztroon,,,160,2,0.32,320,2806.23,,,draft,Solar Kit|Neosolar,1,1,2,0,Solar Kit Off-Grid
,,2,12,kits,BRL,Neosolar,NEO-25162,https://portalb2b.neosolar.com.br/b2b-noimage-white.svg,,,,1,Kit Energia Solar Off Grid - 340Wp 105Ah/24V 1000W/127V Ztroon,,,340,1,0.34,340,3515.34,,,draft,Solar Kit|Neosolar,2,1,1,0,Solar Kit Off-Grid
,,1,48,kits,BRL,Neosolar,NEO-27267,https://portal.zydon.com.br/api/files/4df5cd62-233e-45c5-99b8-2ccda71fbfd2/content?ingress=portalb2b.neosolar.com.br,,,,,"Kit de Energia Solar Off Grid c/ Inv-car - 2,5kWp 100Ah 48/220V Lítio",,,620,4,5.0,2480,11015.48,,,draft,Solar Kit|Neosolar,1,0,4,0,Solar Kit Off-Grid
,,1,48,kits,BRL,Neosolar,NEO-27303,https://portal.zydon.com.br/api/files/6eae8354-3174-401e-85c5-892dd8e3caaf/content?ingress=portalb2b.neosolar.com.br,,,,,"Kit de Energia Solar Off Grid c/ Inv-car - 2,5kWp 100Ah 48/220V Lítio",,,620,4,5.0,2480,11085.92,,,draft,Solar Kit|Neosolar,1,0,4,0,Solar Kit Off-Grid
,,1,48,kits,BRL,Neosolar,NEO-27299,https://portal.zydon.com.br/api/files/b857d553-0c17-4bbd-a811-1898cfb588a4/content?ingress=portalb2b.neosolar.com.br,,,,,"Kit de Energia Solar Off Grid c/ Inv-car - 2,5kWp 100Ah 48/220V Lítio",,,620,4,5.0,2480,10552.11,,,draft,Solar Kit|Neosolar,1,0,4,0,Solar Kit Off-Grid
,,1,48,kits,BRL,Neosolar,NEO-27263,https://portal.zydon.com.br/api/files/54b92be7-7e8f-4746-be90-62fd84b3f9a6/content?ingress=portalb2b.neosolar.com.br,,,,,"Kit de Energia Solar Off Grid c/ Inv-car - 2,5kWp 100Ah 48/220V Lítio",,,620,4,5.0,2480,10481.67,,,draft,Solar Kit|Neosolar,1,0,4,0,Solar Kit Off-Grid
,,1,48,kits,BRL,Neosolar,NEO-27259,https://portal.zydon.com.br/api/files/809471e3-2560-46ff-b444-344573250c32/content?ingress=portalb2b.neosolar.com.br,,,,,"Kit de Energia Solar Off Grid c/ Inv-car - 2,5kWp 100Ah 48/220V Lítio",,,620,4,5.0,2480,12128.51,,,draft,Solar Kit|Neosolar,1,0,4,0,Solar Kit Off-Grid
,,1,12,kits,BRL,Neosolar,NEO-25129,https://portal.zydon.com.br/api/files/c557aa12-84bd-49e5-a646-d3fab8a563dc/content?ingress=portalb2b.neosolar.com.br,,,,1,Kit Energia Solar para Starlink - 06h/dia (até 640 Wh/dia) - Chumbo (25129),,,160,160,25.6,25600,1980.97,,,draft,Solar Kit|Neosolar,1,1,160,0,Solar Kit Off-Grid
,,1,12,kits,BRL,Neosolar,NEO-23699,https://portal.zydon.com.br/api/files/f2a0af91-2ec7-41b6-b4ab-53827b79ac67/content?ingress=portalb2b.neosolar.com.br,,,,1,Kit Energia Solar para Starlink - 06h/dia (até 640 Wh/dia) - Chumbo (23699),,,160,160,25.6,25600,0,,,draft,Solar Kit|Neosolar,1,1,160,0,Solar Kit Off-Grid
,,1,12,kits,BRL,Neosolar,NEO-23703,https://portal.zydon.com.br/api/files/dec6fd92-f947-494a-8f78-67b07877cfef/content?ingress=portalb2b.neosolar.com.br,,,,1,Kit Energia Solar para Starlink - 10h/dia (até 1.280 Wh/dia) - Chumbo (23703),,,320,320,102.4,102400,0,,,draft,Solar Kit|Neosolar,1,1,320,0,Solar Kit Off-Grid
,,4,48,kits,BRL,Neosolar,NEO-27266,https://portal.zydon.com.br/api/files/c5fd4272-1aa2-4bea-beed-5d619310ab3b/content?ingress=portalb2b.neosolar.com.br,,,,,"Kit de Energia Solar Off Grid c/ Inv-car - 5,0kWp 100Ah 48/220V Lítio",,,620,8,4.96,4960,26697.71,,,draft,Solar Kit|Neosolar,4,0,8,0,Solar Kit Off-Grid
,,2,48,kits,BRL,Neosolar,NEO-27304,https://portal.zydon.com.br/api/files/cedcca07-1200-4524-ab3c-55fb95328188/content?ingress=portalb2b.neosolar.com.br,,,,,"Kit de Energia Solar Off Grid c/ Inv-car - 3,7kWp 100Ah 48/220V Lítio",,,620,6,7.0,3720,17991.4,,,draft,Solar Kit|Neosolar,2,0,6,0,Solar Kit Off-Grid
,,4,48,kits,BRL,Neosolar,NEO-27298,https://portal.zydon.com.br/api/files/c7d66d3a-6362-4897-b1cc-6270b89e876a/content?ingress=portalb2b.neosolar.com.br,,,,,"Kit de Energia Solar Off Grid c/ Inv-car - 5,0kWp 100Ah 48/220V Lítio",,,620,8,4.96,4960,33355.51,,,draft,Solar Kit|Neosolar,4,0,8,0,Solar Kit Off-Grid
,,3,48,kits,BRL,Neosolar,NEO-27297,https://portal.zydon.com.br/api/files/af67ea85-8afd-4126-9734-900b60a6e591/content?ingress=portalb2b.neosolar.com.br,,,,,"Kit de Energia Solar Off Grid c/ Inv-car - 5,0kWp 100Ah 48/220V Lítio",,,620,8,4.96,4960,27362.67,,,draft,Solar Kit|Neosolar,3,0,8,0,Solar Kit Off-Grid
,,3,48,kits,BRL,Neosolar,NEO-27305,https://portal.zydon.com.br/api/files/73a084df-42d0-4e01-b398-21dba1381f3a/content?ingress=portalb2b.neosolar.com.br,,,,,"Kit de Energia Solar Off Grid c/ Inv-car - 5,0kWp 100Ah 48/220V Lítio",,,620,8,4.96,4960,24023.58,,,draft,Solar Kit|Neosolar,3,0,8,0,Solar Kit Off-Grid
,,4,48,kits,BRL,Neosolar,NEO-27306,https://portal.zydon.com.br/api/files/571eec38-74e1-4637-9cfc-7ffc2ba692b6/content?ingress=portalb2b.neosolar.com.br,,,,,"Kit de Energia Solar Off Grid c/ Inv-car - 5,0kWp 100Ah 48/220V Lítio",,,,,0.0,0,28903.4,,,draft,Solar Kit|Neosolar,4,0,0,0,Solar Kit Off-Grid
,,3,48,kits,BRL,Neosolar,NEO-27269,https://portal.zydon.com.br/api/files/59fc8d02-fe75-4490-ad09-2c7f79b8969f/content?ingress=portalb2b.neosolar.com.br,,,,,"Kit de Energia Solar Off Grid c/ Inv-car - 5,0kWp 100Ah 48/220V Lítio",,,620,8,4.96,4960,23953.15,,,draft,Solar Kit|Neosolar,3,0,8,0,Solar Kit Off-Grid
,,2,48,kits,BRL,Neosolar,NEO-27268,https://portal.zydon.com.br/api/files/f5b10be3-8a63-4273-b74b-3dd64022ae96/content?ingress=portalb2b.neosolar.com.br,,,,,"Kit de Energia Solar Off Grid c/ Inv-car - 3,7kWp 100Ah 48/220V Lítio",,,620,6,7.0,3720,17920.96,,,draft,Solar Kit|Neosolar,2,0,6,0,Solar Kit Off-Grid
,,2,48,kits,BRL,Neosolar,NEO-27300,https://portal.zydon.com.br/api/files/e66abee9-8f2d-4bb3-bc19-69e7634afe42/content?ingress=portalb2b.neosolar.com.br,,,,,"Kit de Energia Solar Off Grid c/ Inv-car - 3,7kWp 100Ah 48/220V Lítio",,,620,6,7.0,3720,16923.78,,,draft,Solar Kit|Neosolar,2,0,6,0,Solar Kit Off-Grid
,,4,48,kits,BRL,Neosolar,NEO-27302,https://portal.zydon.com.br/api/files/5b8956da-3ab3-41cd-9d16-5de703e77ed9/content?ingress=portalb2b.neosolar.com.br,,,,,"Kit de Energia Solar Off Grid c/ Inv-car - 5,0kWp 100Ah 48/220V Lítio",,,620,8,4.96,4960,26768.14,,,draft,Solar Kit|Neosolar,4,0,8,0,Solar Kit Off-Grid
,,3,48,kits,BRL,Neosolar,NEO-27301,https://portal.zydon.com.br/api/files/afbe878d-6f59-4248-951b-f2002be431c2/content?ingress=portalb2b.neosolar.com.br,,,,,"Kit de Energia Solar Off Grid c/ Inv-car - 5,0kWp 100Ah 48/220V Lítio",,,620,8,4.96,4960,22422.14,,,draft,Solar Kit|Neosolar,3,0,8,0,Solar Kit Off-Grid
,,2,48,kits,BRL,Neosolar,NEO-27296,https://portal.zydon.com.br/api/files/563ee4c0-edcc-4be2-9205-3feaa5032f26/content?ingress=portalb2b.neosolar.com.br,,,,,"Kit de Energia Solar Off Grid c/ Inv-car - 3,7kWp 100Ah 48/220V Lítio",,,620,6,7.0,3720,20217.47,,,draft,Solar Kit|Neosolar,2,0,6,0,Solar Kit Off-Grid
,,4,48,kits,BRL,Neosolar,NEO-27270,https://portal.zydon.com.br/api/files/adfd0473-7fc7-4450-ae02-888ba94d2c7e/content?ingress=portalb2b.neosolar.com.br,,,,,"Kit de Energia Solar Off Grid c/ Inv-car - 5,0kWp 100Ah 48/220V Lítio",,,620,8,4.96,4960,28832.96,,,draft,Solar Kit|Neosolar,4,0,8,0,Solar Kit Off-Grid
,,2,48,kits,BRL,Neosolar,NEO-27260,https://portal.zydon.com.br/api/files/07e99164-db97-4bac-aff1-b2503b25324a/content?ingress=portalb2b.neosolar.com.br,,,,,"Kit de Energia Solar Off Grid c/ Inv-car - 3,7kWp 100Ah 48/220V Lítio",,,620,6,7.0,3720,20147.03,,,draft,Solar Kit|Neosolar,2,0,6,0,Solar Kit Off-Grid
,,3,48,kits,BRL,Neosolar,NEO-27261,https://portal.zydon.com.br/api/files/9d1f4672-2fbf-4580-888d-1b75b343596d/content?ingress=portalb2b.neosolar.com.br,,,,,"Kit de Energia Solar Off Grid c/ Inv-car - 5,0kWp 100Ah 48/220V Lítio",,,620,8,4.96,4960,27292.24,,,draft,Solar Kit|Neosolar,3,0,8,0,Solar Kit Off-Grid
,,2,48,kits,BRL,Neosolar,NEO-27264,https://portal.zydon.com.br/api/files/1707ae1c-db56-4d8a-9c7d-e75571502132/content?ingress=portalb2b.neosolar.com.br,,,,,"Kit de Energia Solar Off Grid c/ Inv-car - 3,7kWp 100Ah 48/220V Lítio",,,620,6,7.0,3720,16853.34,,,draft,Solar Kit|Neosolar,2,0,6,0,Solar Kit Off-Grid
,,3,48,kits,BRL,Neosolar,NEO-27265,https://portal.zydon.com.br/api/files/db69d46b-d292-4c9d-8408-814f31108a00/content?ingress=portalb2b.neosolar.com.br,,,,,"Kit de Energia Solar Off Grid c/ Inv-car - 5,0kWp 100Ah 48/220V Lítio",,,620,8,4.96,4960,22351.7,,,draft,Solar Kit|Neosolar,3,0,8,0,Solar Kit Off-Grid
,,4,48,kits,BRL,Neosolar,NEO-27262,https://portal.zydon.com.br/api/files/dfa9ce23-9c5e-44d3-b38b-41a7339bc866/content?ingress=portalb2b.neosolar.com.br,,,,,"Kit de Energia Solar Off Grid c/ Inv-car - 5,0kWp 100Ah 48/220V Lítio",,,620,8,4.96,4960,33285.07,,,draft,Solar Kit|Neosolar,4,0,8,0,Solar Kit Off-Grid
,,7,48,kits,BRL,Neosolar,NEO-26701,https://portal.zydon.com.br/api/files/77621f15-e3c5-4ffa-abb6-36d7c8f7dae7/content?ingress=portalb2b.neosolar.com.br,,,,,"Kit de Energia Solar Off Grid c/ Inv-car - 6,2kWp 100Ah 24/220V Lítio (26701)",,,620,10,2.0,6200,0,,,draft,Solar Kit|Neosolar,7,0,10,0,Solar Kit Off-Grid
,,1,12,kits,BRL,Neosolar,NEO-26723,https://portal.zydon.com.br/api/files/97d04123-c3a4-4d99-9480-9b8592c0cb6a/content?ingress=portalb2b.neosolar.com.br,,,,1,Kit Energia Solar Off Grid s/ Inversor - 160Wp 165Ah / 150Ah 12V Estacionária (26723),,,160,1,0.16,160,1563.51,,,draft,Solar Kit|Neosolar,1,1,1,0,Solar Kit Off-Grid
,,1,12,kits,BRL,Neosolar,NEO-25132,https://portal.zydon.com.br/api/files/eef61176-9ca2-4a16-bb62-0de71b8b738d/content?ingress=portalb2b.neosolar.com.br,,,,1,Kit Energia Solar para Starlink - 10h/dia (até 1.280 Wh/dia) - Chumbo (25132),,,320,320,102.4,102400,2470.79,,,draft,Solar Kit|Neosolar,1,1,320,0,Solar Kit Off-Grid
,,1,12,kits,BRL,Neosolar,NEO-25044,https://portal.zydon.com.br/api/files/37894d52-0c9f-4ff8-bc0b-ff7f7527425a/content?ingress=portalb2b.neosolar.com.br,,,,1,Kit Energia Solar Off Grid - 60Wp 45Ah/12V (25044),,,60,1,0.06,60,916.2,,,draft,Solar Kit|Neosolar,1,1,1,0,Solar Kit Off-Grid
,,1,12,kits,BRL,Neosolar,NEO-25045,https://portal.zydon.com.br/api/files/4c1cd2a4-283f-4d91-8836-3ac7071dbb58/content?ingress=portalb2b.neosolar.com.br,,,,1,Kit Energia Solar Off Grid - 100Wp 45Ah/12V (25045),,,100,1,0.1,100,932.16,,,draft,Solar Kit|Neosolar,1,1,1,0,Solar Kit Off-Grid
,,1,12,kits,BRL,Neosolar,NEO-25043,https://portal.zydon.com.br/api/files/7959d3d6-18a3-4766-b2a3-03575b653b2d/content?ingress=portalb2b.neosolar.com.br,,,,1,Kit Energia Solar Off Grid - 30Wp 45Ah/12V (25043),,,30,1,0.03,30,861.47,,,draft,Solar Kit|Neosolar,1,1,1,0,Solar Kit Off-Grid
,,1,12,kits,BRL,Neosolar,NEO-25154,https://portalb2b.neosolar.com.br/b2b-noimage-white.svg,,,,1,Kit Energia Solar Off Grid - 60Wp 45Ah/12V 600W/127V Ztroon,,,60,1,0.06,60,1563.33,,,draft,Solar Kit|Neosolar,1,1,1,0,Solar Kit Off-Grid
,,1,12,kits,BRL,Neosolar,NEO-25156,https://portalb2b.neosolar.com.br/b2b-noimage-white.svg,,,,1,Kit Energia Solar Off Grid - 100Wp 45Ah/12V 600W/127V Ztroon,,,100,1,0.1,100,1579.29,,,draft,Solar Kit|Neosolar,1,1,1,0,Solar Kit Off-Grid
,,2,48,kits,BRL,Neosolar,NEO-26695,https://portal.zydon.com.br/api/files/02f12091-0c0a-451c-8b9a-9d6aa9067b37/content?ingress=portalb2b.neosolar.com.br,,,,,"Kit de Energia Solar Off Grid c/ Inv-car - 3,7kWp 100Ah 24/220V Lítio (26695)",,,620,6,7.0,3720,0,,,draft,Solar Kit|Neosolar,2,0,6,0,Solar Kit Off-Grid
,,1,48,kits,BRL,Neosolar,NEO-26694,https://portal.zydon.com.br/api/files/674821ee-b9a8-4648-9db8-45c2704cf5c1/content?ingress=portalb2b.neosolar.com.br,,,,,"Kit de Energia Solar Off Grid c/ Inv-car - 2,5kWp 100Ah 48/220V Lítio",,,620,4,5.0,2480,0,,,draft,Solar Kit|Neosolar,1,0,4,0,Solar Kit Off-Grid
,,4,48,kits,BRL,Neosolar,NEO-26698,https://portal.zydon.com.br/api/files/95eb91ee-3352-4702-b104-a1bdc66b1c20/content?ingress=portalb2b.neosolar.com.br,,,,,"Kit de Energia Solar Off Grid c/ Inv-car - 3,7kWp 100Ah 24/220V Lítio (26698)",,,620,6,7.0,3720,0,,,draft,Solar Kit|Neosolar,4,0,6,0,Solar Kit Off-Grid
,,5,48,kits,BRL,Neosolar,NEO-26699,https://portal.zydon.com.br/api/files/bc9942ac-abe6-4df5-9309-0106d7e1c7c1/content?ingress=portalb2b.neosolar.com.br,,,,,"Kit de Energia Solar Off Grid c/ Inv-car - 6,2kWp 100Ah 24/220V Lítio (26699)",,,620,10,2.0,6200,0,,,draft,Solar Kit|Neosolar,5,0,10,0,Solar Kit Off-Grid
,,3,48,kits,BRL,Neosolar,NEO-26697,https://portal.zydon.com.br/api/files/3d25b276-df8c-493d-b81e-0198b55c1b66/content?ingress=portalb2b.neosolar.com.br,,,,,"Kit de Energia Solar Off Grid c/ Inv-car - 3,1kWp 100Ah 24/220V Lítio (26697)",,,620,5,1.0,3100,0,,,draft,Solar Kit|Neosolar,3,0,5,0,Solar Kit Off-Grid
,,2,48,kits,BRL,Neosolar,NEO-26696,https://portal.zydon.com.br/api/files/b25025f7-5a76-4353-80bd-8f1b673e0215/content?ingress=portalb2b.neosolar.com.br,,,,,"Kit de Energia Solar Off Grid c/ Inv-car - 1,9kWp 100Ah 24/220V Lítio (26696)",,,620,3,9.0,1860,0,,,draft,Solar Kit|Neosolar,2,0,3,0,Solar Kit Off-Grid
,,6,48,kits,BRL,Neosolar,NEO-26700,https://portal.zydon.com.br/api/files/d2fc71b6-85bd-44bc-b4cb-e66892bc9044/content?ingress=portalb2b.neosolar.com.br,,,,,"Kit de Energia Solar Off Grid c/ Inv-car - 6,2kWp 100Ah 24/220V Lítio (26700)",,,620,10,2.0,6200,0,,,draft,Solar Kit|Neosolar,6,0,10,0,Solar Kit Off-Grid
,,2,12,kits,BRL,Neosolar,NEO-25053,https://portal.zydon.com.br/api/files/cbedc1f2-f5a1-456f-a3f9-45152c6f2ed9/content?ingress=portalb2b.neosolar.com.br,,,,1,Kit Energia Solar Off Grid - 680Wp 220Ah/24V (25053),,,340,2,0.68,680,4624.47,,,draft,Solar Kit|Neosolar,2,1,2,0,Solar Kit Off-Grid
,,1,48,kits,BRL,Neosolar,NEO-26968,https://portal.zydon.com.br/api/files/5e05efaf-e906-478e-aecf-c3449d06dcbd/content?ingress=portalb2b.neosolar.com.br,,,,,"Kit de Energia Solar Off Grid c/ Inv-car - 2,5kWp 100Ah 24/220V Lítio (26968)",,,620,4,5.0,2480,0,,,draft,Solar Kit|Neosolar,1,0,4,0,Solar Kit Off-Grid
,,7,48,kits,BRL,Neosolar,NEO-26991,https://portal.zydon.com.br/api/files/300c2b14-0c93-463c-b01d-45e19c3575dd/content?ingress=portalb2b.neosolar.com.br,,,,,"Kit de Energia Solar Off Grid c/ Inv-car - 6,2kWp 100Ah 24/220V Lítio (26991)",,,620,10,2.0,6200,0,,,draft,Solar Kit|Neosolar,7,0,10,0,Solar Kit Off-Grid
,,7,48,kits,BRL,Neosolar,NEO-26975,https://portal.zydon.com.br/api/files/780b0379-b08d-4364-b78e-98269de37d9d/content?ingress=portalb2b.neosolar.com.br,,,,,"Kit de Energia Solar Off Grid c/ Inv-car - 6,2kWp 100Ah 24/220V Lítio (26975)",,,620,10,2.0,6200,0,,,draft,Solar Kit|Neosolar,7,0,10,0,Solar Kit Off-Grid
,,1,48,kits,BRL,Neosolar,NEO-26984,https://portal.zydon.com.br/api/files/bf81a2d8-46ee-4c08-8e52-264d526dd97c/content?ingress=portalb2b.neosolar.com.br,,,,,"Kit de Energia Solar Off Grid c/ Inv-car - 2,5kWp 100Ah 24/220V Lítio (26984)",,,620,4,5.0,2480,0,,,draft,Solar Kit|Neosolar,1,0,4,0,Solar Kit Off-Grid
,,3,48,kits,BRL,Neosolar,NEO-26971,https://portal.zydon.com.br/api/files/5801b467-d646-498f-8486-895e733d5c49/content?ingress=portalb2b.neosolar.com.br,,,,,"Kit de Energia Solar Off Grid c/ Inv-car - 3,1kWp 100Ah 24/220V Lítio (26971)",,,620,5,1.0,3100,0,,,draft,Solar Kit|Neosolar,3,0,5,0,Solar Kit Off-Grid
,,4,48,kits,BRL,Neosolar,NEO-26972,https://portal.zydon.com.br/api/files/45bae92c-1b7e-4f51-b5fb-30466040b4f4/content?ingress=portalb2b.neosolar.com.br,,,,,"Kit de Energia Solar Off Grid c/ Inv-car - 3,7kWp 100Ah 24/220V Lítio (26972)",,,620,6,7.0,3720,0,,,draft,Solar Kit|Neosolar,4,0,6,0,Solar Kit Off-Grid
,,2,48,kits,BRL,Neosolar,NEO-26969,https://portal.zydon.com.br/api/files/6aac6b46-1e2c-4ab8-96fc-8810e4c94c70/content?ingress=portalb2b.neosolar.com.br,,,,,"Kit de Energia Solar Off Grid c/ Inv-car - 3,7kWp 100Ah 24/220V Lítio (26969)",,,620,6,7.0,3720,0,,,draft,Solar Kit|Neosolar,2,0,6,0,Solar Kit Off-Grid
,,2,48,kits,BRL,Neosolar,NEO-26970,https://portal.zydon.com.br/api/files/a0758e5f-5841-4c29-80a2-cdf86cc835b4/content?ingress=portalb2b.neosolar.com.br,,,,,"Kit de Energia Solar Off Grid c/ Inv-car - 1,9kWp 100Ah 24/220V Lítio (26970)",,,620,3,9.0,1860,0,,,draft,Solar Kit|Neosolar,2,0,3,0,Solar Kit Off-Grid
,,4,48,kits,BRL,Neosolar,NEO-26988,https://portal.zydon.com.br/api/files/89e94cb3-8b98-4184-8358-2a51f2c37b34/content?ingress=portalb2b.neosolar.com.br,,,,,"Kit de Energia Solar Off Grid c/ Inv-car - 3,7kWp 100Ah 24/220V Lítio (26988)",,,620,6,7.0,3720,0,,,draft,Solar Kit|Neosolar,4,0,6,0,Solar Kit Off-Grid
,,3,48,kits,BRL,Neosolar,NEO-26987,https://portal.zydon.com.br/api/files/39524f16-af32-4ab8-a36a-486ed640779a/content?ingress=portalb2b.neosolar.com.br,,,,,"Kit de Energia Solar Off Grid c/ Inv-car - 3,1kWp 100Ah 24/220V Lítio (26987)",,,620,5,1.0,3100,0,,,draft,Solar Kit|Neosolar,3,0,5,0,Solar Kit Off-Grid
,,2,48,kits,BRL,Neosolar,NEO-26986,https://portal.zydon.com.br/api/files/df9282cd-5704-4985-85db-8a8a04479ab7/content?ingress=portalb2b.neosolar.com.br,,,,,"Kit de Energia Solar Off Grid c/ Inv-car - 1,9kWp 100Ah 24/220V Lítio (26986)",,,620,3,9.0,1860,0,,,draft,Solar Kit|Neosolar,2,0,3,0,Solar Kit Off-Grid
,,2,48,kits,BRL,Neosolar,NEO-26985,https://portal.zydon.com.br/api/files/57faf78c-278e-4087-88e2-9deb009f03cf/content?ingress=portalb2b.neosolar.com.br,,,,,"Kit de Energia Solar Off Grid c/ Inv-car - 3,7kWp 100Ah 24/220V Lítio (26985)",,,620,6,7.0,3720,0,,,draft,Solar Kit|Neosolar,2,0,6,0,Solar Kit Off-Grid
,,1,48,kits,BRL,Neosolar,NEO-27314,https://portal.zydon.com.br/api/files/cfdc6dad-4082-4bb5-878a-d9b7456395f5/content?ingress=portalb2b.neosolar.com.br,,,,1,"Kit Energia Solar Off Grid - 1,24kWp 100Ah/48V Lítio (27314)",,,620,2,24.0,1240,6807.53,,,draft,Solar Kit|Neosolar,1,1,2,0,Solar Kit Off-Grid
,,1,6,kits,BRL,Neosolar,NEO-25049,https://portal.zydon.com.br/api/files/2090556f-04e2-4644-bcfb-70480e65e3af/content?ingress=portalb2b.neosolar.com.br,,,,1,Kit Energia Solar Off Grid - 680Wp 100Ah/24V Lítio (25049),,,340,2,0.68,680,5897.16,,,draft,Solar Kit|Neosolar,1,1,2,0,Solar Kit Off-Grid
,,1,6,kits,BRL,Neosolar,NEO-27475,https://portal.zydon.com.br/api/files/af8a3c8c-1ced-4340-9ee3-950705043f59/content?ingress=portalb2b.neosolar.com.br,,,,1,Kit Energia Solar Off Grid - 680Wp 100Ah/24V Lítio (27475),,,340,2,0.68,680,4653.12,,,draft,Solar Kit|Neosolar,1,1,2,0,Solar Kit Off-Grid
,,1,6,kits,BRL,Neosolar,NEO-25164,https://portalb2b.neosolar.com.br/b2b-noimage-white.svg,,,,1,Kit Energia Solar Off Grid - 680Wp 100Ah/24V Lítio 1000W/127V Ztroon,,,340,2,0.68,680,6812.12,,,draft,Solar Kit|Neosolar,1,1,2,0,Solar Kit Off-Grid
,,2,48,kits,BRL,Neosolar,NEO-27315,https://portal.zydon.com.br/api/files/b8854855-516a-437d-80be-3d7b80099cd0/content?ingress=portalb2b.neosolar.com.br,,,,1,"Kit Energia Solar Off Grid - 1,24kWp 100Ah/48V Lítio (27315)",,,620,4,24.0,2480,12731.46,,,draft,Solar Kit|Neosolar,2,1,4,0,Solar Kit Off-Grid
,,1,12,kits,BRL,Neosolar,NEO-23927,https://portal.zydon.com.br/api/files/83064596-0d87-4e31-9a51-3567bef61e6c/content?ingress=portalb2b.neosolar.com.br,,,,1,Kit Energia Solar Off Grid s/ Inversor - 30Wp 115/105Ah 12V Estacionária (23927),,,30,1,0.03,30,1256.64,,,draft,Solar Kit|Neosolar,1,1,1,0,Solar Kit Off-Grid
,,1,48,kits,BRL,Neosolar,NEO-27347,https://portal.zydon.com.br/api/files/2e6540f2-a35f-407e-b7e4-289e7b750caf/content?ingress=portalb2b.neosolar.com.br,,,,1,"Kit Energia Solar Off Grid - 1,24kWp 100Ah/48V Lítio - Inversor 2000W 48/127 (27347)",,,620,2,24.0,1240,0,,,draft,Solar Kit|Neosolar,1,2,2,0,Solar Kit Off-Grid
,,2,48,kits,BRL,Neosolar,NEO-27349,https://portal.zydon.com.br/api/files/068f88cc-b9e3-40c6-8445-804d8973a3ec/content?ingress=portalb2b.neosolar.com.br,,,,1,"Kit Energia Solar Off Grid - 1,24kWp 100Ah/48V Lítio  - Inversor 2000W 48/127 (27349)",,,620,4,24.0,2480,0,,,draft,Solar Kit|Neosolar,2,2,4,0,Solar Kit Off-Grid
,,1,12,kits,BRL,Neosolar,NEO-25131,https://portal.zydon.com.br/api/files/13b8f6d1-0f3b-40a9-a10e-2435a4a9f3d6/content?ingress=portalb2b.neosolar.com.br,,,,1,Kit Energia Solar para Starlink - 10h/dia (até 1.280 Wh/dia) - Chumbo (25131),,,320,320,102.4,102400,2414.24,,,draft,Solar Kit|Neosolar,1,1,320,0,Solar Kit Off-Grid
,,1,12,kits,BRL,Neosolar,NEO-23928,https://portal.zydon.com.br/api/files/3711c72b-e21a-441a-bf0e-7c2a9047e7f0/content?ingress=portalb2b.neosolar.com.br,,,,1,Kit Energia Solar Off Grid s/ Inversor - 60Wp 115/105Ah 12V Estacionária (23928),,,60,1,0.06,60,1343.79,,,draft,Solar Kit|Neosolar,1,1,1,0,Solar Kit Off-Grid
,,1,12,kits,BRL,Neosolar,NEO-27339,https://portal.zydon.com.br/api/files/71d09171-d95d-414b-8098-c8aa51a9e7a1/content?ingress=portalb2b.neosolar.com.br,,,,1,Kit Energia Solar Off Grid s/ Inversor - 100Wp 115/105Ah 12V Estacionária (27339),,,100,1,0.1,100,1113.09,,,draft,Solar Kit|Neosolar,1,1,1,0,Solar Kit Off-Grid
,,1,12,kits,BRL,Neosolar,NEO-23929,https://portal.zydon.com.br/api/files/e69b0418-7f5a-4cbb-b192-4d3c85469019/content?ingress=portalb2b.neosolar.com.br,,,,1,Kit Energia Solar Off Grid s/ Inversor - 100Wp 115/105Ah 12V Estacionária (23929),,,100,1,0.1,100,1343.79,,,draft,Solar Kit|Neosolar,1,1,1,0,Solar Kit Off-Grid
,,2,12,kits,BRL,Neosolar,NEO-27476,https://portal.zydon.com.br/api/files/b0796b0b-50fb-4517-bda9-fdc52d918e47/content?ingress=portalb2b.neosolar.com.br,,,,1,Kit Energia Solar Off Grid - 680Wp 220Ah/24V (27476),,,340,2,0.68,680,3767.8,,,draft,Solar Kit|Neosolar,2,1,2,0,Solar Kit Off-Grid
,,1,12,kits,BRL,Neosolar,NEO-26720,https://portal.zydon.com.br/api/files/98d12825-13dc-47f1-b454-38628d4805cc/content?ingress=portalb2b.neosolar.com.br,,,,1,Kit Energia Solar Off Grid s/ Inversor - 320Wp 240Ah / 220Ah 12V Estacionária (26720),,,160,2,0.32,320,2195.68,,,draft,Solar Kit|Neosolar,1,1,2,0,Solar Kit Off-Grid
,,1,12,kits,BRL,Neosolar,NEO-26721,https://portal.zydon.com.br/api/files/1d885ade-f87c-444a-9380-cb1f1ea67062/content?ingress=portalb2b.neosolar.com.br,,,,1,Kit Energia Solar Off Grid s/ Inversor - 320Wp 240Ah / 220Ah 12V Estacionária (26721),,,160,2,0.32,320,2272.99,,,draft,Solar Kit|Neosolar,1,1,2,0,Solar Kit Off-Grid
,,1,12,kits,BRL,Neosolar,NEO-25158,https://portalb2b.neosolar.com.br/b2b-noimage-white.svg,,,,1,Kit Energia Solar Off Grid - 160Wp 105Ah/12V 600W/127V Ztroon,,,160,1,0.16,160,2070.56,,,draft,Solar Kit|Neosolar,1,1,1,0,Solar Kit Off-Grid
,,2,12,kits,BRL,Neosolar,NEO-26722,https://portal.zydon.com.br/api/files/338fea19-d94b-4866-bd79-e01a9b4248d4/content?ingress=portalb2b.neosolar.com.br,,,,1,Kit Energia Solar Off Grid s/ Inversor - 480Wp 240Ah / 220Ah 12V Estacionária (26722),,,160,3,0.48,480,4162.98,,,draft,Solar Kit|Neosolar,2,1,3,0,Solar Kit Off-Grid
,,1,48,kits,BRL,Neosolar,NEO-27348,https://portal.zydon.com.br/api/files/24a67454-08a7-465c-af1f-dea016e95f76/content?ingress=portalb2b.neosolar.com.br,,,,1,"Kit Energia Solar Off Grid - 1,24kWp 100Ah/48V Lítio - Inversor 2000W 48/220 (27348)",,,620,2,24.0,1240,0,,,draft,Solar Kit|Neosolar,1,2,2,0,Solar Kit Off-Grid
,,2,48,kits,BRL,Neosolar,NEO-27378,https://portal.zydon.com.br/api/files/4043f6be-13f7-46b6-bb4f-c539af5b5e4e/content?ingress=portalb2b.neosolar.com.br,,,,1,"Kit Energia Solar Off Grid - 1,24kWp 100Ah/48V Lítio  - Inversor 2000W 48/220 (27378)",,,620,4,24.0,2480,13837.36,,,draft,Solar Kit|Neosolar,2,2,4,0,Solar Kit Off-Grid
,,3,12,kits,BRL,Neosolar,NEO-27313,https://portal.zydon.com.br/api/files/1e0197ce-fa25-4cd6-9027-3ed34ee417ed/content?ingress=portalb2b.neosolar.com.br,,,,1,Kit Energia Solar Off Grid s/ Inversor - 960Wp 240Ah / 220Ah 12V Estacionária (27313),,,160,6,0.96,960,5600.97,,,draft,Solar Kit|Neosolar,3,1,6,0,Solar Kit Off-Grid
,,1,12,kits,BRL,Neosolar,NEO-25130,https://portal.zydon.com.br/api/files/bf5101bb-a999-4d59-bff1-ade2037fb0c1/content?ingress=portalb2b.neosolar.com.br,,,,1,Kit Energia Solar para Starlink - 06h/dia (até 640 Wh/dia) - Chumbo (25130),,,160,160,25.6,25600,2037.51,,,draft,Solar Kit|Neosolar,1,1,160,0,Solar Kit Off-Grid
,,2,12,kits,BRL,Neosolar,NEO-25048,https://portal.zydon.com.br/api/files/ea32e3c6-2ef4-4895-97a2-d290e2d3f9e4/content?ingress=portalb2b.neosolar.com.br,,,,1,Kit Energia Solar Off Grid - 340Wp 105Ah/24V (25048),,,340,1,0.34,340,2600.37,,,draft,Solar Kit|Neosolar,2,1,1,0,Solar Kit Off-Grid
,,1,12,kits,BRL,Neosolar,NEO-25047,https://portal.zydon.com.br/api/files/b68dae69-1c7c-48b3-846a-b1fb519a1652/content?ingress=portalb2b.neosolar.com.br,,,,1,Kit Energia Solar Off Grid - 320Wp 150Ah/12V (25047),,,160,2,0.32,320,2159.1,,,draft,Solar Kit|Neosolar,1,1,2,0,Solar Kit Off-Grid
,,2,12,kits,BRL,Neosolar,NEO-25163,https://portalb2b.neosolar.com.br/b2b-noimage-white.svg,,,,1,Kit Energia Solar Off Grid - 340Wp 105Ah/24V 1000W/220V Ztroon,,,340,1,0.34,340,3515.34,,,draft,Solar Kit|Neosolar,2,1,1,0,Solar Kit Off-Grid
,,1,12,kits,BRL,Neosolar,NEO-25160,https://portalb2b.neosolar.com.br/b2b-noimage-white.svg,,,,1,Kit Energia Solar Off Grid - 320Wp 150Ah/12V 600W/127V Ztroon,,,160,2,0.32,320,2806.23,,,draft,Solar Kit|Neosolar,1,1,2,0,Solar Kit Off-Grid
,,2,12,kits,BRL,Neosolar,NEO-25162,https://portalb2b.neosolar.com.br/b2b-noimage-white.svg,,,,1,Kit Energia Solar Off Grid - 340Wp 105Ah/24V 1000W/127V Ztroon,,,340,1,0.34,340,3515.34,,,draft,Solar Kit|Neosolar,2,1,1,0,Solar Kit Off-Grid
,,1,48,kits,BRL,Neosolar,NEO-27267,https://portal.zydon.com.br/api/files/4df5cd62-233e-45c5-99b8-2ccda71fbfd2/content?ingress=portalb2b.neosolar.com.br,,,,,"Kit de Energia Solar Off Grid c/ Inv-car - 2,5kWp 100Ah 48/220V Lítio",,,620,4,5.0,2480,11015.48,,,draft,Solar Kit|Neosolar,1,0,4,0,Solar Kit Off-Grid
,,1,48,kits,BRL,Neosolar,NEO-27303,https://portal.zydon.com.br/api/files/6eae8354-3174-401e-85c5-892dd8e3caaf/content?ingress=portalb2b.neosolar.com.br,,,,,"Kit de Energia Solar Off Grid c/ Inv-car - 2,5kWp 100Ah 48/220V Lítio",,,620,4,5.0,2480,11085.92,,,draft,Solar Kit|Neosolar,1,0,4,0,Solar Kit Off-Grid
,,1,48,kits,BRL,Neosolar,NEO-27299,https://portal.zydon.com.br/api/files/b857d553-0c17-4bbd-a811-1898cfb588a4/content?ingress=portalb2b.neosolar.com.br,,,,,"Kit de Energia Solar Off Grid c/ Inv-car - 2,5kWp 100Ah 48/220V Lítio",,,620,4,5.0,2480,10552.11,,,draft,Solar Kit|Neosolar,1,0,4,0,Solar Kit Off-Grid
,,1,48,kits,BRL,Neosolar,NEO-27263,https://portal.zydon.com.br/api/files/54b92be7-7e8f-4746-be90-62fd84b3f9a6/content?ingress=portalb2b.neosolar.com.br,,,,,"Kit de Energia Solar Off Grid c/ Inv-car - 2,5kWp 100Ah 48/220V Lítio",,,620,4,5.0,2480,10481.67,,,draft,Solar Kit|Neosolar,1,0,4,0,Solar Kit Off-Grid
,,1,48,kits,BRL,Neosolar,NEO-27259,https://portal.zydon.com.br/api/files/809471e3-2560-46ff-b444-344573250c32/content?ingress=portalb2b.neosolar.com.br,,,,,"Kit de Energia Solar Off Grid c/ Inv-car - 2,5kWp 100Ah 48/220V Lítio",,,620,4,5.0,2480,12128.51,,,draft,Solar Kit|Neosolar,1,0,4,0,Solar Kit Off-Grid
,,1,12,kits,BRL,Neosolar,NEO-25129,https://portal.zydon.com.br/api/files/c557aa12-84bd-49e5-a646-d3fab8a563dc/content?ingress=portalb2b.neosolar.com.br,,,,1,Kit Energia Solar para Starlink - 06h/dia (até 640 Wh/dia) - Chumbo (25129),,,160,160,25.6,25600,1980.97,,,draft,Solar Kit|Neosolar,1,1,160,0,Solar Kit Off-Grid
,,1,12,kits,BRL,Neosolar,NEO-23699,https://portal.zydon.com.br/api/files/f2a0af91-2ec7-41b6-b4ab-53827b79ac67/content?ingress=portalb2b.neosolar.com.br,,,,1,Kit Energia Solar para Starlink - 06h/dia (até 640 Wh/dia) - Chumbo (23699),,,160,160,25.6,25600,0,,,draft,Solar Kit|Neosolar,1,1,160,0,Solar Kit Off-Grid
,,1,12,kits,BRL,Neosolar,NEO-23703,https://portal.zydon.com.br/api/files/dec6fd92-f947-494a-8f78-67b07877cfef/content?ingress=portalb2b.neosolar.com.br,,,,1,Kit Energia Solar para Starlink - 10h/dia (até 1.280 Wh/dia) - Chumbo (23703),,,320,320,102.4,102400,0,,,draft,Solar Kit|Neosolar,1,1,320,0,Solar Kit Off-Grid
,,4,48,kits,BRL,Neosolar,NEO-27266,https://portal.zydon.com.br/api/files/c5fd4272-1aa2-4bea-beed-5d619310ab3b/content?ingress=portalb2b.neosolar.com.br,,,,,"Kit de Energia Solar Off Grid c/ Inv-car - 5,0kWp 100Ah 48/220V Lítio",,,620,8,4.96,4960,26697.71,,,draft,Solar Kit|Neosolar,4,0,8,0,Solar Kit Off-Grid
,,2,48,kits,BRL,Neosolar,NEO-27304,https://portal.zydon.com.br/api/files/cedcca07-1200-4524-ab3c-55fb95328188/content?ingress=portalb2b.neosolar.com.br,,,,,"Kit de Energia Solar Off Grid c/ Inv-car - 3,7kWp 100Ah 48/220V Lítio",,,620,6,7.0,3720,17991.4,,,draft,Solar Kit|Neosolar,2,0,6,0,Solar Kit Off-Grid
,,4,48,kits,BRL,Neosolar,NEO-27298,https://portal.zydon.com.br/api/files/c7d66d3a-6362-4897-b1cc-6270b89e876a/content?ingress=portalb2b.neosolar.com.br,,,,,"Kit de Energia Solar Off Grid c/ Inv-car - 5,0kWp 100Ah 48/220V Lítio",,,620,8,4.96,4960,33355.51,,,draft,Solar Kit|Neosolar,4,0,8,0,Solar Kit Off-Grid
,,3,48,kits,BRL,Neosolar,NEO-27297,https://portal.zydon.com.br/api/files/af67ea85-8afd-4126-9734-900b60a6e591/content?ingress=portalb2b.neosolar.com.br,,,,,"Kit de Energia Solar Off Grid c/ Inv-car - 5,0kWp 100Ah 48/220V Lítio",,,620,8,4.96,4960,27362.67,,,draft,Solar Kit|Neosolar,3,0,8,0,Solar Kit Off-Grid
,,3,48,kits,BRL,Neosolar,NEO-27305,https://portal.zydon.com.br/api/files/73a084df-42d0-4e01-b398-21dba1381f3a/content?ingress=portalb2b.neosolar.com.br,,,,,"Kit de Energia Solar Off Grid c/ Inv-car - 5,0kWp 100Ah 48/220V Lítio",,,620,8,4.96,4960,24023.58,,,draft,Solar Kit|Neosolar,3,0,8,0,Solar Kit Off-Grid
,,4,48,kits,BRL,Neosolar,NEO-27306,https://portal.zydon.com.br/api/files/571eec38-74e1-4637-9cfc-7ffc2ba692b6/content?ingress=portalb2b.neosolar.com.br,,,,,"Kit de Energia Solar Off Grid c/ Inv-car - 5,0kWp 100Ah 48/220V Lítio",,,,,0.0,0,28903.4,,,draft,Solar Kit|Neosolar,4,0,0,0,Solar Kit Off-Grid
,,3,48,kits,BRL,Neosolar,NEO-27269,https://portal.zydon.com.br/api/files/59fc8d02-fe75-4490-ad09-2c7f79b8969f/content?ingress=portalb2b.neosolar.com.br,,,,,"Kit de Energia Solar Off Grid c/ Inv-car - 5,0kWp 100Ah 48/220V Lítio",,,620,8,4.96,4960,23953.15,,,draft,Solar Kit|Neosolar,3,0,8,0,Solar Kit Off-Grid
,,2,48,kits,BRL,Neosolar,NEO-27268,https://portal.zydon.com.br/api/files/f5b10be3-8a63-4273-b74b-3dd64022ae96/content?ingress=portalb2b.neosolar.com.br,,,,,"Kit de Energia Solar Off Grid c/ Inv-car - 3,7kWp 100Ah 48/220V Lítio",,,620,6,7.0,3720,17920.96,,,draft,Solar Kit|Neosolar,2,0,6,0,Solar Kit Off-Grid
,,2,48,kits,BRL,Neosolar,NEO-27300,https://portal.zydon.com.br/api/files/e66abee9-8f2d-4bb3-bc19-69e7634afe42/content?ingress=portalb2b.neosolar.com.br,,,,,"Kit de Energia Solar Off Grid c/ Inv-car - 3,7kWp 100Ah 48/220V Lítio",,,620,6,7.0,3720,16923.78,,,draft,Solar Kit|Neosolar,2,0,6,0,Solar Kit Off-Grid
,,4,48,kits,BRL,Neosolar,NEO-27302,https://portal.zydon.com.br/api/files/5b8956da-3ab3-41cd-9d16-5de703e77ed9/content?ingress=portalb2b.neosolar.com.br,,,,,"Kit de Energia Solar Off Grid c/ Inv-car - 5,0kWp 100Ah 48/220V Lítio",,,620,8,4.96,4960,26768.14,,,draft,Solar Kit|Neosolar,4,0,8,0,Solar Kit Off-Grid
,,3,48,kits,BRL,Neosolar,NEO-27301,https://portal.zydon.com.br/api/files/afbe878d-6f59-4248-951b-f2002be431c2/content?ingress=portalb2b.neosolar.com.br,,,,,"Kit de Energia Solar Off Grid c/ Inv-car - 5,0kWp 100Ah 48/220V Lítio",,,620,8,4.96,4960,22422.14,,,draft,Solar Kit|Neosolar,3,0,8,0,Solar Kit Off-Grid
,,2,48,kits,BRL,Neosolar,NEO-27296,https://portal.zydon.com.br/api/files/563ee4c0-edcc-4be2-9205-3feaa5032f26/content?ingress=portalb2b.neosolar.com.br,,,,,"Kit de Energia Solar Off Grid c/ Inv-car - 3,7kWp 100Ah 48/220V Lítio",,,620,6,7.0,3720,20217.47,,,draft,Solar Kit|Neosolar,2,0,6,0,Solar Kit Off-Grid
,,4,48,kits,BRL,Neosolar,NEO-27270,https://portal.zydon.com.br/api/files/adfd0473-7fc7-4450-ae02-888ba94d2c7e/content?ingress=portalb2b.neosolar.com.br,,,,,"Kit de Energia Solar Off Grid c/ Inv-car - 5,0kWp 100Ah 48/220V Lítio",,,620,8,4.96,4960,28832.96,,,draft,Solar Kit|Neosolar,4,0,8,0,Solar Kit Off-Grid
,,2,48,kits,BRL,Neosolar,NEO-27260,https://portal.zydon.com.br/api/files/07e99164-db97-4bac-aff1-b2503b25324a/content?ingress=portalb2b.neosolar.com.br,,,,,"Kit de Energia Solar Off Grid c/ Inv-car - 3,7kWp 100Ah 48/220V Lítio",,,620,6,7.0,3720,20147.03,,,draft,Solar Kit|Neosolar,2,0,6,0,Solar Kit Off-Grid
,,3,48,kits,BRL,Neosolar,NEO-27261,https://portal.zydon.com.br/api/files/9d1f4672-2fbf-4580-888d-1b75b343596d/content?ingress=portalb2b.neosolar.com.br,,,,,"Kit de Energia Solar Off Grid c/ Inv-car - 5,0kWp 100Ah 48/220V Lítio",,,620,8,4.96,4960,27292.24,,,draft,Solar Kit|Neosolar,3,0,8,0,Solar Kit Off-Grid
,,2,48,kits,BRL,Neosolar,NEO-27264,https://portal.zydon.com.br/api/files/1707ae1c-db56-4d8a-9c7d-e75571502132/content?ingress=portalb2b.neosolar.com.br,,,,,"Kit de Energia Solar Off Grid c/ Inv-car - 3,7kWp 100Ah 48/220V Lítio",,,620,6,7.0,3720,16853.34,,,draft,Solar Kit|Neosolar,2,0,6,0,Solar Kit Off-Grid
,,3,48,kits,BRL,Neosolar,NEO-27265,https://portal.zydon.com.br/api/files/db69d46b-d292-4c9d-8408-814f31108a00/content?ingress=portalb2b.neosolar.com.br,,,,,"Kit de Energia Solar Off Grid c/ Inv-car - 5,0kWp 100Ah 48/220V Lítio",,,620,8,4.96,4960,22351.7,,,draft,Solar Kit|Neosolar,3,0,8,0,Solar Kit Off-Grid
,,4,48,kits,BRL,Neosolar,NEO-27262,https://portal.zydon.com.br/api/files/dfa9ce23-9c5e-44d3-b38b-41a7339bc866/content?ingress=portalb2b.neosolar.com.br,,,,,"Kit de Energia Solar Off Grid c/ Inv-car - 5,0kWp 100Ah 48/220V Lítio",,,620,8,4.96,4960,33285.07,,,draft,Solar Kit|Neosolar,4,0,8,0,Solar Kit Off-Grid
,,7,48,kits,BRL,Neosolar,NEO-26701,https://portal.zydon.com.br/api/files/77621f15-e3c5-4ffa-abb6-36d7c8f7dae7/content?ingress=portalb2b.neosolar.com.br,,,,,"Kit de Energia Solar Off Grid c/ Inv-car - 6,2kWp 100Ah 24/220V Lítio (26701)",,,620,10,2.0,6200,0,,,draft,Solar Kit|Neosolar,7,0,10,0,Solar Kit Off-Grid
,,1,12,kits,BRL,Neosolar,NEO-26723,https://portal.zydon.com.br/api/files/97d04123-c3a4-4d99-9480-9b8592c0cb6a/content?ingress=portalb2b.neosolar.com.br,,,,1,Kit Energia Solar Off Grid s/ Inversor - 160Wp 165Ah / 150Ah 12V Estacionária (26723),,,160,1,0.16,160,1563.51,,,draft,Solar Kit|Neosolar,1,1,1,0,Solar Kit Off-Grid
,,1,12,kits,BRL,Neosolar,NEO-25132,https://portal.zydon.com.br/api/files/eef61176-9ca2-4a16-bb62-0de71b8b738d/content?ingress=portalb2b.neosolar.com.br,,,,1,Kit Energia Solar para Starlink - 10h/dia (até 1.280 Wh/dia) - Chumbo (25132),,,320,320,102.4,102400,2470.79,,,draft,Solar Kit|Neosolar,1,1,320,0,Solar Kit Off-Grid
,,1,12,kits,BRL,Neosolar,NEO-25044,https://portal.zydon.com.br/api/files/37894d52-0c9f-4ff8-bc0b-ff7f7527425a/content?ingress=portalb2b.neosolar.com.br,,,,1,Kit Energia Solar Off Grid - 60Wp 45Ah/12V (25044),,,60,1,0.06,60,916.2,,,draft,Solar Kit|Neosolar,1,1,1,0,Solar Kit Off-Grid
,,1,12,kits,BRL,Neosolar,NEO-25045,https://portal.zydon.com.br/api/files/4c1cd2a4-283f-4d91-8836-3ac7071dbb58/content?ingress=portalb2b.neosolar.com.br,,,,1,Kit Energia Solar Off Grid - 100Wp 45Ah/12V (25045),,,100,1,0.1,100,932.16,,,draft,Solar Kit|Neosolar,1,1,1,0,Solar Kit Off-Grid
,,1,12,kits,BRL,Neosolar,NEO-25043,https://portal.zydon.com.br/api/files/7959d3d6-18a3-4766-b2a3-03575b653b2d/content?ingress=portalb2b.neosolar.com.br,,,,1,Kit Energia Solar Off Grid - 30Wp 45Ah/12V (25043),,,30,1,0.03,30,861.47,,,draft,Solar Kit|Neosolar,1,1,1,0,Solar Kit Off-Grid
,,1,12,kits,BRL,Neosolar,NEO-25154,https://portalb2b.neosolar.com.br/b2b-noimage-white.svg,,,,1,Kit Energia Solar Off Grid - 60Wp 45Ah/12V 600W/127V Ztroon,,,60,1,0.06,60,1563.33,,,draft,Solar Kit|Neosolar,1,1,1,0,Solar Kit Off-Grid
,,1,12,kits,BRL,Neosolar,NEO-25156,https://portalb2b.neosolar.com.br/b2b-noimage-white.svg,,,,1,Kit Energia Solar Off Grid - 100Wp 45Ah/12V 600W/127V Ztroon,,,100,1,0.1,100,1579.29,,,draft,Solar Kit|Neosolar,1,1,1,0,Solar Kit Off-Grid
,,2,48,kits,BRL,Neosolar,NEO-26695,https://portal.zydon.com.br/api/files/02f12091-0c0a-451c-8b9a-9d6aa9067b37/content?ingress=portalb2b.neosolar.com.br,,,,,"Kit de Energia Solar Off Grid c/ Inv-car - 3,7kWp 100Ah 24/220V Lítio (26695)",,,620,6,7.0,3720,0,,,draft,Solar Kit|Neosolar,2,0,6,0,Solar Kit Off-Grid
,,1,48,kits,BRL,Neosolar,NEO-26694,https://portal.zydon.com.br/api/files/674821ee-b9a8-4648-9db8-45c2704cf5c1/content?ingress=portalb2b.neosolar.com.br,,,,,"Kit de Energia Solar Off Grid c/ Inv-car - 2,5kWp 100Ah 48/220V Lítio",,,620,4,5.0,2480,0,,,draft,Solar Kit|Neosolar,1,0,4,0,Solar Kit Off-Grid
,,4,48,kits,BRL,Neosolar,NEO-26698,https://portal.zydon.com.br/api/files/95eb91ee-3352-4702-b104-a1bdc66b1c20/content?ingress=portalb2b.neosolar.com.br,,,,,"Kit de Energia Solar Off Grid c/ Inv-car - 3,7kWp 100Ah 24/220V Lítio (26698)",,,620,6,7.0,3720,0,,,draft,Solar Kit|Neosolar,4,0,6,0,Solar Kit Off-Grid
,,5,48,kits,BRL,Neosolar,NEO-26699,https://portal.zydon.com.br/api/files/bc9942ac-abe6-4df5-9309-0106d7e1c7c1/content?ingress=portalb2b.neosolar.com.br,,,,,"Kit de Energia Solar Off Grid c/ Inv-car - 6,2kWp 100Ah 24/220V Lítio (26699)",,,620,10,2.0,6200,0,,,draft,Solar Kit|Neosolar,5,0,10,0,Solar Kit Off-Grid
,,3,48,kits,BRL,Neosolar,NEO-26697,https://portal.zydon.com.br/api/files/3d25b276-df8c-493d-b81e-0198b55c1b66/content?ingress=portalb2b.neosolar.com.br,,,,,"Kit de Energia Solar Off Grid c/ Inv-car - 3,1kWp 100Ah 24/220V Lítio (26697)",,,620,5,1.0,3100,0,,,draft,Solar Kit|Neosolar,3,0,5,0,Solar Kit Off-Grid
,,2,48,kits,BRL,Neosolar,NEO-26696,https://portal.zydon.com.br/api/files/b25025f7-5a76-4353-80bd-8f1b673e0215/content?ingress=portalb2b.neosolar.com.br,,,,,"Kit de Energia Solar Off Grid c/ Inv-car - 1,9kWp 100Ah 24/220V Lítio (26696)",,,620,3,9.0,1860,0,,,draft,Solar Kit|Neosolar,2,0,3,0,Solar Kit Off-Grid
,,6,48,kits,BRL,Neosolar,NEO-26700,https://portal.zydon.com.br/api/files/d2fc71b6-85bd-44bc-b4cb-e66892bc9044/content?ingress=portalb2b.neosolar.com.br,,,,,"Kit de Energia Solar Off Grid c/ Inv-car - 6,2kWp 100Ah 24/220V Lítio (26700)",,,620,10,2.0,6200,0,,,draft,Solar Kit|Neosolar,6,0,10,0,Solar Kit Off-Grid
,,2,12,kits,BRL,Neosolar,NEO-25053,https://portal.zydon.com.br/api/files/cbedc1f2-f5a1-456f-a3f9-45152c6f2ed9/content?ingress=portalb2b.neosolar.com.br,,,,1,Kit Energia Solar Off Grid - 680Wp 220Ah/24V (25053),,,340,2,0.68,680,4624.47,,,draft,Solar Kit|Neosolar,2,1,2,0,Solar Kit Off-Grid
,,1,48,kits,BRL,Neosolar,NEO-26968,https://portal.zydon.com.br/api/files/5e05efaf-e906-478e-aecf-c3449d06dcbd/content?ingress=portalb2b.neosolar.com.br,,,,,"Kit de Energia Solar Off Grid c/ Inv-car - 2,5kWp 100Ah 24/220V Lítio (26968)",,,620,4,5.0,2480,0,,,draft,Solar Kit|Neosolar,1,0,4,0,Solar Kit Off-Grid
,,7,48,kits,BRL,Neosolar,NEO-26991,https://portal.zydon.com.br/api/files/300c2b14-0c93-463c-b01d-45e19c3575dd/content?ingress=portalb2b.neosolar.com.br,,,,,"Kit de Energia Solar Off Grid c/ Inv-car - 6,2kWp 100Ah 24/220V Lítio (26991)",,,620,10,2.0,6200,0,,,draft,Solar Kit|Neosolar,7,0,10,0,Solar Kit Off-Grid
,,7,48,kits,BRL,Neosolar,NEO-26975,https://portal.zydon.com.br/api/files/780b0379-b08d-4364-b78e-98269de37d9d/content?ingress=portalb2b.neosolar.com.br,,,,,"Kit de Energia Solar Off Grid c/ Inv-car - 6,2kWp 100Ah 24/220V Lítio (26975)",,,620,10,2.0,6200,0,,,draft,Solar Kit|Neosolar,7,0,10,0,Solar Kit Off-Grid
,,1,48,kits,BRL,Neosolar,NEO-26984,https://portal.zydon.com.br/api/files/bf81a2d8-46ee-4c08-8e52-264d526dd97c/content?ingress=portalb2b.neosolar.com.br,,,,,"Kit de Energia Solar Off Grid c/ Inv-car - 2,5kWp 100Ah 24/220V Lítio (26984)",,,620,4,5.0,2480,0,,,draft,Solar Kit|Neosolar,1,0,4,0,Solar Kit Off-Grid
,,3,48,kits,BRL,Neosolar,NEO-26971,https://portal.zydon.com.br/api/files/5801b467-d646-498f-8486-895e733d5c49/content?ingress=portalb2b.neosolar.com.br,,,,,"Kit de Energia Solar Off Grid c/ Inv-car - 3,1kWp 100Ah 24/220V Lítio (26971)",,,620,5,1.0,3100,0,,,draft,Solar Kit|Neosolar,3,0,5,0,Solar Kit Off-Grid
,,4,48,kits,BRL,Neosolar,NEO-26972,https://portal.zydon.com.br/api/files/45bae92c-1b7e-4f51-b5fb-30466040b4f4/content?ingress=portalb2b.neosolar.com.br,,,,,"Kit de Energia Solar Off Grid c/ Inv-car - 3,7kWp 100Ah 24/220V Lítio (26972)",,,620,6,7.0,3720,0,,,draft,Solar Kit|Neosolar,4,0,6,0,Solar Kit Off-Grid
,,2,48,kits,BRL,Neosolar,NEO-26969,https://portal.zydon.com.br/api/files/6aac6b46-1e2c-4ab8-96fc-8810e4c94c70/content?ingress=portalb2b.neosolar.com.br,,,,,"Kit de Energia Solar Off Grid c/ Inv-car - 3,7kWp 100Ah 24/220V Lítio (26969)",,,620,6,7.0,3720,0,,,draft,Solar Kit|Neosolar,2,0,6,0,Solar Kit Off-Grid
,,2,48,kits,BRL,Neosolar,NEO-26970,https://portal.zydon.com.br/api/files/a0758e5f-5841-4c29-80a2-cdf86cc835b4/content?ingress=portalb2b.neosolar.com.br,,,,,"Kit de Energia Solar Off Grid c/ Inv-car - 1,9kWp 100Ah 24/220V Lítio (26970)",,,620,3,9.0,1860,0,,,draft,Solar Kit|Neosolar,2,0,3,0,Solar Kit Off-Grid
,,4,48,kits,BRL,Neosolar,NEO-26988,https://portal.zydon.com.br/api/files/89e94cb3-8b98-4184-8358-2a51f2c37b34/content?ingress=portalb2b.neosolar.com.br,,,,,"Kit de Energia Solar Off Grid c/ Inv-car - 3,7kWp 100Ah 24/220V Lítio (26988)",,,620,6,7.0,3720,0,,,draft,Solar Kit|Neosolar,4,0,6,0,Solar Kit Off-Grid
,,3,48,kits,BRL,Neosolar,NEO-26987,https://portal.zydon.com.br/api/files/39524f16-af32-4ab8-a36a-486ed640779a/content?ingress=portalb2b.neosolar.com.br,,,,,"Kit de Energia Solar Off Grid c/ Inv-car - 3,1kWp 100Ah 24/220V Lítio (26987)",,,620,5,1.0,3100,0,,,draft,Solar Kit|Neosolar,3,0,5,0,Solar Kit Off-Grid
,,2,48,kits,BRL,Neosolar,NEO-26986,https://portal.zydon.com.br/api/files/df9282cd-5704-4985-85db-8a8a04479ab7/content?ingress=portalb2b.neosolar.com.br,,,,,"Kit de Energia Solar Off Grid c/ Inv-car - 1,9kWp 100Ah 24/220V Lítio (26986)",,,620,3,9.0,1860,0,,,draft,Solar Kit|Neosolar,2,0,3,0,Solar Kit Off-Grid
,,2,48,kits,BRL,Neosolar,NEO-26985,https://portal.zydon.com.br/api/files/57faf78c-278e-4087-88e2-9deb009f03cf/content?ingress=portalb2b.neosolar.com.br,,,,,"Kit de Energia Solar Off Grid c/ Inv-car - 3,7kWp 100Ah 24/220V Lítio (26985)",,,620,6,7.0,3720,0,,,draft,Solar Kit|Neosolar,2,0,6,0,Solar Kit Off-Grid
,,8,12,kits,BRL,Neosolar,NEO-24435,,,,,,"Kit de Energia Solar Nobreak c/ Inv-car - 3,51kWp 440Ah 48/220V (24435)",,,585,6,51.0,3510,0,,,draft,Solar Kit|Neosolar,8,0,6,0,Solar Kit Off-Grid
,,14,12,kits,BRL,Neosolar,NEO-24767,,,,,,"Kit de Energia Solar Nobreak c/ Inv-car - 4,27kWp 220Ah 24/220V (24767)",,,610,7,27.0,4270,0,,,draft,Solar Kit|Neosolar,14,0,7,0,Solar Kit Off-Grid
,,2,12,kits,BRL,Neosolar,NEO-24763,,,,,,"Kit de Energia Solar Nobreak c/ Inv-car - 1,83kWp 220Ah 24/220V (24763)",,,610,3,83.0,1830,0,,,draft,Solar Kit|Neosolar,2,0,3,0,Solar Kit Off-Grid
,,8,12,kits,BRL,Neosolar,NEO-24765,,,,,,"Kit de Energia Solar Nobreak c/ Inv-car - 2,44kWp 220Ah 24/220V (24765)",,,610,4,44.0,2440,0,,,draft,Solar Kit|Neosolar,8,0,4,0,Solar Kit Off-Grid
,,1,6,kits,BRL,Neosolar,NEO-24773,,,,,,"Kit de Energia Solar Off Grid c/ Inv-car - 1,83kWp 100Ah 24/220V Lítio (24773)",,,610,3,83.0,1830,0,,,draft,Solar Kit|Neosolar,1,0,3,0,Solar Kit Off-Grid
,,2,12,kits,BRL,Neosolar,NEO-24764,,,,,,"Kit de Energia Solar Nobreak c/ Inv-car - 1,83kWp 220Ah 24/220V (24764)",,,610,3,83.0,1830,0,,,draft,Solar Kit|Neosolar,2,0,3,0,Solar Kit Off-Grid
,,4,48,kits,BRL,Neosolar,NEO-24444,,,,,,"Kit de Energia Solar Nobreak c/ Inv-car - 2,17kWp 220Ah 48/220V (24444)",,,435,5,17.0,2175,0,,,draft,Solar Kit|Neosolar,4,0,5,0,Solar Kit Off-Grid
,,,,kits,BRL,Neosolar,NEO-24044,,,,,,"Kit Energia Solar Híbrido Off-Grid UP6021 1,16kWp c/ Bateria de Chumbo (24044)",,,0,16,16.0,1170,0,,,draft,Solar Kit|Neosolar,0,0,18,0,Solar Kit Off-Grid
,,,,kits,BRL,Neosolar,NEO-24031,,,,,,"Kit Energia Solar Híbrido Off-Grid UP5042 4,06kWp c/ Bateria de Chumbo (24031)",,,0,6,6.0,4095,0,,,draft,Solar Kit|Neosolar,0,0,13,0,Solar Kit Off-Grid
,,,,kits,BRL,Neosolar,NEO-24052,,,,,,"Kit Nobreak Solar Híbrido Off-Grid UP8042 4,06kWp c/ Bateria de Lítio (24052)",,,0,6,6.0,4095,0,,,draft,Solar Kit|Neosolar,0,0,13,0,Solar Kit Off-Grid
,,,,kits,BRL,Neosolar,NEO-24046,,,,,,"Kit Nobreak Solar Híbrido Off-Grid UP8042 2,32 kWp c/ Bateria de Chumbo (24046)",,,0,32,32.0,2340,0,,,draft,Solar Kit|Neosolar,0,0,36,0,Solar Kit Off-Grid
,,,,kits,BRL,Neosolar,NEO-24055,,,,,,"Kit Nobreak Solar Híbrido Off-Grid UP8041 2,32 kWp c/ Bateria de Lítio (24055)",,,0,32,32.0,2340,0,,,draft,Solar Kit|Neosolar,0,0,36,0,Solar Kit Off-Grid
,,,,kits,BRL,Neosolar,NEO-24050,,,,,,"Kit Nobreak Solar Híbrido Off-Grid UP8042 4,09 kWp c/ Bateria de Chumbo (24050)",,,0,5,9.0,4095,0,,,draft,Solar Kit|Neosolar,0,0,12,0,Solar Kit Off-Grid
,,,,kits,BRL,Neosolar,NEO-24054,,,,,,"Kit Nobreak Solar Híbrido Off-Grid UP5042 2,32 kWp c/ Bateria de Chumbo (24054)",,,0,32,32.0,2340,0,,,draft,Solar Kit|Neosolar,0,0,36,0,Solar Kit Off-Grid
,,2,48,kits,BRL,Neosolar,NEO-22694,,,,,1,Kit Energia Solar Off Grid s/ Inversor - 2.32kWp 200Ah 48V Lítio (22694),,,580,4,2.32,2320,0,,,draft,Solar Kit|Neosolar,2,1,4,0,Solar Kit Off-Grid
,,1,12,kits,BRL,Neosolar,NEO-24119,,,,,1,Kit Energia Solar Off Grid s/ Inversor - 280Wp 220Ah 12V Chumbo (24119),,,280,1,0.28,280,0,,,draft,Solar Kit|Neosolar,1,1,1,0,Solar Kit Off-Grid
,,1,48,kits,BRL,Neosolar,NEO-24556,,,,,1,Kit Energia Solar Off Grid s/ Inversor - 1.17kWp 100Ah 48V Lítio (24556),,,585,2,1.17,1170,0,,,draft,Solar Kit|Neosolar,1,1,2,0,Solar Kit Off-Grid
,,2,48,kits,BRL,Neosolar,NEO-23939,,,,,1,Kit Energia Solar Off Grid s/ Inversor - 2.220Wp 100Ah 48V Lítio (23939),,,555,4,0.22,2220,0,,,draft,Solar Kit|Neosolar,2,1,4,0,Solar Kit Off-Grid
,,2,12,kits,BRL,Neosolar,NEO-23926,,,,,1,Kit Energia Solar Off Grid s/ Inversor - 480Wp 240Ah / 220Ah 12V Estacionária (23926),,,160,3,0.48,480,0,,,draft,Solar Kit|Neosolar,2,1,3,0,Solar Kit Off-Grid
,,2,12,kits,BRL,Neosolar,NEO-23932,,,,,1,Kit Energia Solar Off Grid s/ Inversor - 480Wp 240Ah / 220Ah 12V Estacionária (23932),,,160,3,0.48,480,0,,,draft,Solar Kit|Neosolar,2,1,3,0,Solar Kit Off-Grid
,,1,12,kits,BRL,Neosolar,NEO-24165,,,,,1,Kit Energia Solar Off Grid s/ Inversor - 320Wp 240Ah / 220Ah 12V Estacionária (23931),,,160,2,0.32,320,0,,,draft,Solar Kit|Neosolar,1,1,2,0,Solar Kit Off-Grid
,,4,12,kits,BRL,Neosolar,NEO-23936,,,,,1,Kit Energia Solar Off Grid s/ Inversor - 1.120Wp 240Ah / 220Ah 12V Estacionária (23936),,,160,7,0.12,1120,0,,,draft,Solar Kit|Neosolar,4,1,7,0,Solar Kit Off-Grid
,,2,48,kits,BRL,Neosolar,NEO-23938,,,,,1,Kit Energia Solar Off Grid s/ Inversor - 1.170Wp 105Ah 48V Lítio (23938),,,585,2,0.17,1170,0,,,draft,Solar Kit|Neosolar,2,1,2,0,Solar Kit Off-Grid
,,2,12,kits,BRL,Neosolar,NEO-22657,,,,,1,Kit Energia Solar Off Grid s/ Inversor - 330Wp 440Ah 12V Chumbo (22657),,,330,1,0.33,330,0,,,draft,Solar Kit|Neosolar,2,1,1,0,Solar Kit Off-Grid
,,1,12,kits,BRL,Neosolar,NEO-22656,,,,,1,Kit Energia Solar Off Grid s/ Inversor - 330Wp 220Ah 12V Chumbo (22656),,,330,1,0.33,330,0,,,draft,Solar Kit|Neosolar,1,1,1,0,Solar Kit Off-Grid
,,4,12,kits,BRL,Neosolar,NEO-22654,,,,,1,Kit Energia Solar Off Grid s/ Inversor - 560Wp 440Ah 24V Chumbo (22654),,,280,2,0.56,560,0,,,draft,Solar Kit|Neosolar,4,1,2,0,Solar Kit Off-Grid
,,2,12,kits,BRL,Neosolar,NEO-22653,,,,,1,Kit Energia Solar Off Grid s/ Inversor - 560Wp 220Ah 24V Chumbo (22653),,,280,2,0.56,560,0,,,draft,Solar Kit|Neosolar,2,1,2,0,Solar Kit Off-Grid
,,1,12,kits,BRL,Neosolar,NEO-22649,,,,,1,Kit Energia Solar Off Grid s/ Inversor - 280Wp 220Ah 12V Chumbo (22649),,,280,1,0.28,280,0,,,draft,Solar Kit|Neosolar,1,1,1,0,Solar Kit Off-Grid
,,4,12,kits,BRL,Neosolar,NEO-22631,,,,,1,Kit Energia Solar Off Grid s/ Inversor - 660Wp 300Ah 24V Chumbo (22631),,,330,2,0.66,660,0,,,draft,Solar Kit|Neosolar,4,1,2,0,Solar Kit Off-Grid
,,6,12,kits,BRL,Neosolar,NEO-22668,,,,,1,Kit Energia Solar Off Grid s/ Inversor - 1.12kWp 660Ah 24V Chumbo (22668),,,280,4,1.12,1120,0,,,draft,Solar Kit|Neosolar,6,1,4,0,Solar Kit Off-Grid
,,2,12,kits,BRL,Neosolar,NEO-22629,,,,,1,Kit Energia Solar Off Grid s/ Inversor - 330Wp 150Ah 24V Chumbo (22629),,,330,1,0.33,330,0,,,draft,Solar Kit|Neosolar,2,1,1,0,Solar Kit Off-Grid
,,6,48,kits,BRL,Neosolar,NEO-24551,,,,,,"Kit de Energia Solar Off Grid c/ Inv-car - 5,85kWp 600Ah 48/220V Lítio (24551)",,,585,10,85.0,5850,0,,,draft,Solar Kit|Neosolar,6,0,10,0,Solar Kit Off-Grid
,,4,48,kits,BRL,Neosolar,NEO-24553,,,,,,"Kit de Energia Solar Off Grid c/ Inv-car - 3,48kWp 400Ah 48/220V Lítio",,,435,8,48.0,3480,0,,,draft,Solar Kit|Neosolar,4,0,8,0,Solar Kit Off-Grid
,,8,48,kits,BRL,Neosolar,NEO-24615,,,,,,"Kit de Energia Solar Nobreak c/ Inv-car - 3,05kWp 440Ah 48/220V (24615)",,,435,7,5.0,3045,0,,,draft,Solar Kit|Neosolar,8,0,7,0,Solar Kit Off-Grid
,,2,48,kits,BRL,Neosolar,NEO-24549,,,,,,"Kit de Energia Solar Nobreak c/ Inv-car - 3,51kWp 200Ah 48/220V Lítio",,,585,6,51.0,3510,0,,,draft,Solar Kit|Neosolar,2,0,6,0,Solar Kit Off-Grid
,,12,12,kits,BRL,Neosolar,NEO-24758,,,,,,"Kit de Energia Solar Nobreak c/ Inv-car - 3,05kWp 220Ah 48/220V (24758)",,,610,5,5.0,3050,0,,,draft,Solar Kit|Neosolar,12,0,5,0,Solar Kit Off-Grid
,,4,12,kits,BRL,Neosolar,NEO-24756,,,,,,"Kit de Energia Solar Nobreak c/ Inv-car - 2,44kWp 220Ah 48/220V (24756)",,,610,4,44.0,2440,0,,,draft,Solar Kit|Neosolar,4,0,4,0,Solar Kit Off-Grid
,,4,12,kits,BRL,Neosolar,NEO-24757,,,,,,"Kit de Energia Solar Nobreak c/ Inv-car - 2,44kWp 220Ah 48/220V (24757)",,,610,4,44.0,2440,0,,,draft,Solar Kit|Neosolar,4,0,4,0,Solar Kit Off-Grid
,,1,48,kits,BRL,Neosolar,NEO-24760,,,,,,"Kit de Energia Solar Off Grid c/ Inv-car - 2,44kWp 100Ah 48/220V Lítio (24760)",,,610,4,44.0,2440,0,,,draft,Solar Kit|Neosolar,1,0,4,0,Solar Kit Off-Grid
,,12,48,kits,BRL,Neosolar,NEO-24448,,,,,,"Kit de Energia Solar Off Grid c/ Inversor Carregador - 2,61kWp 660Ah 48/220V (24448)",,,435,6,61.0,2610,0,,,draft,Solar Kit|Neosolar,12,0,6,0,Solar Kit Off-Grid
,,8,48,kits,BRL,Neosolar,NEO-24445,,,,,,"Kit de Energia Solar Nobreak c/ Inversor Carregador - 3,48kWp 440Ah 48/220V (24445)",,,435,8,48.0,3480,0,,,draft,Solar Kit|Neosolar,8,0,8,0,Solar Kit Off-Grid
,,8,12,kits,BRL,Neosolar,NEO-24436,,,,,,"Kit de Energia Solar Nobreak c/ Inv-car - 3,51kWp 440Ah 48/220V (24436)",,,585,6,51.0,3510,0,,,draft,Solar Kit|Neosolar,8,0,6,0,Solar Kit Off-Grid
,,12,12,kits,BRL,Neosolar,NEO-24437,,,,,,"Kit de Energia Solar Off Grid c/ Inv-car - 2,93kWp 660Ah 48/220V (24437)",,,585,5,93.0,2925,0,,,draft,Solar Kit|Neosolar,12,0,5,0,Solar Kit Off-Grid
,,,,kits,BRL,Neosolar,NEO-24057,,,,,,"Kit Nobreak Solar Híbrido Off-Grid UP6021 1,16kWp c/ Bateria de Chumbo (24057)",,,0,17,16.0,1170,0,,,draft,Solar Kit|Neosolar,0,0,19,0,Solar Kit Off-Grid
,,,,kits,BRL,Neosolar,NEO-24043,,,,,,"Kit Energia Solar Híbrido Off-Grid UP8042 2,90kWp c/ Bateria de Chumbo (24043)",,,0,90,90.0,2925,0,,,draft,Solar Kit|Neosolar,0,0,95,0,Solar Kit Off-Grid
,,,,kits,BRL,Neosolar,NEO-24041,,,,,,"Kit Energia Solar Híbrido Off-Grid UP8041 2,32kWp 15kWh c/ Bateria de Lítio (24041)",,,0,32,32.0,2340,0,,,draft,Solar Kit|Neosolar,0,0,36,0,Solar Kit Off-Grid
,,,,kits,BRL,Neosolar,NEO-24058,,,,,,"Kit Nobreak Solar Híbrido Off-Grid UP8042 4,09kWp c/ Bateria de Lítio (24058)",,,0,6,9.0,4095,0,,,draft,Solar Kit|Neosolar,0,0,13,0,Solar Kit Off-Grid
,,4,12,kits,BRL,Neosolar,NEO-22680,,,,,1,Kit Energia Solar Off Grid s/ Inversor - 1.16kWp 440Ah 24V Chumbo (22680),,,580,2,1.16,1160,0,,,draft,Solar Kit|Neosolar,4,1,2,0,Solar Kit Off-Grid
,,6,12,kits,BRL,Neosolar,NEO-22681,,,,,1,Kit Energia Solar Off Grid s/ Inversor - 1.16kWp 660Ah 24V Chumbo (22681),,,580,2,1.16,1160,0,,,draft,Solar Kit|Neosolar,6,1,2,0,Solar Kit Off-Grid
,,2,12,kits,BRL,Neosolar,NEO-22672,,,,,1,Kit Energia Solar Off Grid s/ Inversor - 660Wp 220Ah 24V Chumbo (22672),,,330,2,0.66,660,0,,,draft,Solar Kit|Neosolar,2,1,2,0,Solar Kit Off-Grid
,,2,12,kits,BRL,Neosolar,NEO-22660,,,,,1,Kit Energia Solar Off Grid s/ Inversor - 330Wp 200Ah 12V Lítio (22660),,,330,1,0.33,330,0,,,draft,Solar Kit|Neosolar,2,1,1,0,Solar Kit Off-Grid
,,,,kits,BRL,Neosolar,NEO-20208,,,,,2,Kit Energia Solar Off Grid c/ Bateria 660Wp - até 2495Wh/dia,,,,,0.66,0,0,,,draft,Solar Kit|Neosolar,0,2,0,0,Solar Kit Off-Grid
,,,,kits,BRL,Neosolar,NEO-21093,,,,,,Kit Energia Solar Off Grid c/ Bateria 990Wp - até 3119Wh/dia,,,,,0.99,0,0,,,draft,Solar Kit|Neosolar,0,0,0,0,Solar Kit Off-Grid
,,,,kits,BRL,Neosolar,NEO-21822,,,,,,Kit Energia Solar Off Grid c/ Bateria 155Wp - até 488Wh/dia,,,,,0.15,0,0,,,draft,Solar Kit|Neosolar,0,0,0,0,Solar Kit Off-Grid
,,1,6,kits,BRL,Neosolar,NEO-25175,,,,,1,Kit Energia Solar Off Grid - 610Wp 100Ah/24V Lítio 2000W/220V Ztroon,,,610,1,0.61,610,0,,,draft,Solar Kit|Neosolar,1,1,1,0,Solar Kit Off-Grid
,,1,6,kits,BRL,Neosolar,NEO-25174,,,,,1,Kit Energia Solar Off Grid - 610Wp 100Ah/24V Lítio 2000W/127V Ztroon,,,610,1,0.61,610,0,,,draft,Solar Kit|Neosolar,1,1,1,0,Solar Kit Off-Grid
,,,,kits,BRL,Neosolar,NEO-23471,,,,,,"Kit Energia Solar Híbrido Off-Grid UP5042 4,09kWp c/ Bateria de Chumbo",,,0,9,9.0,4095,0,,,draft,Solar Kit|Neosolar,0,0,16,0,Solar Kit Off-Grid
,,4,48,kits,BRL,Neosolar,NEO-24810,,,,,,"Kit de Energia Solar Off Grid c/ Inv-car - 3,48kWp 400Ah 48/220V Litio (24810)",,,435,8,48.0,3480,0,,,draft,Solar Kit|Neosolar,4,0,8,0,Solar Kit Off-Grid
,,5,48,kits,BRL,Neosolar,NEO-24554,,,,,,"Kit de Energia Solar Off Grid c/ Inv-car - 5,22kWp 500Ah 48/220V Lítio",,,435,12,22.0,5220,0,,,draft,Solar Kit|Neosolar,5,0,12,0,Solar Kit Off-Grid
,,,,kits,BRL,Neosolar,NEO-24049,,,,,,"Kit Nobreak Solar Híbrido Off-Grid UP5042 4,06kWp c/ Bateria de Lítio (24049)",,,0,32,6.0,4095,0,,,draft,Solar Kit|Neosolar,0,0,39,0,Solar Kit Off-Grid
,,,,kits,BRL,Neosolar,NEO-24032,,,,,,"Kit Energia Solar Híbrido Off-Grid UP5042 4,06kWp 20kWh c/ Bateria de Lítio",,,0,6,6.0,4095,0,,,draft,Solar Kit|Neosolar,0,0,13,0,Solar Kit Off-Grid
,,,,kits,BRL,Neosolar,NEO-24047,,,,,,"Kit Nobreak Solar Híbrido Off-Grid UP8041 3,48 kWp c/ Bateria de Lítio (24047)",,,0,48,48.0,3510,0,,,draft,Solar Kit|Neosolar,0,0,54,0,Solar Kit Off-Grid
,,1,6,kits,BRL,Neosolar,NEO-25177,,,,,1,Kit Energia Solar Off Grid - 610Wp 100Ah/24V Lítio 2000W/220V Epever,,,610,1,0.61,610,0,,,draft,Solar Kit|Neosolar,1,1,1,0,Solar Kit Off-Grid
,,1,6,kits,BRL,Neosolar,NEO-25172,,,,,1,Kit Energia Solar Off Grid - 610Wp 100Ah/24V Lítio 1000W/127V Ztroon,,,610,1,0.61,610,0,,,draft,Solar Kit|Neosolar,1,1,1,0,Solar Kit Off-Grid
,,1,6,kits,BRL,Neosolar,NEO-25173,,,,,1,Kit Energia Solar Off Grid - 610Wp 100Ah/24V Lítio 1000W/220V Ztroon,,,610,1,0.61,610,0,,,draft,Solar Kit|Neosolar,1,1,1,0,Solar Kit Off-Grid
,,,,kits,BRL,Neosolar,NEO-24039,,,,,,"Kit Energia Solar Híbrido Off-Grid UP5042 2,32kWp 10kWh c/ Bateria de Lítio (24039)",,,0,32,32.0,2340,0,,,draft,Solar Kit|Neosolar,0,0,36,0,Solar Kit Off-Grid
,,8,48,kits,BRL,Neosolar,NEO-24616,,,,,,"Kit de Energia Solar Nobreak c/ Inv-car - 3,05kWp 440Ah 48/220V (24616)",,,435,7,5.0,3045,0,,,draft,Solar Kit|Neosolar,8,0,7,0,Solar Kit Off-Grid
,,4,48,kits,BRL,Neosolar,NEO-24614,,,,,,"Kit de Energia Solar Nobreak c/ Inv-car - 1,74kWp 220Ah 48/220V (24614)",,,435,4,74.0,1740,0,,,draft,Solar Kit|Neosolar,4,0,4,0,Solar Kit Off-Grid
,,1,48,kits,BRL,Neosolar,NEO-24617,,,,,,"Kit de Energia Solar Nobreak c/ Inv-car - 1,74kWp 100Ah 48/220V Lítio",,,435,4,74.0,1740,0,,,draft,Solar Kit|Neosolar,1,0,4,0,Solar Kit Off-Grid
,,4,48,kits,BRL,Neosolar,NEO-24613,,,,,,"Kit de Energia Solar Nobreak c/ Inv-car - 1,74kWp 220Ah 48/220V (24613)",,,435,4,74.0,1740,0,,,draft,Solar Kit|Neosolar,4,0,4,0,Solar Kit Off-Grid
,,8,12,kits,BRL,Neosolar,NEO-24622,,,,,,"Kit de Energia Solar Off Grid c/ Inv-car - 2,61kWp 880Ah 24/220V",,,435,6,61.0,2610,0,,,draft,Solar Kit|Neosolar,8,0,6,0,Solar Kit Off-Grid
,,12,12,kits,BRL,Neosolar,NEO-24438,,,,,,"Kit de Energia Solar Off Grid c/ Inv-car - 2,93kWp 660Ah 48/220V (24438)",,,585,5,93.0,2925,0,,,draft,Solar Kit|Neosolar,12,0,5,0,Solar Kit Off-Grid
,,,,kits,BRL,Neosolar,NEO-24045,,,,,,"Kit Nobreak Solar Híbrido Off-Grid UP5042 2,34kWp c/ Bateria de Lítio (24045)",,,0,32,34.0,2340,0,,,draft,Solar Kit|Neosolar,0,0,36,0,Solar Kit Off-Grid
,,,,kits,BRL,Neosolar,NEO-23489,,,,,,"Kit Nobreak Solar Híbrido Off-Grid UP8042 4,09 kWp c/ Bateria de Chumbo",,,0,9,9.0,4095,0,,,draft,Solar Kit|Neosolar,0,0,16,0,Solar Kit Off-Grid
,,,,kits,BRL,Neosolar,NEO-23472,,,,,,"Kit Energia Solar Híbrido Off-Grid UP5042 4,09kWp 20kWh c/ Bateria de Lítio",,,0,9,9.0,4095,0,,,draft,Solar Kit|Neosolar,0,0,16,0,Solar Kit Off-Grid
,,,,kits,BRL,Neosolar,NEO-21749,,,,,,"Kit Nobreak Solar Híbrido Off-Grid UP6021 1,84kWp c/ Bateria de Chumbo",,,0,84,84.0,1840,0,,,draft,Solar Kit|Neosolar,0,0,88,0,Solar Kit Off-Grid
,,2,48,kits,BRL,Neosolar,NEO-25200,,,,,1,"Kit Energia Solar Off Grid - 2,44kWp 105Ah/48V Lítio 2000W/127V Epever",,,610,4,44.0,2440,0,,,draft,Solar Kit|Neosolar,2,1,4,0,Solar Kit Off-Grid
,,2,48,kits,BRL,Neosolar,NEO-25201,,,,,1,"Kit Energia Solar Off Grid - 2,44kWp 105Ah/48V Lítio 2000W/220V Epever",,,610,4,44.0,2440,0,,,draft,Solar Kit|Neosolar,2,1,4,0,Solar Kit Off-Grid
,,1,48,kits,BRL,Neosolar,NEO-25197,,,,,1,"Kit Energia Solar Off Grid - 1,22kWp 105Ah/48V Lítio 2000W/220V Epever",,,610,2,22.0,1220,0,,,draft,Solar Kit|Neosolar,1,1,2,0,Solar Kit Off-Grid
,,1,48,kits,BRL,Neosolar,NEO-25196,,,,,1,"Kit Energia Solar Off Grid - 1,22kWp 105Ah/48V Lítio 2000W/127V Epever",,,610,2,22.0,1220,0,,,draft,Solar Kit|Neosolar,1,1,2,0,Solar Kit Off-Grid
,,1,48,kits,BRL,Neosolar,NEO-25198,,,,,1,"Kit Energia Solar Off Grid - 1,74kWp 105Ah/48V Lítio 2000W/127V Epever",,,435,4,74.0,1740,9864.46,,,draft,Solar Kit|Neosolar,1,1,4,0,Solar Kit Off-Grid
,,1,48,kits,BRL,Neosolar,NEO-25199,,,,,1,"Kit Energia Solar Off Grid - 1,74kWp 105Ah/48V Lítio 2000W/220V Epever",,,435,4,74.0,1740,9864.46,,,draft,Solar Kit|Neosolar,1,1,4,0,Solar Kit Off-Grid
,,4,12,kits,BRL,Neosolar,NEO-22667,,,,,1,Kit Energia Solar Off Grid s/ Inversor - 1.16kWp 440Ah 24V Chumbo (22667),,,580,2,1.16,1160,0,,,draft,Solar Kit|Neosolar,4,1,2,0,Solar Kit Off-Grid
,,2,12,kits,BRL,Neosolar,NEO-22678,,,,,1,Kit Energia Solar Off Grid s/ Inversor - 580Wp 440Ah 12V Chumbo (22678),,,580,1,0.58,580,0,,,draft,Solar Kit|Neosolar,2,1,1,0,Solar Kit Off-Grid
,,4,12,kits,BRL,Neosolar,NEO-22674,,,,,1,Kit Energia Solar Off Grid s/ Inversor - 1.38kWp 220Ah 48V Chumbo (22674),,,460,3,1.38,1380,0,,,draft,Solar Kit|Neosolar,4,1,3,0,Solar Kit Off-Grid
,,8,12,kits,BRL,Neosolar,NEO-22648,,,,,1,Kit Energia Solar Off Grid s/ Inversor - 1.98kWp 880Ah 24V Chumbo (22648),,,330,6,1.98,1980,0,,,draft,Solar Kit|Neosolar,8,1,6,0,Solar Kit Off-Grid
,,4,12,kits,BRL,Neosolar,NEO-22673,,,,,1,Kit Energia Solar Off Grid s/ Inversor - 660Wp 440Ah 24V Chumbo (22673),,,330,2,0.66,660,0,,,draft,Solar Kit|Neosolar,4,1,2,0,Solar Kit Off-Grid
,,1,12,kits,BRL,Neosolar,NEO-22670,,,,,1,Kit Energia Solar Off Grid s/ Inversor - 330Wp 220Ah 12V Chumbo (22670),,,330,1,0.33,330,0,,,draft,Solar Kit|Neosolar,1,1,1,0,Solar Kit Off-Grid
,,2,48,kits,BRL,Neosolar,NEO-22688,,,,,1,Kit Energia Solar Off Grid s/ Inversor - 2.32kWp 200Ah 48V Lítio (22688),,,580,4,2.32,2320,0,,,draft,Solar Kit|Neosolar,2,1,4,0,Solar Kit Off-Grid
,,2,48,kits,BRL,Neosolar,NEO-22687,,,,,1,Kit Energia Solar Off Grid s/ Inversor - 1.16kWp 200Ah 48V Lítio (22687),,,580,2,1.16,1160,0,,,draft,Solar Kit|Neosolar,2,1,2,0,Solar Kit Off-Grid
,,6,12,kits,BRL,Neosolar,NEO-22647,,,,,1,Kit Energia Solar Off Grid s/ Inversor - 1.65kWp 660Ah 24V Chumbo (22647),,,330,5,1.65,1650,0,,,draft,Solar Kit|Neosolar,6,1,5,0,Solar Kit Off-Grid
,,5,48,kits,BRL,Neosolar,NEO-24811,,,,,,"Kit de Energia Solar Off Grid c/ Inv-car - 5,22kWp 500Ah 48/220V Litio (24811)",,,435,12,22.0,5220,0,,,draft,Solar Kit|Neosolar,5,0,12,0,Solar Kit Off-Grid
,,1,48,kits,BRL,Neosolar,NEO-24552,,,,,,"Kit de Energia Solar Nobreak c/ Inv-car - 2,17kWp 100Ah 48/220V Lítio",,,435,5,17.0,2175,0,,,draft,Solar Kit|Neosolar,1,0,5,0,Solar Kit Off-Grid
,,1,48,kits,BRL,Neosolar,NEO-24808,,,,,,"Kit de Energia Solar Nobreak c/ Inv-car - 2,18kWp 100Ah 48/220V Litio (24808)",,,435,5,18.0,2175,0,,,draft,Solar Kit|Neosolar,1,0,5,0,Solar Kit Off-Grid
,,4,6,kits,BRL,Neosolar,NEO-24774,,,,,,"Kit de Energia Solar Off Grid c/ Inv-car - 2,44kWp 100Ah 24/220V Lítio (24774)",,,610,4,44.0,2440,0,,,draft,Solar Kit|Neosolar,4,0,4,0,Solar Kit Off-Grid
,,5,48,kits,BRL,Neosolar,NEO-24814,,,,,,"Kit de Energia Solar Off Grid c/ Inv-car - 6,1kWp 100Ah 48/220V Lítio (24814)",,,610,10,1.0,6100,0,,,draft,Solar Kit|Neosolar,5,0,10,0,Solar Kit Off-Grid
,,1,48,kits,BRL,Neosolar,NEO-24812,,,,,,"Kit de Energia Solar Off Grid c/ Inv-car - 2,44kWp 100Ah 48/220V Lítio (24812)",,,610,4,44.0,2440,0,,,draft,Solar Kit|Neosolar,1,0,4,0,Solar Kit Off-Grid
,,2,48,kits,BRL,Neosolar,NEO-24809,,,,,,"Kit de Energia Solar Off Grid c/ Inv-car - 1,74kWp 200Ah 48/220V Litio (24809)",,,435,4,74.0,1740,0,,,draft,Solar Kit|Neosolar,2,0,4,0,Solar Kit Off-Grid
,,,,kits,BRL,Neosolar,NEO-24037,,,,,,"Kit Energia Solar Híbrido Off-Grid UP5042 3,48kWp 15kWh c/ Bateria de Lítio (24037)",,,0,48,48.0,3510,0,,,draft,Solar Kit|Neosolar,0,0,54,0,Solar Kit Off-Grid
,,8,48,kits,BRL,Neosolar,NEO-24446,,,,,,"Kit de Energia Solar Nobreak c/ Inversor Carregador - 3,48kWp 440Ah 48/220V (24446)",,,435,8,48.0,3480,0,,,draft,Solar Kit|Neosolar,8,0,8,0,Solar Kit Off-Grid
,,8,12,kits,BRL,Neosolar,NEO-24623,,,,,,"Kit de Energia Solar Off Grid c/ Inv-car - 2,61kWp 880Ah 24/220V",,,435,6,61.0,2610,0,,,draft,Solar Kit|Neosolar,8,0,6,0,Solar Kit Off-Grid
,,2,48,kits,BRL,Neosolar,NEO-24813,,,,,,"Kit de Energia Solar Off Grid c/ Inv-car - 1,83kWp 100Ah 48/220V Lítio (24813)",,,610,3,83.0,1830,0,,,draft,Solar Kit|Neosolar,2,0,3,0,Solar Kit Off-Grid
,,14,12,kits,BRL,Neosolar,NEO-24768,,,,,,"Kit de Energia Solar Nobreak c/ Inv-car - 4,27kWp 220Ah 24/220V (24768)",,,610,7,27.0,4270,0,,,draft,Solar Kit|Neosolar,14,0,7,0,Solar Kit Off-Grid
,,12,12,kits,BRL,Neosolar,NEO-24759,,,,,,"Kit de Energia Solar Nobreak c/ Inv-car - 3,05kWp 220Ah 48/220V (24759)",,,610,5,5.0,3050,0,,,draft,Solar Kit|Neosolar,12,0,5,0,Solar Kit Off-Grid
,,8,12,kits,BRL,Neosolar,NEO-24766,,,,,,"Kit de Energia Solar Nobreak c/ Inv-car - 2,44kWp 220Ah 24/220V (24766)",,,610,4,44.0,2440,0,,,draft,Solar Kit|Neosolar,8,0,4,0,Solar Kit Off-Grid
,,2,48,kits,BRL,Neosolar,NEO-24761,,,,,,"Kit de Energia Solar Off Grid c/ Inv-car - 1,83kWp 100Ah 48/220V Lítio (24761)",,,610,3,83.0,1830,0,,,draft,Solar Kit|Neosolar,2,0,3,0,Solar Kit Off-Grid
,,2,48,kits,BRL,Neosolar,NEO-24618,,,,,,"Kit de Energia Solar Nobreak c/ Inv-car - 3,05kWp 200Ah 48/220V Lítio (24618)",,,435,7,5.0,3045,0,,,draft,Solar Kit|Neosolar,2,0,7,0,Solar Kit Off-Grid
,,1,48,kits,BRL,Neosolar,NEO-24548,,,,,,"Kit de Energia Solar Nobreak c/ Inv-car - 2,34kWp 100Ah 48/220V Lítio",,,585,4,34.0,2340,0,,,draft,Solar Kit|Neosolar,1,0,4,0,Solar Kit Off-Grid
,,3,48,kits,BRL,Neosolar,NEO-24550,,,,,,"Kit de Energia Solar Off Grid c/ Inv-car - 2,93kWp 300Ah 48/220V Lítio",,,585,5,93.0,2925,0,,,draft,Solar Kit|Neosolar,3,0,5,0,Solar Kit Off-Grid
,,,,kits,BRL,Neosolar,NEO-24038,,,,,,"Kit Energia Solar Híbrido Off-Grid UP8041 3,48kWp c/ Bateria de Chumbo (24038)",,,0,48,48.0,3510,0,,,draft,Solar Kit|Neosolar,0,0,54,0,Solar Kit Off-Grid
,,,,kits,BRL,Neosolar,NEO-24048,,,,,,"Kit Nobreak Solar Híbrido Off-Grid UP5042 4,06 kWp c/ Bateria de Chumbo (24048)",,,0,6,6.0,4095,0,,,draft,Solar Kit|Neosolar,0,0,13,0,Solar Kit Off-Grid
,,,,kits,BRL,Neosolar,NEO-24051,,,,,,"Kit Nobreak Solar Híbrido Off-Grid UP8042 2,90kWp c/ Bateria de Lítio (24051)",,,0,90,90.0,2925,0,,,draft,Solar Kit|Neosolar,0,0,95,0,Solar Kit Off-Grid
,,,,kits,BRL,Neosolar,NEO-24053,,,,,,"Kit Nobreak Solar Híbrido Off-Grid UP5042 3,51 kWp c/ Bateria de Chumbo (24053)",,,0,48,51.0,3510,0,,,draft,Solar Kit|Neosolar,0,0,54,0,Solar Kit Off-Grid
,,,,kits,BRL,Neosolar,NEO-24033,,,,,,"Kit Energia Solar Híbrido Off-Grid UP8042 4,06kWp c/ Bateria de Chumbo (24033)",,,0,6,6.0,4095,0,,,draft,Solar Kit|Neosolar,0,0,13,0,Solar Kit Off-Grid
,,,,kits,BRL,Neosolar,NEO-24056,,,,,,"Kit Nobreak Solar Híbrido Off-Grid UP8041 2,34 kWp c/ Bateria de Chumbo (24056)",,,0,32,34.0,2340,0,,,draft,Solar Kit|Neosolar,0,0,36,0,Solar Kit Off-Grid
,,,,kits,BRL,Neosolar,NEO-24035,,,,,,"Kit Energia Solar Híbrido Off-Grid UP8042 4,06kWp 25kWh c/ Bateria de Lítio (24035)",,,0,6,6.0,4095,0,,,draft,Solar Kit|Neosolar,0,0,13,0,Solar Kit Off-Grid
,,12,12,kits,BRL,Neosolar,NEO-22683,,,,,1,Kit Energia Solar Off Grid s/ Inversor - 2.32kWp 660Ah 48V Chumbo (22683),,,580,4,2.32,2320,0,,,draft,Solar Kit|Neosolar,12,1,4,0,Solar Kit Off-Grid
,,2,12,kits,BRL,Neosolar,NEO-24308,,,,,1,Kit Energia Solar Off Grid s/ Inversor - 560Wp 220Ah 24V Chumbo (22653),,,280,2,0.56,560,0,,,draft,Solar Kit|Neosolar,2,1,2,0,Solar Kit Off-Grid
,,1,12,kits,BRL,Neosolar,NEO-23925,,,,,1,Kit Energia Solar Off Grid s/ Inversor - 320Wp 240Ah / 220Ah 12V Estacionária (23925),,,160,2,0.32,320,0,,,draft,Solar Kit|Neosolar,1,1,2,0,Solar Kit Off-Grid
,,1,12,kits,BRL,Neosolar,NEO-24317,,,,,1,Kit Energia Solar Off Grid s/ Inversor - 160Wp 165Ah / 150Ah 12V Estacionária (24317),,,160,1,0.16,160,0,,,draft,Solar Kit|Neosolar,1,1,1,0,Solar Kit Off-Grid
,,1,12,kits,BRL,Neosolar,NEO-23931,,,,,1,Kit Energia Solar Off Grid s/ Inversor - 320Wp 240Ah / 220Ah 12V Estacionária (23931),,,160,2,0.32,320,0,,,draft,Solar Kit|Neosolar,1,1,2,0,Solar Kit Off-Grid
,,3,12,kits,BRL,Neosolar,NEO-23935,,,,,1,Kit Energia Solar Off Grid s/ Inversor - 960Wp 240Ah / 220Ah 12V Estacionária (23935),,,160,6,0.96,960,0,,,draft,Solar Kit|Neosolar,3,1,6,0,Solar Kit Off-Grid
,,3,12,kits,BRL,Neosolar,NEO-23934,,,,,1,Kit Energia Solar Off Grid s/ Inversor - 800Wp 240Ah / 220Ah 12V Estacionária (23934),,,160,5,0.8,800,0,,,draft,Solar Kit|Neosolar,3,1,5,0,Solar Kit Off-Grid
,,1,12,kits,BRL,Neosolar,NEO-23922,,,,,1,Kit Energia Solar Off Grid s/ Inversor - 60Wp 115/105h 12V Estacionária (23922),,,60,1,0.06,60,0,,,draft,Solar Kit|Neosolar,1,1,1,0,Solar Kit Off-Grid
,,2,12,kits,BRL,Neosolar,NEO-22636,,,,,1,Kit Energia Solar Off Grid s/ Inversor - 330Wp 150Ah 24V Chumbo (22636),,,330,1,0.33,330,0,,,draft,Solar Kit|Neosolar,2,1,1,0,Solar Kit Off-Grid
,,4,12,kits,BRL,Neosolar,NEO-22641,,,,,1,Kit Energia Solar Off Grid s/ Inversor - 990Wp 440Ah 24V Chumbo (22641),,,330,3,0.99,990,0,,,draft,Solar Kit|Neosolar,4,1,3,0,Solar Kit Off-Grid
,,2,12,kits,BRL,Neosolar,NEO-22639,,,,,1,Kit Energia Solar Off Grid s/ Inversor - 660Wp 220Ah 24V Chumbo (22639),,,330,2,0.66,660,0,,,draft,Solar Kit|Neosolar,2,1,2,0,Solar Kit Off-Grid
,,6,12,kits,BRL,Neosolar,NEO-22644,,,,,1,Kit Energia Solar Off Grid s/ Inversor - 1.32kWp 660Ah 24V Chumbo (22644),,,330,4,1.32,1320,0,,,draft,Solar Kit|Neosolar,6,1,4,0,Solar Kit Off-Grid
,,4,12,kits,BRL,Neosolar,NEO-22662,,,,,1,Kit Energia Solar Off Grid s/ Inversor - 660Wp 440Ah 24V Chumbo (22662),,,330,2,0.66,660,0,,,draft,Solar Kit|Neosolar,4,1,2,0,Solar Kit Off-Grid
,,2,12,kits,BRL,Neosolar,NEO-22661,,,,,1,Kit Energia Solar Off Grid s/ Inversor - 660Wp 220Ah 24V Chumbo (22661),,,330,2,0.66,660,0,,,draft,Solar Kit|Neosolar,2,1,2,0,Solar Kit Off-Grid
,,2,12,kits,BRL,Neosolar,NEO-22650,,,,,1,Kit Energia Solar Off Grid s/ Inversor - 280Wp 440Ah 12V Chumbo (22650),,,280,1,0.28,280,0,,,draft,Solar Kit|Neosolar,2,1,1,0,Solar Kit Off-Grid
,,2,12,kits,BRL,Neosolar,NEO-22632,,,,,1,Kit Energia Solar Off Grid s/ Inversor - 660Wp 220Ah 24V Chumbo (22632),,,330,2,0.66,660,0,,,draft,Solar Kit|Neosolar,2,1,2,0,Solar Kit Off-Grid
,,3,12,kits,BRL,Neosolar,NEO-22664,,,,,1,Kit Energia Solar Off Grid s/ Inversor - 560Wp 660Ah 12V Chumbo (22664),,,280,2,0.56,560,0,,,draft,Solar Kit|Neosolar,3,1,2,0,Solar Kit Off-Grid
,,4,12,kits,BRL,Neosolar,NEO-24434,,,,,,"Kit de Energia Solar Nobreak c/ Inv-car - 2,34kWp 220Ah 48/220V (24434)",,,585,4,34.0,2340,0,,,draft,Solar Kit|Neosolar,4,0,4,0,Solar Kit Off-Grid
,,4,6,kits,BRL,Neosolar,NEO-24625,,,,,,"Kit de Energia Solar Off Grid c/ Inv-car - 2,18kWp 400Ah 24/220V Lítio",,,435,5,18.0,2175,0,,,draft,Solar Kit|Neosolar,4,0,5,0,Solar Kit Off-Grid
,,12,48,kits,BRL,Neosolar,NEO-24447,,,,,,"Kit de Energia Solar Off Grid c/ Inversor Carregador - 2,61kWp 660Ah 48/220V (24447)",,,435,6,61.0,2610,0,,,draft,Solar Kit|Neosolar,12,0,6,0,Solar Kit Off-Grid
,,3,48,kits,BRL,Neosolar,NEO-24619,,,,,,"Kit de Energia Solar Off Grid c/ Inv-car - 2,61kWp 300Ah 48/220V Lítio (24619)",,,435,6,61.0,2610,0,,,draft,Solar Kit|Neosolar,3,0,6,0,Solar Kit Off-Grid
,,2,12,kits,BRL,Neosolar,NEO-24621,,,,,,"Kit de Energia Solar Nobreak c/ Inv-car - 1,74kWp 220Ah 24/220V",,,435,4,74.0,1740,0,,,draft,Solar Kit|Neosolar,2,0,4,0,Solar Kit Off-Grid
,,4,12,kits,BRL,Neosolar,NEO-24433,,,,,,"Kit de Energia Solar Nobreak c/ Inv-car - 2,34kWp 220Ah 48/220V (24433)",,,585,4,34.0,2340,0,,,draft,Solar Kit|Neosolar,4,0,4,0,Solar Kit Off-Grid
,,5,48,kits,BRL,Neosolar,NEO-24762,,,,,,"Kit de Energia Solar Off Grid c/ Inv-car - 6,1kWp 100Ah 48/220V Lítio (24762)",,,610,10,1.0,6100,0,,,draft,Solar Kit|Neosolar,5,0,10,0,Solar Kit Off-Grid
,,,,kits,BRL,Neosolar,NEO-24036,,,,,,"Kit Energia Solar Híbrido Off-Grid UP8042 3,48kWp 15kWh c/ Bateria de Lítio (24036)",,,0,48,48.0,3510,0,,,draft,Solar Kit|Neosolar,0,0,54,0,Solar Kit Off-Grid
,,,,kits,BRL,Neosolar,NEO-23477,,,,,,"Kit Energia Solar Híbrido Off-Grid UP5042 3,51kWp 15kWh c/ Bateria de Lítio",,,0,51,51.0,3510,0,,,draft,Solar Kit|Neosolar,0,0,57,0,Solar Kit Off-Grid
,,,,kits,BRL,Neosolar,NEO-23478,,,,,,"Kit Energia Solar Híbrido Off-Grid UP8041 3,51kWp c/ Bateria de Chumbo",,,0,51,51.0,3510,0,,,draft,Solar Kit|Neosolar,0,0,57,0,Solar Kit Off-Grid
,,,,kits,BRL,Neosolar,NEO-23480,,,,,,"Kit Energia Solar Híbrido Off-Grid UP8041 2,34kWp 10kWh c/ Bateria de Lítio",,,0,34,34.0,2340,0,,,draft,Solar Kit|Neosolar,0,0,38,0,Solar Kit Off-Grid
,,,,kits,BRL,Neosolar,NEO-23588,,,,,,"Kit Energia Solar Híbrido Off-Grid UP8041 2,34kWp 15kWh c/ Bateria de Lítio",,,0,34,34.0,2340,0,,,draft,Solar Kit|Neosolar,0,0,38,0,Solar Kit Off-Grid
,,,,kits,BRL,Neosolar,NEO-23490,,,,,,"Kit Nobreak Solar Híbrido Off-Grid UP8042 2,92kWp c/ Bateria de Lítio",,,0,92,92.0,2925,0,,,draft,Solar Kit|Neosolar,0,0,97,0,Solar Kit Off-Grid
,,,,kits,BRL,Neosolar,NEO-23485,,,,,,"Kit Nobreak Solar Híbrido Off-Grid UP8042 2,34 kWp c/ Bateria de Chumbo",,,0,34,34.0,2340,0,,,draft,Solar Kit|Neosolar,0,0,38,0,Solar Kit Off-Grid
,,,,kits,BRL,Neosolar,NEO-23482,,,,,,"Kit Energia Solar Híbrido Off-Grid UP8042 2,92kWp c/ Bateria de Chumbo",,,0,92,92.0,2925,0,,,draft,Solar Kit|Neosolar,0,0,97,0,Solar Kit Off-Grid
,,,,kits,BRL,Neosolar,NEO-24042,,,,,,"Kit Energia Solar Híbrido Off-Grid UP8041 2,32kWp c/ Bateria de Chumbo (24042)",,,0,32,32.0,2340,0,,,draft,Solar Kit|Neosolar,0,0,36,0,Solar Kit Off-Grid
,,,,kits,BRL,Neosolar,NEO-24040,,,,,,"Kit Energia Solar Híbrido Off-Grid UP8041 2,32kWp 10kWh c/ Bateria de Lítio (24040)",,,0,32,32.0,2340,0,,,draft,Solar Kit|Neosolar,0,0,36,0,Solar Kit Off-Grid
,,1,12,kits,BRL,Neosolar,NEO-22659,,,,,1,Kit Energia Solar Off Grid s/ Inversor - 330Wp 100Ah 12V Lítio (22659),,,330,1,0.33,330,0,,,draft,Solar Kit|Neosolar,1,1,1,0,Solar Kit Off-Grid
,,2,48,kits,BRL,Neosolar,NEO-25058,,,,,1,"Kit Energia Solar Off Grid - 2,44kWp 105Ah/48V Lítio (25058)",,,610,4,44.0,2440,0,,,draft,Solar Kit|Neosolar,2,1,4,0,Solar Kit Off-Grid
,,3,48,kits,BRL,Neosolar,NEO-22695,,,,,1,Kit Energia Solar Off Grid s/ Inversor - 2.32kWp 300Ah 48V Lítio (22695),,,580,4,2.32,2320,0,,,draft,Solar Kit|Neosolar,3,1,4,0,Solar Kit Off-Grid
,,2,48,kits,BRL,Neosolar,NEO-22693,,,,,1,Kit Energia Solar Off Grid s/ Inversor - 1.16kWp 200Ah 48V Lítio (22693),,,580,2,1.16,1160,0,,,draft,Solar Kit|Neosolar,2,1,2,0,Solar Kit Off-Grid
,,1,48,kits,BRL,Neosolar,NEO-22686,,,,,1,Kit Energia Solar Off Grid s/ Inversor - 1.16kWp 100Ah 48V Lítio (22686),,,580,2,1.16,1160,0,,,draft,Solar Kit|Neosolar,1,1,2,0,Solar Kit Off-Grid
,,1,48,kits,BRL,Neosolar,NEO-25057,,,,,1,"Kit Energia Solar Off Grid - 1,74kWp 105Ah/48V Lítio (25057)",,,435,4,74.0,1740,7529.05,,,draft,Solar Kit|Neosolar,1,1,4,0,Solar Kit Off-Grid
,,1,48,kits,BRL,Neosolar,NEO-25056,,,,,1,"Kit Energia Solar Off Grid - 1,22kWp 105Ah/48V Lítio (25056)",,,610,2,22.0,1220,0,,,draft,Solar Kit|Neosolar,1,1,2,0,Solar Kit Off-Grid
,,2,12,kits,BRL,Neosolar,NEO-25054,,,,,1,Kit Energia Solar Off Grid - 870Wp 220Ah/24V (25054),,,435,2,0.87,870,0,,,draft,Solar Kit|Neosolar,2,1,2,0,Solar Kit Off-Grid
,,1,6,kits,BRL,Neosolar,NEO-25051,,,,,1,Kit Energia Solar Off Grid - 610Wp 100Ah/24V Lítio (25051),,,610,1,0.61,610,5605.06,,,draft,Solar Kit|Neosolar,1,1,1,0,Solar Kit Off-Grid
,,2,12,kits,BRL,Neosolar,NEO-25052,,,,,1,Kit Energia Solar Off Grid - 435Wp 300Ah/12V (25052),,,435,1,0.43,435,0,,,draft,Solar Kit|Neosolar,2,1,1,0,Solar Kit Off-Grid
,,1,12,kits,BRL,Neosolar,NEO-25046,https://portal.zydon.com.br/api/files/7b6f0b2b-afd9-4fa1-8956-5e84a158ca26/content?ingress=portalb2b.neosolar.com.br,,,,1,Kit Energia Solar Off Grid - 160Wp 105Ah/12V (25046),,,160,1,0.16,160,1423.43,,,draft,Solar Kit|Neosolar,1,1,1,0,Solar Kit Off-Grid
,,2,48,kits,BRL,Neosolar,NEO-22691,https://portal.zydon.com.br/api/files/48e603cd-6d4c-4263-ba93-96468c7f7cd1/content?ingress=portalb2b.neosolar.com.br,,,,1,Kit Energia Solar Off Grid s/ Inversor - 1.38kWp 200Ah 48V Lítio (22691),,,460,3,1.38,1380,0,,,draft,Solar Kit|Neosolar,2,1,3,0,Solar Kit Off-Grid
,,1,48,kits,BRL,Neosolar,NEO-22690,https://portal.zydon.com.br/api/files/6718996f-f280-43a1-ae3e-0ec159034560/content?ingress=portalb2b.neosolar.com.br,,,,1,Kit Energia Solar Off Grid s/ Inversor - 1.38kWp 100Ah 48V Lítio (22690),,,460,3,1.38,1380,0,,,draft,Solar Kit|Neosolar,1,1,3,0,Solar Kit Off-Grid
,,8,12,kits,BRL,Neosolar,NEO-22675,,,,,1,Kit Energia Solar Off Grid s/ Inversor - 1.38kWp 440Ah 48V Chumbo (22675),,,460,3,1.38,1380,0,,,draft,Solar Kit|Neosolar,8,1,3,0,Solar Kit Off-Grid
,,2,12,kits,BRL,Neosolar,NEO-22671,,,,,1,Kit Energia Solar Off Grid s/ Inversor - 330Wp 440Ah 12V Chumbo (22671),,,330,1,0.33,330,0,,,draft,Solar Kit|Neosolar,2,1,1,0,Solar Kit Off-Grid
,,3,48,kits,BRL,Neosolar,NEO-22689,,,,,1,Kit Energia Solar Off Grid s/ Inversor - 2.32kWp 300Ah 48V Lítio (22689),,,580,4,2.32,2320,0,,,draft,Solar Kit|Neosolar,3,1,4,0,Solar Kit Off-Grid
,,2,48,kits,BRL,Neosolar,NEO-22685,,,,,1,Kit Energia Solar Off Grid s/ Inversor - 1.38kWp 200Ah 48V Lítio (22685),,,460,3,1.38,1380,0,,,draft,Solar Kit|Neosolar,2,1,3,0,Solar Kit Off-Grid
,,1,48,kits,BRL,Neosolar,NEO-22684,,,,,1,Kit Energia Solar Off Grid s/ Inversor - 1.38kWp 100Ah 48V Lítio (22684),,,460,3,1.38,1380,0,,,draft,Solar Kit|Neosolar,1,1,3,0,Solar Kit Off-Grid
,,1,48,kits,BRL,Neosolar,NEO-22692,,,,,1,Kit Energia Solar Off Grid s/ Inversor - 1.16kWp 100Ah 48V Lítio (22692),,,580,2,1.16,1160,0,,,draft,Solar Kit|Neosolar,1,1,2,0,Solar Kit Off-Grid
,,8,12,kits,BRL,Neosolar,NEO-22677,,,,,1,Kit Energia Solar Off Grid s/ Inversor - 1.16kWp 440Ah 48V Chumbo (22677),,,580,2,1.16,1160,0,,,draft,Solar Kit|Neosolar,8,1,2,0,Solar Kit Off-Grid
,,4,12,kits,BRL,Neosolar,NEO-22676,,,,,1,Kit Energia Solar Off Grid s/ Inversor - 1.16kWp 220Ah 48V Chumbo (22676),,,580,2,1.16,1160,0,,,draft,Solar Kit|Neosolar,4,1,2,0,Solar Kit Off-Grid
,,3,12,kits,BRL,Neosolar,NEO-22679,,,,,1,Kit Energia Solar Off Grid s/ Inversor - 580Wp 660Ah 12V Chumbo (22679),,,580,1,0.58,580,0,,,draft,Solar Kit|Neosolar,3,1,1,0,Solar Kit Off-Grid
,,2,12,kits,BRL,Neosolar,NEO-22663,,,,,1,Kit Energia Solar Off Grid s/ Inversor - 580Wp 440Ah 12V Chumbo (22663),,,580,1,0.58,580,0,,,draft,Solar Kit|Neosolar,2,1,1,0,Solar Kit Off-Grid
,,4,12,kits,BRL,Neosolar,NEO-26689,,,,,,"Kit de Energia Solar c/ Inv-car - 2,48kWp 220Ah 48/220V",,,620,4,48.0,2480,0,,,draft,Solar Kit|Neosolar,4,0,4,0,Solar Kit Off-Grid
,,16,12,kits,BRL,Neosolar,NEO-26693,,,,,,"Kit de Energia Solar c/ Inv-car - 3,72kWp 220Ah 48/220V",,,620,6,72.0,3720,0,,,draft,Solar Kit|Neosolar,16,0,6,0,Solar Kit Off-Grid
,,12,12,kits,BRL,Neosolar,NEO-26692,,,,,,"Kit de Energia Solar c/ Inv-car - 3,10kWp 220Ah 48/220V",,,620,5,10.0,3100,0,,,draft,Solar Kit|Neosolar,12,0,5,0,Solar Kit Off-Grid
,,8,12,kits,BRL,Neosolar,NEO-26690,,,,,,"Kit de Energia Solar c/ Inv-car - 3,72kWp 220Ah 48/220V",,,620,6,72.0,3720,0,,,draft,Solar Kit|Neosolar,8,0,6,0,Solar Kit Off-Grid
,,8,12,kits,BRL,Neosolar,NEO-26691,,,,,,"Kit de Energia Solar c/ Inv-car - 1,86kWp 220Ah 48/220V",,,620,3,86.0,1860,0,,,draft,Solar Kit|Neosolar,8,0,3,0,Solar Kit Off-Grid
