battery_capacity_kwh,battery_manufacturer,battery_quantity,battery_voltage_v,category,currency,distributor,id,image_url,inverter_image,inverter_manufacturer,inverter_power_kw,inverter_quantity,name,panel_image,panel_manufacturer,panel_power_w,panel_quantity,power_kwp,power_watts,price_brl,price_per_wp,source_csv,status,tags,total_batteries,total_inverters,total_panels,total_structures,type
,,1,12,kits,BRL,Neosolar,NEO-25046,https://portal.zydon.com.br/api/files/7b6f0b2b-afd9-4fa1-8956-5e84a158ca26/content?ingress=portalb2b.neosolar.com.br,,,,1,Kit Energia Solar Off Grid - 160Wp 105Ah/12V (25046),,,160,1,0.16,160,1423.43,,,draft,Solar Kit|Neosolar,1,1,1,0,Solar Kit Off-Grid
,,2,48,kits,BRL,Neosolar,NEO-22691,https://portal.zydon.com.br/api/files/48e603cd-6d4c-4263-ba93-96468c7f7cd1/content?ingress=portalb2b.neosolar.com.br,,,,1,Kit Energia Solar Off Grid s/ Inversor - 1.38kWp 200Ah 48V Lítio (22691),,,460,3,1.38,1380,0,,,draft,Solar Kit|Neosolar,2,1,3,0,Solar Kit Off-Grid
,,1,48,kits,BRL,Neosolar,NEO-22690,https://portal.zydon.com.br/api/files/6718996f-f280-43a1-ae3e-0ec159034560/content?ingress=portalb2b.neosolar.com.br,,,,1,Kit Energia Solar Off Grid s/ Inversor - 1.38kWp 100Ah 48V Lítio (22690),,,460,3,1.38,1380,0,,,draft,Solar Kit|Neosolar,1,1,3,0,Solar Kit Off-Grid
,,8,12,kits,BRL,Neosolar,NEO-22675,https://portal.zydon.com.br/api/files/182a3505-3a4c-434d-980b-7ed807a4bd08/content?ingress=portalb2b.neosolar.com.br,,,,1,Kit Energia Solar Off Grid s/ Inversor - 1.38kWp 440Ah 48V Chumbo (22675),,,460,3,1.38,1380,0,,,draft,Solar Kit|Neosolar,8,1,3,0,Solar Kit Off-Grid
,,2,12,kits,BRL,Neosolar,NEO-22671,https://portal.zydon.com.br/api/files/82cbca3a-47e0-4ae9-bef2-22a6be496eba/content?ingress=portalb2b.neosolar.com.br,,,,1,Kit Energia Solar Off Grid s/ Inversor - 330Wp 440Ah 12V Chumbo (22671),,,330,1,0.33,330,0,,,draft,Solar Kit|Neosolar,2,1,1,0,Solar Kit Off-Grid
,,3,48,kits,BRL,Neosolar,NEO-22689,https://portal.zydon.com.br/api/files/875a3f72-1bd9-4815-9985-d5d94c7dc6cf/content?ingress=portalb2b.neosolar.com.br,,,,1,Kit Energia Solar Off Grid s/ Inversor - 2.32kWp 300Ah 48V Lítio (22689),,,580,4,2.32,2320,0,,,draft,Solar Kit|Neosolar,3,1,4,0,Solar Kit Off-Grid
,,2,48,kits,BRL,Neosolar,NEO-22685,https://portal.zydon.com.br/api/files/e2a7b22d-6238-4dbf-8011-30b7be2c2acc/content?ingress=portalb2b.neosolar.com.br,,,,1,Kit Energia Solar Off Grid s/ Inversor - 1.38kWp 200Ah 48V Lítio (22685),,,460,3,1.38,1380,0,,,draft,Solar Kit|Neosolar,2,1,3,0,Solar Kit Off-Grid
,,1,48,kits,BRL,Neosolar,NEO-22684,https://portal.zydon.com.br/api/files/09d1cb39-777d-41bd-8da7-ee32da2ac135/content?ingress=portalb2b.neosolar.com.br,,,,1,Kit Energia Solar Off Grid s/ Inversor - 1.38kWp 100Ah 48V Lítio (22684),,,460,3,1.38,1380,0,,,draft,Solar Kit|Neosolar,1,1,3,0,Solar Kit Off-Grid
,,1,48,kits,BRL,Neosolar,NEO-22692,https://portal.zydon.com.br/api/files/09d4f04c-9bb3-4e47-b74b-3cf777023dd8/content?ingress=portalb2b.neosolar.com.br,,,,1,Kit Energia Solar Off Grid s/ Inversor - 1.16kWp 100Ah 48V Lítio (22692),,,580,2,1.16,1160,0,,,draft,Solar Kit|Neosolar,1,1,2,0,Solar Kit Off-Grid
,,8,12,kits,BRL,Neosolar,NEO-22677,https://portal.zydon.com.br/api/files/b807aae3-6eb3-4b0c-b612-af0852f62036/content?ingress=portalb2b.neosolar.com.br,,,,1,Kit Energia Solar Off Grid s/ Inversor - 1.16kWp 440Ah 48V Chumbo (22677),,,580,2,1.16,1160,0,,,draft,Solar Kit|Neosolar,8,1,2,0,Solar Kit Off-Grid
,,4,12,kits,BRL,Neosolar,NEO-22676,https://portal.zydon.com.br/api/files/aeb8aaa6-16ac-4fba-acc5-e5e1aa7f75c5/content?ingress=portalb2b.neosolar.com.br,,,,1,Kit Energia Solar Off Grid s/ Inversor - 1.16kWp 220Ah 48V Chumbo (22676),,,580,2,1.16,1160,0,,,draft,Solar Kit|Neosolar,4,1,2,0,Solar Kit Off-Grid
,,3,12,kits,BRL,Neosolar,NEO-22679,https://portal.zydon.com.br/api/files/b6de41dc-e5c1-4e70-97c9-afb50a4c7323/content?ingress=portalb2b.neosolar.com.br,,,,1,Kit Energia Solar Off Grid s/ Inversor - 580Wp 660Ah 12V Chumbo (22679),,,580,1,0.58,580,0,,,draft,Solar Kit|Neosolar,3,1,1,0,Solar Kit Off-Grid
,,2,12,kits,BRL,Neosolar,NEO-22663,https://portal.zydon.com.br/api/files/df89923a-1316-47a8-a6cb-92c521a3d308/content?ingress=portalb2b.neosolar.com.br,,,,1,Kit Energia Solar Off Grid s/ Inversor - 580Wp 440Ah 12V Chumbo (22663),,,580,1,0.58,580,0,,,draft,Solar Kit|Neosolar,2,1,1,0,Solar Kit Off-Grid
,,4,12,kits,BRL,Neosolar,NEO-26689,https://portal.zydon.com.br/api/files/3f4cbe65-2c61-4d88-8f79-b78c4ac6d090/content?ingress=portalb2b.neosolar.com.br,,,,,"Kit de Energia Solar c/ Inv-car - 2,48kWp 220Ah 48/220V",,,620,4,48.0,2480,0,,,draft,Solar Kit|Neosolar,4,0,4,0,Solar Kit Off-Grid
,,16,12,kits,BRL,Neosolar,NEO-26693,https://portal.zydon.com.br/api/files/ea1c29dc-1565-4960-92af-81b7d5dbbfc3/content?ingress=portalb2b.neosolar.com.br,,,,,"Kit de Energia Solar c/ Inv-car - 3,72kWp 220Ah 48/220V",,,620,6,72.0,3720,0,,,draft,Solar Kit|Neosolar,16,0,6,0,Solar Kit Off-Grid
,,12,12,kits,BRL,Neosolar,NEO-26692,https://portal.zydon.com.br/api/files/0e1ee7f0-8caa-4460-b2b5-182a11941df3/content?ingress=portalb2b.neosolar.com.br,,,,,"Kit de Energia Solar c/ Inv-car - 3,10kWp 220Ah 48/220V",,,620,5,10.0,3100,0,,,draft,Solar Kit|Neosolar,12,0,5,0,Solar Kit Off-Grid
,,8,12,kits,BRL,Neosolar,NEO-26690,https://portal.zydon.com.br/api/files/f42f9aad-f7d5-4253-9264-6911fef9b468/content?ingress=portalb2b.neosolar.com.br,,,,,"Kit de Energia Solar c/ Inv-car - 3,72kWp 220Ah 48/220V",,,620,6,72.0,3720,0,,,draft,Solar Kit|Neosolar,8,0,6,0,Solar Kit Off-Grid
,,8,12,kits,BRL,Neosolar,NEO-26691,https://portal.zydon.com.br/api/files/8b18b97d-5b13-447b-a8ec-53fda627ca46/content?ingress=portalb2b.neosolar.com.br,,,,,"Kit de Energia Solar c/ Inv-car - 1,86kWp 220Ah 48/220V",,,620,3,86.0,1860,0,,,draft,Solar Kit|Neosolar,8,0,3,0,Solar Kit Off-Grid
,,1,48,kits,BRL,Neosolar,NEO-26845,https://portal.zydon.com.br/api/files/38d11579-116e-4c4f-85b6-91124c4b312c/content?ingress=portalb2b.neosolar.com.br,,,,1,"Kit Energia Solar On Grid Híbrido - 3,7kWp Lítio 48V (26845)",,,620,6,7.0,3720,14800.61,,,draft,Solar Kit|Neosolar,1,1,6,0,Solar Kit Hybrid
,,1,48,kits,BRL,Neosolar,NEO-26857,https://portal.zydon.com.br/api/files/eb236d93-6a75-48e7-8e98-79ea6a0ac676/content?ingress=portalb2b.neosolar.com.br,,,,1,"Kit Energia Solar On Grid Híbrido - 3,72kWp 4,8kWh Lítio 48V (26857)",,,620,6,72.0,3720,21559.38,,,draft,Solar Kit|Neosolar,1,1,6,0,Solar Kit Hybrid
,,1,48,kits,BRL,Neosolar,NEO-26795,https://portal.zydon.com.br/api/files/f097c548-8334-48cc-9942-3cfe4e8a390b/content?ingress=portalb2b.neosolar.com.br,,,,1,"Kit Energia Solar On Grid Híbrido - 3,72kWp 4,8kWh Lítio 48V (26795)",,,620,6,72.0,3720,20843.75,,,draft,Solar Kit|Neosolar,1,1,6,0,Solar Kit Hybrid
,,1,48,kits,BRL,Neosolar,NEO-26783,https://portal.zydon.com.br/api/files/a60da2f3-750b-4b6a-be3d-e9b5b60448c1/content?ingress=portalb2b.neosolar.com.br,,,,1,"Kit Energia Solar On Grid Híbrido - 3,7kWp Lítio 48V (26783)",,,620,6,7.0,3720,14084.97,,,draft,Solar Kit|Neosolar,1,1,6,0,Solar Kit Hybrid
,,1,48,kits,BRL,Neosolar,NEO-26669,https://portalb2b.neosolar.com.br/b2b-noimage-white.svg,,,,1,"Kit Energia Solar On Grid Híbrido - 8.06kWp 4,8kWh Lítio 48V (26669)",,,620,13,8.06,8060,31900.73,,,draft,Solar Kit|Neosolar,1,1,13,0,Solar Kit Hybrid
,,1,48,kits,BRL,Neosolar,NEO-26657,https://portal.zydon.com.br/api/files/be926346-fbd9-404b-a370-a6250910b051/content?ingress=portalb2b.neosolar.com.br,,,,1,"Kit Energia Solar On Grid Híbrido - 3,72kWp 4,8kWh Lítio 48V (26657)",,,620,6,72.0,3720,22513.72,,,draft,Solar Kit|Neosolar,1,1,6,0,Solar Kit Hybrid
,,2,48,kits,BRL,Neosolar,NEO-26766,https://portal.zydon.com.br/api/files/74de87bd-1ed5-4375-a87e-51819a9f515e/content?ingress=portalb2b.neosolar.com.br,,,,1,"Kit Energia Solar On Grid Híbrido - 5.65kWp 4,8kWh Lítio 48V (26766)",,,565,10,5.65,5650,27456.69,,,draft,Solar Kit|Neosolar,2,1,10,0,Solar Kit Hybrid
,,2,48,kits,BRL,Neosolar,NEO-26754,https://portal.zydon.com.br/api/files/c7877d55-11cb-4e3e-ad18-347fc4ca62b9/content?ingress=portalb2b.neosolar.com.br,,,,1,"Kit Energia Solar On Grid Híbrido - 5.65kWp 4,8kWh Lítio 48V (26754)",,,565,10,5.65,5650,20697.91,,,draft,Solar Kit|Neosolar,2,1,10,0,Solar Kit Hybrid
,,3,48,kits,BRL,Neosolar,NEO-26767,https://portal.zydon.com.br/api/files/938db400-1a27-4d9e-bdfa-cdc6d2870010/content?ingress=portalb2b.neosolar.com.br,,,,1,"Kit Energia Solar On Grid Híbrido - 5.65kWp 4,8kWh Lítio 48V (26767)",,,565,10,5.65,5650,31861.03,,,draft,Solar Kit|Neosolar,3,1,10,0,Solar Kit Hybrid
,,4,48,kits,BRL,Neosolar,NEO-26768,https://portal.zydon.com.br/api/files/d023fbde-e776-4b1e-9390-99c27b9aa1aa/content?ingress=portalb2b.neosolar.com.br,,,,1,"Kit Energia Solar On Grid Híbrido - 5.65kWp 4,8kWh Lítio 48V (26768)",,,565,10,5.65,5650,0,,,draft,Solar Kit|Neosolar,4,1,10,0,Solar Kit Hybrid
,,3,48,kits,BRL,Neosolar,NEO-26755,https://portal.zydon.com.br/api/files/480e9393-ba7f-4dbc-b6ba-d88557b5102b/content?ingress=portalb2b.neosolar.com.br,,,,1,"Kit Energia Solar On Grid Híbrido - 5.65kWp 4,8kWh Lítio 48V (26755)",,,565,10,5.65,5650,25102.25,,,draft,Solar Kit|Neosolar,3,1,10,0,Solar Kit Hybrid
,,3,48,kits,BRL,Neosolar,NEO-26817,https://portal.zydon.com.br/api/files/e6c8f095-21b2-4317-91f9-d02450aa6932/content?ingress=portalb2b.neosolar.com.br,,,,1,"Kit Energia Solar On Grid Híbrido - 5.65kWp 4,8kWh Lítio 48V (26817)",,,565,10,5.65,5650,0,,,draft,Solar Kit|Neosolar,3,1,10,0,Solar Kit Hybrid
,,1,48,kits,BRL,Neosolar,NEO-26765,https://portal.zydon.com.br/api/files/c56bfb63-420d-4a8e-9041-4ecd71277d99/content?ingress=portalb2b.neosolar.com.br,,,,1,"Kit Energia Solar On Grid Híbrido - 5.65kWp 4,8kWh Lítio 48V (26765)",,,565,10,5.65,5650,23052.36,,,draft,Solar Kit|Neosolar,1,1,10,0,Solar Kit Hybrid
,,1,48,kits,BRL,Neosolar,NEO-26753,https://portal.zydon.com.br/api/files/59a584f6-6932-4cb4-8d78-68d436b08ea8/content?ingress=portalb2b.neosolar.com.br,,,,1,"Kit Energia Solar On Grid Híbrido - 5.65kWp 4,8kWh Lítio 48V (26753)",,,565,10,5.65,5650,16293.58,,,draft,Solar Kit|Neosolar,1,1,10,0,Solar Kit Hybrid
,,1,48,kits,BRL,Neosolar,NEO-26815,https://portal.zydon.com.br/api/files/9044ca4a-c522-46b8-99a0-39a840f594a2/content?ingress=portalb2b.neosolar.com.br,,,,1,"Kit Energia Solar On Grid Híbrido - 5.65kWp 4,8kWh Lítio 48V (26815)",,,565,10,5.65,5650,0,,,draft,Solar Kit|Neosolar,1,1,10,0,Solar Kit Hybrid
,,2,48,kits,BRL,Neosolar,NEO-26816,https://portal.zydon.com.br/api/files/bc6e1fb0-7ba5-47c1-9784-f3358c15314a/content?ingress=portalb2b.neosolar.com.br,,,,1,"Kit Energia Solar On Grid Híbrido - 5.65kWp 4,8kWh Lítio 48V (26816)",,,565,10,5.65,5650,0,,,draft,Solar Kit|Neosolar,2,1,10,0,Solar Kit Hybrid
,,2,48,kits,BRL,Neosolar,NEO-26628,https://portal.zydon.com.br/api/files/736268c5-5840-4d66-a1e0-ea8287dddf69/content?ingress=portalb2b.neosolar.com.br,,,,1,"Kit Energia Solar On Grid Híbrido - 5.65kWp 4,8kWh Lítio 48V (26628)",,,565,10,5.65,5650,0,,,draft,Solar Kit|Neosolar,2,1,10,0,Solar Kit Hybrid
,,1,6,kits,BRL,Neosolar,NEO-25050,https://portal.zydon.com.br/api/files/df0bde7a-efb8-47cf-affa-550f15fd815a/content?ingress=portalb2b.neosolar.com.br,,,,1,Kit Energia Solar Off Grid - 870Wp 100Ah/24V Lítio (25050),,,435,2,0.87,870,6147.89,,,draft,Solar Kit|Neosolar,1,1,2,0,Solar Kit Off-Grid
,,1,48,kits,BRL,Neosolar,NEO-25055,https://portal.zydon.com.br/api/files/8e502799-cb06-4913-9414-922cc566b17b/content?ingress=portalb2b.neosolar.com.br,,,,1,"Kit Energia Solar Off Grid - 1,31kWp 105Ah 48V Lítio (25055)",,,435,3,31.0,1305,6990.92,,,draft,Solar Kit|Neosolar,1,1,3,0,Solar Kit Off-Grid
,,4,48,kits,BRL,Neosolar,NEO-26630,https://portal.zydon.com.br/api/files/2711f98d-87d3-42af-b396-346347b585ac/content?ingress=portalb2b.neosolar.com.br,,,,1,"Kit Energia Solar On Grid Híbrido - 5.65kWp 4,8kWh Lítio 48V (26630)",,,565,10,5.65,5650,0,,,draft,Solar Kit|Neosolar,4,1,10,0,Solar Kit Hybrid
,,5,48,kits,BRL,Neosolar,NEO-26674,https://portalb2b.neosolar.com.br/b2b-noimage-white.svg,,,,1,"Kit Energia Solar On Grid Híbrido - 14.88kWp 4,8kWh Lítio 48V (26674)",,,620,24,14.88,14880,0,,,draft,Solar Kit|Neosolar,5,1,24,0,Solar Kit Hybrid
,,4,48,kits,BRL,Neosolar,NEO-26673,https://portalb2b.neosolar.com.br/b2b-noimage-white.svg,,,,1,"Kit Energia Solar On Grid Híbrido - 14.88kWp 4,8kWh Lítio 48V (26673)",,,620,24,14.88,14880,0,,,draft,Solar Kit|Neosolar,4,1,24,0,Solar Kit Hybrid
,,6,48,kits,BRL,Neosolar,NEO-26675,https://portalb2b.neosolar.com.br/b2b-noimage-white.svg,,,,1,"Kit Energia Solar On Grid Híbrido - 14.88kWp 4,8kWh Lítio 48V (26675)",,,620,24,14.88,14880,0,,,draft,Solar Kit|Neosolar,6,1,24,0,Solar Kit Hybrid
,,3,48,kits,BRL,Neosolar,NEO-26860,https://portal.zydon.com.br/api/files/f6e900a4-cc28-497b-a281-5dbc55d47e95/content?ingress=portalb2b.neosolar.com.br,,,,1,"Kit Energia Solar On Grid Híbrido - 6,2kWp 4,8kWh Lítio 48V (26860)",,,620,10,2.0,6200,0,,,draft,Solar Kit|Neosolar,3,1,10,0,Solar Kit Hybrid
,,4,48,kits,BRL,Neosolar,NEO-26861,https://portal.zydon.com.br/api/files/041532fb-2ccb-41dd-b966-8f0c2df0aa37/content?ingress=portalb2b.neosolar.com.br,,,,1,"Kit Energia Solar On Grid Híbrido - 6,2kWp 4,8kWh Lítio 48V (26861)",,,620,10,2.0,6200,0,,,draft,Solar Kit|Neosolar,4,1,10,0,Solar Kit Hybrid
,,4,48,kits,BRL,Neosolar,NEO-26799,https://portal.zydon.com.br/api/files/a0167203-6ece-4ea1-bca5-6d8db5d36a35/content?ingress=portalb2b.neosolar.com.br,,,,1,"Kit Energia Solar On Grid Híbrido - 6,2kWp 4,8kWh Lítio 48V (26799)",,,620,10,2.0,6200,0,,,draft,Solar Kit|Neosolar,4,1,10,0,Solar Kit Hybrid
,,1,48,kits,BRL,Neosolar,NEO-26858,https://portal.zydon.com.br/api/files/b7b2776d-9e3f-4e58-bf72-bf760b521ee0/content?ingress=portalb2b.neosolar.com.br,,,,1,"Kit Energia Solar On Grid Híbrido - 6,2kWp 4,8kWh Lítio 48V (26658)",,,620,10,2.0,6200,0,,,draft,Solar Kit|Neosolar,1,1,10,0,Solar Kit Hybrid
,,2,48,kits,BRL,Neosolar,NEO-26859,https://portal.zydon.com.br/api/files/5eb72a41-fb1e-45c2-9439-39393a4a32c7/content?ingress=portalb2b.neosolar.com.br,,,,1,"Kit Energia Solar On Grid Híbrido - 6,2kWp 4,8kWh Lítio 48V (26859)",,,620,10,2.0,6200,0,,,draft,Solar Kit|Neosolar,2,1,10,0,Solar Kit Hybrid
,,4,48,kits,BRL,Neosolar,NEO-26849,https://portal.zydon.com.br/api/files/28d676bc-4df5-4874-bd46-7307e324d0b2/content?ingress=portalb2b.neosolar.com.br,,,,1,"Kit Energia Solar On Grid Híbrido - 6,2kWp Lítio 48V (26849)",,,620,10,2.0,6200,0,,,draft,Solar Kit|Neosolar,4,1,10,0,Solar Kit Hybrid
,,3,48,kits,BRL,Neosolar,NEO-26848,https://portal.zydon.com.br/api/files/178b3efe-5268-4eac-90e7-35c7e219b8e6/content?ingress=portalb2b.neosolar.com.br,,,,1,"Kit Energia Solar On Grid Híbrido - 6,2kWp Lítio 48V (26848)",,,620,10,2.0,6200,0,,,draft,Solar Kit|Neosolar,3,1,10,0,Solar Kit Hybrid
,,1,48,kits,BRL,Neosolar,NEO-26846,https://portal.zydon.com.br/api/files/e332e2f4-af13-4da5-8dea-1cf89445e829/content?ingress=portalb2b.neosolar.com.br,,,,1,"Kit Energia Solar On Grid Híbrido - 6,2kWp Lítio 48V (26846)",,,620,10,2.0,6200,0,,,draft,Solar Kit|Neosolar,1,1,10,0,Solar Kit Hybrid
,,2,48,kits,BRL,Neosolar,NEO-26847,https://portal.zydon.com.br/api/files/cf7945ae-e1ef-40df-af58-abfd35c3d05d/content?ingress=portalb2b.neosolar.com.br,,,,1,"Kit Energia Solar On Grid Híbrido - 6,2kWp Lítio 48V (26847)",,,620,10,2.0,6200,0,,,draft,Solar Kit|Neosolar,2,1,10,0,Solar Kit Hybrid
,,2,48,kits,BRL,Neosolar,NEO-26785,https://portal.zydon.com.br/api/files/4bba46ca-7ff6-4c73-bb84-edc442396db2/content?ingress=portalb2b.neosolar.com.br,,,,1,"Kit Energia Solar On Grid Híbrido - 6,2kWp Lítio 48V (26785)",,,620,10,2.0,6200,21254.52,,,draft,Solar Kit|Neosolar,2,1,10,0,Solar Kit Hybrid
,,3,48,kits,BRL,Neosolar,NEO-26786,https://portal.zydon.com.br/api/files/a8b634c1-10ed-4c96-8ec3-d149274b790c/content?ingress=portalb2b.neosolar.com.br,,,,1,"Kit Energia Solar On Grid Híbrido - 6,2kWp Lítio 48V (26786)",,,620,10,2.0,6200,25658.86,,,draft,Solar Kit|Neosolar,3,1,10,0,Solar Kit Hybrid
,,1,48,kits,BRL,Neosolar,NEO-26796,https://portal.zydon.com.br/api/files/00cf42b6-339f-43ba-94af-aed253da21e8/content?ingress=portalb2b.neosolar.com.br,,,,1,"Kit Energia Solar On Grid Híbrido - 6,2kWp 4,8kWh Lítio 48V (26796)",,,620,10,2.0,6200,23608.96,,,draft,Solar Kit|Neosolar,1,1,10,0,Solar Kit Hybrid
,,1,48,kits,BRL,Neosolar,NEO-26784,https://portal.zydon.com.br/api/files/5c9b9db2-51ee-4700-a4e7-907475c78aca/content?ingress=portalb2b.neosolar.com.br,,,,1,"Kit Energia Solar On Grid Híbrido - 6,2kWp Lítio 48V (26784)",,,620,10,2.0,6200,16850.19,,,draft,Solar Kit|Neosolar,1,1,10,0,Solar Kit Hybrid
,,3,48,kits,BRL,Neosolar,NEO-26798,https://portal.zydon.com.br/api/files/07f5ef04-0804-4afd-934a-87d438d0d4cc/content?ingress=portalb2b.neosolar.com.br,,,,1,"Kit Energia Solar On Grid Híbrido - 6,2kWp 4,8kWh Lítio 48V (26798)",,,620,10,2.0,6200,32417.63,,,draft,Solar Kit|Neosolar,3,1,10,0,Solar Kit Hybrid
,,2,48,kits,BRL,Neosolar,NEO-26797,https://portal.zydon.com.br/api/files/5e4a50b9-e7ba-459d-9921-512d5509b9d4/content?ingress=portalb2b.neosolar.com.br,,,,1,"Kit Energia Solar On Grid Híbrido - 6,2kWp 4,8kWh Lítio 48V (26797)",,,620,10,2.0,6200,28013.29,,,draft,Solar Kit|Neosolar,2,1,10,0,Solar Kit Hybrid
,,4,48,kits,BRL,Neosolar,NEO-26787,https://portal.zydon.com.br/api/files/4a526551-cc7f-431c-8104-7c2a1db2f4d7/content?ingress=portalb2b.neosolar.com.br,,,,1,"Kit Energia Solar On Grid Híbrido - 6,2kWp Lítio 48V (26787)",,,620,10,2.0,6200,0,,,draft,Solar Kit|Neosolar,4,1,10,0,Solar Kit Hybrid
,,1,48,kits,BRL,Neosolar,NEO-26670,https://portalb2b.neosolar.com.br/b2b-noimage-white.svg,,,,1,"Kit Energia Solar On Grid Híbrido - 14.88kWp 4,8kWh Lítio 48V (26670)",,,620,24,14.88,14880,0,,,draft,Solar Kit|Neosolar,1,1,24,0,Solar Kit Hybrid
,,3,48,kits,BRL,Neosolar,NEO-26672,https://portalb2b.neosolar.com.br/b2b-noimage-white.svg,,,,1,"Kit Energia Solar On Grid Híbrido - 14.88kWp 4,8kWh Lítio 48V (26672)",,,620,24,14.88,14880,0,,,draft,Solar Kit|Neosolar,3,1,24,0,Solar Kit Hybrid
,,2,48,kits,BRL,Neosolar,NEO-26961,,,,,,"Kit de Energia Solar Off Grid c/ Inv-car - 3,4kWp 100Ah 24/220V Lítio (26961)",,,565,6,4.0,3390,0,,,draft,Solar Kit|Neosolar,2,0,6,0,Solar Kit Off-Grid
,,1,48,kits,BRL,Neosolar,NEO-26619,,,,,1,"Kit Energia Solar On Grid Híbrido - 5.08kWp 4,8kWh Lítio 48V (26619)",,,565,9,5.08,5085,22905.69,,,draft,Solar Kit|Neosolar,1,1,9,0,Solar Kit Hybrid
,,6,48,kits,BRL,Neosolar,NEO-26656,,,,,1,"Kit Energia Solar On Grid Híbrido - 9,92kWp 4,8kWh Lítio 48V (26656)",,,620,16,92.0,9920,0,,,draft,Solar Kit|Neosolar,6,1,16,0,Solar Kit Hybrid
,,4,48,kits,BRL,Neosolar,NEO-26654,,,,,1,"Kit Energia Solar On Grid Híbrido - 9,92kWp 4,8kWh Lítio 48V (26654)",,,620,16,92.0,9920,0,,,draft,Solar Kit|Neosolar,4,1,16,0,Solar Kit Hybrid
,,5,48,kits,BRL,Neosolar,NEO-26655,,,,,1,"Kit Energia Solar On Grid Híbrido - 9,92kWp 4,8kWh Lítio 48V (26655)",,,620,16,92.0,9920,0,,,draft,Solar Kit|Neosolar,5,1,16,0,Solar Kit Hybrid
,,1,48,kits,BRL,Neosolar,NEO-26651,,,,,1,"Kit Energia Solar On Grid Híbrido - 9,92kWp 4,8kWh Lítio 48V (26651)",,,620,16,92.0,9920,0,,,draft,Solar Kit|Neosolar,1,1,16,0,Solar Kit Hybrid
,,1,48,kits,BRL,Neosolar,NEO-26652,,,,,1,"Kit Energia Solar On Grid Híbrido - 9,92kWp 4,8kWh Lítio 48V (26652)",,,620,16,92.0,9920,0,,,draft,Solar Kit|Neosolar,1,1,16,0,Solar Kit Hybrid
,,1,48,kits,BRL,Neosolar,NEO-26650,,,,,1,"Kit Energia Solar On Grid Híbrido - 5,58kWp 4,8kWh Lítio 48V (26650)",,,620,9,58.0,5580,23434.46,,,draft,Solar Kit|Neosolar,1,1,9,0,Solar Kit Hybrid
,,3,48,kits,BRL,Neosolar,NEO-26665,,,,,1,"Kit Energia Solar On Grid Híbrido - 9,92kWp 4,8kWh Lítio 48V (26665)",,,620,16,92.0,9920,0,,,draft,Solar Kit|Neosolar,3,1,16,0,Solar Kit Hybrid
,,2,48,kits,BRL,Neosolar,NEO-26664,,,,,1,"Kit Energia Solar On Grid Híbrido - 9,92kWp 4,8kWh Lítio 48V (26664)",,,620,16,92.0,9920,0,,,draft,Solar Kit|Neosolar,2,1,16,0,Solar Kit Hybrid
,,1,48,kits,BRL,Neosolar,NEO-26663,,,,,1,"Kit Energia Solar On Grid Híbrido - 9,92kWp 4,8kWh Lítio 48V (26663)",,,620,16,92.0,9920,0,,,draft,Solar Kit|Neosolar,1,1,16,0,Solar Kit Hybrid
,,1,48,kits,BRL,Neosolar,NEO-26662,,,,,1,"Kit Energia Solar On Grid Híbrido - 5,58kWp 4,8kWh Lítio 48V (26662)",,,620,9,58.0,5580,25700.63,,,draft,Solar Kit|Neosolar,1,1,9,0,Solar Kit Hybrid
,,6,48,kits,BRL,Neosolar,NEO-26668,,,,,1,"Kit Energia Solar On Grid Híbrido - 9,92kWp 4,8kWh Lítio 48V (26668)",,,620,16,92.0,9920,0,,,draft,Solar Kit|Neosolar,6,1,16,0,Solar Kit Hybrid
,,4,48,kits,BRL,Neosolar,NEO-26666,,,,,1,"Kit Energia Solar On Grid Híbrido - 9,92kWp 4,8kWh Lítio 48V (26666)",,,620,16,92.0,9920,0,,,draft,Solar Kit|Neosolar,4,1,16,0,Solar Kit Hybrid
,,5,48,kits,BRL,Neosolar,NEO-26667,,,,,1,"Kit Energia Solar On Grid Híbrido - 9,92kWp 4,8kWh Lítio 48V (26667)",,,620,16,92.0,9920,0,,,draft,Solar Kit|Neosolar,5,1,16,0,Solar Kit Hybrid
,,1,48,kits,BRL,Neosolar,NEO-26788,,,,,1,"Kit Energia Solar On Grid Híbrido - 5,58kWp Lítio 48V (26788)",,,620,9,58.0,5580,21716.02,,,draft,Solar Kit|Neosolar,1,1,9,0,Solar Kit Hybrid
,,6,48,kits,BRL,Neosolar,NEO-26794,,,,,1,"Kit Energia Solar On Grid Híbrido - 9.92kWp 4,8kWh Lítio 48V (26794)",,,620,16,9.92,9920,0,,,draft,Solar Kit|Neosolar,6,1,16,0,Solar Kit Hybrid
,,3,48,kits,BRL,Neosolar,NEO-26791,,,,,1,"Kit Energia Solar On Grid Híbrido - 9.92kWp 4,8kWh Lítio 48V (26791)",,,620,16,9.92,9920,34718.8,,,draft,Solar Kit|Neosolar,3,1,16,0,Solar Kit Hybrid
,,4,48,kits,BRL,Neosolar,NEO-26792,,,,,1,"Kit Energia Solar On Grid Híbrido - 9.92kWp 4,8kWh Lítio 48V (26792)",,,620,16,9.92,9920,0,,,draft,Solar Kit|Neosolar,4,1,16,0,Solar Kit Hybrid
,,5,48,kits,BRL,Neosolar,NEO-26793,,,,,1,"Kit Energia Solar On Grid Híbrido - 9.92kWp 4,8kWh Lítio 48V (26793)",,,620,16,9.92,9920,0,,,draft,Solar Kit|Neosolar,5,1,16,0,Solar Kit Hybrid
,,2,48,kits,BRL,Neosolar,NEO-26790,,,,,1,"Kit Energia Solar On Grid Híbrido - 9.92kWp 4,8kWh Lítio 48V (26790)",,,620,16,9.92,9920,30314.46,,,draft,Solar Kit|Neosolar,2,1,16,0,Solar Kit Hybrid
,,1,48,kits,BRL,Neosolar,NEO-26789,,,,,1,"Kit Energia Solar On Grid Híbrido - 9.92kWp 4,8kWh Lítio 48V (26789)",,,620,16,9.92,9920,25910.13,,,draft,Solar Kit|Neosolar,1,1,16,0,Solar Kit Hybrid
,,1,48,kits,BRL,Neosolar,NEO-26851,,,,,1,"Kit Energia Solar On Grid Híbrido - 9.92kWp 4,8kWh Lítio 48V (26851)",,,620,16,9.92,9920,0,,,draft,Solar Kit|Neosolar,1,1,16,0,Solar Kit Hybrid
,,1,48,kits,BRL,Neosolar,NEO-26852,,,,,1,"Kit Energia Solar On Grid Híbrido - 9.92kWp 4,8kWh Lítio 48V (26852)",,,620,16,9.92,9920,0,,,draft,Solar Kit|Neosolar,1,1,16,0,Solar Kit Hybrid
,,1,48,kits,BRL,Neosolar,NEO-26850,,,,,1,"Kit Energia Solar On Grid Híbrido - 5,6kWp Lítio 48V (26850)",,,620,9,6.0,5580,22431.66,,,draft,Solar Kit|Neosolar,1,1,9,0,Solar Kit Hybrid
,,6,48,kits,BRL,Neosolar,NEO-26856,,,,,1,"Kit Energia Solar On Grid Híbrido - 9.92kWp 4,8kWh Lítio 48V (26856)",,,620,16,9.92,9920,0,,,draft,Solar Kit|Neosolar,6,1,16,0,Solar Kit Hybrid
,,3,48,kits,BRL,Neosolar,NEO-26853,,,,,1,"Kit Energia Solar On Grid Híbrido - 9.92kWp 4,8kWh Lítio 48V (26853)",,,620,16,9.92,9920,0,,,draft,Solar Kit|Neosolar,3,1,16,0,Solar Kit Hybrid
,,5,48,kits,BRL,Neosolar,NEO-26855,,,,,1,"Kit Energia Solar On Grid Híbrido - 9.92kWp 4,8kWh Lítio 48V (26855)",,,620,16,9.92,9920,0,,,draft,Solar Kit|Neosolar,5,1,16,0,Solar Kit Hybrid
,,4,48,kits,BRL,Neosolar,NEO-26854,,,,,1,"Kit Energia Solar On Grid Híbrido - 9.92kWp 4,8kWh Lítio 48V (26854)",,,620,16,9.92,9920,0,,,draft,Solar Kit|Neosolar,4,1,16,0,Solar Kit Hybrid
,,1,48,kits,BRL,Neosolar,NEO-27314,https://portal.zydon.com.br/api/files/cfdc6dad-4082-4bb5-878a-d9b7456395f5/content?ingress=portalb2b.neosolar.com.br,,,,1,"Kit Energia Solar Off Grid - 1,24kWp 100Ah/48V Lítio (27314)",,,620,2,24.0,1240,6896.31,,,draft,Solar Kit|Neosolar,1,1,2,0,Solar Kit Off-Grid
,,1,6,kits,BRL,Neosolar,NEO-25049,https://portal.zydon.com.br/api/files/2090556f-04e2-4644-bcfb-70480e65e3af/content?ingress=portalb2b.neosolar.com.br,,,,1,Kit Energia Solar Off Grid - 680Wp 100Ah/24V Lítio (25049),,,340,2,0.68,680,5897.16,,,draft,Solar Kit|Neosolar,1,1,2,0,Solar Kit Off-Grid
,,1,6,kits,BRL,Neosolar,NEO-27475,https://portal.zydon.com.br/api/files/af8a3c8c-1ced-4340-9ee3-950705043f59/content?ingress=portalb2b.neosolar.com.br,,,,1,Kit Energia Solar Off Grid - 680Wp 100Ah/24V Lítio (27475),,,340,2,0.68,680,5925.34,,,draft,Solar Kit|Neosolar,1,1,2,0,Solar Kit Off-Grid
,,1,6,kits,BRL,Neosolar,NEO-25164,https://portalb2b.neosolar.com.br/b2b-noimage-white.svg,,,,1,Kit Energia Solar Off Grid - 680Wp 100Ah/24V Lítio 1000W/127V Ztroon,,,340,2,0.68,680,6760.28,,,draft,Solar Kit|Neosolar,1,1,2,0,Solar Kit Off-Grid
,,2,48,kits,BRL,Neosolar,NEO-27315,,,,,1,"Kit Energia Solar Off Grid - 1,24kWp 100Ah/48V Lítio (27315)",,,620,4,24.0,2480,12909.01,,,draft,Solar Kit|Neosolar,2,1,4,0,Solar Kit Off-Grid
,,1,12,kits,BRL,Neosolar,NEO-23927,,,,,1,Kit Energia Solar Off Grid s/ Inversor - 30Wp 115/105Ah 12V Estacionária (23927),,,30,1,0.03,30,1248.54,,,draft,Solar Kit|Neosolar,1,1,1,0,Solar Kit Off-Grid
,,1,48,kits,BRL,Neosolar,NEO-27347,,,,,1,"Kit Energia Solar Off Grid - 1,24kWp 100Ah/48V Lítio - Inversor 2000W 48/127 (27347)",,,620,2,24.0,1240,0,,,draft,Solar Kit|Neosolar,1,2,2,0,Solar Kit Off-Grid
,,2,48,kits,BRL,Neosolar,NEO-27349,,,,,1,"Kit Energia Solar Off Grid - 1,24kWp 100Ah/48V Lítio  - Inversor 2000W 48/127 (27349)",,,620,4,24.0,2480,0,,,draft,Solar Kit|Neosolar,2,2,4,0,Solar Kit Off-Grid
,,1,12,kits,BRL,Neosolar,NEO-23928,,,,,1,Kit Energia Solar Off Grid s/ Inversor - 60Wp 115/105Ah 12V Estacionária (23928),,,60,1,0.06,60,1335.69,,,draft,Solar Kit|Neosolar,1,1,1,0,Solar Kit Off-Grid
,,1,12,kits,BRL,Neosolar,NEO-27339,,,,,1,Kit Energia Solar Off Grid s/ Inversor - 100Wp 115/105Ah 12V Estacionária (27339),,,100,1,0.1,100,1113.09,,,draft,Solar Kit|Neosolar,1,1,1,0,Solar Kit Off-Grid
,,1,12,kits,BRL,Neosolar,NEO-23929,,,,,1,Kit Energia Solar Off Grid s/ Inversor - 100Wp 115/105Ah 12V Estacionária (23929),,,100,1,0.1,100,1335.69,,,draft,Solar Kit|Neosolar,1,1,1,0,Solar Kit Off-Grid
,,2,12,kits,BRL,Neosolar,NEO-27476,,,,,1,Kit Energia Solar Off Grid - 680Wp 220Ah/24V (27476),,,340,2,0.68,680,4477.87,,,draft,Solar Kit|Neosolar,2,1,2,0,Solar Kit Off-Grid
,,1,12,kits,BRL,Neosolar,NEO-25131,,,,,1,Kit Energia Solar para Starlink - 10h/dia (até 1.280 Wh/dia) - Chumbo (25131),,,320,320,102.4,102400,2800.88,,,draft,Solar Kit|Neosolar,1,1,320,0,Solar Kit Off-Grid
,,1,12,kits,BRL,Neosolar,NEO-26721,,,,,1,Kit Energia Solar Off Grid s/ Inversor - 320Wp 240Ah / 220Ah 12V Estacionária (26721),,,160,2,0.32,320,2249.79,,,draft,Solar Kit|Neosolar,1,1,2,0,Solar Kit Off-Grid
,,1,12,kits,BRL,Neosolar,NEO-26720,,,,,1,Kit Energia Solar Off Grid s/ Inversor - 320Wp 240Ah / 220Ah 12V Estacionária (26720),,,160,2,0.32,320,2195.68,,,draft,Solar Kit|Neosolar,1,1,2,0,Solar Kit Off-Grid
,,1,12,kits,BRL,Neosolar,NEO-25158,,,,,1,Kit Energia Solar Off Grid - 160Wp 105Ah/12V 600W/127V Ztroon,,,160,1,0.16,160,2066.4,,,draft,Solar Kit|Neosolar,1,1,1,0,Solar Kit Off-Grid
,,2,12,kits,BRL,Neosolar,NEO-26722,,,,,1,Kit Energia Solar Off Grid s/ Inversor - 480Wp 240Ah / 220Ah 12V Estacionária (26722),,,160,3,0.48,480,4096.94,,,draft,Solar Kit|Neosolar,2,1,3,0,Solar Kit Off-Grid
,,1,48,kits,BRL,Neosolar,NEO-27348,,,,,1,"Kit Energia Solar Off Grid - 1,24kWp 100Ah/48V Lítio - Inversor 2000W 48/220 (27348)",,,620,2,24.0,1240,0,,,draft,Solar Kit|Neosolar,1,2,2,0,Solar Kit Off-Grid
,,2,48,kits,BRL,Neosolar,NEO-27378,,,,,1,"Kit Energia Solar Off Grid - 1,24kWp 100Ah/48V Lítio  - Inversor 2000W 48/220 (27378)",,,620,4,24.0,2480,13837.36,,,draft,Solar Kit|Neosolar,2,2,4,0,Solar Kit Off-Grid
,,3,12,kits,BRL,Neosolar,NEO-27313,,,,,1,Kit Energia Solar Off Grid s/ Inversor - 960Wp 240Ah / 220Ah 12V Estacionária (27313),,,160,6,0.96,960,6603.59,,,draft,Solar Kit|Neosolar,3,1,6,0,Solar Kit Off-Grid
,,1,12,kits,BRL,Neosolar,NEO-25130,,,,,1,Kit Energia Solar para Starlink - 06h/dia (até 640 Wh/dia) - Chumbo (25130),,,160,160,25.6,25600,2365.8,,,draft,Solar Kit|Neosolar,1,1,160,0,Solar Kit Off-Grid
,,2,12,kits,BRL,Neosolar,NEO-25048,,,,,1,Kit Energia Solar Off Grid - 340Wp 105Ah/24V (25048),,,340,1,0.34,340,2596.31,,,draft,Solar Kit|Neosolar,2,1,1,0,Solar Kit Off-Grid
,,1,12,kits,BRL,Neosolar,NEO-25047,,,,,1,Kit Energia Solar Off Grid - 320Wp 150Ah/12V (25047),,,160,2,0.32,320,2159.1,,,draft,Solar Kit|Neosolar,1,1,2,0,Solar Kit Off-Grid
,,2,12,kits,BRL,Neosolar,NEO-25163,,,,,1,Kit Energia Solar Off Grid - 340Wp 105Ah/24V 1000W/220V Ztroon,,,340,1,0.34,340,3511.28,,,draft,Solar Kit|Neosolar,2,1,1,0,Solar Kit Off-Grid
,,1,12,kits,BRL,Neosolar,NEO-25160,,,,,1,Kit Energia Solar Off Grid - 320Wp 150Ah/12V 600W/127V Ztroon,,,160,2,0.32,320,2808.15,,,draft,Solar Kit|Neosolar,1,1,2,0,Solar Kit Off-Grid
,,2,12,kits,BRL,Neosolar,NEO-25162,,,,,1,Kit Energia Solar Off Grid - 340Wp 105Ah/24V 1000W/127V Ztroon,,,340,1,0.34,340,3459.44,,,draft,Solar Kit|Neosolar,2,1,1,0,Solar Kit Off-Grid
,,1,48,kits,BRL,Neosolar,NEO-27267,,,,,,"Kit de Energia Solar Off Grid c/ Inv-car - 2,5kWp 100Ah 48/220V Lítio",,,620,4,5.0,2480,11193.04,,,draft,Solar Kit|Neosolar,1,0,4,0,Solar Kit Off-Grid
,,1,48,kits,BRL,Neosolar,NEO-27303,,,,,,"Kit de Energia Solar Off Grid c/ Inv-car - 2,5kWp 100Ah 48/220V Lítio",,,620,4,5.0,2480,10911.3,,,draft,Solar Kit|Neosolar,1,0,4,0,Solar Kit Off-Grid
,,1,48,kits,BRL,Neosolar,NEO-27299,,,,,,"Kit de Energia Solar Off Grid c/ Inv-car - 2,5kWp 100Ah 48/220V Lítio",,,620,4,5.0,2480,10377.48,,,draft,Solar Kit|Neosolar,1,0,4,0,Solar Kit Off-Grid
,,1,48,kits,BRL,Neosolar,NEO-27263,,,,,,"Kit de Energia Solar Off Grid c/ Inv-car - 2,5kWp 100Ah 48/220V Lítio",,,620,4,5.0,2480,10659.23,,,draft,Solar Kit|Neosolar,1,0,4,0,Solar Kit Off-Grid
,,1,48,kits,BRL,Neosolar,NEO-27259,,,,,,"Kit de Energia Solar Off Grid c/ Inv-car - 2,5kWp 100Ah 48/220V Lítio",,,620,4,5.0,2480,24612.14,,,draft,Solar Kit|Neosolar,1,0,4,0,Solar Kit Off-Grid
,,1,12,kits,BRL,Neosolar,NEO-23699,,,,,1,Kit Energia Solar para Starlink - 06h/dia (até 640 Wh/dia) - Chumbo (23699),,,160,160,25.6,25600,0,,,draft,Solar Kit|Neosolar,1,1,160,0,Solar Kit Off-Grid
,,1,12,kits,BRL,Neosolar,NEO-25129,,,,,1,Kit Energia Solar para Starlink - 06h/dia (até 640 Wh/dia) - Chumbo (25129),,,160,160,25.6,25600,2308.33,,,draft,Solar Kit|Neosolar,1,1,160,0,Solar Kit Off-Grid
,,1,12,kits,BRL,Neosolar,NEO-23703,,,,,1,Kit Energia Solar para Starlink - 10h/dia (até 1.280 Wh/dia) - Chumbo (23703),,,320,320,102.4,102400,0,,,draft,Solar Kit|Neosolar,1,1,320,0,Solar Kit Off-Grid
,,4,48,kits,BRL,Neosolar,NEO-27266,,,,,,"Kit de Energia Solar Off Grid c/ Inv-car - 5,0kWp 100Ah 48/220V Lítio",,,620,8,4.96,4960,27052.83,,,draft,Solar Kit|Neosolar,4,0,8,0,Solar Kit Off-Grid
,,2,48,kits,BRL,Neosolar,NEO-27304,,,,,,"Kit de Energia Solar Off Grid c/ Inv-car - 3,7kWp 100Ah 48/220V Lítio",,,620,6,7.0,3720,17905.56,,,draft,Solar Kit|Neosolar,2,0,6,0,Solar Kit Off-Grid
,,4,48,kits,BRL,Neosolar,NEO-27298,,,,,,"Kit de Energia Solar Off Grid c/ Inv-car - 5,0kWp 100Ah 48/220V Lítio",,,620,8,4.96,4960,33358.45,,,draft,Solar Kit|Neosolar,4,0,8,0,Solar Kit Off-Grid
,,3,48,kits,BRL,Neosolar,NEO-27297,,,,,,"Kit de Energia Solar Off Grid c/ Inv-car - 5,0kWp 100Ah 48/220V Lítio",,,620,8,4.96,4960,54731.22,,,draft,Solar Kit|Neosolar,3,0,8,0,Solar Kit Off-Grid
,,3,48,kits,BRL,Neosolar,NEO-27305,,,,,,"Kit de Energia Solar Off Grid c/ Inv-car - 5,0kWp 100Ah 48/220V Lítio",,,620,8,4.96,4960,24026.52,,,draft,Solar Kit|Neosolar,3,0,8,0,Solar Kit Off-Grid
,,4,48,kits,BRL,Neosolar,NEO-27306,,,,,,"Kit de Energia Solar Off Grid c/ Inv-car - 5,0kWp 100Ah 48/220V Lítio",,,,,0.0,0,28906.33,,,draft,Solar Kit|Neosolar,4,0,0,0,Solar Kit Off-Grid
,,3,48,kits,BRL,Neosolar,NEO-27269,,,,,,"Kit de Energia Solar Off Grid c/ Inv-car - 5,0kWp 100Ah 48/220V Lítio",,,620,8,4.96,4960,24308.27,,,draft,Solar Kit|Neosolar,3,0,8,0,Solar Kit Off-Grid
,,2,48,kits,BRL,Neosolar,NEO-27268,,,,,,"Kit de Energia Solar Off Grid c/ Inv-car - 3,7kWp 100Ah 48/220V Lítio",,,620,6,7.0,3720,18187.3,,,draft,Solar Kit|Neosolar,2,0,6,0,Solar Kit Off-Grid
,,2,48,kits,BRL,Neosolar,NEO-27300,,,,,,"Kit de Energia Solar Off Grid c/ Inv-car - 3,7kWp 100Ah 48/220V Lítio",,,620,6,7.0,3720,16837.93,,,draft,Solar Kit|Neosolar,2,0,6,0,Solar Kit Off-Grid
,,4,48,kits,BRL,Neosolar,NEO-27302,,,,,,"Kit de Energia Solar Off Grid c/ Inv-car - 5,0kWp 100Ah 48/220V Lítio",,,620,8,4.96,4960,26771.08,,,draft,Solar Kit|Neosolar,4,0,8,0,Solar Kit Off-Grid
,,3,48,kits,BRL,Neosolar,NEO-27301,,,,,,"Kit de Energia Solar Off Grid c/ Inv-car - 5,0kWp 100Ah 48/220V Lítio",,,620,8,4.96,4960,22425.08,,,draft,Solar Kit|Neosolar,3,0,8,0,Solar Kit Off-Grid
,,2,48,kits,BRL,Neosolar,NEO-27296,,,,,,"Kit de Energia Solar Off Grid c/ Inv-car - 3,7kWp 100Ah 48/220V Lítio",,,620,6,7.0,3720,40263.23,,,draft,Solar Kit|Neosolar,2,0,6,0,Solar Kit Off-Grid
,,4,48,kits,BRL,Neosolar,NEO-27270,,,,,,"Kit de Energia Solar Off Grid c/ Inv-car - 5,0kWp 100Ah 48/220V Lítio",,,620,8,4.96,4960,29188.08,,,draft,Solar Kit|Neosolar,4,0,8,0,Solar Kit Off-Grid
,,2,48,kits,BRL,Neosolar,NEO-27260,,,,,,"Kit de Energia Solar Off Grid c/ Inv-car - 3,7kWp 100Ah 48/220V Lítio",,,620,6,7.0,3720,40826.73,,,draft,Solar Kit|Neosolar,2,0,6,0,Solar Kit Off-Grid
,,3,48,kits,BRL,Neosolar,NEO-27261,,,,,,"Kit de Energia Solar Off Grid c/ Inv-car - 5,0kWp 100Ah 48/220V Lítio",,,620,8,4.96,4960,55294.7,,,draft,Solar Kit|Neosolar,3,0,8,0,Solar Kit Off-Grid
,,2,48,kits,BRL,Neosolar,NEO-27264,,,,,,"Kit de Energia Solar Off Grid c/ Inv-car - 3,7kWp 100Ah 48/220V Lítio",,,620,6,7.0,3720,17119.68,,,draft,Solar Kit|Neosolar,2,0,6,0,Solar Kit Off-Grid
,,3,48,kits,BRL,Neosolar,NEO-27265,,,,,,"Kit de Energia Solar Off Grid c/ Inv-car - 5,0kWp 100Ah 48/220V Lítio",,,620,8,4.96,4960,22706.82,,,draft,Solar Kit|Neosolar,3,0,8,0,Solar Kit Off-Grid
,,4,48,kits,BRL,Neosolar,NEO-27262,,,,,,"Kit de Energia Solar Off Grid c/ Inv-car - 5,0kWp 100Ah 48/220V Lítio",,,620,8,4.96,4960,33640.19,,,draft,Solar Kit|Neosolar,4,0,8,0,Solar Kit Off-Grid
,,1,12,kits,BRL,Neosolar,NEO-26723,,,,,1,Kit Energia Solar Off Grid s/ Inversor - 160Wp 165Ah / 150Ah 12V Estacionária (26723),,,160,1,0.16,160,1559.27,,,draft,Solar Kit|Neosolar,1,1,1,0,Solar Kit Off-Grid
,,7,48,kits,BRL,Neosolar,NEO-26701,,,,,,"Kit de Energia Solar Off Grid c/ Inv-car - 6,2kWp 100Ah 24/220V Lítio (26701)",,,620,10,2.0,6200,55013.66,,,draft,Solar Kit|Neosolar,7,0,10,0,Solar Kit Off-Grid
,,1,12,kits,BRL,Neosolar,NEO-25132,,,,,1,Kit Energia Solar para Starlink - 10h/dia (até 1.280 Wh/dia) - Chumbo (25132),,,320,320,102.4,102400,2858.35,,,draft,Solar Kit|Neosolar,1,1,320,0,Solar Kit Off-Grid
,,1,12,kits,BRL,Neosolar,NEO-25044,,,,,1,Kit Energia Solar Off Grid - 60Wp 45Ah/12V (25044),,,60,1,0.06,60,913.01,,,draft,Solar Kit|Neosolar,1,1,1,0,Solar Kit Off-Grid
,,1,12,kits,BRL,Neosolar,NEO-25045,,,,,1,Kit Energia Solar Off Grid - 100Wp 45Ah/12V (25045),,,100,1,0.1,100,928.98,,,draft,Solar Kit|Neosolar,1,1,1,0,Solar Kit Off-Grid
,,1,12,kits,BRL,Neosolar,NEO-25043,,,,,1,Kit Energia Solar Off Grid - 30Wp 45Ah/12V (25043),,,30,1,0.03,30,858.28,,,draft,Solar Kit|Neosolar,1,1,1,0,Solar Kit Off-Grid
,,1,12,kits,BRL,Neosolar,NEO-25154,,,,,1,Kit Energia Solar Off Grid - 60Wp 45Ah/12V 600W/127V Ztroon,,,60,1,0.06,60,1560.14,,,draft,Solar Kit|Neosolar,1,1,1,0,Solar Kit Off-Grid
,,1,12,kits,BRL,Neosolar,NEO-25156,,,,,1,Kit Energia Solar Off Grid - 100Wp 45Ah/12V 600W/127V Ztroon,,,100,1,0.1,100,1576.11,,,draft,Solar Kit|Neosolar,1,1,1,0,Solar Kit Off-Grid
,,2,48,kits,BRL,Neosolar,NEO-26695,,,,,,"Kit de Energia Solar Off Grid c/ Inv-car - 3,7kWp 100Ah 24/220V Lítio (26695)",,,620,6,7.0,3720,21466.24,,,draft,Solar Kit|Neosolar,2,0,6,0,Solar Kit Off-Grid
,,1,48,kits,BRL,Neosolar,NEO-26694,,,,,,"Kit de Energia Solar Off Grid c/ Inv-car - 2,5kWp 100Ah 48/220V Lítio",,,620,4,5.0,2480,14232.26,,,draft,Solar Kit|Neosolar,1,0,4,0,Solar Kit Off-Grid
,,4,48,kits,BRL,Neosolar,NEO-26698,,,,,,"Kit de Energia Solar Off Grid c/ Inv-car - 3,7kWp 100Ah 24/220V Lítio (26698)",,,620,6,7.0,3720,33679.53,,,draft,Solar Kit|Neosolar,4,0,6,0,Solar Kit Off-Grid
,,5,48,kits,BRL,Neosolar,NEO-26699,,,,,,"Kit de Energia Solar Off Grid c/ Inv-car - 6,2kWp 100Ah 24/220V Lítio (26699)",,,620,10,2.0,6200,42800.37,,,draft,Solar Kit|Neosolar,5,0,10,0,Solar Kit Off-Grid
,,3,48,kits,BRL,Neosolar,NEO-26697,,,,,,"Kit de Energia Solar Off Grid c/ Inv-car - 3,1kWp 100Ah 24/220V Lítio (26697)",,,620,5,1.0,3100,26838.52,,,draft,Solar Kit|Neosolar,3,0,5,0,Solar Kit Off-Grid
,,2,48,kits,BRL,Neosolar,NEO-26696,,,,,,"Kit de Energia Solar Off Grid c/ Inv-car - 1,9kWp 100Ah 24/220V Lítio (26696)",,,620,3,9.0,1860,19604.52,,,draft,Solar Kit|Neosolar,2,0,3,0,Solar Kit Off-Grid
,,6,48,kits,BRL,Neosolar,NEO-26700,,,,,,"Kit de Energia Solar Off Grid c/ Inv-car - 6,2kWp 100Ah 24/220V Lítio (26700)",,,620,10,2.0,6200,48793.21,,,draft,Solar Kit|Neosolar,6,0,10,0,Solar Kit Off-Grid
,,2,12,kits,BRL,Neosolar,NEO-25053,,,,,1,Kit Energia Solar Off Grid - 680Wp 220Ah/24V (25053),,,340,2,0.68,680,4633.58,,,draft,Solar Kit|Neosolar,2,1,2,0,Solar Kit Off-Grid
,,1,48,kits,BRL,Neosolar,NEO-26968,,,,,,"Kit de Energia Solar Off Grid c/ Inv-car - 2,5kWp 100Ah 24/220V Lítio (26968)",,,620,4,5.0,2480,0,,,draft,Solar Kit|Neosolar,1,0,4,0,Solar Kit Off-Grid
,,7,48,kits,BRL,Neosolar,NEO-26991,,,,,,"Kit de Energia Solar Off Grid c/ Inv-car - 6,2kWp 100Ah 24/220V Lítio (26991)",,,620,10,2.0,6200,0,,,draft,Solar Kit|Neosolar,7,0,10,0,Solar Kit Off-Grid
,,7,48,kits,BRL,Neosolar,NEO-26975,,,,,,"Kit de Energia Solar Off Grid c/ Inv-car - 6,2kWp 100Ah 24/220V Lítio (26975)",,,620,10,2.0,6200,0,,,draft,Solar Kit|Neosolar,7,0,10,0,Solar Kit Off-Grid
,,1,48,kits,BRL,Neosolar,NEO-26984,,,,,,"Kit de Energia Solar Off Grid c/ Inv-car - 2,5kWp 100Ah 24/220V Lítio (26984)",,,620,4,5.0,2480,0,,,draft,Solar Kit|Neosolar,1,0,4,0,Solar Kit Off-Grid
,,3,48,kits,BRL,Neosolar,NEO-26971,,,,,,"Kit de Energia Solar Off Grid c/ Inv-car - 3,1kWp 100Ah 24/220V Lítio (26971)",,,620,5,1.0,3100,0,,,draft,Solar Kit|Neosolar,3,0,5,0,Solar Kit Off-Grid
,,4,48,kits,BRL,Neosolar,NEO-26972,,,,,,"Kit de Energia Solar Off Grid c/ Inv-car - 3,7kWp 100Ah 24/220V Lítio (26972)",,,620,6,7.0,3720,0,,,draft,Solar Kit|Neosolar,4,0,6,0,Solar Kit Off-Grid
,,2,48,kits,BRL,Neosolar,NEO-26969,,,,,,"Kit de Energia Solar Off Grid c/ Inv-car - 3,7kWp 100Ah 24/220V Lítio (26969)",,,620,6,7.0,3720,0,,,draft,Solar Kit|Neosolar,2,0,6,0,Solar Kit Off-Grid
,,2,48,kits,BRL,Neosolar,NEO-26970,,,,,,"Kit de Energia Solar Off Grid c/ Inv-car - 1,9kWp 100Ah 24/220V Lítio (26970)",,,620,3,9.0,1860,0,,,draft,Solar Kit|Neosolar,2,0,3,0,Solar Kit Off-Grid
,,4,48,kits,BRL,Neosolar,NEO-26988,,,,,,"Kit de Energia Solar Off Grid c/ Inv-car - 3,7kWp 100Ah 24/220V Lítio (26988)",,,620,6,7.0,3720,0,,,draft,Solar Kit|Neosolar,4,0,6,0,Solar Kit Off-Grid
,,3,48,kits,BRL,Neosolar,NEO-26987,,,,,,"Kit de Energia Solar Off Grid c/ Inv-car - 3,1kWp 100Ah 24/220V Lítio (26987)",,,620,5,1.0,3100,0,,,draft,Solar Kit|Neosolar,3,0,5,0,Solar Kit Off-Grid
,,2,48,kits,BRL,Neosolar,NEO-26986,,,,,,"Kit de Energia Solar Off Grid c/ Inv-car - 1,9kWp 100Ah 24/220V Lítio (26986)",,,620,3,9.0,1860,0,,,draft,Solar Kit|Neosolar,2,0,3,0,Solar Kit Off-Grid
,,2,48,kits,BRL,Neosolar,NEO-26985,,,,,,"Kit de Energia Solar Off Grid c/ Inv-car - 3,7kWp 100Ah 24/220V Lítio (26985)",,,620,6,7.0,3720,0,,,draft,Solar Kit|Neosolar,2,0,6,0,Solar Kit Off-Grid
,,1,48,kits,BRL,Neosolar,NEO-27314,https://portal.zydon.com.br/api/files/cfdc6dad-4082-4bb5-878a-d9b7456395f5/content?ingress=portalb2b.neosolar.com.br,,,,1,"Kit Energia Solar Off Grid - 1,24kWp 100Ah/48V Lítio (27314)",,,620,2,24.0,1240,6896.31,,,draft,Solar Kit|Neosolar,1,1,2,0,Solar Kit Off-Grid
,,1,6,kits,BRL,Neosolar,NEO-25049,https://portal.zydon.com.br/api/files/2090556f-04e2-4644-bcfb-70480e65e3af/content?ingress=portalb2b.neosolar.com.br,,,,1,Kit Energia Solar Off Grid - 680Wp 100Ah/24V Lítio (25049),,,340,2,0.68,680,5897.16,,,draft,Solar Kit|Neosolar,1,1,2,0,Solar Kit Off-Grid
,,1,6,kits,BRL,Neosolar,NEO-27475,https://portal.zydon.com.br/api/files/af8a3c8c-1ced-4340-9ee3-950705043f59/content?ingress=portalb2b.neosolar.com.br,,,,1,Kit Energia Solar Off Grid - 680Wp 100Ah/24V Lítio (27475),,,340,2,0.68,680,5925.34,,,draft,Solar Kit|Neosolar,1,1,2,0,Solar Kit Off-Grid
,,1,6,kits,BRL,Neosolar,NEO-25164,https://portalb2b.neosolar.com.br/b2b-noimage-white.svg,,,,1,Kit Energia Solar Off Grid - 680Wp 100Ah/24V Lítio 1000W/127V Ztroon,,,340,2,0.68,680,6760.28,,,draft,Solar Kit|Neosolar,1,1,2,0,Solar Kit Off-Grid
,,2,48,kits,BRL,Neosolar,NEO-27315,https://portal.zydon.com.br/api/files/b8854855-516a-437d-80be-3d7b80099cd0/content?ingress=portalb2b.neosolar.com.br,,,,1,"Kit Energia Solar Off Grid - 1,24kWp 100Ah/48V Lítio (27315)",,,620,4,24.0,2480,12909.01,,,draft,Solar Kit|Neosolar,2,1,4,0,Solar Kit Off-Grid
,,1,12,kits,BRL,Neosolar,NEO-23927,https://portal.zydon.com.br/api/files/83064596-0d87-4e31-9a51-3567bef61e6c/content?ingress=portalb2b.neosolar.com.br,,,,1,Kit Energia Solar Off Grid s/ Inversor - 30Wp 115/105Ah 12V Estacionária (23927),,,30,1,0.03,30,1248.54,,,draft,Solar Kit|Neosolar,1,1,1,0,Solar Kit Off-Grid
,,1,48,kits,BRL,Neosolar,NEO-27347,https://portal.zydon.com.br/api/files/2e6540f2-a35f-407e-b7e4-289e7b750caf/content?ingress=portalb2b.neosolar.com.br,,,,1,"Kit Energia Solar Off Grid - 1,24kWp 100Ah/48V Lítio - Inversor 2000W 48/127 (27347)",,,620,2,24.0,1240,0,,,draft,Solar Kit|Neosolar,1,2,2,0,Solar Kit Off-Grid
,,2,48,kits,BRL,Neosolar,NEO-27349,https://portal.zydon.com.br/api/files/068f88cc-b9e3-40c6-8445-804d8973a3ec/content?ingress=portalb2b.neosolar.com.br,,,,1,"Kit Energia Solar Off Grid - 1,24kWp 100Ah/48V Lítio  - Inversor 2000W 48/127 (27349)",,,620,4,24.0,2480,0,,,draft,Solar Kit|Neosolar,2,2,4,0,Solar Kit Off-Grid
,,1,12,kits,BRL,Neosolar,NEO-23928,https://portal.zydon.com.br/api/files/3711c72b-e21a-441a-bf0e-7c2a9047e7f0/content?ingress=portalb2b.neosolar.com.br,,,,1,Kit Energia Solar Off Grid s/ Inversor - 60Wp 115/105Ah 12V Estacionária (23928),,,60,1,0.06,60,1335.69,,,draft,Solar Kit|Neosolar,1,1,1,0,Solar Kit Off-Grid
,,1,12,kits,BRL,Neosolar,NEO-27339,https://portal.zydon.com.br/api/files/71d09171-d95d-414b-8098-c8aa51a9e7a1/content?ingress=portalb2b.neosolar.com.br,,,,1,Kit Energia Solar Off Grid s/ Inversor - 100Wp 115/105Ah 12V Estacionária (27339),,,100,1,0.1,100,1113.09,,,draft,Solar Kit|Neosolar,1,1,1,0,Solar Kit Off-Grid
,,1,12,kits,BRL,Neosolar,NEO-23929,https://portal.zydon.com.br/api/files/e69b0418-7f5a-4cbb-b192-4d3c85469019/content?ingress=portalb2b.neosolar.com.br,,,,1,Kit Energia Solar Off Grid s/ Inversor - 100Wp 115/105Ah 12V Estacionária (23929),,,100,1,0.1,100,1335.69,,,draft,Solar Kit|Neosolar,1,1,1,0,Solar Kit Off-Grid
,,2,12,kits,BRL,Neosolar,NEO-27476,https://portal.zydon.com.br/api/files/b0796b0b-50fb-4517-bda9-fdc52d918e47/content?ingress=portalb2b.neosolar.com.br,,,,1,Kit Energia Solar Off Grid - 680Wp 220Ah/24V (27476),,,340,2,0.68,680,4477.87,,,draft,Solar Kit|Neosolar,2,1,2,0,Solar Kit Off-Grid
,,1,12,kits,BRL,Neosolar,NEO-25131,https://portal.zydon.com.br/api/files/13b8f6d1-0f3b-40a9-a10e-2435a4a9f3d6/content?ingress=portalb2b.neosolar.com.br,,,,1,Kit Energia Solar para Starlink - 10h/dia (até 1.280 Wh/dia) - Chumbo (25131),,,320,320,102.4,102400,2800.88,,,draft,Solar Kit|Neosolar,1,1,320,0,Solar Kit Off-Grid
,,1,12,kits,BRL,Neosolar,NEO-26721,https://portal.zydon.com.br/api/files/1d885ade-f87c-444a-9380-cb1f1ea67062/content?ingress=portalb2b.neosolar.com.br,,,,1,Kit Energia Solar Off Grid s/ Inversor - 320Wp 240Ah / 220Ah 12V Estacionária (26721),,,160,2,0.32,320,2249.79,,,draft,Solar Kit|Neosolar,1,1,2,0,Solar Kit Off-Grid
,,1,12,kits,BRL,Neosolar,NEO-26720,https://portal.zydon.com.br/api/files/98d12825-13dc-47f1-b454-38628d4805cc/content?ingress=portalb2b.neosolar.com.br,,,,1,Kit Energia Solar Off Grid s/ Inversor - 320Wp 240Ah / 220Ah 12V Estacionária (26720),,,160,2,0.32,320,2195.68,,,draft,Solar Kit|Neosolar,1,1,2,0,Solar Kit Off-Grid
,,1,12,kits,BRL,Neosolar,NEO-25158,https://portalb2b.neosolar.com.br/b2b-noimage-white.svg,,,,1,Kit Energia Solar Off Grid - 160Wp 105Ah/12V 600W/127V Ztroon,,,160,1,0.16,160,2066.4,,,draft,Solar Kit|Neosolar,1,1,1,0,Solar Kit Off-Grid
,,2,12,kits,BRL,Neosolar,NEO-26722,https://portal.zydon.com.br/api/files/338fea19-d94b-4866-bd79-e01a9b4248d4/content?ingress=portalb2b.neosolar.com.br,,,,1,Kit Energia Solar Off Grid s/ Inversor - 480Wp 240Ah / 220Ah 12V Estacionária (26722),,,160,3,0.48,480,4096.94,,,draft,Solar Kit|Neosolar,2,1,3,0,Solar Kit Off-Grid
,,1,48,kits,BRL,Neosolar,NEO-27348,https://portal.zydon.com.br/api/files/24a67454-08a7-465c-af1f-dea016e95f76/content?ingress=portalb2b.neosolar.com.br,,,,1,"Kit Energia Solar Off Grid - 1,24kWp 100Ah/48V Lítio - Inversor 2000W 48/220 (27348)",,,620,2,24.0,1240,0,,,draft,Solar Kit|Neosolar,1,2,2,0,Solar Kit Off-Grid
,,2,48,kits,BRL,Neosolar,NEO-27378,https://portal.zydon.com.br/api/files/4043f6be-13f7-46b6-bb4f-c539af5b5e4e/content?ingress=portalb2b.neosolar.com.br,,,,1,"Kit Energia Solar Off Grid - 1,24kWp 100Ah/48V Lítio  - Inversor 2000W 48/220 (27378)",,,620,4,24.0,2480,13837.36,,,draft,Solar Kit|Neosolar,2,2,4,0,Solar Kit Off-Grid
,,3,12,kits,BRL,Neosolar,NEO-27313,https://portal.zydon.com.br/api/files/1e0197ce-fa25-4cd6-9027-3ed34ee417ed/content?ingress=portalb2b.neosolar.com.br,,,,1,Kit Energia Solar Off Grid s/ Inversor - 960Wp 240Ah / 220Ah 12V Estacionária (27313),,,160,6,0.96,960,6603.59,,,draft,Solar Kit|Neosolar,3,1,6,0,Solar Kit Off-Grid
,,1,12,kits,BRL,Neosolar,NEO-25130,https://portal.zydon.com.br/api/files/bf5101bb-a999-4d59-bff1-ade2037fb0c1/content?ingress=portalb2b.neosolar.com.br,,,,1,Kit Energia Solar para Starlink - 06h/dia (até 640 Wh/dia) - Chumbo (25130),,,160,160,25.6,25600,2365.8,,,draft,Solar Kit|Neosolar,1,1,160,0,Solar Kit Off-Grid
,,2,12,kits,BRL,Neosolar,NEO-25048,https://portal.zydon.com.br/api/files/ea32e3c6-2ef4-4895-97a2-d290e2d3f9e4/content?ingress=portalb2b.neosolar.com.br,,,,1,Kit Energia Solar Off Grid - 340Wp 105Ah/24V (25048),,,340,1,0.34,340,2596.31,,,draft,Solar Kit|Neosolar,2,1,1,0,Solar Kit Off-Grid
,,1,12,kits,BRL,Neosolar,NEO-25047,https://portal.zydon.com.br/api/files/b68dae69-1c7c-48b3-846a-b1fb519a1652/content?ingress=portalb2b.neosolar.com.br,,,,1,Kit Energia Solar Off Grid - 320Wp 150Ah/12V (25047),,,160,2,0.32,320,2159.1,,,draft,Solar Kit|Neosolar,1,1,2,0,Solar Kit Off-Grid
,,2,12,kits,BRL,Neosolar,NEO-25163,https://portalb2b.neosolar.com.br/b2b-noimage-white.svg,,,,1,Kit Energia Solar Off Grid - 340Wp 105Ah/24V 1000W/220V Ztroon,,,340,1,0.34,340,3511.28,,,draft,Solar Kit|Neosolar,2,1,1,0,Solar Kit Off-Grid
,,1,12,kits,BRL,Neosolar,NEO-25160,https://portalb2b.neosolar.com.br/b2b-noimage-white.svg,,,,1,Kit Energia Solar Off Grid - 320Wp 150Ah/12V 600W/127V Ztroon,,,160,2,0.32,320,2808.15,,,draft,Solar Kit|Neosolar,1,1,2,0,Solar Kit Off-Grid
,,2,12,kits,BRL,Neosolar,NEO-25162,https://portalb2b.neosolar.com.br/b2b-noimage-white.svg,,,,1,Kit Energia Solar Off Grid - 340Wp 105Ah/24V 1000W/127V Ztroon,,,340,1,0.34,340,3459.44,,,draft,Solar Kit|Neosolar,2,1,1,0,Solar Kit Off-Grid
,,1,48,kits,BRL,Neosolar,NEO-27267,https://portal.zydon.com.br/api/files/4df5cd62-233e-45c5-99b8-2ccda71fbfd2/content?ingress=portalb2b.neosolar.com.br,,,,,"Kit de Energia Solar Off Grid c/ Inv-car - 2,5kWp 100Ah 48/220V Lítio",,,620,4,5.0,2480,11193.04,,,draft,Solar Kit|Neosolar,1,0,4,0,Solar Kit Off-Grid
,,1,48,kits,BRL,Neosolar,NEO-27303,https://portal.zydon.com.br/api/files/6eae8354-3174-401e-85c5-892dd8e3caaf/content?ingress=portalb2b.neosolar.com.br,,,,,"Kit de Energia Solar Off Grid c/ Inv-car - 2,5kWp 100Ah 48/220V Lítio",,,620,4,5.0,2480,10911.3,,,draft,Solar Kit|Neosolar,1,0,4,0,Solar Kit Off-Grid
,,1,48,kits,BRL,Neosolar,NEO-27299,https://portal.zydon.com.br/api/files/b857d553-0c17-4bbd-a811-1898cfb588a4/content?ingress=portalb2b.neosolar.com.br,,,,,"Kit de Energia Solar Off Grid c/ Inv-car - 2,5kWp 100Ah 48/220V Lítio",,,620,4,5.0,2480,10377.48,,,draft,Solar Kit|Neosolar,1,0,4,0,Solar Kit Off-Grid
,,1,48,kits,BRL,Neosolar,NEO-27263,https://portal.zydon.com.br/api/files/54b92be7-7e8f-4746-be90-62fd84b3f9a6/content?ingress=portalb2b.neosolar.com.br,,,,,"Kit de Energia Solar Off Grid c/ Inv-car - 2,5kWp 100Ah 48/220V Lítio",,,620,4,5.0,2480,10659.23,,,draft,Solar Kit|Neosolar,1,0,4,0,Solar Kit Off-Grid
,,1,48,kits,BRL,Neosolar,NEO-27259,https://portal.zydon.com.br/api/files/809471e3-2560-46ff-b444-344573250c32/content?ingress=portalb2b.neosolar.com.br,,,,,"Kit de Energia Solar Off Grid c/ Inv-car - 2,5kWp 100Ah 48/220V Lítio",,,620,4,5.0,2480,24612.14,,,draft,Solar Kit|Neosolar,1,0,4,0,Solar Kit Off-Grid
,,1,12,kits,BRL,Neosolar,NEO-23699,https://portal.zydon.com.br/api/files/f2a0af91-2ec7-41b6-b4ab-53827b79ac67/content?ingress=portalb2b.neosolar.com.br,,,,1,Kit Energia Solar para Starlink - 06h/dia (até 640 Wh/dia) - Chumbo (23699),,,160,160,25.6,25600,0,,,draft,Solar Kit|Neosolar,1,1,160,0,Solar Kit Off-Grid
,,1,12,kits,BRL,Neosolar,NEO-25129,https://portal.zydon.com.br/api/files/c557aa12-84bd-49e5-a646-d3fab8a563dc/content?ingress=portalb2b.neosolar.com.br,,,,1,Kit Energia Solar para Starlink - 06h/dia (até 640 Wh/dia) - Chumbo (25129),,,160,160,25.6,25600,2308.33,,,draft,Solar Kit|Neosolar,1,1,160,0,Solar Kit Off-Grid
,,1,12,kits,BRL,Neosolar,NEO-23703,https://portal.zydon.com.br/api/files/dec6fd92-f947-494a-8f78-67b07877cfef/content?ingress=portalb2b.neosolar.com.br,,,,1,Kit Energia Solar para Starlink - 10h/dia (até 1.280 Wh/dia) - Chumbo (23703),,,320,320,102.4,102400,0,,,draft,Solar Kit|Neosolar,1,1,320,0,Solar Kit Off-Grid
,,4,48,kits,BRL,Neosolar,NEO-27266,https://portal.zydon.com.br/api/files/c5fd4272-1aa2-4bea-beed-5d619310ab3b/content?ingress=portalb2b.neosolar.com.br,,,,,"Kit de Energia Solar Off Grid c/ Inv-car - 5,0kWp 100Ah 48/220V Lítio",,,620,8,4.96,4960,27052.83,,,draft,Solar Kit|Neosolar,4,0,8,0,Solar Kit Off-Grid
,,2,48,kits,BRL,Neosolar,NEO-27304,https://portal.zydon.com.br/api/files/cedcca07-1200-4524-ab3c-55fb95328188/content?ingress=portalb2b.neosolar.com.br,,,,,"Kit de Energia Solar Off Grid c/ Inv-car - 3,7kWp 100Ah 48/220V Lítio",,,620,6,7.0,3720,17905.56,,,draft,Solar Kit|Neosolar,2,0,6,0,Solar Kit Off-Grid
,,4,48,kits,BRL,Neosolar,NEO-27298,https://portal.zydon.com.br/api/files/c7d66d3a-6362-4897-b1cc-6270b89e876a/content?ingress=portalb2b.neosolar.com.br,,,,,"Kit de Energia Solar Off Grid c/ Inv-car - 5,0kWp 100Ah 48/220V Lítio",,,620,8,4.96,4960,33358.45,,,draft,Solar Kit|Neosolar,4,0,8,0,Solar Kit Off-Grid
,,3,48,kits,BRL,Neosolar,NEO-27297,https://portal.zydon.com.br/api/files/af67ea85-8afd-4126-9734-900b60a6e591/content?ingress=portalb2b.neosolar.com.br,,,,,"Kit de Energia Solar Off Grid c/ Inv-car - 5,0kWp 100Ah 48/220V Lítio",,,620,8,4.96,4960,54731.22,,,draft,Solar Kit|Neosolar,3,0,8,0,Solar Kit Off-Grid
,,3,48,kits,BRL,Neosolar,NEO-27305,,,,,,"Kit de Energia Solar Off Grid c/ Inv-car - 5,0kWp 100Ah 48/220V Lítio",,,620,8,4.96,4960,24026.52,,,draft,Solar Kit|Neosolar,3,0,8,0,Solar Kit Off-Grid
,,4,48,kits,BRL,Neosolar,NEO-27306,https://portal.zydon.com.br/api/files/571eec38-74e1-4637-9cfc-7ffc2ba692b6/content?ingress=portalb2b.neosolar.com.br,,,,,"Kit de Energia Solar Off Grid c/ Inv-car - 5,0kWp 100Ah 48/220V Lítio",,,,,0.0,0,28906.33,,,draft,Solar Kit|Neosolar,4,0,0,0,Solar Kit Off-Grid
,,3,48,kits,BRL,Neosolar,NEO-27269,https://portal.zydon.com.br/api/files/59fc8d02-fe75-4490-ad09-2c7f79b8969f/content?ingress=portalb2b.neosolar.com.br,,,,,"Kit de Energia Solar Off Grid c/ Inv-car - 5,0kWp 100Ah 48/220V Lítio",,,620,8,4.96,4960,24308.27,,,draft,Solar Kit|Neosolar,3,0,8,0,Solar Kit Off-Grid
,,2,48,kits,BRL,Neosolar,NEO-27268,https://portal.zydon.com.br/api/files/f5b10be3-8a63-4273-b74b-3dd64022ae96/content?ingress=portalb2b.neosolar.com.br,,,,,"Kit de Energia Solar Off Grid c/ Inv-car - 3,7kWp 100Ah 48/220V Lítio",,,620,6,7.0,3720,18187.3,,,draft,Solar Kit|Neosolar,2,0,6,0,Solar Kit Off-Grid
,,2,48,kits,BRL,Neosolar,NEO-27300,https://portal.zydon.com.br/api/files/e66abee9-8f2d-4bb3-bc19-69e7634afe42/content?ingress=portalb2b.neosolar.com.br,,,,,"Kit de Energia Solar Off Grid c/ Inv-car - 3,7kWp 100Ah 48/220V Lítio",,,620,6,7.0,3720,16837.93,,,draft,Solar Kit|Neosolar,2,0,6,0,Solar Kit Off-Grid
,,4,48,kits,BRL,Neosolar,NEO-27302,https://portal.zydon.com.br/api/files/5b8956da-3ab3-41cd-9d16-5de703e77ed9/content?ingress=portalb2b.neosolar.com.br,,,,,"Kit de Energia Solar Off Grid c/ Inv-car - 5,0kWp 100Ah 48/220V Lítio",,,620,8,4.96,4960,26771.08,,,draft,Solar Kit|Neosolar,4,0,8,0,Solar Kit Off-Grid
,,3,48,kits,BRL,Neosolar,NEO-27301,,,,,,"Kit de Energia Solar Off Grid c/ Inv-car - 5,0kWp 100Ah 48/220V Lítio",,,620,8,4.96,4960,22425.08,,,draft,Solar Kit|Neosolar,3,0,8,0,Solar Kit Off-Grid
,,2,48,kits,BRL,Neosolar,NEO-27296,https://portal.zydon.com.br/api/files/563ee4c0-edcc-4be2-9205-3feaa5032f26/content?ingress=portalb2b.neosolar.com.br,,,,,"Kit de Energia Solar Off Grid c/ Inv-car - 3,7kWp 100Ah 48/220V Lítio",,,620,6,7.0,3720,40263.23,,,draft,Solar Kit|Neosolar,2,0,6,0,Solar Kit Off-Grid
,,4,48,kits,BRL,Neosolar,NEO-27270,https://portal.zydon.com.br/api/files/adfd0473-7fc7-4450-ae02-888ba94d2c7e/content?ingress=portalb2b.neosolar.com.br,,,,,"Kit de Energia Solar Off Grid c/ Inv-car - 5,0kWp 100Ah 48/220V Lítio",,,620,8,4.96,4960,29188.08,,,draft,Solar Kit|Neosolar,4,0,8,0,Solar Kit Off-Grid
,,2,48,kits,BRL,Neosolar,NEO-27260,https://portal.zydon.com.br/api/files/07e99164-db97-4bac-aff1-b2503b25324a/content?ingress=portalb2b.neosolar.com.br,,,,,"Kit de Energia Solar Off Grid c/ Inv-car - 3,7kWp 100Ah 48/220V Lítio",,,620,6,7.0,3720,40826.73,,,draft,Solar Kit|Neosolar,2,0,6,0,Solar Kit Off-Grid
,,3,48,kits,BRL,Neosolar,NEO-27261,https://portal.zydon.com.br/api/files/9d1f4672-2fbf-4580-888d-1b75b343596d/content?ingress=portalb2b.neosolar.com.br,,,,,"Kit de Energia Solar Off Grid c/ Inv-car - 5,0kWp 100Ah 48/220V Lítio",,,620,8,4.96,4960,55294.7,,,draft,Solar Kit|Neosolar,3,0,8,0,Solar Kit Off-Grid
,,2,48,kits,BRL,Neosolar,NEO-27264,https://portal.zydon.com.br/api/files/1707ae1c-db56-4d8a-9c7d-e75571502132/content?ingress=portalb2b.neosolar.com.br,,,,,"Kit de Energia Solar Off Grid c/ Inv-car - 3,7kWp 100Ah 48/220V Lítio",,,620,6,7.0,3720,17119.68,,,draft,Solar Kit|Neosolar,2,0,6,0,Solar Kit Off-Grid
,,3,48,kits,BRL,Neosolar,NEO-27265,https://portal.zydon.com.br/api/files/db69d46b-d292-4c9d-8408-814f31108a00/content?ingress=portalb2b.neosolar.com.br,,,,,"Kit de Energia Solar Off Grid c/ Inv-car - 5,0kWp 100Ah 48/220V Lítio",,,620,8,4.96,4960,22706.82,,,draft,Solar Kit|Neosolar,3,0,8,0,Solar Kit Off-Grid
,,4,48,kits,BRL,Neosolar,NEO-27262,https://portal.zydon.com.br/api/files/dfa9ce23-9c5e-44d3-b38b-41a7339bc866/content?ingress=portalb2b.neosolar.com.br,,,,,"Kit de Energia Solar Off Grid c/ Inv-car - 5,0kWp 100Ah 48/220V Lítio",,,620,8,4.96,4960,33640.19,,,draft,Solar Kit|Neosolar,4,0,8,0,Solar Kit Off-Grid
,,1,12,kits,BRL,Neosolar,NEO-26723,https://portal.zydon.com.br/api/files/97d04123-c3a4-4d99-9480-9b8592c0cb6a/content?ingress=portalb2b.neosolar.com.br,,,,1,Kit Energia Solar Off Grid s/ Inversor - 160Wp 165Ah / 150Ah 12V Estacionária (26723),,,160,1,0.16,160,1559.27,,,draft,Solar Kit|Neosolar,1,1,1,0,Solar Kit Off-Grid
,,7,48,kits,BRL,Neosolar,NEO-26701,https://portal.zydon.com.br/api/files/77621f15-e3c5-4ffa-abb6-36d7c8f7dae7/content?ingress=portalb2b.neosolar.com.br,,,,,"Kit de Energia Solar Off Grid c/ Inv-car - 6,2kWp 100Ah 24/220V Lítio (26701)",,,620,10,2.0,6200,55013.66,,,draft,Solar Kit|Neosolar,7,0,10,0,Solar Kit Off-Grid
,,1,12,kits,BRL,Neosolar,NEO-25132,https://portal.zydon.com.br/api/files/eef61176-9ca2-4a16-bb62-0de71b8b738d/content?ingress=portalb2b.neosolar.com.br,,,,1,Kit Energia Solar para Starlink - 10h/dia (até 1.280 Wh/dia) - Chumbo (25132),,,320,320,102.4,102400,2858.35,,,draft,Solar Kit|Neosolar,1,1,320,0,Solar Kit Off-Grid
,,1,12,kits,BRL,Neosolar,NEO-25044,https://portal.zydon.com.br/api/files/37894d52-0c9f-4ff8-bc0b-ff7f7527425a/content?ingress=portalb2b.neosolar.com.br,,,,1,Kit Energia Solar Off Grid - 60Wp 45Ah/12V (25044),,,60,1,0.06,60,913.01,,,draft,Solar Kit|Neosolar,1,1,1,0,Solar Kit Off-Grid
,,1,12,kits,BRL,Neosolar,NEO-25045,https://portal.zydon.com.br/api/files/4c1cd2a4-283f-4d91-8836-3ac7071dbb58/content?ingress=portalb2b.neosolar.com.br,,,,1,Kit Energia Solar Off Grid - 100Wp 45Ah/12V (25045),,,100,1,0.1,100,928.98,,,draft,Solar Kit|Neosolar,1,1,1,0,Solar Kit Off-Grid
,,1,12,kits,BRL,Neosolar,NEO-25043,https://portal.zydon.com.br/api/files/7959d3d6-18a3-4766-b2a3-03575b653b2d/content?ingress=portalb2b.neosolar.com.br,,,,1,Kit Energia Solar Off Grid - 30Wp 45Ah/12V (25043),,,30,1,0.03,30,858.28,,,draft,Solar Kit|Neosolar,1,1,1,0,Solar Kit Off-Grid
,,1,12,kits,BRL,Neosolar,NEO-25154,https://portalb2b.neosolar.com.br/b2b-noimage-white.svg,,,,1,Kit Energia Solar Off Grid - 60Wp 45Ah/12V 600W/127V Ztroon,,,60,1,0.06,60,1560.14,,,draft,Solar Kit|Neosolar,1,1,1,0,Solar Kit Off-Grid
,,1,12,kits,BRL,Neosolar,NEO-25156,https://portalb2b.neosolar.com.br/b2b-noimage-white.svg,,,,1,Kit Energia Solar Off Grid - 100Wp 45Ah/12V 600W/127V Ztroon,,,100,1,0.1,100,1576.11,,,draft,Solar Kit|Neosolar,1,1,1,0,Solar Kit Off-Grid
,,2,48,kits,BRL,Neosolar,NEO-26695,https://portal.zydon.com.br/api/files/02f12091-0c0a-451c-8b9a-9d6aa9067b37/content?ingress=portalb2b.neosolar.com.br,,,,,"Kit de Energia Solar Off Grid c/ Inv-car - 3,7kWp 100Ah 24/220V Lítio (26695)",,,620,6,7.0,3720,21466.24,,,draft,Solar Kit|Neosolar,2,0,6,0,Solar Kit Off-Grid
,,1,48,kits,BRL,Neosolar,NEO-26694,https://portal.zydon.com.br/api/files/674821ee-b9a8-4648-9db8-45c2704cf5c1/content?ingress=portalb2b.neosolar.com.br,,,,,"Kit de Energia Solar Off Grid c/ Inv-car - 2,5kWp 100Ah 48/220V Lítio",,,620,4,5.0,2480,14232.26,,,draft,Solar Kit|Neosolar,1,0,4,0,Solar Kit Off-Grid
,,4,48,kits,BRL,Neosolar,NEO-26698,https://portal.zydon.com.br/api/files/95eb91ee-3352-4702-b104-a1bdc66b1c20/content?ingress=portalb2b.neosolar.com.br,,,,,"Kit de Energia Solar Off Grid c/ Inv-car - 3,7kWp 100Ah 24/220V Lítio (26698)",,,620,6,7.0,3720,33679.53,,,draft,Solar Kit|Neosolar,4,0,6,0,Solar Kit Off-Grid
,,5,48,kits,BRL,Neosolar,NEO-26699,https://portal.zydon.com.br/api/files/bc9942ac-abe6-4df5-9309-0106d7e1c7c1/content?ingress=portalb2b.neosolar.com.br,,,,,"Kit de Energia Solar Off Grid c/ Inv-car - 6,2kWp 100Ah 24/220V Lítio (26699)",,,620,10,2.0,6200,42800.37,,,draft,Solar Kit|Neosolar,5,0,10,0,Solar Kit Off-Grid
,,3,48,kits,BRL,Neosolar,NEO-26697,https://portal.zydon.com.br/api/files/3d25b276-df8c-493d-b81e-0198b55c1b66/content?ingress=portalb2b.neosolar.com.br,,,,,"Kit de Energia Solar Off Grid c/ Inv-car - 3,1kWp 100Ah 24/220V Lítio (26697)",,,620,5,1.0,3100,26838.52,,,draft,Solar Kit|Neosolar,3,0,5,0,Solar Kit Off-Grid
,,2,48,kits,BRL,Neosolar,NEO-26696,https://portal.zydon.com.br/api/files/b25025f7-5a76-4353-80bd-8f1b673e0215/content?ingress=portalb2b.neosolar.com.br,,,,,"Kit de Energia Solar Off Grid c/ Inv-car - 1,9kWp 100Ah 24/220V Lítio (26696)",,,620,3,9.0,1860,19604.52,,,draft,Solar Kit|Neosolar,2,0,3,0,Solar Kit Off-Grid
,,6,48,kits,BRL,Neosolar,NEO-26700,https://portal.zydon.com.br/api/files/d2fc71b6-85bd-44bc-b4cb-e66892bc9044/content?ingress=portalb2b.neosolar.com.br,,,,,"Kit de Energia Solar Off Grid c/ Inv-car - 6,2kWp 100Ah 24/220V Lítio (26700)",,,620,10,2.0,6200,48793.21,,,draft,Solar Kit|Neosolar,6,0,10,0,Solar Kit Off-Grid
,,2,12,kits,BRL,Neosolar,NEO-25053,https://portal.zydon.com.br/api/files/cbedc1f2-f5a1-456f-a3f9-45152c6f2ed9/content?ingress=portalb2b.neosolar.com.br,,,,1,Kit Energia Solar Off Grid - 680Wp 220Ah/24V (25053),,,340,2,0.68,680,4633.58,,,draft,Solar Kit|Neosolar,2,1,2,0,Solar Kit Off-Grid
,,1,48,kits,BRL,Neosolar,NEO-26968,https://portal.zydon.com.br/api/files/5e05efaf-e906-478e-aecf-c3449d06dcbd/content?ingress=portalb2b.neosolar.com.br,,,,,"Kit de Energia Solar Off Grid c/ Inv-car - 2,5kWp 100Ah 24/220V Lítio (26968)",,,620,4,5.0,2480,0,,,draft,Solar Kit|Neosolar,1,0,4,0,Solar Kit Off-Grid
,,7,48,kits,BRL,Neosolar,NEO-26991,https://portal.zydon.com.br/api/files/300c2b14-0c93-463c-b01d-45e19c3575dd/content?ingress=portalb2b.neosolar.com.br,,,,,"Kit de Energia Solar Off Grid c/ Inv-car - 6,2kWp 100Ah 24/220V Lítio (26991)",,,620,10,2.0,6200,0,,,draft,Solar Kit|Neosolar,7,0,10,0,Solar Kit Off-Grid
,,7,48,kits,BRL,Neosolar,NEO-26975,https://portal.zydon.com.br/api/files/780b0379-b08d-4364-b78e-98269de37d9d/content?ingress=portalb2b.neosolar.com.br,,,,,"Kit de Energia Solar Off Grid c/ Inv-car - 6,2kWp 100Ah 24/220V Lítio (26975)",,,620,10,2.0,6200,0,,,draft,Solar Kit|Neosolar,7,0,10,0,Solar Kit Off-Grid
,,1,48,kits,BRL,Neosolar,NEO-26984,https://portal.zydon.com.br/api/files/bf81a2d8-46ee-4c08-8e52-264d526dd97c/content?ingress=portalb2b.neosolar.com.br,,,,,"Kit de Energia Solar Off Grid c/ Inv-car - 2,5kWp 100Ah 24/220V Lítio (26984)",,,620,4,5.0,2480,0,,,draft,Solar Kit|Neosolar,1,0,4,0,Solar Kit Off-Grid
,,3,48,kits,BRL,Neosolar,NEO-26971,https://portal.zydon.com.br/api/files/5801b467-d646-498f-8486-895e733d5c49/content?ingress=portalb2b.neosolar.com.br,,,,,"Kit de Energia Solar Off Grid c/ Inv-car - 3,1kWp 100Ah 24/220V Lítio (26971)",,,620,5,1.0,3100,0,,,draft,Solar Kit|Neosolar,3,0,5,0,Solar Kit Off-Grid
,,4,48,kits,BRL,Neosolar,NEO-26972,https://portal.zydon.com.br/api/files/45bae92c-1b7e-4f51-b5fb-30466040b4f4/content?ingress=portalb2b.neosolar.com.br,,,,,"Kit de Energia Solar Off Grid c/ Inv-car - 3,7kWp 100Ah 24/220V Lítio (26972)",,,620,6,7.0,3720,0,,,draft,Solar Kit|Neosolar,4,0,6,0,Solar Kit Off-Grid
,,2,48,kits,BRL,Neosolar,NEO-26969,https://portal.zydon.com.br/api/files/6aac6b46-1e2c-4ab8-96fc-8810e4c94c70/content?ingress=portalb2b.neosolar.com.br,,,,,"Kit de Energia Solar Off Grid c/ Inv-car - 3,7kWp 100Ah 24/220V Lítio (26969)",,,620,6,7.0,3720,0,,,draft,Solar Kit|Neosolar,2,0,6,0,Solar Kit Off-Grid
,,2,48,kits,BRL,Neosolar,NEO-26970,https://portal.zydon.com.br/api/files/a0758e5f-5841-4c29-80a2-cdf86cc835b4/content?ingress=portalb2b.neosolar.com.br,,,,,"Kit de Energia Solar Off Grid c/ Inv-car - 1,9kWp 100Ah 24/220V Lítio (26970)",,,620,3,9.0,1860,0,,,draft,Solar Kit|Neosolar,2,0,3,0,Solar Kit Off-Grid
,,4,48,kits,BRL,Neosolar,NEO-26988,https://portal.zydon.com.br/api/files/89e94cb3-8b98-4184-8358-2a51f2c37b34/content?ingress=portalb2b.neosolar.com.br,,,,,"Kit de Energia Solar Off Grid c/ Inv-car - 3,7kWp 100Ah 24/220V Lítio (26988)",,,620,6,7.0,3720,0,,,draft,Solar Kit|Neosolar,4,0,6,0,Solar Kit Off-Grid
,,3,48,kits,BRL,Neosolar,NEO-26987,https://portal.zydon.com.br/api/files/39524f16-af32-4ab8-a36a-486ed640779a/content?ingress=portalb2b.neosolar.com.br,,,,,"Kit de Energia Solar Off Grid c/ Inv-car - 3,1kWp 100Ah 24/220V Lítio (26987)",,,620,5,1.0,3100,0,,,draft,Solar Kit|Neosolar,3,0,5,0,Solar Kit Off-Grid
,,2,48,kits,BRL,Neosolar,NEO-26986,https://portal.zydon.com.br/api/files/df9282cd-5704-4985-85db-8a8a04479ab7/content?ingress=portalb2b.neosolar.com.br,,,,,"Kit de Energia Solar Off Grid c/ Inv-car - 1,9kWp 100Ah 24/220V Lítio (26986)",,,620,3,9.0,1860,0,,,draft,Solar Kit|Neosolar,2,0,3,0,Solar Kit Off-Grid
,,2,48,kits,BRL,Neosolar,NEO-26985,https://portal.zydon.com.br/api/files/57faf78c-278e-4087-88e2-9deb009f03cf/content?ingress=portalb2b.neosolar.com.br,,,,,"Kit de Energia Solar Off Grid c/ Inv-car - 3,7kWp 100Ah 24/220V Lítio (26985)",,,620,6,7.0,3720,0,,,draft,Solar Kit|Neosolar,2,0,6,0,Solar Kit Off-Grid
,,8,12,kits,BRL,Neosolar,NEO-24435,,,,,,"Kit de Energia Solar Nobreak c/ Inv-car - 3,51kWp 440Ah 48/220V (24435)",,,585,6,51.0,3510,0,,,draft,Solar Kit|Neosolar,8,0,6,0,Solar Kit Off-Grid
,,14,12,kits,BRL,Neosolar,NEO-24767,,,,,,"Kit de Energia Solar Nobreak c/ Inv-car - 4,27kWp 220Ah 24/220V (24767)",,,610,7,27.0,4270,0,,,draft,Solar Kit|Neosolar,14,0,7,0,Solar Kit Off-Grid
,,2,12,kits,BRL,Neosolar,NEO-24763,,,,,,"Kit de Energia Solar Nobreak c/ Inv-car - 1,83kWp 220Ah 24/220V (24763)",,,610,3,83.0,1830,0,,,draft,Solar Kit|Neosolar,2,0,3,0,Solar Kit Off-Grid
,,8,12,kits,BRL,Neosolar,NEO-24765,,,,,,"Kit de Energia Solar Nobreak c/ Inv-car - 2,44kWp 220Ah 24/220V (24765)",,,610,4,44.0,2440,0,,,draft,Solar Kit|Neosolar,8,0,4,0,Solar Kit Off-Grid
,,1,6,kits,BRL,Neosolar,NEO-24773,,,,,,"Kit de Energia Solar Off Grid c/ Inv-car - 1,83kWp 100Ah 24/220V Lítio (24773)",,,610,3,83.0,1830,0,,,draft,Solar Kit|Neosolar,1,0,3,0,Solar Kit Off-Grid
,,2,12,kits,BRL,Neosolar,NEO-24764,,,,,,"Kit de Energia Solar Nobreak c/ Inv-car - 1,83kWp 220Ah 24/220V (24764)",,,610,3,83.0,1830,0,,,draft,Solar Kit|Neosolar,2,0,3,0,Solar Kit Off-Grid
,,4,48,kits,BRL,Neosolar,NEO-24444,,,,,,"Kit de Energia Solar Nobreak c/ Inv-car - 2,17kWp 220Ah 48/220V (24444)",,,435,5,17.0,2175,0,,,draft,Solar Kit|Neosolar,4,0,5,0,Solar Kit Off-Grid
,,2,48,kits,BRL,Neosolar,NEO-22694,,,,,1,Kit Energia Solar Off Grid s/ Inversor - 2.32kWp 200Ah 48V Lítio (22694),,,580,4,2.32,2320,0,,,draft,Solar Kit|Neosolar,2,1,4,0,Solar Kit Off-Grid
,,1,12,kits,BRL,Neosolar,NEO-24119,,,,,1,Kit Energia Solar Off Grid s/ Inversor - 280Wp 220Ah 12V Chumbo (24119),,,280,1,0.28,280,0,,,draft,Solar Kit|Neosolar,1,1,1,0,Solar Kit Off-Grid
,,1,48,kits,BRL,Neosolar,NEO-24556,,,,,1,Kit Energia Solar Off Grid s/ Inversor - 1.17kWp 100Ah 48V Lítio (24556),,,585,2,1.17,1170,0,,,draft,Solar Kit|Neosolar,1,1,2,0,Solar Kit Off-Grid
,,2,48,kits,BRL,Neosolar,NEO-23939,,,,,1,Kit Energia Solar Off Grid s/ Inversor - 2.220Wp 100Ah 48V Lítio (23939),,,555,4,0.22,2220,0,,,draft,Solar Kit|Neosolar,2,1,4,0,Solar Kit Off-Grid
,,2,12,kits,BRL,Neosolar,NEO-23926,,,,,1,Kit Energia Solar Off Grid s/ Inversor - 480Wp 240Ah / 220Ah 12V Estacionária (23926),,,160,3,0.48,480,0,,,draft,Solar Kit|Neosolar,2,1,3,0,Solar Kit Off-Grid
,,2,12,kits,BRL,Neosolar,NEO-23932,,,,,1,Kit Energia Solar Off Grid s/ Inversor - 480Wp 240Ah / 220Ah 12V Estacionária (23932),,,160,3,0.48,480,0,,,draft,Solar Kit|Neosolar,2,1,3,0,Solar Kit Off-Grid
,,1,12,kits,BRL,Neosolar,NEO-24165,,,,,1,Kit Energia Solar Off Grid s/ Inversor - 320Wp 240Ah / 220Ah 12V Estacionária (23931),,,160,2,0.32,320,0,,,draft,Solar Kit|Neosolar,1,1,2,0,Solar Kit Off-Grid
,,4,12,kits,BRL,Neosolar,NEO-23936,,,,,1,Kit Energia Solar Off Grid s/ Inversor - 1.120Wp 240Ah / 220Ah 12V Estacionária (23936),,,160,7,0.12,1120,0,,,draft,Solar Kit|Neosolar,4,1,7,0,Solar Kit Off-Grid
,,2,48,kits,BRL,Neosolar,NEO-23938,,,,,1,Kit Energia Solar Off Grid s/ Inversor - 1.170Wp 105Ah 48V Lítio (23938),,,585,2,0.17,1170,0,,,draft,Solar Kit|Neosolar,2,1,2,0,Solar Kit Off-Grid
,,2,12,kits,BRL,Neosolar,NEO-22657,,,,,1,Kit Energia Solar Off Grid s/ Inversor - 330Wp 440Ah 12V Chumbo (22657),,,330,1,0.33,330,0,,,draft,Solar Kit|Neosolar,2,1,1,0,Solar Kit Off-Grid
,,1,12,kits,BRL,Neosolar,NEO-22656,,,,,1,Kit Energia Solar Off Grid s/ Inversor - 330Wp 220Ah 12V Chumbo (22656),,,330,1,0.33,330,0,,,draft,Solar Kit|Neosolar,1,1,1,0,Solar Kit Off-Grid
,,4,12,kits,BRL,Neosolar,NEO-22654,,,,,1,Kit Energia Solar Off Grid s/ Inversor - 560Wp 440Ah 24V Chumbo (22654),,,280,2,0.56,560,0,,,draft,Solar Kit|Neosolar,4,1,2,0,Solar Kit Off-Grid
,,2,12,kits,BRL,Neosolar,NEO-22653,,,,,1,Kit Energia Solar Off Grid s/ Inversor - 560Wp 220Ah 24V Chumbo (22653),,,280,2,0.56,560,0,,,draft,Solar Kit|Neosolar,2,1,2,0,Solar Kit Off-Grid
,,1,12,kits,BRL,Neosolar,NEO-22649,,,,,1,Kit Energia Solar Off Grid s/ Inversor - 280Wp 220Ah 12V Chumbo (22649),,,280,1,0.28,280,0,,,draft,Solar Kit|Neosolar,1,1,1,0,Solar Kit Off-Grid
,,4,12,kits,BRL,Neosolar,NEO-22631,,,,,1,Kit Energia Solar Off Grid s/ Inversor - 660Wp 300Ah 24V Chumbo (22631),,,330,2,0.66,660,0,,,draft,Solar Kit|Neosolar,4,1,2,0,Solar Kit Off-Grid
,,6,12,kits,BRL,Neosolar,NEO-22668,,,,,1,Kit Energia Solar Off Grid s/ Inversor - 1.12kWp 660Ah 24V Chumbo (22668),,,280,4,1.12,1120,0,,,draft,Solar Kit|Neosolar,6,1,4,0,Solar Kit Off-Grid
,,2,12,kits,BRL,Neosolar,NEO-22629,,,,,1,Kit Energia Solar Off Grid s/ Inversor - 330Wp 150Ah 24V Chumbo (22629),,,330,1,0.33,330,0,,,draft,Solar Kit|Neosolar,2,1,1,0,Solar Kit Off-Grid
,,6,48,kits,BRL,Neosolar,NEO-24551,,,,,,"Kit de Energia Solar Off Grid c/ Inv-car - 5,85kWp 600Ah 48/220V Lítio (24551)",,,585,10,85.0,5850,0,,,draft,Solar Kit|Neosolar,6,0,10,0,Solar Kit Off-Grid
,,4,48,kits,BRL,Neosolar,NEO-24553,,,,,,"Kit de Energia Solar Off Grid c/ Inv-car - 3,48kWp 400Ah 48/220V Lítio",,,435,8,48.0,3480,0,,,draft,Solar Kit|Neosolar,4,0,8,0,Solar Kit Off-Grid
,,8,48,kits,BRL,Neosolar,NEO-24615,,,,,,"Kit de Energia Solar Nobreak c/ Inv-car - 3,05kWp 440Ah 48/220V (24615)",,,435,7,5.0,3045,0,,,draft,Solar Kit|Neosolar,8,0,7,0,Solar Kit Off-Grid
,,2,48,kits,BRL,Neosolar,NEO-24549,,,,,,"Kit de Energia Solar Nobreak c/ Inv-car - 3,51kWp 200Ah 48/220V Lítio",,,585,6,51.0,3510,0,,,draft,Solar Kit|Neosolar,2,0,6,0,Solar Kit Off-Grid
,,12,12,kits,BRL,Neosolar,NEO-24758,,,,,,"Kit de Energia Solar Nobreak c/ Inv-car - 3,05kWp 220Ah 48/220V (24758)",,,610,5,5.0,3050,0,,,draft,Solar Kit|Neosolar,12,0,5,0,Solar Kit Off-Grid
,,4,12,kits,BRL,Neosolar,NEO-24756,,,,,,"Kit de Energia Solar Nobreak c/ Inv-car - 2,44kWp 220Ah 48/220V (24756)",,,610,4,44.0,2440,0,,,draft,Solar Kit|Neosolar,4,0,4,0,Solar Kit Off-Grid
,,4,12,kits,BRL,Neosolar,NEO-24757,,,,,,"Kit de Energia Solar Nobreak c/ Inv-car - 2,44kWp 220Ah 48/220V (24757)",,,610,4,44.0,2440,0,,,draft,Solar Kit|Neosolar,4,0,4,0,Solar Kit Off-Grid
,,1,48,kits,BRL,Neosolar,NEO-24760,,,,,,"Kit de Energia Solar Off Grid c/ Inv-car - 2,44kWp 100Ah 48/220V Lítio (24760)",,,610,4,44.0,2440,0,,,draft,Solar Kit|Neosolar,1,0,4,0,Solar Kit Off-Grid
,,12,48,kits,BRL,Neosolar,NEO-24448,,,,,,"Kit de Energia Solar Off Grid c/ Inversor Carregador - 2,61kWp 660Ah 48/220V (24448)",,,435,6,61.0,2610,0,,,draft,Solar Kit|Neosolar,12,0,6,0,Solar Kit Off-Grid
,,8,48,kits,BRL,Neosolar,NEO-24445,,,,,,"Kit de Energia Solar Nobreak c/ Inversor Carregador - 3,48kWp 440Ah 48/220V (24445)",,,435,8,48.0,3480,0,,,draft,Solar Kit|Neosolar,8,0,8,0,Solar Kit Off-Grid
,,8,12,kits,BRL,Neosolar,NEO-24436,,,,,,"Kit de Energia Solar Nobreak c/ Inv-car - 3,51kWp 440Ah 48/220V (24436)",,,585,6,51.0,3510,0,,,draft,Solar Kit|Neosolar,8,0,6,0,Solar Kit Off-Grid
,,12,12,kits,BRL,Neosolar,NEO-24437,,,,,,"Kit de Energia Solar Off Grid c/ Inv-car - 2,93kWp 660Ah 48/220V (24437)",,,585,5,93.0,2925,0,,,draft,Solar Kit|Neosolar,12,0,5,0,Solar Kit Off-Grid
,,4,12,kits,BRL,Neosolar,NEO-22680,,,,,1,Kit Energia Solar Off Grid s/ Inversor - 1.16kWp 440Ah 24V Chumbo (22680),,,580,2,1.16,1160,0,,,draft,Solar Kit|Neosolar,4,1,2,0,Solar Kit Off-Grid
,,6,12,kits,BRL,Neosolar,NEO-22681,,,,,1,Kit Energia Solar Off Grid s/ Inversor - 1.16kWp 660Ah 24V Chumbo (22681),,,580,2,1.16,1160,0,,,draft,Solar Kit|Neosolar,6,1,2,0,Solar Kit Off-Grid
,,2,12,kits,BRL,Neosolar,NEO-22672,,,,,1,Kit Energia Solar Off Grid s/ Inversor - 660Wp 220Ah 24V Chumbo (22672),,,330,2,0.66,660,0,,,draft,Solar Kit|Neosolar,2,1,2,0,Solar Kit Off-Grid
,,2,12,kits,BRL,Neosolar,NEO-22660,,,,,1,Kit Energia Solar Off Grid s/ Inversor - 330Wp 200Ah 12V Lítio (22660),,,330,1,0.33,330,0,,,draft,Solar Kit|Neosolar,2,1,1,0,Solar Kit Off-Grid
,,1,6,kits,BRL,Neosolar,NEO-25175,,,,,1,Kit Energia Solar Off Grid - 610Wp 100Ah/24V Lítio 2000W/220V Ztroon,,,610,1,0.61,610,0,,,draft,Solar Kit|Neosolar,1,1,1,0,Solar Kit Off-Grid
,,1,6,kits,BRL,Neosolar,NEO-25174,,,,,1,Kit Energia Solar Off Grid - 610Wp 100Ah/24V Lítio 2000W/127V Ztroon,,,610,1,0.61,610,0,,,draft,Solar Kit|Neosolar,1,1,1,0,Solar Kit Off-Grid
,,4,48,kits,BRL,Neosolar,NEO-24810,,,,,,"Kit de Energia Solar Off Grid c/ Inv-car - 3,48kWp 400Ah 48/220V Litio (24810)",,,435,8,48.0,3480,0,,,draft,Solar Kit|Neosolar,4,0,8,0,Solar Kit Off-Grid
,,5,48,kits,BRL,Neosolar,NEO-24554,,,,,,"Kit de Energia Solar Off Grid c/ Inv-car - 5,22kWp 500Ah 48/220V Lítio",,,435,12,22.0,5220,0,,,draft,Solar Kit|Neosolar,5,0,12,0,Solar Kit Off-Grid
,,1,6,kits,BRL,Neosolar,NEO-25177,,,,,1,Kit Energia Solar Off Grid - 610Wp 100Ah/24V Lítio 2000W/220V Epever,,,610,1,0.61,610,7048.45,,,draft,Solar Kit|Neosolar,1,1,1,0,Solar Kit Off-Grid
,,1,6,kits,BRL,Neosolar,NEO-25172,,,,,1,Kit Energia Solar Off Grid - 610Wp 100Ah/24V Lítio 1000W/127V Ztroon,,,610,1,0.61,610,0,,,draft,Solar Kit|Neosolar,1,1,1,0,Solar Kit Off-Grid
,,1,6,kits,BRL,Neosolar,NEO-25173,,,,,1,Kit Energia Solar Off Grid - 610Wp 100Ah/24V Lítio 1000W/220V Ztroon,,,610,1,0.61,610,0,,,draft,Solar Kit|Neosolar,1,1,1,0,Solar Kit Off-Grid
,,8,48,kits,BRL,Neosolar,NEO-24616,,,,,,"Kit de Energia Solar Nobreak c/ Inv-car - 3,05kWp 440Ah 48/220V (24616)",,,435,7,5.0,3045,0,,,draft,Solar Kit|Neosolar,8,0,7,0,Solar Kit Off-Grid
,,4,48,kits,BRL,Neosolar,NEO-24614,,,,,,"Kit de Energia Solar Nobreak c/ Inv-car - 1,74kWp 220Ah 48/220V (24614)",,,435,4,74.0,1740,0,,,draft,Solar Kit|Neosolar,4,0,4,0,Solar Kit Off-Grid
,,1,48,kits,BRL,Neosolar,NEO-24617,,,,,,"Kit de Energia Solar Nobreak c/ Inv-car - 1,74kWp 100Ah 48/220V Lítio",,,435,4,74.0,1740,0,,,draft,Solar Kit|Neosolar,1,0,4,0,Solar Kit Off-Grid
,,4,48,kits,BRL,Neosolar,NEO-24613,,,,,,"Kit de Energia Solar Nobreak c/ Inv-car - 1,74kWp 220Ah 48/220V (24613)",,,435,4,74.0,1740,0,,,draft,Solar Kit|Neosolar,4,0,4,0,Solar Kit Off-Grid
,,8,12,kits,BRL,Neosolar,NEO-24622,,,,,,"Kit de Energia Solar Off Grid c/ Inv-car - 2,61kWp 880Ah 24/220V",,,435,6,61.0,2610,0,,,draft,Solar Kit|Neosolar,8,0,6,0,Solar Kit Off-Grid
,,12,12,kits,BRL,Neosolar,NEO-24438,,,,,,"Kit de Energia Solar Off Grid c/ Inv-car - 2,93kWp 660Ah 48/220V (24438)",,,585,5,93.0,2925,0,,,draft,Solar Kit|Neosolar,12,0,5,0,Solar Kit Off-Grid
,,2,48,kits,BRL,Neosolar,NEO-25200,,,,,1,"Kit Energia Solar Off Grid - 2,44kWp 105Ah/48V Lítio 2000W/127V Epever",,,610,4,44.0,2440,0,,,draft,Solar Kit|Neosolar,2,1,4,0,Solar Kit Off-Grid
,,2,48,kits,BRL,Neosolar,NEO-25201,,,,,1,"Kit Energia Solar Off Grid - 2,44kWp 105Ah/48V Lítio 2000W/220V Epever",,,610,4,44.0,2440,0,,,draft,Solar Kit|Neosolar,2,1,4,0,Solar Kit Off-Grid
,,1,48,kits,BRL,Neosolar,NEO-25197,,,,,1,"Kit Energia Solar Off Grid - 1,22kWp 105Ah/48V Lítio 2000W/220V Epever",,,610,2,22.0,1220,0,,,draft,Solar Kit|Neosolar,1,1,2,0,Solar Kit Off-Grid
,,1,48,kits,BRL,Neosolar,NEO-25196,,,,,1,"Kit Energia Solar Off Grid - 1,22kWp 105Ah/48V Lítio 2000W/127V Epever",,,610,2,22.0,1220,0,,,draft,Solar Kit|Neosolar,1,1,2,0,Solar Kit Off-Grid
,,1,12,kits,BRL,Neosolar,NEO-25046,https://portal.zydon.com.br/api/files/7b6f0b2b-afd9-4fa1-8956-5e84a158ca26/content?ingress=portalb2b.neosolar.com.br,,,,1,Kit Energia Solar Off Grid - 160Wp 105Ah/12V (25046),,,160,1,0.16,160,1423.43,,,draft,Solar Kit|Neosolar,1,1,1,0,Solar Kit Off-Grid
,,2,48,kits,BRL,Neosolar,NEO-22691,https://portal.zydon.com.br/api/files/48e603cd-6d4c-4263-ba93-96468c7f7cd1/content?ingress=portalb2b.neosolar.com.br,,,,1,Kit Energia Solar Off Grid s/ Inversor - 1.38kWp 200Ah 48V Lítio (22691),,,460,3,1.38,1380,0,,,draft,Solar Kit|Neosolar,2,1,3,0,Solar Kit Off-Grid
,,1,48,kits,BRL,Neosolar,NEO-22690,https://portal.zydon.com.br/api/files/6718996f-f280-43a1-ae3e-0ec159034560/content?ingress=portalb2b.neosolar.com.br,,,,1,Kit Energia Solar Off Grid s/ Inversor - 1.38kWp 100Ah 48V Lítio (22690),,,460,3,1.38,1380,0,,,draft,Solar Kit|Neosolar,1,1,3,0,Solar Kit Off-Grid
,,8,12,kits,BRL,Neosolar,NEO-22675,,,,,1,Kit Energia Solar Off Grid s/ Inversor - 1.38kWp 440Ah 48V Chumbo (22675),,,460,3,1.38,1380,0,,,draft,Solar Kit|Neosolar,8,1,3,0,Solar Kit Off-Grid
,,2,12,kits,BRL,Neosolar,NEO-22671,,,,,1,Kit Energia Solar Off Grid s/ Inversor - 330Wp 440Ah 12V Chumbo (22671),,,330,1,0.33,330,0,,,draft,Solar Kit|Neosolar,2,1,1,0,Solar Kit Off-Grid
,,3,48,kits,BRL,Neosolar,NEO-22689,,,,,1,Kit Energia Solar Off Grid s/ Inversor - 2.32kWp 300Ah 48V Lítio (22689),,,580,4,2.32,2320,0,,,draft,Solar Kit|Neosolar,3,1,4,0,Solar Kit Off-Grid
,,2,48,kits,BRL,Neosolar,NEO-22685,,,,,1,Kit Energia Solar Off Grid s/ Inversor - 1.38kWp 200Ah 48V Lítio (22685),,,460,3,1.38,1380,0,,,draft,Solar Kit|Neosolar,2,1,3,0,Solar Kit Off-Grid
,,1,48,kits,BRL,Neosolar,NEO-22684,,,,,1,Kit Energia Solar Off Grid s/ Inversor - 1.38kWp 100Ah 48V Lítio (22684),,,460,3,1.38,1380,0,,,draft,Solar Kit|Neosolar,1,1,3,0,Solar Kit Off-Grid
,,1,48,kits,BRL,Neosolar,NEO-22692,,,,,1,Kit Energia Solar Off Grid s/ Inversor - 1.16kWp 100Ah 48V Lítio (22692),,,580,2,1.16,1160,0,,,draft,Solar Kit|Neosolar,1,1,2,0,Solar Kit Off-Grid
,,8,12,kits,BRL,Neosolar,NEO-22677,,,,,1,Kit Energia Solar Off Grid s/ Inversor - 1.16kWp 440Ah 48V Chumbo (22677),,,580,2,1.16,1160,0,,,draft,Solar Kit|Neosolar,8,1,2,0,Solar Kit Off-Grid
,,4,12,kits,BRL,Neosolar,NEO-22676,,,,,1,Kit Energia Solar Off Grid s/ Inversor - 1.16kWp 220Ah 48V Chumbo (22676),,,580,2,1.16,1160,0,,,draft,Solar Kit|Neosolar,4,1,2,0,Solar Kit Off-Grid
,,3,12,kits,BRL,Neosolar,NEO-22679,,,,,1,Kit Energia Solar Off Grid s/ Inversor - 580Wp 660Ah 12V Chumbo (22679),,,580,1,0.58,580,0,,,draft,Solar Kit|Neosolar,3,1,1,0,Solar Kit Off-Grid
,,2,12,kits,BRL,Neosolar,NEO-22663,,,,,1,Kit Energia Solar Off Grid s/ Inversor - 580Wp 440Ah 12V Chumbo (22663),,,580,1,0.58,580,0,,,draft,Solar Kit|Neosolar,2,1,1,0,Solar Kit Off-Grid
,,4,12,kits,BRL,Neosolar,NEO-26689,,,,,,"Kit de Energia Solar c/ Inv-car - 2,48kWp 220Ah 48/220V",,,620,4,48.0,2480,14734.01,,,draft,Solar Kit|Neosolar,4,0,4,0,Solar Kit Off-Grid
,,16,12,kits,BRL,Neosolar,NEO-26693,,,,,,"Kit de Energia Solar c/ Inv-car - 3,72kWp 220Ah 48/220V",,,620,6,72.0,3720,35458.96,,,draft,Solar Kit|Neosolar,16,0,6,0,Solar Kit Off-Grid
,,12,12,kits,BRL,Neosolar,NEO-26692,,,,,,"Kit de Energia Solar c/ Inv-car - 3,10kWp 220Ah 48/220V",,,620,5,10.0,3100,28343.79,,,draft,Solar Kit|Neosolar,12,0,5,0,Solar Kit Off-Grid
,,8,12,kits,BRL,Neosolar,NEO-26690,,,,,,"Kit de Energia Solar c/ Inv-car - 3,72kWp 220Ah 48/220V",,,620,6,72.0,3720,22469.76,,,draft,Solar Kit|Neosolar,8,0,6,0,Solar Kit Off-Grid
,,8,12,kits,BRL,Neosolar,NEO-26691,,,,,,"Kit de Energia Solar c/ Inv-car - 1,86kWp 220Ah 48/220V",,,620,3,86.0,1860,20608.04,,,draft,Solar Kit|Neosolar,8,0,3,0,Solar Kit Off-Grid
,,6,48,kits,BRL,Neosolar,NEO-26990,,,,,,"Kit de Energia Solar Off Grid c/ Inv-car - 6,2kWp 100Ah 24/220V Lítio (26990)",,,620,10,2.0,6200,0,,,draft,Solar Kit|Neosolar,6,0,10,0,Solar Kit Off-Grid
,,5,48,kits,BRL,Neosolar,NEO-26989,,,,,,"Kit de Energia Solar Off Grid c/ Inv-car - 6,2kWp 100Ah 24/220V Lítio (26989)",,,620,10,2.0,6200,0,,,draft,Solar Kit|Neosolar,5,0,10,0,Solar Kit Off-Grid
,,6,48,kits,BRL,Neosolar,NEO-26974,,,,,,"Kit de Energia Solar Off Grid c/ Inv-car - 6,2kWp 100Ah 24/220V Lítio (26974)",,,620,10,2.0,6200,0,,,draft,Solar Kit|Neosolar,6,0,10,0,Solar Kit Off-Grid
,,5,48,kits,BRL,Neosolar,NEO-26973,,,,,,"Kit de Energia Solar Off Grid c/ Inv-car - 6,2kWp 100Ah 24/220V Lítio (26973)",,,620,10,2.0,6200,0,,,draft,Solar Kit|Neosolar,5,0,10,0,Solar Kit Off-Grid
,,1,12,kits,BRL,Neosolar,NEO-23700,,,,,1,Kit Energia Solar para Starlink - 06h/dia (até 640 Wh/dia) - Chumbo (23700),,,160,160,25.6,25600,0,,,draft,Solar Kit|Neosolar,1,1,160,0,Solar Kit Off-Grid
,,1,12,kits,BRL,Neosolar,NEO-23704,,,,,1,Kit Energia Solar para Starlink - 10h/dia (até 1.280 Wh/dia) - Chumbo (23704),,,320,320,102.4,102400,0,,,draft,Solar Kit|Neosolar,1,1,320,0,Solar Kit Off-Grid
,,1,12,kits,BRL,Neosolar,NEO-23701,,,,,1,Kit Energia Solar para Starlink - 06h/dia (até 800 Wh/dia) - Chumbo (23701),,,200,200,40.0,40000,2479.12,,,draft,Solar Kit|Neosolar,1,1,200,0,Solar Kit Off-Grid
,,1,12,kits,BRL,Neosolar,NEO-23705,,,,,1,Kit Energia Solar para Starlink - 10h/dia (até 1.600 Wh/dia) - Chumbo (23705),,,400,400,160.0,160000,3095.07,,,draft,Solar Kit|Neosolar,1,1,400,0,Solar Kit Off-Grid
,,1,12,kits,BRL,Neosolar,NEO-23702,,,,,1,Kit Energia Solar para Starlink - 06h/dia (até 800 Wh/dia) - Chumbo (23702),,,200,200,40.0,40000,2535.66,,,draft,Solar Kit|Neosolar,1,1,200,0,Solar Kit Off-Grid
,,1,12,kits,BRL,Neosolar,NEO-23706,,,,,1,Kit Energia Solar para Starlink - 10h/dia (até 1.600 Wh/dia) - Chumbo (23706),,,400,400,160.0,160000,3124.74,,,draft,Solar Kit|Neosolar,1,1,400,0,Solar Kit Off-Grid
,,1,12,kits,BRL,Neosolar,NEO-25157,,,,,1,Kit Energia Solar Off Grid - 100Wp 45Ah/12V 600W/220V Ztroon,,,100,1,0.1,100,1645.23,,,draft,Solar Kit|Neosolar,1,1,1,0,Solar Kit Off-Grid
,,1,12,kits,BRL,Neosolar,NEO-25155,,,,,1,Kit Energia Solar Off Grid - 60Wp 45Ah/12V 600W/220V Ztroon,,,60,1,0.06,60,1629.26,,,draft,Solar Kit|Neosolar,1,1,1,0,Solar Kit Off-Grid
,,1,12,kits,BRL,Neosolar,NEO-25159,,,,,1,Kit Energia Solar Off Grid - 160Wp 105Ah/12V 600W/220V Ztroon,,,160,1,0.16,160,2135.52,,,draft,Solar Kit|Neosolar,1,1,1,0,Solar Kit Off-Grid
,,1,12,kits,BRL,Neosolar,NEO-25161,,,,,1,Kit Energia Solar Off Grid - 320Wp 150Ah/12V 600W/220V Ztroon,,,160,2,0.32,320,2877.28,,,draft,Solar Kit|Neosolar,1,1,2,0,Solar Kit Off-Grid
,,4,12,kits,BRL,Neosolar,NEO-27255,,,,,,"Kit de Energia Solar Off Grid c/ Inv-car - 2,5kWp 220Ah 24/220V Chumbo-Carbono",,,620,4,5.0,2480,25615.66,,,draft,Solar Kit|Neosolar,4,0,4,0,Solar Kit Off-Grid
,,8,12,kits,BRL,Neosolar,NEO-27256,,,,,,"Kit de Energia Solar Off Grid c/ Inv-car - 3,7kWp 220Ah 24/220V Chumbo-Carbono",,,620,6,7.0,3720,42833.75,,,draft,Solar Kit|Neosolar,8,0,6,0,Solar Kit Off-Grid
,,12,12,kits,BRL,Neosolar,NEO-27257,,,,,,"Kit de Energia Solar Off Grid c/ Inv-car - 5,0kWp 220Ah 24/220V Chumbo-Carbono",,,620,8,4.96,4960,58305.25,,,draft,Solar Kit|Neosolar,12,0,8,0,Solar Kit Off-Grid
,,12,12,kits,BRL,Neosolar,NEO-27258,,,,,,Kit de Energia Solar Off Grid c/ Inv-car - 5kWp 220Ah 24/220V Chumbo-Carbono,,,620,8,5.0,4960,35647.23,,,draft,Solar Kit|Neosolar,12,0,8,0,Solar Kit Off-Grid
,,8,12,kits,BRL,Neosolar,NEO-27292,,,,,,"Kit de Energia Solar Off Grid c/ Inv-car - 3,7kWp 220Ah 24/220V Chumbo-Carbono",,,620,6,7.0,3720,42270.27,,,draft,Solar Kit|Neosolar,8,0,6,0,Solar Kit Off-Grid
,,4,12,kits,BRL,Neosolar,NEO-27291,,,,,,"Kit de Energia Solar Off Grid c/ Inv-car - 2,5kWp 220Ah 24/220V Chumbo-Carbono",,,620,4,5.0,2480,25052.16,,,draft,Solar Kit|Neosolar,4,0,4,0,Solar Kit Off-Grid
,,12,12,kits,BRL,Neosolar,NEO-27293,,,,,,"Kit de Energia Solar Off Grid c/ Inv-car - 5,0kWp 220Ah 24/220V Chumbo-Carbono",,,620,8,4.96,4960,57741.76,,,draft,Solar Kit|Neosolar,12,0,8,0,Solar Kit Off-Grid
,,16,12,kits,BRL,Neosolar,NEO-27294,,,,,,"Kit de Energia Solar Off Grid c/ Inv-car - 5,0kWp 220Ah 24/220V Chumbo-Carbono",,,620,8,4.96,4960,35365.48,,,draft,Solar Kit|Neosolar,16,0,8,0,Solar Kit Off-Grid
,,8,12,kits,BRL,Neosolar,NEO-22682,,,,,1,Kit Energia Solar Off Grid s/ Inversor - 2.32kWp 440Ah 48V Chumbo (22682),,,580,4,2.32,2320,0,,,draft,Solar Kit|Neosolar,8,1,4,0,Solar Kit Off-Grid
,,1,12,kits,BRL,Neosolar,NEO-24547,,,,,1,Kit Energia Solar Off Grid s/ Inversor - 280Wp 220Ah 12V Chumbo (24119),,,280,1,0.28,280,0,,,draft,Solar Kit|Neosolar,1,1,1,0,Solar Kit Off-Grid
,,2,48,kits,BRL,Neosolar,NEO-24557,,,,,1,Kit Energia Solar Off Grid s/ Inversor - 1.17kWp 100Ah 48V Lítio (24557),,,585,2,1.17,1170,0,,,draft,Solar Kit|Neosolar,2,1,2,0,Solar Kit Off-Grid
,,3,48,kits,BRL,Neosolar,NEO-23940,,,,,1,Kit Energia Solar Off Grid s/ Inversor - 2.220Wp 100Ah 48V Lítio (23940),,,555,4,0.22,2220,0,,,draft,Solar Kit|Neosolar,3,1,4,0,Solar Kit Off-Grid
,,1,48,kits,BRL,Neosolar,NEO-23937,,,,,1,Kit Energia Solar Off Grid s/ Inversor - 1.170Wp 105Ah 48V Lítio (23937),,,585,2,0.17,1170,0,,,draft,Solar Kit|Neosolar,1,1,2,0,Solar Kit Off-Grid
,,1,12,kits,BRL,Neosolar,NEO-23924,,,,,1,Kit Energia Solar Off Grid s/ Inversor - 160Wp 165Ah / 150Ah 12V Estacionária (23924),,,160,1,0.16,160,0,,,draft,Solar Kit|Neosolar,1,1,1,0,Solar Kit Off-Grid
,,1,12,kits,BRL,Neosolar,NEO-23930,,,,,1,Kit Energia Solar Off Grid s/ Inversor - 160Wp 165/150Ah 12V Estacionária (23930),,,160,1,0.16,160,0,,,draft,Solar Kit|Neosolar,1,1,1,0,Solar Kit Off-Grid
,,2,12,kits,BRL,Neosolar,NEO-23933,,,,,1,Kit Energia Solar Off Grid s/ Inversor - 640Wp 240Ah / 220Ah 12V Estacionária (23933),,,160,4,0.64,640,0,,,draft,Solar Kit|Neosolar,2,1,4,0,Solar Kit Off-Grid
,,1,12,kits,BRL,Neosolar,NEO-23923,,,,,1,Kit Energia Solar Off Grid s/ Inversor - 100Wp 115/105Ah 12V Estacionária (23923),,,100,1,0.1,100,0,,,draft,Solar Kit|Neosolar,1,1,1,0,Solar Kit Off-Grid
,,1,12,kits,BRL,Neosolar,NEO-23921,,,,,1,Kit Energia Solar Off Grid s/ Inversor - 30Wp 115/105h 12V Estacionária (23921),,,30,1,0.03,30,0,,,draft,Solar Kit|Neosolar,1,1,1,0,Solar Kit Off-Grid
,,4,12,kits,BRL,Neosolar,NEO-22634,,,,,1,Kit Energia Solar Off Grid s/ Inversor - 990Wp 440Ah 24V Chumbo (22634),,,330,3,0.99,990,0,,,draft,Solar Kit|Neosolar,4,1,3,0,Solar Kit Off-Grid
,,1,12,kits,BRL,Neosolar,NEO-22630,,,,,1,Kit Energia Solar Off Grid s/ Inversor - 310Wp 220Ah 12V Chumbo (22630),,,155,2,0.31,310,0,,,draft,Solar Kit|Neosolar,1,1,2,0,Solar Kit Off-Grid
,,4,12,kits,BRL,Neosolar,NEO-22638,,,,,1,Kit Energia Solar Off Grid s/ Inversor - 660Wp 300Ah 24V Chumbo (22638),,,330,2,0.66,660,0,,,draft,Solar Kit|Neosolar,4,1,2,0,Solar Kit Off-Grid
,,1,6,kits,BRL,Neosolar,NEO-24624,,,,,,"Kit de Energia Solar Nobreak c/ Inv-car - 1,74kWp 100Ah 24/220V Lítio (24624)",,,435,4,74.0,1740,0,,,draft,Solar Kit|Neosolar,1,0,4,0,Solar Kit Off-Grid
,,2,12,kits,BRL,Neosolar,NEO-24620,,,,,,"Kit de Energia Solar Nobreak c/ Inv-car - 1,74kWp 220Ah 24/220V (24620)",,,435,4,74.0,1740,0,,,draft,Solar Kit|Neosolar,2,0,4,0,Solar Kit Off-Grid
,,4,48,kits,BRL,Neosolar,NEO-24443,,,,,,"Kit de Energia Solar Nobreak c/ Inv-car - 2,17kWp 220Ah 48/220V (24443)",,,435,5,17.0,2175,0,,,draft,Solar Kit|Neosolar,4,0,5,0,Solar Kit Off-Grid
,,8,12,kits,BRL,Neosolar,NEO-24435,https://portal.zydon.com.br/api/files/c4d33804-424e-4c54-93ad-4daf7f9fc935/content?ingress=portalb2b.neosolar.com.br,,,,,"Kit de Energia Solar Nobreak c/ Inv-car - 3,51kWp 440Ah 48/220V (24435)",,,585,6,51.0,3510,0,,,draft,Solar Kit|Neosolar,8,0,6,0,Solar Kit Off-Grid
,,14,12,kits,BRL,Neosolar,NEO-24767,https://portal.zydon.com.br/api/files/d0d54eec-b50e-4686-8c00-b7cfc3f0064c/content?ingress=portalb2b.neosolar.com.br,,,,,"Kit de Energia Solar Nobreak c/ Inv-car - 4,27kWp 220Ah 24/220V (24767)",,,610,7,27.0,4270,0,,,draft,Solar Kit|Neosolar,14,0,7,0,Solar Kit Off-Grid
,,2,12,kits,BRL,Neosolar,NEO-24763,https://portal.zydon.com.br/api/files/23b3aa6c-3bd7-4968-b57e-81e22a9c0ee5/content?ingress=portalb2b.neosolar.com.br,,,,,"Kit de Energia Solar Nobreak c/ Inv-car - 1,83kWp 220Ah 24/220V (24763)",,,610,3,83.0,1830,0,,,draft,Solar Kit|Neosolar,2,0,3,0,Solar Kit Off-Grid
,,8,12,kits,BRL,Neosolar,NEO-24765,https://portal.zydon.com.br/api/files/61d2f901-9a0f-4572-9123-1543c4a9faf3/content?ingress=portalb2b.neosolar.com.br,,,,,"Kit de Energia Solar Nobreak c/ Inv-car - 2,44kWp 220Ah 24/220V (24765)",,,610,4,44.0,2440,0,,,draft,Solar Kit|Neosolar,8,0,4,0,Solar Kit Off-Grid
,,1,6,kits,BRL,Neosolar,NEO-24773,https://portal.zydon.com.br/api/files/c3abf198-9b06-4e4a-b064-d65e63b59d86/content?ingress=portalb2b.neosolar.com.br,,,,,"Kit de Energia Solar Off Grid c/ Inv-car - 1,83kWp 100Ah 24/220V Lítio (24773)",,,610,3,83.0,1830,0,,,draft,Solar Kit|Neosolar,1,0,3,0,Solar Kit Off-Grid
,,2,12,kits,BRL,Neosolar,NEO-24764,https://portal.zydon.com.br/api/files/583ef873-f536-452d-8169-880299214f61/content?ingress=portalb2b.neosolar.com.br,,,,,"Kit de Energia Solar Nobreak c/ Inv-car - 1,83kWp 220Ah 24/220V (24764)",,,610,3,83.0,1830,0,,,draft,Solar Kit|Neosolar,2,0,3,0,Solar Kit Off-Grid
,,4,48,kits,BRL,Neosolar,NEO-24444,https://portal.zydon.com.br/api/files/48a9d892-489b-4d7a-96c4-67c9b9a911db/content?ingress=portalb2b.neosolar.com.br,,,,,"Kit de Energia Solar Nobreak c/ Inv-car - 2,17kWp 220Ah 48/220V (24444)",,,435,5,17.0,2175,0,,,draft,Solar Kit|Neosolar,4,0,5,0,Solar Kit Off-Grid
,,2,48,kits,BRL,Neosolar,NEO-22694,https://portal.zydon.com.br/api/files/3168b1ea-155b-4115-83ac-07aeb3b3ec91/content?ingress=portalb2b.neosolar.com.br,,,,1,Kit Energia Solar Off Grid s/ Inversor - 2.32kWp 200Ah 48V Lítio (22694),,,580,4,2.32,2320,0,,,draft,Solar Kit|Neosolar,2,1,4,0,Solar Kit Off-Grid
,,1,12,kits,BRL,Neosolar,NEO-24119,https://portal.zydon.com.br/api/files/3fd95214-8c9e-4c5c-82c6-ebd340fd854d/content?ingress=portalb2b.neosolar.com.br,,,,1,Kit Energia Solar Off Grid s/ Inversor - 280Wp 220Ah 12V Chumbo (24119),,,280,1,0.28,280,0,,,draft,Solar Kit|Neosolar,1,1,1,0,Solar Kit Off-Grid
,,1,48,kits,BRL,Neosolar,NEO-24556,https://portal.zydon.com.br/api/files/a50aca32-c648-458c-a088-76fa1d039b7e/content?ingress=portalb2b.neosolar.com.br,,,,1,Kit Energia Solar Off Grid s/ Inversor - 1.17kWp 100Ah 48V Lítio (24556),,,585,2,1.17,1170,0,,,draft,Solar Kit|Neosolar,1,1,2,0,Solar Kit Off-Grid
,,2,48,kits,BRL,Neosolar,NEO-23939,https://portal.zydon.com.br/api/files/845897dd-774b-4dd7-97cc-22c622844058/content?ingress=portalb2b.neosolar.com.br,,,,1,Kit Energia Solar Off Grid s/ Inversor - 2.220Wp 100Ah 48V Lítio (23939),,,555,4,0.22,2220,0,,,draft,Solar Kit|Neosolar,2,1,4,0,Solar Kit Off-Grid
,,2,12,kits,BRL,Neosolar,NEO-23926,https://portal.zydon.com.br/api/files/b93c6119-ebf9-4de2-93c0-4c18e036c389/content?ingress=portalb2b.neosolar.com.br,,,,1,Kit Energia Solar Off Grid s/ Inversor - 480Wp 240Ah / 220Ah 12V Estacionária (23926),,,160,3,0.48,480,0,,,draft,Solar Kit|Neosolar,2,1,3,0,Solar Kit Off-Grid
,,2,12,kits,BRL,Neosolar,NEO-23932,https://portal.zydon.com.br/api/files/dd163863-b765-47db-bdbb-9fd9f4a87396/content?ingress=portalb2b.neosolar.com.br,,,,1,Kit Energia Solar Off Grid s/ Inversor - 480Wp 240Ah / 220Ah 12V Estacionária (23932),,,160,3,0.48,480,0,,,draft,Solar Kit|Neosolar,2,1,3,0,Solar Kit Off-Grid
,,1,12,kits,BRL,Neosolar,NEO-24165,https://portal.zydon.com.br/api/files/c475e8c7-1458-4099-910a-eadff5cf429c/content?ingress=portalb2b.neosolar.com.br,,,,1,Kit Energia Solar Off Grid s/ Inversor - 320Wp 240Ah / 220Ah 12V Estacionária (23931),,,160,2,0.32,320,0,,,draft,Solar Kit|Neosolar,1,1,2,0,Solar Kit Off-Grid
,,4,12,kits,BRL,Neosolar,NEO-23936,https://portal.zydon.com.br/api/files/6f36441e-54e7-45dd-b17d-a171669b734e/content?ingress=portalb2b.neosolar.com.br,,,,1,Kit Energia Solar Off Grid s/ Inversor - 1.120Wp 240Ah / 220Ah 12V Estacionária (23936),,,160,7,0.12,1120,0,,,draft,Solar Kit|Neosolar,4,1,7,0,Solar Kit Off-Grid
,,2,48,kits,BRL,Neosolar,NEO-23938,https://portal.zydon.com.br/api/files/e15ec8e9-0be8-438f-b290-f0a3ee70b957/content?ingress=portalb2b.neosolar.com.br,,,,1,Kit Energia Solar Off Grid s/ Inversor - 1.170Wp 105Ah 48V Lítio (23938),,,585,2,0.17,1170,0,,,draft,Solar Kit|Neosolar,2,1,2,0,Solar Kit Off-Grid
,,2,12,kits,BRL,Neosolar,NEO-22657,https://portal.zydon.com.br/api/files/784f4060-02fb-4eac-8183-c513b2660505/content?ingress=portalb2b.neosolar.com.br,,,,1,Kit Energia Solar Off Grid s/ Inversor - 330Wp 440Ah 12V Chumbo (22657),,,330,1,0.33,330,0,,,draft,Solar Kit|Neosolar,2,1,1,0,Solar Kit Off-Grid
,,1,12,kits,BRL,Neosolar,NEO-22656,https://portal.zydon.com.br/api/files/4c4c97fc-d609-4bf8-858e-8fa675be1e80/content?ingress=portalb2b.neosolar.com.br,,,,1,Kit Energia Solar Off Grid s/ Inversor - 330Wp 220Ah 12V Chumbo (22656),,,330,1,0.33,330,0,,,draft,Solar Kit|Neosolar,1,1,1,0,Solar Kit Off-Grid
,,4,12,kits,BRL,Neosolar,NEO-22654,https://portal.zydon.com.br/api/files/fa68eecf-41c7-4763-8a69-b12f9271885a/content?ingress=portalb2b.neosolar.com.br,,,,1,Kit Energia Solar Off Grid s/ Inversor - 560Wp 440Ah 24V Chumbo (22654),,,280,2,0.56,560,0,,,draft,Solar Kit|Neosolar,4,1,2,0,Solar Kit Off-Grid
,,2,12,kits,BRL,Neosolar,NEO-22653,https://portal.zydon.com.br/api/files/89607dc3-517c-4169-bd99-d669718c8ec6/content?ingress=portalb2b.neosolar.com.br,,,,1,Kit Energia Solar Off Grid s/ Inversor - 560Wp 220Ah 24V Chumbo (22653),,,280,2,0.56,560,0,,,draft,Solar Kit|Neosolar,2,1,2,0,Solar Kit Off-Grid
,,1,12,kits,BRL,Neosolar,NEO-22649,https://portalb2b.neosolar.com.br/b2b-noimage-white.svg,,,,1,Kit Energia Solar Off Grid s/ Inversor - 280Wp 220Ah 12V Chumbo (22649),,,280,1,0.28,280,0,,,draft,Solar Kit|Neosolar,1,1,1,0,Solar Kit Off-Grid
,,4,12,kits,BRL,Neosolar,NEO-22631,https://portal.zydon.com.br/api/files/83d38bbb-e17b-4b8e-8352-a936448107d8/content?ingress=portalb2b.neosolar.com.br,,,,1,Kit Energia Solar Off Grid s/ Inversor - 660Wp 300Ah 24V Chumbo (22631),,,330,2,0.66,660,0,,,draft,Solar Kit|Neosolar,4,1,2,0,Solar Kit Off-Grid
,,6,12,kits,BRL,Neosolar,NEO-22668,https://portal.zydon.com.br/api/files/b7326ddf-cee5-4e13-8fbe-80957de72d3e/content?ingress=portalb2b.neosolar.com.br,,,,1,Kit Energia Solar Off Grid s/ Inversor - 1.12kWp 660Ah 24V Chumbo (22668),,,280,4,1.12,1120,0,,,draft,Solar Kit|Neosolar,6,1,4,0,Solar Kit Off-Grid
,,2,12,kits,BRL,Neosolar,NEO-22629,https://portal.zydon.com.br/api/files/077f6b67-002f-40a6-b6ea-952d92a9b792/content?ingress=portalb2b.neosolar.com.br,,,,1,Kit Energia Solar Off Grid s/ Inversor - 330Wp 150Ah 24V Chumbo (22629),,,330,1,0.33,330,0,,,draft,Solar Kit|Neosolar,2,1,1,0,Solar Kit Off-Grid
,,6,48,kits,BRL,Neosolar,NEO-24551,https://portal.zydon.com.br/api/files/035e96c1-70de-4d34-ab11-6c360f974eff/content?ingress=portalb2b.neosolar.com.br,,,,,"Kit de Energia Solar Off Grid c/ Inv-car - 5,85kWp 600Ah 48/220V Lítio (24551)",,,585,10,85.0,5850,0,,,draft,Solar Kit|Neosolar,6,0,10,0,Solar Kit Off-Grid
,,4,48,kits,BRL,Neosolar,NEO-24553,https://portal.zydon.com.br/api/files/71d7f324-33e2-44bd-9df0-6a08a421c312/content?ingress=portalb2b.neosolar.com.br,,,,,"Kit de Energia Solar Off Grid c/ Inv-car - 3,48kWp 400Ah 48/220V Lítio",,,435,8,48.0,3480,0,,,draft,Solar Kit|Neosolar,4,0,8,0,Solar Kit Off-Grid
,,8,48,kits,BRL,Neosolar,NEO-24615,https://portal.zydon.com.br/api/files/614ac518-efba-4dff-8f59-83550fdcfddd/content?ingress=portalb2b.neosolar.com.br,,,,,"Kit de Energia Solar Nobreak c/ Inv-car - 3,05kWp 440Ah 48/220V (24615)",,,435,7,5.0,3045,0,,,draft,Solar Kit|Neosolar,8,0,7,0,Solar Kit Off-Grid
,,2,48,kits,BRL,Neosolar,NEO-24549,https://portal.zydon.com.br/api/files/7abafafb-be30-429a-a836-1e9831374301/content?ingress=portalb2b.neosolar.com.br,,,,,"Kit de Energia Solar Nobreak c/ Inv-car - 3,51kWp 200Ah 48/220V Lítio",,,585,6,51.0,3510,0,,,draft,Solar Kit|Neosolar,2,0,6,0,Solar Kit Off-Grid
,,12,12,kits,BRL,Neosolar,NEO-24758,https://portal.zydon.com.br/api/files/5302fe29-aa56-4b6a-9c17-d4a3ec305c99/content?ingress=portalb2b.neosolar.com.br,,,,,"Kit de Energia Solar Nobreak c/ Inv-car - 3,05kWp 220Ah 48/220V (24758)",,,610,5,5.0,3050,0,,,draft,Solar Kit|Neosolar,12,0,5,0,Solar Kit Off-Grid
,,4,12,kits,BRL,Neosolar,NEO-24756,https://portal.zydon.com.br/api/files/0175cc24-bfe5-453b-a20c-4543bf4bc993/content?ingress=portalb2b.neosolar.com.br,,,,,"Kit de Energia Solar Nobreak c/ Inv-car - 2,44kWp 220Ah 48/220V (24756)",,,610,4,44.0,2440,0,,,draft,Solar Kit|Neosolar,4,0,4,0,Solar Kit Off-Grid
,,4,12,kits,BRL,Neosolar,NEO-24757,https://portal.zydon.com.br/api/files/676fbb07-e75a-429e-8bf6-aa694bc0902d/content?ingress=portalb2b.neosolar.com.br,,,,,"Kit de Energia Solar Nobreak c/ Inv-car - 2,44kWp 220Ah 48/220V (24757)",,,610,4,44.0,2440,0,,,draft,Solar Kit|Neosolar,4,0,4,0,Solar Kit Off-Grid
,,1,48,kits,BRL,Neosolar,NEO-24760,https://portal.zydon.com.br/api/files/bb7e7b53-e990-4e31-b71a-0e6078aa974f/content?ingress=portalb2b.neosolar.com.br,,,,,"Kit de Energia Solar Off Grid c/ Inv-car - 2,44kWp 100Ah 48/220V Lítio (24760)",,,610,4,44.0,2440,0,,,draft,Solar Kit|Neosolar,1,0,4,0,Solar Kit Off-Grid
,,12,48,kits,BRL,Neosolar,NEO-24448,https://portal.zydon.com.br/api/files/49c9219a-ce42-4c43-b963-f96f363f7ae4/content?ingress=portalb2b.neosolar.com.br,,,,,"Kit de Energia Solar Off Grid c/ Inversor Carregador - 2,61kWp 660Ah 48/220V (24448)",,,435,6,61.0,2610,0,,,draft,Solar Kit|Neosolar,12,0,6,0,Solar Kit Off-Grid
,,8,48,kits,BRL,Neosolar,NEO-24445,https://portal.zydon.com.br/api/files/4c752ccf-33d6-43a5-a060-c80125d37d48/content?ingress=portalb2b.neosolar.com.br,,,,,"Kit de Energia Solar Nobreak c/ Inversor Carregador - 3,48kWp 440Ah 48/220V (24445)",,,435,8,48.0,3480,0,,,draft,Solar Kit|Neosolar,8,0,8,0,Solar Kit Off-Grid
,,8,12,kits,BRL,Neosolar,NEO-24436,https://portal.zydon.com.br/api/files/5cfe61e6-6467-4a94-8804-0e7b0df9c7d1/content?ingress=portalb2b.neosolar.com.br,,,,,"Kit de Energia Solar Nobreak c/ Inv-car - 3,51kWp 440Ah 48/220V (24436)",,,585,6,51.0,3510,0,,,draft,Solar Kit|Neosolar,8,0,6,0,Solar Kit Off-Grid
,,12,12,kits,BRL,Neosolar,NEO-24437,https://portal.zydon.com.br/api/files/5a3315f5-55b8-4b71-a075-19d9a80f2609/content?ingress=portalb2b.neosolar.com.br,,,,,"Kit de Energia Solar Off Grid c/ Inv-car - 2,93kWp 660Ah 48/220V (24437)",,,585,5,93.0,2925,0,,,draft,Solar Kit|Neosolar,12,0,5,0,Solar Kit Off-Grid
,,4,12,kits,BRL,Neosolar,NEO-22680,https://portal.zydon.com.br/api/files/1569041f-93c2-4d34-a6c0-2c609bdd1dd6/content?ingress=portalb2b.neosolar.com.br,,,,1,Kit Energia Solar Off Grid s/ Inversor - 1.16kWp 440Ah 24V Chumbo (22680),,,580,2,1.16,1160,0,,,draft,Solar Kit|Neosolar,4,1,2,0,Solar Kit Off-Grid
,,6,12,kits,BRL,Neosolar,NEO-22681,https://portal.zydon.com.br/api/files/c7b15d00-bae1-43b0-86d4-c508c3671aca/content?ingress=portalb2b.neosolar.com.br,,,,1,Kit Energia Solar Off Grid s/ Inversor - 1.16kWp 660Ah 24V Chumbo (22681),,,580,2,1.16,1160,0,,,draft,Solar Kit|Neosolar,6,1,2,0,Solar Kit Off-Grid
,,2,12,kits,BRL,Neosolar,NEO-22672,https://portal.zydon.com.br/api/files/ca6bea67-6d23-48c9-bc9a-cd30177f04fe/content?ingress=portalb2b.neosolar.com.br,,,,1,Kit Energia Solar Off Grid s/ Inversor - 660Wp 220Ah 24V Chumbo (22672),,,330,2,0.66,660,0,,,draft,Solar Kit|Neosolar,2,1,2,0,Solar Kit Off-Grid
,,2,12,kits,BRL,Neosolar,NEO-22660,https://portal.zydon.com.br/api/files/243010aa-42f4-42cf-bbb8-644c0071c553/content?ingress=portalb2b.neosolar.com.br,,,,1,Kit Energia Solar Off Grid s/ Inversor - 330Wp 200Ah 12V Lítio (22660),,,330,1,0.33,330,0,,,draft,Solar Kit|Neosolar,2,1,1,0,Solar Kit Off-Grid
,,1,6,kits,BRL,Neosolar,NEO-25175,https://portalb2b.neosolar.com.br/b2b-noimage-white.svg,,,,1,Kit Energia Solar Off Grid - 610Wp 100Ah/24V Lítio 2000W/220V Ztroon,,,610,1,0.61,610,0,,,draft,Solar Kit|Neosolar,1,1,1,0,Solar Kit Off-Grid
,,1,6,kits,BRL,Neosolar,NEO-25174,https://portalb2b.neosolar.com.br/b2b-noimage-white.svg,,,,1,Kit Energia Solar Off Grid - 610Wp 100Ah/24V Lítio 2000W/127V Ztroon,,,610,1,0.61,610,0,,,draft,Solar Kit|Neosolar,1,1,1,0,Solar Kit Off-Grid
,,4,48,kits,BRL,Neosolar,NEO-24810,https://portal.zydon.com.br/api/files/0ef2b98d-37d0-4d3f-9a4a-eee51420e6c2/content?ingress=portalb2b.neosolar.com.br,,,,,"Kit de Energia Solar Off Grid c/ Inv-car - 3,48kWp 400Ah 48/220V Litio (24810)",,,435,8,48.0,3480,0,,,draft,Solar Kit|Neosolar,4,0,8,0,Solar Kit Off-Grid
,,5,48,kits,BRL,Neosolar,NEO-24554,https://portal.zydon.com.br/api/files/fba40260-9772-44b3-8dd2-c16c22f8c8a4/content?ingress=portalb2b.neosolar.com.br,,,,,"Kit de Energia Solar Off Grid c/ Inv-car - 5,22kWp 500Ah 48/220V Lítio",,,435,12,22.0,5220,0,,,draft,Solar Kit|Neosolar,5,0,12,0,Solar Kit Off-Grid
,,1,6,kits,BRL,Neosolar,NEO-25177,https://portalb2b.neosolar.com.br/b2b-noimage-white.svg,,,,1,Kit Energia Solar Off Grid - 610Wp 100Ah/24V Lítio 2000W/220V Epever,,,610,1,0.61,610,7048.45,,,draft,Solar Kit|Neosolar,1,1,1,0,Solar Kit Off-Grid
,,1,6,kits,BRL,Neosolar,NEO-25172,https://portalb2b.neosolar.com.br/b2b-noimage-white.svg,,,,1,Kit Energia Solar Off Grid - 610Wp 100Ah/24V Lítio 1000W/127V Ztroon,,,610,1,0.61,610,0,,,draft,Solar Kit|Neosolar,1,1,1,0,Solar Kit Off-Grid
,,1,6,kits,BRL,Neosolar,NEO-25173,https://portalb2b.neosolar.com.br/b2b-noimage-white.svg,,,,1,Kit Energia Solar Off Grid - 610Wp 100Ah/24V Lítio 1000W/220V Ztroon,,,610,1,0.61,610,0,,,draft,Solar Kit|Neosolar,1,1,1,0,Solar Kit Off-Grid
,,8,48,kits,BRL,Neosolar,NEO-24616,https://portal.zydon.com.br/api/files/3d19ff7a-d3c7-46b6-836c-8e2d4c7440d4/content?ingress=portalb2b.neosolar.com.br,,,,,"Kit de Energia Solar Nobreak c/ Inv-car - 3,05kWp 440Ah 48/220V (24616)",,,435,7,5.0,3045,0,,,draft,Solar Kit|Neosolar,8,0,7,0,Solar Kit Off-Grid
,,4,48,kits,BRL,Neosolar,NEO-24614,https://portal.zydon.com.br/api/files/410c9adf-7fca-423a-b3f6-0b9d34a633f4/content?ingress=portalb2b.neosolar.com.br,,,,,"Kit de Energia Solar Nobreak c/ Inv-car - 1,74kWp 220Ah 48/220V (24614)",,,435,4,74.0,1740,0,,,draft,Solar Kit|Neosolar,4,0,4,0,Solar Kit Off-Grid
,,1,48,kits,BRL,Neosolar,NEO-24617,https://portal.zydon.com.br/api/files/25bd1717-8e8b-4725-b89c-6c5506d525f4/content?ingress=portalb2b.neosolar.com.br,,,,,"Kit de Energia Solar Nobreak c/ Inv-car - 1,74kWp 100Ah 48/220V Lítio",,,435,4,74.0,1740,0,,,draft,Solar Kit|Neosolar,1,0,4,0,Solar Kit Off-Grid
,,4,48,kits,BRL,Neosolar,NEO-24613,https://portal.zydon.com.br/api/files/71ffdf77-a4f2-4a1b-b137-4b0e5bc66938/content?ingress=portalb2b.neosolar.com.br,,,,,"Kit de Energia Solar Nobreak c/ Inv-car - 1,74kWp 220Ah 48/220V (24613)",,,435,4,74.0,1740,0,,,draft,Solar Kit|Neosolar,4,0,4,0,Solar Kit Off-Grid
,,8,12,kits,BRL,Neosolar,NEO-24622,https://portal.zydon.com.br/api/files/a0169d5e-ded5-4133-bdfe-ec849e0f6cda/content?ingress=portalb2b.neosolar.com.br,,,,,"Kit de Energia Solar Off Grid c/ Inv-car - 2,61kWp 880Ah 24/220V",,,435,6,61.0,2610,0,,,draft,Solar Kit|Neosolar,8,0,6,0,Solar Kit Off-Grid
,,12,12,kits,BRL,Neosolar,NEO-24438,https://portal.zydon.com.br/api/files/668dc1a1-a92c-45e0-8404-0061f39d45da/content?ingress=portalb2b.neosolar.com.br,,,,,"Kit de Energia Solar Off Grid c/ Inv-car - 2,93kWp 660Ah 48/220V (24438)",,,585,5,93.0,2925,0,,,draft,Solar Kit|Neosolar,12,0,5,0,Solar Kit Off-Grid
,,2,48,kits,BRL,Neosolar,NEO-25200,https://portalb2b.neosolar.com.br/b2b-noimage-white.svg,,,,1,"Kit Energia Solar Off Grid - 2,44kWp 105Ah/48V Lítio 2000W/127V Epever",,,610,4,44.0,2440,0,,,draft,Solar Kit|Neosolar,2,1,4,0,Solar Kit Off-Grid
,,2,48,kits,BRL,Neosolar,NEO-25201,https://portalb2b.neosolar.com.br/b2b-noimage-white.svg,,,,1,"Kit Energia Solar Off Grid - 2,44kWp 105Ah/48V Lítio 2000W/220V Epever",,,610,4,44.0,2440,0,,,draft,Solar Kit|Neosolar,2,1,4,0,Solar Kit Off-Grid
,,1,48,kits,BRL,Neosolar,NEO-25197,https://portalb2b.neosolar.com.br/b2b-noimage-white.svg,,,,1,"Kit Energia Solar Off Grid - 1,22kWp 105Ah/48V Lítio 2000W/220V Epever",,,610,2,22.0,1220,0,,,draft,Solar Kit|Neosolar,1,1,2,0,Solar Kit Off-Grid
,,1,48,kits,BRL,Neosolar,NEO-25196,https://portalb2b.neosolar.com.br/b2b-noimage-white.svg,,,,1,"Kit Energia Solar Off Grid - 1,22kWp 105Ah/48V Lítio 2000W/127V Epever",,,610,2,22.0,1220,0,,,draft,Solar Kit|Neosolar,1,1,2,0,Solar Kit Off-Grid
,,1,12,kits,BRL,Neosolar,NEO-25046,https://portal.zydon.com.br/api/files/7b6f0b2b-afd9-4fa1-8956-5e84a158ca26/content?ingress=portalb2b.neosolar.com.br,,,,1,Kit Energia Solar Off Grid - 160Wp 105Ah/12V (25046),,,160,1,0.16,160,1423.43,,,draft,Solar Kit|Neosolar,1,1,1,0,Solar Kit Off-Grid
,,2,48,kits,BRL,Neosolar,NEO-22691,https://portal.zydon.com.br/api/files/48e603cd-6d4c-4263-ba93-96468c7f7cd1/content?ingress=portalb2b.neosolar.com.br,,,,1,Kit Energia Solar Off Grid s/ Inversor - 1.38kWp 200Ah 48V Lítio (22691),,,460,3,1.38,1380,0,,,draft,Solar Kit|Neosolar,2,1,3,0,Solar Kit Off-Grid
,,1,48,kits,BRL,Neosolar,NEO-22690,https://portal.zydon.com.br/api/files/6718996f-f280-43a1-ae3e-0ec159034560/content?ingress=portalb2b.neosolar.com.br,,,,1,Kit Energia Solar Off Grid s/ Inversor - 1.38kWp 100Ah 48V Lítio (22690),,,460,3,1.38,1380,0,,,draft,Solar Kit|Neosolar,1,1,3,0,Solar Kit Off-Grid
,,8,12,kits,BRL,Neosolar,NEO-22675,,,,,1,Kit Energia Solar Off Grid s/ Inversor - 1.38kWp 440Ah 48V Chumbo (22675),,,460,3,1.38,1380,0,,,draft,Solar Kit|Neosolar,8,1,3,0,Solar Kit Off-Grid
,,2,12,kits,BRL,Neosolar,NEO-22671,,,,,1,Kit Energia Solar Off Grid s/ Inversor - 330Wp 440Ah 12V Chumbo (22671),,,330,1,0.33,330,0,,,draft,Solar Kit|Neosolar,2,1,1,0,Solar Kit Off-Grid
,,3,48,kits,BRL,Neosolar,NEO-22689,,,,,1,Kit Energia Solar Off Grid s/ Inversor - 2.32kWp 300Ah 48V Lítio (22689),,,580,4,2.32,2320,0,,,draft,Solar Kit|Neosolar,3,1,4,0,Solar Kit Off-Grid
,,2,48,kits,BRL,Neosolar,NEO-22685,,,,,1,Kit Energia Solar Off Grid s/ Inversor - 1.38kWp 200Ah 48V Lítio (22685),,,460,3,1.38,1380,0,,,draft,Solar Kit|Neosolar,2,1,3,0,Solar Kit Off-Grid
,,1,48,kits,BRL,Neosolar,NEO-22684,,,,,1,Kit Energia Solar Off Grid s/ Inversor - 1.38kWp 100Ah 48V Lítio (22684),,,460,3,1.38,1380,0,,,draft,Solar Kit|Neosolar,1,1,3,0,Solar Kit Off-Grid
,,1,48,kits,BRL,Neosolar,NEO-22692,,,,,1,Kit Energia Solar Off Grid s/ Inversor - 1.16kWp 100Ah 48V Lítio (22692),,,580,2,1.16,1160,0,,,draft,Solar Kit|Neosolar,1,1,2,0,Solar Kit Off-Grid
,,8,12,kits,BRL,Neosolar,NEO-22677,,,,,1,Kit Energia Solar Off Grid s/ Inversor - 1.16kWp 440Ah 48V Chumbo (22677),,,580,2,1.16,1160,0,,,draft,Solar Kit|Neosolar,8,1,2,0,Solar Kit Off-Grid
,,4,12,kits,BRL,Neosolar,NEO-22676,,,,,1,Kit Energia Solar Off Grid s/ Inversor - 1.16kWp 220Ah 48V Chumbo (22676),,,580,2,1.16,1160,0,,,draft,Solar Kit|Neosolar,4,1,2,0,Solar Kit Off-Grid
,,3,12,kits,BRL,Neosolar,NEO-22679,,,,,1,Kit Energia Solar Off Grid s/ Inversor - 580Wp 660Ah 12V Chumbo (22679),,,580,1,0.58,580,0,,,draft,Solar Kit|Neosolar,3,1,1,0,Solar Kit Off-Grid
,,2,12,kits,BRL,Neosolar,NEO-22663,,,,,1,Kit Energia Solar Off Grid s/ Inversor - 580Wp 440Ah 12V Chumbo (22663),,,580,1,0.58,580,0,,,draft,Solar Kit|Neosolar,2,1,1,0,Solar Kit Off-Grid
,,4,12,kits,BRL,Neosolar,NEO-26689,,,,,,"Kit de Energia Solar c/ Inv-car - 2,48kWp 220Ah 48/220V",,,620,4,48.0,2480,14734.01,,,draft,Solar Kit|Neosolar,4,0,4,0,Solar Kit Off-Grid
,,16,12,kits,BRL,Neosolar,NEO-26693,,,,,,"Kit de Energia Solar c/ Inv-car - 3,72kWp 220Ah 48/220V",,,620,6,72.0,3720,35458.96,,,draft,Solar Kit|Neosolar,16,0,6,0,Solar Kit Off-Grid
,,12,12,kits,BRL,Neosolar,NEO-26692,,,,,,"Kit de Energia Solar c/ Inv-car - 3,10kWp 220Ah 48/220V",,,620,5,10.0,3100,28343.79,,,draft,Solar Kit|Neosolar,12,0,5,0,Solar Kit Off-Grid
,,8,12,kits,BRL,Neosolar,NEO-26690,,,,,,"Kit de Energia Solar c/ Inv-car - 3,72kWp 220Ah 48/220V",,,620,6,72.0,3720,22469.76,,,draft,Solar Kit|Neosolar,8,0,6,0,Solar Kit Off-Grid
,,8,12,kits,BRL,Neosolar,NEO-26691,,,,,,"Kit de Energia Solar c/ Inv-car - 1,86kWp 220Ah 48/220V",,,620,3,86.0,1860,20608.04,,,draft,Solar Kit|Neosolar,8,0,3,0,Solar Kit Off-Grid
,,1,48,kits,BRL,Neosolar,NEO-26845,,,,,1,"Kit Energia Solar On Grid Híbrido - 3,7kWp Lítio 48V (26845)",,,620,6,7.0,3720,14800.61,,,draft,Solar Kit|Neosolar,1,1,6,0,Solar Kit Hybrid
,,1,48,kits,BRL,Neosolar,NEO-26857,,,,,1,"Kit Energia Solar On Grid Híbrido - 3,72kWp 4,8kWh Lítio 48V (26857)",,,620,6,72.0,3720,21559.38,,,draft,Solar Kit|Neosolar,1,1,6,0,Solar Kit Hybrid
,,1,48,kits,BRL,Neosolar,NEO-26795,,,,,1,"Kit Energia Solar On Grid Híbrido - 3,72kWp 4,8kWh Lítio 48V (26795)",,,620,6,72.0,3720,20843.75,,,draft,Solar Kit|Neosolar,1,1,6,0,Solar Kit Hybrid
,,1,48,kits,BRL,Neosolar,NEO-26783,,,,,1,"Kit Energia Solar On Grid Híbrido - 3,7kWp Lítio 48V (26783)",,,620,6,7.0,3720,14084.97,,,draft,Solar Kit|Neosolar,1,1,6,0,Solar Kit Hybrid
,,1,48,kits,BRL,Neosolar,NEO-26669,,,,,1,"Kit Energia Solar On Grid Híbrido - 8.06kWp 4,8kWh Lítio 48V (26669)",,,620,13,8.06,8060,31591.94,,,draft,Solar Kit|Neosolar,1,1,13,0,Solar Kit Hybrid
,,1,48,kits,BRL,Neosolar,NEO-26657,,,,,1,"Kit Energia Solar On Grid Híbrido - 3,72kWp 4,8kWh Lítio 48V (26657)",,,620,6,72.0,3720,21022.97,,,draft,Solar Kit|Neosolar,1,1,6,0,Solar Kit Hybrid
,,2,48,kits,BRL,Neosolar,NEO-26766,,,,,1,"Kit Energia Solar On Grid Híbrido - 5.65kWp 4,8kWh Lítio 48V (26766)",,,565,10,5.65,5650,27456.69,,,draft,Solar Kit|Neosolar,2,1,10,0,Solar Kit Hybrid
,,2,48,kits,BRL,Neosolar,NEO-26754,,,,,1,"Kit Energia Solar On Grid Híbrido - 5.65kWp 4,8kWh Lítio 48V (26754)",,,565,10,5.65,5650,20697.91,,,draft,Solar Kit|Neosolar,2,1,10,0,Solar Kit Hybrid
,,3,48,kits,BRL,Neosolar,NEO-26767,,,,,1,"Kit Energia Solar On Grid Híbrido - 5.65kWp 4,8kWh Lítio 48V (26767)",,,565,10,5.65,5650,31861.03,,,draft,Solar Kit|Neosolar,3,1,10,0,Solar Kit Hybrid
,,4,48,kits,BRL,Neosolar,NEO-26768,,,,,1,"Kit Energia Solar On Grid Híbrido - 5.65kWp 4,8kWh Lítio 48V (26768)",,,565,10,5.65,5650,0,,,draft,Solar Kit|Neosolar,4,1,10,0,Solar Kit Hybrid
,,3,48,kits,BRL,Neosolar,NEO-26755,,,,,1,"Kit Energia Solar On Grid Híbrido - 5.65kWp 4,8kWh Lítio 48V (26755)",,,565,10,5.65,5650,25102.25,,,draft,Solar Kit|Neosolar,3,1,10,0,Solar Kit Hybrid
,,3,48,kits,BRL,Neosolar,NEO-26817,,,,,1,"Kit Energia Solar On Grid Híbrido - 5.65kWp 4,8kWh Lítio 48V (26817)",,,565,10,5.65,5650,0,,,draft,Solar Kit|Neosolar,3,1,10,0,Solar Kit Hybrid
,,1,48,kits,BRL,Neosolar,NEO-26765,,,,,1,"Kit Energia Solar On Grid Híbrido - 5.65kWp 4,8kWh Lítio 48V (26765)",,,565,10,5.65,5650,23052.36,,,draft,Solar Kit|Neosolar,1,1,10,0,Solar Kit Hybrid
,,1,48,kits,BRL,Neosolar,NEO-26753,,,,,1,"Kit Energia Solar On Grid Híbrido - 5.65kWp 4,8kWh Lítio 48V (26753)",,,565,10,5.65,5650,16293.58,,,draft,Solar Kit|Neosolar,1,1,10,0,Solar Kit Hybrid
,,1,48,kits,BRL,Neosolar,NEO-26815,,,,,1,"Kit Energia Solar On Grid Híbrido - 5.65kWp 4,8kWh Lítio 48V (26815)",,,565,10,5.65,5650,0,,,draft,Solar Kit|Neosolar,1,1,10,0,Solar Kit Hybrid
,,2,48,kits,BRL,Neosolar,NEO-26816,,,,,1,"Kit Energia Solar On Grid Híbrido - 5.65kWp 4,8kWh Lítio 48V (26816)",,,565,10,5.65,5650,0,,,draft,Solar Kit|Neosolar,2,1,10,0,Solar Kit Hybrid
,,2,48,kits,BRL,Neosolar,NEO-26628,,,,,1,"Kit Energia Solar On Grid Híbrido - 5.65kWp 4,8kWh Lítio 48V (26628)",,,565,10,5.65,5650,0,,,draft,Solar Kit|Neosolar,2,1,10,0,Solar Kit Hybrid
,,1,6,kits,BRL,Neosolar,NEO-25050,,,,,1,Kit Energia Solar Off Grid - 870Wp 100Ah/24V Lítio (25050),,,435,2,0.87,870,6147.89,,,draft,Solar Kit|Neosolar,1,1,2,0,Solar Kit Off-Grid
,,1,48,kits,BRL,Neosolar,NEO-25055,,,,,1,"Kit Energia Solar Off Grid - 1,31kWp 105Ah 48V Lítio (25055)",,,435,3,31.0,1305,6990.92,,,draft,Solar Kit|Neosolar,1,1,3,0,Solar Kit Off-Grid
,,4,48,kits,BRL,Neosolar,NEO-26630,,,,,1,"Kit Energia Solar On Grid Híbrido - 5.65kWp 4,8kWh Lítio 48V (26630)",,,565,10,5.65,5650,0,,,draft,Solar Kit|Neosolar,4,1,10,0,Solar Kit Hybrid
,,5,48,kits,BRL,Neosolar,NEO-26674,,,,,1,"Kit Energia Solar On Grid Híbrido - 14.88kWp 4,8kWh Lítio 48V (26674)",,,620,24,14.88,14880,0,,,draft,Solar Kit|Neosolar,5,1,24,0,Solar Kit Hybrid
,,4,48,kits,BRL,Neosolar,NEO-26673,,,,,1,"Kit Energia Solar On Grid Híbrido - 14.88kWp 4,8kWh Lítio 48V (26673)",,,620,24,14.88,14880,0,,,draft,Solar Kit|Neosolar,4,1,24,0,Solar Kit Hybrid
,,6,48,kits,BRL,Neosolar,NEO-26675,,,,,1,"Kit Energia Solar On Grid Híbrido - 14.88kWp 4,8kWh Lítio 48V (26675)",,,620,24,14.88,14880,0,,,draft,Solar Kit|Neosolar,6,1,24,0,Solar Kit Hybrid
,,3,48,kits,BRL,Neosolar,NEO-26860,,,,,1,"Kit Energia Solar On Grid Híbrido - 6,2kWp 4,8kWh Lítio 48V (26860)",,,620,10,2.0,6200,0,,,draft,Solar Kit|Neosolar,3,1,10,0,Solar Kit Hybrid
,,4,48,kits,BRL,Neosolar,NEO-26861,,,,,1,"Kit Energia Solar On Grid Híbrido - 6,2kWp 4,8kWh Lítio 48V (26861)",,,620,10,2.0,6200,0,,,draft,Solar Kit|Neosolar,4,1,10,0,Solar Kit Hybrid
,,4,48,kits,BRL,Neosolar,NEO-26799,,,,,1,"Kit Energia Solar On Grid Híbrido - 6,2kWp 4,8kWh Lítio 48V (26799)",,,620,10,2.0,6200,0,,,draft,Solar Kit|Neosolar,4,1,10,0,Solar Kit Hybrid
,,1,48,kits,BRL,Neosolar,NEO-26858,,,,,1,"Kit Energia Solar On Grid Híbrido - 6,2kWp 4,8kWh Lítio 48V (26658)",,,620,10,2.0,6200,0,,,draft,Solar Kit|Neosolar,1,1,10,0,Solar Kit Hybrid
,,2,48,kits,BRL,Neosolar,NEO-26859,,,,,1,"Kit Energia Solar On Grid Híbrido - 6,2kWp 4,8kWh Lítio 48V (26859)",,,620,10,2.0,6200,0,,,draft,Solar Kit|Neosolar,2,1,10,0,Solar Kit Hybrid
,,4,48,kits,BRL,Neosolar,NEO-26849,,,,,1,"Kit Energia Solar On Grid Híbrido - 6,2kWp Lítio 48V (26849)",,,620,10,2.0,6200,0,,,draft,Solar Kit|Neosolar,4,1,10,0,Solar Kit Hybrid
,,3,48,kits,BRL,Neosolar,NEO-26848,,,,,1,"Kit Energia Solar On Grid Híbrido - 6,2kWp Lítio 48V (26848)",,,620,10,2.0,6200,0,,,draft,Solar Kit|Neosolar,3,1,10,0,Solar Kit Hybrid
,,1,48,kits,BRL,Neosolar,NEO-26846,,,,,1,"Kit Energia Solar On Grid Híbrido - 6,2kWp Lítio 48V (26846)",,,620,10,2.0,6200,0,,,draft,Solar Kit|Neosolar,1,1,10,0,Solar Kit Hybrid
,,2,48,kits,BRL,Neosolar,NEO-26847,,,,,1,"Kit Energia Solar On Grid Híbrido - 6,2kWp Lítio 48V (26847)",,,620,10,2.0,6200,0,,,draft,Solar Kit|Neosolar,2,1,10,0,Solar Kit Hybrid
,,2,48,kits,BRL,Neosolar,NEO-26785,,,,,1,"Kit Energia Solar On Grid Híbrido - 6,2kWp Lítio 48V (26785)",,,620,10,2.0,6200,21254.52,,,draft,Solar Kit|Neosolar,2,1,10,0,Solar Kit Hybrid
,,3,48,kits,BRL,Neosolar,NEO-26786,,,,,1,"Kit Energia Solar On Grid Híbrido - 6,2kWp Lítio 48V (26786)",,,620,10,2.0,6200,25658.86,,,draft,Solar Kit|Neosolar,3,1,10,0,Solar Kit Hybrid
,,1,48,kits,BRL,Neosolar,NEO-26796,,,,,1,"Kit Energia Solar On Grid Híbrido - 6,2kWp 4,8kWh Lítio 48V (26796)",,,620,10,2.0,6200,23608.96,,,draft,Solar Kit|Neosolar,1,1,10,0,Solar Kit Hybrid
,,1,48,kits,BRL,Neosolar,NEO-26784,,,,,1,"Kit Energia Solar On Grid Híbrido - 6,2kWp Lítio 48V (26784)",,,620,10,2.0,6200,16850.19,,,draft,Solar Kit|Neosolar,1,1,10,0,Solar Kit Hybrid
,,3,48,kits,BRL,Neosolar,NEO-26798,,,,,1,"Kit Energia Solar On Grid Híbrido - 6,2kWp 4,8kWh Lítio 48V (26798)",,,620,10,2.0,6200,32417.63,,,draft,Solar Kit|Neosolar,3,1,10,0,Solar Kit Hybrid
,,2,48,kits,BRL,Neosolar,NEO-26797,,,,,1,"Kit Energia Solar On Grid Híbrido - 6,2kWp 4,8kWh Lítio 48V (26797)",,,620,10,2.0,6200,28013.29,,,draft,Solar Kit|Neosolar,2,1,10,0,Solar Kit Hybrid
,,4,48,kits,BRL,Neosolar,NEO-26787,,,,,1,"Kit Energia Solar On Grid Híbrido - 6,2kWp Lítio 48V (26787)",,,620,10,2.0,6200,0,,,draft,Solar Kit|Neosolar,4,1,10,0,Solar Kit Hybrid
,,1,48,kits,BRL,Neosolar,NEO-26670,,,,,1,"Kit Energia Solar On Grid Híbrido - 14.88kWp 4,8kWh Lítio 48V (26670)",,,620,24,14.88,14880,39291.55,,,draft,Solar Kit|Neosolar,1,1,24,0,Solar Kit Hybrid
,,3,48,kits,BRL,Neosolar,NEO-26672,,,,,1,"Kit Energia Solar On Grid Híbrido - 14.88kWp 4,8kWh Lítio 48V (26672)",,,620,24,14.88,14880,0,,,draft,Solar Kit|Neosolar,3,1,24,0,Solar Kit Hybrid
,,2,48,kits,BRL,Neosolar,NEO-26671,,,,,1,"Kit Energia Solar On Grid Híbrido - 14.88kWp 4,8kWh Lítio 48V (26671)",,,620,24,14.88,14880,0,,,draft,Solar Kit|Neosolar,2,1,24,0,Solar Kit Hybrid
,,1,48,kits,BRL,Neosolar,NEO-26845,,,,,1,"Kit Energia Solar On Grid Híbrido - 3,7kWp Lítio 48V (26845)",,,620,6,7.0,3720,14800.61,,,draft,Solar Kit|Neosolar,1,1,6,0,Solar Kit Hybrid
,,1,48,kits,BRL,Neosolar,NEO-26857,,,,,1,"Kit Energia Solar On Grid Híbrido - 3,72kWp 4,8kWh Lítio 48V (26857)",,,620,6,72.0,3720,21559.38,,,draft,Solar Kit|Neosolar,1,1,6,0,Solar Kit Hybrid
,,1,48,kits,BRL,Neosolar,NEO-26795,,,,,1,"Kit Energia Solar On Grid Híbrido - 3,72kWp 4,8kWh Lítio 48V (26795)",,,620,6,72.0,3720,20843.75,,,draft,Solar Kit|Neosolar,1,1,6,0,Solar Kit Hybrid
,,1,48,kits,BRL,Neosolar,NEO-26783,,,,,1,"Kit Energia Solar On Grid Híbrido - 3,7kWp Lítio 48V (26783)",,,620,6,7.0,3720,14084.97,,,draft,Solar Kit|Neosolar,1,1,6,0,Solar Kit Hybrid
,,1,48,kits,BRL,Neosolar,NEO-26669,,,,,1,"Kit Energia Solar On Grid Híbrido - 8.06kWp 4,8kWh Lítio 48V (26669)",,,620,13,8.06,8060,31591.94,,,draft,Solar Kit|Neosolar,1,1,13,0,Solar Kit Hybrid
,,1,48,kits,BRL,Neosolar,NEO-26657,,,,,1,"Kit Energia Solar On Grid Híbrido - 3,72kWp 4,8kWh Lítio 48V (26657)",,,620,6,72.0,3720,21022.97,,,draft,Solar Kit|Neosolar,1,1,6,0,Solar Kit Hybrid
,,2,48,kits,BRL,Neosolar,NEO-26766,,,,,1,"Kit Energia Solar On Grid Híbrido - 5.65kWp 4,8kWh Lítio 48V (26766)",,,565,10,5.65,5650,27456.69,,,draft,Solar Kit|Neosolar,2,1,10,0,Solar Kit Hybrid
,,2,48,kits,BRL,Neosolar,NEO-26754,,,,,1,"Kit Energia Solar On Grid Híbrido - 5.65kWp 4,8kWh Lítio 48V (26754)",,,565,10,5.65,5650,20697.91,,,draft,Solar Kit|Neosolar,2,1,10,0,Solar Kit Hybrid
,,3,48,kits,BRL,Neosolar,NEO-26767,,,,,1,"Kit Energia Solar On Grid Híbrido - 5.65kWp 4,8kWh Lítio 48V (26767)",,,565,10,5.65,5650,31861.03,,,draft,Solar Kit|Neosolar,3,1,10,0,Solar Kit Hybrid
,,4,48,kits,BRL,Neosolar,NEO-26768,,,,,1,"Kit Energia Solar On Grid Híbrido - 5.65kWp 4,8kWh Lítio 48V (26768)",,,565,10,5.65,5650,0,,,draft,Solar Kit|Neosolar,4,1,10,0,Solar Kit Hybrid
,,3,48,kits,BRL,Neosolar,NEO-26755,,,,,1,"Kit Energia Solar On Grid Híbrido - 5.65kWp 4,8kWh Lítio 48V (26755)",,,565,10,5.65,5650,25102.25,,,draft,Solar Kit|Neosolar,3,1,10,0,Solar Kit Hybrid
,,3,48,kits,BRL,Neosolar,NEO-26817,,,,,1,"Kit Energia Solar On Grid Híbrido - 5.65kWp 4,8kWh Lítio 48V (26817)",,,565,10,5.65,5650,0,,,draft,Solar Kit|Neosolar,3,1,10,0,Solar Kit Hybrid
,,1,48,kits,BRL,Neosolar,NEO-26765,,,,,1,"Kit Energia Solar On Grid Híbrido - 5.65kWp 4,8kWh Lítio 48V (26765)",,,565,10,5.65,5650,23052.36,,,draft,Solar Kit|Neosolar,1,1,10,0,Solar Kit Hybrid
,,1,48,kits,BRL,Neosolar,NEO-26753,,,,,1,"Kit Energia Solar On Grid Híbrido - 5.65kWp 4,8kWh Lítio 48V (26753)",,,565,10,5.65,5650,16293.58,,,draft,Solar Kit|Neosolar,1,1,10,0,Solar Kit Hybrid
,,1,48,kits,BRL,Neosolar,NEO-26815,,,,,1,"Kit Energia Solar On Grid Híbrido - 5.65kWp 4,8kWh Lítio 48V (26815)",,,565,10,5.65,5650,0,,,draft,Solar Kit|Neosolar,1,1,10,0,Solar Kit Hybrid
,,2,48,kits,BRL,Neosolar,NEO-26816,,,,,1,"Kit Energia Solar On Grid Híbrido - 5.65kWp 4,8kWh Lítio 48V (26816)",,,565,10,5.65,5650,0,,,draft,Solar Kit|Neosolar,2,1,10,0,Solar Kit Hybrid
,,2,48,kits,BRL,Neosolar,NEO-26628,,,,,1,"Kit Energia Solar On Grid Híbrido - 5.65kWp 4,8kWh Lítio 48V (26628)",,,565,10,5.65,5650,0,,,draft,Solar Kit|Neosolar,2,1,10,0,Solar Kit Hybrid
,,1,6,kits,BRL,Neosolar,NEO-25050,,,,,1,Kit Energia Solar Off Grid - 870Wp 100Ah/24V Lítio (25050),,,435,2,0.87,870,6147.89,,,draft,Solar Kit|Neosolar,1,1,2,0,Solar Kit Off-Grid
,,1,48,kits,BRL,Neosolar,NEO-25055,,,,,1,"Kit Energia Solar Off Grid - 1,31kWp 105Ah 48V Lítio (25055)",,,435,3,31.0,1305,6990.92,,,draft,Solar Kit|Neosolar,1,1,3,0,Solar Kit Off-Grid
,,4,48,kits,BRL,Neosolar,NEO-26630,,,,,1,"Kit Energia Solar On Grid Híbrido - 5.65kWp 4,8kWh Lítio 48V (26630)",,,565,10,5.65,5650,0,,,draft,Solar Kit|Neosolar,4,1,10,0,Solar Kit Hybrid
,,5,48,kits,BRL,Neosolar,NEO-26674,,,,,1,"Kit Energia Solar On Grid Híbrido - 14.88kWp 4,8kWh Lítio 48V (26674)",,,620,24,14.88,14880,0,,,draft,Solar Kit|Neosolar,5,1,24,0,Solar Kit Hybrid
,,4,48,kits,BRL,Neosolar,NEO-26673,,,,,1,"Kit Energia Solar On Grid Híbrido - 14.88kWp 4,8kWh Lítio 48V (26673)",,,620,24,14.88,14880,0,,,draft,Solar Kit|Neosolar,4,1,24,0,Solar Kit Hybrid
,,6,48,kits,BRL,Neosolar,NEO-26675,,,,,1,"Kit Energia Solar On Grid Híbrido - 14.88kWp 4,8kWh Lítio 48V (26675)",,,620,24,14.88,14880,0,,,draft,Solar Kit|Neosolar,6,1,24,0,Solar Kit Hybrid
,,3,48,kits,BRL,Neosolar,NEO-26860,,,,,1,"Kit Energia Solar On Grid Híbrido - 6,2kWp 4,8kWh Lítio 48V (26860)",,,620,10,2.0,6200,0,,,draft,Solar Kit|Neosolar,3,1,10,0,Solar Kit Hybrid
,,4,48,kits,BRL,Neosolar,NEO-26861,,,,,1,"Kit Energia Solar On Grid Híbrido - 6,2kWp 4,8kWh Lítio 48V (26861)",,,620,10,2.0,6200,0,,,draft,Solar Kit|Neosolar,4,1,10,0,Solar Kit Hybrid
,,4,48,kits,BRL,Neosolar,NEO-26799,,,,,1,"Kit Energia Solar On Grid Híbrido - 6,2kWp 4,8kWh Lítio 48V (26799)",,,620,10,2.0,6200,0,,,draft,Solar Kit|Neosolar,4,1,10,0,Solar Kit Hybrid
,,1,48,kits,BRL,Neosolar,NEO-26858,,,,,1,"Kit Energia Solar On Grid Híbrido - 6,2kWp 4,8kWh Lítio 48V (26658)",,,620,10,2.0,6200,0,,,draft,Solar Kit|Neosolar,1,1,10,0,Solar Kit Hybrid
,,2,48,kits,BRL,Neosolar,NEO-26859,,,,,1,"Kit Energia Solar On Grid Híbrido - 6,2kWp 4,8kWh Lítio 48V (26859)",,,620,10,2.0,6200,0,,,draft,Solar Kit|Neosolar,2,1,10,0,Solar Kit Hybrid
,,4,48,kits,BRL,Neosolar,NEO-26849,,,,,1,"Kit Energia Solar On Grid Híbrido - 6,2kWp Lítio 48V (26849)",,,620,10,2.0,6200,0,,,draft,Solar Kit|Neosolar,4,1,10,0,Solar Kit Hybrid
,,3,48,kits,BRL,Neosolar,NEO-26848,,,,,1,"Kit Energia Solar On Grid Híbrido - 6,2kWp Lítio 48V (26848)",,,620,10,2.0,6200,0,,,draft,Solar Kit|Neosolar,3,1,10,0,Solar Kit Hybrid
,,1,48,kits,BRL,Neosolar,NEO-26846,,,,,1,"Kit Energia Solar On Grid Híbrido - 6,2kWp Lítio 48V (26846)",,,620,10,2.0,6200,0,,,draft,Solar Kit|Neosolar,1,1,10,0,Solar Kit Hybrid
,,2,48,kits,BRL,Neosolar,NEO-26847,,,,,1,"Kit Energia Solar On Grid Híbrido - 6,2kWp Lítio 48V (26847)",,,620,10,2.0,6200,0,,,draft,Solar Kit|Neosolar,2,1,10,0,Solar Kit Hybrid
,,2,48,kits,BRL,Neosolar,NEO-26785,,,,,1,"Kit Energia Solar On Grid Híbrido - 6,2kWp Lítio 48V (26785)",,,620,10,2.0,6200,21254.52,,,draft,Solar Kit|Neosolar,2,1,10,0,Solar Kit Hybrid
,,3,48,kits,BRL,Neosolar,NEO-26786,,,,,1,"Kit Energia Solar On Grid Híbrido - 6,2kWp Lítio 48V (26786)",,,620,10,2.0,6200,25658.86,,,draft,Solar Kit|Neosolar,3,1,10,0,Solar Kit Hybrid
,,1,48,kits,BRL,Neosolar,NEO-26796,,,,,1,"Kit Energia Solar On Grid Híbrido - 6,2kWp 4,8kWh Lítio 48V (26796)",,,620,10,2.0,6200,23608.96,,,draft,Solar Kit|Neosolar,1,1,10,0,Solar Kit Hybrid
,,1,48,kits,BRL,Neosolar,NEO-26784,,,,,1,"Kit Energia Solar On Grid Híbrido - 6,2kWp Lítio 48V (26784)",,,620,10,2.0,6200,16850.19,,,draft,Solar Kit|Neosolar,1,1,10,0,Solar Kit Hybrid
,,3,48,kits,BRL,Neosolar,NEO-26798,,,,,1,"Kit Energia Solar On Grid Híbrido - 6,2kWp 4,8kWh Lítio 48V (26798)",,,620,10,2.0,6200,32417.63,,,draft,Solar Kit|Neosolar,3,1,10,0,Solar Kit Hybrid
,,2,48,kits,BRL,Neosolar,NEO-26797,,,,,1,"Kit Energia Solar On Grid Híbrido - 6,2kWp 4,8kWh Lítio 48V (26797)",,,620,10,2.0,6200,28013.29,,,draft,Solar Kit|Neosolar,2,1,10,0,Solar Kit Hybrid
,,4,48,kits,BRL,Neosolar,NEO-26787,,,,,1,"Kit Energia Solar On Grid Híbrido - 6,2kWp Lítio 48V (26787)",,,620,10,2.0,6200,0,,,draft,Solar Kit|Neosolar,4,1,10,0,Solar Kit Hybrid
,,1,48,kits,BRL,Neosolar,NEO-26670,,,,,1,"Kit Energia Solar On Grid Híbrido - 14.88kWp 4,8kWh Lítio 48V (26670)",,,620,24,14.88,14880,39291.55,,,draft,Solar Kit|Neosolar,1,1,24,0,Solar Kit Hybrid
,,3,48,kits,BRL,Neosolar,NEO-26672,,,,,1,"Kit Energia Solar On Grid Híbrido - 14.88kWp 4,8kWh Lítio 48V (26672)",,,620,24,14.88,14880,0,,,draft,Solar Kit|Neosolar,3,1,24,0,Solar Kit Hybrid
,,2,48,kits,BRL,Neosolar,NEO-26671,,,,,1,"Kit Energia Solar On Grid Híbrido - 14.88kWp 4,8kWh Lítio 48V (26671)",,,620,24,14.88,14880,0,,,draft,Solar Kit|Neosolar,2,1,24,0,Solar Kit Hybrid
,,2,48,kits,BRL,Neosolar,NEO-26961,,,,,,"Kit de Energia Solar Off Grid c/ Inv-car - 3,4kWp 100Ah 24/220V Lítio (26961)",,,565,6,4.0,3390,0,,,draft,Solar Kit|Neosolar,2,0,6,0,Solar Kit Off-Grid
,,1,48,kits,BRL,Neosolar,NEO-26619,,,,,1,"Kit Energia Solar On Grid Híbrido - 5.08kWp 4,8kWh Lítio 48V (26619)",,,565,9,5.08,5085,22905.69,,,draft,Solar Kit|Neosolar,1,1,9,0,Solar Kit Hybrid
,,6,48,kits,BRL,Neosolar,NEO-26656,,,,,1,"Kit Energia Solar On Grid Híbrido - 9,92kWp 4,8kWh Lítio 48V (26656)",,,620,16,92.0,9920,0,,,draft,Solar Kit|Neosolar,6,1,16,0,Solar Kit Hybrid
,,4,48,kits,BRL,Neosolar,NEO-26654,,,,,1,"Kit Energia Solar On Grid Híbrido - 9,92kWp 4,8kWh Lítio 48V (26654)",,,620,16,92.0,9920,0,,,draft,Solar Kit|Neosolar,4,1,16,0,Solar Kit Hybrid
,,5,48,kits,BRL,Neosolar,NEO-26655,,,,,1,"Kit Energia Solar On Grid Híbrido - 9,92kWp 4,8kWh Lítio 48V (26655)",,,620,16,92.0,9920,0,,,draft,Solar Kit|Neosolar,5,1,16,0,Solar Kit Hybrid
,,1,48,kits,BRL,Neosolar,NEO-26651,,,,,1,"Kit Energia Solar On Grid Híbrido - 9,92kWp 4,8kWh Lítio 48V (26651)",,,620,16,92.0,9920,0,,,draft,Solar Kit|Neosolar,1,1,16,0,Solar Kit Hybrid
,,1,48,kits,BRL,Neosolar,NEO-26652,,,,,1,"Kit Energia Solar On Grid Híbrido - 9,92kWp 4,8kWh Lítio 48V (26652)",,,620,16,92.0,9920,0,,,draft,Solar Kit|Neosolar,1,1,16,0,Solar Kit Hybrid
,,1,48,kits,BRL,Neosolar,NEO-26650,,,,,1,"Kit Energia Solar On Grid Híbrido - 5,58kWp 4,8kWh Lítio 48V (26650)",,,620,9,58.0,5580,23434.46,,,draft,Solar Kit|Neosolar,1,1,9,0,Solar Kit Hybrid
,,3,48,kits,BRL,Neosolar,NEO-26665,,,,,1,"Kit Energia Solar On Grid Híbrido - 9,92kWp 4,8kWh Lítio 48V (26665)",,,620,16,92.0,9920,0,,,draft,Solar Kit|Neosolar,3,1,16,0,Solar Kit Hybrid
,,2,48,kits,BRL,Neosolar,NEO-26664,,,,,1,"Kit Energia Solar On Grid Híbrido - 9,92kWp 4,8kWh Lítio 48V (26664)",,,620,16,92.0,9920,0,,,draft,Solar Kit|Neosolar,2,1,16,0,Solar Kit Hybrid
,,1,48,kits,BRL,Neosolar,NEO-26663,,,,,1,"Kit Energia Solar On Grid Híbrido - 9,92kWp 4,8kWh Lítio 48V (26663)",,,620,16,92.0,9920,31106.64,,,draft,Solar Kit|Neosolar,1,1,16,0,Solar Kit Hybrid
,,1,48,kits,BRL,Neosolar,NEO-26662,,,,,1,"Kit Energia Solar On Grid Híbrido - 5,58kWp 4,8kWh Lítio 48V (26662)",,,620,9,58.0,5580,25889.32,,,draft,Solar Kit|Neosolar,1,1,9,0,Solar Kit Hybrid
,,6,48,kits,BRL,Neosolar,NEO-26668,,,,,1,"Kit Energia Solar On Grid Híbrido - 9,92kWp 4,8kWh Lítio 48V (26668)",,,620,16,92.0,9920,0,,,draft,Solar Kit|Neosolar,6,1,16,0,Solar Kit Hybrid
,,4,48,kits,BRL,Neosolar,NEO-26666,,,,,1,"Kit Energia Solar On Grid Híbrido - 9,92kWp 4,8kWh Lítio 48V (26666)",,,620,16,92.0,9920,0,,,draft,Solar Kit|Neosolar,4,1,16,0,Solar Kit Hybrid
,,5,48,kits,BRL,Neosolar,NEO-26667,,,,,1,"Kit Energia Solar On Grid Híbrido - 9,92kWp 4,8kWh Lítio 48V (26667)",,,620,16,92.0,9920,0,,,draft,Solar Kit|Neosolar,5,1,16,0,Solar Kit Hybrid
,,1,48,kits,BRL,Neosolar,NEO-26788,,,,,1,"Kit Energia Solar On Grid Híbrido - 5,58kWp Lítio 48V (26788)",,,620,9,58.0,5580,21716.02,,,draft,Solar Kit|Neosolar,1,1,9,0,Solar Kit Hybrid
,,6,48,kits,BRL,Neosolar,NEO-26794,,,,,1,"Kit Energia Solar On Grid Híbrido - 9.92kWp 4,8kWh Lítio 48V (26794)",,,620,16,9.92,9920,0,,,draft,Solar Kit|Neosolar,6,1,16,0,Solar Kit Hybrid
,,3,48,kits,BRL,Neosolar,NEO-26791,,,,,1,"Kit Energia Solar On Grid Híbrido - 9.92kWp 4,8kWh Lítio 48V (26791)",,,620,16,9.92,9920,34718.8,,,draft,Solar Kit|Neosolar,3,1,16,0,Solar Kit Hybrid
,,4,48,kits,BRL,Neosolar,NEO-26792,,,,,1,"Kit Energia Solar On Grid Híbrido - 9.92kWp 4,8kWh Lítio 48V (26792)",,,620,16,9.92,9920,0,,,draft,Solar Kit|Neosolar,4,1,16,0,Solar Kit Hybrid
,,5,48,kits,BRL,Neosolar,NEO-26793,,,,,1,"Kit Energia Solar On Grid Híbrido - 9.92kWp 4,8kWh Lítio 48V (26793)",,,620,16,9.92,9920,0,,,draft,Solar Kit|Neosolar,5,1,16,0,Solar Kit Hybrid
,,2,48,kits,BRL,Neosolar,NEO-26790,,,,,1,"Kit Energia Solar On Grid Híbrido - 9.92kWp 4,8kWh Lítio 48V (26790)",,,620,16,9.92,9920,30314.46,,,draft,Solar Kit|Neosolar,2,1,16,0,Solar Kit Hybrid
,,1,48,kits,BRL,Neosolar,NEO-26789,,,,,1,"Kit Energia Solar On Grid Híbrido - 9.92kWp 4,8kWh Lítio 48V (26789)",,,620,16,9.92,9920,25910.13,,,draft,Solar Kit|Neosolar,1,1,16,0,Solar Kit Hybrid
,,1,48,kits,BRL,Neosolar,NEO-26851,,,,,1,"Kit Energia Solar On Grid Híbrido - 9.92kWp 4,8kWh Lítio 48V (26851)",,,620,16,9.92,9920,0,,,draft,Solar Kit|Neosolar,1,1,16,0,Solar Kit Hybrid
,,1,48,kits,BRL,Neosolar,NEO-26852,,,,,1,"Kit Energia Solar On Grid Híbrido - 9.92kWp 4,8kWh Lítio 48V (26852)",,,620,16,9.92,9920,0,,,draft,Solar Kit|Neosolar,1,1,16,0,Solar Kit Hybrid
,,1,48,kits,BRL,Neosolar,NEO-26850,,,,,1,"Kit Energia Solar On Grid Híbrido - 5,6kWp Lítio 48V (26850)",,,620,9,6.0,5580,22431.66,,,draft,Solar Kit|Neosolar,1,1,9,0,Solar Kit Hybrid
,,6,48,kits,BRL,Neosolar,NEO-26856,,,,,1,"Kit Energia Solar On Grid Híbrido - 9.92kWp 4,8kWh Lítio 48V (26856)",,,620,16,9.92,9920,0,,,draft,Solar Kit|Neosolar,6,1,16,0,Solar Kit Hybrid
,,3,48,kits,BRL,Neosolar,NEO-26853,,,,,1,"Kit Energia Solar On Grid Híbrido - 9.92kWp 4,8kWh Lítio 48V (26853)",,,620,16,9.92,9920,0,,,draft,Solar Kit|Neosolar,3,1,16,0,Solar Kit Hybrid
,,5,48,kits,BRL,Neosolar,NEO-26855,,,,,1,"Kit Energia Solar On Grid Híbrido - 9.92kWp 4,8kWh Lítio 48V (26855)",,,620,16,9.92,9920,0,,,draft,Solar Kit|Neosolar,5,1,16,0,Solar Kit Hybrid
,,4,48,kits,BRL,Neosolar,NEO-26854,,,,,1,"Kit Energia Solar On Grid Híbrido - 9.92kWp 4,8kWh Lítio 48V (26854)",,,620,16,9.92,9920,0,,,draft,Solar Kit|Neosolar,4,1,16,0,Solar Kit Hybrid
,,4,48,kits,BRL,Neosolar,NEO-24909,,,,,1,"Kit Energia Solar On Grid Híbrido - 9,76kWp 4,8kWh Lítio 48V (24909)",,,610,16,76.0,9760,0,,,draft,Solar Kit|Neosolar,4,1,16,0,Solar Kit Hybrid
,,3,48,kits,BRL,Neosolar,NEO-24931,,,,,1,"Kit Energia Solar On Grid Híbrido - 9,76kWp 4,8kWh Lítio 48V (24931)",,,610,16,76.0,9760,0,,,draft,Solar Kit|Neosolar,3,1,16,0,Solar Kit Hybrid
,,1,48,kits,BRL,Neosolar,NEO-24942,,,,,1,"Kit Energia Solar On Grid Híbrido - 14,64kWp 4,8kWh Lítio 48V (24942)",,,610,24,64.0,14640,0,,,draft,Solar Kit|Neosolar,1,1,24,0,Solar Kit Hybrid
,,2,48,kits,BRL,Neosolar,NEO-24919,,,,,1,"Kit Energia Solar On Grid Híbrido - 6,1kWp 4,8kWh Lítio 48V (24919)",,,610,10,1.0,6100,0,,,draft,Solar Kit|Neosolar,2,1,10,0,Solar Kit Hybrid
,,4,48,kits,BRL,Neosolar,NEO-24900,,,,,1,"Kit Energia Solar On Grid Híbrido - 6,1kWp 4,8kWh Lítio 48V (24900)",,,610,10,1.0,6100,0,,,draft,Solar Kit|Neosolar,4,1,10,0,Solar Kit Hybrid
,,4,48,kits,BRL,Neosolar,NEO-24899,,,,,1,"Kit Energia Solar On Grid Híbrido - 6,1kWp 4,8kWh Lítio 48V (24899)",,,610,10,1.0,6100,0,,,draft,Solar Kit|Neosolar,4,1,10,0,Solar Kit Hybrid
,,1,48,kits,BRL,Neosolar,NEO-24903,,,,,1,"Kit Energia Solar On Grid Híbrido - 9,76kWp 4,8kWh Lítio 48V (24903)",,,610,16,76.0,9760,0,,,draft,Solar Kit|Neosolar,1,1,16,0,Solar Kit Hybrid
,,1,48,kits,BRL,Neosolar,NEO-24902,,,,,1,"Kit Energia Solar On Grid Híbrido - 5,49kWp 4,8kWh Lítio 48V (24902)",,,610,9,49.0,5490,0,,,draft,Solar Kit|Neosolar,1,1,9,0,Solar Kit Hybrid
,,1,48,kits,BRL,Neosolar,NEO-24901,,,,,1,"Kit Energia Solar On Grid Híbrido - 5,49kWp 4,8kWh Lítio 48V (24901)",,,610,9,49.0,5490,0,,,draft,Solar Kit|Neosolar,1,1,9,0,Solar Kit Hybrid
,,4,48,kits,BRL,Neosolar,NEO-24933,,,,,1,"Kit Energia Solar On Grid Híbrido - 9,76kWp 4,8kWh Lítio 48V (24933)",,,610,16,76.0,9760,0,,,draft,Solar Kit|Neosolar,4,1,16,0,Solar Kit Hybrid
,,1,48,kits,BRL,Neosolar,NEO-24892,,,,,1,"Kit Energia Solar On Grid Híbrido - 3,66kWp 4,8kWh Lítio 48V (24892)",,,610,6,66.0,3660,0,,,draft,Solar Kit|Neosolar,1,1,6,0,Solar Kit Hybrid
,,1,48,kits,BRL,Neosolar,NEO-24925,,,,,1,"Kit Energia Solar On Grid Híbrido - 5,49kWp 4,8kWh Lítio 48V (24925)",,,610,9,49.0,5490,0,,,draft,Solar Kit|Neosolar,1,1,9,0,Solar Kit Hybrid
,,6,48,kits,BRL,Neosolar,NEO-24938,,,,,1,"Kit Energia Solar On Grid Híbrido - 9,76kWp 4,8kWh Lítio 48V (24938)",,,610,16,76.0,9760,0,,,draft,Solar Kit|Neosolar,6,1,16,0,Solar Kit Hybrid
,,3,48,kits,BRL,Neosolar,NEO-24922,,,,,1,"Kit Energia Solar On Grid Híbrido - 6,1kWp 4,8kWh Lítio 48V (24922)",,,610,10,1.0,6100,0,,,draft,Solar Kit|Neosolar,3,1,10,0,Solar Kit Hybrid
,,1,48,kits,BRL,Neosolar,NEO-24917,,,,,1,"Kit Energia Solar On Grid Híbrido - 6,1kWp 4,8kWh Lítio 48V (24917)",,,610,10,1.0,6100,0,,,draft,Solar Kit|Neosolar,1,1,10,0,Solar Kit Hybrid
,,5,48,kits,BRL,Neosolar,NEO-24912,,,,,1,"Kit Energia Solar On Grid Híbrido - 9,76kWp 4,8kWh Lítio 48V (24912)",,,610,16,76.0,9760,0,,,draft,Solar Kit|Neosolar,5,1,16,0,Solar Kit Hybrid
,,5,48,kits,BRL,Neosolar,NEO-24911,,,,,1,"Kit Energia Solar On Grid Híbrido - 9,76kWp 4,8kWh Lítio 48V (24911)",,,610,16,76.0,9760,0,,,draft,Solar Kit|Neosolar,5,1,16,0,Solar Kit Hybrid
,,3,48,kits,BRL,Neosolar,NEO-24907,,,,,1,"Kit Energia Solar On Grid Híbrido - 9,76kWp 4,8kWh Lítio 48V (24907)",,,610,16,76.0,9760,0,,,draft,Solar Kit|Neosolar,3,1,16,0,Solar Kit Hybrid
,,2,48,kits,BRL,Neosolar,NEO-24896,,,,,1,"Kit Energia Solar On Grid Híbrido - 6,1kWp 4,8kWh Lítio 48V (24896)",,,610,10,1.0,6100,0,,,draft,Solar Kit|Neosolar,2,1,10,0,Solar Kit Hybrid
,,1,48,kits,BRL,Neosolar,NEO-24894,,,,,1,"Kit Energia Solar On Grid Híbrido - 6,1kWp 4,8kWh Lítio 48V (24894)",,,610,10,1.0,6100,0,,,draft,Solar Kit|Neosolar,1,1,10,0,Solar Kit Hybrid
,,3,48,kits,BRL,Neosolar,NEO-24897,,,,,1,"Kit Energia Solar On Grid Híbrido - 6,1kWp 4,8kWh Lítio 48V (24897)",,,610,10,1.0,6100,0,,,draft,Solar Kit|Neosolar,3,1,10,0,Solar Kit Hybrid
,,2,48,kits,BRL,Neosolar,NEO-24895,,,,,1,"Kit Energia Solar On Grid Híbrido - 6,1kWp 4,8kWh Lítio 48V (24895)",,,610,10,1.0,6100,0,,,draft,Solar Kit|Neosolar,2,1,10,0,Solar Kit Hybrid
,,1,48,kits,BRL,Neosolar,NEO-24893,,,,,1,"Kit Energia Solar On Grid Híbrido - 6,1kWp 4,8kWh Lítio 48V (24893)",,,610,10,1.0,6100,0,,,draft,Solar Kit|Neosolar,1,1,10,0,Solar Kit Hybrid
,,1,48,kits,BRL,Neosolar,NEO-24904,,,,,1,"Kit Energia Solar On Grid Híbrido - 9,76kWp 4,8kWh Lítio 48V (24904)",,,610,16,76.0,9760,0,,,draft,Solar Kit|Neosolar,1,1,16,0,Solar Kit Hybrid
,,1,48,kits,BRL,Neosolar,NEO-24891,,,,,1,"Kit Energia Solar On Grid Híbrido - 3,66kWp 4,8kWh Lítio 48V (24891)",,,610,6,66.0,3660,0,,,draft,Solar Kit|Neosolar,1,1,6,0,Solar Kit Hybrid
,,6,48,kits,BRL,Neosolar,NEO-26806,,,,,1,"Kit Energia Solar On Grid Híbrido - 9,92kWp 4,8kWh Lítio 48V (26806)",,,620,16,92.0,9920,0,,,draft,Solar Kit|Neosolar,6,1,16,0,Solar Kit Hybrid
,,5,48,kits,BRL,Neosolar,NEO-26805,,,,,1,"Kit Energia Solar On Grid Híbrido - 9,92kWp 4,8kWh Lítio 48V (26805)",,,620,16,92.0,9920,0,,,draft,Solar Kit|Neosolar,5,1,16,0,Solar Kit Hybrid
,,2,48,kits,BRL,Neosolar,NEO-26802,,,,,1,"Kit Energia Solar On Grid Híbrido - 9,92kWp 4,8kWh Lítio 48V (26802)",,,620,16,92.0,9920,32461.36,,,draft,Solar Kit|Neosolar,2,1,16,0,Solar Kit Hybrid
,,1,48,kits,BRL,Neosolar,NEO-26801,,,,,1,"Kit Energia Solar On Grid Híbrido - 9,92kWp 4,8kWh Lítio 48V (26801)",,,620,16,92.0,9920,28057.03,,,draft,Solar Kit|Neosolar,1,1,16,0,Solar Kit Hybrid
,,1,48,kits,BRL,Neosolar,NEO-26645,,,,,1,"Kit Energia Solar On Grid Híbrido - 3,72kWp 4,8kWh Lítio 48V (26645)",,,620,6,72.0,3720,15379.46,,,draft,Solar Kit|Neosolar,1,1,6,0,Solar Kit Hybrid
,,1,48,kits,BRL,Neosolar,NEO-27295,,,,,,"Kit de Energia Solar Off Grid c/ Inv-car - 2,5kWp 100Ah 48/220V Lítio",,,565,4,5.0,2260,12198.95,,,draft,Solar Kit|Neosolar,1,0,4,0,Solar Kit Off-Grid
,,6,48,kits,BRL,Neosolar,NEO-26763,,,,,1,"Kit Energia Solar On Grid Híbrido - 9.04kWp 4,8kWh Lítio 48V (26763)",,,565,16,9.04,9040,0,,,draft,Solar Kit|Neosolar,6,1,16,0,Solar Kit Hybrid
,,5,48,kits,BRL,Neosolar,NEO-26762,,,,,1,"Kit Energia Solar On Grid Híbrido - 9.04kWp 4,8kWh Lítio 48V (26762)",,,565,16,9.04,9040,0,,,draft,Solar Kit|Neosolar,5,1,16,0,Solar Kit Hybrid
,,2,48,kits,BRL,Neosolar,NEO-26759,,,,,1,"Kit Energia Solar On Grid Híbrido - 9.04kWp 4,8kWh Lítio 48V (26759)",,,565,16,9.04,9040,29423.89,,,draft,Solar Kit|Neosolar,2,1,16,0,Solar Kit Hybrid
,,1,48,kits,BRL,Neosolar,NEO-26764,,,,,1,"Kit Energia Solar On Grid Híbrido - 3,95kWp 4,8kWh Lítio 48V (26764)",,,565,7,95.0,3955,20930.41,,,draft,Solar Kit|Neosolar,1,1,7,0,Solar Kit Hybrid
,,4,48,kits,BRL,Neosolar,NEO-26642,,,,,1,"Kit Energia Solar On Grid Híbrido - 13.56kWp 4,8kWh Lítio 48V (26642)",,,565,24,13.56,13560,0,,,draft,Solar Kit|Neosolar,4,1,24,0,Solar Kit Hybrid
,,1,48,kits,BRL,Neosolar,NEO-26776,,,,,1,"Kit Energia Solar On Grid Híbrido - 7.35kWp 4,8kWh Lítio 48V (26776)",,,565,13,7.35,7345,0,,,draft,Solar Kit|Neosolar,1,1,13,0,Solar Kit Hybrid
,,3,48,kits,BRL,Neosolar,NEO-26641,,,,,1,"Kit Energia Solar On Grid Híbrido - 13.56kWp 4,8kWh Lítio 48V (26641)",,,565,24,13.56,13560,0,,,draft,Solar Kit|Neosolar,3,1,24,0,Solar Kit Hybrid
,,1,48,kits,BRL,Neosolar,NEO-26777,,,,,1,"Kit Energia Solar On Grid Híbrido - 13.56kWp 4,8kWh Lítio 48V (26777)",,,565,24,13.56,13560,34500.13,,,draft,Solar Kit|Neosolar,1,1,24,0,Solar Kit Hybrid
,,1,48,kits,BRL,Neosolar,NEO-26639,,,,,1,"Kit Energia Solar On Grid Híbrido - 13.56kWp 4,8kWh Lítio 48V (26639)",,,565,24,13.56,13560,0,,,draft,Solar Kit|Neosolar,1,1,24,0,Solar Kit Hybrid
,,1,48,kits,BRL,Neosolar,NEO-26752,,,,,1,"Kit Energia Solar On Grid Híbrido - 3,95kWp 4,8kWh Lítio 48V (26752)",,,565,7,95.0,3955,14171.64,,,draft,Solar Kit|Neosolar,1,1,7,0,Solar Kit Hybrid
,,2,48,kits,BRL,Neosolar,NEO-26778,,,,,1,"Kit Energia Solar On Grid Híbrido - 13.56kWp 4,8kWh Lítio 48V (26778)",,,565,24,13.56,13560,38904.47,,,draft,Solar Kit|Neosolar,2,1,24,0,Solar Kit Hybrid
,,1,48,kits,BRL,Neosolar,NEO-26757,,,,,1,"Kit Energia Solar On Grid Híbrido - 5.08kWp 4,8kWh Lítio 48V (26757)",,,565,9,5.08,5085,21215.08,,,draft,Solar Kit|Neosolar,1,1,9,0,Solar Kit Hybrid
,,5,48,kits,BRL,Neosolar,NEO-26781,,,,,1,"Kit Energia Solar On Grid Híbrido - 13.56kWp 4,8kWh Lítio 48V (26781)",,,565,24,13.56,13560,0,,,draft,Solar Kit|Neosolar,5,1,24,0,Solar Kit Hybrid
,,5,48,kits,BRL,Neosolar,NEO-26824,,,,,1,"Kit Energia Solar On Grid Híbrido - 9.04kWp 4,8kWh Lítio 48V (26824)",,,565,16,9.04,9040,0,,,draft,Solar Kit|Neosolar,5,1,16,0,Solar Kit Hybrid
,,3,48,kits,BRL,Neosolar,NEO-26779,,,,,1,"Kit Energia Solar On Grid Híbrido - 13.56kWp 4,8kWh Lítio 48V (26779)",,,565,24,13.56,13560,0,,,draft,Solar Kit|Neosolar,3,1,24,0,Solar Kit Hybrid
,,4,48,kits,BRL,Neosolar,NEO-26780,,,,,1,"Kit Energia Solar On Grid Híbrido - 13.56kWp 4,8kWh Lítio 48V (26780)",,,565,24,13.56,13560,0,,,draft,Solar Kit|Neosolar,4,1,24,0,Solar Kit Hybrid
,,6,48,kits,BRL,Neosolar,NEO-26825,,,,,1,"Kit Energia Solar On Grid Híbrido - 9.04kWp 4,8kWh Lítio 48V (26825)",,,565,16,9.04,9040,0,,,draft,Solar Kit|Neosolar,6,1,16,0,Solar Kit Hybrid
,,1,48,kits,BRL,Neosolar,NEO-26819,,,,,1,"Kit Energia Solar On Grid Híbrido - 5.08kWp 4,8kWh Lítio 48V (26819)",,,565,9,5.08,5085,21930.71,,,draft,Solar Kit|Neosolar,1,1,9,0,Solar Kit Hybrid
,,2,48,kits,BRL,Neosolar,NEO-26821,,,,,1,"Kit Energia Solar On Grid Híbrido - 9.04kWp 4,8kWh Lítio 48V (26821)",,,565,16,9.04,9040,0,,,draft,Solar Kit|Neosolar,2,1,16,0,Solar Kit Hybrid
,,1,48,kits,BRL,Neosolar,NEO-26814,,,,,1,"Kit Energia Solar On Grid Híbrido - 3,95kWp 4,8kWh Lítio 48V (26814)",,,565,7,95.0,3955,14887.27,,,draft,Solar Kit|Neosolar,1,1,7,0,Solar Kit Hybrid
,,3,48,kits,BRL,Neosolar,NEO-26822,,,,,1,"Kit Energia Solar On Grid Híbrido - 9.04kWp 4,8kWh Lítio 48V (26822)",,,565,16,9.04,9040,0,,,draft,Solar Kit|Neosolar,3,1,16,0,Solar Kit Hybrid
,,1,48,kits,BRL,Neosolar,NEO-26826,,,,,1,"Kit Energia Solar On Grid Híbrido - 3,95kWp 4,8kWh Lítio 48V (26626)",,,565,7,95.0,3955,21646.05,,,draft,Solar Kit|Neosolar,1,1,7,0,Solar Kit Hybrid
,,6,48,kits,BRL,Neosolar,NEO-26782,,,,,1,"Kit Energia Solar On Grid Híbrido - 13.56kWp 4,8kWh Lítio 48V (26782)",,,565,24,13.56,13560,0,,,draft,Solar Kit|Neosolar,6,1,24,0,Solar Kit Hybrid
,,4,48,kits,BRL,Neosolar,NEO-26761,,,,,1,"Kit Energia Solar On Grid Híbrido - 9.04kWp 4,8kWh Lítio 48V (26761)",,,565,16,9.04,9040,0,,,draft,Solar Kit|Neosolar,4,1,16,0,Solar Kit Hybrid
,,3,48,kits,BRL,Neosolar,NEO-26760,,,,,1,"Kit Energia Solar On Grid Híbrido - 9.04kWp 4,8kWh Lítio 48V (26760)",,,565,16,9.04,9040,33828.23,,,draft,Solar Kit|Neosolar,3,1,16,0,Solar Kit Hybrid
,,5,48,kits,BRL,Neosolar,NEO-26643,,,,,1,"Kit Energia Solar On Grid Híbrido - 13.56kWp 4,8kWh Lítio 48V (26643)",,,565,24,13.56,13560,0,,,draft,Solar Kit|Neosolar,5,1,24,0,Solar Kit Hybrid
,,1,48,kits,BRL,Neosolar,NEO-26758,,,,,1,"Kit Energia Solar On Grid Híbrido - 9.04kWp 4,8kWh",,,565,16,9.04,9040,25019.56,,,draft,Solar Kit|Neosolar,1,1,16,0,Solar Kit Hybrid
,,1,48,kits,BRL,Neosolar,NEO-26820,,,,,1,"Kit Energia Solar On Grid Híbrido - 9.04kWp 4,8kWh Lítio 48V (26820)",,,565,16,9.04,9040,0,,,draft,Solar Kit|Neosolar,1,1,16,0,Solar Kit Hybrid
,,4,48,kits,BRL,Neosolar,NEO-26818,,,,,1,"Kit Energia Solar On Grid Híbrido - 5.65kWp 4,8kWh Lítio 48V (26818)",,,565,10,5.65,5650,0,,,draft,Solar Kit|Neosolar,4,1,10,0,Solar Kit Hybrid
,,1,48,kits,BRL,Neosolar,NEO-26838,,,,,1,"Kit Energia Solar On Grid Híbrido - 7.35kWp 4,8kWh Lítio 48V (26838)",,,565,13,7.35,7345,29728.75,,,draft,Solar Kit|Neosolar,1,1,13,0,Solar Kit Hybrid
,,4,48,kits,BRL,Neosolar,NEO-26830,,,,,1,"Kit Energia Solar On Grid Híbrido - 5.65kWp 4,8kWh Lítio 48V (26830)",,,565,10,5.65,5650,0,,,draft,Solar Kit|Neosolar,4,1,10,0,Solar Kit Hybrid
,,4,48,kits,BRL,Neosolar,NEO-26823,,,,,1,"Kit Energia Solar On Grid Híbrido - 9.04kWp 4,8kWh Lítio 48V (26823)",,,565,16,9.04,9040,0,,,draft,Solar Kit|Neosolar,4,1,16,0,Solar Kit Hybrid
,,1,48,kits,BRL,Neosolar,NEO-26614,,,,,1,"Kit Energia Solar On Grid Híbrido - 3,95kWp 4,8kWh Lítio 48V (26614)",,,565,7,95.0,3955,15470.94,,,draft,Solar Kit|Neosolar,1,1,7,0,Solar Kit Hybrid
,,4,48,kits,BRL,Neosolar,NEO-26618,,,,,1,"Kit Energia Solar On Grid Híbrido - 5.65kWp 4,8kWh Lítio 48V (26618)",,,565,10,5.65,5650,0,,,draft,Solar Kit|Neosolar,4,1,10,0,Solar Kit Hybrid
,,6,48,kits,BRL,Neosolar,NEO-26625,,,,,1,"Kit Energia Solar On Grid Híbrido - 9.04kWp 4,8kWh Lítio 48V (26625)",,,565,16,9.04,9040,0,,,draft,Solar Kit|Neosolar,6,1,16,0,Solar Kit Hybrid
,,1,48,kits,BRL,Neosolar,NEO-26626,,,,,1,"Kit Energia Solar On Grid Híbrido - 3,95kWp 4,8kWh Lítio 48V (26626)",,,565,7,95.0,3955,22605.2,,,draft,Solar Kit|Neosolar,1,1,7,0,Solar Kit Hybrid
,,2,48,kits,BRL,Neosolar,NEO-26640,,,,,1,"Kit Energia Solar On Grid Híbrido - 13.56kWp 4,8kWh Lítio 48V (26640)",,,565,24,13.56,13560,0,,,draft,Solar Kit|Neosolar,2,1,24,0,Solar Kit Hybrid
,,4,12,kits,BRL,Neosolar,NEO-26676,,,,,,"Kit de Energia Solar Off Grid c/ Inv-car - 2,26kWp 220Ah 24/220V Chumbo-Carbono",,,565,4,26.0,2260,0,,,draft,Solar Kit|Neosolar,4,0,4,0,Solar Kit Off-Grid
,,6,48,kits,BRL,Neosolar,NEO-26644,,,,,1,"Kit Energia Solar On Grid Híbrido - 13.56kWp 4,8kWh Lítio 48V (26644)",,,565,24,13.56,13560,0,,,draft,Solar Kit|Neosolar,6,1,24,0,Solar Kit Hybrid
,,1,48,kits,BRL,Neosolar,NEO-26638,,,,,1,"Kit Energia Solar On Grid Híbrido - 7.35kWp 4,8kWh Lítio 48V (26638)",,,565,13,7.35,7345,31136.94,,,draft,Solar Kit|Neosolar,1,1,13,0,Solar Kit Hybrid
,,1,48,kits,BRL,Neosolar,NEO-26845,,,,,1,"Kit Energia Solar On Grid Híbrido - 3,7kWp Lítio 48V (26845)",,,620,6,7.0,3720,14800.61,,,draft,Solar Kit|Neosolar,1,1,6,0,Solar Kit Hybrid
,,1,48,kits,BRL,Neosolar,NEO-26857,,,,,1,"Kit Energia Solar On Grid Híbrido - 3,72kWp 4,8kWh Lítio 48V (26857)",,,620,6,72.0,3720,21559.38,,,draft,Solar Kit|Neosolar,1,1,6,0,Solar Kit Hybrid
,,1,48,kits,BRL,Neosolar,NEO-26795,,,,,1,"Kit Energia Solar On Grid Híbrido - 3,72kWp 4,8kWh Lítio 48V (26795)",,,620,6,72.0,3720,20843.75,,,draft,Solar Kit|Neosolar,1,1,6,0,Solar Kit Hybrid
,,1,48,kits,BRL,Neosolar,NEO-26783,,,,,1,"Kit Energia Solar On Grid Híbrido - 3,7kWp Lítio 48V (26783)",,,620,6,7.0,3720,14084.97,,,draft,Solar Kit|Neosolar,1,1,6,0,Solar Kit Hybrid
,,1,48,kits,BRL,Neosolar,NEO-26669,,,,,1,"Kit Energia Solar On Grid Híbrido - 8.06kWp 4,8kWh Lítio 48V (26669)",,,620,13,8.06,8060,31591.94,,,draft,Solar Kit|Neosolar,1,1,13,0,Solar Kit Hybrid
,,1,48,kits,BRL,Neosolar,NEO-26657,,,,,1,"Kit Energia Solar On Grid Híbrido - 3,72kWp 4,8kWh Lítio 48V (26657)",,,620,6,72.0,3720,21022.97,,,draft,Solar Kit|Neosolar,1,1,6,0,Solar Kit Hybrid
,,2,48,kits,BRL,Neosolar,NEO-26766,,,,,1,"Kit Energia Solar On Grid Híbrido - 5.65kWp 4,8kWh Lítio 48V (26766)",,,565,10,5.65,5650,27456.69,,,draft,Solar Kit|Neosolar,2,1,10,0,Solar Kit Hybrid
,,2,48,kits,BRL,Neosolar,NEO-26754,,,,,1,"Kit Energia Solar On Grid Híbrido - 5.65kWp 4,8kWh Lítio 48V (26754)",,,565,10,5.65,5650,20697.91,,,draft,Solar Kit|Neosolar,2,1,10,0,Solar Kit Hybrid
,,3,48,kits,BRL,Neosolar,NEO-26767,,,,,1,"Kit Energia Solar On Grid Híbrido - 5.65kWp 4,8kWh Lítio 48V (26767)",,,565,10,5.65,5650,31861.03,,,draft,Solar Kit|Neosolar,3,1,10,0,Solar Kit Hybrid
,,4,48,kits,BRL,Neosolar,NEO-26768,,,,,1,"Kit Energia Solar On Grid Híbrido - 5.65kWp 4,8kWh Lítio 48V (26768)",,,565,10,5.65,5650,0,,,draft,Solar Kit|Neosolar,4,1,10,0,Solar Kit Hybrid
,,3,48,kits,BRL,Neosolar,NEO-26755,,,,,1,"Kit Energia Solar On Grid Híbrido - 5.65kWp 4,8kWh Lítio 48V (26755)",,,565,10,5.65,5650,25102.25,,,draft,Solar Kit|Neosolar,3,1,10,0,Solar Kit Hybrid
,,3,48,kits,BRL,Neosolar,NEO-26817,,,,,1,"Kit Energia Solar On Grid Híbrido - 5.65kWp 4,8kWh Lítio 48V (26817)",,,565,10,5.65,5650,0,,,draft,Solar Kit|Neosolar,3,1,10,0,Solar Kit Hybrid
,,1,48,kits,BRL,Neosolar,NEO-26765,,,,,1,"Kit Energia Solar On Grid Híbrido - 5.65kWp 4,8kWh Lítio 48V (26765)",,,565,10,5.65,5650,23052.36,,,draft,Solar Kit|Neosolar,1,1,10,0,Solar Kit Hybrid
,,1,48,kits,BRL,Neosolar,NEO-26753,,,,,1,"Kit Energia Solar On Grid Híbrido - 5.65kWp 4,8kWh Lítio 48V (26753)",,,565,10,5.65,5650,16293.58,,,draft,Solar Kit|Neosolar,1,1,10,0,Solar Kit Hybrid
,,1,48,kits,BRL,Neosolar,NEO-26815,,,,,1,"Kit Energia Solar On Grid Híbrido - 5.65kWp 4,8kWh Lítio 48V (26815)",,,565,10,5.65,5650,0,,,draft,Solar Kit|Neosolar,1,1,10,0,Solar Kit Hybrid
,,2,48,kits,BRL,Neosolar,NEO-26816,,,,,1,"Kit Energia Solar On Grid Híbrido - 5.65kWp 4,8kWh Lítio 48V (26816)",,,565,10,5.65,5650,0,,,draft,Solar Kit|Neosolar,2,1,10,0,Solar Kit Hybrid
,,2,48,kits,BRL,Neosolar,NEO-26628,,,,,1,"Kit Energia Solar On Grid Híbrido - 5.65kWp 4,8kWh Lítio 48V (26628)",,,565,10,5.65,5650,0,,,draft,Solar Kit|Neosolar,2,1,10,0,Solar Kit Hybrid
,,1,6,kits,BRL,Neosolar,NEO-25050,,,,,1,Kit Energia Solar Off Grid - 870Wp 100Ah/24V Lítio (25050),,,435,2,0.87,870,6147.89,,,draft,Solar Kit|Neosolar,1,1,2,0,Solar Kit Off-Grid
,,1,48,kits,BRL,Neosolar,NEO-25055,,,,,1,"Kit Energia Solar Off Grid - 1,31kWp 105Ah 48V Lítio (25055)",,,435,3,31.0,1305,6990.92,,,draft,Solar Kit|Neosolar,1,1,3,0,Solar Kit Off-Grid
,,4,48,kits,BRL,Neosolar,NEO-26630,,,,,1,"Kit Energia Solar On Grid Híbrido - 5.65kWp 4,8kWh Lítio 48V (26630)",,,565,10,5.65,5650,0,,,draft,Solar Kit|Neosolar,4,1,10,0,Solar Kit Hybrid
,,5,48,kits,BRL,Neosolar,NEO-26674,,,,,1,"Kit Energia Solar On Grid Híbrido - 14.88kWp 4,8kWh Lítio 48V (26674)",,,620,24,14.88,14880,0,,,draft,Solar Kit|Neosolar,5,1,24,0,Solar Kit Hybrid
,,4,48,kits,BRL,Neosolar,NEO-26673,,,,,1,"Kit Energia Solar On Grid Híbrido - 14.88kWp 4,8kWh Lítio 48V (26673)",,,620,24,14.88,14880,0,,,draft,Solar Kit|Neosolar,4,1,24,0,Solar Kit Hybrid
,,6,48,kits,BRL,Neosolar,NEO-26675,,,,,1,"Kit Energia Solar On Grid Híbrido - 14.88kWp 4,8kWh Lítio 48V (26675)",,,620,24,14.88,14880,0,,,draft,Solar Kit|Neosolar,6,1,24,0,Solar Kit Hybrid
,,3,48,kits,BRL,Neosolar,NEO-26860,,,,,1,"Kit Energia Solar On Grid Híbrido - 6,2kWp 4,8kWh Lítio 48V (26860)",,,620,10,2.0,6200,0,,,draft,Solar Kit|Neosolar,3,1,10,0,Solar Kit Hybrid
,,4,48,kits,BRL,Neosolar,NEO-26861,,,,,1,"Kit Energia Solar On Grid Híbrido - 6,2kWp 4,8kWh Lítio 48V (26861)",,,620,10,2.0,6200,0,,,draft,Solar Kit|Neosolar,4,1,10,0,Solar Kit Hybrid
,,4,48,kits,BRL,Neosolar,NEO-26799,,,,,1,"Kit Energia Solar On Grid Híbrido - 6,2kWp 4,8kWh Lítio 48V (26799)",,,620,10,2.0,6200,0,,,draft,Solar Kit|Neosolar,4,1,10,0,Solar Kit Hybrid
,,1,48,kits,BRL,Neosolar,NEO-26858,,,,,1,"Kit Energia Solar On Grid Híbrido - 6,2kWp 4,8kWh Lítio 48V (26658)",,,620,10,2.0,6200,0,,,draft,Solar Kit|Neosolar,1,1,10,0,Solar Kit Hybrid
,,2,48,kits,BRL,Neosolar,NEO-26859,,,,,1,"Kit Energia Solar On Grid Híbrido - 6,2kWp 4,8kWh Lítio 48V (26859)",,,620,10,2.0,6200,0,,,draft,Solar Kit|Neosolar,2,1,10,0,Solar Kit Hybrid
,,4,48,kits,BRL,Neosolar,NEO-26849,,,,,1,"Kit Energia Solar On Grid Híbrido - 6,2kWp Lítio 48V (26849)",,,620,10,2.0,6200,0,,,draft,Solar Kit|Neosolar,4,1,10,0,Solar Kit Hybrid
,,3,48,kits,BRL,Neosolar,NEO-26848,,,,,1,"Kit Energia Solar On Grid Híbrido - 6,2kWp Lítio 48V (26848)",,,620,10,2.0,6200,0,,,draft,Solar Kit|Neosolar,3,1,10,0,Solar Kit Hybrid
,,1,48,kits,BRL,Neosolar,NEO-26846,,,,,1,"Kit Energia Solar On Grid Híbrido - 6,2kWp Lítio 48V (26846)",,,620,10,2.0,6200,0,,,draft,Solar Kit|Neosolar,1,1,10,0,Solar Kit Hybrid
,,2,48,kits,BRL,Neosolar,NEO-26847,,,,,1,"Kit Energia Solar On Grid Híbrido - 6,2kWp Lítio 48V (26847)",,,620,10,2.0,6200,0,,,draft,Solar Kit|Neosolar,2,1,10,0,Solar Kit Hybrid
,,2,48,kits,BRL,Neosolar,NEO-26785,,,,,1,"Kit Energia Solar On Grid Híbrido - 6,2kWp Lítio 48V (26785)",,,620,10,2.0,6200,21254.52,,,draft,Solar Kit|Neosolar,2,1,10,0,Solar Kit Hybrid
,,3,48,kits,BRL,Neosolar,NEO-26786,,,,,1,"Kit Energia Solar On Grid Híbrido - 6,2kWp Lítio 48V (26786)",,,620,10,2.0,6200,25658.86,,,draft,Solar Kit|Neosolar,3,1,10,0,Solar Kit Hybrid
,,1,48,kits,BRL,Neosolar,NEO-26796,,,,,1,"Kit Energia Solar On Grid Híbrido - 6,2kWp 4,8kWh Lítio 48V (26796)",,,620,10,2.0,6200,23608.96,,,draft,Solar Kit|Neosolar,1,1,10,0,Solar Kit Hybrid
,,1,48,kits,BRL,Neosolar,NEO-26784,,,,,1,"Kit Energia Solar On Grid Híbrido - 6,2kWp Lítio 48V (26784)",,,620,10,2.0,6200,16850.19,,,draft,Solar Kit|Neosolar,1,1,10,0,Solar Kit Hybrid
,,3,48,kits,BRL,Neosolar,NEO-26798,,,,,1,"Kit Energia Solar On Grid Híbrido - 6,2kWp 4,8kWh Lítio 48V (26798)",,,620,10,2.0,6200,32417.63,,,draft,Solar Kit|Neosolar,3,1,10,0,Solar Kit Hybrid
,,2,48,kits,BRL,Neosolar,NEO-26797,,,,,1,"Kit Energia Solar On Grid Híbrido - 6,2kWp 4,8kWh Lítio 48V (26797)",,,620,10,2.0,6200,28013.29,,,draft,Solar Kit|Neosolar,2,1,10,0,Solar Kit Hybrid
,,4,48,kits,BRL,Neosolar,NEO-26787,,,,,1,"Kit Energia Solar On Grid Híbrido - 6,2kWp Lítio 48V (26787)",,,620,10,2.0,6200,0,,,draft,Solar Kit|Neosolar,4,1,10,0,Solar Kit Hybrid
,,1,48,kits,BRL,Neosolar,NEO-26670,,,,,1,"Kit Energia Solar On Grid Híbrido - 14.88kWp 4,8kWh Lítio 48V (26670)",,,620,24,14.88,14880,39291.55,,,draft,Solar Kit|Neosolar,1,1,24,0,Solar Kit Hybrid
,,3,48,kits,BRL,Neosolar,NEO-26672,,,,,1,"Kit Energia Solar On Grid Híbrido - 14.88kWp 4,8kWh Lítio 48V (26672)",,,620,24,14.88,14880,0,,,draft,Solar Kit|Neosolar,3,1,24,0,Solar Kit Hybrid
,,2,48,kits,BRL,Neosolar,NEO-26671,,,,,1,"Kit Energia Solar On Grid Híbrido - 14.88kWp 4,8kWh Lítio 48V (26671)",,,620,24,14.88,14880,0,,,draft,Solar Kit|Neosolar,2,1,24,0,Solar Kit Hybrid
,,2,48,kits,BRL,Neosolar,NEO-26961,,,,,,"Kit de Energia Solar Off Grid c/ Inv-car - 3,4kWp 100Ah 24/220V Lítio (26961)",,,565,6,4.0,3390,0,,,draft,Solar Kit|Neosolar,2,0,6,0,Solar Kit Off-Grid
,,1,48,kits,BRL,Neosolar,NEO-26619,,,,,1,"Kit Energia Solar On Grid Híbrido - 5.08kWp 4,8kWh Lítio 48V (26619)",,,565,9,5.08,5085,22905.69,,,draft,Solar Kit|Neosolar,1,1,9,0,Solar Kit Hybrid
,,6,48,kits,BRL,Neosolar,NEO-26656,,,,,1,"Kit Energia Solar On Grid Híbrido - 9,92kWp 4,8kWh Lítio 48V (26656)",,,620,16,92.0,9920,0,,,draft,Solar Kit|Neosolar,6,1,16,0,Solar Kit Hybrid
,,4,48,kits,BRL,Neosolar,NEO-26654,,,,,1,"Kit Energia Solar On Grid Híbrido - 9,92kWp 4,8kWh Lítio 48V (26654)",,,620,16,92.0,9920,0,,,draft,Solar Kit|Neosolar,4,1,16,0,Solar Kit Hybrid
,,5,48,kits,BRL,Neosolar,NEO-26655,,,,,1,"Kit Energia Solar On Grid Híbrido - 9,92kWp 4,8kWh Lítio 48V (26655)",,,620,16,92.0,9920,0,,,draft,Solar Kit|Neosolar,5,1,16,0,Solar Kit Hybrid
,,1,48,kits,BRL,Neosolar,NEO-26651,,,,,1,"Kit Energia Solar On Grid Híbrido - 9,92kWp 4,8kWh Lítio 48V (26651)",,,620,16,92.0,9920,0,,,draft,Solar Kit|Neosolar,1,1,16,0,Solar Kit Hybrid
,,1,48,kits,BRL,Neosolar,NEO-26652,,,,,1,"Kit Energia Solar On Grid Híbrido - 9,92kWp 4,8kWh Lítio 48V (26652)",,,620,16,92.0,9920,0,,,draft,Solar Kit|Neosolar,1,1,16,0,Solar Kit Hybrid
,,1,48,kits,BRL,Neosolar,NEO-26650,,,,,1,"Kit Energia Solar On Grid Híbrido - 5,58kWp 4,8kWh Lítio 48V (26650)",,,620,9,58.0,5580,23434.46,,,draft,Solar Kit|Neosolar,1,1,9,0,Solar Kit Hybrid
,,3,48,kits,BRL,Neosolar,NEO-26665,,,,,1,"Kit Energia Solar On Grid Híbrido - 9,92kWp 4,8kWh Lítio 48V (26665)",,,620,16,92.0,9920,0,,,draft,Solar Kit|Neosolar,3,1,16,0,Solar Kit Hybrid
,,2,48,kits,BRL,Neosolar,NEO-26664,,,,,1,"Kit Energia Solar On Grid Híbrido - 9,92kWp 4,8kWh Lítio 48V (26664)",,,620,16,92.0,9920,0,,,draft,Solar Kit|Neosolar,2,1,16,0,Solar Kit Hybrid
,,1,48,kits,BRL,Neosolar,NEO-26663,,,,,1,"Kit Energia Solar On Grid Híbrido - 9,92kWp 4,8kWh Lítio 48V (26663)",,,620,16,92.0,9920,31106.64,,,draft,Solar Kit|Neosolar,1,1,16,0,Solar Kit Hybrid
,,1,48,kits,BRL,Neosolar,NEO-26662,,,,,1,"Kit Energia Solar On Grid Híbrido - 5,58kWp 4,8kWh Lítio 48V (26662)",,,620,9,58.0,5580,25889.32,,,draft,Solar Kit|Neosolar,1,1,9,0,Solar Kit Hybrid
,,6,48,kits,BRL,Neosolar,NEO-26668,,,,,1,"Kit Energia Solar On Grid Híbrido - 9,92kWp 4,8kWh Lítio 48V (26668)",,,620,16,92.0,9920,0,,,draft,Solar Kit|Neosolar,6,1,16,0,Solar Kit Hybrid
,,4,48,kits,BRL,Neosolar,NEO-26666,,,,,1,"Kit Energia Solar On Grid Híbrido - 9,92kWp 4,8kWh Lítio 48V (26666)",,,620,16,92.0,9920,0,,,draft,Solar Kit|Neosolar,4,1,16,0,Solar Kit Hybrid
,,5,48,kits,BRL,Neosolar,NEO-26667,,,,,1,"Kit Energia Solar On Grid Híbrido - 9,92kWp 4,8kWh Lítio 48V (26667)",,,620,16,92.0,9920,0,,,draft,Solar Kit|Neosolar,5,1,16,0,Solar Kit Hybrid
,,1,48,kits,BRL,Neosolar,NEO-26788,,,,,1,"Kit Energia Solar On Grid Híbrido - 5,58kWp Lítio 48V (26788)",,,620,9,58.0,5580,21716.02,,,draft,Solar Kit|Neosolar,1,1,9,0,Solar Kit Hybrid
,,6,48,kits,BRL,Neosolar,NEO-26794,,,,,1,"Kit Energia Solar On Grid Híbrido - 9.92kWp 4,8kWh Lítio 48V (26794)",,,620,16,9.92,9920,0,,,draft,Solar Kit|Neosolar,6,1,16,0,Solar Kit Hybrid
,,3,48,kits,BRL,Neosolar,NEO-26791,,,,,1,"Kit Energia Solar On Grid Híbrido - 9.92kWp 4,8kWh Lítio 48V (26791)",,,620,16,9.92,9920,34718.8,,,draft,Solar Kit|Neosolar,3,1,16,0,Solar Kit Hybrid
,,4,48,kits,BRL,Neosolar,NEO-26792,,,,,1,"Kit Energia Solar On Grid Híbrido - 9.92kWp 4,8kWh Lítio 48V (26792)",,,620,16,9.92,9920,0,,,draft,Solar Kit|Neosolar,4,1,16,0,Solar Kit Hybrid
,,5,48,kits,BRL,Neosolar,NEO-26793,,,,,1,"Kit Energia Solar On Grid Híbrido - 9.92kWp 4,8kWh Lítio 48V (26793)",,,620,16,9.92,9920,0,,,draft,Solar Kit|Neosolar,5,1,16,0,Solar Kit Hybrid
,,2,48,kits,BRL,Neosolar,NEO-26790,,,,,1,"Kit Energia Solar On Grid Híbrido - 9.92kWp 4,8kWh Lítio 48V (26790)",,,620,16,9.92,9920,30314.46,,,draft,Solar Kit|Neosolar,2,1,16,0,Solar Kit Hybrid
,,1,48,kits,BRL,Neosolar,NEO-26789,,,,,1,"Kit Energia Solar On Grid Híbrido - 9.92kWp 4,8kWh Lítio 48V (26789)",,,620,16,9.92,9920,25910.13,,,draft,Solar Kit|Neosolar,1,1,16,0,Solar Kit Hybrid
,,1,48,kits,BRL,Neosolar,NEO-26851,,,,,1,"Kit Energia Solar On Grid Híbrido - 9.92kWp 4,8kWh Lítio 48V (26851)",,,620,16,9.92,9920,0,,,draft,Solar Kit|Neosolar,1,1,16,0,Solar Kit Hybrid
,,1,48,kits,BRL,Neosolar,NEO-26852,,,,,1,"Kit Energia Solar On Grid Híbrido - 9.92kWp 4,8kWh Lítio 48V (26852)",,,620,16,9.92,9920,0,,,draft,Solar Kit|Neosolar,1,1,16,0,Solar Kit Hybrid
,,1,48,kits,BRL,Neosolar,NEO-26850,,,,,1,"Kit Energia Solar On Grid Híbrido - 5,6kWp Lítio 48V (26850)",,,620,9,6.0,5580,22431.66,,,draft,Solar Kit|Neosolar,1,1,9,0,Solar Kit Hybrid
,,6,48,kits,BRL,Neosolar,NEO-26856,,,,,1,"Kit Energia Solar On Grid Híbrido - 9.92kWp 4,8kWh Lítio 48V (26856)",,,620,16,9.92,9920,0,,,draft,Solar Kit|Neosolar,6,1,16,0,Solar Kit Hybrid
,,3,48,kits,BRL,Neosolar,NEO-26853,,,,,1,"Kit Energia Solar On Grid Híbrido - 9.92kWp 4,8kWh Lítio 48V (26853)",,,620,16,9.92,9920,0,,,draft,Solar Kit|Neosolar,3,1,16,0,Solar Kit Hybrid
,,5,48,kits,BRL,Neosolar,NEO-26855,,,,,1,"Kit Energia Solar On Grid Híbrido - 9.92kWp 4,8kWh Lítio 48V (26855)",,,620,16,9.92,9920,0,,,draft,Solar Kit|Neosolar,5,1,16,0,Solar Kit Hybrid
,,4,48,kits,BRL,Neosolar,NEO-26854,,,,,1,"Kit Energia Solar On Grid Híbrido - 9.92kWp 4,8kWh Lítio 48V (26854)",,,620,16,9.92,9920,0,,,draft,Solar Kit|Neosolar,4,1,16,0,Solar Kit Hybrid
,,4,48,kits,BRL,Neosolar,NEO-24924,,,,,1,"Kit Energia Solar On Grid Híbrido - 6,1kWp 4,8kWh Lítio 48V (24924)",,,610,10,1.0,6100,0,,,draft,Solar Kit|Neosolar,4,1,10,0,Solar Kit Hybrid
,,4,48,kits,BRL,Neosolar,NEO-24923,,,,,1,"Kit Energia Solar On Grid Híbrido - 6,1kWp 4,8kWh Lítio 48V (24923)",,,610,10,1.0,6100,0,,,draft,Solar Kit|Neosolar,4,1,10,0,Solar Kit Hybrid
,,3,48,kits,BRL,Neosolar,NEO-24908,,,,,1,"Kit Energia Solar On Grid Híbrido - 9,76kWp 4,8kWh Lítio 48V (24908)",,,610,16,76.0,9760,0,,,draft,Solar Kit|Neosolar,3,1,16,0,Solar Kit Hybrid
,,4,48,kits,BRL,Neosolar,NEO-24909,,,,,1,"Kit Energia Solar On Grid Híbrido - 9,76kWp 4,8kWh Lítio 48V (24909)",,,610,16,76.0,9760,0,,,draft,Solar Kit|Neosolar,4,1,16,0,Solar Kit Hybrid
,,3,48,kits,BRL,Neosolar,NEO-24931,,,,,1,"Kit Energia Solar On Grid Híbrido - 9,76kWp 4,8kWh Lítio 48V (24931)",,,610,16,76.0,9760,0,,,draft,Solar Kit|Neosolar,3,1,16,0,Solar Kit Hybrid
,,1,48,kits,BRL,Neosolar,NEO-24942,,,,,1,"Kit Energia Solar On Grid Híbrido - 14,64kWp 4,8kWh Lítio 48V (24942)",,,610,24,64.0,14640,0,,,draft,Solar Kit|Neosolar,1,1,24,0,Solar Kit Hybrid
,,2,48,kits,BRL,Neosolar,NEO-24919,,,,,1,"Kit Energia Solar On Grid Híbrido - 6,1kWp 4,8kWh Lítio 48V (24919)",,,610,10,1.0,6100,0,,,draft,Solar Kit|Neosolar,2,1,10,0,Solar Kit Hybrid
,,4,48,kits,BRL,Neosolar,NEO-24900,,,,,1,"Kit Energia Solar On Grid Híbrido - 6,1kWp 4,8kWh Lítio 48V (24900)",,,610,10,1.0,6100,0,,,draft,Solar Kit|Neosolar,4,1,10,0,Solar Kit Hybrid
,,4,48,kits,BRL,Neosolar,NEO-24899,,,,,1,"Kit Energia Solar On Grid Híbrido - 6,1kWp 4,8kWh Lítio 48V (24899)",,,610,10,1.0,6100,0,,,draft,Solar Kit|Neosolar,4,1,10,0,Solar Kit Hybrid
,,1,48,kits,BRL,Neosolar,NEO-24903,,,,,1,"Kit Energia Solar On Grid Híbrido - 9,76kWp 4,8kWh Lítio 48V (24903)",,,610,16,76.0,9760,0,,,draft,Solar Kit|Neosolar,1,1,16,0,Solar Kit Hybrid
,,1,48,kits,BRL,Neosolar,NEO-24902,,,,,1,"Kit Energia Solar On Grid Híbrido - 5,49kWp 4,8kWh Lítio 48V (24902)",,,610,9,49.0,5490,0,,,draft,Solar Kit|Neosolar,1,1,9,0,Solar Kit Hybrid
,,1,48,kits,BRL,Neosolar,NEO-24901,,,,,1,"Kit Energia Solar On Grid Híbrido - 5,49kWp 4,8kWh Lítio 48V (24901)",,,610,9,49.0,5490,0,,,draft,Solar Kit|Neosolar,1,1,9,0,Solar Kit Hybrid
,,4,48,kits,BRL,Neosolar,NEO-24933,,,,,1,"Kit Energia Solar On Grid Híbrido - 9,76kWp 4,8kWh Lítio 48V (24933)",,,610,16,76.0,9760,0,,,draft,Solar Kit|Neosolar,4,1,16,0,Solar Kit Hybrid
,,1,48,kits,BRL,Neosolar,NEO-24892,,,,,1,"Kit Energia Solar On Grid Híbrido - 3,66kWp 4,8kWh Lítio 48V (24892)",,,610,6,66.0,3660,0,,,draft,Solar Kit|Neosolar,1,1,6,0,Solar Kit Hybrid
,,1,48,kits,BRL,Neosolar,NEO-24925,,,,,1,"Kit Energia Solar On Grid Híbrido - 5,49kWp 4,8kWh Lítio 48V (24925)",,,610,9,49.0,5490,0,,,draft,Solar Kit|Neosolar,1,1,9,0,Solar Kit Hybrid
,,6,48,kits,BRL,Neosolar,NEO-24938,,,,,1,"Kit Energia Solar On Grid Híbrido - 9,76kWp 4,8kWh Lítio 48V (24938)",,,610,16,76.0,9760,0,,,draft,Solar Kit|Neosolar,6,1,16,0,Solar Kit Hybrid
,,3,48,kits,BRL,Neosolar,NEO-24922,,,,,1,"Kit Energia Solar On Grid Híbrido - 6,1kWp 4,8kWh Lítio 48V (24922)",,,610,10,1.0,6100,0,,,draft,Solar Kit|Neosolar,3,1,10,0,Solar Kit Hybrid
,,1,48,kits,BRL,Neosolar,NEO-24917,,,,,1,"Kit Energia Solar On Grid Híbrido - 6,1kWp 4,8kWh Lítio 48V (24917)",,,610,10,1.0,6100,0,,,draft,Solar Kit|Neosolar,1,1,10,0,Solar Kit Hybrid
,,5,48,kits,BRL,Neosolar,NEO-24912,,,,,1,"Kit Energia Solar On Grid Híbrido - 9,76kWp 4,8kWh Lítio 48V (24912)",,,610,16,76.0,9760,0,,,draft,Solar Kit|Neosolar,5,1,16,0,Solar Kit Hybrid
,,5,48,kits,BRL,Neosolar,NEO-24911,,,,,1,"Kit Energia Solar On Grid Híbrido - 9,76kWp 4,8kWh Lítio 48V (24911)",,,610,16,76.0,9760,0,,,draft,Solar Kit|Neosolar,5,1,16,0,Solar Kit Hybrid
,,3,48,kits,BRL,Neosolar,NEO-24907,,,,,1,"Kit Energia Solar On Grid Híbrido - 9,76kWp 4,8kWh Lítio 48V (24907)",,,610,16,76.0,9760,0,,,draft,Solar Kit|Neosolar,3,1,16,0,Solar Kit Hybrid
,,2,48,kits,BRL,Neosolar,NEO-24896,,,,,1,"Kit Energia Solar On Grid Híbrido - 6,1kWp 4,8kWh Lítio 48V (24896)",,,610,10,1.0,6100,0,,,draft,Solar Kit|Neosolar,2,1,10,0,Solar Kit Hybrid
,,1,48,kits,BRL,Neosolar,NEO-24894,,,,,1,"Kit Energia Solar On Grid Híbrido - 6,1kWp 4,8kWh Lítio 48V (24894)",,,610,10,1.0,6100,0,,,draft,Solar Kit|Neosolar,1,1,10,0,Solar Kit Hybrid
,,3,48,kits,BRL,Neosolar,NEO-24897,,,,,1,"Kit Energia Solar On Grid Híbrido - 6,1kWp 4,8kWh Lítio 48V (24897)",,,610,10,1.0,6100,0,,,draft,Solar Kit|Neosolar,3,1,10,0,Solar Kit Hybrid
,,2,48,kits,BRL,Neosolar,NEO-24895,,,,,1,"Kit Energia Solar On Grid Híbrido - 6,1kWp 4,8kWh Lítio 48V (24895)",,,610,10,1.0,6100,0,,,draft,Solar Kit|Neosolar,2,1,10,0,Solar Kit Hybrid
,,1,48,kits,BRL,Neosolar,NEO-24893,,,,,1,"Kit Energia Solar On Grid Híbrido - 6,1kWp 4,8kWh Lítio 48V (24893)",,,610,10,1.0,6100,0,,,draft,Solar Kit|Neosolar,1,1,10,0,Solar Kit Hybrid
,,1,48,kits,BRL,Neosolar,NEO-24904,,,,,1,"Kit Energia Solar On Grid Híbrido - 9,76kWp 4,8kWh Lítio 48V (24904)",,,610,16,76.0,9760,0,,,draft,Solar Kit|Neosolar,1,1,16,0,Solar Kit Hybrid
,,1,48,kits,BRL,Neosolar,NEO-24891,,,,,1,"Kit Energia Solar On Grid Híbrido - 3,66kWp 4,8kWh Lítio 48V (24891)",,,610,6,66.0,3660,0,,,draft,Solar Kit|Neosolar,1,1,6,0,Solar Kit Hybrid
,,6,48,kits,BRL,Neosolar,NEO-26806,,,,,1,"Kit Energia Solar On Grid Híbrido - 9,92kWp 4,8kWh Lítio 48V (26806)",,,620,16,92.0,9920,0,,,draft,Solar Kit|Neosolar,6,1,16,0,Solar Kit Hybrid
,,5,48,kits,BRL,Neosolar,NEO-26805,,,,,1,"Kit Energia Solar On Grid Híbrido - 9,92kWp 4,8kWh Lítio 48V (26805)",,,620,16,92.0,9920,0,,,draft,Solar Kit|Neosolar,5,1,16,0,Solar Kit Hybrid
,,2,48,kits,BRL,Neosolar,NEO-26802,,,,,1,"Kit Energia Solar On Grid Híbrido - 9,92kWp 4,8kWh Lítio 48V (26802)",,,620,16,92.0,9920,32461.36,,,draft,Solar Kit|Neosolar,2,1,16,0,Solar Kit Hybrid
,,1,48,kits,BRL,Neosolar,NEO-26801,,,,,1,"Kit Energia Solar On Grid Híbrido - 9,92kWp 4,8kWh Lítio 48V (26801)",,,620,16,92.0,9920,28057.03,,,draft,Solar Kit|Neosolar,1,1,16,0,Solar Kit Hybrid
,,1,48,kits,BRL,Neosolar,NEO-26645,,,,,1,"Kit Energia Solar On Grid Híbrido - 3,72kWp 4,8kWh Lítio 48V (26645)",,,620,6,72.0,3720,15379.46,,,draft,Solar Kit|Neosolar,1,1,6,0,Solar Kit Hybrid
,,1,48,kits,BRL,Neosolar,NEO-27295,,,,,,"Kit de Energia Solar Off Grid c/ Inv-car - 2,5kWp 100Ah 48/220V Lítio",,,565,4,5.0,2260,12198.95,,,draft,Solar Kit|Neosolar,1,0,4,0,Solar Kit Off-Grid
,,6,48,kits,BRL,Neosolar,NEO-26763,,,,,1,"Kit Energia Solar On Grid Híbrido - 9.04kWp 4,8kWh Lítio 48V (26763)",,,565,16,9.04,9040,0,,,draft,Solar Kit|Neosolar,6,1,16,0,Solar Kit Hybrid
,,5,48,kits,BRL,Neosolar,NEO-26762,,,,,1,"Kit Energia Solar On Grid Híbrido - 9.04kWp 4,8kWh Lítio 48V (26762)",,,565,16,9.04,9040,0,,,draft,Solar Kit|Neosolar,5,1,16,0,Solar Kit Hybrid
,,2,48,kits,BRL,Neosolar,NEO-26759,,,,,1,"Kit Energia Solar On Grid Híbrido - 9.04kWp 4,8kWh Lítio 48V (26759)",,,565,16,9.04,9040,29423.89,,,draft,Solar Kit|Neosolar,2,1,16,0,Solar Kit Hybrid
,,1,48,kits,BRL,Neosolar,NEO-26764,,,,,1,"Kit Energia Solar On Grid Híbrido - 3,95kWp 4,8kWh Lítio 48V (26764)",,,565,7,95.0,3955,20930.41,,,draft,Solar Kit|Neosolar,1,1,7,0,Solar Kit Hybrid
,,4,48,kits,BRL,Neosolar,NEO-26642,,,,,1,"Kit Energia Solar On Grid Híbrido - 13.56kWp 4,8kWh Lítio 48V (26642)",,,565,24,13.56,13560,0,,,draft,Solar Kit|Neosolar,4,1,24,0,Solar Kit Hybrid
,,1,48,kits,BRL,Neosolar,NEO-26776,,,,,1,"Kit Energia Solar On Grid Híbrido - 7.35kWp 4,8kWh Lítio 48V (26776)",,,565,13,7.35,7345,0,,,draft,Solar Kit|Neosolar,1,1,13,0,Solar Kit Hybrid
,,3,48,kits,BRL,Neosolar,NEO-26641,,,,,1,"Kit Energia Solar On Grid Híbrido - 13.56kWp 4,8kWh Lítio 48V (26641)",,,565,24,13.56,13560,0,,,draft,Solar Kit|Neosolar,3,1,24,0,Solar Kit Hybrid
,,1,48,kits,BRL,Neosolar,NEO-26777,,,,,1,"Kit Energia Solar On Grid Híbrido - 13.56kWp 4,8kWh Lítio 48V (26777)",,,565,24,13.56,13560,34500.13,,,draft,Solar Kit|Neosolar,1,1,24,0,Solar Kit Hybrid
,,1,48,kits,BRL,Neosolar,NEO-26639,,,,,1,"Kit Energia Solar On Grid Híbrido - 13.56kWp 4,8kWh Lítio 48V (26639)",,,565,24,13.56,13560,0,,,draft,Solar Kit|Neosolar,1,1,24,0,Solar Kit Hybrid
,,1,48,kits,BRL,Neosolar,NEO-26752,,,,,1,"Kit Energia Solar On Grid Híbrido - 3,95kWp 4,8kWh Lítio 48V (26752)",,,565,7,95.0,3955,14171.64,,,draft,Solar Kit|Neosolar,1,1,7,0,Solar Kit Hybrid
,,2,48,kits,BRL,Neosolar,NEO-26778,,,,,1,"Kit Energia Solar On Grid Híbrido - 13.56kWp 4,8kWh Lítio 48V (26778)",,,565,24,13.56,13560,38904.47,,,draft,Solar Kit|Neosolar,2,1,24,0,Solar Kit Hybrid
,,1,48,kits,BRL,Neosolar,NEO-26757,,,,,1,"Kit Energia Solar On Grid Híbrido - 5.08kWp 4,8kWh Lítio 48V (26757)",,,565,9,5.08,5085,21215.08,,,draft,Solar Kit|Neosolar,1,1,9,0,Solar Kit Hybrid
,,5,48,kits,BRL,Neosolar,NEO-26781,,,,,1,"Kit Energia Solar On Grid Híbrido - 13.56kWp 4,8kWh Lítio 48V (26781)",,,565,24,13.56,13560,0,,,draft,Solar Kit|Neosolar,5,1,24,0,Solar Kit Hybrid
,,5,48,kits,BRL,Neosolar,NEO-26824,,,,,1,"Kit Energia Solar On Grid Híbrido - 9.04kWp 4,8kWh Lítio 48V (26824)",,,565,16,9.04,9040,0,,,draft,Solar Kit|Neosolar,5,1,16,0,Solar Kit Hybrid
,,3,48,kits,BRL,Neosolar,NEO-26779,,,,,1,"Kit Energia Solar On Grid Híbrido - 13.56kWp 4,8kWh Lítio 48V (26779)",,,565,24,13.56,13560,0,,,draft,Solar Kit|Neosolar,3,1,24,0,Solar Kit Hybrid
,,4,48,kits,BRL,Neosolar,NEO-26780,,,,,1,"Kit Energia Solar On Grid Híbrido - 13.56kWp 4,8kWh Lítio 48V (26780)",,,565,24,13.56,13560,0,,,draft,Solar Kit|Neosolar,4,1,24,0,Solar Kit Hybrid
,,6,48,kits,BRL,Neosolar,NEO-26825,,,,,1,"Kit Energia Solar On Grid Híbrido - 9.04kWp 4,8kWh Lítio 48V (26825)",,,565,16,9.04,9040,0,,,draft,Solar Kit|Neosolar,6,1,16,0,Solar Kit Hybrid
,,1,48,kits,BRL,Neosolar,NEO-26819,,,,,1,"Kit Energia Solar On Grid Híbrido - 5.08kWp 4,8kWh Lítio 48V (26819)",,,565,9,5.08,5085,21930.71,,,draft,Solar Kit|Neosolar,1,1,9,0,Solar Kit Hybrid
,,2,48,kits,BRL,Neosolar,NEO-26821,,,,,1,"Kit Energia Solar On Grid Híbrido - 9.04kWp 4,8kWh Lítio 48V (26821)",,,565,16,9.04,9040,0,,,draft,Solar Kit|Neosolar,2,1,16,0,Solar Kit Hybrid
,,1,48,kits,BRL,Neosolar,NEO-26814,,,,,1,"Kit Energia Solar On Grid Híbrido - 3,95kWp 4,8kWh Lítio 48V (26814)",,,565,7,95.0,3955,14887.27,,,draft,Solar Kit|Neosolar,1,1,7,0,Solar Kit Hybrid
,,3,48,kits,BRL,Neosolar,NEO-26822,,,,,1,"Kit Energia Solar On Grid Híbrido - 9.04kWp 4,8kWh Lítio 48V (26822)",,,565,16,9.04,9040,0,,,draft,Solar Kit|Neosolar,3,1,16,0,Solar Kit Hybrid
,,1,48,kits,BRL,Neosolar,NEO-26826,,,,,1,"Kit Energia Solar On Grid Híbrido - 3,95kWp 4,8kWh Lítio 48V (26626)",,,565,7,95.0,3955,21646.05,,,draft,Solar Kit|Neosolar,1,1,7,0,Solar Kit Hybrid
,,6,48,kits,BRL,Neosolar,NEO-26782,,,,,1,"Kit Energia Solar On Grid Híbrido - 13.56kWp 4,8kWh Lítio 48V (26782)",,,565,24,13.56,13560,0,,,draft,Solar Kit|Neosolar,6,1,24,0,Solar Kit Hybrid
,,4,48,kits,BRL,Neosolar,NEO-26761,,,,,1,"Kit Energia Solar On Grid Híbrido - 9.04kWp 4,8kWh Lítio 48V (26761)",,,565,16,9.04,9040,0,,,draft,Solar Kit|Neosolar,4,1,16,0,Solar Kit Hybrid
,,3,48,kits,BRL,Neosolar,NEO-26760,,,,,1,"Kit Energia Solar On Grid Híbrido - 9.04kWp 4,8kWh Lítio 48V (26760)",,,565,16,9.04,9040,33828.23,,,draft,Solar Kit|Neosolar,3,1,16,0,Solar Kit Hybrid
,,5,48,kits,BRL,Neosolar,NEO-26643,,,,,1,"Kit Energia Solar On Grid Híbrido - 13.56kWp 4,8kWh Lítio 48V (26643)",,,565,24,13.56,13560,0,,,draft,Solar Kit|Neosolar,5,1,24,0,Solar Kit Hybrid
,,1,48,kits,BRL,Neosolar,NEO-26758,,,,,1,"Kit Energia Solar On Grid Híbrido - 9.04kWp 4,8kWh",,,565,16,9.04,9040,25019.56,,,draft,Solar Kit|Neosolar,1,1,16,0,Solar Kit Hybrid
,,1,48,kits,BRL,Neosolar,NEO-26820,,,,,1,"Kit Energia Solar On Grid Híbrido - 9.04kWp 4,8kWh Lítio 48V (26820)",,,565,16,9.04,9040,0,,,draft,Solar Kit|Neosolar,1,1,16,0,Solar Kit Hybrid
,,4,48,kits,BRL,Neosolar,NEO-26818,,,,,1,"Kit Energia Solar On Grid Híbrido - 5.65kWp 4,8kWh Lítio 48V (26818)",,,565,10,5.65,5650,0,,,draft,Solar Kit|Neosolar,4,1,10,0,Solar Kit Hybrid
,,1,48,kits,BRL,Neosolar,NEO-26838,,,,,1,"Kit Energia Solar On Grid Híbrido - 7.35kWp 4,8kWh Lítio 48V (26838)",,,565,13,7.35,7345,29728.75,,,draft,Solar Kit|Neosolar,1,1,13,0,Solar Kit Hybrid
,,4,48,kits,BRL,Neosolar,NEO-26830,,,,,1,"Kit Energia Solar On Grid Híbrido - 5.65kWp 4,8kWh Lítio 48V (26830)",,,565,10,5.65,5650,0,,,draft,Solar Kit|Neosolar,4,1,10,0,Solar Kit Hybrid
,,4,48,kits,BRL,Neosolar,NEO-26823,,,,,1,"Kit Energia Solar On Grid Híbrido - 9.04kWp 4,8kWh Lítio 48V (26823)",,,565,16,9.04,9040,0,,,draft,Solar Kit|Neosolar,4,1,16,0,Solar Kit Hybrid
,,1,48,kits,BRL,Neosolar,NEO-26614,,,,,1,"Kit Energia Solar On Grid Híbrido - 3,95kWp 4,8kWh Lítio 48V (26614)",,,565,7,95.0,3955,15470.94,,,draft,Solar Kit|Neosolar,1,1,7,0,Solar Kit Hybrid
,,4,48,kits,BRL,Neosolar,NEO-26618,,,,,1,"Kit Energia Solar On Grid Híbrido - 5.65kWp 4,8kWh Lítio 48V (26618)",,,565,10,5.65,5650,0,,,draft,Solar Kit|Neosolar,4,1,10,0,Solar Kit Hybrid
,,6,48,kits,BRL,Neosolar,NEO-26625,,,,,1,"Kit Energia Solar On Grid Híbrido - 9.04kWp 4,8kWh Lítio 48V (26625)",,,565,16,9.04,9040,0,,,draft,Solar Kit|Neosolar,6,1,16,0,Solar Kit Hybrid
,,1,48,kits,BRL,Neosolar,NEO-26626,,,,,1,"Kit Energia Solar On Grid Híbrido - 3,95kWp 4,8kWh Lítio 48V (26626)",,,565,7,95.0,3955,22605.2,,,draft,Solar Kit|Neosolar,1,1,7,0,Solar Kit Hybrid
,,2,48,kits,BRL,Neosolar,NEO-26640,,,,,1,"Kit Energia Solar On Grid Híbrido - 13.56kWp 4,8kWh Lítio 48V (26640)",,,565,24,13.56,13560,0,,,draft,Solar Kit|Neosolar,2,1,24,0,Solar Kit Hybrid
,,4,12,kits,BRL,Neosolar,NEO-26676,,,,,,"Kit de Energia Solar Off Grid c/ Inv-car - 2,26kWp 220Ah 24/220V Chumbo-Carbono",,,565,4,26.0,2260,0,,,draft,Solar Kit|Neosolar,4,0,4,0,Solar Kit Off-Grid
,,6,48,kits,BRL,Neosolar,NEO-26644,,,,,1,"Kit Energia Solar On Grid Híbrido - 13.56kWp 4,8kWh Lítio 48V (26644)",,,565,24,13.56,13560,0,,,draft,Solar Kit|Neosolar,6,1,24,0,Solar Kit Hybrid
,,1,48,kits,BRL,Neosolar,NEO-26638,,,,,1,"Kit Energia Solar On Grid Híbrido - 7.35kWp 4,8kWh Lítio 48V (26638)",,,565,13,7.35,7345,31136.94,,,draft,Solar Kit|Neosolar,1,1,13,0,Solar Kit Hybrid
,,6,48,kits,BRL,Neosolar,NEO-26837,,,,,1,"Kit Energia Solar On Grid Híbrido - 9.04kWp 4,8kWh Lítio 48V (26837)",,,565,16,9.04,9040,0,,,draft,Solar Kit|Neosolar,6,1,16,0,Solar Kit Hybrid
,,3,48,kits,BRL,Neosolar,NEO-26829,,,,,1,"Kit Energia Solar On Grid Híbrido - 5.65kWp 4,8kWh Lítio 48V (26829)",,,565,10,5.65,5650,0,,,draft,Solar Kit|Neosolar,3,1,10,0,Solar Kit Hybrid
,,4,48,kits,BRL,Neosolar,NEO-26842,,,,,1,"Kit Energia Solar On Grid Híbrido - 13.56kWp 4,8kWh Lítio 48V (26842)",,,565,24,13.56,13560,0,,,draft,Solar Kit|Neosolar,4,1,24,0,Solar Kit Hybrid
,,5,48,kits,BRL,Neosolar,NEO-26836,,,,,1,"Kit Energia Solar On Grid Híbrido - 9.04kWp 4,8kWh Lítio 48V (26836)",,,565,16,9.04,9040,0,,,draft,Solar Kit|Neosolar,5,1,16,0,Solar Kit Hybrid
,,2,48,kits,BRL,Neosolar,NEO-26840,,,,,1,"Kit Energia Solar On Grid Híbrido - 13.56kWp 4,8kWh Lítio 48V (26639)",,,565,24,13.56,13560,0,,,draft,Solar Kit|Neosolar,2,1,24,0,Solar Kit Hybrid
,,1,48,kits,BRL,Neosolar,NEO-26827,,,,,1,"Kit Energia Solar On Grid Híbrido - 5.65kWp 4,8kWh Lítio 48V (26827)",,,565,10,5.65,5650,0,,,draft,Solar Kit|Neosolar,1,1,10,0,Solar Kit Hybrid
,,5,48,kits,BRL,Neosolar,NEO-26843,,,,,1,"Kit Energia Solar On Grid Híbrido - 13.56kWp 4,8kWh Lítio 48V (26843)",,,565,24,13.56,13560,0,,,draft,Solar Kit|Neosolar,5,1,24,0,Solar Kit Hybrid
,,3,48,kits,BRL,Neosolar,NEO-26834,,,,,1,"Kit Energia Solar On Grid Híbrido - 9.04kWp 4,8kWh Lítio 48V (26834)",,,565,16,9.04,9040,0,,,draft,Solar Kit|Neosolar,3,1,16,0,Solar Kit Hybrid
,,1,48,kits,BRL,Neosolar,NEO-26839,,,,,1,"Kit Energia Solar On Grid Híbrido - 13.56kWp 4,8kWh Lítio 48V (26839)",,,565,24,13.56,13560,0,,,draft,Solar Kit|Neosolar,1,1,24,0,Solar Kit Hybrid
,,4,48,kits,BRL,Neosolar,NEO-26835,,,,,1,"Kit Energia Solar On Grid Híbrido - 9.04kWp 4,8kWh Lítio 48V (26835)",,,565,16,9.04,9040,0,,,draft,Solar Kit|Neosolar,4,1,16,0,Solar Kit Hybrid
,,1,48,kits,BRL,Neosolar,NEO-26831,,,,,1,"Kit Energia Solar On Grid Híbrido - 5.08kWp 4,8kWh Lítio 48V (26831)",,,565,9,5.08,5085,24077.62,,,draft,Solar Kit|Neosolar,1,1,9,0,Solar Kit Hybrid
,,1,48,kits,BRL,Neosolar,NEO-26832,,,,,1,"Kit Energia Solar On Grid Híbrido - 9.04kWp 4,8kWh Lítio 48V (26832)",,,565,16,9.04,9040,0,,,draft,Solar Kit|Neosolar,1,1,16,0,Solar Kit Hybrid
,,2,48,kits,BRL,Neosolar,NEO-26833,,,,,1,"Kit Energia Solar On Grid Híbrido - 9.04kWp 4,8kWh Lítio 48V (26833)",,,565,16,9.04,9040,0,,,draft,Solar Kit|Neosolar,2,1,16,0,Solar Kit Hybrid
,,2,48,kits,BRL,Neosolar,NEO-26828,,,,,1,"Kit Energia Solar On Grid Híbrido - 5.65kWp 4,8kWh Lítio 48V (26828)",,,565,10,5.65,5650,0,,,draft,Solar Kit|Neosolar,2,1,10,0,Solar Kit Hybrid
,,3,48,kits,BRL,Neosolar,NEO-26841,,,,,1,"Kit Energia Solar On Grid Híbrido - 13.56kWp 4,8kWh Lítio 48V (26841)",,,565,24,13.56,13560,0,,,draft,Solar Kit|Neosolar,3,1,24,0,Solar Kit Hybrid
,,6,48,kits,BRL,Neosolar,NEO-26844,,,,,1,"Kit Energia Solar On Grid Híbrido - 13.56kWp 4,8kWh Lítio 48V (26844)",,,565,24,13.56,13560,0,,,draft,Solar Kit|Neosolar,6,1,24,0,Solar Kit Hybrid
,,1,48,kits,BRL,Neosolar,NEO-27405,,,,,,"Kit Energia Solar On Grid Híbrido - 3,96kWp 100Ah/48V",,,,,96.0,0,0,,,draft,Solar Kit|Neosolar,1,0,0,0,Solar Kit Hybrid
,,3,48,kits,BRL,Neosolar,NEO-26653,,,,,1,"Kit Energia Solar On Grid Híbrido - 9,92kWp 4,8kWh Lítio 48V (26653)",,,620,16,92.0,9920,0,,,draft,Solar Kit|Neosolar,3,1,16,0,Solar Kit Hybrid
,,1,48,kits,BRL,Neosolar,NEO-27404,,,,,,"Kit Energia Solar On Grid Híbrido - 14,88kWp 600Ah/48V",,,,,88.0,0,0,,,draft,Solar Kit|Neosolar,1,0,0,0,Solar Kit Hybrid
,,4,48,kits,BRL,Neosolar,NEO-24924,,,,,1,"Kit Energia Solar On Grid Híbrido - 6,1kWp 4,8kWh Lítio 48V (24924)",,,610,10,1.0,6100,0,,,published,Solar Kit|Neosolar,4,1,10,0,Solar Kit Hybrid
,,4,48,kits,BRL,Neosolar,NEO-24923,,,,,1,"Kit Energia Solar On Grid Híbrido - 6,1kWp 4,8kWh Lítio 48V (24923)",,,610,10,1.0,6100,0,,,published,Solar Kit|Neosolar,4,1,10,0,Solar Kit Hybrid
,,1,48,kits,BRL,Neosolar,NEO-27314,https://portal.zydon.com.br/api/files/cfdc6dad-4082-4bb5-878a-d9b7456395f5/content?ingress=portalb2b.neosolar.com.br,,,,1,"Kit Energia Solar Off Grid - 1,24kWp 100Ah/48V Lítio (27314)",,,620,2,24.0,1240,6807.53,,,draft,Solar Kit|Neosolar,1,1,2,0,Solar Kit Off-Grid
,,1,6,kits,BRL,Neosolar,NEO-25049,https://portal.zydon.com.br/api/files/2090556f-04e2-4644-bcfb-70480e65e3af/content?ingress=portalb2b.neosolar.com.br,,,,1,Kit Energia Solar Off Grid - 680Wp 100Ah/24V Lítio (25049),,,340,2,0.68,680,5897.16,,,draft,Solar Kit|Neosolar,1,1,2,0,Solar Kit Off-Grid
,,1,6,kits,BRL,Neosolar,NEO-27475,https://portal.zydon.com.br/api/files/af8a3c8c-1ced-4340-9ee3-950705043f59/content?ingress=portalb2b.neosolar.com.br,,,,1,Kit Energia Solar Off Grid - 680Wp 100Ah/24V Lítio (27475),,,340,2,0.68,680,4653.12,,,draft,Solar Kit|Neosolar,1,1,2,0,Solar Kit Off-Grid
,,1,6,kits,BRL,Neosolar,NEO-25164,https://portalb2b.neosolar.com.br/b2b-noimage-white.svg,,,,1,Kit Energia Solar Off Grid - 680Wp 100Ah/24V Lítio 1000W/127V Ztroon,,,340,2,0.68,680,6812.12,,,draft,Solar Kit|Neosolar,1,1,2,0,Solar Kit Off-Grid
,,2,48,kits,BRL,Neosolar,NEO-27315,https://portal.zydon.com.br/api/files/b8854855-516a-437d-80be-3d7b80099cd0/content?ingress=portalb2b.neosolar.com.br,,,,1,"Kit Energia Solar Off Grid - 1,24kWp 100Ah/48V Lítio (27315)",,,620,4,24.0,2480,12731.46,,,draft,Solar Kit|Neosolar,2,1,4,0,Solar Kit Off-Grid
,,1,12,kits,BRL,Neosolar,NEO-23927,https://portal.zydon.com.br/api/files/83064596-0d87-4e31-9a51-3567bef61e6c/content?ingress=portalb2b.neosolar.com.br,,,,1,Kit Energia Solar Off Grid s/ Inversor - 30Wp 115/105Ah 12V Estacionária (23927),,,30,1,0.03,30,1256.64,,,draft,Solar Kit|Neosolar,1,1,1,0,Solar Kit Off-Grid
,,1,48,kits,BRL,Neosolar,NEO-27347,https://portal.zydon.com.br/api/files/2e6540f2-a35f-407e-b7e4-289e7b750caf/content?ingress=portalb2b.neosolar.com.br,,,,1,"Kit Energia Solar Off Grid - 1,24kWp 100Ah/48V Lítio - Inversor 2000W 48/127 (27347)",,,620,2,24.0,1240,0,,,draft,Solar Kit|Neosolar,1,2,2,0,Solar Kit Off-Grid
,,2,48,kits,BRL,Neosolar,NEO-27349,https://portal.zydon.com.br/api/files/068f88cc-b9e3-40c6-8445-804d8973a3ec/content?ingress=portalb2b.neosolar.com.br,,,,1,"Kit Energia Solar Off Grid - 1,24kWp 100Ah/48V Lítio  - Inversor 2000W 48/127 (27349)",,,620,4,24.0,2480,0,,,draft,Solar Kit|Neosolar,2,2,4,0,Solar Kit Off-Grid
,,1,12,kits,BRL,Neosolar,NEO-25131,https://portal.zydon.com.br/api/files/13b8f6d1-0f3b-40a9-a10e-2435a4a9f3d6/content?ingress=portalb2b.neosolar.com.br,,,,1,Kit Energia Solar para Starlink - 10h/dia (até 1.280 Wh/dia) - Chumbo (25131),,,320,320,102.4,102400,2414.24,,,draft,Solar Kit|Neosolar,1,1,320,0,Solar Kit Off-Grid
,,1,12,kits,BRL,Neosolar,NEO-23928,https://portal.zydon.com.br/api/files/3711c72b-e21a-441a-bf0e-7c2a9047e7f0/content?ingress=portalb2b.neosolar.com.br,,,,1,Kit Energia Solar Off Grid s/ Inversor - 60Wp 115/105Ah 12V Estacionária (23928),,,60,1,0.06,60,1343.79,,,draft,Solar Kit|Neosolar,1,1,1,0,Solar Kit Off-Grid
,,1,12,kits,BRL,Neosolar,NEO-27339,https://portal.zydon.com.br/api/files/71d09171-d95d-414b-8098-c8aa51a9e7a1/content?ingress=portalb2b.neosolar.com.br,,,,1,Kit Energia Solar Off Grid s/ Inversor - 100Wp 115/105Ah 12V Estacionária (27339),,,100,1,0.1,100,1113.09,,,draft,Solar Kit|Neosolar,1,1,1,0,Solar Kit Off-Grid
,,1,12,kits,BRL,Neosolar,NEO-23929,https://portal.zydon.com.br/api/files/e69b0418-7f5a-4cbb-b192-4d3c85469019/content?ingress=portalb2b.neosolar.com.br,,,,1,Kit Energia Solar Off Grid s/ Inversor - 100Wp 115/105Ah 12V Estacionária (23929),,,100,1,0.1,100,1343.79,,,draft,Solar Kit|Neosolar,1,1,1,0,Solar Kit Off-Grid
,,2,12,kits,BRL,Neosolar,NEO-27476,https://portal.zydon.com.br/api/files/b0796b0b-50fb-4517-bda9-fdc52d918e47/content?ingress=portalb2b.neosolar.com.br,,,,1,Kit Energia Solar Off Grid - 680Wp 220Ah/24V (27476),,,340,2,0.68,680,3767.8,,,draft,Solar Kit|Neosolar,2,1,2,0,Solar Kit Off-Grid
,,1,12,kits,BRL,Neosolar,NEO-26720,https://portal.zydon.com.br/api/files/98d12825-13dc-47f1-b454-38628d4805cc/content?ingress=portalb2b.neosolar.com.br,,,,1,Kit Energia Solar Off Grid s/ Inversor - 320Wp 240Ah / 220Ah 12V Estacionária (26720),,,160,2,0.32,320,2195.68,,,draft,Solar Kit|Neosolar,1,1,2,0,Solar Kit Off-Grid
,,1,12,kits,BRL,Neosolar,NEO-26721,https://portal.zydon.com.br/api/files/1d885ade-f87c-444a-9380-cb1f1ea67062/content?ingress=portalb2b.neosolar.com.br,,,,1,Kit Energia Solar Off Grid s/ Inversor - 320Wp 240Ah / 220Ah 12V Estacionária (26721),,,160,2,0.32,320,2272.99,,,draft,Solar Kit|Neosolar,1,1,2,0,Solar Kit Off-Grid
,,1,12,kits,BRL,Neosolar,NEO-25158,https://portalb2b.neosolar.com.br/b2b-noimage-white.svg,,,,1,Kit Energia Solar Off Grid - 160Wp 105Ah/12V 600W/127V Ztroon,,,160,1,0.16,160,2070.56,,,draft,Solar Kit|Neosolar,1,1,1,0,Solar Kit Off-Grid
,,2,12,kits,BRL,Neosolar,NEO-26722,https://portal.zydon.com.br/api/files/338fea19-d94b-4866-bd79-e01a9b4248d4/content?ingress=portalb2b.neosolar.com.br,,,,1,Kit Energia Solar Off Grid s/ Inversor - 480Wp 240Ah / 220Ah 12V Estacionária (26722),,,160,3,0.48,480,4162.98,,,draft,Solar Kit|Neosolar,2,1,3,0,Solar Kit Off-Grid
,,1,48,kits,BRL,Neosolar,NEO-27348,https://portal.zydon.com.br/api/files/24a67454-08a7-465c-af1f-dea016e95f76/content?ingress=portalb2b.neosolar.com.br,,,,1,"Kit Energia Solar Off Grid - 1,24kWp 100Ah/48V Lítio - Inversor 2000W 48/220 (27348)",,,620,2,24.0,1240,0,,,draft,Solar Kit|Neosolar,1,2,2,0,Solar Kit Off-Grid
,,2,48,kits,BRL,Neosolar,NEO-27378,https://portal.zydon.com.br/api/files/4043f6be-13f7-46b6-bb4f-c539af5b5e4e/content?ingress=portalb2b.neosolar.com.br,,,,1,"Kit Energia Solar Off Grid - 1,24kWp 100Ah/48V Lítio  - Inversor 2000W 48/220 (27378)",,,620,4,24.0,2480,13837.36,,,draft,Solar Kit|Neosolar,2,2,4,0,Solar Kit Off-Grid
,,3,12,kits,BRL,Neosolar,NEO-27313,https://portal.zydon.com.br/api/files/1e0197ce-fa25-4cd6-9027-3ed34ee417ed/content?ingress=portalb2b.neosolar.com.br,,,,1,Kit Energia Solar Off Grid s/ Inversor - 960Wp 240Ah / 220Ah 12V Estacionária (27313),,,160,6,0.96,960,5600.97,,,draft,Solar Kit|Neosolar,3,1,6,0,Solar Kit Off-Grid
,,1,12,kits,BRL,Neosolar,NEO-25130,https://portal.zydon.com.br/api/files/bf5101bb-a999-4d59-bff1-ade2037fb0c1/content?ingress=portalb2b.neosolar.com.br,,,,1,Kit Energia Solar para Starlink - 06h/dia (até 640 Wh/dia) - Chumbo (25130),,,160,160,25.6,25600,2037.51,,,draft,Solar Kit|Neosolar,1,1,160,0,Solar Kit Off-Grid
,,2,12,kits,BRL,Neosolar,NEO-25048,https://portal.zydon.com.br/api/files/ea32e3c6-2ef4-4895-97a2-d290e2d3f9e4/content?ingress=portalb2b.neosolar.com.br,,,,1,Kit Energia Solar Off Grid - 340Wp 105Ah/24V (25048),,,340,1,0.34,340,2600.37,,,draft,Solar Kit|Neosolar,2,1,1,0,Solar Kit Off-Grid
,,1,12,kits,BRL,Neosolar,NEO-25047,https://portal.zydon.com.br/api/files/b68dae69-1c7c-48b3-846a-b1fb519a1652/content?ingress=portalb2b.neosolar.com.br,,,,1,Kit Energia Solar Off Grid - 320Wp 150Ah/12V (25047),,,160,2,0.32,320,2159.1,,,draft,Solar Kit|Neosolar,1,1,2,0,Solar Kit Off-Grid
,,2,12,kits,BRL,Neosolar,NEO-25163,https://portalb2b.neosolar.com.br/b2b-noimage-white.svg,,,,1,Kit Energia Solar Off Grid - 340Wp 105Ah/24V 1000W/220V Ztroon,,,340,1,0.34,340,3515.34,,,draft,Solar Kit|Neosolar,2,1,1,0,Solar Kit Off-Grid
,,1,12,kits,BRL,Neosolar,NEO-25160,https://portalb2b.neosolar.com.br/b2b-noimage-white.svg,,,,1,Kit Energia Solar Off Grid - 320Wp 150Ah/12V 600W/127V Ztroon,,,160,2,0.32,320,2806.23,,,draft,Solar Kit|Neosolar,1,1,2,0,Solar Kit Off-Grid
,,2,12,kits,BRL,Neosolar,NEO-25162,https://portalb2b.neosolar.com.br/b2b-noimage-white.svg,,,,1,Kit Energia Solar Off Grid - 340Wp 105Ah/24V 1000W/127V Ztroon,,,340,1,0.34,340,3515.34,,,draft,Solar Kit|Neosolar,2,1,1,0,Solar Kit Off-Grid
,,1,48,kits,BRL,Neosolar,NEO-27267,https://portal.zydon.com.br/api/files/4df5cd62-233e-45c5-99b8-2ccda71fbfd2/content?ingress=portalb2b.neosolar.com.br,,,,,"Kit de Energia Solar Off Grid c/ Inv-car - 2,5kWp 100Ah 48/220V Lítio",,,620,4,5.0,2480,11015.48,,,draft,Solar Kit|Neosolar,1,0,4,0,Solar Kit Off-Grid
,,1,48,kits,BRL,Neosolar,NEO-27303,https://portal.zydon.com.br/api/files/6eae8354-3174-401e-85c5-892dd8e3caaf/content?ingress=portalb2b.neosolar.com.br,,,,,"Kit de Energia Solar Off Grid c/ Inv-car - 2,5kWp 100Ah 48/220V Lítio",,,620,4,5.0,2480,11085.92,,,draft,Solar Kit|Neosolar,1,0,4,0,Solar Kit Off-Grid
,,1,48,kits,BRL,Neosolar,NEO-27299,https://portal.zydon.com.br/api/files/b857d553-0c17-4bbd-a811-1898cfb588a4/content?ingress=portalb2b.neosolar.com.br,,,,,"Kit de Energia Solar Off Grid c/ Inv-car - 2,5kWp 100Ah 48/220V Lítio",,,620,4,5.0,2480,10552.11,,,draft,Solar Kit|Neosolar,1,0,4,0,Solar Kit Off-Grid
,,1,48,kits,BRL,Neosolar,NEO-27263,https://portal.zydon.com.br/api/files/54b92be7-7e8f-4746-be90-62fd84b3f9a6/content?ingress=portalb2b.neosolar.com.br,,,,,"Kit de Energia Solar Off Grid c/ Inv-car - 2,5kWp 100Ah 48/220V Lítio",,,620,4,5.0,2480,10481.67,,,draft,Solar Kit|Neosolar,1,0,4,0,Solar Kit Off-Grid
,,1,48,kits,BRL,Neosolar,NEO-27259,https://portal.zydon.com.br/api/files/809471e3-2560-46ff-b444-344573250c32/content?ingress=portalb2b.neosolar.com.br,,,,,"Kit de Energia Solar Off Grid c/ Inv-car - 2,5kWp 100Ah 48/220V Lítio",,,620,4,5.0,2480,12128.51,,,draft,Solar Kit|Neosolar,1,0,4,0,Solar Kit Off-Grid
,,1,12,kits,BRL,Neosolar,NEO-25129,https://portal.zydon.com.br/api/files/c557aa12-84bd-49e5-a646-d3fab8a563dc/content?ingress=portalb2b.neosolar.com.br,,,,1,Kit Energia Solar para Starlink - 06h/dia (até 640 Wh/dia) - Chumbo (25129),,,160,160,25.6,25600,1980.97,,,draft,Solar Kit|Neosolar,1,1,160,0,Solar Kit Off-Grid
,,1,12,kits,BRL,Neosolar,NEO-23699,https://portal.zydon.com.br/api/files/f2a0af91-2ec7-41b6-b4ab-53827b79ac67/content?ingress=portalb2b.neosolar.com.br,,,,1,Kit Energia Solar para Starlink - 06h/dia (até 640 Wh/dia) - Chumbo (23699),,,160,160,25.6,25600,0,,,draft,Solar Kit|Neosolar,1,1,160,0,Solar Kit Off-Grid
,,1,12,kits,BRL,Neosolar,NEO-23703,https://portal.zydon.com.br/api/files/dec6fd92-f947-494a-8f78-67b07877cfef/content?ingress=portalb2b.neosolar.com.br,,,,1,Kit Energia Solar para Starlink - 10h/dia (até 1.280 Wh/dia) - Chumbo (23703),,,320,320,102.4,102400,0,,,draft,Solar Kit|Neosolar,1,1,320,0,Solar Kit Off-Grid
,,4,48,kits,BRL,Neosolar,NEO-27266,https://portal.zydon.com.br/api/files/c5fd4272-1aa2-4bea-beed-5d619310ab3b/content?ingress=portalb2b.neosolar.com.br,,,,,"Kit de Energia Solar Off Grid c/ Inv-car - 5,0kWp 100Ah 48/220V Lítio",,,620,8,4.96,4960,26697.71,,,draft,Solar Kit|Neosolar,4,0,8,0,Solar Kit Off-Grid
,,2,48,kits,BRL,Neosolar,NEO-27304,https://portal.zydon.com.br/api/files/cedcca07-1200-4524-ab3c-55fb95328188/content?ingress=portalb2b.neosolar.com.br,,,,,"Kit de Energia Solar Off Grid c/ Inv-car - 3,7kWp 100Ah 48/220V Lítio",,,620,6,7.0,3720,17991.4,,,draft,Solar Kit|Neosolar,2,0,6,0,Solar Kit Off-Grid
,,4,48,kits,BRL,Neosolar,NEO-27298,https://portal.zydon.com.br/api/files/c7d66d3a-6362-4897-b1cc-6270b89e876a/content?ingress=portalb2b.neosolar.com.br,,,,,"Kit de Energia Solar Off Grid c/ Inv-car - 5,0kWp 100Ah 48/220V Lítio",,,620,8,4.96,4960,33355.51,,,draft,Solar Kit|Neosolar,4,0,8,0,Solar Kit Off-Grid
,,3,48,kits,BRL,Neosolar,NEO-27297,https://portal.zydon.com.br/api/files/af67ea85-8afd-4126-9734-900b60a6e591/content?ingress=portalb2b.neosolar.com.br,,,,,"Kit de Energia Solar Off Grid c/ Inv-car - 5,0kWp 100Ah 48/220V Lítio",,,620,8,4.96,4960,27362.67,,,draft,Solar Kit|Neosolar,3,0,8,0,Solar Kit Off-Grid
,,3,48,kits,BRL,Neosolar,NEO-27305,https://portal.zydon.com.br/api/files/73a084df-42d0-4e01-b398-21dba1381f3a/content?ingress=portalb2b.neosolar.com.br,,,,,"Kit de Energia Solar Off Grid c/ Inv-car - 5,0kWp 100Ah 48/220V Lítio",,,620,8,4.96,4960,24023.58,,,draft,Solar Kit|Neosolar,3,0,8,0,Solar Kit Off-Grid
,,4,48,kits,BRL,Neosolar,NEO-27306,https://portal.zydon.com.br/api/files/571eec38-74e1-4637-9cfc-7ffc2ba692b6/content?ingress=portalb2b.neosolar.com.br,,,,,"Kit de Energia Solar Off Grid c/ Inv-car - 5,0kWp 100Ah 48/220V Lítio",,,,,0.0,0,28903.4,,,draft,Solar Kit|Neosolar,4,0,0,0,Solar Kit Off-Grid
,,3,48,kits,BRL,Neosolar,NEO-27269,https://portal.zydon.com.br/api/files/59fc8d02-fe75-4490-ad09-2c7f79b8969f/content?ingress=portalb2b.neosolar.com.br,,,,,"Kit de Energia Solar Off Grid c/ Inv-car - 5,0kWp 100Ah 48/220V Lítio",,,620,8,4.96,4960,23953.15,,,draft,Solar Kit|Neosolar,3,0,8,0,Solar Kit Off-Grid
,,2,48,kits,BRL,Neosolar,NEO-27268,https://portal.zydon.com.br/api/files/f5b10be3-8a63-4273-b74b-3dd64022ae96/content?ingress=portalb2b.neosolar.com.br,,,,,"Kit de Energia Solar Off Grid c/ Inv-car - 3,7kWp 100Ah 48/220V Lítio",,,620,6,7.0,3720,17920.96,,,draft,Solar Kit|Neosolar,2,0,6,0,Solar Kit Off-Grid
,,2,48,kits,BRL,Neosolar,NEO-27300,https://portal.zydon.com.br/api/files/e66abee9-8f2d-4bb3-bc19-69e7634afe42/content?ingress=portalb2b.neosolar.com.br,,,,,"Kit de Energia Solar Off Grid c/ Inv-car - 3,7kWp 100Ah 48/220V Lítio",,,620,6,7.0,3720,16923.78,,,draft,Solar Kit|Neosolar,2,0,6,0,Solar Kit Off-Grid
,,4,48,kits,BRL,Neosolar,NEO-27302,https://portal.zydon.com.br/api/files/5b8956da-3ab3-41cd-9d16-5de703e77ed9/content?ingress=portalb2b.neosolar.com.br,,,,,"Kit de Energia Solar Off Grid c/ Inv-car - 5,0kWp 100Ah 48/220V Lítio",,,620,8,4.96,4960,26768.14,,,draft,Solar Kit|Neosolar,4,0,8,0,Solar Kit Off-Grid
,,3,48,kits,BRL,Neosolar,NEO-27301,https://portal.zydon.com.br/api/files/afbe878d-6f59-4248-951b-f2002be431c2/content?ingress=portalb2b.neosolar.com.br,,,,,"Kit de Energia Solar Off Grid c/ Inv-car - 5,0kWp 100Ah 48/220V Lítio",,,620,8,4.96,4960,22422.14,,,draft,Solar Kit|Neosolar,3,0,8,0,Solar Kit Off-Grid
,,2,48,kits,BRL,Neosolar,NEO-27296,https://portal.zydon.com.br/api/files/563ee4c0-edcc-4be2-9205-3feaa5032f26/content?ingress=portalb2b.neosolar.com.br,,,,,"Kit de Energia Solar Off Grid c/ Inv-car - 3,7kWp 100Ah 48/220V Lítio",,,620,6,7.0,3720,20217.47,,,draft,Solar Kit|Neosolar,2,0,6,0,Solar Kit Off-Grid
,,4,48,kits,BRL,Neosolar,NEO-27270,https://portal.zydon.com.br/api/files/adfd0473-7fc7-4450-ae02-888ba94d2c7e/content?ingress=portalb2b.neosolar.com.br,,,,,"Kit de Energia Solar Off Grid c/ Inv-car - 5,0kWp 100Ah 48/220V Lítio",,,620,8,4.96,4960,28832.96,,,draft,Solar Kit|Neosolar,4,0,8,0,Solar Kit Off-Grid
,,2,48,kits,BRL,Neosolar,NEO-27260,https://portal.zydon.com.br/api/files/07e99164-db97-4bac-aff1-b2503b25324a/content?ingress=portalb2b.neosolar.com.br,,,,,"Kit de Energia Solar Off Grid c/ Inv-car - 3,7kWp 100Ah 48/220V Lítio",,,620,6,7.0,3720,20147.03,,,draft,Solar Kit|Neosolar,2,0,6,0,Solar Kit Off-Grid
,,3,48,kits,BRL,Neosolar,NEO-27261,https://portal.zydon.com.br/api/files/9d1f4672-2fbf-4580-888d-1b75b343596d/content?ingress=portalb2b.neosolar.com.br,,,,,"Kit de Energia Solar Off Grid c/ Inv-car - 5,0kWp 100Ah 48/220V Lítio",,,620,8,4.96,4960,27292.24,,,draft,Solar Kit|Neosolar,3,0,8,0,Solar Kit Off-Grid
,,2,48,kits,BRL,Neosolar,NEO-27264,https://portal.zydon.com.br/api/files/1707ae1c-db56-4d8a-9c7d-e75571502132/content?ingress=portalb2b.neosolar.com.br,,,,,"Kit de Energia Solar Off Grid c/ Inv-car - 3,7kWp 100Ah 48/220V Lítio",,,620,6,7.0,3720,16853.34,,,draft,Solar Kit|Neosolar,2,0,6,0,Solar Kit Off-Grid
,,3,48,kits,BRL,Neosolar,NEO-27265,https://portal.zydon.com.br/api/files/db69d46b-d292-4c9d-8408-814f31108a00/content?ingress=portalb2b.neosolar.com.br,,,,,"Kit de Energia Solar Off Grid c/ Inv-car - 5,0kWp 100Ah 48/220V Lítio",,,620,8,4.96,4960,22351.7,,,draft,Solar Kit|Neosolar,3,0,8,0,Solar Kit Off-Grid
,,4,48,kits,BRL,Neosolar,NEO-27262,https://portal.zydon.com.br/api/files/dfa9ce23-9c5e-44d3-b38b-41a7339bc866/content?ingress=portalb2b.neosolar.com.br,,,,,"Kit de Energia Solar Off Grid c/ Inv-car - 5,0kWp 100Ah 48/220V Lítio",,,620,8,4.96,4960,33285.07,,,draft,Solar Kit|Neosolar,4,0,8,0,Solar Kit Off-Grid
,,7,48,kits,BRL,Neosolar,NEO-26701,https://portal.zydon.com.br/api/files/77621f15-e3c5-4ffa-abb6-36d7c8f7dae7/content?ingress=portalb2b.neosolar.com.br,,,,,"Kit de Energia Solar Off Grid c/ Inv-car - 6,2kWp 100Ah 24/220V Lítio (26701)",,,620,10,2.0,6200,0,,,draft,Solar Kit|Neosolar,7,0,10,0,Solar Kit Off-Grid
,,1,12,kits,BRL,Neosolar,NEO-26723,https://portal.zydon.com.br/api/files/97d04123-c3a4-4d99-9480-9b8592c0cb6a/content?ingress=portalb2b.neosolar.com.br,,,,1,Kit Energia Solar Off Grid s/ Inversor - 160Wp 165Ah / 150Ah 12V Estacionária (26723),,,160,1,0.16,160,1563.51,,,draft,Solar Kit|Neosolar,1,1,1,0,Solar Kit Off-Grid
,,1,12,kits,BRL,Neosolar,NEO-25132,https://portal.zydon.com.br/api/files/eef61176-9ca2-4a16-bb62-0de71b8b738d/content?ingress=portalb2b.neosolar.com.br,,,,1,Kit Energia Solar para Starlink - 10h/dia (até 1.280 Wh/dia) - Chumbo (25132),,,320,320,102.4,102400,2470.79,,,draft,Solar Kit|Neosolar,1,1,320,0,Solar Kit Off-Grid
,,1,12,kits,BRL,Neosolar,NEO-25044,https://portal.zydon.com.br/api/files/37894d52-0c9f-4ff8-bc0b-ff7f7527425a/content?ingress=portalb2b.neosolar.com.br,,,,1,Kit Energia Solar Off Grid - 60Wp 45Ah/12V (25044),,,60,1,0.06,60,916.2,,,draft,Solar Kit|Neosolar,1,1,1,0,Solar Kit Off-Grid
,,1,12,kits,BRL,Neosolar,NEO-25045,https://portal.zydon.com.br/api/files/4c1cd2a4-283f-4d91-8836-3ac7071dbb58/content?ingress=portalb2b.neosolar.com.br,,,,1,Kit Energia Solar Off Grid - 100Wp 45Ah/12V (25045),,,100,1,0.1,100,932.16,,,draft,Solar Kit|Neosolar,1,1,1,0,Solar Kit Off-Grid
,,1,12,kits,BRL,Neosolar,NEO-25043,https://portal.zydon.com.br/api/files/7959d3d6-18a3-4766-b2a3-03575b653b2d/content?ingress=portalb2b.neosolar.com.br,,,,1,Kit Energia Solar Off Grid - 30Wp 45Ah/12V (25043),,,30,1,0.03,30,861.47,,,draft,Solar Kit|Neosolar,1,1,1,0,Solar Kit Off-Grid
,,1,12,kits,BRL,Neosolar,NEO-25154,https://portalb2b.neosolar.com.br/b2b-noimage-white.svg,,,,1,Kit Energia Solar Off Grid - 60Wp 45Ah/12V 600W/127V Ztroon,,,60,1,0.06,60,1563.33,,,draft,Solar Kit|Neosolar,1,1,1,0,Solar Kit Off-Grid
,,1,12,kits,BRL,Neosolar,NEO-25156,https://portalb2b.neosolar.com.br/b2b-noimage-white.svg,,,,1,Kit Energia Solar Off Grid - 100Wp 45Ah/12V 600W/127V Ztroon,,,100,1,0.1,100,1579.29,,,draft,Solar Kit|Neosolar,1,1,1,0,Solar Kit Off-Grid
,,2,48,kits,BRL,Neosolar,NEO-26695,https://portal.zydon.com.br/api/files/02f12091-0c0a-451c-8b9a-9d6aa9067b37/content?ingress=portalb2b.neosolar.com.br,,,,,"Kit de Energia Solar Off Grid c/ Inv-car - 3,7kWp 100Ah 24/220V Lítio (26695)",,,620,6,7.0,3720,0,,,draft,Solar Kit|Neosolar,2,0,6,0,Solar Kit Off-Grid
,,1,48,kits,BRL,Neosolar,NEO-26694,https://portal.zydon.com.br/api/files/674821ee-b9a8-4648-9db8-45c2704cf5c1/content?ingress=portalb2b.neosolar.com.br,,,,,"Kit de Energia Solar Off Grid c/ Inv-car - 2,5kWp 100Ah 48/220V Lítio",,,620,4,5.0,2480,0,,,draft,Solar Kit|Neosolar,1,0,4,0,Solar Kit Off-Grid
,,4,48,kits,BRL,Neosolar,NEO-26698,https://portal.zydon.com.br/api/files/95eb91ee-3352-4702-b104-a1bdc66b1c20/content?ingress=portalb2b.neosolar.com.br,,,,,"Kit de Energia Solar Off Grid c/ Inv-car - 3,7kWp 100Ah 24/220V Lítio (26698)",,,620,6,7.0,3720,0,,,draft,Solar Kit|Neosolar,4,0,6,0,Solar Kit Off-Grid
,,5,48,kits,BRL,Neosolar,NEO-26699,https://portal.zydon.com.br/api/files/bc9942ac-abe6-4df5-9309-0106d7e1c7c1/content?ingress=portalb2b.neosolar.com.br,,,,,"Kit de Energia Solar Off Grid c/ Inv-car - 6,2kWp 100Ah 24/220V Lítio (26699)",,,620,10,2.0,6200,0,,,draft,Solar Kit|Neosolar,5,0,10,0,Solar Kit Off-Grid
,,3,48,kits,BRL,Neosolar,NEO-26697,https://portal.zydon.com.br/api/files/3d25b276-df8c-493d-b81e-0198b55c1b66/content?ingress=portalb2b.neosolar.com.br,,,,,"Kit de Energia Solar Off Grid c/ Inv-car - 3,1kWp 100Ah 24/220V Lítio (26697)",,,620,5,1.0,3100,0,,,draft,Solar Kit|Neosolar,3,0,5,0,Solar Kit Off-Grid
,,2,48,kits,BRL,Neosolar,NEO-26696,https://portal.zydon.com.br/api/files/b25025f7-5a76-4353-80bd-8f1b673e0215/content?ingress=portalb2b.neosolar.com.br,,,,,"Kit de Energia Solar Off Grid c/ Inv-car - 1,9kWp 100Ah 24/220V Lítio (26696)",,,620,3,9.0,1860,0,,,draft,Solar Kit|Neosolar,2,0,3,0,Solar Kit Off-Grid
,,6,48,kits,BRL,Neosolar,NEO-26700,https://portal.zydon.com.br/api/files/d2fc71b6-85bd-44bc-b4cb-e66892bc9044/content?ingress=portalb2b.neosolar.com.br,,,,,"Kit de Energia Solar Off Grid c/ Inv-car - 6,2kWp 100Ah 24/220V Lítio (26700)",,,620,10,2.0,6200,0,,,draft,Solar Kit|Neosolar,6,0,10,0,Solar Kit Off-Grid
,,2,12,kits,BRL,Neosolar,NEO-25053,https://portal.zydon.com.br/api/files/cbedc1f2-f5a1-456f-a3f9-45152c6f2ed9/content?ingress=portalb2b.neosolar.com.br,,,,1,Kit Energia Solar Off Grid - 680Wp 220Ah/24V (25053),,,340,2,0.68,680,4624.47,,,draft,Solar Kit|Neosolar,2,1,2,0,Solar Kit Off-Grid
,,1,48,kits,BRL,Neosolar,NEO-26968,https://portal.zydon.com.br/api/files/5e05efaf-e906-478e-aecf-c3449d06dcbd/content?ingress=portalb2b.neosolar.com.br,,,,,"Kit de Energia Solar Off Grid c/ Inv-car - 2,5kWp 100Ah 24/220V Lítio (26968)",,,620,4,5.0,2480,0,,,draft,Solar Kit|Neosolar,1,0,4,0,Solar Kit Off-Grid
,,7,48,kits,BRL,Neosolar,NEO-26991,https://portal.zydon.com.br/api/files/300c2b14-0c93-463c-b01d-45e19c3575dd/content?ingress=portalb2b.neosolar.com.br,,,,,"Kit de Energia Solar Off Grid c/ Inv-car - 6,2kWp 100Ah 24/220V Lítio (26991)",,,620,10,2.0,6200,0,,,draft,Solar Kit|Neosolar,7,0,10,0,Solar Kit Off-Grid
,,7,48,kits,BRL,Neosolar,NEO-26975,https://portal.zydon.com.br/api/files/780b0379-b08d-4364-b78e-98269de37d9d/content?ingress=portalb2b.neosolar.com.br,,,,,"Kit de Energia Solar Off Grid c/ Inv-car - 6,2kWp 100Ah 24/220V Lítio (26975)",,,620,10,2.0,6200,0,,,draft,Solar Kit|Neosolar,7,0,10,0,Solar Kit Off-Grid
,,1,48,kits,BRL,Neosolar,NEO-26984,https://portal.zydon.com.br/api/files/bf81a2d8-46ee-4c08-8e52-264d526dd97c/content?ingress=portalb2b.neosolar.com.br,,,,,"Kit de Energia Solar Off Grid c/ Inv-car - 2,5kWp 100Ah 24/220V Lítio (26984)",,,620,4,5.0,2480,0,,,draft,Solar Kit|Neosolar,1,0,4,0,Solar Kit Off-Grid
,,3,48,kits,BRL,Neosolar,NEO-26971,https://portal.zydon.com.br/api/files/5801b467-d646-498f-8486-895e733d5c49/content?ingress=portalb2b.neosolar.com.br,,,,,"Kit de Energia Solar Off Grid c/ Inv-car - 3,1kWp 100Ah 24/220V Lítio (26971)",,,620,5,1.0,3100,0,,,draft,Solar Kit|Neosolar,3,0,5,0,Solar Kit Off-Grid
,,4,48,kits,BRL,Neosolar,NEO-26972,https://portal.zydon.com.br/api/files/45bae92c-1b7e-4f51-b5fb-30466040b4f4/content?ingress=portalb2b.neosolar.com.br,,,,,"Kit de Energia Solar Off Grid c/ Inv-car - 3,7kWp 100Ah 24/220V Lítio (26972)",,,620,6,7.0,3720,0,,,draft,Solar Kit|Neosolar,4,0,6,0,Solar Kit Off-Grid
,,2,48,kits,BRL,Neosolar,NEO-26969,https://portal.zydon.com.br/api/files/6aac6b46-1e2c-4ab8-96fc-8810e4c94c70/content?ingress=portalb2b.neosolar.com.br,,,,,"Kit de Energia Solar Off Grid c/ Inv-car - 3,7kWp 100Ah 24/220V Lítio (26969)",,,620,6,7.0,3720,0,,,draft,Solar Kit|Neosolar,2,0,6,0,Solar Kit Off-Grid
,,2,48,kits,BRL,Neosolar,NEO-26970,https://portal.zydon.com.br/api/files/a0758e5f-5841-4c29-80a2-cdf86cc835b4/content?ingress=portalb2b.neosolar.com.br,,,,,"Kit de Energia Solar Off Grid c/ Inv-car - 1,9kWp 100Ah 24/220V Lítio (26970)",,,620,3,9.0,1860,0,,,draft,Solar Kit|Neosolar,2,0,3,0,Solar Kit Off-Grid
,,4,48,kits,BRL,Neosolar,NEO-26988,https://portal.zydon.com.br/api/files/89e94cb3-8b98-4184-8358-2a51f2c37b34/content?ingress=portalb2b.neosolar.com.br,,,,,"Kit de Energia Solar Off Grid c/ Inv-car - 3,7kWp 100Ah 24/220V Lítio (26988)",,,620,6,7.0,3720,0,,,draft,Solar Kit|Neosolar,4,0,6,0,Solar Kit Off-Grid
,,3,48,kits,BRL,Neosolar,NEO-26987,https://portal.zydon.com.br/api/files/39524f16-af32-4ab8-a36a-486ed640779a/content?ingress=portalb2b.neosolar.com.br,,,,,"Kit de Energia Solar Off Grid c/ Inv-car - 3,1kWp 100Ah 24/220V Lítio (26987)",,,620,5,1.0,3100,0,,,draft,Solar Kit|Neosolar,3,0,5,0,Solar Kit Off-Grid
,,2,48,kits,BRL,Neosolar,NEO-26986,https://portal.zydon.com.br/api/files/df9282cd-5704-4985-85db-8a8a04479ab7/content?ingress=portalb2b.neosolar.com.br,,,,,"Kit de Energia Solar Off Grid c/ Inv-car - 1,9kWp 100Ah 24/220V Lítio (26986)",,,620,3,9.0,1860,0,,,draft,Solar Kit|Neosolar,2,0,3,0,Solar Kit Off-Grid
,,2,48,kits,BRL,Neosolar,NEO-26985,https://portal.zydon.com.br/api/files/57faf78c-278e-4087-88e2-9deb009f03cf/content?ingress=portalb2b.neosolar.com.br,,,,,"Kit de Energia Solar Off Grid c/ Inv-car - 3,7kWp 100Ah 24/220V Lítio (26985)",,,620,6,7.0,3720,0,,,draft,Solar Kit|Neosolar,2,0,6,0,Solar Kit Off-Grid
,,1,48,kits,BRL,Neosolar,NEO-27314,https://portal.zydon.com.br/api/files/cfdc6dad-4082-4bb5-878a-d9b7456395f5/content?ingress=portalb2b.neosolar.com.br,,,,1,"Kit Energia Solar Off Grid - 1,24kWp 100Ah/48V Lítio (27314)",,,620,2,24.0,1240,6807.53,,,draft,Solar Kit|Neosolar,1,1,2,0,Solar Kit Off-Grid
,,1,6,kits,BRL,Neosolar,NEO-25049,https://portal.zydon.com.br/api/files/2090556f-04e2-4644-bcfb-70480e65e3af/content?ingress=portalb2b.neosolar.com.br,,,,1,Kit Energia Solar Off Grid - 680Wp 100Ah/24V Lítio (25049),,,340,2,0.68,680,5897.16,,,draft,Solar Kit|Neosolar,1,1,2,0,Solar Kit Off-Grid
,,1,6,kits,BRL,Neosolar,NEO-27475,https://portal.zydon.com.br/api/files/af8a3c8c-1ced-4340-9ee3-950705043f59/content?ingress=portalb2b.neosolar.com.br,,,,1,Kit Energia Solar Off Grid - 680Wp 100Ah/24V Lítio (27475),,,340,2,0.68,680,4653.12,,,draft,Solar Kit|Neosolar,1,1,2,0,Solar Kit Off-Grid
,,1,6,kits,BRL,Neosolar,NEO-25164,https://portalb2b.neosolar.com.br/b2b-noimage-white.svg,,,,1,Kit Energia Solar Off Grid - 680Wp 100Ah/24V Lítio 1000W/127V Ztroon,,,340,2,0.68,680,6812.12,,,draft,Solar Kit|Neosolar,1,1,2,0,Solar Kit Off-Grid
,,2,48,kits,BRL,Neosolar,NEO-27315,https://portal.zydon.com.br/api/files/b8854855-516a-437d-80be-3d7b80099cd0/content?ingress=portalb2b.neosolar.com.br,,,,1,"Kit Energia Solar Off Grid - 1,24kWp 100Ah/48V Lítio (27315)",,,620,4,24.0,2480,12731.46,,,draft,Solar Kit|Neosolar,2,1,4,0,Solar Kit Off-Grid
,,1,12,kits,BRL,Neosolar,NEO-23927,https://portal.zydon.com.br/api/files/83064596-0d87-4e31-9a51-3567bef61e6c/content?ingress=portalb2b.neosolar.com.br,,,,1,Kit Energia Solar Off Grid s/ Inversor - 30Wp 115/105Ah 12V Estacionária (23927),,,30,1,0.03,30,1256.64,,,draft,Solar Kit|Neosolar,1,1,1,0,Solar Kit Off-Grid
,,1,48,kits,BRL,Neosolar,NEO-27347,https://portal.zydon.com.br/api/files/2e6540f2-a35f-407e-b7e4-289e7b750caf/content?ingress=portalb2b.neosolar.com.br,,,,1,"Kit Energia Solar Off Grid - 1,24kWp 100Ah/48V Lítio - Inversor 2000W 48/127 (27347)",,,620,2,24.0,1240,0,,,draft,Solar Kit|Neosolar,1,2,2,0,Solar Kit Off-Grid
,,2,48,kits,BRL,Neosolar,NEO-27349,https://portal.zydon.com.br/api/files/068f88cc-b9e3-40c6-8445-804d8973a3ec/content?ingress=portalb2b.neosolar.com.br,,,,1,"Kit Energia Solar Off Grid - 1,24kWp 100Ah/48V Lítio  - Inversor 2000W 48/127 (27349)",,,620,4,24.0,2480,0,,,draft,Solar Kit|Neosolar,2,2,4,0,Solar Kit Off-Grid
,,1,12,kits,BRL,Neosolar,NEO-25131,https://portal.zydon.com.br/api/files/13b8f6d1-0f3b-40a9-a10e-2435a4a9f3d6/content?ingress=portalb2b.neosolar.com.br,,,,1,Kit Energia Solar para Starlink - 10h/dia (até 1.280 Wh/dia) - Chumbo (25131),,,320,320,102.4,102400,2414.24,,,draft,Solar Kit|Neosolar,1,1,320,0,Solar Kit Off-Grid
,,1,12,kits,BRL,Neosolar,NEO-23928,https://portal.zydon.com.br/api/files/3711c72b-e21a-441a-bf0e-7c2a9047e7f0/content?ingress=portalb2b.neosolar.com.br,,,,1,Kit Energia Solar Off Grid s/ Inversor - 60Wp 115/105Ah 12V Estacionária (23928),,,60,1,0.06,60,1343.79,,,draft,Solar Kit|Neosolar,1,1,1,0,Solar Kit Off-Grid
,,1,12,kits,BRL,Neosolar,NEO-27339,https://portal.zydon.com.br/api/files/71d09171-d95d-414b-8098-c8aa51a9e7a1/content?ingress=portalb2b.neosolar.com.br,,,,1,Kit Energia Solar Off Grid s/ Inversor - 100Wp 115/105Ah 12V Estacionária (27339),,,100,1,0.1,100,1113.09,,,draft,Solar Kit|Neosolar,1,1,1,0,Solar Kit Off-Grid
,,1,12,kits,BRL,Neosolar,NEO-23929,https://portal.zydon.com.br/api/files/e69b0418-7f5a-4cbb-b192-4d3c85469019/content?ingress=portalb2b.neosolar.com.br,,,,1,Kit Energia Solar Off Grid s/ Inversor - 100Wp 115/105Ah 12V Estacionária (23929),,,100,1,0.1,100,1343.79,,,draft,Solar Kit|Neosolar,1,1,1,0,Solar Kit Off-Grid
,,2,12,kits,BRL,Neosolar,NEO-27476,https://portal.zydon.com.br/api/files/b0796b0b-50fb-4517-bda9-fdc52d918e47/content?ingress=portalb2b.neosolar.com.br,,,,1,Kit Energia Solar Off Grid - 680Wp 220Ah/24V (27476),,,340,2,0.68,680,3767.8,,,draft,Solar Kit|Neosolar,2,1,2,0,Solar Kit Off-Grid
,,1,12,kits,BRL,Neosolar,NEO-26720,https://portal.zydon.com.br/api/files/98d12825-13dc-47f1-b454-38628d4805cc/content?ingress=portalb2b.neosolar.com.br,,,,1,Kit Energia Solar Off Grid s/ Inversor - 320Wp 240Ah / 220Ah 12V Estacionária (26720),,,160,2,0.32,320,2195.68,,,draft,Solar Kit|Neosolar,1,1,2,0,Solar Kit Off-Grid
,,1,12,kits,BRL,Neosolar,NEO-26721,https://portal.zydon.com.br/api/files/1d885ade-f87c-444a-9380-cb1f1ea67062/content?ingress=portalb2b.neosolar.com.br,,,,1,Kit Energia Solar Off Grid s/ Inversor - 320Wp 240Ah / 220Ah 12V Estacionária (26721),,,160,2,0.32,320,2272.99,,,draft,Solar Kit|Neosolar,1,1,2,0,Solar Kit Off-Grid
,,1,12,kits,BRL,Neosolar,NEO-25158,https://portalb2b.neosolar.com.br/b2b-noimage-white.svg,,,,1,Kit Energia Solar Off Grid - 160Wp 105Ah/12V 600W/127V Ztroon,,,160,1,0.16,160,2070.56,,,draft,Solar Kit|Neosolar,1,1,1,0,Solar Kit Off-Grid
,,2,12,kits,BRL,Neosolar,NEO-26722,https://portal.zydon.com.br/api/files/338fea19-d94b-4866-bd79-e01a9b4248d4/content?ingress=portalb2b.neosolar.com.br,,,,1,Kit Energia Solar Off Grid s/ Inversor - 480Wp 240Ah / 220Ah 12V Estacionária (26722),,,160,3,0.48,480,4162.98,,,draft,Solar Kit|Neosolar,2,1,3,0,Solar Kit Off-Grid
,,1,48,kits,BRL,Neosolar,NEO-27348,https://portal.zydon.com.br/api/files/24a67454-08a7-465c-af1f-dea016e95f76/content?ingress=portalb2b.neosolar.com.br,,,,1,"Kit Energia Solar Off Grid - 1,24kWp 100Ah/48V Lítio - Inversor 2000W 48/220 (27348)",,,620,2,24.0,1240,0,,,draft,Solar Kit|Neosolar,1,2,2,0,Solar Kit Off-Grid
,,2,48,kits,BRL,Neosolar,NEO-27378,https://portal.zydon.com.br/api/files/4043f6be-13f7-46b6-bb4f-c539af5b5e4e/content?ingress=portalb2b.neosolar.com.br,,,,1,"Kit Energia Solar Off Grid - 1,24kWp 100Ah/48V Lítio  - Inversor 2000W 48/220 (27378)",,,620,4,24.0,2480,13837.36,,,draft,Solar Kit|Neosolar,2,2,4,0,Solar Kit Off-Grid
,,3,12,kits,BRL,Neosolar,NEO-27313,https://portal.zydon.com.br/api/files/1e0197ce-fa25-4cd6-9027-3ed34ee417ed/content?ingress=portalb2b.neosolar.com.br,,,,1,Kit Energia Solar Off Grid s/ Inversor - 960Wp 240Ah / 220Ah 12V Estacionária (27313),,,160,6,0.96,960,5600.97,,,draft,Solar Kit|Neosolar,3,1,6,0,Solar Kit Off-Grid
,,1,12,kits,BRL,Neosolar,NEO-25130,https://portal.zydon.com.br/api/files/bf5101bb-a999-4d59-bff1-ade2037fb0c1/content?ingress=portalb2b.neosolar.com.br,,,,1,Kit Energia Solar para Starlink - 06h/dia (até 640 Wh/dia) - Chumbo (25130),,,160,160,25.6,25600,2037.51,,,draft,Solar Kit|Neosolar,1,1,160,0,Solar Kit Off-Grid
,,2,12,kits,BRL,Neosolar,NEO-25048,https://portal.zydon.com.br/api/files/ea32e3c6-2ef4-4895-97a2-d290e2d3f9e4/content?ingress=portalb2b.neosolar.com.br,,,,1,Kit Energia Solar Off Grid - 340Wp 105Ah/24V (25048),,,340,1,0.34,340,2600.37,,,draft,Solar Kit|Neosolar,2,1,1,0,Solar Kit Off-Grid
,,1,12,kits,BRL,Neosolar,NEO-25047,https://portal.zydon.com.br/api/files/b68dae69-1c7c-48b3-846a-b1fb519a1652/content?ingress=portalb2b.neosolar.com.br,,,,1,Kit Energia Solar Off Grid - 320Wp 150Ah/12V (25047),,,160,2,0.32,320,2159.1,,,draft,Solar Kit|Neosolar,1,1,2,0,Solar Kit Off-Grid
,,2,12,kits,BRL,Neosolar,NEO-25163,https://portalb2b.neosolar.com.br/b2b-noimage-white.svg,,,,1,Kit Energia Solar Off Grid - 340Wp 105Ah/24V 1000W/220V Ztroon,,,340,1,0.34,340,3515.34,,,draft,Solar Kit|Neosolar,2,1,1,0,Solar Kit Off-Grid
,,1,12,kits,BRL,Neosolar,NEO-25160,https://portalb2b.neosolar.com.br/b2b-noimage-white.svg,,,,1,Kit Energia Solar Off Grid - 320Wp 150Ah/12V 600W/127V Ztroon,,,160,2,0.32,320,2806.23,,,draft,Solar Kit|Neosolar,1,1,2,0,Solar Kit Off-Grid
,,2,12,kits,BRL,Neosolar,NEO-25162,https://portalb2b.neosolar.com.br/b2b-noimage-white.svg,,,,1,Kit Energia Solar Off Grid - 340Wp 105Ah/24V 1000W/127V Ztroon,,,340,1,0.34,340,3515.34,,,draft,Solar Kit|Neosolar,2,1,1,0,Solar Kit Off-Grid
,,1,48,kits,BRL,Neosolar,NEO-27267,https://portal.zydon.com.br/api/files/4df5cd62-233e-45c5-99b8-2ccda71fbfd2/content?ingress=portalb2b.neosolar.com.br,,,,,"Kit de Energia Solar Off Grid c/ Inv-car - 2,5kWp 100Ah 48/220V Lítio",,,620,4,5.0,2480,11015.48,,,draft,Solar Kit|Neosolar,1,0,4,0,Solar Kit Off-Grid
,,1,48,kits,BRL,Neosolar,NEO-27303,https://portal.zydon.com.br/api/files/6eae8354-3174-401e-85c5-892dd8e3caaf/content?ingress=portalb2b.neosolar.com.br,,,,,"Kit de Energia Solar Off Grid c/ Inv-car - 2,5kWp 100Ah 48/220V Lítio",,,620,4,5.0,2480,11085.92,,,draft,Solar Kit|Neosolar,1,0,4,0,Solar Kit Off-Grid
,,1,48,kits,BRL,Neosolar,NEO-27299,https://portal.zydon.com.br/api/files/b857d553-0c17-4bbd-a811-1898cfb588a4/content?ingress=portalb2b.neosolar.com.br,,,,,"Kit de Energia Solar Off Grid c/ Inv-car - 2,5kWp 100Ah 48/220V Lítio",,,620,4,5.0,2480,10552.11,,,draft,Solar Kit|Neosolar,1,0,4,0,Solar Kit Off-Grid
,,1,48,kits,BRL,Neosolar,NEO-27263,https://portal.zydon.com.br/api/files/54b92be7-7e8f-4746-be90-62fd84b3f9a6/content?ingress=portalb2b.neosolar.com.br,,,,,"Kit de Energia Solar Off Grid c/ Inv-car - 2,5kWp 100Ah 48/220V Lítio",,,620,4,5.0,2480,10481.67,,,draft,Solar Kit|Neosolar,1,0,4,0,Solar Kit Off-Grid
,,1,48,kits,BRL,Neosolar,NEO-27259,https://portal.zydon.com.br/api/files/809471e3-2560-46ff-b444-344573250c32/content?ingress=portalb2b.neosolar.com.br,,,,,"Kit de Energia Solar Off Grid c/ Inv-car - 2,5kWp 100Ah 48/220V Lítio",,,620,4,5.0,2480,12128.51,,,draft,Solar Kit|Neosolar,1,0,4,0,Solar Kit Off-Grid
,,1,12,kits,BRL,Neosolar,NEO-25129,https://portal.zydon.com.br/api/files/c557aa12-84bd-49e5-a646-d3fab8a563dc/content?ingress=portalb2b.neosolar.com.br,,,,1,Kit Energia Solar para Starlink - 06h/dia (até 640 Wh/dia) - Chumbo (25129),,,160,160,25.6,25600,1980.97,,,draft,Solar Kit|Neosolar,1,1,160,0,Solar Kit Off-Grid
,,1,12,kits,BRL,Neosolar,NEO-23699,https://portal.zydon.com.br/api/files/f2a0af91-2ec7-41b6-b4ab-53827b79ac67/content?ingress=portalb2b.neosolar.com.br,,,,1,Kit Energia Solar para Starlink - 06h/dia (até 640 Wh/dia) - Chumbo (23699),,,160,160,25.6,25600,0,,,draft,Solar Kit|Neosolar,1,1,160,0,Solar Kit Off-Grid
,,1,12,kits,BRL,Neosolar,NEO-23703,https://portal.zydon.com.br/api/files/dec6fd92-f947-494a-8f78-67b07877cfef/content?ingress=portalb2b.neosolar.com.br,,,,1,Kit Energia Solar para Starlink - 10h/dia (até 1.280 Wh/dia) - Chumbo (23703),,,320,320,102.4,102400,0,,,draft,Solar Kit|Neosolar,1,1,320,0,Solar Kit Off-Grid
,,4,48,kits,BRL,Neosolar,NEO-27266,https://portal.zydon.com.br/api/files/c5fd4272-1aa2-4bea-beed-5d619310ab3b/content?ingress=portalb2b.neosolar.com.br,,,,,"Kit de Energia Solar Off Grid c/ Inv-car - 5,0kWp 100Ah 48/220V Lítio",,,620,8,4.96,4960,26697.71,,,draft,Solar Kit|Neosolar,4,0,8,0,Solar Kit Off-Grid
,,2,48,kits,BRL,Neosolar,NEO-27304,https://portal.zydon.com.br/api/files/cedcca07-1200-4524-ab3c-55fb95328188/content?ingress=portalb2b.neosolar.com.br,,,,,"Kit de Energia Solar Off Grid c/ Inv-car - 3,7kWp 100Ah 48/220V Lítio",,,620,6,7.0,3720,17991.4,,,draft,Solar Kit|Neosolar,2,0,6,0,Solar Kit Off-Grid
,,4,48,kits,BRL,Neosolar,NEO-27298,https://portal.zydon.com.br/api/files/c7d66d3a-6362-4897-b1cc-6270b89e876a/content?ingress=portalb2b.neosolar.com.br,,,,,"Kit de Energia Solar Off Grid c/ Inv-car - 5,0kWp 100Ah 48/220V Lítio",,,620,8,4.96,4960,33355.51,,,draft,Solar Kit|Neosolar,4,0,8,0,Solar Kit Off-Grid
,,3,48,kits,BRL,Neosolar,NEO-27297,https://portal.zydon.com.br/api/files/af67ea85-8afd-4126-9734-900b60a6e591/content?ingress=portalb2b.neosolar.com.br,,,,,"Kit de Energia Solar Off Grid c/ Inv-car - 5,0kWp 100Ah 48/220V Lítio",,,620,8,4.96,4960,27362.67,,,draft,Solar Kit|Neosolar,3,0,8,0,Solar Kit Off-Grid
,,3,48,kits,BRL,Neosolar,NEO-27305,https://portal.zydon.com.br/api/files/73a084df-42d0-4e01-b398-21dba1381f3a/content?ingress=portalb2b.neosolar.com.br,,,,,"Kit de Energia Solar Off Grid c/ Inv-car - 5,0kWp 100Ah 48/220V Lítio",,,620,8,4.96,4960,24023.58,,,draft,Solar Kit|Neosolar,3,0,8,0,Solar Kit Off-Grid
,,4,48,kits,BRL,Neosolar,NEO-27306,https://portal.zydon.com.br/api/files/571eec38-74e1-4637-9cfc-7ffc2ba692b6/content?ingress=portalb2b.neosolar.com.br,,,,,"Kit de Energia Solar Off Grid c/ Inv-car - 5,0kWp 100Ah 48/220V Lítio",,,,,0.0,0,28903.4,,,draft,Solar Kit|Neosolar,4,0,0,0,Solar Kit Off-Grid
,,3,48,kits,BRL,Neosolar,NEO-27269,https://portal.zydon.com.br/api/files/59fc8d02-fe75-4490-ad09-2c7f79b8969f/content?ingress=portalb2b.neosolar.com.br,,,,,"Kit de Energia Solar Off Grid c/ Inv-car - 5,0kWp 100Ah 48/220V Lítio",,,620,8,4.96,4960,23953.15,,,draft,Solar Kit|Neosolar,3,0,8,0,Solar Kit Off-Grid
,,2,48,kits,BRL,Neosolar,NEO-27268,https://portal.zydon.com.br/api/files/f5b10be3-8a63-4273-b74b-3dd64022ae96/content?ingress=portalb2b.neosolar.com.br,,,,,"Kit de Energia Solar Off Grid c/ Inv-car - 3,7kWp 100Ah 48/220V Lítio",,,620,6,7.0,3720,17920.96,,,draft,Solar Kit|Neosolar,2,0,6,0,Solar Kit Off-Grid
,,2,48,kits,BRL,Neosolar,NEO-27300,https://portal.zydon.com.br/api/files/e66abee9-8f2d-4bb3-bc19-69e7634afe42/content?ingress=portalb2b.neosolar.com.br,,,,,"Kit de Energia Solar Off Grid c/ Inv-car - 3,7kWp 100Ah 48/220V Lítio",,,620,6,7.0,3720,16923.78,,,draft,Solar Kit|Neosolar,2,0,6,0,Solar Kit Off-Grid
,,4,48,kits,BRL,Neosolar,NEO-27302,https://portal.zydon.com.br/api/files/5b8956da-3ab3-41cd-9d16-5de703e77ed9/content?ingress=portalb2b.neosolar.com.br,,,,,"Kit de Energia Solar Off Grid c/ Inv-car - 5,0kWp 100Ah 48/220V Lítio",,,620,8,4.96,4960,26768.14,,,draft,Solar Kit|Neosolar,4,0,8,0,Solar Kit Off-Grid
,,3,48,kits,BRL,Neosolar,NEO-27301,https://portal.zydon.com.br/api/files/afbe878d-6f59-4248-951b-f2002be431c2/content?ingress=portalb2b.neosolar.com.br,,,,,"Kit de Energia Solar Off Grid c/ Inv-car - 5,0kWp 100Ah 48/220V Lítio",,,620,8,4.96,4960,22422.14,,,draft,Solar Kit|Neosolar,3,0,8,0,Solar Kit Off-Grid
,,2,48,kits,BRL,Neosolar,NEO-27296,https://portal.zydon.com.br/api/files/563ee4c0-edcc-4be2-9205-3feaa5032f26/content?ingress=portalb2b.neosolar.com.br,,,,,"Kit de Energia Solar Off Grid c/ Inv-car - 3,7kWp 100Ah 48/220V Lítio",,,620,6,7.0,3720,20217.47,,,draft,Solar Kit|Neosolar,2,0,6,0,Solar Kit Off-Grid
,,4,48,kits,BRL,Neosolar,NEO-27270,https://portal.zydon.com.br/api/files/adfd0473-7fc7-4450-ae02-888ba94d2c7e/content?ingress=portalb2b.neosolar.com.br,,,,,"Kit de Energia Solar Off Grid c/ Inv-car - 5,0kWp 100Ah 48/220V Lítio",,,620,8,4.96,4960,28832.96,,,draft,Solar Kit|Neosolar,4,0,8,0,Solar Kit Off-Grid
,,2,48,kits,BRL,Neosolar,NEO-27260,https://portal.zydon.com.br/api/files/07e99164-db97-4bac-aff1-b2503b25324a/content?ingress=portalb2b.neosolar.com.br,,,,,"Kit de Energia Solar Off Grid c/ Inv-car - 3,7kWp 100Ah 48/220V Lítio",,,620,6,7.0,3720,20147.03,,,draft,Solar Kit|Neosolar,2,0,6,0,Solar Kit Off-Grid
,,3,48,kits,BRL,Neosolar,NEO-27261,https://portal.zydon.com.br/api/files/9d1f4672-2fbf-4580-888d-1b75b343596d/content?ingress=portalb2b.neosolar.com.br,,,,,"Kit de Energia Solar Off Grid c/ Inv-car - 5,0kWp 100Ah 48/220V Lítio",,,620,8,4.96,4960,27292.24,,,draft,Solar Kit|Neosolar,3,0,8,0,Solar Kit Off-Grid
,,2,48,kits,BRL,Neosolar,NEO-27264,https://portal.zydon.com.br/api/files/1707ae1c-db56-4d8a-9c7d-e75571502132/content?ingress=portalb2b.neosolar.com.br,,,,,"Kit de Energia Solar Off Grid c/ Inv-car - 3,7kWp 100Ah 48/220V Lítio",,,620,6,7.0,3720,16853.34,,,draft,Solar Kit|Neosolar,2,0,6,0,Solar Kit Off-Grid
,,3,48,kits,BRL,Neosolar,NEO-27265,https://portal.zydon.com.br/api/files/db69d46b-d292-4c9d-8408-814f31108a00/content?ingress=portalb2b.neosolar.com.br,,,,,"Kit de Energia Solar Off Grid c/ Inv-car - 5,0kWp 100Ah 48/220V Lítio",,,620,8,4.96,4960,22351.7,,,draft,Solar Kit|Neosolar,3,0,8,0,Solar Kit Off-Grid
,,4,48,kits,BRL,Neosolar,NEO-27262,https://portal.zydon.com.br/api/files/dfa9ce23-9c5e-44d3-b38b-41a7339bc866/content?ingress=portalb2b.neosolar.com.br,,,,,"Kit de Energia Solar Off Grid c/ Inv-car - 5,0kWp 100Ah 48/220V Lítio",,,620,8,4.96,4960,33285.07,,,draft,Solar Kit|Neosolar,4,0,8,0,Solar Kit Off-Grid
,,7,48,kits,BRL,Neosolar,NEO-26701,https://portal.zydon.com.br/api/files/77621f15-e3c5-4ffa-abb6-36d7c8f7dae7/content?ingress=portalb2b.neosolar.com.br,,,,,"Kit de Energia Solar Off Grid c/ Inv-car - 6,2kWp 100Ah 24/220V Lítio (26701)",,,620,10,2.0,6200,0,,,draft,Solar Kit|Neosolar,7,0,10,0,Solar Kit Off-Grid
,,1,12,kits,BRL,Neosolar,NEO-26723,https://portal.zydon.com.br/api/files/97d04123-c3a4-4d99-9480-9b8592c0cb6a/content?ingress=portalb2b.neosolar.com.br,,,,1,Kit Energia Solar Off Grid s/ Inversor - 160Wp 165Ah / 150Ah 12V Estacionária (26723),,,160,1,0.16,160,1563.51,,,draft,Solar Kit|Neosolar,1,1,1,0,Solar Kit Off-Grid
,,1,12,kits,BRL,Neosolar,NEO-25132,https://portal.zydon.com.br/api/files/eef61176-9ca2-4a16-bb62-0de71b8b738d/content?ingress=portalb2b.neosolar.com.br,,,,1,Kit Energia Solar para Starlink - 10h/dia (até 1.280 Wh/dia) - Chumbo (25132),,,320,320,102.4,102400,2470.79,,,draft,Solar Kit|Neosolar,1,1,320,0,Solar Kit Off-Grid
,,1,12,kits,BRL,Neosolar,NEO-25044,https://portal.zydon.com.br/api/files/37894d52-0c9f-4ff8-bc0b-ff7f7527425a/content?ingress=portalb2b.neosolar.com.br,,,,1,Kit Energia Solar Off Grid - 60Wp 45Ah/12V (25044),,,60,1,0.06,60,916.2,,,draft,Solar Kit|Neosolar,1,1,1,0,Solar Kit Off-Grid
,,1,12,kits,BRL,Neosolar,NEO-25045,https://portal.zydon.com.br/api/files/4c1cd2a4-283f-4d91-8836-3ac7071dbb58/content?ingress=portalb2b.neosolar.com.br,,,,1,Kit Energia Solar Off Grid - 100Wp 45Ah/12V (25045),,,100,1,0.1,100,932.16,,,draft,Solar Kit|Neosolar,1,1,1,0,Solar Kit Off-Grid
,,1,12,kits,BRL,Neosolar,NEO-25043,https://portal.zydon.com.br/api/files/7959d3d6-18a3-4766-b2a3-03575b653b2d/content?ingress=portalb2b.neosolar.com.br,,,,1,Kit Energia Solar Off Grid - 30Wp 45Ah/12V (25043),,,30,1,0.03,30,861.47,,,draft,Solar Kit|Neosolar,1,1,1,0,Solar Kit Off-Grid
,,1,12,kits,BRL,Neosolar,NEO-25154,https://portalb2b.neosolar.com.br/b2b-noimage-white.svg,,,,1,Kit Energia Solar Off Grid - 60Wp 45Ah/12V 600W/127V Ztroon,,,60,1,0.06,60,1563.33,,,draft,Solar Kit|Neosolar,1,1,1,0,Solar Kit Off-Grid
,,1,12,kits,BRL,Neosolar,NEO-25156,https://portalb2b.neosolar.com.br/b2b-noimage-white.svg,,,,1,Kit Energia Solar Off Grid - 100Wp 45Ah/12V 600W/127V Ztroon,,,100,1,0.1,100,1579.29,,,draft,Solar Kit|Neosolar,1,1,1,0,Solar Kit Off-Grid
,,2,48,kits,BRL,Neosolar,NEO-26695,https://portal.zydon.com.br/api/files/02f12091-0c0a-451c-8b9a-9d6aa9067b37/content?ingress=portalb2b.neosolar.com.br,,,,,"Kit de Energia Solar Off Grid c/ Inv-car - 3,7kWp 100Ah 24/220V Lítio (26695)",,,620,6,7.0,3720,0,,,draft,Solar Kit|Neosolar,2,0,6,0,Solar Kit Off-Grid
,,1,48,kits,BRL,Neosolar,NEO-26694,https://portal.zydon.com.br/api/files/674821ee-b9a8-4648-9db8-45c2704cf5c1/content?ingress=portalb2b.neosolar.com.br,,,,,"Kit de Energia Solar Off Grid c/ Inv-car - 2,5kWp 100Ah 48/220V Lítio",,,620,4,5.0,2480,0,,,draft,Solar Kit|Neosolar,1,0,4,0,Solar Kit Off-Grid
,,4,48,kits,BRL,Neosolar,NEO-26698,https://portal.zydon.com.br/api/files/95eb91ee-3352-4702-b104-a1bdc66b1c20/content?ingress=portalb2b.neosolar.com.br,,,,,"Kit de Energia Solar Off Grid c/ Inv-car - 3,7kWp 100Ah 24/220V Lítio (26698)",,,620,6,7.0,3720,0,,,draft,Solar Kit|Neosolar,4,0,6,0,Solar Kit Off-Grid
,,5,48,kits,BRL,Neosolar,NEO-26699,https://portal.zydon.com.br/api/files/bc9942ac-abe6-4df5-9309-0106d7e1c7c1/content?ingress=portalb2b.neosolar.com.br,,,,,"Kit de Energia Solar Off Grid c/ Inv-car - 6,2kWp 100Ah 24/220V Lítio (26699)",,,620,10,2.0,6200,0,,,draft,Solar Kit|Neosolar,5,0,10,0,Solar Kit Off-Grid
,,3,48,kits,BRL,Neosolar,NEO-26697,https://portal.zydon.com.br/api/files/3d25b276-df8c-493d-b81e-0198b55c1b66/content?ingress=portalb2b.neosolar.com.br,,,,,"Kit de Energia Solar Off Grid c/ Inv-car - 3,1kWp 100Ah 24/220V Lítio (26697)",,,620,5,1.0,3100,0,,,draft,Solar Kit|Neosolar,3,0,5,0,Solar Kit Off-Grid
,,2,48,kits,BRL,Neosolar,NEO-26696,https://portal.zydon.com.br/api/files/b25025f7-5a76-4353-80bd-8f1b673e0215/content?ingress=portalb2b.neosolar.com.br,,,,,"Kit de Energia Solar Off Grid c/ Inv-car - 1,9kWp 100Ah 24/220V Lítio (26696)",,,620,3,9.0,1860,0,,,draft,Solar Kit|Neosolar,2,0,3,0,Solar Kit Off-Grid
,,6,48,kits,BRL,Neosolar,NEO-26700,https://portal.zydon.com.br/api/files/d2fc71b6-85bd-44bc-b4cb-e66892bc9044/content?ingress=portalb2b.neosolar.com.br,,,,,"Kit de Energia Solar Off Grid c/ Inv-car - 6,2kWp 100Ah 24/220V Lítio (26700)",,,620,10,2.0,6200,0,,,draft,Solar Kit|Neosolar,6,0,10,0,Solar Kit Off-Grid
,,2,12,kits,BRL,Neosolar,NEO-25053,https://portal.zydon.com.br/api/files/cbedc1f2-f5a1-456f-a3f9-45152c6f2ed9/content?ingress=portalb2b.neosolar.com.br,,,,1,Kit Energia Solar Off Grid - 680Wp 220Ah/24V (25053),,,340,2,0.68,680,4624.47,,,draft,Solar Kit|Neosolar,2,1,2,0,Solar Kit Off-Grid
,,1,48,kits,BRL,Neosolar,NEO-26968,https://portal.zydon.com.br/api/files/5e05efaf-e906-478e-aecf-c3449d06dcbd/content?ingress=portalb2b.neosolar.com.br,,,,,"Kit de Energia Solar Off Grid c/ Inv-car - 2,5kWp 100Ah 24/220V Lítio (26968)",,,620,4,5.0,2480,0,,,draft,Solar Kit|Neosolar,1,0,4,0,Solar Kit Off-Grid
,,7,48,kits,BRL,Neosolar,NEO-26991,https://portal.zydon.com.br/api/files/300c2b14-0c93-463c-b01d-45e19c3575dd/content?ingress=portalb2b.neosolar.com.br,,,,,"Kit de Energia Solar Off Grid c/ Inv-car - 6,2kWp 100Ah 24/220V Lítio (26991)",,,620,10,2.0,6200,0,,,draft,Solar Kit|Neosolar,7,0,10,0,Solar Kit Off-Grid
,,7,48,kits,BRL,Neosolar,NEO-26975,https://portal.zydon.com.br/api/files/780b0379-b08d-4364-b78e-98269de37d9d/content?ingress=portalb2b.neosolar.com.br,,,,,"Kit de Energia Solar Off Grid c/ Inv-car - 6,2kWp 100Ah 24/220V Lítio (26975)",,,620,10,2.0,6200,0,,,draft,Solar Kit|Neosolar,7,0,10,0,Solar Kit Off-Grid
,,1,48,kits,BRL,Neosolar,NEO-26984,https://portal.zydon.com.br/api/files/bf81a2d8-46ee-4c08-8e52-264d526dd97c/content?ingress=portalb2b.neosolar.com.br,,,,,"Kit de Energia Solar Off Grid c/ Inv-car - 2,5kWp 100Ah 24/220V Lítio (26984)",,,620,4,5.0,2480,0,,,draft,Solar Kit|Neosolar,1,0,4,0,Solar Kit Off-Grid
,,3,48,kits,BRL,Neosolar,NEO-26971,https://portal.zydon.com.br/api/files/5801b467-d646-498f-8486-895e733d5c49/content?ingress=portalb2b.neosolar.com.br,,,,,"Kit de Energia Solar Off Grid c/ Inv-car - 3,1kWp 100Ah 24/220V Lítio (26971)",,,620,5,1.0,3100,0,,,draft,Solar Kit|Neosolar,3,0,5,0,Solar Kit Off-Grid
,,4,48,kits,BRL,Neosolar,NEO-26972,https://portal.zydon.com.br/api/files/45bae92c-1b7e-4f51-b5fb-30466040b4f4/content?ingress=portalb2b.neosolar.com.br,,,,,"Kit de Energia Solar Off Grid c/ Inv-car - 3,7kWp 100Ah 24/220V Lítio (26972)",,,620,6,7.0,3720,0,,,draft,Solar Kit|Neosolar,4,0,6,0,Solar Kit Off-Grid
,,2,48,kits,BRL,Neosolar,NEO-26969,https://portal.zydon.com.br/api/files/6aac6b46-1e2c-4ab8-96fc-8810e4c94c70/content?ingress=portalb2b.neosolar.com.br,,,,,"Kit de Energia Solar Off Grid c/ Inv-car - 3,7kWp 100Ah 24/220V Lítio (26969)",,,620,6,7.0,3720,0,,,draft,Solar Kit|Neosolar,2,0,6,0,Solar Kit Off-Grid
,,2,48,kits,BRL,Neosolar,NEO-26970,https://portal.zydon.com.br/api/files/a0758e5f-5841-4c29-80a2-cdf86cc835b4/content?ingress=portalb2b.neosolar.com.br,,,,,"Kit de Energia Solar Off Grid c/ Inv-car - 1,9kWp 100Ah 24/220V Lítio (26970)",,,620,3,9.0,1860,0,,,draft,Solar Kit|Neosolar,2,0,3,0,Solar Kit Off-Grid
,,4,48,kits,BRL,Neosolar,NEO-26988,https://portal.zydon.com.br/api/files/89e94cb3-8b98-4184-8358-2a51f2c37b34/content?ingress=portalb2b.neosolar.com.br,,,,,"Kit de Energia Solar Off Grid c/ Inv-car - 3,7kWp 100Ah 24/220V Lítio (26988)",,,620,6,7.0,3720,0,,,draft,Solar Kit|Neosolar,4,0,6,0,Solar Kit Off-Grid
,,3,48,kits,BRL,Neosolar,NEO-26987,https://portal.zydon.com.br/api/files/39524f16-af32-4ab8-a36a-486ed640779a/content?ingress=portalb2b.neosolar.com.br,,,,,"Kit de Energia Solar Off Grid c/ Inv-car - 3,1kWp 100Ah 24/220V Lítio (26987)",,,620,5,1.0,3100,0,,,draft,Solar Kit|Neosolar,3,0,5,0,Solar Kit Off-Grid
,,2,48,kits,BRL,Neosolar,NEO-26986,https://portal.zydon.com.br/api/files/df9282cd-5704-4985-85db-8a8a04479ab7/content?ingress=portalb2b.neosolar.com.br,,,,,"Kit de Energia Solar Off Grid c/ Inv-car - 1,9kWp 100Ah 24/220V Lítio (26986)",,,620,3,9.0,1860,0,,,draft,Solar Kit|Neosolar,2,0,3,0,Solar Kit Off-Grid
,,2,48,kits,BRL,Neosolar,NEO-26985,https://portal.zydon.com.br/api/files/57faf78c-278e-4087-88e2-9deb009f03cf/content?ingress=portalb2b.neosolar.com.br,,,,,"Kit de Energia Solar Off Grid c/ Inv-car - 3,7kWp 100Ah 24/220V Lítio (26985)",,,620,6,7.0,3720,0,,,draft,Solar Kit|Neosolar,2,0,6,0,Solar Kit Off-Grid
,,8,12,kits,BRL,Neosolar,NEO-24435,,,,,,"Kit de Energia Solar Nobreak c/ Inv-car - 3,51kWp 440Ah 48/220V (24435)",,,585,6,51.0,3510,0,,,draft,Solar Kit|Neosolar,8,0,6,0,Solar Kit Off-Grid
,,14,12,kits,BRL,Neosolar,NEO-24767,,,,,,"Kit de Energia Solar Nobreak c/ Inv-car - 4,27kWp 220Ah 24/220V (24767)",,,610,7,27.0,4270,0,,,draft,Solar Kit|Neosolar,14,0,7,0,Solar Kit Off-Grid
,,2,12,kits,BRL,Neosolar,NEO-24763,,,,,,"Kit de Energia Solar Nobreak c/ Inv-car - 1,83kWp 220Ah 24/220V (24763)",,,610,3,83.0,1830,0,,,draft,Solar Kit|Neosolar,2,0,3,0,Solar Kit Off-Grid
,,8,12,kits,BRL,Neosolar,NEO-24765,,,,,,"Kit de Energia Solar Nobreak c/ Inv-car - 2,44kWp 220Ah 24/220V (24765)",,,610,4,44.0,2440,0,,,draft,Solar Kit|Neosolar,8,0,4,0,Solar Kit Off-Grid
,,1,6,kits,BRL,Neosolar,NEO-24773,,,,,,"Kit de Energia Solar Off Grid c/ Inv-car - 1,83kWp 100Ah 24/220V Lítio (24773)",,,610,3,83.0,1830,0,,,draft,Solar Kit|Neosolar,1,0,3,0,Solar Kit Off-Grid
,,2,12,kits,BRL,Neosolar,NEO-24764,,,,,,"Kit de Energia Solar Nobreak c/ Inv-car - 1,83kWp 220Ah 24/220V (24764)",,,610,3,83.0,1830,0,,,draft,Solar Kit|Neosolar,2,0,3,0,Solar Kit Off-Grid
,,4,48,kits,BRL,Neosolar,NEO-24444,,,,,,"Kit de Energia Solar Nobreak c/ Inv-car - 2,17kWp 220Ah 48/220V (24444)",,,435,5,17.0,2175,0,,,draft,Solar Kit|Neosolar,4,0,5,0,Solar Kit Off-Grid
,,2,48,kits,BRL,Neosolar,NEO-22694,,,,,1,Kit Energia Solar Off Grid s/ Inversor - 2.32kWp 200Ah 48V Lítio (22694),,,580,4,2.32,2320,0,,,draft,Solar Kit|Neosolar,2,1,4,0,Solar Kit Off-Grid
,,1,12,kits,BRL,Neosolar,NEO-24119,,,,,1,Kit Energia Solar Off Grid s/ Inversor - 280Wp 220Ah 12V Chumbo (24119),,,280,1,0.28,280,0,,,draft,Solar Kit|Neosolar,1,1,1,0,Solar Kit Off-Grid
,,1,48,kits,BRL,Neosolar,NEO-24556,,,,,1,Kit Energia Solar Off Grid s/ Inversor - 1.17kWp 100Ah 48V Lítio (24556),,,585,2,1.17,1170,0,,,draft,Solar Kit|Neosolar,1,1,2,0,Solar Kit Off-Grid
,,2,48,kits,BRL,Neosolar,NEO-23939,,,,,1,Kit Energia Solar Off Grid s/ Inversor - 2.220Wp 100Ah 48V Lítio (23939),,,555,4,0.22,2220,0,,,draft,Solar Kit|Neosolar,2,1,4,0,Solar Kit Off-Grid
,,2,12,kits,BRL,Neosolar,NEO-23926,,,,,1,Kit Energia Solar Off Grid s/ Inversor - 480Wp 240Ah / 220Ah 12V Estacionária (23926),,,160,3,0.48,480,0,,,draft,Solar Kit|Neosolar,2,1,3,0,Solar Kit Off-Grid
,,2,12,kits,BRL,Neosolar,NEO-23932,,,,,1,Kit Energia Solar Off Grid s/ Inversor - 480Wp 240Ah / 220Ah 12V Estacionária (23932),,,160,3,0.48,480,0,,,draft,Solar Kit|Neosolar,2,1,3,0,Solar Kit Off-Grid
,,1,12,kits,BRL,Neosolar,NEO-24165,,,,,1,Kit Energia Solar Off Grid s/ Inversor - 320Wp 240Ah / 220Ah 12V Estacionária (23931),,,160,2,0.32,320,0,,,draft,Solar Kit|Neosolar,1,1,2,0,Solar Kit Off-Grid
,,4,12,kits,BRL,Neosolar,NEO-23936,,,,,1,Kit Energia Solar Off Grid s/ Inversor - 1.120Wp 240Ah / 220Ah 12V Estacionária (23936),,,160,7,0.12,1120,0,,,draft,Solar Kit|Neosolar,4,1,7,0,Solar Kit Off-Grid
,,2,48,kits,BRL,Neosolar,NEO-23938,,,,,1,Kit Energia Solar Off Grid s/ Inversor - 1.170Wp 105Ah 48V Lítio (23938),,,585,2,0.17,1170,0,,,draft,Solar Kit|Neosolar,2,1,2,0,Solar Kit Off-Grid
,,2,12,kits,BRL,Neosolar,NEO-22657,,,,,1,Kit Energia Solar Off Grid s/ Inversor - 330Wp 440Ah 12V Chumbo (22657),,,330,1,0.33,330,0,,,draft,Solar Kit|Neosolar,2,1,1,0,Solar Kit Off-Grid
,,1,12,kits,BRL,Neosolar,NEO-22656,,,,,1,Kit Energia Solar Off Grid s/ Inversor - 330Wp 220Ah 12V Chumbo (22656),,,330,1,0.33,330,0,,,draft,Solar Kit|Neosolar,1,1,1,0,Solar Kit Off-Grid
,,4,12,kits,BRL,Neosolar,NEO-22654,,,,,1,Kit Energia Solar Off Grid s/ Inversor - 560Wp 440Ah 24V Chumbo (22654),,,280,2,0.56,560,0,,,draft,Solar Kit|Neosolar,4,1,2,0,Solar Kit Off-Grid
,,2,12,kits,BRL,Neosolar,NEO-22653,,,,,1,Kit Energia Solar Off Grid s/ Inversor - 560Wp 220Ah 24V Chumbo (22653),,,280,2,0.56,560,0,,,draft,Solar Kit|Neosolar,2,1,2,0,Solar Kit Off-Grid
,,1,12,kits,BRL,Neosolar,NEO-22649,,,,,1,Kit Energia Solar Off Grid s/ Inversor - 280Wp 220Ah 12V Chumbo (22649),,,280,1,0.28,280,0,,,draft,Solar Kit|Neosolar,1,1,1,0,Solar Kit Off-Grid
,,4,12,kits,BRL,Neosolar,NEO-22631,,,,,1,Kit Energia Solar Off Grid s/ Inversor - 660Wp 300Ah 24V Chumbo (22631),,,330,2,0.66,660,0,,,draft,Solar Kit|Neosolar,4,1,2,0,Solar Kit Off-Grid
,,6,12,kits,BRL,Neosolar,NEO-22668,,,,,1,Kit Energia Solar Off Grid s/ Inversor - 1.12kWp 660Ah 24V Chumbo (22668),,,280,4,1.12,1120,0,,,draft,Solar Kit|Neosolar,6,1,4,0,Solar Kit Off-Grid
,,2,12,kits,BRL,Neosolar,NEO-22629,,,,,1,Kit Energia Solar Off Grid s/ Inversor - 330Wp 150Ah 24V Chumbo (22629),,,330,1,0.33,330,0,,,draft,Solar Kit|Neosolar,2,1,1,0,Solar Kit Off-Grid
,,6,48,kits,BRL,Neosolar,NEO-24551,,,,,,"Kit de Energia Solar Off Grid c/ Inv-car - 5,85kWp 600Ah 48/220V Lítio (24551)",,,585,10,85.0,5850,0,,,draft,Solar Kit|Neosolar,6,0,10,0,Solar Kit Off-Grid
,,4,48,kits,BRL,Neosolar,NEO-24553,,,,,,"Kit de Energia Solar Off Grid c/ Inv-car - 3,48kWp 400Ah 48/220V Lítio",,,435,8,48.0,3480,0,,,draft,Solar Kit|Neosolar,4,0,8,0,Solar Kit Off-Grid
,,8,48,kits,BRL,Neosolar,NEO-24615,,,,,,"Kit de Energia Solar Nobreak c/ Inv-car - 3,05kWp 440Ah 48/220V (24615)",,,435,7,5.0,3045,0,,,draft,Solar Kit|Neosolar,8,0,7,0,Solar Kit Off-Grid
,,2,48,kits,BRL,Neosolar,NEO-24549,,,,,,"Kit de Energia Solar Nobreak c/ Inv-car - 3,51kWp 200Ah 48/220V Lítio",,,585,6,51.0,3510,0,,,draft,Solar Kit|Neosolar,2,0,6,0,Solar Kit Off-Grid
,,12,12,kits,BRL,Neosolar,NEO-24758,,,,,,"Kit de Energia Solar Nobreak c/ Inv-car - 3,05kWp 220Ah 48/220V (24758)",,,610,5,5.0,3050,0,,,draft,Solar Kit|Neosolar,12,0,5,0,Solar Kit Off-Grid
,,4,12,kits,BRL,Neosolar,NEO-24756,,,,,,"Kit de Energia Solar Nobreak c/ Inv-car - 2,44kWp 220Ah 48/220V (24756)",,,610,4,44.0,2440,0,,,draft,Solar Kit|Neosolar,4,0,4,0,Solar Kit Off-Grid
,,4,12,kits,BRL,Neosolar,NEO-24757,,,,,,"Kit de Energia Solar Nobreak c/ Inv-car - 2,44kWp 220Ah 48/220V (24757)",,,610,4,44.0,2440,0,,,draft,Solar Kit|Neosolar,4,0,4,0,Solar Kit Off-Grid
,,1,48,kits,BRL,Neosolar,NEO-24760,,,,,,"Kit de Energia Solar Off Grid c/ Inv-car - 2,44kWp 100Ah 48/220V Lítio (24760)",,,610,4,44.0,2440,0,,,draft,Solar Kit|Neosolar,1,0,4,0,Solar Kit Off-Grid
,,12,48,kits,BRL,Neosolar,NEO-24448,,,,,,"Kit de Energia Solar Off Grid c/ Inversor Carregador - 2,61kWp 660Ah 48/220V (24448)",,,435,6,61.0,2610,0,,,draft,Solar Kit|Neosolar,12,0,6,0,Solar Kit Off-Grid
,,8,48,kits,BRL,Neosolar,NEO-24445,,,,,,"Kit de Energia Solar Nobreak c/ Inversor Carregador - 3,48kWp 440Ah 48/220V (24445)",,,435,8,48.0,3480,0,,,draft,Solar Kit|Neosolar,8,0,8,0,Solar Kit Off-Grid
,,8,12,kits,BRL,Neosolar,NEO-24436,,,,,,"Kit de Energia Solar Nobreak c/ Inv-car - 3,51kWp 440Ah 48/220V (24436)",,,585,6,51.0,3510,0,,,draft,Solar Kit|Neosolar,8,0,6,0,Solar Kit Off-Grid
,,12,12,kits,BRL,Neosolar,NEO-24437,,,,,,"Kit de Energia Solar Off Grid c/ Inv-car - 2,93kWp 660Ah 48/220V (24437)",,,585,5,93.0,2925,0,,,draft,Solar Kit|Neosolar,12,0,5,0,Solar Kit Off-Grid
,,4,12,kits,BRL,Neosolar,NEO-22680,,,,,1,Kit Energia Solar Off Grid s/ Inversor - 1.16kWp 440Ah 24V Chumbo (22680),,,580,2,1.16,1160,0,,,draft,Solar Kit|Neosolar,4,1,2,0,Solar Kit Off-Grid
,,6,12,kits,BRL,Neosolar,NEO-22681,,,,,1,Kit Energia Solar Off Grid s/ Inversor - 1.16kWp 660Ah 24V Chumbo (22681),,,580,2,1.16,1160,0,,,draft,Solar Kit|Neosolar,6,1,2,0,Solar Kit Off-Grid
,,2,12,kits,BRL,Neosolar,NEO-22672,,,,,1,Kit Energia Solar Off Grid s/ Inversor - 660Wp 220Ah 24V Chumbo (22672),,,330,2,0.66,660,0,,,draft,Solar Kit|Neosolar,2,1,2,0,Solar Kit Off-Grid
,,2,12,kits,BRL,Neosolar,NEO-22660,,,,,1,Kit Energia Solar Off Grid s/ Inversor - 330Wp 200Ah 12V Lítio (22660),,,330,1,0.33,330,0,,,draft,Solar Kit|Neosolar,2,1,1,0,Solar Kit Off-Grid
,,1,6,kits,BRL,Neosolar,NEO-25175,,,,,1,Kit Energia Solar Off Grid - 610Wp 100Ah/24V Lítio 2000W/220V Ztroon,,,610,1,0.61,610,0,,,draft,Solar Kit|Neosolar,1,1,1,0,Solar Kit Off-Grid
,,1,6,kits,BRL,Neosolar,NEO-25174,,,,,1,Kit Energia Solar Off Grid - 610Wp 100Ah/24V Lítio 2000W/127V Ztroon,,,610,1,0.61,610,0,,,draft,Solar Kit|Neosolar,1,1,1,0,Solar Kit Off-Grid
,,4,48,kits,BRL,Neosolar,NEO-24810,,,,,,"Kit de Energia Solar Off Grid c/ Inv-car - 3,48kWp 400Ah 48/220V Litio (24810)",,,435,8,48.0,3480,0,,,draft,Solar Kit|Neosolar,4,0,8,0,Solar Kit Off-Grid
,,5,48,kits,BRL,Neosolar,NEO-24554,,,,,,"Kit de Energia Solar Off Grid c/ Inv-car - 5,22kWp 500Ah 48/220V Lítio",,,435,12,22.0,5220,0,,,draft,Solar Kit|Neosolar,5,0,12,0,Solar Kit Off-Grid
,,1,6,kits,BRL,Neosolar,NEO-25177,,,,,1,Kit Energia Solar Off Grid - 610Wp 100Ah/24V Lítio 2000W/220V Epever,,,610,1,0.61,610,0,,,draft,Solar Kit|Neosolar,1,1,1,0,Solar Kit Off-Grid
,,1,6,kits,BRL,Neosolar,NEO-25172,,,,,1,Kit Energia Solar Off Grid - 610Wp 100Ah/24V Lítio 1000W/127V Ztroon,,,610,1,0.61,610,0,,,draft,Solar Kit|Neosolar,1,1,1,0,Solar Kit Off-Grid
,,1,6,kits,BRL,Neosolar,NEO-25173,,,,,1,Kit Energia Solar Off Grid - 610Wp 100Ah/24V Lítio 1000W/220V Ztroon,,,610,1,0.61,610,0,,,draft,Solar Kit|Neosolar,1,1,1,0,Solar Kit Off-Grid
,,8,48,kits,BRL,Neosolar,NEO-24616,,,,,,"Kit de Energia Solar Nobreak c/ Inv-car - 3,05kWp 440Ah 48/220V (24616)",,,435,7,5.0,3045,0,,,draft,Solar Kit|Neosolar,8,0,7,0,Solar Kit Off-Grid
,,4,48,kits,BRL,Neosolar,NEO-24614,,,,,,"Kit de Energia Solar Nobreak c/ Inv-car - 1,74kWp 220Ah 48/220V (24614)",,,435,4,74.0,1740,0,,,draft,Solar Kit|Neosolar,4,0,4,0,Solar Kit Off-Grid
,,1,48,kits,BRL,Neosolar,NEO-24617,,,,,,"Kit de Energia Solar Nobreak c/ Inv-car - 1,74kWp 100Ah 48/220V Lítio",,,435,4,74.0,1740,0,,,draft,Solar Kit|Neosolar,1,0,4,0,Solar Kit Off-Grid
,,4,48,kits,BRL,Neosolar,NEO-24613,,,,,,"Kit de Energia Solar Nobreak c/ Inv-car - 1,74kWp 220Ah 48/220V (24613)",,,435,4,74.0,1740,0,,,draft,Solar Kit|Neosolar,4,0,4,0,Solar Kit Off-Grid
,,8,12,kits,BRL,Neosolar,NEO-24622,,,,,,"Kit de Energia Solar Off Grid c/ Inv-car - 2,61kWp 880Ah 24/220V",,,435,6,61.0,2610,0,,,draft,Solar Kit|Neosolar,8,0,6,0,Solar Kit Off-Grid
,,12,12,kits,BRL,Neosolar,NEO-24438,,,,,,"Kit de Energia Solar Off Grid c/ Inv-car - 2,93kWp 660Ah 48/220V (24438)",,,585,5,93.0,2925,0,,,draft,Solar Kit|Neosolar,12,0,5,0,Solar Kit Off-Grid
,,2,48,kits,BRL,Neosolar,NEO-25200,,,,,1,"Kit Energia Solar Off Grid - 2,44kWp 105Ah/48V Lítio 2000W/127V Epever",,,610,4,44.0,2440,0,,,draft,Solar Kit|Neosolar,2,1,4,0,Solar Kit Off-Grid
,,2,48,kits,BRL,Neosolar,NEO-25201,,,,,1,"Kit Energia Solar Off Grid - 2,44kWp 105Ah/48V Lítio 2000W/220V Epever",,,610,4,44.0,2440,0,,,draft,Solar Kit|Neosolar,2,1,4,0,Solar Kit Off-Grid
,,1,48,kits,BRL,Neosolar,NEO-25197,,,,,1,"Kit Energia Solar Off Grid - 1,22kWp 105Ah/48V Lítio 2000W/220V Epever",,,610,2,22.0,1220,0,,,draft,Solar Kit|Neosolar,1,1,2,0,Solar Kit Off-Grid
,,1,48,kits,BRL,Neosolar,NEO-25196,,,,,1,"Kit Energia Solar Off Grid - 1,22kWp 105Ah/48V Lítio 2000W/127V Epever",,,610,2,22.0,1220,0,,,draft,Solar Kit|Neosolar,1,1,2,0,Solar Kit Off-Grid
,,1,48,kits,BRL,Neosolar,NEO-25198,,,,,1,"Kit Energia Solar Off Grid - 1,74kWp 105Ah/48V Lítio 2000W/127V Epever",,,435,4,74.0,1740,9864.46,,,draft,Solar Kit|Neosolar,1,1,4,0,Solar Kit Off-Grid
,,1,48,kits,BRL,Neosolar,NEO-25199,,,,,1,"Kit Energia Solar Off Grid - 1,74kWp 105Ah/48V Lítio 2000W/220V Epever",,,435,4,74.0,1740,9864.46,,,draft,Solar Kit|Neosolar,1,1,4,0,Solar Kit Off-Grid
,,4,12,kits,BRL,Neosolar,NEO-22667,,,,,1,Kit Energia Solar Off Grid s/ Inversor - 1.16kWp 440Ah 24V Chumbo (22667),,,580,2,1.16,1160,0,,,draft,Solar Kit|Neosolar,4,1,2,0,Solar Kit Off-Grid
,,2,12,kits,BRL,Neosolar,NEO-22678,,,,,1,Kit Energia Solar Off Grid s/ Inversor - 580Wp 440Ah 12V Chumbo (22678),,,580,1,0.58,580,0,,,draft,Solar Kit|Neosolar,2,1,1,0,Solar Kit Off-Grid
,,4,12,kits,BRL,Neosolar,NEO-22674,,,,,1,Kit Energia Solar Off Grid s/ Inversor - 1.38kWp 220Ah 48V Chumbo (22674),,,460,3,1.38,1380,0,,,draft,Solar Kit|Neosolar,4,1,3,0,Solar Kit Off-Grid
,,8,12,kits,BRL,Neosolar,NEO-22648,,,,,1,Kit Energia Solar Off Grid s/ Inversor - 1.98kWp 880Ah 24V Chumbo (22648),,,330,6,1.98,1980,0,,,draft,Solar Kit|Neosolar,8,1,6,0,Solar Kit Off-Grid
,,4,12,kits,BRL,Neosolar,NEO-22673,,,,,1,Kit Energia Solar Off Grid s/ Inversor - 660Wp 440Ah 24V Chumbo (22673),,,330,2,0.66,660,0,,,draft,Solar Kit|Neosolar,4,1,2,0,Solar Kit Off-Grid
,,1,12,kits,BRL,Neosolar,NEO-22670,,,,,1,Kit Energia Solar Off Grid s/ Inversor - 330Wp 220Ah 12V Chumbo (22670),,,330,1,0.33,330,0,,,draft,Solar Kit|Neosolar,1,1,1,0,Solar Kit Off-Grid
,,2,48,kits,BRL,Neosolar,NEO-22688,,,,,1,Kit Energia Solar Off Grid s/ Inversor - 2.32kWp 200Ah 48V Lítio (22688),,,580,4,2.32,2320,0,,,draft,Solar Kit|Neosolar,2,1,4,0,Solar Kit Off-Grid
,,2,48,kits,BRL,Neosolar,NEO-22687,,,,,1,Kit Energia Solar Off Grid s/ Inversor - 1.16kWp 200Ah 48V Lítio (22687),,,580,2,1.16,1160,0,,,draft,Solar Kit|Neosolar,2,1,2,0,Solar Kit Off-Grid
,,6,12,kits,BRL,Neosolar,NEO-22647,,,,,1,Kit Energia Solar Off Grid s/ Inversor - 1.65kWp 660Ah 24V Chumbo (22647),,,330,5,1.65,1650,0,,,draft,Solar Kit|Neosolar,6,1,5,0,Solar Kit Off-Grid
,,5,48,kits,BRL,Neosolar,NEO-24811,,,,,,"Kit de Energia Solar Off Grid c/ Inv-car - 5,22kWp 500Ah 48/220V Litio (24811)",,,435,12,22.0,5220,0,,,draft,Solar Kit|Neosolar,5,0,12,0,Solar Kit Off-Grid
,,1,48,kits,BRL,Neosolar,NEO-24552,,,,,,"Kit de Energia Solar Nobreak c/ Inv-car - 2,17kWp 100Ah 48/220V Lítio",,,435,5,17.0,2175,0,,,draft,Solar Kit|Neosolar,1,0,5,0,Solar Kit Off-Grid
,,1,48,kits,BRL,Neosolar,NEO-24808,,,,,,"Kit de Energia Solar Nobreak c/ Inv-car - 2,18kWp 100Ah 48/220V Litio (24808)",,,435,5,18.0,2175,0,,,draft,Solar Kit|Neosolar,1,0,5,0,Solar Kit Off-Grid
,,4,6,kits,BRL,Neosolar,NEO-24774,,,,,,"Kit de Energia Solar Off Grid c/ Inv-car - 2,44kWp 100Ah 24/220V Lítio (24774)",,,610,4,44.0,2440,0,,,draft,Solar Kit|Neosolar,4,0,4,0,Solar Kit Off-Grid
,,5,48,kits,BRL,Neosolar,NEO-24814,,,,,,"Kit de Energia Solar Off Grid c/ Inv-car - 6,1kWp 100Ah 48/220V Lítio (24814)",,,610,10,1.0,6100,0,,,draft,Solar Kit|Neosolar,5,0,10,0,Solar Kit Off-Grid
,,1,48,kits,BRL,Neosolar,NEO-24812,,,,,,"Kit de Energia Solar Off Grid c/ Inv-car - 2,44kWp 100Ah 48/220V Lítio (24812)",,,610,4,44.0,2440,0,,,draft,Solar Kit|Neosolar,1,0,4,0,Solar Kit Off-Grid
,,2,48,kits,BRL,Neosolar,NEO-24809,,,,,,"Kit de Energia Solar Off Grid c/ Inv-car - 1,74kWp 200Ah 48/220V Litio (24809)",,,435,4,74.0,1740,0,,,draft,Solar Kit|Neosolar,2,0,4,0,Solar Kit Off-Grid
,,8,48,kits,BRL,Neosolar,NEO-24446,,,,,,"Kit de Energia Solar Nobreak c/ Inversor Carregador - 3,48kWp 440Ah 48/220V (24446)",,,435,8,48.0,3480,0,,,draft,Solar Kit|Neosolar,8,0,8,0,Solar Kit Off-Grid
,,8,12,kits,BRL,Neosolar,NEO-24623,,,,,,"Kit de Energia Solar Off Grid c/ Inv-car - 2,61kWp 880Ah 24/220V",,,435,6,61.0,2610,0,,,draft,Solar Kit|Neosolar,8,0,6,0,Solar Kit Off-Grid
,,2,48,kits,BRL,Neosolar,NEO-24813,,,,,,"Kit de Energia Solar Off Grid c/ Inv-car - 1,83kWp 100Ah 48/220V Lítio (24813)",,,610,3,83.0,1830,0,,,draft,Solar Kit|Neosolar,2,0,3,0,Solar Kit Off-Grid
,,14,12,kits,BRL,Neosolar,NEO-24768,,,,,,"Kit de Energia Solar Nobreak c/ Inv-car - 4,27kWp 220Ah 24/220V (24768)",,,610,7,27.0,4270,0,,,draft,Solar Kit|Neosolar,14,0,7,0,Solar Kit Off-Grid
,,12,12,kits,BRL,Neosolar,NEO-24759,,,,,,"Kit de Energia Solar Nobreak c/ Inv-car - 3,05kWp 220Ah 48/220V (24759)",,,610,5,5.0,3050,0,,,draft,Solar Kit|Neosolar,12,0,5,0,Solar Kit Off-Grid
,,8,12,kits,BRL,Neosolar,NEO-24766,,,,,,"Kit de Energia Solar Nobreak c/ Inv-car - 2,44kWp 220Ah 24/220V (24766)",,,610,4,44.0,2440,0,,,draft,Solar Kit|Neosolar,8,0,4,0,Solar Kit Off-Grid
,,2,48,kits,BRL,Neosolar,NEO-24761,,,,,,"Kit de Energia Solar Off Grid c/ Inv-car - 1,83kWp 100Ah 48/220V Lítio (24761)",,,610,3,83.0,1830,0,,,draft,Solar Kit|Neosolar,2,0,3,0,Solar Kit Off-Grid
,,2,48,kits,BRL,Neosolar,NEO-24618,,,,,,"Kit de Energia Solar Nobreak c/ Inv-car - 3,05kWp 200Ah 48/220V Lítio (24618)",,,435,7,5.0,3045,0,,,draft,Solar Kit|Neosolar,2,0,7,0,Solar Kit Off-Grid
,,1,48,kits,BRL,Neosolar,NEO-24548,,,,,,"Kit de Energia Solar Nobreak c/ Inv-car - 2,34kWp 100Ah 48/220V Lítio",,,585,4,34.0,2340,0,,,draft,Solar Kit|Neosolar,1,0,4,0,Solar Kit Off-Grid
,,3,48,kits,BRL,Neosolar,NEO-24550,,,,,,"Kit de Energia Solar Off Grid c/ Inv-car - 2,93kWp 300Ah 48/220V Lítio",,,585,5,93.0,2925,0,,,draft,Solar Kit|Neosolar,3,0,5,0,Solar Kit Off-Grid
,,12,12,kits,BRL,Neosolar,NEO-22683,,,,,1,Kit Energia Solar Off Grid s/ Inversor - 2.32kWp 660Ah 48V Chumbo (22683),,,580,4,2.32,2320,0,,,draft,Solar Kit|Neosolar,12,1,4,0,Solar Kit Off-Grid
,,2,12,kits,BRL,Neosolar,NEO-24308,,,,,1,Kit Energia Solar Off Grid s/ Inversor - 560Wp 220Ah 24V Chumbo (22653),,,280,2,0.56,560,0,,,draft,Solar Kit|Neosolar,2,1,2,0,Solar Kit Off-Grid
,,1,12,kits,BRL,Neosolar,NEO-23925,,,,,1,Kit Energia Solar Off Grid s/ Inversor - 320Wp 240Ah / 220Ah 12V Estacionária (23925),,,160,2,0.32,320,0,,,draft,Solar Kit|Neosolar,1,1,2,0,Solar Kit Off-Grid
,,1,12,kits,BRL,Neosolar,NEO-24317,,,,,1,Kit Energia Solar Off Grid s/ Inversor - 160Wp 165Ah / 150Ah 12V Estacionária (24317),,,160,1,0.16,160,0,,,draft,Solar Kit|Neosolar,1,1,1,0,Solar Kit Off-Grid
,,1,12,kits,BRL,Neosolar,NEO-23931,,,,,1,Kit Energia Solar Off Grid s/ Inversor - 320Wp 240Ah / 220Ah 12V Estacionária (23931),,,160,2,0.32,320,0,,,draft,Solar Kit|Neosolar,1,1,2,0,Solar Kit Off-Grid
,,3,12,kits,BRL,Neosolar,NEO-23935,,,,,1,Kit Energia Solar Off Grid s/ Inversor - 960Wp 240Ah / 220Ah 12V Estacionária (23935),,,160,6,0.96,960,0,,,draft,Solar Kit|Neosolar,3,1,6,0,Solar Kit Off-Grid
,,3,12,kits,BRL,Neosolar,NEO-23934,,,,,1,Kit Energia Solar Off Grid s/ Inversor - 800Wp 240Ah / 220Ah 12V Estacionária (23934),,,160,5,0.8,800,0,,,draft,Solar Kit|Neosolar,3,1,5,0,Solar Kit Off-Grid
,,1,12,kits,BRL,Neosolar,NEO-23922,,,,,1,Kit Energia Solar Off Grid s/ Inversor - 60Wp 115/105h 12V Estacionária (23922),,,60,1,0.06,60,0,,,draft,Solar Kit|Neosolar,1,1,1,0,Solar Kit Off-Grid
,,2,12,kits,BRL,Neosolar,NEO-22636,,,,,1,Kit Energia Solar Off Grid s/ Inversor - 330Wp 150Ah 24V Chumbo (22636),,,330,1,0.33,330,0,,,draft,Solar Kit|Neosolar,2,1,1,0,Solar Kit Off-Grid
,,4,12,kits,BRL,Neosolar,NEO-22641,,,,,1,Kit Energia Solar Off Grid s/ Inversor - 990Wp 440Ah 24V Chumbo (22641),,,330,3,0.99,990,0,,,draft,Solar Kit|Neosolar,4,1,3,0,Solar Kit Off-Grid
,,2,12,kits,BRL,Neosolar,NEO-22639,,,,,1,Kit Energia Solar Off Grid s/ Inversor - 660Wp 220Ah 24V Chumbo (22639),,,330,2,0.66,660,0,,,draft,Solar Kit|Neosolar,2,1,2,0,Solar Kit Off-Grid
,,6,12,kits,BRL,Neosolar,NEO-22644,,,,,1,Kit Energia Solar Off Grid s/ Inversor - 1.32kWp 660Ah 24V Chumbo (22644),,,330,4,1.32,1320,0,,,draft,Solar Kit|Neosolar,6,1,4,0,Solar Kit Off-Grid
,,4,12,kits,BRL,Neosolar,NEO-22662,,,,,1,Kit Energia Solar Off Grid s/ Inversor - 660Wp 440Ah 24V Chumbo (22662),,,330,2,0.66,660,0,,,draft,Solar Kit|Neosolar,4,1,2,0,Solar Kit Off-Grid
,,2,12,kits,BRL,Neosolar,NEO-22661,,,,,1,Kit Energia Solar Off Grid s/ Inversor - 660Wp 220Ah 24V Chumbo (22661),,,330,2,0.66,660,0,,,draft,Solar Kit|Neosolar,2,1,2,0,Solar Kit Off-Grid
,,2,12,kits,BRL,Neosolar,NEO-22650,,,,,1,Kit Energia Solar Off Grid s/ Inversor - 280Wp 440Ah 12V Chumbo (22650),,,280,1,0.28,280,0,,,draft,Solar Kit|Neosolar,2,1,1,0,Solar Kit Off-Grid
,,2,12,kits,BRL,Neosolar,NEO-22632,,,,,1,Kit Energia Solar Off Grid s/ Inversor - 660Wp 220Ah 24V Chumbo (22632),,,330,2,0.66,660,0,,,draft,Solar Kit|Neosolar,2,1,2,0,Solar Kit Off-Grid
,,3,12,kits,BRL,Neosolar,NEO-22664,,,,,1,Kit Energia Solar Off Grid s/ Inversor - 560Wp 660Ah 12V Chumbo (22664),,,280,2,0.56,560,0,,,draft,Solar Kit|Neosolar,3,1,2,0,Solar Kit Off-Grid
,,4,12,kits,BRL,Neosolar,NEO-24434,,,,,,"Kit de Energia Solar Nobreak c/ Inv-car - 2,34kWp 220Ah 48/220V (24434)",,,585,4,34.0,2340,0,,,draft,Solar Kit|Neosolar,4,0,4,0,Solar Kit Off-Grid
,,4,6,kits,BRL,Neosolar,NEO-24625,,,,,,"Kit de Energia Solar Off Grid c/ Inv-car - 2,18kWp 400Ah 24/220V Lítio",,,435,5,18.0,2175,0,,,draft,Solar Kit|Neosolar,4,0,5,0,Solar Kit Off-Grid
,,12,48,kits,BRL,Neosolar,NEO-24447,,,,,,"Kit de Energia Solar Off Grid c/ Inversor Carregador - 2,61kWp 660Ah 48/220V (24447)",,,435,6,61.0,2610,0,,,draft,Solar Kit|Neosolar,12,0,6,0,Solar Kit Off-Grid
,,3,48,kits,BRL,Neosolar,NEO-24619,,,,,,"Kit de Energia Solar Off Grid c/ Inv-car - 2,61kWp 300Ah 48/220V Lítio (24619)",,,435,6,61.0,2610,0,,,draft,Solar Kit|Neosolar,3,0,6,0,Solar Kit Off-Grid
,,2,12,kits,BRL,Neosolar,NEO-24621,,,,,,"Kit de Energia Solar Nobreak c/ Inv-car - 1,74kWp 220Ah 24/220V",,,435,4,74.0,1740,0,,,draft,Solar Kit|Neosolar,2,0,4,0,Solar Kit Off-Grid
,,4,12,kits,BRL,Neosolar,NEO-24433,,,,,,"Kit de Energia Solar Nobreak c/ Inv-car - 2,34kWp 220Ah 48/220V (24433)",,,585,4,34.0,2340,0,,,draft,Solar Kit|Neosolar,4,0,4,0,Solar Kit Off-Grid
,,5,48,kits,BRL,Neosolar,NEO-24762,,,,,,"Kit de Energia Solar Off Grid c/ Inv-car - 6,1kWp 100Ah 48/220V Lítio (24762)",,,610,10,1.0,6100,0,,,draft,Solar Kit|Neosolar,5,0,10,0,Solar Kit Off-Grid
,,1,12,kits,BRL,Neosolar,NEO-22659,,,,,1,Kit Energia Solar Off Grid s/ Inversor - 330Wp 100Ah 12V Lítio (22659),,,330,1,0.33,330,0,,,draft,Solar Kit|Neosolar,1,1,1,0,Solar Kit Off-Grid
,,2,48,kits,BRL,Neosolar,NEO-25058,,,,,1,"Kit Energia Solar Off Grid - 2,44kWp 105Ah/48V Lítio (25058)",,,610,4,44.0,2440,0,,,draft,Solar Kit|Neosolar,2,1,4,0,Solar Kit Off-Grid
,,3,48,kits,BRL,Neosolar,NEO-22695,,,,,1,Kit Energia Solar Off Grid s/ Inversor - 2.32kWp 300Ah 48V Lítio (22695),,,580,4,2.32,2320,0,,,draft,Solar Kit|Neosolar,3,1,4,0,Solar Kit Off-Grid
,,2,48,kits,BRL,Neosolar,NEO-22693,,,,,1,Kit Energia Solar Off Grid s/ Inversor - 1.16kWp 200Ah 48V Lítio (22693),,,580,2,1.16,1160,0,,,draft,Solar Kit|Neosolar,2,1,2,0,Solar Kit Off-Grid
,,1,48,kits,BRL,Neosolar,NEO-22686,,,,,1,Kit Energia Solar Off Grid s/ Inversor - 1.16kWp 100Ah 48V Lítio (22686),,,580,2,1.16,1160,0,,,draft,Solar Kit|Neosolar,1,1,2,0,Solar Kit Off-Grid
,,1,48,kits,BRL,Neosolar,NEO-25057,,,,,1,"Kit Energia Solar Off Grid - 1,74kWp 105Ah/48V Lítio (25057)",,,435,4,74.0,1740,7529.05,,,draft,Solar Kit|Neosolar,1,1,4,0,Solar Kit Off-Grid
,,1,48,kits,BRL,Neosolar,NEO-25056,,,,,1,"Kit Energia Solar Off Grid - 1,22kWp 105Ah/48V Lítio (25056)",,,610,2,22.0,1220,0,,,draft,Solar Kit|Neosolar,1,1,2,0,Solar Kit Off-Grid
,,2,12,kits,BRL,Neosolar,NEO-25054,,,,,1,Kit Energia Solar Off Grid - 870Wp 220Ah/24V (25054),,,435,2,0.87,870,0,,,draft,Solar Kit|Neosolar,2,1,2,0,Solar Kit Off-Grid
,,1,6,kits,BRL,Neosolar,NEO-25051,,,,,1,Kit Energia Solar Off Grid - 610Wp 100Ah/24V Lítio (25051),,,610,1,0.61,610,5605.06,,,draft,Solar Kit|Neosolar,1,1,1,0,Solar Kit Off-Grid
,,2,12,kits,BRL,Neosolar,NEO-25052,,,,,1,Kit Energia Solar Off Grid - 435Wp 300Ah/12V (25052),,,435,1,0.43,435,0,,,draft,Solar Kit|Neosolar,2,1,1,0,Solar Kit Off-Grid
,,1,12,kits,BRL,Neosolar,NEO-25046,https://portal.zydon.com.br/api/files/7b6f0b2b-afd9-4fa1-8956-5e84a158ca26/content?ingress=portalb2b.neosolar.com.br,,,,1,Kit Energia Solar Off Grid - 160Wp 105Ah/12V (25046),,,160,1,0.16,160,1423.43,,,draft,Solar Kit|Neosolar,1,1,1,0,Solar Kit Off-Grid
,,2,48,kits,BRL,Neosolar,NEO-22691,https://portal.zydon.com.br/api/files/48e603cd-6d4c-4263-ba93-96468c7f7cd1/content?ingress=portalb2b.neosolar.com.br,,,,1,Kit Energia Solar Off Grid s/ Inversor - 1.38kWp 200Ah 48V Lítio (22691),,,460,3,1.38,1380,0,,,draft,Solar Kit|Neosolar,2,1,3,0,Solar Kit Off-Grid
,,1,48,kits,BRL,Neosolar,NEO-22690,https://portal.zydon.com.br/api/files/6718996f-f280-43a1-ae3e-0ec159034560/content?ingress=portalb2b.neosolar.com.br,,,,1,Kit Energia Solar Off Grid s/ Inversor - 1.38kWp 100Ah 48V Lítio (22690),,,460,3,1.38,1380,0,,,draft,Solar Kit|Neosolar,1,1,3,0,Solar Kit Off-Grid
,,8,12,kits,BRL,Neosolar,NEO-22675,,,,,1,Kit Energia Solar Off Grid s/ Inversor - 1.38kWp 440Ah 48V Chumbo (22675),,,460,3,1.38,1380,0,,,draft,Solar Kit|Neosolar,8,1,3,0,Solar Kit Off-Grid
,,2,12,kits,BRL,Neosolar,NEO-22671,,,,,1,Kit Energia Solar Off Grid s/ Inversor - 330Wp 440Ah 12V Chumbo (22671),,,330,1,0.33,330,0,,,draft,Solar Kit|Neosolar,2,1,1,0,Solar Kit Off-Grid
,,3,48,kits,BRL,Neosolar,NEO-22689,,,,,1,Kit Energia Solar Off Grid s/ Inversor - 2.32kWp 300Ah 48V Lítio (22689),,,580,4,2.32,2320,0,,,draft,Solar Kit|Neosolar,3,1,4,0,Solar Kit Off-Grid
,,2,48,kits,BRL,Neosolar,NEO-22685,,,,,1,Kit Energia Solar Off Grid s/ Inversor - 1.38kWp 200Ah 48V Lítio (22685),,,460,3,1.38,1380,0,,,draft,Solar Kit|Neosolar,2,1,3,0,Solar Kit Off-Grid
,,1,48,kits,BRL,Neosolar,NEO-22684,,,,,1,Kit Energia Solar Off Grid s/ Inversor - 1.38kWp 100Ah 48V Lítio (22684),,,460,3,1.38,1380,0,,,draft,Solar Kit|Neosolar,1,1,3,0,Solar Kit Off-Grid
,,1,48,kits,BRL,Neosolar,NEO-22692,,,,,1,Kit Energia Solar Off Grid s/ Inversor - 1.16kWp 100Ah 48V Lítio (22692),,,580,2,1.16,1160,0,,,draft,Solar Kit|Neosolar,1,1,2,0,Solar Kit Off-Grid
,,8,12,kits,BRL,Neosolar,NEO-22677,,,,,1,Kit Energia Solar Off Grid s/ Inversor - 1.16kWp 440Ah 48V Chumbo (22677),,,580,2,1.16,1160,0,,,draft,Solar Kit|Neosolar,8,1,2,0,Solar Kit Off-Grid
,,4,12,kits,BRL,Neosolar,NEO-22676,,,,,1,Kit Energia Solar Off Grid s/ Inversor - 1.16kWp 220Ah 48V Chumbo (22676),,,580,2,1.16,1160,0,,,draft,Solar Kit|Neosolar,4,1,2,0,Solar Kit Off-Grid
,,3,12,kits,BRL,Neosolar,NEO-22679,,,,,1,Kit Energia Solar Off Grid s/ Inversor - 580Wp 660Ah 12V Chumbo (22679),,,580,1,0.58,580,0,,,draft,Solar Kit|Neosolar,3,1,1,0,Solar Kit Off-Grid
,,2,12,kits,BRL,Neosolar,NEO-22663,,,,,1,Kit Energia Solar Off Grid s/ Inversor - 580Wp 440Ah 12V Chumbo (22663),,,580,1,0.58,580,0,,,draft,Solar Kit|Neosolar,2,1,1,0,Solar Kit Off-Grid
,,4,12,kits,BRL,Neosolar,NEO-26689,,,,,,"Kit de Energia Solar c/ Inv-car - 2,48kWp 220Ah 48/220V",,,620,4,48.0,2480,0,,,draft,Solar Kit|Neosolar,4,0,4,0,Solar Kit Off-Grid
,,16,12,kits,BRL,Neosolar,NEO-26693,,,,,,"Kit de Energia Solar c/ Inv-car - 3,72kWp 220Ah 48/220V",,,620,6,72.0,3720,0,,,draft,Solar Kit|Neosolar,16,0,6,0,Solar Kit Off-Grid
,,12,12,kits,BRL,Neosolar,NEO-26692,,,,,,"Kit de Energia Solar c/ Inv-car - 3,10kWp 220Ah 48/220V",,,620,5,10.0,3100,0,,,draft,Solar Kit|Neosolar,12,0,5,0,Solar Kit Off-Grid
,,8,12,kits,BRL,Neosolar,NEO-26690,,,,,,"Kit de Energia Solar c/ Inv-car - 3,72kWp 220Ah 48/220V",,,620,6,72.0,3720,0,,,draft,Solar Kit|Neosolar,8,0,6,0,Solar Kit Off-Grid
,,8,12,kits,BRL,Neosolar,NEO-26691,,,,,,"Kit de Energia Solar c/ Inv-car - 1,86kWp 220Ah 48/220V",,,620,3,86.0,1860,0,,,draft,Solar Kit|Neosolar,8,0,3,0,Solar Kit Off-Grid
